variant,time_s,soc_experiment,soc_model_average,soc_model_surface,voltage_sim_V,voltage_exp_V
A5_geom_only,0.0,0.0,0.0015151515151514,0.0015151515151514002,1.3722294052556052,3.0160996914
A5_geom_only,70.02000000000044,0.00043325185932337537,0.0017090966010200102,0.0017775317021568628,1.3231537956959951,1.2847762108
A5_geom_only,150.02000000000044,0.0009283376149395181,0.002145895648752922,0.0022212269025439924,1.2555723673737365,1.1034879684
A5_geom_only,230.02000000000044,0.0014234191519774933,0.002582700510999122,0.0026583964789302227,1.1973218702181785,0.9563981891
A5_geom_only,310.02000000000044,0.001918497900463798,0.0030195047845889378,0.0030955705347464196,1.146170378986288,0.8753169775
A5_geom_only,390.02000000000044,0.00241358422809054,0.003456306842118946,0.003532745323817351,1.1011028561812086,0.8065068722
A5_geom_only,470.02000000000044,0.002908668196173561,0.003893111423024173,0.003969924778016581,1.0612453688086585,0.7577255964
A5_geom_only,550.0200000000004,0.0034037521642565818,0.00432991499440559,0.004407103739522232,1.0258502956358078,0.7269951701
A5_geom_only,630.0200000000004,0.0038988282671938673,0.00476671452846893,0.004844280681211058,0.994278380514367,0.7066518068
A5_geom_only,710.0200000000004,0.0043939065866722225,0.005203512548596702,0.005281458465727744,0.9659838331802318,0.6915127039
A5_geom_only,790.0200000000004,0.0048889864076784,0.005640316120402377,0.005718645514595888,0.9405008666164055,0.6789465547
A5_geom_only,870.0200000000004,0.005384066514689878,0.006077118682177887,0.006155829604963502,0.9174337026915735,0.6677412391
A5_geom_only,960.0200000000004,0.005941030446368264,0.006568515913307923,0.006647660777185495,0.8939512711359607,0.6559622288
A5_geom_only,1040.0200000000004,0.006436111768902266,0.007005310905153564,0.007084841929074014,0.8749560551692377,0.6461623907
A5_geom_only,1120.0200000000004,0.006931190517388571,0.0074421018599000535,0.0075220220579867835,0.8574760205336632,0.6363824606
A5_geom_only,1200.0200000000004,0.007426272983943769,0.007878891805235794,0.007959202878815026,0.8413057589573287,0.6270896792
A5_geom_only,1280.0200000000004,0.007921352232939348,0.008315682255411546,0.008396386895916014,0.8262700273598299,0.6179020405
A5_geom_only,1360.0200000000004,0.008416429694401805,0.008752474219498218,0.008833573983337261,0.812219510314879,0.6095260382
A5_geom_only,1440.0200000000004,0.008911510587927857,0.009189273576435848,0.00927077233451451,0.799026483128734,0.6001324654
A5_geom_only,1520.0200000000004,0.009406593340488354,0.009626073614931802,0.00970796997834986,0.7865826987375837,0.5915697217
A5_geom_only,1600.0200000000004,0.009901677809080656,0.010062875672912306,0.010145174734877905,0.7747949247554774,0.5834258199
A5_geom_only,1680.0200000000004,0.010396763564696803,0.010499679748737332,0.010582380379215583,0.7635841813963559,0.5752137303
A5_geom_only,1760.0200000000004,0.010891845888249355,0.010936473730964727,0.01101957676596077,0.7528828606071984,0.5676487684
A5_geom_only,1840.0200000000004,0.011386927282284683,0.01137326519071009,0.011456775854353595,0.7426326059210067,0.5585923791
A5_geom_only,1930.0200000000004,0.011943896290557138,0.011864660692424341,0.01194863165173339,0.7315787925215734,0.5493432879
A5_geom_only,2010.0200000000004,0.012438976397568613,0.012301457198490597,0.012385838813210481,0.7221313301984017,0.5420066118
A5_geom_only,2090.0200000000004,0.012934057720102612,0.012738255218831443,0.012823050325777248,0.7130022929243647,0.5342252254
A5_geom_only,2170.0200000000004,0.013429141187676361,0.013175057276541197,0.013260267976586523,0.7041610030323422,0.5302929878
A5_geom_only,2250.0200000000004,0.013924226585785885,0.01361186185743752,0.013697489622395063,0.6955811660245919,0.5199002624
A5_geom_only,2330.0200000000004,0.01441931291341263,0.014048664924028434,0.01413471081070986,0.6872401946299872,0.5121892095
A5_geom_only,2410.0200000000004,0.014914394521951934,0.014485462943787001,0.014571928510473349,0.6791185797388893,0.5051593781
A5_geom_only,2490.0200000000004,0.015409477417515085,0.014922261973764131,0.015009151763081967,0.6711992173696153,0.4996780455
A5_geom_only,2570.0200000000004,0.015904562243614,0.015359059488498247,0.015446372344272492,0.6634677543491637,0.4959340394
A5_geom_only,2650.0200000000004,0.01639964277963343,0.015795850947847797,0.015883590361164174,0.6559114191900891,0.4867072403
A5_geom_only,2730.0200000000004,0.01689472331565286,0.01623265048316259,0.016320822056420388,0.6485188947500254,0.4815661311
A5_geom_only,2810.0200000000004,0.017389810286791523,0.016669457991011504,0.016758060853722202,0.6412808076104449,0.476505816
A5_geom_only,2900.0200000000004,0.01794677729302688,0.0171608591693695,0.017249947227132797,0.6333123626478572,0.4692625701
A5_geom_only,2980.0200000000004,0.01844185446848404,0.017597653151983843,0.01768717616068919,0.626376113249882,0.4660723209
A5_geom_only,3060.0200000000004,0.01893693557651406,0.018034446630159517,0.018124407436563624,0.6195712763585333,0.460134387
A5_geom_only,3140.0200000000004,0.0194320123944646,0.01847124515568769,0.018561647442528383,0.6128920808857574,0.4541868269
A5_geom_only,3220.0200000000004,0.019927094217507872,0.018908041660718262,0.018998883566089992,0.6063337770415173,0.447776705
A5_geom_only,3300.0200000000004,0.02042217167897033,0.01934483968222404,0.019436128350870864,0.5998915362824707,0.4395098388
A5_geom_only,3380.0200000000004,0.02091725621906395,0.019781639215209264,0.019873371943159995,0.5935616429932512,0.4424072802
A5_geom_only,3460.0200000000004,0.02141233961513637,0.02021843673148851,0.020310619183688466,0.5873402462382953,0.4307900965
A5_geom_only,3540.0200000000004,0.021907424798741918,0.02065523273180873,0.020747863581033303,0.5812242656361041,0.4274761081
A5_geom_only,3620.0200000000004,0.022402503690230873,0.021092022677215036,0.02118510587199838,0.5752105936756197,0.4299539924
A5_geom_only,3700.0200000000004,0.022897589517348344,0.021528819184624362,0.021622359751637843,0.5692962930901437,0.4335489273
A5_geom_only,3780.0200000000004,0.023392671125887637,0.02196562427054202,0.022059622970525848,0.5634789291203744,0.4246298075
A5_geom_only,3870.0200000000004,0.02394963748861107,0.02245702601643175,0.022551539412392588,0.5570475754407775,0.415821135
A5_geom_only,3950.0200000000004,0.024444719669160963,0.02289382403699242,0.02298879970601192,0.5514288705010582,0.4138354063
A5_geom_only,4030.0200000000004,0.02493980106319629,0.02333062861882814,0.023426070151631458,0.5459002482784407,0.4058539569
A5_geom_only,4110.02,0.025434880669698498,0.02376743649136929,0.023863344083000722,0.54045993597716,0.4021841586
A5_geom_only,4190.02,0.025929960490704673,0.02420423400463048,0.024300606171950005,0.5351063388927694,0.3968651593
A5_geom_only,4270.02,0.02642503616463401,0.02464102647445005,0.02473787064257805,0.5298374576651006,0.3929478228
A5_geom_only,4350.02,0.026920115628133564,0.02507782752356315,0.025175146542260968,0.5246516398255126,0.3930775225
A5_geom_only,4430.02,0.027415198237691417,0.02551462857072636,0.025612421418740268,0.5195475225978221,0.3905410767
A5_geom_only,4510.02,0.027910277558188323,0.02595142154314749,0.026049690077004067,0.5145236356727005,0.3877637386
A5_geom_only,4590.02,0.0284053576651998,0.0263882119936073,0.026486960761640827,0.5095784249702943,0.383942008
A5_geom_only,4670.02,0.028900437915213927,0.02682501052010285,0.026924244184703475,0.5047103967015774,0.3803055882
A5_geom_only,4750.02,0.02939551837973203,0.027261811567184033,0.02736152842026781,0.49991843047775913,0.3777624667
A5_geom_only,4840.02,0.02995248374143691,0.027753211043719535,0.027853476511560834,0.49461665673703153,0.3746826947
A5_geom_only,4920.02,0.030447564563461635,0.028190009567541505,0.028290763179992216,0.48998195814358714,0.3693726361
A5_geom_only,5000.02,0.030942645528489007,0.0286268080933353,0.028728054753744205,0.48541927653216255,0.3649638593
A5_geom_only,5080.02,0.031437728567054804,0.029063605102671367,0.02916534405438663,0.4809275777649562,0.3630107641
A5_geom_only,5160.02,0.03193280745854376,0.029500397066758045,0.0296026322557875,0.47650562778006833,0.3610332012
A5_geom_only,5240.02,0.032427887780059214,0.029937195088697466,0.030039931758442225,0.472152170307734,0.3588910401
A5_geom_only,5320.02,0.03292296867358526,0.030373996843487322,0.030477234365479465,0.4678662529607612,0.3554525375
A5_geom_only,5400.02,0.03341805414319611,0.030810789814718176,0.03091452795135731,0.46364689811190957,0.3534475565
A5_geom_only,5480.02,0.033913133249189036,0.031247583295212752,0.03135183040133456,0.45949278378453257,0.3494427502
A5_geom_only,5560.02,0.03440821085365414,0.031684376266034285,0.03178912899641379,0.4554031350018137,0.3471724391
A5_geom_only,5640.02,0.034903289888145755,0.03212116722277108,0.03222643308063074,0.4513767106129557,0.3433952034
A5_geom_only,5720.02,0.03539836935164531,0.032557959185168815,0.03266373675680969,0.4474126835890754,0.3400389552
A5_geom_only,5810.02,0.03595533521385946,0.03304935582545381,0.03315571811507174,0.4430262518677822,0.338234812
A5_geom_only,5890.02,0.03645042025446235,0.03348615485211497,0.03359303298780858,0.43919139056573947,0.3365240991
A5_geom_only,5970.02,0.03694549742991952,0.03392294378746693,0.0340303417839633,0.435415895885123,0.3331693709
A5_geom_only,6050.02,0.037440575606395216,0.03435973070485269,0.034467652351375916,0.4316987906634376,0.3297998011
A5_geom_only,6130.02,0.03793565313935901,0.034796525195062517,0.03490497643887433,0.42803904263869563,0.3266347945
A5_geom_only,6210.02,0.03843073453339433,0.03523332270882798,0.03534230122387644,0.4244359528161134,0.3239567876
A5_geom_only,6290.02,0.03892581313887799,0.03567011164336418,0.03577961941034582,0.42088864332912823,0.3232185543
A5_geom_only,6370.02,0.0394208924593749,0.03610690361017365,0.03621694817190359,0.41739606318641714,0.3189780712
A5_geom_only,6450.02,0.03991597399641287,0.03654369708609542,0.03665427608071076,0.4139575561253765,0.316241473
A5_geom_only,6530.02,0.04041104902683028,0.03698048905179042,0.03709160851976136,0.4105721457147363,0.3133685291
A5_geom_only,6610.02,0.04090612670279672,0.0374172844335153,0.03752894558011331,0.40723906869111137,0.3131750822
A5_geom_only,6690.02,0.04140120573728834,0.03785408144513373,0.03796628768396029,0.4039574812247144,0.3098351657
A5_geom_only,6780.02,0.0419581684534442,0.03834548035328517,0.03845830216527932,0.40032628200134074,0.3058644831
A5_geom_only,6860.02,0.042453248917962316,0.0387822783729831,0.03889564946670804,0.3971515533190819,0.3031086624
A5_geom_only,6940.02,0.0429483287389685,0.03921907285932838,0.039332995165219875,0.39402592691061095,0.3010717928
A5_geom_only,7020.02,0.04344340805946541,0.03965586583319894,0.039770343515691156,0.3909485910144979,0.2981158495
A5_geom_only,7100.02,0.043938486021437136,0.040092658301279636,0.04020769309632489,0.3879188330959961,0.2955090106
A5_geom_only,7180.02,0.04443356412641152,0.04052945279033164,0.04064504953255564,0.384935847296552,0.2933869064
A5_geom_only,7260.02,0.04492864101586339,0.0409662518202684,0.04108241239319409,0.3819989447344728,0.2908712327
A5_geom_only,7340.02,0.04542371904933645,0.04140304781981062,0.04151977237385382,0.37910748458394833,0.288841784
A5_geom_only,7420.02,0.045918796868305536,0.0418398382691612,0.04195713033597938,0.37626072635762137,0.2862690091
A5_geom_only,7500.02,0.046413871183709696,0.042276629224890706,0.04239449338074485,0.37345792833611746,0.2840580046
A5_geom_only,7580.02,0.04690894950318805,0.042713426237675066,0.04283186643390264,0.3706983862248133,0.2816505134
A5_geom_only,7660.02,0.047404026964650514,0.043150224256282024,0.04326924003555288,0.3679815271392542,0.2792956829
A5_geom_only,7750.02,0.04796099218335275,0.04364161578247223,0.04376128222359579,0.3649752436417738,0.2768712044
A5_geom_only,7830.02,0.04845606857229534,0.044078407242674304,0.044198656862061904,0.3623468280759875,0.27456972
A5_geom_only,7910.02,0.04895114574775249,0.04451520021610116,0.04463603538886515,0.3597590240073373,0.2723698318
A5_geom_only,7990.02,0.049446222065193765,0.044951995209287686,0.045073419524699856,0.3572111795575622,0.2701669633
A5_geom_only,8070.02,0.04994129966965888,0.04538879020029943,0.04551080471762078,0.3547027268097223,0.2680715322
A5_geom_only,8150.02,0.050436378775651804,0.045825582668778224,0.045948190625471036,0.35223303630494107,0.2658597529
A5_geom_only,8230.02,0.05093145680912485,0.046262376652673555,0.046385582258262545,0.34980147643539966,0.263741374
A5_geom_only,8310.02,0.051426533841579365,0.04669917265412096,0.046822978004809085,0.3474074841718129,0.2615422308
A5_geom_only,8390.02,0.05192161187505242,0.04713596562580542,0.04726037185814255,0.3450505145669418,0.2594149411
A5_geom_only,8470.02,0.0524166919820639,0.04757275809603528,0.04769777063013371,0.34272992510228,0.2573499084
A5_geom_only,8550.02,0.05291177008703828,0.04800955157323562,0.048135171765595015,0.3404452032254523,0.2552523017
A5_geom_only,8630.02,0.05340684704799147,0.048446347072134986,0.04857257999422762,0.33819573499290956,0.2532302737
A5_geom_only,8720.02,0.0539638053310652,0.04893773916390854,0.04906466027650164,0.3357066678409832,0.2509302795
A5_geom_only,8800.02,0.054458882077514405,0.049374531131118796,0.04950207163721618,0.3335304073521936,0.2489297837
A5_geom_only,8880.02,0.05495395939597421,0.0498113210720908,0.04993947873660373,0.3313878432582719,0.2469040602
A5_geom_only,8960.02,0.055449040217998936,0.050248111526984676,0.050376895619421116,0.32927828504966733,0.2449613661
A5_geom_only,9040.02,0.05594411560592297,0.050684903992159795,0.050814312175631295,0.32720137453779213,0.2429934293
A5_geom_only,9120.02,0.05643918956382051,0.05112169444454687,0.05125173309598302,0.3251565011760919,0.2410981804
A5_geom_only,9200.02,0.05693427052884788,0.051558487809277735,0.051689158786957096,0.32314321613482794,0.2391902655
A5_geom_only,9280.02,0.0574293415551911,0.05199528482277858,0.05212659302659005,0.32116098178465763,0.2373105735
A5_geom_only,9360.02,0.05792441966016548,0.05243208400940276,0.05256403010467334,0.3192093807127072,0.2354656905
A5_geom_only,9440.02,0.0584194996241743,0.05286888455462272,0.053001473106832904,0.317287889775447,0.2336304635
A5_geom_only,9520.02,0.058914577514644705,0.05330568459131291,0.053438916210934176,0.31539610325947953,0.2317967117
A5_geom_only,9610.02,0.059471539301283356,0.05379708066037292,0.0539310403152705,0.31330273955087945,0.2297724634
A5_geom_only,9690.02,0.059966614260199454,0.0542338721165226,0.05436848028302846,0.31147253177216006,0.2279587239
A5_geom_only,9770.02,0.06046169157865926,0.0546706640842868,0.05480592848615393,0.30967052469539647,0.2262354195
A5_geom_only,9850.02,0.06095676932612702,0.05510745857704981,0.05524337960807492,0.3078963637485035,0.2244735509
A5_geom_only,9930.02,0.061451844499547076,0.05554425054038185,0.05568083105765688,0.30614959865554964,0.222746551
A5_geom_only,10010.02,0.0619469213174976,0.05598104099007781,0.05611828457679058,0.3044297995705705,0.2210210115
A5_geom_only,10090.02,0.06244199513239249,0.05641782942032298,0.05655573872826079,0.30273655942961036,0.2193280905
A5_geom_only,10170.02,0.06293707159283639,0.056854617347822566,0.056993196795233514,0.3010694412524883,0.2176359147
A5_geom_only,10250.02,0.06343214841078691,0.057291407799069105,0.057430661128287645,0.2994280386397872,0.2159933895
A5_geom_only,10330.02,0.06392722444222287,0.057728203803663065,0.0578681356387974,0.297811931763659,0.2143694013
A5_geom_only,10410.02,0.06442230154617873,0.05816500030700425,0.058305610029531586,0.2962208021859022,0.2127691358
A5_geom_only,10490.02,0.06491737800662263,0.05860179429057121,0.05874308678071994,0.2946542107078051,0.2111510783
A5_geom_only,10580.02,0.06547434108028513,0.05909318581604828,0.059235248860379425,0.29292069152561406,0.2093677372
A5_geom_only,10660.02,0.06596941518118532,0.05952998131730455,0.059672736719608724,0.2914049834817641,0.2078215778
A5_geom_only,10740.02,0.0664644952881968,0.05996678052170873,0.0601102285651471,0.2899126788463738,0.2062642872
A5_geom_only,10820.02,0.0669595731786672,0.06040358056217326,0.060547725645899865,0.28844337354036775,0.2047426105
A5_geom_only,10900.02,0.06745464956760977,0.060840383124749486,0.06098522818933327,0.2869967276657074,0.2032364756
A5_geom_only,10980.02,0.0679497303896345,0.06127718164575678,0.0614227269843035,0.2855724318698538,0.2017206997
A5_geom_only,11060.02,0.06844480920962215,0.061713982193932634,0.06186023684467322,0.2841700355570994,0.200270161
A5_geom_only,11140.02,0.06893988895912699,0.062150786267896586,0.062297749461994574,0.28278929682594234,0.198815167
A5_geom_only,11220.019999999997,0.06943496499056293,0.06258758428578257,0.0627352582252636,0.2814298669182771,0.1973898262
A5_geom_only,11300.019999999997,0.06993004280953201,0.06302437473244102,0.0631727619756436,0.280091422979236,0.1959792972
A5_geom_only,11380.019999999997,0.07042511876946664,0.0634611651859906,0.06361027414252488,0.27877356185667257,0.1946214139
A5_geom_only,11460.019999999997,0.07092019501540658,0.06389795837550745,0.06404779008151798,0.2774760295043204,0.1933761835
A5_geom_only,11550.019999999997,0.07147715336998163,0.06438935558511888,0.06454000784818927,0.27604013997399196,0.1919241548
A5_geom_only,11630.019999999997,0.07197222947291891,0.06482615685865382,0.06497753926745681,0.2747846997219661,0.1906374246
A5_geom_only,11710.019999999997,0.07246730536135224,0.06526294780600203,0.06541505851174412,0.2735486685601147,0.1893499494
A5_geom_only,11790.019999999997,0.0729623793192498,0.06569973220212293,0.06585258059921215,0.27233163730987187,0.1881314069
A5_geom_only,11870.019999999997,0.07345745485017648,0.06613652669590786,0.06629012069964463,0.2711332911043923,0.1869588345
A5_geom_only,11950.019999999997,0.07395253173962833,0.06657331865141035,0.06672765192101036,0.26995348878715536,0.1857365668
A5_geom_only,12030.019999999997,0.07444760433900069,0.06701010254251669,0.06716518356519693,0.26879181694509147,0.184568435
A5_geom_only,12110.019999999997,0.07494268222947112,0.06744689451189927,0.06760273083251545,0.26764798052167627,0.1834440231
A5_geom_only,12190.019999999997,0.07543776083495476,0.0678836913562213,0.06804028280809143,0.26652176775224523,0.1823107153
A5_geom_only,12270.019999999997,0.07593283836791855,0.06832048584229836,0.06847783475236538,0.26541289466198664,0.1811981797
A5_geom_only,12350.019999999997,0.07642791482836246,0.06875727780546628,0.06891538806254084,0.2643210842009123,0.1800811738
A5_geom_only,12430.019999999997,0.07692299014478518,0.06919406876021278,0.06935294464071039,0.2632460641524552,0.1790071577
A5_geom_only,12520.019999999997,0.07747995035839465,0.06968545801607887,0.06984519938630128,0.262056417212186,0.177804932
A5_geom_only,12600.019999999997,0.07797502281476436,0.07012224493059578,0.07028275785571983,0.26101624210176677,0.1767464876
A5_geom_only,12680.019999999997,0.07847009956121359,0.07055903387150333,0.0707203266213009,0.2599920131120852,0.1757369787
A5_geom_only,12760.019999999997,0.0789651734476098,0.0709958308852316,0.07115790699894617,0.25898351196556263,0.1747266948
A5_geom_only,12840.019999999997,0.07946024747700864,0.07143262890337508,0.07159548868060059,0.2579905270999998,0.1737149507
A5_geom_only,12920.019999999997,0.0799553223644234,0.07186941985310102,0.0720330644518724,0.2570128258328197,0.172698766
A5_geom_only,13000.019999999997,0.08045039374827324,0.0723062042456122,0.07247063917188458,0.2560501371236396,0.1717277765
A5_geom_only,13080.019999999997,0.08094547056622378,0.07274299470339893,0.07290822986748113,0.2551021715778989,0.1707827449
A5_geom_only,13160.019999999997,0.08144054938621142,0.07317978986278513,0.07334582395944446,0.25416878859117664,0.1698302925
A5_geom_only,13240.019999999997,0.0819356271336792,0.073616585867388,0.07378342474580327,0.2532497031824282,0.1689089835
A5_geom_only,13320.019999999997,0.08243070688318406,0.07405338287604815,0.07422102796902047,0.2523447348669281,0.1679757982
A5_geom_only,13400.019999999997,0.08292578563167037,0.07449017382649217,0.07465862692322445,0.2514536668200865,0.167052269
A5_geom_only,13490.019999999997,0.08348274605978384,0.07498156365431721,0.07515093559598018,0.25046749438307186,0.1660494059
A5_geom_only,13570.019999999997,0.08397782094719862,0.07541835258377791,0.07558854020688495,0.24960520978417705,0.1651555151
A5_geom_only,13650.019999999997,0.08447289762214653,0.07585514203174748,0.07602615587162617,0.24875608041501474,0.1642890424
A5_geom_only,13730.019999999997,0.08496797215205466,0.07629193540141488,0.07646377539680735,0.24791998314960317,0.1634144336
A5_geom_only,13810.019999999997,0.08546304582394688,0.07672872484044628,0.07690139409311092,0.2470966907475868,0.1625561118
A5_geom_only,13890.019999999997,0.08595811942433783,0.07716551377766084,0.07733901806189988,0.24628598620736705,0.1617111415
A5_geom_only,13970.019999999997,0.08645319545577379,0.07760230675456864,0.07777665170423878,0.24548766578839917,0.16090101
A5_geom_only,14050.019999999997,0.08694827270273228,0.07803910427178454,0.07821429316728698,0.24470154993514237,0.1600997597
A5_geom_only,14130.019999999997,0.08744335388226364,0.07847590026967995,0.07865193387100522,0.2439274719494229,0.1592903733
A5_geom_only,14210.019999999997,0.08793842984219827,0.07891269273783877,0.0790895760067129,0.24316521666336072,0.1584654003
A5_geom_only,14290.019999999997,0.08843350272757594,0.07934948065973367,0.07952721563671517,0.24241462382530496,0.1576715708
A5_geom_only,14370.019999999997,0.08892857804399866,0.07978626555965873,0.07996485905951572,0.24167547243999488,0.1568799764
A5_geom_only,14460.019999999997,0.0894855343250353,0.08027764970621,0.08045721398758227,0.24085739893034325,0.1560157388
A5_geom_only,14540.019999999997,0.08998061085698052,0.08071444521481387,0.08089488304134576,0.24014194414222867,0.1552975029
A5_geom_only,14620.019999999997,0.09047569139299995,0.08115124069965252,0.08133254477336493,0.23943747090163597,0.1544984728
A5_geom_only,14700.019999999997,0.09097077021298758,0.0815880341872642,0.08177021714810292,0.23874366508095982,0.1538024843
A5_geom_only,14780.019999999997,0.09146584595841822,0.08202483018230916,0.08220789037100912,0.23806046570037517,0.1530390531
A5_geom_only,14860.019999999997,0.0919609192013025,0.08246161759984162,0.08264555809598183,0.2373876715986994,0.1522867233
A5_geom_only,14940.019999999997,0.09245599222968283,0.0828984004785623,0.08308322739993221,0.23672510423787746,0.1515655369
A5_geom_only,15020.019999999997,0.09295106726010025,0.0833351833599036,0.08352090266499052,0.2360725968979566,0.1508480608
A5_geom_only,15100.019999999997,0.09344614450705872,0.08377197179727643,0.08395859046276835,0.2354299762868753,0.1501453966
A5_geom_only,15180.019999999997,0.09394121989498277,0.08420876423577574,0.0843962836350951,0.23479712278674386,0.1494471729
A5_geom_only,15260.019999999997,0.09443629606942139,0.08464555417847812,0.08483397655766771,0.23417387904027173,0.1487496942
A5_geom_only,15340.019999999997,0.09493136924080434,0.0850823441266123,0.08527167634097935,0.2335600657245696,0.1480485201
A5_geom_only,15430.019999999997,0.09548833052693372,0.08557374190660426,0.08576410630631474,0.23288060201388214,0.1473132521
A5_geom_only,15510.019999999997,0.09598341142045974,0.08601054491071712,0.08620182747313168,0.23228636070662617,0.1466513425
A5_geom_only,15590.019999999997,0.09647848509235198,0.08644733635542069,0.0866395334076977,0.23170116049744127,0.1459494382
A5_geom_only,15670.019999999997,0.09697356191030254,0.08688412176515613,0.08707724667846262,0.23112475263637658,0.1452942044
A5_geom_only,15750.019999999997,0.097468630791606,0.08732090968903142,0.08751496480511285,0.23055706560575354,0.1446426958
A5_geom_only,15830.019999999997,0.09796370646553536,0.0877576940809107,0.08795268294683493,0.22999794542527294,0.1440030336
A5_geom_only,15910.019999999997,0.0984587807094382,0.08819448150948886,0.08839041294831657,0.22944722370737192,0.1433959752
A5_geom_only,15990.019999999997,0.09895385802789802,0.08863127145197233,0.08882814625618145,0.22890481486174014,0.1427622586
A5_geom_only,16070.019999999997,0.09944892976925447,0.08906806746520764,0.0892658961864505,0.22837051999819638,0.1421796679
A5_geom_only,16150.019999999997,0.0999440042276613,0.08950486850889941,0.08970364942677014,0.22784428874423715,0.1415652186
A5_geom_only,16230.019999999997,0.10043907890057208,0.0899416599585815,0.09014139289643636,0.22732598490078434,0.1409507543
A5_geom_only,16310.019999999997,0.10093415607602924,0.09037845294408683,0.09057915239912918,0.22681539677464957,0.140399307
A5_geom_only,16400.019999999997,0.10149112200974472,0.09086985233189647,0.09107163972031884,0.22625015000516,0.1397537142
A5_geom_only,16480.019999999997,0.10198619275008268,0.09130665136286366,0.09150941061046289,0.2257556868133687,0.1391770691
A5_geom_only,16560.019999999997,0.10248127085505704,0.09174344382028621,0.09194717364386698,0.22526865189191334,0.1385855824
A5_geom_only,16640.019999999997,0.10297634445544798,0.09218022972985515,0.09238493936733125,0.2247888629616667,0.1380459964
A5_geom_only,16720.019999999997,0.10347141769833226,0.09261701614180308,0.09282271069224995,0.22431622936992587,0.1375041604
A5_geom_only,16800.019999999997,0.10396649437328014,0.09305380760973228,0.09326049593694832,0.22385060429925788,0.1370016336
A5_geom_only,16880.019999999997,0.10446157247825452,0.09349060714777023,0.09369829284491746,0.2233919034007152,0.1364887208
A5_geom_only,16960.019999999997,0.10495664972521301,0.09392740768889003,0.09413609179572621,0.22294002743815255,0.1359720975
A5_geom_only,17040.019999999997,0.105451725542145,0.09436419913642125,0.09457388089967828,0.2224948834608985,0.135453254
A5_geom_only,17120.019999999997,0.10594680293210613,0.0948009906078175,0.09501168494605994,0.22205627484416818,0.1349870414
A5_geom_only,17200.019999999997,0.10644188103708052,0.09523778306611047,0.09544948700355582,0.22162419706818598,0.1344741136
A5_geom_only,17280.019999999997,0.10693695742602312,0.09567456846867473,0.09588728846289199,0.2211984833799102,0.134008646
A5_geom_only,17370.019999999997,0.10749391949866706,0.09616595204822866,0.09637982298798742,0.22072704231686963,0.1334846169
A5_geom_only,17450.019999999997,0.10798899023900499,0.09660273896726398,0.09681763867155538,0.22031452588011718,0.1330413818
A5_geom_only,17530.019999999997,0.10848406855848336,0.09703952790499254,0.09725546129687496,0.21990806294100776,0.1326144487
A5_geom_only,17610.019999999997,0.1089791448759246,0.09747631785039884,0.09769328897318671,0.21950755851902654,0.1321778744
A5_geom_only,17690.019999999997,0.10947421940583274,0.09791310425720534,0.09813111496885576,0.21911292766670337,0.1317494661
A5_geom_only,17770.019999999997,0.10996929593777796,0.09834989168691767,0.09856895238444952,0.2187240280950751,0.1313306838
A5_geom_only,17850.019999999997,0.1104643727557285,0.09878668302232127,0.0990067964179974,0.2183408067691765,0.1309282035
A5_geom_only,17930.019999999997,0.11095944707113269,0.09922347195493193,0.0994446406195201,0.21796316492187282,0.1305190623
A5_geom_only,18010.019999999997,0.1114545226735607,0.0996602639277238,0.0998824980490246,0.21759097388921766,0.1301544011
A5_geom_only,18090.019999999997,0.11194960213706023,0.10009705689413327,0.10032035579257734,0.21722419978940163,0.1297519207
A5_geom_only,18170.019999999997,0.11244468124305318,0.10053385240240117,0.10075822747365484,0.21686268456932692,0.1293887347
A5_geom_only,18250.019999999997,0.11293975941952888,0.10097065445988966,0.10119610786867039,0.21650639320932624,0.1290403754
A5_geom_only,18340.019999999997,0.11349672385171658,0.1014620567745642,0.10168872764648468,0.2161116830186099,0.1286149174
A5_geom_only,18420.019999999997,0.11399180288620817,0.10189885680975219,0.1021266135746629,0.2157661792868438,0.1282502413
A5_geom_only,18500.019999999997,0.11448688091968123,0.10233565078522397,0.10256449636433178,0.21542562589737935,0.1278996617
A5_geom_only,18580.019999999997,0.11498195523508538,0.10277244679769723,0.1030023939565893,0.21508989063678843,0.1275735199
A5_geom_only,18660.019999999997,0.11547703298255316,0.10320924988429367,0.10344030204029933,0.21475893758464024,0.1272599995
A5_geom_only,18740.019999999997,0.11597211008650897,0.10364604435401024,0.10387819677379001,0.21443271875823355,0.1268871725
A5_geom_only,18820.019999999997,0.11646718254287866,0.10408283633125279,0.10431610521418275,0.21411105618636642,0.126609236
A5_geom_only,18900.019999999997,0.11696225864581593,0.10451963283263671,0.10475401944522714,0.2137939510375099,0.1262756735
A5_geom_only,18980.019999999997,0.1174573341767426,0.10495642630977989,0.1051919352478572,0.21348129530075205,0.1259747595
A5_geom_only,19060.019999999997,0.11795240920716003,0.10539321726068282,0.10562985290971762,0.21317302160635118,0.1256619692
A5_geom_only,19140.019999999997,0.11844748087701515,0.10583000670238708,0.10606777600718953,0.21286904002152335,0.1253736466
A5_geom_only,19230.019999999997,0.11900443823057166,0.10632140278316135,0.10656045961152198,0.21253208031642148,0.1250756681
A5_geom_only,19310.019999999997,0.1194995208401295,0.10675820382737655,0.10699840544618726,0.21223698680519565,0.1247843876
A5_geom_only,19390.019999999997,0.11999459136596345,0.10719499426061406,0.10743633844075429,0.21194599234078107,0.1244716123
A5_geom_only,19470.019999999997,0.12048966689689013,0.10763177764830276,0.10787427642636493,0.21165896634157916,0.1241951361
A5_geom_only,19550.019999999997,0.12098474357183801,0.1080685660867351,0.10831222908027116,0.21137585443193166,0.1239386722
A5_geom_only,19630.019999999997,0.12147981988927928,0.10850535906218699,0.10875019012659705,0.21109660364002358,0.1237014905
A5_geom_only,19710.019999999997,0.12197489656422715,0.10894215557340392,0.10918816077973209,0.210821133056422,0.1234472618
A5_geom_only,19790.019999999997,0.12246997617072934,0.1093789505572928,0.10962613010315272,0.21054940396594243,0.1231848821
A5_geom_only,19870.019999999997,0.1229650539181971,0.10981573645499074,0.1100640931237975,0.21028133659420947,0.1229113862
A5_geom_only,19950.019999999997,0.1234601295206251,0.11025252743058322,0.11050207939078824,0.21001680189105618,0.1227156892
A5_geom_only,20030.019999999997,0.12395520390753058,0.11068932695290738,0.11094007382079027,0.20975581808593383,0.1224792525
A5_geom_only,20110.019999999997,0.12445027822293477,0.11112612800739961,0.11137807620813092,0.20949827604936605,0.1222502217
A5_geom_only,20200.019999999997,0.12500723657750978,0.11161752519989779,0.11187082387442028,0.20921262699168386,0.1219752356
A5_geom_only,20280.019999999997,0.12550231117891925,0.11205431615464426,0.11230882397789882,0.20896223434909583,0.1217521355
A5_geom_only,20360.019999999997,0.12599738678134723,0.11249111216690388,0.11274684074471159,0.20871508088315494,0.1215557083
A5_geom_only,20440.019999999997,0.12649246073924478,0.11292790765170334,0.11318485476633393,0.20847115949601316,0.121295549
A5_geom_only,20520.019999999997,0.12698753391062773,0.11336470164324364,0.1136228783987629,0.20823034735806745,0.1211109981
A5_geom_only,20600.019999999997,0.1274826099420637,0.11380150067492047,0.11406091273396396,0.20799261906480127,0.1209138408
A5_geom_only,20680.019999999997,0.1279776873320248,0.11423830121951087,0.11449895304021938,0.20775791145340522,0.1207114831
A5_geom_only,20760.019999999997,0.12847276443598063,0.11467510075028872,0.11493699607080438,0.20752617226462355,0.120498769
A5_geom_only,20840.019999999997,0.12896783996690733,0.11511189725302239,0.11537504117939368,0.20729733886327598,0.120276399
A5_geom_only,20920.019999999997,0.12946292086043337,0.11554869527996546,0.11581309761436814,0.2070713373912773,0.1200955436
A5_geom_only,21000.019999999997,0.12995799446082432,0.11598548621183535,0.11625114225180072,0.20684817184281556,0.1198724434
A5_geom_only,21080.019999999997,0.1304530727803026,0.11642227111975578,0.11668919544973808,0.20662770219362045,0.1196960434
A5_geom_only,21170.019999999997,0.1310100366404797,0.11691366208556224,0.11718202351131898,0.20638287461517923,0.1194914654
A5_geom_only,21250.019999999997,0.13150511567497125,0.1173504560659914,0.117620097554687,0.20616804777076098,0.1192913428
A5_geom_only,21330.019999999997,0.1320001916349059,0.11778725055695966,0.11805817915066058,0.20595578073194337,0.1191238388
A5_geom_only,21410.019999999997,0.13249526680832596,0.1182240435232755,0.11849626170744158,0.205746043234184,0.1189229563
A5_geom_only,21490.019999999997,0.1329903423392527,0.11866083498627215,0.11893435143797429,0.20553875575765257,0.1187465563
A5_geom_only,21570.019999999997,0.13348541636865155,0.11909762795969903,0.11937244863296324,0.2053338832497141,0.1185723767
A5_geom_only,21650.019999999997,0.1339804902550478,0.11953442194488567,0.11981055332356498,0.20513136819346836,0.1184026375
A5_geom_only,21730.019999999997,0.13447556828852084,0.11997121896054552,0.12024866831812728,0.20493115922568353,0.1182395741
A5_geom_only,21810.019999999997,0.13497064675100187,0.12040801697822058,0.12068678788146005,0.20473322030553592,0.1180520579
A5_geom_only,21890.019999999997,0.13546572492747758,0.1208448069063581,0.12112489873429172,0.2045375164339003,0.1178749129
A5_geom_only,21970.019999999997,0.13596080238894004,0.12128159990459071,0.12156303276088923,0.204343922714416,0.1177555695
A5_geom_only,22050.019999999997,0.13645587863487998,0.12171839942999953,0.12200117227316978,0.20415248178584355,0.1175673082
A5_geom_only,22140.019999999997,0.1370128434960756,0.12220979720712702,0.12249408585339265,0.20393956535613436,0.1173960939
A5_geom_only,22220.019999999997,0.1375079211005407,0.12264659623407197,0.12293223762651835,0.20375245799178646,0.1172226444
A5_geom_only,22300.019999999997,0.13800299298489982,0.12308339627795348,0.12337039857875798,0.20356731113237989,0.1170758978
A5_geom_only,22380.019999999997,0.13849807352091922,0.12352019074626264,0.1238085519800579,0.2033841197108092,0.116883181
A5_geom_only,22460.019999999997,0.1389931491233472,0.12395698272317054,0.12424671793417308,0.2032027709588375,0.1167423502
A5_geom_only,22540.019999999997,0.13948822572679379,0.12439377265053059,0.1246848806291232,0.20302329250845377,0.116555579
A5_geom_only,22620.019999999997,0.13998330497578937,0.12483056210811455,0.1251230582784063,0.20284556431248754,0.1164184436
A5_geom_only,22700.019999999997,0.14047838536880614,0.12526735557969698,0.12556124204478403,0.20266960657479052,0.1162716821
A5_geom_only,22780.019999999997,0.14097346504680972,0.12570415311218303,0.12599944211929773,0.20249532384892785,0.1161367819
A5_geom_only,22860.019999999997,0.14146855030191655,0.12614095653304697,0.12643765068234467,0.2023227192784495,0.1159915105
A5_geom_only,22940.019999999997,0.14196363055193068,0.12657774998599128,0.126875844373834,0.20215176487157407,0.1157958433
A5_geom_only,23020.019999999997,0.14245870686937193,0.12701454197137255,0.127314056966028,0.20198233490829995,0.1156802103
A5_geom_only,23110.019999999997,0.1430156684415066,0.1275059374633072,0.12780705192860592,0.20179359366940514,0.1154971346
A5_geom_only,23190.019999999997,0.14351074411543593,0.1279427258852819,0.12824526541364759,0.2016274108713832,0.115332596
A5_geom_only,23270.019999999997,0.1440058230069249,0.12837951179603355,0.1286834872520073,0.20146266311374741,0.1151858196
A5_geom_only,23350.019999999997,0.1445008989668595,0.12881630326769153,0.12912172636731686,0.2012993096485938,0.1150553748
A5_geom_only,23430.019999999997,0.14499597478379153,0.1292530973154765,0.1295599700499616,0.20113734067048983,0.1149026826
A5_geom_only,23510.019999999997,0.14549105274576327,0.12968988978285886,0.129998217523088,0.20097669856049274,0.1147529557
A5_geom_only,23590.019999999997,0.14598612799068464,0.1301266832651006,0.13043647493308874,0.2008173394946857,0.1146306619
A5_geom_only,23670.019999999997,0.14648120845520277,0.13056347522085454,0.13087473361751994,0.20065924520450532,0.1144609377
A5_geom_only,23750.019999999997,0.14697628598816656,0.13100027174791237,0.13131301266189288,0.2005023311432131,0.1143460497
A5_geom_only,23830.019999999997,0.14747136209110379,0.13143706823298157,0.13175128685714915,0.20034663568029143,0.1141770557
A5_geom_only,23910.019999999997,0.14796643876605164,0.13187386577241791,0.1321895798477375,0.2001920314473112,0.1140725538
A5_geom_only,23990.019999999997,0.14846151558400222,0.13231066123942237,0.13262786363428414,0.20003858318924828,0.1138709262
A5_geom_only,24080.019999999997,0.14901847865766474,0.13280204481952693,0.13312093487666157,0.19986719336563644,0.1137226894
A5_geom_only,24160.019999999997,0.14951356112421996,0.13323883072757248,0.13355923126160643,0.1997159351439482,0.1135840788
A5_geom_only,24240.019999999997,0.15000863172155524,0.13367561764794172,0.13399753650823454,0.19956566050334643,0.113443993
A5_geom_only,24320.019999999997,0.1505037152606303,0.1341124081055109,0.13443585417618648,0.19941633134528655,0.1133083627
A5_geom_only,24400.019999999997,0.15099879608265504,0.1345491985480605,0.13487417407666386,0.1992679328407922,0.113143824
A5_geom_only,24480.019999999997,0.15149387683317844,0.13498599558606802,0.13531251779473608,0.19912037976580121,0.1130504236
A5_geom_only,24560.019999999997,0.15198895865622175,0.13542279510045865,0.13575085893444983,0.1989737167790621,0.1128784642
A5_geom_only,24640.019999999997,0.15248404419733388,0.13585959364204162,0.1361892130121195,0.1988278328017056,0.1127606258
A5_geom_only,24720.019999999997,0.15297912416134274,0.13629639518719613,0.1366275729351347,0.19868274828945295,0.1126079187
A5_geom_only,24800.019999999997,0.15347420240931975,0.1367331896607761,0.1370659277008683,0.198538417600483,0.1124441102
A5_geom_only,24880.019999999997,0.15396928430386442,0.13716998163104932,0.13750429294970468,0.19839478022726229,0.1123514697
A5_geom_only,24960.019999999997,0.15446436255184146,0.13760677612004002,0.13794266874240949,0.19825182393931798,0.1122121289
A5_geom_only,25050.019999999997,0.15502132791354636,0.13809817105531672,0.13843585066438277,0.19809176820739752,0.1120505407
A5_geom_only,25130.019999999997,0.15551640651902998,0.13853496705676419,0.13887424218122763,0.1979501463644276,0.1119008139
A5_geom_only,25210.019999999997,0.1560114859110282,0.13897176558943847,0.13931264596969126,0.1978090936789304,0.1117733344
A5_geom_only,25290.019999999997,0.1565065659465384,0.13940856258756804,0.13975104933578808,0.19766860573295142,0.1116236076
A5_geom_only,25370.019999999997,0.15700164448052076,0.13984535302969808,0.14018945231720648,0.1975286304506068,0.1114716753
A5_geom_only,25450.019999999997,0.15749671886742622,0.14028213842509202,0.14062785783677095,0.19738913965578073,0.1113160178
A5_geom_only,25530.019999999997,0.15799179682939796,0.14071892687412504,0.14106628258621373,0.19725007671943837,0.1112085357
A5_geom_only,25610.019999999997,0.15848687286083393,0.14115572288201397,0.14150472186483237,0.19711144223960386,0.1110639945
A5_geom_only,25690.019999999997,0.15898195539889046,0.14159252039585424,0.1419431660972108,0.19697320647432048,0.1109305844
A5_geom_only,25770.019999999997,0.15947703450488337,0.14202931487516907,0.14238161123851817,0.19683533950297696,0.1107912436
A5_geom_only,25850.019999999997,0.15997211618492405,0.14246611139597062,0.14282007267777377,0.19669778387595335,0.1106978431
A5_geom_only,25930.019999999997,0.16046719958099648,0.14290290687472287,0.14325853222263762,0.19656055949775397,0.1105236635
A5_geom_only,26020.019999999997,0.16102416615822385,0.14339429784026425,0.1437518089998897,0.19640648667478272,0.1103769168
A5_geom_only,26100.019999999997,0.16151924640823798,0.14383109334200292,0.14419029120478033,0.19626978977212453,0.1102301553
A5_geom_only,26180.019999999997,0.16201432644374814,0.14426788731480436,0.14462877433381416,0.19613331955145688,0.1100819185
A5_geom_only,26260.019999999997,0.16250940540673842,0.14470468181391824,0.14506727096780106,0.19599701604359135,0.1099410877
A5_geom_only,26340.019999999997,0.16300448458423267,0.14514147578328315,0.14550576879721633,0.1958608909646446,0.1097787544
A5_geom_only,26420.019999999997,0.16349956175968974,0.14557826572868945,0.14594427165219342,0.1957248864428613,0.1096468195
A5_geom_only,26500.019999999997,0.16399464265321576,0.14601506276313278,0.14638279887517255,0.19558896178620724,0.1095193401
A5_geom_only,26580.019999999997,0.16448972311773383,0.14645186562156912,0.146821333853056,0.19545313338745046,0.1093807295
A5_geom_only,26660.019999999997,0.16498480272423607,0.14688866261531583,0.1472598626313138,0.195317368878444,0.1092147008
A5_geom_only,26740.019999999997,0.16547987768315214,0.14732545508578393,0.14769839877192262,0.19518161382085755,0.1090768501
A5_geom_only,26820.019999999997,0.16597495793316627,0.14776224552726705,0.148136939392521,0.19504586474461927,0.1089145169
A5_geom_only,26900.019999999997,0.1664700309615466,0.14819903547957716,0.14857549143935578,0.1949100749993283,0.1087766662
A5_geom_only,26990.019999999997,0.16702698960212692,0.1486904304244587,0.14906888198032892,0.1947572401598609,0.1086291596
A5_geom_only,27070.019999999997,0.167522064561043,0.1491272248962228,0.1495074504711899,0.1946213235874717,0.1084609032
A5_geom_only,27150.019999999997,0.1680171403064737,0.14956401585446688,0.14994602624265146,0.19448528737118118,0.1083386093
A5_geom_only,27230.019999999997,0.16851222084249318,0.15000081440209484,0.15038462634185237,0.1943491020517334,0.1082177982
A5_geom_only,27310.019999999997,0.16900730066349937,0.15043761391683455,0.15082322403466236,0.19421279603112393,0.1080495343
A5_geom_only,27390.019999999997,0.16950237676643662,0.15087441347045225,0.1512618374558739,0.19407628237011632,0.1079294533
A5_geom_only,27470.019999999997,0.16999745723095477,0.1513112165301679,0.15170045816353162,0.1939395869419915,0.1077619493
A5_geom_only,27550.019999999997,0.17049253519292654,0.1517480079556569,0.1521390630168615,0.19380269408798909,0.1075914726
A5_geom_only,27630.019999999997,0.1709876160149513,0.15218480147499672,0.15257769928803716,0.19366549524290233,0.1074965894
A5_geom_only,27710.019999999997,0.17148269805249852,0.1526216053344441,0.15301634881759413,0.19352805779063914,0.1073268577
A5_geom_only,27790.019999999997,0.17197777680098478,0.15305840232353551,0.15345498873242008,0.19339034834323787,0.1071660221
A5_geom_only,27870.019999999997,0.17247285604998033,0.1534951907458539,0.15389362922633348,0.19325232110815252,0.1069985107
A5_geom_only,27960.019999999997,0.17302982262720773,0.1539865817260424,0.15438712621882728,0.19309661485752558,0.1068643555
A5_geom_only,28040.019999999997,0.17352489915915295,0.1544233782266654,0.15482579919134293,0.192957849298799,0.1067057326
A5_geom_only,28120.019999999997,0.17401997969517238,0.15486017575131822,0.1552644833563493,0.19281869701223925,0.1065678671
A5_geom_only,28200.019999999997,0.17451505951617857,0.15529697832270964,0.15570318261497174,0.19267914691349036,0.1064337119
A5_geom_only,28280.019999999997,0.17501014148222446,0.15573377378425887,0.15614186837394223,0.19253921850302863,0.1062498987
A5_geom_only,28360.019999999997,0.17550521830017501,0.15617056526415474,0.15658057088233862,0.19239881612974097,0.1061320454
A5_geom_only,28440.019999999997,0.17600029769217326,0.15660736176840287,0.15701928635630186,0.1922579745347449,0.1059867665
A5_geom_only,28520.019999999997,0.17649537922921127,0.15704415827639734,0.15745800935104248,0.19211665993869206,0.1058185175
A5_geom_only,28600.019999999997,0.17699045933622276,0.1574809557937396,0.15789674212716498,0.19197485636399675,0.1056784317
A5_geom_only,28680.019999999997,0.17748553937173292,0.1579177548269921,0.15833548559520944,0.19183254498135419,0.1055450141
A5_geom_only,28760.019999999997,0.17798061926424041,0.15835455385266023,0.15877423534758028,0.19168971654228226,0.1054056659
A5_geom_only,28850.019999999997,0.1785375803358658,0.15884594649938027,0.15926782712027854,0.19152840153584239,0.1052055433
A5_geom_only,28930.019999999997,0.1790326605858799,0.15928274404741588,0.15970660280001284,0.19138438244286815,0.1050921381
A5_geom_only,29010.019999999997,0.17952774255192577,0.1597195455829179,0.16014538119800067,0.1912398248241244,0.1049105451
A5_geom_only,29090.019999999997,0.1800228215864174,0.16015633955409414,0.16058415642910293,0.19109467995886947,0.104751192
A5_geom_only,29170.019999999997,0.18051790112141824,0.1605931340551085,0.16102294915983156,0.1909489142701373,0.1046296284
A5_geom_only,29250.019999999997,0.18101298187194162,0.1610299249825916,0.16146173700924044,0.19080256299146758,0.1044524834
A5_geom_only,29330.019999999997,0.18150805854688948,0.16146671951108887,0.16190055460384734,0.19065553232776872,0.1043494567
A5_geom_only,29410.019999999997,0.18200313457832548,0.16190351446393578,0.16233936387486025,0.19050791526647823,0.1041537821
A5_geom_only,29490.019999999997,0.1824982135413158,0.1623403069622562,0.16277819211235417,0.1903595969997038,0.1040448248
A5_geom_only,29570.019999999997,0.18299329021626362,0.16277710953430855,0.163217041261501,0.1902106200127126,0.1038891673
A5_geom_only,29650.019999999997,0.18348836596169432,0.16321390651331058,0.16365587834990775,0.19006099749703226,0.1037216559
A5_geom_only,29730.019999999997,0.18398344771323627,0.1636507045693402,0.164094741592193,0.1899106383146942,0.1035860181
A5_geom_only,29820.019999999997,0.18454041371845306,0.16414210116888991,0.1645884547366849,0.1897407030642689,0.1033851579
A5_geom_only,29900.019999999997,0.18503549225243546,0.1645788916330463,0.16502732153936012,0.1895888643181791,0.1032406166
A5_geom_only,29980.019999999997,0.18553056971389795,0.16501568966932928,0.16546621186254898,0.18943629954320754,0.1031101644
A5_geom_only,30060.019999999997,0.18602564717536046,0.1654524856464484,0.16590509714530732,0.1892830356016402,0.1029315367
A5_geom_only,30140.019999999997,0.18652072842639314,0.16588927508514925,0.16634398665116334,0.18912902351673974,0.1027625427
A5_geom_only,30220.019999999997,0.18701580467233306,0.16632607060849133,0.16678290311900534,0.1889742442020475,0.1026365459
A5_geom_only,30300.019999999997,0.1875108779152173,0.16676286810548593,0.16722182051852927,0.18881874366185644,0.1024697646
A5_geom_only,30380.019999999997,0.1880059575217195,0.16719965702507578,0.16766073335922937,0.188662489656979,0.1023074463
A5_geom_only,30460.019999999997,0.18850103812924027,0.1676364429372567,0.1680996584572797,0.18850545964167448,0.1021554992
A5_geom_only,30540.019999999997,0.18899611172963118,0.16807323289511777,0.16853860247221258,0.18834765341299842,0.1020102277
A5_geom_only,30620.019999999997,0.18949118747506188,0.1685100228280207,0.1689775493615997,0.1881890916241628,0.1018330753
A5_geom_only,30700.019999999997,0.18998626872609453,0.16894680923864427,0.16941650212996273,0.18802974878543097,0.1016878039
A5_geom_only,30790.019999999997,0.19054323194275966,0.16943820193101597,0.16991035582133734,0.1878495292151992,0.1015484557
A5_geom_only,30870.019999999997,0.1910383160538453,0.16987500449950288,0.1703493534476327,0.1876885128844495,0.1014098525
A5_geom_only,30950.019999999997,0.19153340080844286,0.17031180046706865,0.17078833823973277,0.18752674333291225,0.1012126952
A5_geom_only,31030.019999999997,0.19202847826990532,0.17074859548893837,0.17122734591038857,0.18736414710909968,0.1010911316
A5_geom_only,31110.019999999997,0.19252355651788236,0.17118539602601424,0.171666365101029,0.18720078442470725,0.1009228826
A5_geom_only,31190.019999999997,0.19301863819792303,0.17162219657591965,0.17210539414734002,0.18703662823642683,0.1007687151
A5_geom_only,31270.019999999997,0.19351371966345965,0.17205899660612506,0.17254442866284586,0.18687169653083494,0.1006086171
A5_geom_only,31350.019999999997,0.19400879984197245,0.17249579563991108,0.1729834739446281,0.1867059730557094,0.1004507393
A5_geom_only,31430.019999999997,0.19450387766094152,0.17293259314453185,0.17342252396960312,0.186539477719408,0.1002810001
A5_geom_only,31510.019999999997,0.19499895690993715,0.17336938661610146,0.17386157901536986,0.18637220231053264,0.1001275778
A5_geom_only,31590.019999999997,0.19549404002000428,0.1738061790870424,0.17430064587832128,0.18620414519541956,0.099974148
A5_geom_only,31670.019999999997,0.19598912055602372,0.1742429695261557,0.17473971753003337,0.18603532505213152,0.099801451
A5_geom_only,31760.019999999997,0.19654608205665702,0.17473435651353394,0.17523368551537732,0.18584447711240548,0.0996346697
A5_geom_only,31840.019999999997,0.19704115973262346,0.1751711429151966,0.17567277394089004,0.18567403409911548,0.0994612351
A5_geom_only,31920.019999999997,0.19753623168848392,0.17560793643545694,0.17611189493092055,0.18550279822707894,0.0993463472
A5_geom_only,32000.019999999997,0.1980313086494371,0.17604473494020667,0.17655101851859822,0.18533084998143937,0.0991803184
A5_geom_only,32080.019999999997,0.19852638811293669,0.17648152892297372,0.17699014611736275,0.18515815208542452,0.0990291163
A5_geom_only,32160.019999999997,0.19902146557439918,0.17691831986425222,0.1774292778153406,0.18498473050314415,0.0988578945
A5_geom_only,32240.019999999997,0.19951654267835497,0.17735510829790155,0.17786842019523139,0.1848105759050824,0.0987044722
A5_geom_only,32320.019999999997,0.20001161885279362,0.17779189824783162,0.17830757691501237,0.1846357033842426,0.0985591933
A5_geom_only,32400.019999999997,0.20050669609975202,0.1782286927511624,0.1787467527425088,0.184460116319263,0.0983961299
A5_geom_only,32480.019999999997,0.20100177413322512,0.17866549381298558,0.1791859465647886,0.18428383296355075,0.0982642025
A5_geom_only,32560.019999999997,0.20149685681428425,0.17910229028478647,0.17962513058946666,0.18410689958265863,0.0980633274
A5_geom_only,32640.019999999997,0.20199193649228778,0.17953908479748526,0.18006433467627997,0.1839292604030498,0.0979425162
A5_geom_only,32730.019999999997,0.20254889978045426,0.180030474582872,0.18055843272993177,0.18372867367263346,0.0977342427
A5_geom_only,32810.02,0.20304398267601745,0.18046726760723192,0.18099766441466772,0.18354963601067367,0.0976252854
A5_geom_only,32890.02,0.20353906299753294,0.18090407269738865,0.18143691597449996,0.18336998866324514,0.0974740833
A5_geom_only,32970.02,0.20403414060199804,0.18134087068019464,0.1818761526991389,0.18318975803303025,0.0972843245
A5_geom_only,33050.02,0.2045292161329247,0.1817776611326125,0.18231539763125626,0.18300890854357094,0.0971249714
A5_geom_only,33130.02,0.20502429402339514,0.18221446019968626,0.1827546773817926,0.18282744739655823,0.0970034152
A5_geom_only,33210.02,0.20551937191386555,0.18265125614923175,0.18319394213235457,0.1826454740862525,0.096806258
A5_geom_only,33290.02,0.2060144470157843,0.18308804662535783,0.18363322437919588,0.1824629084026003,0.0966632068
A5_geom_only,33370.02,0.20650952926783553,0.18352484617613524,0.184072532749134,0.18227980790130616,0.0965290442
A5_geom_only,33450.02,0.20700460501326623,0.18396164214417893,0.18451183254831996,0.1820962251308993,0.0963644981
A5_geom_only,33530.02,0.20749968226022467,0.18439843868622147,0.18495115813005983,0.18191210554987014,0.0962325633
A5_geom_only,33610.02,0.2079947645837772,0.18483523769164983,0.18539048684125353,0.18172754132021948,0.0960643142
A5_geom_only,33700.02,0.20855172930197013,0.18532663548225448,0.1858847501699371,0.18151933565281592,0.0959145948
A5_geom_only,33780.02,0.20904680812195775,0.1857634380468362,0.1863241113781116,0.18133380631975676,0.0957507864
A5_geom_only,33860.02,0.20954188365288445,0.1862002345213345,0.186763464881826,0.18114788717427724,0.095583275
A5_geom_only,33940.02,0.21003696390289858,0.1866370290307444,0.18720283860715403,0.1809615454415234,0.0954365209
A5_geom_only,34020.02,0.21053204315189414,0.1870738305958155,0.18764223426444399,0.1807748325428522,0.0953008831
A5_geom_only,34100.02,0.21102712476043342,0.18751063365772477,0.18808163688635304,0.18058778046111884,0.0951541215
A5_geom_only,34180.02,0.21152220150688264,0.18794743064382374,0.18852103547063304,0.1804004176127133,0.0949777141
A5_geom_only,34260.02,0.21201727996936365,0.18838422260791043,0.1889604440065933,0.18021273997761736,0.0948146507
A5_geom_only,34340.02,0.21251235213972808,0.18882101254336714,0.18939986124019587,0.18002478781834666,0.0946597382
A5_geom_only,34420.02,0.21300743453478188,0.18925780199159356,0.1898392935410192,0.17983656930623304,0.0945115015
A5_geom_only,34500.02,0.2135025165008278,0.18969459548222062,0.19027874516312412,0.17964811254470583,0.0943780839
A5_geom_only,34580.02,0.21399759360478357,0.19013138590462833,0.19071819350357566,0.17945947262560352,0.0942009315
A5_geom_only,34670.02,0.21455455639244073,0.190622775186734,0.19121259874271335,0.17924700232577231,0.0940519571
A5_geom_only,34750.02,0.2150496369284601,0.1910595727099521,0.19165209035744404,0.17905797824455535,0.093913354
A5_geom_only,34830.02,0.21554471295989605,0.1914963717394201,0.19209159090263433,0.17886882890647118,0.0937643722
A5_geom_only,34910.02,0.21603979034985715,0.1919331733052735,0.19253110787788763,0.17867956739665783,0.0936183557
A5_geom_only,34990.02,0.21653487002786068,0.19236996977213422,0.19297061653265848,0.17849025924154982,0.0934375003
A5_geom_only,35070.02,0.21702995084988538,0.19280676327387733,0.19341014504020404,0.17830086729307232,0.0933233574
A5_geom_only,35150.02,0.21752503088539557,0.1932435643378508,0.1938496980710256,0.17811144712736524,0.0931817889
A5_geom_only,35230.02,0.21802011027739376,0.193680359789617,0.19428923869202172,0.17792206422813042,0.0929987133
A5_geom_only,35310.02,0.2185151897408933,0.19411715380959635,0.1947288053117042,0.17773266606422508,0.0928749293
A5_geom_only,35390.02,0.2190102702054114,0.194553953843068,0.1951683870485324,0.17754333844025658,0.0927237198
A5_geom_only,35470.02,0.21950534845338843,0.1949907483063985,0.19560796465975866,0.1773541059950385,0.0925695524
A5_geom_only,35550.02,0.2200004257003469,0.19542754078859956,0.1960475595283026,0.17716496212465696,0.0924324319
A5_geom_only,35640.02,0.22055739220607298,0.19591893458452334,0.1965421197430953,0.1769523436771347,0.0922478735
A5_geom_only,35720.02,0.2210524713835672,0.19635573262633763,0.19698175081994623,0.17676350864957888,0.0921255797
A5_geom_only,35800.02,0.22154755170508264,0.19679253062469623,0.1974213838777471,0.17657488765804058,0.0919439793
A5_geom_only,35880.02,0.22204263281311268,0.19722932815927477,0.19786103466739613,0.17638646517641512,0.0918187201
A5_geom_only,35960.02,0.2225377149221613,0.197666126670363,0.19830069320197938,0.17619830353462873,0.091675669
A5_geom_only,36040.02,0.2230327958156873,0.1981029247015003,0.19874036648033594,0.17601040244020819,0.0915370658
A5_geom_only,36120.02,0.2235278757796961,0.19853972118827812,0.19918004376481135,0.17582281629146201,0.0913673267
A5_geom_only,36200.02,0.22402295081011347,0.1989765151765918,0.19961973377277806,0.17563554507031384,0.0912361369
A5_geom_only,36280.02,0.22451802912959176,0.19941331016869904,0.20005943792762504,0.17544862740588302,0.091104202
A5_geom_only,36360.02,0.2250131075205714,0.1998501076981284,0.20049916057971778,0.1752620798678467,0.0909700394
A5_geom_only,36440.02,0.22550818441002327,0.20028690164723734,0.2009388793888282,0.17507596342990484,0.0908055007
A5_geom_only,36520.02,0.22600326473153873,0.20072368957396325,0.20137860727904347,0.17489026542420177,0.0906572565
A5_geom_only,36610.02,0.2265602288777211,0.20121508397573062,0.20187334015343514,0.17468187612403327,0.0905305147
A5_geom_only,36690.02,0.22705530176309874,0.20165187892810696,0.20231309907390493,0.1744971933041661,0.0903570652
A5_geom_only,36770.02,0.22755037550649232,0.2020886678698703,0.20275286732526393,0.1743130043696093,0.090218462
A5_geom_only,36850.02,0.22804545361146666,0.2025254654282167,0.20319267230332144,0.17412932645893192,0.0901198834
A5_geom_only,36930.02,0.22854053672153382,0.20296227000618583,0.20363248971246806,0.17394622772999144,0.0899709091
A5_geom_only,37010.02,0.22903561575602546,0.20339907205215232,0.20407230886062855,0.17376372225972053,0.089815259
A5_geom_only,37090.02,0.22953069386099983,0.20383587259852173,0.20451214048198393,0.17358182063191513,0.0897063017
A5_geom_only,37170.02,0.23002577082195305,0.20427266298765773,0.20495195638108593,0.17340058907315523,0.0895335972
A5_geom_only,37250.02,0.2305208474969009,0.20470944943823988,0.2053918002661175,0.1732199691931828,0.0894061103
A5_geom_only,37330.02,0.2310159274609097,0.20514624596482223,0.20583167468806404,0.1730400287275016,0.0892749205
A5_geom_only,37410.02,0.2315110070674119,0.20558304600363034,0.20627155947886505,0.17286079979642166,0.0891496539
A5_geom_only,37490.02,0.23200608924796176,0.20601984604243848,0.20671145400015745,0.17268229697223578,0.0890192091
A5_geom_only,37580.02,0.23256305096309912,0.2065112392412217,0.2072063314541821,0.17248239629933285,0.0888435468
A5_geom_only,37660.02,0.2330581264225245,0.20694803529016031,0.20764625629845196,0.17230548639537493,0.0887279138
A5_geom_only,37740.02,0.2335532058145227,0.2073848327668908,0.20808618085584135,0.1721294063699215,0.0885663331
A5_geom_only,37820.02,0.23404828377649442,0.20782162118333697,0.2085261049954599,0.17195413462697232,0.0884403288
A5_geom_only,37900.02,0.2345433572338827,0.2082584172448032,0.2089660730021243,0.17177965428034492,0.0883313715
A5_geom_only,37980.02,0.2350384348383478,0.20869522029356116,0.20940604969175142,0.17160605663034145,0.0882135257
A5_geom_only,38060.02,0.23553351187080226,0.20913202134775494,0.20984603503313332,0.17143332207789116,0.0880830735
A5_geom_only,38140.02,0.23602858997577666,0.2095688228975396,0.2102860326813361,0.17126148006281736,0.0879444629
A5_geom_only,38220.02,0.23652367337184907,0.2100056203916842,0.21072603231735787,0.1710905558628734,0.0877947435
A5_geom_only,38300.02,0.2370187529068499,0.2104424148821771,0.21116604563808739,0.17092054642863522,0.0876702219
A5_geom_only,38380.02,0.23751383208434418,0.2108792108897582,0.211606077241987,0.1707514747283629,0.087550886
A5_geom_only,38470.02,0.2380707967310359,0.2113706138024697,0.21210114549736142,0.17056239754950028,0.0874204412
A5_geom_only,38550.02,0.23856587311997846,0.21180741023750932,0.21254118804837527,0.17039541306991318,0.0872455165
A5_geom_only,38630.02,0.23906095115345152,0.21224420326056134,0.21298126040615226,0.17022936799371852,0.0871543437
A5_geom_only,38710.02,0.23955602761389544,0.21268100329314418,0.21342135185659888,0.1700643451698272,0.0870149955
A5_geom_only,38790.02,0.2400511048608539,0.21311779673687908,0.2138614361652527,0.16990035807903314,0.0868719518
A5_geom_only,38870.02,0.24054618797092103,0.21355459126507204,0.21430155118748848,0.16973736872756137,0.0867711455
A5_geom_only,38950.02,0.24104127236801198,0.21399138774287366,0.21474167154220936,0.1695754509831247,0.0866318047
A5_geom_only,39030.02,0.24153635268952744,0.21442818681654624,0.21518182055289342,0.1694145577460157,0.0865295157
A5_geom_only,39110.02,0.24203142907847006,0.21486499037220178,0.2156219795043291,0.16925475457066982,0.0863894299
A5_geom_only,39190.02,0.24252650754095104,0.21530178837325004,0.21606213785401834,0.1690960358279242,0.0862515643
A5_geom_only,39270.02,0.24302158621793604,0.2157385777788828,0.21650229372286253,0.16893841680343633,0.0861351937
A5_geom_only,39350.02,0.2435166642514091,0.2161753647154843,0.2169424727234086,0.16878187324681343,0.0860136375
A5_geom_only,39440.02,0.24407362918410602,0.21666675739881844,0.2174377067390768,0.16860707931505417,0.0859202519
A5_geom_only,39520.02,0.24456870821859766,0.21710355237801887,0.21787792317077403,0.16845290634189006,0.0857816488
A5_geom_only,39600.02,0.24506378768209716,0.21754034738307843,0.21831815608216,0.1682998475113652,0.0856674984
A5_geom_only,39680.02,0.24555886578707153,0.21797714388594647,0.21875840231078028,0.16814792556324978,0.0855377913
A5_geom_only,39760.02,0.24605394689510154,0.218413938363601,0.21919865615165401,0.16799714553781084,0.0854102969
A5_geom_only,39840.02,0.24654902564358783,0.21885072930525823,0.21963891741707367,0.16784751217436486,0.0852798522
A5_geom_only,39920.02,0.24704410324805293,0.21928752128904777,0.22007920178375068,0.16769901310404361,0.0851745978
A5_geom_only,40000.02,0.24753917949399287,0.21972431475725884,0.2205194977127484,0.1675516780872484,0.0850493386
A5_geom_only,40080.02,0.24803426267556133,0.2201611057053918,0.22095980224831607,0.16740550092558457,0.0849411264
A5_geom_only,40160.02,0.24852934099503976,0.22059789869872864,0.22140012997594843,0.16726047239863276,0.0848232731
A5_geom_only,40240.02,0.24902442424810955,0.22103469317617624,0.22184046848652456,0.16711661837528582,0.0847091302
A5_geom_only,40320.02,0.2495195035686065,0.2214714881816492,0.22228082435977156,0.1669739210822687,0.0845868289
A5_geom_only,40410.02,0.2500764707178445,0.22196288139396522,0.22277623273177652,0.16681479638240843,0.0844534114
A5_geom_only,40490.02,0.25057155239788514,0.2223996809853267,0.22321663360523658,0.16667456136336592,0.0843600258
A5_geom_only,40570.02,0.25106663543645097,0.22283648706666548,0.22365704595842442,0.16653551929713606,0.0842466205
A5_geom_only,40650.02,0.251561713469924,0.22327328809447816,0.22409745665727626,0.16639765289911143,0.0841235816
A5_geom_only,40730.02,0.2520567931479275,0.22371009068724543,0.22453789434909022,0.16626093352539387,0.0840324163
A5_geom_only,40810.02,0.2525518719679152,0.22414689626718673,0.2249783445132743,0.1661253943610586,0.0839175284
A5_geom_only,40890.02,0.25304696079808825,0.22458370085144996,0.22541880682707155,0.16599101580894038,0.0838011652
A5_geom_only,40970.02,0.25354204369365135,0.22502050695317133,0.22585928684924078,0.16585779704088247,0.0837040618
A5_geom_only,41050.02,0.2540371272327265,0.22545731050053547,0.22629977020366038,0.1657257504361585,0.083568424
A5_geom_only,41130.02,0.25453220862676174,0.22589410494991674,0.22674024946638532,0.16559486899158068,0.0834453851
A5_geom_only,41210.02,0.2550272888052746,0.22633089591854932,0.22718075040702151,0.16546511987763193,0.0833519921
A5_geom_only,41290.02,0.25552236605223305,0.22676768838382277,0.22762126940535754,0.16533652172835606,0.0832319185
A5_geom_only,41380.02,0.2560793304129194,0.22725908105621223,0.2281168748684227,0.16519320700562415,0.0831244439
A5_geom_only,41460.02,0.25657441066293357,0.22769587350742604,0.22855742165654397,0.16506703270851092,0.0830043703
A5_geom_only,41540.02,0.2570694892684172,0.22813267056750092,0.22899800271342896,0.16494196054019566,0.0829376653
A5_geom_only,41620.02,0.25756456715888765,0.2285694685452404,0.22943858304277578,0.16481804342448642,0.0827946067
A5_geom_only,41700.02,0.2580596469083925,0.22900626457504264,0.22987918354743447,0.16469521744837542,0.0827056617
A5_geom_only,41780.02,0.258554729446449,0.22944305800690834,0.23031978304598333,0.1645735260195933,0.0825700238
A5_geom_only,41860.02,0.25904981112648967,0.22987984949843968,0.23076040690400626,0.1644529065257558,0.0824914575
A5_geom_only,41940.02,0.2595448960240899,0.23031664854938927,0.23120106023879833,0.16433337659450176,0.0824017748
A5_geom_only,42020.02,0.26003997927715966,0.23075344908209072,0.23164172146751164,0.16421493961668301,0.0822935626
A5_geom_only,42100.02,0.2605350609572003,0.23119024557018666,0.2320823863746832,0.16409757940102088,0.0821838677
A5_geom_only,42180.02,0.2610301407067051,0.2316270385363807,0.23252306274945095,0.1639812783353448,0.0820763931
A5_geom_only,42260.02,0.261525222243743,0.23206383812494635,0.2329637788270995,0.16386600324620404,0.0820052326
A5_geom_only,42350.02,0.26208218982198905,0.23255523355382518,0.2334595678282284,0.1637376133894768,0.081862919
A5_geom_only,42430.02,0.2625772732895628,0.23299202658572082,0.2339003012152754,0.1636245381477641,0.081796214
A5_geom_only,42510.02,0.2630723574721498,0.23342882763386918,0.2343410583758987,0.1635124941308656,0.081690222
A5_geom_only,42590.02,0.2635674354341215,0.23386562105678804,0.23478180178464364,0.16340147755791867,0.0815731138
A5_geom_only,42670.02,0.26406251647065015,0.23430241713205197,0.23522258887534422,0.16329140660664193,0.0815115944
A5_geom_only,42750.02,0.26455759800768813,0.234739217634798,0.23566338158875766,0.16318235029888412,0.0813774392
A5_geom_only,42830.02,0.26505268061724596,0.23517601872752902,0.23610419975312258,0.1630742312601551,0.0813159198
A5_geom_only,42910.02,0.2655477655863475,0.23561282125614094,0.236545023197127,0.1629670889704918,0.0811973289
A5_geom_only,42990.02,0.26604284469234046,0.23604961673421965,0.2369858481412984,0.1628608828643132,0.0810957775
A5_geom_only,43070.02,0.26653792301181883,0.23648641580871238,0.23742670932516038,0.16275557600400467,0.0810364857
A5_geom_only,43150.02,0.26703300640789124,0.23692321428457397,0.23786756884867777,0.16265120864528973,0.0809097365
A5_geom_only,43230.02,0.26752809087648355,0.2373600042148733,0.23830843132597362,0.1625477273506259,0.0807955936
A5_geom_only,43320.02,0.2680850553801725,0.23785140034273217,0.23880445377178466,0.16243232775478342,0.0806903467
A5_geom_only,43400.02,0.26858013527268,0.23828819627572528,0.23924535501726701,0.1623307063466301,0.080586575
A5_geom_only,43480.02,0.26907521995577627,0.23872499285433807,0.23968629371114192,0.16222988326645169,0.0805724934
A5_geom_only,43560.02,0.2695702974172387,0.23916179386420777,0.24012724020934983,0.16212992090806783,0.0804516822
A5_geom_only,43640.02,0.2700653793832847,0.23959859444224926,0.24056820819469946,0.1620307470865153,0.0803790465
A5_geom_only,43720.02,0.27056046206434387,0.24003539189991524,0.24100917140986816,0.16193239748335447,0.0802574828
A5_geom_only,43800.02,0.271055547390952,0.2404721879477471,0.24145016397900998,0.16183479158374206,0.0801870674
A5_geom_only,43880.02,0.27155063178804306,0.24090899153087939,0.24189118384277464,0.1617379514872988,0.0801092386
A5_geom_only,43960.020000000004,0.27204571189505455,0.24134579712494889,0.24233221689115955,0.16164185477254672,0.0800343826
A5_geom_only,44040.020000000004,0.27254079622064425,0.24178260220265219,0.24277326019085466,0.16154648494375748,0.079935804
A5_geom_only,44120.020000000004,0.273035882119263,0.24221939814145216,0.24321429180498239,0.16145184013626138,0.0798268467
A5_geom_only,44200.020000000004,0.27353096022423734,0.2426561957315454,0.2436553683412816,0.16135783623465408,0.0797816366
A5_geom_only,44290.020000000004,0.27408792465642506,0.2431475911545155,0.24415156934753102,0.16125293039149738,0.0796467364
A5_geom_only,44370.020000000004,0.2745830025468955,0.24358438622572479,0.24459267645696403,0.16116031861443417,0.0796074569
A5_geom_only,44450.020000000004,0.2750780854424586,0.24402119029395836,0.24503380621467702,0.16106835421195076,0.0795118436
A5_geom_only,44530.020000000004,0.2755731663359846,0.2444579892915834,0.24547493103100215,0.16097700572544726,0.0794266015
A5_geom_only,44610.020000000004,0.27606824787302264,0.24489478174037455,0.24591606208220068,0.16088624096703816,0.0793413594
A5_geom_only,44690.020000000004,0.276563328409042,0.2453315772812169,0.24635722946672173,0.16079601939972174,0.0792790949
A5_geom_only,44770.020000000004,0.2770584088020588,0.2457683747685443,0.2467984053024688,0.16070636303309327,0.0791812614
A5_geom_only,44850.020000000004,0.2775534895525822,0.24620516976871443,0.24723959519752642,0.16061722071186862,0.079116039
A5_geom_only,44930.020000000004,0.27804856880157774,0.24664196322659013,0.24768079535823034,0.1605285895044297,0.079018198
A5_geom_only,45010.020000000004,0.2785436461200375,0.2470787592686087,0.24812202667254668,0.1604404202237404,0.0789648294
A5_geom_only,45090.020000000004,0.27903872608404634,0.24751555879053702,0.24856327230319403,0.16035272507612763,0.0788818225
A5_geom_only,45170.020000000004,0.27953380411751944,0.2479523547756534,0.24900452273673268,0.16026547129391921,0.0788032487
A5_geom_only,45260.020000000004,0.2800907686212084,0.2484437508636056,0.24950095767896296,0.1601677951184911,0.0787187591
A5_geom_only,45340.020000000004,0.28058584930023056,0.2488805483667327,0.2499422475409983,0.16008139716885603,0.0786913335
A5_geom_only,45420.020000000004,0.28108092962174597,0.2493173453857665,0.2503835545173774,0.1599953626079644,0.0786246285
A5_geom_only,45500.020000000004,0.2815760110872826,0.24975414137067214,0.250824872132791,0.15990968202429695,0.0785460547
A5_geom_only,45580.020000000004,0.28207109133729674,0.25019093687987365,0.25126620950992606,0.1598243169031451,0.0784711912
A5_geom_only,45660.020000000004,0.2825661743758625,0.250627736943566,0.2517075750288964,0.159739247027407,0.0784156024
A5_geom_only,45740.020000000004,0.283061254482874,0.25106453746627755,0.25214894789878084,0.15965446835159136,0.078336291
A5_geom_only,45820.020000000004,0.2835563351618961,0.251501333959917,0.25259032826462713,0.15956994351534717,0.0782636553
A5_geom_only,45900.020000000004,0.28405141541191015,0.2519381284431887,0.25303172439481103,0.15948564742444624,0.078176938
A5_geom_only,45980.020000000004,0.28454649344538324,0.25237492547900536,0.2534731482795025,0.15940154873439766,0.0781295002
A5_geom_only,46060.020000000004,0.2850415764839492,0.25281172348242265,0.2539145832375456,0.1593176450215896,0.0780398175
A5_geom_only,46140.020000000004,0.2855366551609341,0.25324851795730857,0.25435602635969834,0.1592339009492391,0.0779805183
A5_geom_only,46230.020000000004,0.2860936223101721,0.25373991348206903,0.2548526815754125,0.159139836568735,0.0779093653
A5_geom_only,46310.020000000004,0.2865887016306691,0.25417671251153695,0.2552941726261433,0.15905634432308713,0.0778411776
A5_geom_only,46390.020000000004,0.28708378352521363,0.25461351459424386,0.2557356878381208,0.15897292702736146,0.0777892917
A5_geom_only,46470.020000000004,0.28757886878032046,0.25505031815311474,0.25617721448222996,0.15888957839920434,0.077724807
A5_geom_only,46550.020000000004,0.28807395074636655,0.2554871135950898,0.256618731890878,0.15880627845782097,0.0776202977
A5_geom_only,46630.020000000004,0.2885690252762747,0.25592390914675184,0.25706028700088857,0.1587229546863762,0.077587679
A5_geom_only,46710.020000000004,0.2890641078858326,0.2563607081508507,0.25750185607735826,0.15863963450794027,0.077512823
A5_geom_only,46790.020000000004,0.289559188421852,0.2567975026255842,0.2579434309224876,0.15855627049641613,0.077437222
A5_geom_only,46870.020000000004,0.2900542689578714,0.25723430017921045,0.2583850394863326,0.1584728221904563,0.0774053484
A5_geom_only,46950.020000000004,0.29054934749185374,0.25767109562077245,0.2588266451018637,0.15838930716829994,0.0773052871
A5_geom_only,47030.020000000004,0.2910444260258361,0.2581078860836103,0.2592682670422644,0.15830565530530094,0.0772622973
A5_geom_only,47110.020000000004,0.2915395066333569,0.25854468211913995,0.2597099252954267,0.15822184858236976,0.0772200525
A5_geom_only,47200.020000000004,0.2920964759276347,0.2590360810192923,0.2602068072028638,0.15812737162035936,0.077154085
A5_geom_only,47280.020000000004,0.29259155639215284,0.25947288209308506,0.2606485041232528,0.1580431696557523,0.0770999789
A5_geom_only,47360.020000000004,0.2930866371426762,0.25990967802604314,0.26109019083271845,0.15795876840081224,0.0770110339
A5_geom_only,47440.020000000004,0.29358171610566647,0.2603464684975556,0.26153189793098486,0.15787408962623709,0.0769547001
A5_geom_only,47520.020000000004,0.29407679342412624,0.2607832675785492,0.2619736503134914,0.1577891168347492,0.0769309849
A5_geom_only,47600.020000000004,0.29457187117159395,0.26122007164611727,0.2624154162650224,0.15770385172320778,0.0768783614
A5_geom_only,47680.020000000004,0.2950669549966743,0.2616568701321517,0.2628571771394678,0.1576182635828662,0.0767879337
A5_geom_only,47760.020000000004,0.29556203603320297,0.2620936651328865,0.2632989568722449,0.15753230167090246,0.0767471641
A5_geom_only,47840.020000000004,0.2960571152821984,0.2625304657152489,0.2637407734339503,0.15744593967841736,0.0766945407
A5_geom_only,47920.020000000004,0.2965521986067694,0.2629672626568019,0.2641825796502897,0.15735919373333115,0.0766100362
A5_geom_only,48000.020000000004,0.29704728264635366,0.26340405871892514,0.26462442108064566,0.15727196918198721,0.076581873
A5_geom_only,48090.020000000004,0.297604249652589,0.26389546560043575,0.2651215333310723,0.1571732842166247,0.0765344352
A5_geom_only,48170.020000000004,0.29809933197614147,0.2643322737052686,0.2655634207506864,0.15708504231007958,0.0764729157
A5_geom_only,48250.020000000004,0.2985944165877364,0.26476908080945805,0.2660053210395261,0.15699627044712422,0.0764277056
A5_geom_only,48330.020000000004,0.2990894991972942,0.26520588689558305,0.26644723449135416,0.15690694535845204,0.0763624832
A5_geom_only,48410.020000000004,0.2995845759437435,0.2656426838364669,0.2668891359780473,0.1568170574047659,0.0762824342
A5_geom_only,48490.020000000004,0.3000796573377788,0.266079479390132,0.2673310765465854,0.1567265230666975,0.0762683526
A5_geom_only,48570.020000000004,0.3005747381598035,0.26651627584803755,0.2677730244637134,0.15663537747514844,0.0761883035
A5_geom_only,48650.020000000004,0.30106981840981756,0.2669530754568046,0.26821501382129265,0.15654353087905054,0.0761742145
A5_geom_only,48730.020000000004,0.30156490466594305,0.2673898759343294,0.2686570005171236,0.15645102844615247,0.0760949105
A5_geom_only,48810.020000000004,0.30205998541646645,0.267826667889608,0.2690989913803059,0.15635779360054108,0.0760333911
A5_geom_only,48890.020000000004,0.3025550689555414,0.268263466480572,0.269541032165776,0.15626378490408957,0.0760155991
A5_geom_only,48970.020000000004,0.30305015049257944,0.2687002659572746,0.26998307062797966,0.15616903356984652,0.0759362951
A5_geom_only,49060.020000000004,0.30360712064487316,0.2691916580523798,0.27048037538040237,0.1560614626225182,0.0758784786
A5_geom_only,49140.020000000004,0.30410220110939135,0.2696284530622204,0.2709224545490353,0.15596495156424214,0.0758429021
A5_geom_only,49220.020000000004,0.30459728715101275,0.27006525516411395,0.2713645701165597,0.15586756802455992,0.0758184418
A5_geom_only,49300.020000000004,0.30509237111909576,0.27050206277742117,0.2718067040384766,0.1557693045867261,0.0757569149
A5_geom_only,49380.020000000004,0.30558745294213907,0.27093886936357586,0.27224884418521794,0.15567013162133364,0.0757005885
A5_geom_only,49460.020000000004,0.3060825333351558,0.2713756719034237,0.2726909901071852,0.1555700202489971,0.0756464824
A5_geom_only,49540.020000000004,0.3065776132991646,0.2718124744879296,0.2731331624317609,0.15546892635846796,0.0756190568
A5_geom_only,49620.020000000004,0.30707268925909914,0.27224927397282345,0.27357533514754606,0.15536685672429587,0.0755338222
A5_geom_only,49700.020000000004,0.30756777058163304,0.27268607406544126,0.27401754367212816,0.15526373559942283,0.0755071342
A5_geom_only,49780.020000000004,0.30806285061714317,0.273122876096757,0.27445976161612223,0.1551595881897164,0.0754419118
A5_geom_only,49860.020000000004,0.30855793229718387,0.2735596705611567,0.2749019782990265,0.1550543689474583,0.0753759444
A5_geom_only,49940.020000000004,0.30905301440623245,0.2739964610079226,0.275344213086036,0.1549480422922596,0.0753248036
A5_geom_only,50030.020000000004,0.30960998484453145,0.2744878565627863,0.275841776439464,0.15482705633874047,0.0752996057
A5_geom_only,50110.020000000004,0.31010506502304436,0.274924652524015,0.27628405499979825,0.15471831568329075,0.0752284452
A5_geom_only,50190.020000000004,0.3106001508501619,0.275361447041791,0.27672636116615107,0.15460837067041372,0.0752062127
A5_geom_only,50270.020000000004,0.31109523045666404,0.2757982491196206,0.27716870178445396,0.15449722018722037,0.0751624852
A5_geom_only,50350.020000000004,0.31159031599777615,0.27623504963241474,0.2776110400031444,0.15438486191323053,0.0751009658
A5_geom_only,50430.020000000004,0.3120854011098805,0.27667185122294824,0.2780534112211585,0.15427122628222373,0.0750839114
A5_geom_only,50510.020000000004,0.31258048493496077,0.2771086578190199,0.27849580259491774,0.15415632672550644,0.075032033
A5_geom_only,50590.020000000004,0.31307556997556363,0.2775454628975952,0.2789382022923814,0.15404013180926374,0.0749882981
A5_geom_only,50670.020000000004,0.3135706550161665,0.27798226697376405,0.2793806184811425,0.15392261376715655,0.0749490187
A5_geom_only,50750.020000000004,0.314065737339719,0.27841906901723196,0.27982304521324997,0.1538037584783465,0.0748867542
A5_geom_only,50830.020000000004,0.31456082445386035,0.2788558736297895,0.28026550582493537,0.153683520287244,0.0748660043
A5_geom_only,50910.020000000004,0.3150559099949725,0.27929267817873904,0.28070797006187065,0.1535619189270822,0.0748052225
A5_geom_only,51000.020000000004,0.31561288086227934,0.2797840724989459,0.28120573775398205,0.15342344256503873,0.0747273937
A5_geom_only,51080.020000000004,0.3161079620418107,0.2802208665103849,0.2816482338944969,0.15329881317195462,0.0747088641
A5_geom_only,51160.020000000004,0.3166030472969176,0.2806576599560553,0.2820907372802927,0.15317275703118466,0.0746399313
A5_geom_only,51240.020000000004,0.31709812704642243,0.28109445092529006,0.28253326235342424,0.15304522022119552,0.0745999068
A5_geom_only,51320.020000000004,0.31759320693892995,0.28153125101507276,0.28297583651425884,0.15291618008434946,0.0746088028
A5_geom_only,51400.020000000004,0.3180882941960739,0.281968052527633,0.2834184078510543,0.15278567129203618,0.07453987
A5_geom_only,51480.020000000004,0.31858338202522846,0.28240484700403345,0.2838609823991599,0.15265364146917118,0.0744872466
A5_geom_only,51560.020000000004,0.31907846442028226,0.2828416465862431,0.28430360297473567,0.1525200539553386,0.0744746476
A5_geom_only,51640.020000000004,0.3195735475303494,0.28327845623979875,0.2847462579107807,0.1523849203843793,0.0744375885
A5_geom_only,51720.020000000004,0.3200686359315145,0.2837152658411916,0.2851889112358765,0.15224824630025294,0.0743908957
A5_geom_only,51800.020000000004,0.3205637225451466,0.2841520719360408,0.28563157595422617,0.15210999298015054,0.0743441954
A5_geom_only,51880.020000000004,0.3210588078002535,0.28458887752244705,0.2860742583880713,0.15197015484321638,0.0742937922
A5_geom_only,51970.020000000004,0.32161577595051005,0.285080272939533,0.28657226048466394,0.151810957068887,0.0742167085
A5_geom_only,52050.020000000004,0.32211085720154264,0.2855170623993346,0.287014955054285,0.15166771570026538,0.0741848424
A5_geom_only,52130.020000000004,0.3226059439581773,0.2859538543634213,0.2874576775372325,0.15152285929807913,0.0741477832
A5_geom_only,52210.020000000004,0.3231010257097192,0.28639064429342526,0.28790040994531846,0.15137638481413476,0.0740988627
A5_geom_only,52290.020000000004,0.3235961134673725,0.28682744340801936,0.28834320263028657,0.15122823735879448,0.0741047934
A5_geom_only,52370.020000000004,0.3240912012250256,0.2872642535402293,0.2887860177951825,0.1510784736257927,0.0740469769
A5_geom_only,52450.020000000004,0.3245862856221166,0.28770106519816885,0.28922884470646465,0.15092706666817757,0.0740106627
A5_geom_only,52530.020000000004,0.32508137402328185,0.2881378768326141,0.2896716808088001,0.15077402343230203,0.0739706382
A5_geom_only,52610.020000000004,0.3255764667145265,0.2885746864562103,0.2901145290733633,0.1506193324708293,0.0739313513
A5_geom_only,52690.020000000004,0.32607155482968647,0.28901148794959614,0.2905573662171522,0.15046301779803903,0.0738505572
A5_geom_only,52770.020000000004,0.3265666407283052,0.2894482890534772,0.2910002470172214,0.1503050157048704,0.0738512948
A5_geom_only,52850.020000000004,0.3270617273419373,0.2898850961496679,0.2914431515751628,0.15014538148328646,0.0737986714
A5_geom_only,52940.020000000004,0.32761870021128126,0.2903764938459465,0.2919414003514943,0.1499638573734872,0.0737097263
A5_geom_only,53020.020000000004,0.32811378539488684,0.2908132919306965,0.29238433576843137,0.14980071935874698,0.0737193599
A5_geom_only,53100.020000000004,0.32860887601259314,0.291250097008091,0.2928272952370887,0.1496359646243909,0.0736667365
A5_geom_only,53180.020000000004,0.3291039568346179,0.2916868975230394,0.2932702515763133,0.14946959699852047,0.073609665
A5_geom_only,53260.020000000004,0.32959904116020755,0.2921236986039415,0.29371324049623965,0.14930159090051012,0.0736000314
A5_geom_only,53340.020000000004,0.3300941236267627,0.2925604986016239,0.29415623210711395,0.14913200185500095,0.0735325813
A5_geom_only,53420.020000000004,0.3305892118849252,0.29299729817294173,0.29459925439421875,0.14896079219944988,0.0735162795
A5_geom_only,53500.020000000004,0.3310842960675123,0.2934340971609159,0.2950422807154425,0.14878802447258452,0.0734569803
A5_geom_only,53580.020000000004,0.3315793736719774,0.2938708880906553,0.2954853078421446,0.14861369057824297,0.0734058395
A5_geom_only,53660.020000000004,0.3320744530639756,0.2943076775439503,0.2959283631522608,0.1484377904029693,0.0733643323
A5_geom_only,53740.020000000004,0.33256954160814334,0.2947444679898221,0.29637143932701526,0.14826035753104264,0.0733257905
A5_geom_only,53820.020000000004,0.3330646311533297,0.2951812655686239,0.29681456269407835,0.1480813793415547,0.0733280107
A5_geom_only,53910.020000000004,0.33362159394098684,0.29567267300764055,0.2973131061540475,0.1478782517823529,0.0732991099
A5_geom_only,53990.020000000004,0.3341166779805711,0.2961094801033069,0.29775626267180955,0.1476961386087433,0.0732561201
A5_geom_only,54070.020000000004,0.3346117597321131,0.296546280090758,0.2981994092029992,0.147512598715107,0.0732064545
A5_geom_only,54150.020000000004,0.3351068411976497,0.29698307305558874,0.29864256788272203,0.14732762741505087,0.0731575415
A5_geom_only,54230.020000000004,0.3356019199461359,0.29741986400170267,0.2990857467628095,0.14714125819442184,0.0731338188
A5_geom_only,54310.020000000004,0.33609700205518467,0.297856656492132,0.2995289559925128,0.14695350747752564,0.0731138065
A5_geom_only,54390.020000000004,0.3365920867382809,0.29829345504739824,0.2999721998214032,0.14676440797606266,0.0730641484
A5_geom_only,54470.020000000004,0.33708717034885727,0.29873025608680515,0.30041545597012465,0.1465740114506598,0.0730367228
A5_geom_only,54550.020000000004,0.3375822555324629,0.2991670601980844,0.3008587411078348,0.14638232352798233,0.0730219036
A5_geom_only,54630.020000000004,0.3380773423605989,0.2996038637299221,0.3013020265414281,0.14618941835386515,0.0729596391
A5_geom_only,54710.020000000004,0.3385724253991646,0.3000406658139602,0.30174533554275856,0.1459952881345169,0.0729359239
A5_geom_only,54790.020000000004,0.3390675128708126,0.30047747497237326,0.3021886828842528,0.1457999763985358,0.0729151592
A5_geom_only,54880.020000000004,0.33962448731318584,0.30096887832384367,0.3026874235537569,0.14557894954395942,0.0728365928
A5_geom_only,54960.020000000004,0.3401195721392848,0.3014056758796329,0.3031307766566883,0.14538129202623273,0.0728188083
A5_geom_only,55040.020000000004,0.34061465968243404,0.3018424723362595,0.3035741361697353,0.14518261330261995,0.0727750733
A5_geom_only,55120.020000000004,0.34110974601006083,0.30227926940125427,0.3040175333859667,0.1449828972340236,0.0727661848
A5_geom_only,55200.020000000004,0.34160482912012796,0.30271606890364666,0.30446094176058747,0.14478224239628104,0.0727031827
A5_geom_only,55280.020000000004,0.3420999193803275,0.3031528654143173,0.3049043633511931,0.14458066475087958,0.0726846531
A5_geom_only,55360.020000000004,0.34259500191838405,0.30358966191586373,0.30534780386892824,0.14437821781303875,0.0726394355
A5_geom_only,55440.020000000004,0.34309008624397375,0.30402646199138333,0.3057912782726495,0.1441749303360105,0.0726364702
A5_geom_only,55520.020000000004,0.34358517335811506,0.3044632706510434,0.30623479031728074,0.14397085675414428,0.0726149753
A5_geom_only,55600.020000000004,0.3440802605437577,0.3049000736253834,0.30667827511406953,0.14376610685629063,0.0725341886
A5_geom_only,55680.020000000004,0.3445753445118407,0.3053368671081228,0.3071217704622149,0.1435606619744606,0.0725141764
A5_geom_only,55760.020000000004,0.3450704292664383,0.30577366516553284,0.30756531030316,0.14335457169348026,0.0724986121
A5_geom_only,55850.020000000004,0.34562739612967097,0.30626506518910246,0.308064307249579,0.14312205304562486,0.0724556223
A5_geom_only,55930.020000000004,0.346122480741266,0.306701862190494,0.30850786986836676,0.14291482323908705,0.0724215284
A5_geom_only,56010.020000000004,0.34661756706889274,0.3071386581919414,0.30895145146614,0.14270712962416243,0.0723985508
A5_geom_only,56090.020000000004,0.34711265067946906,0.30757545623100335,0.30939506040448916,0.14249902041593696,0.0723770559
A5_geom_only,56170.020000000004,0.34760773436154674,0.3080122557603902,0.30983868568036643,0.14229056481906957,0.0723496303
A5_geom_only,56250.020000000004,0.3481028221907014,0.30844905428041913,0.3102823239330942,0.14208181468383685,0.0723147914
A5_geom_only,56330.020000000004,0.3485979088758347,0.30888585077217684,0.3107259733641271,0.14187282880777916,0.072262913
A5_geom_only,56410.020000000004,0.3490929914853925,0.3093226508590278,0.3111696612355833,0.14166363530747605,0.0722666159
A5_geom_only,56490.020000000004,0.3495880769550033,0.3097594539065692,0.3116133613039189,0.14145433090032497,0.0722317845
A5_geom_only,56570.020000000004,0.3500831613520944,0.31019625240716986,0.3120570619850782,0.141244964743503,0.0721932426
A5_geom_only,56650.020000000004,0.35057824717921177,0.31063305401341645,0.31250080355579096,0.1410355576744712,0.0721984282
A5_geom_only,56730.020000000004,0.35107333529437157,0.31106985551261473,0.3129445438235096,0.14082622588312238,0.0721465424
A5_geom_only,56820.020000000004,0.3516303096652434,0.31156125615854247,0.3134437845910735,0.14059082413569196,0.0721280128
A5_geom_only,56900.020000000004,0.3521253933473211,0.31199806277279735,0.3138875856116291,0.14038175114628537,0.0721176341
A5_geom_only,56980.020000000004,0.35262047452685247,0.3124348678287305,0.3143313870822967,0.14017291897087505,0.0720613077
A5_geom_only,57060.020000000004,0.3531155618554977,0.31287166682851714,0.3147751894499534,0.13996437551862972,0.0720286965
A5_geom_only,57140.020000000004,0.3536106431065304,0.31330846741667523,0.31521903018276504,0.13975614502997097,0.0720190555
A5_geom_only,57220.020000000004,0.3541057275751228,0.31374526944427295,0.31566288088992706,0.13954832838572548,0.0719997883
A5_geom_only,57300.020000000004,0.3546008137597469,0.3141820674544021,0.3161067392449316,0.13934096382465394,0.0719560534
A5_geom_only,57380.020000000004,0.35509589930085905,0.3146188629361291,0.31655061118638084,0.13913410984205676,0.0719286278
A5_geom_only,57460.020000000004,0.3555909828399341,0.31505565844800915,0.31699450826586584,0.13892780965082394,0.0719175115
A5_geom_only,57540.020000000004,0.3560860698110729,0.3154924620851786,0.3174384531438779,0.1387221039375983,0.0719019398
A5_geom_only,57620.020000000004,0.35658115785473143,0.31592926610052163,0.31788239002338203,0.13851710888755392,0.071863398
A5_geom_only,57710.020000000004,0.3571381291510462,0.3164206615859577,0.31838181945056054,0.1382873612063562,0.0718159676
A5_geom_only,57790.020000000004,0.35763321848172863,0.31685745556872474,0.3188257795830586,0.13808396946056337,0.0717989206
A5_geom_only,57870.020000000004,0.35812830252131306,0.31729424955149177,0.31926976007923646,0.13788141598373319,0.07177075
A5_geom_only,57950.020000000004,0.35862339313901925,0.3177310455735012,0.3197137672975332,0.13767974542764885,0.0717603713
A5_geom_only,58030.020000000004,0.35911847674959557,0.31816785073121884,0.3201578226012236,0.13747899282414439,0.0717700124
A5_geom_only,58110.020000000004,0.3596135698698481,0.31860466237226415,0.32060189199719086,0.13727924886686474,0.0717307255
A5_geom_only,58190.020000000004,0.36010865526795754,0.3190414679053304,0.32104594449545987,0.13708057106834562,0.0716944113
A5_geom_only,58270.020000000004,0.36060374681518104,0.31947827253305416,0.32149002966349727,0.13688295443064516,0.071686253
A5_geom_only,58350.020000000004,0.3610988373613859,0.3199150811460273,0.32193413662422676,0.13668648108545037,0.0716603175
A5_geom_only,58430.020000000004,0.3615939246185299,0.3203518846703329,0.3223782359223997,0.13649120751806634,0.0716232508
A5_geom_only,58510.020000000004,0.36208901015964196,0.3207886862494561,0.3228223612407092,0.1362971409043807,0.0716002807
A5_geom_only,58590.020000000004,0.3625840973452846,0.3212254862460397,0.3232664922787004,0.13610436076634644,0.0715595111
A5_geom_only,58680.020000000004,0.36314106828409287,0.32171688460782416,0.32376616849094886,0.135889033516842,0.0715417266
A5_geom_only,58760.020000000004,0.3636361572572686,0.3221536861659571,0.3242103510034591,0.1356990707356033,0.0715239346
A5_geom_only,58840.020000000004,0.3641312424408742,0.3225904923034592,0.3246545657673968,0.1355104897973207,0.0715076253
A5_geom_only,58920.020000000004,0.3646263337020924,0.32302729376535116,0.3250987601901779,0.13532338335204708,0.0714609325
A5_geom_only,59000.020000000004,0.36512141838518863,0.3234640892889579,0.3255429742472738,0.13513772328489593,0.0714438856
A5_geom_only,59080.020000000004,0.36561650228177034,0.3239008903694035,0.3259872286855485,0.13495355760819805,0.0714327693
A5_geom_only,59160.020000000004,0.3661115896104156,0.32433769342543245,0.326431494959193,0.13477094122530708,0.0713905171
A5_geom_only,59240.020000000004,0.36660667879809533,0.3247744985434431,0.3268757867081075,0.13458988476975015,0.0713979304
A5_geom_only,59320.020000000004,0.36710176412470363,0.32521130869738835,0.3273201048199573,0.13441042915236873,0.0713979304
A5_geom_only,59400.020000000004,0.36759685181085555,0.325648116257191,0.3277644157323205,0.13423262859975504,0.0713630989
A5_geom_only,59480.020000000004,0.3680919359219413,0.3260849177936058,0.32820873119055416,0.1340564871245998,0.0713208467
A5_geom_only,59560.020000000004,0.36858702189206133,0.32652171936287877,0.3286530740172854,0.13388202240588223,0.0713245571
A5_geom_only,59650.020000000004,0.3691439929023708,0.327013127391121,0.32915300182532475,0.13368778437773127,0.0713089854
A5_geom_only,59730.020000000004,0.3696390846640983,0.32744993343076356,0.3295973775994163,0.13351700110472925,0.0712608099
A5_geom_only,59810.020000000004,0.3701341689896878,0.32788673549932745,0.3300417673898254,0.13334796800646065,0.07124006
A5_geom_only,59890.020000000004,0.37062925624683185,0.3283235339741345,0.33048615917864305,0.13318073361573923,0.0712030008
A5_geom_only,59970.020000000004,0.3711243373548618,0.32876032948762635,0.3309305723699474,0.1330152866614942,0.0711955875
A5_geom_only,60050.020000000004,0.3716194235394859,0.3291971275189308,0.3313750130837628,0.1328516560551903,0.0711763129
A5_geom_only,60130.020000000004,0.37211450643504895,0.32963392450729767,0.33181946102101717,0.13268987086462805,0.071137771
A5_geom_only,60210.020000000004,0.37260959169015573,0.3300707261332031,0.33226395247628304,0.1325299098771689,0.0711503699
A5_geom_only,60290.020000000004,0.3731046773027692,0.3305075281230266,0.3327084375891657,0.1323718472595691,0.0710955262
A5_geom_only,60370.020000000004,0.3735997667049528,0.33094433075870905,0.3331529576200054,0.13221563018014704,0.0711088628
A5_geom_only,60450.020000000004,0.37409485560662725,0.33138113988157875,0.3335975016555045,0.13206131207245783,0.0710814446
A5_geom_only,60530.020000000004,0.37458993893119835,0.3318179469630119,0.33404204447883346,0.13190890224614948,0.0710199252
A5_geom_only,60620.020000000004,0.37514691008451057,0.33230935039428583,0.3345421616551336,0.13173972431934156,0.0710043609
A5_geom_only,60700.020000000004,0.3756419941240949,0.3327461504216447,0.33498672347320524,0.13159137744316637,0.0709739625
A5_geom_only,60780.020000000004,0.3761370799512124,0.33318294996152414,0.33543130578783287,0.13144494620595396,0.0709606186
A5_geom_only,60860.020000000004,0.37663216577832986,0.3336197515316168,0.33587591289554486,0.13130043476776626,0.0709502399
A5_geom_only,60940.020000000004,0.3771272516769487,0.3340565525566662,0.33632052706764975,0.131157861240065,0.070916146
A5_geom_only,61020.020000000004,0.37762233607403967,0.3344933510756726,0.33676515205610086,0.13101721634206204,0.0708998442
A5_geom_only,61100.020000000004,0.378117423188181,0.334930152669148,0.33720981072552836,0.13087848883864234,0.0708887279
A5_geom_only,61180.020000000004,0.3786125121613566,0.3353669592861414,0.33765449393586255,0.13074169368213484,0.0708635226
A5_geom_only,61260.020000000004,0.37910759770246893,0.33580376484711416,0.3380991769943693,0.13060684119105948,0.0708398074
A5_geom_only,61340.020000000004,0.3796026866756447,0.33624056944552694,0.3385438781521676,0.1304739073111109,0.0708153471
A5_geom_only,61420.020000000004,0.38009777293177005,0.33667737094547495,0.33898857696510265,0.13034291485155527,0.0707901493
A5_geom_only,61500.020000000004,0.38059286204794845,0.3371141715301914,0.3394333038574574,0.13021382228938744,0.0707864389
A5_geom_only,61590.020000000004,0.3811498356323057,0.3376055738250751,0.33993363761810835,0.13007089387665846,0.0707723573
A5_geom_only,61670.020000000004,0.381644922960951,0.33804237386388325,0.34037839066995723,0.12994587093507676,0.0707412288
A5_geom_only,61750.020000000004,0.38214000893107103,0.3384791764557561,0.3408231724965801,0.12982273939553757,0.0707286298
A5_geom_only,61830.020000000004,0.3826350956877057,0.33891598052000627,0.3412679660041922,0.1297015080252931,0.0706974939
A5_geom_only,61910.020000000004,0.38313018287334843,0.33935278665071056,0.34171278452060566,0.12958214922297737,0.0706804469
A5_geom_only,61990.020000000004,0.3836252706310017,0.33978959373093093,0.34215761019083035,0.129464676166282,0.0706456155
A5_geom_only,62070.020000000004,0.38412035803114847,0.3402264003484765,0.3426024524957213,0.12934905874108532,0.0706218928
A5_geom_only,62150.020000000004,0.38461544593180436,0.3406632105047872,0.34304732087820156,0.12923528939297443,0.0706033632
A5_geom_only,62230.020000000004,0.38511053540548934,0.34110002367710074,0.34349220701087524,0.12912336144298162,0.0705944672
A5_geom_only,62310.020000000004,0.3856056230201399,0.3415368358037593,0.34393709517216153,0.12901327022587958,0.0705507398
A5_geom_only,62390.020000000004,0.3861007079892414,0.34197363725331337,0.3443819552668299,0.12890501666502482,0.0705159009
A5_geom_only,62470.020000000004,0.38659579431686825,0.3424104322697845,0.34482683858735774,0.12879854013405237,0.070490703
A5_geom_only,62560.020000000004,0.3871527642546579,0.3429018271881623,0.34532735755539146,0.12868089367231964,0.0704699531
A5_geom_only,62640.020000000004,0.3876478518693084,0.3433386242357048,0.3457722928775447,0.12857818746654956,0.0704491958
A5_geom_only,62720.020000000004,0.38814293376385295,0.34377542223126406,0.34621723742309457,0.12847724623479836,0.0704277009
A5_geom_only,62800.020000000004,0.38863801401386705,0.34421222078685454,0.34666220414228066,0.12837803204228265,0.0704180673
A5_geom_only,62880.020000000004,0.3891330980534513,0.34464902183500296,0.3471071884625278,0.12828054361176203,0.0703921244
A5_geom_only,62960.020000000004,0.3896281830940542,0.345085815731094,0.3475521512140881,0.12818478153650661,0.0703432038
A5_geom_only,63040.020000000004,0.39012326284355914,0.34552260571374604,0.3479971394062719,0.12809068428020384,0.0703446865
A5_geom_only,63120.020000000004,0.3906183467401408,0.34595940583968854,0.3484421858167826,0.1279982396958745,0.0703387558
A5_geom_only,63200.020000000004,0.3911134309227278,0.3463962119220577,0.3488872419821202,0.12790746421328947,0.0703395009
A5_geom_only,63280.020000000004,0.3916085186088798,0.3468330083218185,0.3493322613643055,0.12781834780175116,0.0702950284
A5_geom_only,63360.02099999999,0.39210361019561474,0.34726980937262913,0.34977733155273993,0.12773080729835656,0.0702965111
A5_geom_only,63440.02099999999,0.39259869859678,0.34770660681890997,0.3502223985079186,0.12764489276277938,0.0702535212
A5_geom_only,63530.02099999999,0.39315566939258556,0.348198005229259,0.35072313734526417,0.12755009414796467,0.0702431425
A5_geom_only,63610.02099999999,0.39365075514820164,0.34863481133675467,0.35116826697938125,0.12746748998304872,0.0702475905
A5_geom_only,63690.02099999999,0.3941458420478389,0.34907161230883005,0.3516133740572738,0.12738644321229078,0.0701749548
A5_geom_only,63770.02099999999,0.3946409357401021,0.3495084129222214,0.35205851522423826,0.12730688688225383,0.0701971948
A5_geom_only,63850.02099999999,0.39513602092370775,0.34994521186248456,0.35250364625755415,0.12722885718656793,0.0701386333
A5_geom_only,63930.02099999999,0.39563110646481986,0.3503820145587929,0.3529488314957587,0.12715226313778252,0.0701660588
A5_geom_only,64010.02099999999,0.39612619472298244,0.3508188272079494,0.35339404036203514,0.12707714731322975,0.0701341927
A5_geom_only,64090.02099999999,0.39662128055009993,0.3512556347590279,0.3538392267120756,0.12700348338088216,0.0700934231
A5_geom_only,64170.02099999999,0.3971163678787452,0.35169243782585663,0.35428442202837285,0.12693122890023895,0.0700860098
A5_geom_only,64250.02099999999,0.3976114530623508,0.3521292398704402,0.35472963111140776,0.12686037396935923,0.0700496957
A5_geom_only,64330.02099999999,0.39810654053399885,0.3525660398963113,0.3551748491702571,0.12679089721449496,0.0700311661
A5_geom_only,64410.02099999999,0.39860162578910574,0.35300284045924357,0.3556200890799961,0.12672277152481018,0.0700044781
A5_geom_only,64500.02099999999,0.39915859965946826,0.3534942427739181,0.3561210023325877,0.12664773059376222,0.0699881688
A5_geom_only,64580.02099999999,0.39965368434256454,0.35393104636497313,0.3565662779047064,0.12658242152605276,0.0699607432
A5_geom_only,64660.02099999999,0.4001487729582337,0.3543678514504823,0.3570115665418747,0.1265184101260579,0.0699488819
A5_geom_only,64740.02099999999,0.40064386000087376,0.3548046534686659,0.3574568509779348,0.12645568177386368,0.069914788
A5_geom_only,64820.02099999999,0.4011389483305376,0.35524145352060793,0.35790215112369983,0.1263941996862252,0.0698925555
A5_geom_only,64900.02099999999,0.4016340373037134,0.3556782530349973,0.35834746132283407,0.12633395772894956,0.0698740259
A5_geom_only,64980.02099999999,0.402129121629303,0.35611505310020114,0.3587927926793808,0.12627492266737594,0.0698591992
A5_geom_only,65060.02099999999,0.40262420888644695,0.3565518556689747,0.3592381420482056,0.12621708524648237,0.0698362216
A5_geom_only,65140.02099999999,0.4031192935695432,0.3569886602697062,0.35968350871751137,0.12616042102672193,0.069821395
A5_geom_only,65220.02099999999,0.40361438197070826,0.3574254648306047,0.36012887956442097,0.12610492016096106,0.0697798952
A5_geom_only,65300.02099999999,0.40410946937085485,0.35786226840876634,0.3605742615860799,0.12605055243402585,0.0697680339
A5_geom_only,65380.02099999999,0.4046045572000094,0.35829907197358635,0.36101965488547705,0.1259973045923086,0.0697480217
A5_geom_only,65470.02099999999,0.4051615334299156,0.35879047714443946,0.3615207436195125,0.12593870825525874,0.0697257817
A5_geom_only,65550.021,0.40565662083006226,0.35922727965961043,0.36196615268889987,0.12588777972092335,0.0696909502
A5_geom_only,65630.021,0.40615170730069167,0.3596640827802673,0.36241158965066467,0.1258378931899729,0.0696865022
A5_geom_only,65710.021,0.40664679198378795,0.3601008883502135,0.36285703746405107,0.12578905792892262,0.069657594
A5_geom_only,65790.021,0.40714187874042257,0.3605376924263823,0.3633024911622911,0.1257412421332029,0.0696368441
A5_geom_only,65870.021,0.40763696521105197,0.3609744944567663,0.3637479478907959,0.1256944348063319,0.0696153492
A5_geom_only,65950.021,0.4081320514671775,0.3614112980758094,0.36419343261988574,0.1256486004037597,0.0695990399
A5_geom_only,66030.021,0.4086271401543479,0.3618481026226092,0.3646389210262144,0.1256037464807243,0.0695753247
A5_geom_only,66110.021,0.40912222912752355,0.3622849062145792,0.3650844224221236,0.1255598345470173,0.0695567951
A5_geom_only,66190.021,0.40961731495464093,0.3627217066965018,0.3655299164521678,0.12551686897924286,0.0695056468
A5_geom_only,66270.021,0.41011240049575315,0.36315849911727033,0.3659754009789635,0.12547481869778038,0.069489345
A5_geom_only,66350.021,0.4106074880389025,0.3635952987957072,0.36642095409053954,0.12543363357614262,0.0695056468
A5_geom_only,66440.021,0.41116446076524404,0.36408670560432854,0.3669222048678256,0.12538838557171583,0.0694508031
A5_geom_only,66520.021,0.4116595468068655,0.3645235015229184,0.3673677270914219,0.12534909152521637,0.0694189295
A5_geom_only,66600.021,0.412154632204975,0.36496029914218703,0.3678132982618483,0.12531061377095218,0.0694293082
A5_geom_only,66680.021,0.41264972096364677,0.36539710525090907,0.36825889806466894,0.12527297775803287,0.0693937317
A5_geom_only,66760.021,0.4131448059327483,0.3658339087737433,0.3687044819766726,0.12523616728873826,0.0693551898
A5_geom_only,66840.021,0.4136398871122798,0.36627070574272325,0.36915005658193395,0.12520015602903728,0.0693166479
A5_geom_only,66920.021,0.41413497544194355,0.36670750688864406,0.3695956796827229,0.12516490499194108,0.0693329498
A5_geom_only,67000.021,0.4146300640576127,0.36714431193215713,0.37004130671549196,0.12513044216126223,0.0693092346
A5_geom_only,67080.021,0.4151251513147567,0.3675811155247012,0.3704869404783341,0.12509672345302872,0.0692781061
A5_geom_only,67160.021,0.41562023857190067,0.3680179180517059,0.37093257517732203,0.12506375127309188,0.0692447498
A5_geom_only,67240.021,0.4161153291896068,0.36845472423111375,0.3713782466573641,0.12503148359521496,0.0692499354
A5_geom_only,67330.021,0.4166723134991628,0.36894613330924464,0.3718796232013357,0.12499605156740573,0.0692032427
A5_geom_only,67410.021,0.41716739768174976,0.36938293738541356,0.37232529083339194,0.12496528701703596,0.0691943467
A5_geom_only,67490.021,0.4176624852248992,0.3698197419733481,0.3727709748925479,0.12493520001765045,0.0691580325
A5_geom_only,67570.021,0.41815757291105105,0.37025655064132607,0.3732166870121624,0.12490577116746568,0.0691469163
A5_geom_only,67650.021,0.41865266081170693,0.3706933546034671,0.37366236933445307,0.12487701945468105,0.0690898374
A5_geom_only,67730.021,0.4191477444937847,0.37113015214035244,0.3741080595748737,0.12484888748382451,0.0690742731
A5_geom_only,67810.021,0.41964283375296585,0.3715669578235882,0.37455380438059027,0.12482136825819634,0.0690727904
A5_geom_only,67890.021,0.42013792186812565,0.3720037684389472,0.37499955389499595,0.12479447782620469,0.0690564886
A5_geom_only,67970.021,0.4206330096257789,0.37244057449066037,0.3754452866203893,0.12476819191942648,0.0690223947
A5_geom_only,68050.021,0.4211280957389016,0.3728773780693642,0.3758910297083018,0.12474248657606618,0.0689905137
A5_geom_only,68130.021,0.4216231828530429,0.3733141795860795,0.37633677392247883,0.1247173629742852,0.0689512268
A5_geom_only,68210.021,0.4221182690376669,0.3737509827107986,0.3767825465798986,0.12469278881261425,0.0689467862
A5_geom_only,68300.021,0.4226752369019182,0.3742423907030117,0.37728405784495567,0.1246658102328395,0.0689208433
A5_geom_only,68380.021,0.4231703264471045,0.374679195247504,0.37772983699722285,0.12464240796410155,0.0688785911
A5_geom_only,68460.021,0.4236654134182431,0.3751159988408577,0.3781756303978272,0.12461952476527863,0.0688563585
A5_geom_only,68540.021,0.4241605001033766,0.3755528095580433,0.37862146469606284,0.12459714819963857,0.0688652545
A5_geom_only,68620.021,0.4246555902920748,0.3759896144826018,0.379067252053647,0.12457531220821463,0.0687926114
A5_geom_only,68700.021,0.4251506716146087,0.37642641358538725,0.3795130590061984,0.12455393849173475,0.0688000247
A5_geom_only,68780.021,0.42564575794223547,0.376863215613487,0.37995888234531405,0.1245330621447035,0.0687436983
A5_geom_only,68860.021,0.42614084791642987,0.3773000130921307,0.3804046956183321,0.12451266120159409,0.0687288716
A5_geom_only,68940.021,0.4266359358170857,0.37773681832520756,0.3808505701229701,0.12449269663172635,0.0687288716
A5_geom_only,69020.021,0.4271310268637998,0.37817362838348084,0.3812964363913921,0.12447321594326166,0.0686843991
A5_geom_only,69100.021,0.4276261136919358,0.37861043193275185,0.38174228507353936,0.12445417317580389,0.0686651319
A5_geom_only,69180.021,0.42812119887554134,0.3790472319418604,0.3821881353925846,0.12443556577316175,0.0686288103
A5_geom_only,69270.021,0.42867817267440256,0.37953863488371276,0.38268975395530436,0.12441512521485022,0.0686132461
A5_geom_only,69350.021,0.4291732620050849,0.37997544096364644,0.3831356466793332,0.12439740634859413,0.0685873032
A5_geom_only,69430.021,0.42966835040625,0.38041224656129885,0.38358154292447444,0.12438009006515983,0.068554692
A5_geom_only,69510.021,0.43016343587586087,0.3808490465102423,0.3840274161877962,0.12436318428225362,0.0684902072
A5_geom_only,69590.021,0.430658524277026,0.38128584202953275,0.3844733008742951,0.1243466513762488,0.0684827939
A5_geom_only,69670.021,0.4311536123921859,0.3817226395525101,0.3849192062551932,0.12433049929270858,0.0684487
A5_geom_only,69750.021,0.43164869514474635,0.3821594355238165,0.38536510887091624,0.1243147235109144,0.0684160888
A5_geom_only,69830.021,0.4321437798278425,0.3825962289943627,0.38581101498842063,0.12429930774135295,0.0683760643
A5_geom_only,69910.021,0.43263885657429174,0.38303302504120784,0.3862569472141998,0.12428423927981677,0.0683664307
A5_geom_only,69990.021,0.4331339434024278,0.3834698297054451,0.3867029182286196,0.1242695118903522,0.068368651
A5_geom_only,70070.021,0.43362903158908894,0.3839066326659161,0.38714885765301843,0.12425514975657345,0.0683026835
A5_geom_only,70150.021,0.4341241187747316,0.3843434348147556,0.3875948210092667,0.12424109329875031,0.0683004633
A5_geom_only,70240.021,0.4346810926450942,0.3848348427933661,0.3880965444273123,0.12422568233537566,0.0682574734
A5_geom_only,70320.021,0.4351761809032567,0.38527164530200814,0.388542500175748,0.12421232612039945,0.0682285652
A5_geom_only,70400.021,0.43567126823190194,0.38570844228215273,0.38898844992490234,0.1241992765895151,0.0681803897
A5_geom_only,70480.021,0.43616635699057377,0.38614524137303025,0.3894344315071229,0.1241865168823705,0.0681625977
A5_geom_only,70560.021,0.4366614487523012,0.38658204956347486,0.38988045203488575,0.12417404993226958,0.0681544468
A5_geom_only,70640.021,0.4371565390840021,0.3870188606741979,0.3903264647591044,0.12416188617852106,0.0681173876
A5_geom_only,70720.021,0.43765162498262083,0.3874556708218523,0.39077247740585713,0.12414999922042722,0.068098858
A5_geom_only,70800.021,0.4381467119537594,0.387892479403233,0.3912184834929404,0.12413839564888797,0.0680588335
A5_geom_only,70880.021,0.43864180292897237,0.38832928703422703,0.3916644993907056,0.12412705405564316,0.0680306703
A5_geom_only,70960.021,0.4391368908296282,0.38876608796409406,0.39211048292600853,0.12411599594577594,0.0679735914
A5_geom_only,71040.021,0.4396319791592921,0.389202888106603,0.39255650301975,0.12410516546082341,0.0679683983
A5_geom_only,71120.021,0.44012707192203804,0.3896396921382428,0.3930025298121712,0.12409460668108091,0.0679231882
A5_geom_only,71210.021,0.4406840430753502,0.3901310944669132,0.39350431078192805,0.12408301378264461,0.0678868666
A5_geom_only,71290.021,0.44117913212002735,0.3905678985579868,0.3939503532523761,0.12407296389251991,0.0678742677
A5_geom_only,71370.021,0.4416742193771713,0.39100469800998966,0.39439637117346366,0.12406316206358366,0.0678083003
A5_geom_only,71450.021,0.44216930927986414,0.3914415001871826,0.3948424318250073,0.12405356218517004,0.0678142309
A5_geom_only,71530.021,0.4426643962510028,0.39187830263690215,0.3952884708057943,0.12404421740775914,0.0677593872
A5_geom_only,71610.021,0.44315948315064024,0.3923150976290095,0.3957344990178352,0.12403507717349199,0.0677289963
A5_geom_only,71690.021,0.44365457491236765,0.3927518997918531,0.39618057984117694,0.12402613619666224,0.0677289963
A5_geom_only,71770.021,0.4441496670316016,0.3931887063536731,0.3966266577064991,0.12401742313192093,0.0676874891
A5_geom_only,71850.021,0.4446447534307296,0.39362550581981987,0.3970727032942833,0.12400891900413827,0.0676415339
A5_geom_only,71930.021,0.4451398360402875,0.3940623018364061,0.3975187579830808,0.12400060359760613,0.0676141083
A5_geom_only,72010.021,0.4456349195078612,0.394499101920719,0.3979648414113122,0.12399247886181841,0.0675852075
A5_geom_only,72090.021,0.44613000783752504,0.39493590703662335,0.3984109413598961,0.12398454645365149,0.0675711185
A5_geom_only,72180.021,0.4466869814933836,0.39542730755453154,0.3989127663094177,0.12397586275556235,0.0674910694
A5_geom_only,72260.021,0.4471820693940395,0.3958641076849038,0.39935886047455527,0.1239683133079853,0.0674844012
A5_geom_only,72340.021,0.447677157437698,0.3963009137797531,0.3998049710260099,0.12396095264141062,0.06745179
A5_geom_only,72420.021,0.4481722444088367,0.39673771936227237,0.40025107381589103,0.1239537662766317,0.0674132481
A5_geom_only,72500.021,0.4486673327385005,0.39717452957123,0.400697204561413,0.12394673788289332,0.0674036145
A5_geom_only,72580.021,0.4491624289333101,0.3976113447501408,0.40114334090708414,0.1239398845107226,0.0673798919
A5_geom_only,72660.021,0.44965752033753087,0.3980481604414261,0.40158947335364803,0.12393319169503138,0.067349501
A5_geom_only,72740.021,0.4501526075231736,0.3984849663818881,0.40203555237911653,0.12392667797031645,0.067279093
A5_geom_only,72820.021,0.4506476979263758,0.39892176699497744,0.4024816510181306,0.1239202895869182,0.067262046
A5_geom_only,72900.021,0.4511427831814827,0.3993585705432279,0.4029277641454763,0.12391406324531354,0.0672272071
A5_geom_only,72980.021,0.4516378724406638,0.3997953700385434,0.40337386204746223,0.1239079860637161,0.0671805143
A5_geom_only,73060.021,0.45213295941180254,0.40023217166137853,0.4038199883931713,0.1239020383629151,0.0671619847
A5_geom_only,73150.021,0.45268993614221814,0.40072357391696833,0.40432186863102126,0.1238955325830049,0.0671130642
A5_geom_only,73230.021,0.453185024257378,0.40116037859935955,0.40476801341940066,0.12388987486086547,0.067110844
A5_geom_only,73310.021,0.4536801115860233,0.40159718461594207,0.40521414270138156,0.12388437325917266,0.0670478418
A5_geom_only,73390.021,0.45417519691263153,0.4020339866891144,0.4056602663163164,0.1238789902612632,0.0670241192
A5_geom_only,73470.021,0.45467028259674647,0.40247078924341584,0.40610639656254466,0.12387373736590986,0.0669774264
A5_geom_only,73550.021,0.4551653630612646,0.40290759335107384,0.4065525388401398,0.12386860371360528,0.0669485107
A5_geom_only,73630.021,0.4556604507474164,0.4033443968831353,0.4069986715093258,0.12386360035129487,0.0669025555
A5_geom_only,73710.021,0.4561555363600299,0.4037811938307006,0.4074447795120658,0.12385871872011121,0.0668499321
A5_geom_only,73790.021,0.45665062683473356,0.4042179919300101,0.4078909182016791,0.12385393489346423,0.0668365881
A5_geom_only,73870.021,0.45714571437788276,0.40465479961026973,0.40833709410041297,0.12384926470840245,0.0668299198
A5_geom_only,73950.021,0.4576408061396103,0.4050916076602111,0.4087832451132192,0.12384472181639106,0.066778779
A5_geom_only,74030.021,0.45813589396876486,0.40552841429955017,0.4092293990071263,0.12384027398863463,0.0667483881
A5_geom_only,74120.021,0.4586928661230957,0.4060198188094716,0.409731300386283,0.12383541138697965,0.0666816831
A5_geom_only,74200.021,0.45918795202171453,0.40645662296560775,0.4101774562135253,0.12383117940799804,0.0666683391
A5_geom_only,74280.021,0.4596830367048108,0.4068934243982459,0.410623582601339,0.12382707222762594,0.0665853247
A5_geom_only,74360.021,0.46017812081589654,0.40733021991910606,0.41106970655780567,0.12382304518847773,0.0665601268
A5_geom_only,74440.021,0.4606732062855074,0.4077670251333045,0.41151588861233135,0.12381910035347679,0.0665578991
A5_geom_only,74520.021,0.46116829347114996,0.4082038290644227,0.4119620266952598,0.12381528231118101,0.0664808154
A5_geom_only,74600.021,0.4616633777967396,0.4086406229687128,0.41240814061414577,0.12381153980303443,0.0664400533
A5_geom_only,74680.021,0.46215846226533197,0.4090774190186983,0.4128542841294649,0.12380787805303425,0.0664133728
A5_geom_only,74760.021,0.46265354852145746,0.40951422471424487,0.41330047048876173,0.12380429585443398,0.0664096624
A5_geom_only,74840.021,0.463148633919567,0.4099510373779259,0.4137466595754842,0.1238008100508001,0.0663696378
A5_geom_only,74920.021,0.46364372382225993,0.41038784643570625,0.4141928137582762,0.12379741598810076,0.0663229451
A5_geom_only,75000.021,0.46413880900586546,0.4108246474186394,0.414638938780974,0.12379410285444477,0.0662584603
A5_geom_only,75090.021,0.46469578330523587,0.4113160417536931,0.4151408218555538,0.12379046483732768,0.0662095398
A5_geom_only,75170.021,0.4651908651997804,0.4117528378042528,0.4155869637512207,0.12378730311503691,0.0661732256
A5_geom_only,75250.021,0.465685953028935,0.41218963632084976,0.41603311023783307,0.12378422307303544,0.0661413521
A5_geom_only,75330.021,0.4661810403575803,0.4126264374182986,0.4164792690917866,0.12378120921479048,0.0661346838
A5_geom_only,75410.021,0.46667612339614606,0.41306324354607765,0.4169254407086751,0.12377826859063179,0.0660865009
A5_geom_only,75490.021,0.46717121022428204,0.4135000531983619,0.4173716153090944,0.12377539859290725,0.0660457388
A5_geom_only,75570.021,0.46766629819643923,0.41393686280111014,0.41781777601047976,0.12377260254563621,0.0660168305
A5_geom_only,75650.021,0.4681613871696149,0.4143736714275897,0.4182639326664872,0.12376986900272552,0.0659738407
A5_geom_only,75730.021,0.46865647764431845,0.41481047747266536,0.4187100727725638,0.12376720718341098,0.0659182444
A5_geom_only,75810.021,0.46915156804752073,0.4152472800265125,0.419156205877293,0.12376460377026613,0.0658708066
A5_geom_only,75890.021,0.46964665072857986,0.4156840836229936,0.4196023510760997,0.12376205811719364,0.0658500567
A5_geom_only,75970.021,0.4701417353401748,0.4161208815263148,0.4200484590996566,0.12375958950210723,0.0657826066
A5_geom_only,76060.021,0.4706987022034075,0.4166122725018226,0.42055032935404835,0.12375686522134197,0.0657477677
A5_geom_only,76140.021,0.4711937848129654,0.41704906444915435,0.42099644295610594,0.12375450814132809,0.0657040402
A5_geom_only,76220.021,0.4716888677085285,0.4174858625867903,0.4214425950830736,0.1237521911108337,0.0656958893
A5_geom_only,76300.021,0.4721839553946804,0.41792265894995007,0.42188870543195034,0.12374995901879622,0.0656150952
A5_geom_only,76380.021,0.4726790420083124,0.418359457138589,0.42233485242372587,0.12374774387216618,0.0656173229
A5_geom_only,76460.021,0.4731741277639285,0.4187962621734498,0.4227810002481214,0.12374560597868133,0.065573588
A5_geom_only,76540.021,0.4736692128045314,0.4192330653169639,0.4232271332682609,0.12374351101990955,0.0655394942
A5_geom_only,76620.021,0.47416429820264083,0.4196698647748396,0.42367324106046633,0.1237414763287606,0.06548094
A5_geom_only,76700.021,0.4746593856027876,0.4201066674643463,0.4241193835674558,0.12373946633542708,0.0654564798
A5_geom_only,76780.021,0.4751544725739263,0.4205434719516211,0.4245655052396931,0.12373752883533436,0.065400891
A5_geom_only,76860.021,0.4756495599740729,0.4209802735470502,0.4250116220569091,0.12373562169648131,0.0653638318
A5_geom_only,76950.021,0.4762065329149182,0.42147167294981663,0.425513482919084,0.1237335440023765,0.0652963817
A5_geom_only,77030.021,0.476701613522439,0.4219084658890168,0.425959560744013,0.12373173970374725,0.0652533919
A5_geom_only,77110.021,0.47719670242411344,0.42234526197619415,0.4264056704625402,0.12372996416460769,0.0652407929
A5_geom_only,77190.021,0.477691784747666,0.4227820578917502,0.4268517582055401,0.12372824966855465,0.0651740879
A5_geom_only,77270.021,0.4781868692877596,0.4232188514128751,0.4272978461280159,0.12372656103428657,0.065139994
A5_geom_only,77350.021,0.4786819501812857,0.4236556474143225,0.42774394082950695,0.12372491671940071,0.0650962591
A5_geom_only,77430.021,0.47917703071730505,0.4240924439290783,0.4281900321444926,0.12372330995201777,0.0650495663
A5_geom_only,77510.021,0.4796721154004013,0.4245292455597878,0.42863614541651207,0.12372173288451907,0.0650399327
A5_geom_only,77590.021,0.48016720072700947,0.4249660465212277,0.42908222840018473,0.12372021105098828,0.064971745
A5_geom_only,77670.021,0.480662282836058,0.4254028502230374,0.42952833752977515,0.12371870053448179,0.0649598837
A5_geom_only,77750.021,0.48115737209523907,0.4258396567442242,0.42997442918343276,0.12371724827929095,0.0648939162
A5_geom_only,77830.021,0.48165246113991617,0.426276460855274,0.4304205114620211,0.12371581739029251,0.0648701936
A5_geom_only,77920.021,0.4822094368693131,0.4267678619513168,0.43092232556118637,0.12371426140402467,0.0647945926
A5_geom_only,78000.021,0.4827045204083881,0.42720466360044396,0.4313684024242196,0.12371289315687221,0.0647693872
A5_geom_only,78080.021,0.4831996075225296,0.42764146505677353,0.4318144557900614,0.12371157778403706,0.0647056475
A5_geom_only,78160.021,0.48369469435066564,0.4280782636255135,0.432260506530134,0.12371027747498343,0.0646900833
A5_geom_only,78240.021,0.4841897787477567,0.4285150692949371,0.4327065890945417,0.12370900303658917,0.0646263361
A5_geom_only,78320.021,0.48468486350235435,0.4289518681303341,0.4331526041994197,0.12370778802621525,0.0645648167
A5_geom_only,78400.021,0.48517995204652214,0.4293886575975854,0.4335986065281311,0.12370657709882164,0.0645292401
A5_geom_only,78480.021,0.4856750365151144,0.4298254536875826,0.4340446534165088,0.12370538688808336,0.0645010769
A5_geom_only,78560.021,0.48617011955368017,0.4302622516544813,0.434490683496883,0.12370423921445249,0.0644299239
A5_geom_only,78640.021,0.4866652018772327,0.43069904561947164,0.43493669234080246,0.12370311395609813,0.0643928647
A5_geom_only,78720.021,0.48716028169823894,0.4311358391064737,0.43538270257887135,0.12370201135495273,0.0643535778
A5_geom_only,78800.021,0.48765537238744644,0.43157263565720017,0.4358287252462182,0.12370092975664425,0.0643083677
A5_geom_only,78890.021,0.48821234339775604,0.432064039175361,0.4363305204822493,0.12369973959394436,0.0643061399
A5_geom_only,78970.021,0.48870742908187087,0.43250084062964944,0.43677652141015705,0.12369872443217544,0.0642194226
A5_geom_only,79050.021,0.48920251791204394,0.4329376371447412,0.4372225070324451,0.12369772059972296,0.0641719848
A5_geom_only,79130.021,0.4896976048831825,0.433374440833124,0.4376685330692362,0.12369672737575257,0.0641564205
A5_geom_only,79210.021,0.49019269678791266,0.43381125199268966,0.4381145638781192,0.12369576659774004,0.0641052797
A5_geom_only,79290.021,0.49068778476006986,0.43424806362988533,0.43856057326943454,0.12369482997300736,0.0640704408
A5_geom_only,79370.021,0.49118287502026936,0.4346848732303008,0.4390065616318789,0.12369391596299423,0.0640118867
A5_geom_only,79450.021,0.49167795691481403,0.4351216731241738,0.4394524950491373,0.1236930347627563,0.0639377683
A5_geom_only,79530.021,0.4921730441004567,0.4355584671432435,0.439898430289165,0.12369215366935213,0.0639029369
A5_geom_only,79610.021,0.49266813228711787,0.4359952610896403,0.4403443658826779,0.12369129934846097,0.0638443828
A5_geom_only,79690.021,0.49316321453916906,0.43643205459506623,0.4407903030666196,0.12369045671641861,0.0638006404
A5_geom_only,79770.021,0.4936582991507639,0.4368688526699538,0.4412362576265625,0.12368962912308289,0.0637739599
A5_geom_only,79860.021,0.4942152713050946,0.43736025384912053,0.44173794909639474,0.12368872552582662,0.0637139231
A5_geom_only,79940.021,0.49471035734671603,0.43779706003559743,0.4421839129586863,0.12368793061606663,0.0636790842
A5_geom_only,80020.021,0.4952054468204012,0.4382338609001517,0.44262981400936857,0.12368718139816424,0.0635864362
A5_geom_only,80100.021,0.4957005293584577,0.43867065031329666,0.4430756813488824,0.12368643173376227,0.0635382608
A5_geom_only,80180.021,0.4961956177596229,0.4391074428649825,0.44352158445038636,0.12368568590550377,0.0635078698
A5_geom_only,80260.021,0.49669070365824164,0.43954423987577007,0.44396749103557587,0.12368496390069027,0.0634522811
A5_geom_only,80340.021,0.49718578712581535,0.4399810368865577,0.4444133839654989,0.12368425657429635,0.0634107739
A5_geom_only,80420.021,0.4976808674473307,0.440417834925217,0.4448592743332682,0.12368356153783806,0.0633774176
A5_geom_only,80500.021,0.4981759524879336,0.44085463292677884,0.4453051517317246,0.1236828842060737,0.0633144155
A5_geom_only,80580.021,0.4986710363845154,0.4412914330213884,0.445751036023455,0.12368221249396863,0.0632721707
A5_geom_only,80660.021,0.4991661237131607,0.441728234032267,0.44619690447548194,0.123681563489693,0.0632180646
A5_geom_only,80740.021,0.49966120782424644,0.44216503563175946,0.44664277212344894,0.12368091834267705,0.0631713718
A5_geom_only,80830.021,0.5002181773330282,0.4426564338793768,0.44714433344862203,0.12368022328788415,0.0631009564
A5_geom_only,80910.021,0.5007132610151059,0.44309322839492915,0.4475901569088713,0.1236796055940757,0.0630490705
A5_geom_only,80990.021,0.5012083449116876,0.4435300295369681,0.4480360122520021,0.12367899245452756,0.0630246103
A5_geom_only,81070.021,0.5017034285937654,0.4439668289488242,0.44848182429449895,0.12367841268944425,0.0629608706
A5_geom_only,81150.021,0.5021985071992491,0.444403621922251,0.4489276131051979,0.12367783099941868,0.0629045367
A5_geom_only,81230.021,0.5026935916678414,0.4448404220932382,0.44937344560590786,0.12367724597379212,0.0628830418
A5_geom_only,81310.021,0.5031886763509377,0.4452772214854973,0.4498192332951798,0.12367669906045829,0.0627992898
A5_geom_only,81390.021,0.5036837592465008,0.4457140185910481,0.45026502257380785,0.1236761375056434,0.0627688989
A5_geom_only,81470.021,0.5041788431430826,0.4461508206485366,0.4507108192497178,0.12367559489074233,0.0627221987
A5_geom_only,81550.021,0.5046739339037913,0.4465876175642122,0.45115656986288044,0.12367507094296314,0.0626480803
A5_geom_only,81630.021,0.5051690159413386,0.4470244136418908,0.4516023297565405,0.12367453812831325,0.0626110211
A5_geom_only,81710.021,0.5056641030554798,0.4474612100811837,0.45204807299007754,0.12367402813456962,0.0625509843
A5_geom_only,81800.021,0.5062210697042087,0.4479526062108362,0.45254953658008257,0.12367344945463891,0.0624939092
A5_geom_only,81880.021,0.5067161507407372,0.44838940110710546,0.45299525182892,0.12367295890327988,0.0624412857
A5_geom_only,81960.021,0.5072112302757381,0.4488262008236738,0.4534410045127243,0.12367244749152864,0.0624168254
A5_geom_only,82040.021,0.507706318390898,0.44926300223220794,0.453886720157489,0.12367197603479238,0.0623389967
A5_geom_only,82120.021,0.5082013981404029,0.44969979518636105,0.4543323968299541,0.12367149869453749,0.062275257
A5_geom_only,82200.021,0.5086964856835522,0.45013658766477244,0.45477807784247226,0.1236710248140834,0.0622293018
A5_geom_only,82280.021,0.5091915720826804,0.4505733904107062,0.4552238102347846,0.12367053952118832,0.0622026213
A5_geom_only,82360.021,0.5096866574092884,0.4510101922743984,0.45566948152857667,0.12367009785289375,0.0621166416
A5_geom_only,82440.021,0.5101817398758436,0.45144698423848517,0.45611511546257255,0.12366964234654486,0.0620610528
A5_geom_only,82520.021,0.5106768287775181,0.4518837782601551,0.4565607675764267,0.12366918815859618,0.0620180629
A5_geom_only,82600.021,0.5111719134606142,0.45232057374718887,0.4570064117420407,0.12366874374975338,0.0619609915
A5_geom_only,82680.021,0.5116669950691537,0.45275736565270736,0.45745202504199733,0.12366830886221729,0.061907623
A5_geom_only,82770.021,0.5122239619323864,0.4532487555119508,0.45795333971741337,0.12366781441682281,0.0618431382
A5_geom_only,82850.021,0.512719049761541,0.4536855541445423,0.4583989827849857,0.1236673720034803,0.0618253537
A5_geom_only,82930.021,0.5132141375906957,0.454122353590326,0.4588445907399311,0.12366695278075798,0.0617401116
A5_geom_only,83010.021,0.5137092214157759,0.45455915527100244,0.4592902110983583,0.12366651576968012,0.061722327
A5_geom_only,83090.021,0.5142043048118483,0.45499595566668594,0.45973578761193257,0.12366610916175702,0.0616244785
A5_geom_only,83170.021,0.5146993867063929,0.45543274658194766,0.4601813225711394,0.12366569493185281,0.0615748204
A5_geom_only,83250.021,0.5151944672424122,0.4558695401490484,0.46062688489427517,0.12366527081681651,0.0615459122
A5_geom_only,83330.021,0.5156895452758854,0.45630633919833075,0.4610724531124095,0.12366485593405536,0.0614806898
A5_geom_only,83410.021,0.5161846274564353,0.45674313512037656,0.461517980116386,0.1236644529679305,0.06141546
A5_geom_only,83490.021,0.5166797112815157,0.457179931715985,0.4619635162125341,0.12366403547964465,0.0613784008
A5_geom_only,83570.021,0.5171747936765695,0.45761673224950183,0.4624090493018166,0.12366362935255275,0.0613146611
A5_geom_only,83650.021,0.5176698762861273,0.4580535343469084,0.46285457464769275,0.12366321981551605,0.0612701885
A5_geom_only,83740.021,0.5182268410758215,0.458544934895535,0.4633557549070403,0.1236627716251663,0.0611864366
A5_geom_only,83820.021,0.5187219256159152,0.45898173139163445,0.46380122547433633,0.12366236914097622,0.0611427017
A5_geom_only,83900.021,0.5192170056514255,0.4594185243048433,0.4642466720637086,0.123661972133087,0.0610700659
A5_geom_only,83980.021,0.5197120862589462,0.45985532351529507,0.46469216106948574,0.12366155222662746,0.061057467
A5_geom_only,84060.021,0.5202071677959841,0.46029212493717,0.46513761432388656,0.12366116244860383,0.0609655567
A5_geom_only,84140.021,0.5207022484750061,0.460728919414516,0.4655830301623812,0.12366076094096573,0.0609225668
A5_geom_only,84220.021,0.5211973320140812,0.4611657139120624,0.46602844690606526,0.12366035708721983,0.0608551241
A5_geom_only,84300.021,0.5216924164826735,0.4616025109633606,0.4664738673382031,0.12365994966020266,0.0608217679
A5_geom_only,84380.021,0.5221874989492286,0.46203930896319645,0.46691927164074437,0.123659547125548,0.0607639514
A5_geom_only,84460.021,0.5226825784842295,0.46247610237014347,0.4673646380919876,0.1236591482762074,0.060698729
A5_geom_only,84540.021,0.523177659520758,0.46291289849378414,0.46781002696215107,0.12365872958433899,0.0606572218
A5_geom_only,84620.021,0.5236727431313345,0.4633497005512728,0.46825541654187475,0.12365832079261306,0.0606045984
A5_geom_only,84710.021,0.5242297119966041,0.4638410994045017,0.4687564329701843,0.12365786438212041,0.0605831034
A5_geom_only,84790.021,0.5247247930331329,0.46427789746559034,0.4692017745624327,0.12365744726912985,0.0605334379
A5_geom_only,84870.021,0.5252198757856934,0.464714696474541,0.4696471044589522,0.12365703343972682,0.060481552
A5_geom_only,84950.021,0.5257149571797287,0.46515149500961606,0.4700924207620697,0.12365661392525597,0.0604333766
A5_geom_only,85030.021,0.5262100359997163,0.4655882914642554,0.4705377113868635,0.12365619717126358,0.0603703745
A5_geom_only,85110.021,0.526705116607237,0.4660250885369284,0.47098300461690723,0.123655766442081,0.060321454
A5_geom_only,85190.021,0.5272001954987261,0.4664618865157254,0.4714282810349557,0.12365534178848266,0.0602517836
A5_geom_only,85270.021,0.5276952736037005,0.4668986809721084,0.47187352879916067,0.12365491231045482,0.0602065735
A5_geom_only,85350.021,0.5281903532102026,0.4673354770357759,0.4723187840468551,0.12365446996063445,0.0601517223
A5_geom_only,85430.021,0.5286854315296808,0.4677722740050094,0.4727640210102766,0.12365403285268971,0.0600931682
A5_geom_only,85510.021,0.5291805095631539,0.46820906590665284,0.4732092198662764,0.12365359298827666,0.0600353517
A5_geom_only,85600.021,0.5297374733518297,0.468700458653442,0.4737100842056735,0.12365307689110878,0.0599982925
A5_geom_only,85680.021,0.5302325552463744,0.46913725667356976,0.47415529440636006,0.12365262021198586,0.0599360354
A5_geom_only,85760.021,0.5307276369979164,0.4695740495423409,0.47460045377702204,0.12365216761628656,0.0598685853
A5_geom_only,85840.021,0.5312227222530231,0.47001083901453067,0.4750456032364231,0.12365169653235834,0.0598241128
A5_geom_only,85920.021,0.5317178049340822,0.47044763151479707,0.4754907604814872,0.12365121920622242,0.0597588904
A5_geom_only,86000.021,0.5322128838970726,0.4708844280735243,0.4759359203457295,0.12365073340422318,0.0597210862
A5_geom_only,86080.021,0.532707967078641,0.4713212260725708,0.47638105992914126,0.12365024753991191,0.0596536361
A5_geom_only,86160.021,0.5332030436820875,0.4717580261747361,0.4768261970007872,0.12364974678226648,0.0596195422
A5_geom_only,86240.021,0.533698131511242,0.4721948287263163,0.47727132026971064,0.12364924532214025,0.0595624708
A5_geom_only,86320.021,0.534193216122837,0.4726316328448738,0.47771643425692045,0.12364873123357828,0.0595150329
A5_geom_only,86400.021,0.5346882991614027,0.4730684337868626,0.47816150455822976,0.1236482225898114,0.0594572239
A5_geom_only,86480.021,0.5351833769088705,0.473505225665869,0.4786065268822066,0.12364770360152255,0.0593675338
A5_geom_only,86570.021,0.5357403433430954,0.473996614392513,0.47910718164263966,0.12364709662807327,0.0593208335
A5_geom_only,86650.021,0.5362354262386585,0.47443340635659975,0.4795522063816578,0.12364655077943511,0.0592541285
A5_geom_only,86730.021,0.5367305087767151,0.4748702050204247,0.47999725594890746,0.12364598279098564,0.0592333786
A5_geom_only,86810.021,0.5372255934598114,0.4753070044367181,0.48044226416351843,0.12364542813928785,0.0591585152
A5_geom_only,86890.021,0.5377206733523188,0.4757437994502901,0.4808872450847004,0.12364485069295332,0.0591118224
A5_geom_only,86970.021,0.5382157560333778,0.47618059596715906,0.48133222443824,0.12364426357624925,0.0590732805
A5_geom_only,87050.021,0.5387108389289408,0.47661739400882763,0.4817771954185281,0.12364366448833224,0.0590087958
A5_geom_only,87130.021,0.5392059157468914,0.4770541894300784,0.4822221305172902,0.12364306274437924,0.0589480139
A5_geom_only,87210.021,0.5397009970694253,0.4774909875799113,0.48266708228342803,0.12364243082945928,0.0589191131
A5_geom_only,87290.021,0.5401960749598957,0.477927785470107,0.48311199547581307,0.12364180996493586,0.0588286854
A5_geom_only,87370.021,0.5406911564969338,0.47836457588764225,0.4835568677799673,0.12364116786828716,0.0587738343
A5_geom_only,87450.021,0.5411862382484757,0.478801366885854,0.48400174744068447,0.12364050598833397,0.0587271415
A5_geom_only,87540.021,0.5417432002496182,0.47929276591050474,0.4845022679329021,0.12363973800201493,0.058687117
A5_geom_only,87620.021,0.5422382837886933,0.479729568418129,0.4849471474364444,0.12363905575157569,0.0586137362
A5_geom_only,87700.021,0.5427333661122458,0.480166366394552,0.4853919845563406,0.12363835823936757,0.0585633405
A5_geom_only,87780.021,0.5432284495798196,0.4806031654896934,0.48583682543092294,0.12363763624959177,0.0585144199
A5_geom_only,87860.021,0.5437235312598602,0.4810399649690078,0.48628164308331123,0.12363690965136788,0.0584499352
A5_geom_only,87940.021,0.5442186110093651,0.4814767609484868,0.4867264314938413,0.12363616446332062,0.058400277
A5_geom_only,88020.021,0.5447136901868593,0.4819135538778995,0.487171196094904,0.12363540502851947,0.0583469085
A5_geom_only,88100.021,0.5452087708658816,0.48235034741111144,0.4876159625652058,0.12363462018849246,0.0582987331
A5_geom_only,88180.021,0.5457038496143678,0.4827871444439834,0.48806072823591246,0.12363382103755122,0.0582409091
A5_geom_only,88260.021,0.5461989297213793,0.4832239419483795,0.48850547276772466,0.12363300710105923,0.058186803
A5_geom_only,88340.021,0.546694007468847,0.4836607379276646,0.488950192597318,0.1236321759330147,0.0581386276
A5_geom_only,88420.021,0.5471890862173333,0.4840975287936063,0.4893948719994218,0.12363133186109306,0.0580645092
A5_geom_only,88510.021,0.5477460508640248,0.4845889204299032,0.48989515427944585,0.12363033980604653,0.058023002
A5_geom_only,88590.021,0.5482411311855403,0.4850257163867827,0.49033983603412956,0.1236294501400281,0.0579577722
A5_geom_only,88670.021,0.5487362127225782,0.48546251398037155,0.49078451289122316,0.12362852933632743,0.0579318292
A5_geom_only,88750.021,0.5492312879674996,0.4858993083224556,0.4912291400771995,0.12362760684417655,0.0578451119
A5_geom_only,88830.021,0.5497263680030099,0.4863360952174397,0.4916737318824569,0.12362665210039697,0.0577865578
A5_geom_only,88910.021,0.5502214428904246,0.4867728811254852,0.49211832056392535,0.12362567311736831,0.0577428304
A5_geom_only,88990.021,0.5507165195653725,0.4872096727085431,0.49256293353437763,0.12362466051395153,0.0577087365
A5_geom_only,89070.021,0.551211599028872,0.4876464728149086,0.4930075570070935,0.12362362912862619,0.0576605536
A5_geom_only,89150.021,0.5517066782063663,0.48808327175414384,0.49345213120837683,0.12362258713685449,0.057588663
A5_geom_only,89230.021,0.5522017531652823,0.48852006829415806,0.4938966852004951,0.12362150965996418,0.057544928
A5_geom_only,89310.021,0.5526968279096944,0.48895686941021776,0.4943412493013366,0.12362040366353053,0.0574900843
A5_geom_only,89390.021,0.5531919075161967,0.48939367245437015,0.4947857913649143,0.12361927914685132,0.0574374534
A5_geom_only,89480.021,0.5537488757379547,0.48988507187976216,0.49528585546001924,0.1236179845068874,0.0573714934
A5_geom_only,89560.021,0.5542439534854224,0.4903218637300458,0.4957303062403211,0.12361680966285357,0.0572914444
A5_geom_only,89640.021,0.5547390274433199,0.49075865838848765,0.49617478780840807,0.12361558199347593,0.0572714321
A5_geom_only,89720.021,0.5552341072643262,0.4911954578655265,0.49661925805291773,0.12361434429268768,0.0572150983
A5_geom_only,89800.021,0.5557291810077197,0.4916322466185563,0.49706364647357526,0.12361308728157985,0.0571298636
A5_geom_only,89880.021,0.5562242533925881,0.492069037286372,0.49750807329589797,0.12361176538602121,0.0571313463
A5_geom_only,89960.021,0.5567193317120664,0.492505830099086,0.4979524690123834,0.12361044364319694,0.0570423938
A5_geom_only,90040.021,0.5572144102460488,0.49294262684669665,0.4983968902655119,0.12360905536478656,0.0570290498
A5_geom_only,90120.021,0.5577094888515324,0.4933794246594789,0.49884126254013794,0.12360767136981059,0.0569334365
A5_geom_only,90200.021,0.5582045663844961,0.4938162192738507,0.49928562228503887,0.12360622499031099,0.056902308
A5_geom_only,90280.021,0.5586996444894704,0.49425301156921836,0.4997299402942379,0.12360476852342234,0.0568259619
A5_geom_only,90360.021,0.5591947181613627,0.4946898021466702,0.5001742593404098,0.12360325067964868,0.0567829795
A5_geom_only,90450.021,0.559751679661996,0.49518119591412346,0.5006741115307944,0.12360151343014968,0.0567103364
A5_geom_only,90530.021,0.5602467625575591,0.4956179888875504,0.5011183971734412,0.1235999260460396,0.0566732772
A5_geom_only,90610.021,0.5607418483846766,0.4960547885730356,0.5015627088428535,0.12359828667102507,0.0566384457
A5_geom_only,90690.021,0.5612369266326538,0.4964915931188888,0.5020070012078818,0.12359662243890308,0.0565954559
A5_geom_only,90770.021,0.5617320040226149,0.49692839773477393,0.5024512693381862,0.12359491106811174,0.056530226
A5_geom_only,90850.021,0.5622270826280986,0.4973652027968788,0.5028955150948995,0.12359316209343571,0.0564835332
A5_geom_only,90930.021,0.562722165595163,0.4978020063566552,0.5033397350376363,0.12359136862768404,0.0564279445
A5_geom_only,91010.021,0.5632172452731665,0.49823880580859553,0.5037839163523237,0.12358953635119424,0.056353081
A5_geom_only,91090.021,0.5637123198030748,0.4986756043922079,0.504228093887981,0.1235876465748818,0.0563197322
A5_geom_only,91170.021,0.5642074047721763,0.4991124018251843,0.5046722437012975,0.12358572138454006,0.0562396832
A5_geom_only,91250.021,0.5647024883827527,0.49954920200563335,0.5051164071909537,0.12358372943858723,0.0562285669
A5_geom_only,91330.021,0.5651975661302204,0.4999860050015214,0.5055605489379689,0.12358170537024356,0.0561500005
A5_geom_only,91420.021,0.5657545331364557,0.5004774062017063,0.5060601783661844,0.12357935909255403,0.0561077483
A5_geom_only,91500.021,0.5662496149594992,0.5009142036103641,0.5065042523001002,0.12357722853712348,0.0560284443
A5_geom_only,91580.021,0.5667446979265636,0.5013510001996918,0.5069483251250654,0.12357502881896301,0.0559899025
A5_geom_only,91660.021,0.5672397797496069,0.5017877986887673,0.507392385662794,0.1235727837150634,0.0559342988
A5_geom_only,91740.021,0.5677348609291382,0.5022245956995551,0.5078364222912674,0.1235704793123746,0.0558794551
A5_geom_only,91820.021,0.5682299429666853,0.502661391677106,0.5082804385222934,0.12356811897079896,0.0558201559
A5_geom_only,91900.021,0.568725021357665,0.5030981913189629,0.5087244657717453,0.12356568847465872,0.0557934754
A5_geom_only,91980.021,0.569220105540252,0.5035349922951771,0.5091684645447778,0.1235632116209718,0.0557208396
A5_geom_only,92060.021,0.5697151889363243,0.5039717908319846,0.5096124364390322,0.12356066559505875,0.0556837805
A5_geom_only,92140.021,0.570210270187357,0.5044085914115533,0.5100564059045878,0.12355805348303224,0.0556385629
A5_geom_only,92220.021,0.5707053502228672,0.5048453924356003,0.5105003530730845,0.12355538051927617,0.0555837192
A5_geom_only,92300.021,0.5712004319744091,0.5052821935078909,0.5109442847419599,0.12355263628960517,0.0555281304
A5_geom_only,92390.021,0.5717573974791167,0.5057735940871542,0.5114436796479378,0.12354947144906347,0.0554747619
A5_geom_only,92470.021,0.5722524807321864,0.5062103946669771,0.5118875736451226,0.12354657727888727,0.0554213934
A5_geom_only,92550.021,0.5727475606961955,0.5066471931068264,0.5123314328045947,0.12354361996749728,0.055360619
A5_geom_only,92630.021,0.5732426401596952,0.5070839880989337,0.5127752682939166,0.12354058116697056,0.0553154089
A5_geom_only,92710.021,0.5737377222687439,0.5075207856752764,0.513219110273589,0.12353746069261459,0.0552761219
A5_geom_only,92790.021,0.5742328053073095,0.5079575836466139,0.5136629271804483,0.12353427033245935,0.0552138649
A5_geom_only,92870.021,0.5747278869873504,0.5083943822325037,0.5141067356054281,0.12353099057938885,0.0551782884
A5_geom_only,92950.021,0.5752229687388924,0.5088311812130156,0.514550520571862,0.12352763688044183,0.0551108383
A5_geom_only,93030.021,0.5757180549235164,0.5092679802915229,0.5149942936208186,0.12352419062652988,0.0550708137
A5_geom_only,93110.021,0.576213138605594,0.5097047818566194,0.5154380582190635,0.12352066026005268,0.0550255962
A5_geom_only,93190.021,0.5767082227166797,0.5101415802953506,0.5158817797686928,0.12351704868630324,0.0549640842
A5_geom_only,93270.021,0.5772033061127521,0.5105783737365099,0.5163254686974952,0.1235133419811058,0.0549099706
A5_geom_only,93360.021,0.5777602736194966,0.5110697745336895,0.5168246637909955,0.12350903955658811,0.0548973717
A5_geom_only,93440.021,0.5782553529399934,0.5115065733161805,0.5172683256253884,0.12350514721182757,0.054812137
A5_geom_only,93520.021,0.5787504384096043,0.5119433715589036,0.5177119990374868,0.12350111907053192,0.0548128746
A5_geom_only,93600.021,0.5792455225206903,0.5123801729755056,0.518155649431536,0.12349701766938613,0.0547506176
A5_geom_only,93680.021,0.5797406039147256,0.512816971562307,0.5185992750572899,0.12349279699396894,0.0547113232
A5_geom_only,93760.021,0.5802356835927291,0.5132537689908397,0.5190428731857559,0.12348848150698953,0.0546446182
A5_geom_only,93840.021,0.580730764414754,0.5136905676275545,0.519486474506879,0.12348404116585385,0.054625351
A5_geom_only,93920.021,0.5812258463808001,0.5141273639717924,0.5199300296343623,0.12347951043138077,0.0545608662
A5_geom_only,94000.021,0.5817209291333606,0.5145641590885972,0.5203735833048345,0.12347484254998184,0.0545208417
A5_geom_only,94080.021,0.582216011170908,0.5150009580930913,0.52081713230548,0.1234700684744788,0.0544778518
A5_geom_only,94160.021,0.5827110883463652,0.5154377550788707,0.5212606477357427,0.12346517396325128,0.0544400476
A5_geom_only,94240.021,0.5832061690968885,0.5158745500459351,0.5217041390894808,0.12346015588949938,0.0543859415
A5_geom_only,94330.021,0.583763137461649,0.5163659508021821,0.5222030925226351,0.12345434361926,0.0543436967
A5_geom_only,94410.021,0.58425821592413,0.5168027454928986,0.5226465218357311,0.12344907396567291,0.0542562343
A5_geom_only,94490.021,0.5847532953161281,0.5172395340626269,0.5230899421554205,0.12344363680559005,0.0542391874
A5_geom_only,94570.021,0.5852483719195746,0.5176763259763426,0.5235333638362041,0.12343807697322062,0.0541895293
A5_geom_only,94650.021,0.585743450882565,0.5181131226463922,0.5239768004042122,0.12343235991848736,0.054164324
A5_geom_only,94730.021,0.586238534135635,0.5185499210575448,0.5244202019741262,0.12342652045676172,0.0541072525
A5_geom_only,94810.021,0.5867336182467205,0.5189867165922563,0.524863576110642,0.1234205220422804,0.0540650077
A5_geom_only,94890.021,0.5872287014282889,0.5194235177417005,0.5253069669116559,0.12341436714624361,0.0540435128
A5_geom_only,94970.021,0.5877237861828863,0.5198603176537169,0.5257503099239107,0.1234080751180858,0.0539819933
A5_geom_only,95050.021,0.5882188642163595,0.5202971105763571,0.5261936069212328,0.12340161890005799,0.0539278872
A5_geom_only,95130.021,0.5887139443233709,0.5207339051527929,0.5266369158018297,0.1233949888553177,0.0539071299
A5_geom_only,95220.021,0.589270909756577,0.5212253006090622,0.527135614768101,0.12338734196206293,0.0538685881
A5_geom_only,95300.021,0.5897659902925965,0.5216620961440924,0.5275788854127337,0.12338035633213959,0.0538300462
A5_geom_only,95380.021,0.5902610680400643,0.5220988910851265,0.5280221308227191,0.12337320183091297,0.0537855737
A5_geom_only,95460.021,0.5907561471460573,0.5225356887156555,0.5284653824408686,0.12336585423809653,0.0537596308
A5_geom_only,95540.021,0.5912512283970899,0.5229724840459952,0.5289085839419421,0.12335834386075348,0.0536907054
A5_geom_only,95620.021,0.5917463081465948,0.5234092750520237,0.5293517638367777,0.12335062795263682,0.0536610521
A5_geom_only,95700.021,0.5922413922576805,0.5238460675079426,0.5297949385539014,0.12334272280717878,0.0536277033
A5_geom_only,95780.021,0.5927364720786866,0.524282862059656,0.5302381096202496,0.12333461294450902,0.0535898991
A5_geom_only,95860.021,0.593231548396128,0.5247196611406141,0.5306812799938253,0.123326300144891,0.0535669215
A5_geom_only,95940.021,0.5937266276451234,0.5251564606360825,0.5311244195543228,0.12331778574300974,0.0535231866
A5_geom_only,96020.021,0.5942217059646019,0.5255932565859003,0.5315675205843436,0.12330905896054085,0.053482417
A5_geom_only,96100.021,0.5947167885026586,0.5260300521214522,0.5320106129787214,0.1233001062092379,0.0534453578
A5_geom_only,96190.021,0.5952737521483317,0.5265214481792752,0.5325090743962884,0.12328976999617834,0.0534001477
A5_geom_only,96270.021,0.5957688301818048,0.5269582410749308,0.5329521103602533,0.12328034285909938,0.0533831008
A5_geom_only,96350.021,0.59626390885879,0.527395036714482,0.5333951616236234,0.12327066226195396,0.0533616059
A5_geom_only,96430.021,0.596758990395828,0.527831834138963,0.5338381861963298,0.12326075715528582,0.0533119477
A5_geom_only,96510.021,0.5972540695018211,0.5282686307101517,0.5342811940693447,0.12325059236524075,0.0532882251
A5_geom_only,96590.021,0.5977491487508169,0.528705427151111,0.5347241767107789,0.12324018329903526,0.0532511659
A5_geom_only,96670.021,0.5982442279998125,0.5291422185452815,0.5351671179703236,0.12322951447295608,0.0532074384
A5_geom_only,96750.021,0.5987393070343041,0.529579010587769,0.535610063236942,0.12321856779063216,0.0531733446
A5_geom_only,96830.021,0.5992343884283394,0.5300158060976304,0.5360530047234662,0.12320735238227445,0.053145919
A5_geom_only,96910.021,0.599729469178863,0.5304526031346213,0.5364959305124766,0.12319585606937676,0.0531184934
A5_geom_only,96990.021,0.6002245468548295,0.5308894006369598,0.5369388343198396,0.12318407607368936,0.0530851372
A5_geom_only,97070.021,0.6007196280343609,0.5313261997189744,0.5373817295352289,0.12317199732207726,0.0530606844
A5_geom_only,97160.021,0.6012765936105698,0.5318175974209274,0.5378799466674344,0.1231580594995446,0.0530117638
A5_geom_only,97240.021,0.6017716747186002,0.5322543950022545,0.538322795139744,0.12314533211229911,0.0529954545
A5_geom_only,97320.021,0.6022667543251026,0.532691192969617,0.5387656212161187,0.12313229708094352,0.0529583953
A5_geom_only,97400.021,0.6027618335025969,0.5331279920783384,0.5392084418805829,0.12311892785696248,0.0529376455
A5_geom_only,97480.021,0.6032569122510835,0.533564793100034,0.5396512452855036,0.12310523438139229,0.0529050343
A5_geom_only,97560.021,0.6037519920005884,0.5340015931388422,0.5400940232448549,0.12309119923562134,0.0528738983
A5_geom_only,97640.021,0.6042470742526396,0.534438393695582,0.5405367873478396,0.12307681484355996,0.0528509207
A5_geom_only,97720.021,0.6047421551461657,0.5348751926719337,0.5409795211339669,0.12306207919494912,0.0528168269
A5_geom_only,97800.021,0.605237234967172,0.535311990200688,0.5414222369181714,0.12304697366371761,0.052787181
A5_geom_only,97880.021,0.6057323155031914,0.535748785630894,0.5418649239462019,0.12303150054024256,0.0527382605
A5_geom_only,97960.021,0.6062273961822138,0.5361855832663391,0.5423076197702964,0.123015630191996,0.0527308472
A5_geom_only,98040.021,0.6067224775047478,0.536622382215711,0.5427502898556058,0.12299938277982539,0.0526848994
A5_geom_only,98130.021,0.6072794399348984,0.5371137730792488,0.5432482313293489,0.12298062718760834,0.0526515432
A5_geom_only,98210.021,0.6077745211144299,0.537550566186546,0.5436908602916064,0.12296350048405102,0.0526411645
A5_geom_only,98290.021,0.608269600649431,0.5379873626524501,0.5441334778108208,0.12294596440451201,0.0526048504
A5_geom_only,98370.021,0.6087646819004634,0.538424157126465,0.5445760639404986,0.122927995239897,0.0525811277
A5_geom_only,98450.021,0.6092597602199419,0.5388609511092322,0.5450186339196562,0.12290958315850548,0.0525507443
A5_geom_only,98530.021,0.6097548422574891,0.539297744055744,0.5454611815224977,0.12289072091196447,0.0525285043
A5_geom_only,98610.021,0.6102499245810419,0.5397345401649924,0.5459037370812128,0.12287138490837127,0.0525114574
A5_geom_only,98690.021,0.6107450078341117,0.5401713334676851,0.5463462401245526,0.12285159696759071,0.0524603166
A5_geom_only,98770.021,0.611240089442651,0.5406081286759612,0.5467887616330425,0.1228312943722761,0.0524684675
A5_geom_only,98850.021,0.611735168620145,0.5410449224152255,0.5472312296463354,0.12281053012806754,0.0524054654
A5_geom_only,98930.021,0.6122302442940742,0.541481708868579,0.5476736640798805,0.12278923853032699,0.0523958318
A5_geom_only,99010.021,0.6127253245440883,0.5419184993864735,0.5481161174324707,0.12276742361657969,0.0523787849
A5_geom_only,99100.021,0.6132822928373474,0.5424098949615201,0.5486138814520105,0.12274224403780641,0.0523691513
A5_geom_only,99180.021,0.6137773716573351,0.5428466893265483,0.5490562891627275,0.12271929852024985,0.052322451
A5_geom_only,99260.021,0.6142724501198162,0.5432834844548444,0.5494986991585187,0.122695775397841,0.0523343123
A5_geom_only,99340.021,0.6147675295118142,0.543720288121798,0.5499411284487754,0.12267168213648064,0.052322451
A5_geom_only,99420.021,0.6152626152674302,0.5441570941893391,0.5503835268821896,0.12264701413424306,0.0522987358
A5_geom_only,99500.021,0.6157576978054866,0.5445938946097718,0.5508258657398477,0.12262175780174626,0.0522579588
A5_geom_only,99580.021,0.6162527791280203,0.5450306885377804,0.5512681676519571,0.12259588671142836,0.0522275753
A5_geom_only,99660.021,0.6167478628815994,0.5454674784283566,0.5517104468459584,0.1225693910349913,0.0521964394
A5_geom_only,99740.021,0.6172429475646957,0.5459042772413861,0.5521527824212784,0.12254222747561865,0.0522134937
A5_geom_only,99820.021,0.6177380268851925,0.5463410759960007,0.5525950544051886,0.1225144528885376,0.0521571599
A5_geom_only,99900.021,0.6182331041321507,0.5467778695979449,0.5530373042497736,0.12248598218202632,0.0521571599
A5_geom_only,99980.021,0.6187281873137193,0.5472146634704845,0.5534795343232368,0.12245684482661293,0.052126769
A5_geom_only,100070.021,0.6192851506018855,0.5477060544799552,0.5539770249231999,0.12242321673447044,0.0520934202
A5_geom_only,100150.021,0.6197802344984671,0.5481428526106135,0.5544192575255775,0.12239255799449014,0.0520963781
A5_geom_only,100230.021,0.6202753145339773,0.5485796494830617,0.5548614419871711,0.12236118678489717,0.0520608015
A5_geom_only,100310.021,0.6207703926389518,0.5490164450768027,0.5553036163843794,0.12232905032020935,0.0520556159
A5_geom_only,100390.021,0.6212654710299316,0.5494532404764926,0.5557457639483168,0.12229616341605715,0.0520326383
A5_geom_only,100470.021,0.6217605472758715,0.5498900319220217,0.556187880800197,0.1222624902401414,0.0520089231
A5_geom_only,100550.021,0.6222556264533659,0.5503268239139192,0.5566299937655504,0.12222801458405577,0.0519896485
A5_geom_only,100630.021,0.6227507079189027,0.550763619998906,0.5570721134890941,0.12219271716864641,0.0519770496
A5_geom_only,100710.021,0.6232457875254052,0.5512004169539299,0.5575142050714588,0.12215659665254668,0.05195852
A5_geom_only,100790.021,0.6237408679899236,0.5516372129832949,0.5579562763717683,0.12211961892609799,0.0519466586
A5_geom_only,100870.021,0.6242359504564788,0.5520740089567888,0.5583983279018336,0.12208177538629189,0.0519266464
A5_geom_only,100950.021,0.6247310302774851,0.5525108086168784,0.5588403885775606,0.12204303033862621,0.0519221984
A5_geom_only,101040.021,0.6252879988567493,0.5530022108807409,0.5593376788898172,0.12199837085238198,0.0519029312
A5_geom_only,101120.021,0.6257830759607051,0.5534390093634411,0.5597796735174483,0.12195768882884367,0.0518851392
A5_geom_only,101200.021,0.6262781566397276,0.5538758068929495,0.560221654598342,0.1219160540474973,0.0518584587
A5_geom_only,101280.021,0.6267732351022087,0.5543126007631697,0.5606635966643303,0.12187346174930512,0.0518354811
A5_geom_only,101360.021,0.6272683150662177,0.5547493943398716,0.5611055401384859,0.12182986459795309,0.0518369637
A5_geom_only,101440.021,0.6277633949587255,0.5551861913506592,0.5615474805997209,0.12178526383514365,0.0518139862
A5_geom_only,101520.021,0.6282584766387662,0.5556229888802389,0.5619894017333916,0.12173963254701665,0.0518088005
A5_geom_only,101600.021,0.6287535566742765,0.5560597858627465,0.562431298860782,0.12169295408468869,0.0517821126
A5_geom_only,101680.021,0.6292486369957923,0.5564965808265376,0.5628731697810023,0.12164520447876338,0.0517709963
A5_geom_only,101760.021,0.6297437181753237,0.5569333748093047,0.5633150247239416,0.12159635907032802,0.0517613627
A5_geom_only,101840.021,0.6302387981393327,0.5573701703486639,0.5637568757041951,0.121546393574264,0.0517457984
A5_geom_only,101920.021,0.6307338806773892,0.5578069668405696,0.5641987092272913,0.1214952940494635,0.0517391302
A5_geom_only,102010.021,0.6312908460390941,0.5582983617615026,0.5646957441554303,0.12143641960079654,0.0517139249
A5_geom_only,102090.021,0.6317859277191349,0.55873515727253,0.5651375382674655,0.12138282530677796,0.0517013259
A5_geom_only,102170.021,0.6322810085411598,0.5591719496414105,0.5655792944040706,0.12132803222370711,0.0516642667
A5_geom_only,102250.021,0.6327760906502083,0.5596087473997332,0.5660210850833383,0.12127197676296057,0.051693175
A5_geom_only,102330.021,0.6332711759053153,0.5600455446720255,0.5664628209668046,0.12121470295912089,0.0516509227
A5_geom_only,102410.021,0.6337662529377699,0.5604823429499526,0.5669045713848108,0.12115611088994367,0.0516768657
A5_geom_only,102490.021,0.6342613321152641,0.5609191407119631,0.5673462717983544,0.12109625402607117,0.0516257249
A5_geom_only,102570.021,0.6347564162978512,0.5613559389905389,0.5677879863550122,0.1210350293080732,0.0516524054
A5_geom_only,102650.021,0.6352514947603322,0.5617927429804525,0.5682296917779216,0.12097247353277721,0.0516279452
A5_geom_only,102730.021,0.6357465732943145,0.5622295393570235,0.5686713293803135,0.12090854997858014,0.0516020022
A5_geom_only,102810.021,0.6362416497547584,0.5626663385882634,0.5691129943082867,0.12084319458682215,0.0516212769
A5_geom_only,102890.021,0.6367367330078281,0.5631031441640125,0.5695546581160784,0.12077642301236277,0.051608678
A5_geom_only,102980.021,0.637293706234679,0.5635945446567818,0.5700514611363929,0.12069958114130762,0.0515760668
A5_geom_only,103060.021,0.6377887828381255,0.5640313375433968,0.570493018456129,0.1206297057895557,0.0515516065
A5_geom_only,103140.021,0.638283863445646,0.5644681316420587,0.570934591912267,0.12055830344738216,0.0515642054
A5_geom_only,103220.021,0.6387789430521486,0.5649049286238368,0.5713761568882327,0.12048537532207362,0.0515456758
A5_geom_only,103300.021,0.6392740215146295,0.5653417246252841,0.5718176979401917,0.1204108862362281,0.0515360422
A5_geom_only,103380.021,0.6397691003346172,0.5657785242612094,0.5722592470818887,0.1203347996652872,0.0515501238
A5_geom_only,103460.021,0.640264176580557,0.5662153247318926,0.5727007674701298,0.12025711412325274,0.0515219606
A5_geom_only,103540.021,0.6407592561155577,0.5666521170402999,0.5731422238915713,0.12017780395977117,0.051484894
A5_geom_only,103620.021,0.6412543397976356,0.5670889138237336,0.5735837246118198,0.1200967881951888,0.0515278839
A5_geom_only,103700.021,0.6417494178311085,0.567525711610048,0.5740251810698404,0.12001411973727487,0.0514811911
A5_geom_only,103780.021,0.6422444978666186,0.5679625005168504,0.5744665866929071,0.11992972600813191,0.0514693297
A5_geom_only,103860.021,0.6427395750420757,0.5683992905208569,0.5749080035701323,0.11984357650829558,0.0514693297
A5_geom_only,103950.021,0.643296542763324,0.5688906849675432,0.5754046091894485,0.11974453219484296,0.0514789708
A5_geom_only,104030.021,0.6437916255158845,0.5693274840263882,0.5758460272226842,0.11965458192779999,0.0514574759
A5_geom_only,104110.021,0.6442867074104291,0.5697642851039496,0.5762874296518743,0.11956280409209573,0.0514633991
A5_geom_only,104190.021,0.6447817845143851,0.5702010845644641,0.5767287957775808,0.11946918373349412,0.0514530279
A5_geom_only,104270.021,0.6452768626908608,0.5706378826140779,0.5771701453134394,0.11937367709026594,0.0514307879
A5_geom_only,104350.021,0.6457719478029649,0.5710746811241145,0.5776114810552204,0.11927626737997875,0.051427085
A5_geom_only,104430.021,0.6462670314850427,0.5715114807025908,0.5780528085446028,0.1191769207696671,0.0514278226
A5_geom_only,104510.021,0.6467621143806057,0.5719482817507392,0.5784941224548168,0.11907561970988338,0.0514167063
A5_geom_only,104590.021,0.6472571936296014,0.5723850812404297,0.5789354067638965,0.11897234270214764,0.051414486
A5_geom_only,104670.021,0.6477522728070959,0.5728218740655154,0.5793766392466183,0.11886707421967434,0.0513863154
A5_geom_only,104750.021,0.6482473520560917,0.5732586656289,0.5798178769355289,0.11875975270774328,0.0513929911
A5_geom_only,104840.021,0.6488043141287355,0.5737500582507946,0.5803142589689609,0.1186365659723024,0.0513677858
A5_geom_only,104920.021,0.6492993941642456,0.5741868554104952,0.5807554976698941,0.11852483555122147,0.0513952114
A5_geom_only,105000.021,0.6497944752007745,0.5746236564288248,0.5811967227311937,0.1184110098610422,0.0513892807
A5_geom_only,105080.021,0.6502895586683481,0.5750604543892418,0.5816379061132526,0.1182950635945713,0.0513685308
A5_geom_only,105160.021,0.6507846340562721,0.5754972519495377,0.582079080745264,0.11817695700318862,0.0513640828
A5_geom_only,105240.021,0.6512797109457242,0.5759340447433929,0.5825202057085554,0.1180567008046987,0.0513336919
A5_geom_only,105320.021,0.6517747959148258,0.5763708321804317,0.5829613092301589,0.11793423896817312,0.051338885
A5_geom_only,105400.021,0.6522698703017313,0.5768076216661715,0.5834024223456589,0.11780955278516232,0.0513359196
A5_geom_only,105480.021,0.6527649500512365,0.5772444105421597,0.5838435116152414,0.11768264035923448,0.0513203554
A5_geom_only,105560.021,0.6532600297292399,0.577681205255165,0.5842846313065265,0.11755344111717864,0.0513514839
A5_geom_only,105640.021,0.6537551076912118,0.5781180057534755,0.5847257387394296,0.11742198476900974,0.0513359196
A5_geom_only,105720.021,0.6542501905152737,0.5785548032237101,0.5851668017969779,0.11728824579336927,0.0513203554
A5_geom_only,105810.021,0.6548071598810528,0.5790462051233898,0.585663015489851,0.1171350044813114,0.0513314717
A5_geom_only,105890.021,0.6553022393445521,0.5794830080693132,0.5861040603209592,0.11699634194464262,0.051316645
A5_geom_only,105970.021,0.6557973154474896,0.5799198086581867,0.5865450821942104,0.11685533009627322,0.0513144247
A5_geom_only,106050.021,0.6562923934094613,0.5803566112354952,0.5869860994203557,0.11671196185532275,0.0513225757
A5_geom_only,106130.021,0.6567874751610034,0.5807934132626471,0.5874270921846483,0.1165662317789144,0.0513188727
A5_geom_only,106210.021,0.6572825640626778,0.581230216390223,0.5878680795327031,0.11641811301977775,0.0513151623
A5_geom_only,106290.021,0.6577776450992066,0.5816670141974791,0.5883090086191484,0.11626763644177614,0.0512892194
A5_geom_only,106370.021,0.6582727293532946,0.5821038129506343,0.5887499599634459,0.11611471925917137,0.0513010807
A5_geom_only,106450.021,0.6587678111763379,0.5825406195653956,0.5891909236578191,0.11595939822343257,0.0513159074
A5_geom_only,106530.021,0.6592628978614714,0.5829774230300722,0.5896318349819718,0.11580168346171398,0.0512929298
A5_geom_only,106610.021,0.6597579766099577,0.5834142189092885,0.5900726957107516,0.11564156254567395,0.0512647666
A5_geom_only,106690.021,0.6602530527843963,0.5838510139931807,0.5905135637850025,0.11547899570239252,0.0512869991
A5_geom_only,106780.021,0.6608100185036079,0.5843424106021253,0.5910095319055947,0.11529321197534188,0.0512580909
A5_geom_only,106860.021,0.6613050989681262,0.5847792014035051,0.5914503384113143,0.11512551346657375,0.051245492
A5_geom_only,106940.021,0.6618001760005806,0.5852159893916528,0.5918911403369496,0.11495536976011442,0.0512499399
A5_geom_only,107020.021,0.6622952540340538,0.5856527876577611,0.5923319965887616,0.11478276143658894,0.0512692071
A5_geom_only,107100.021,0.662790328134954,0.5860895901121761,0.5927728227245872,0.11460775899235291,0.0512558706
A5_geom_only,107180.021,0.6632854058109204,0.5865263865412407,0.5932135939896142,0.11443035354886433,0.051236596
A5_geom_only,107260.021,0.6637804903510139,0.5869631820843056,0.5936543608355753,0.11425052616227262,0.0512306653
A5_geom_only,107340.021,0.6642755723885612,0.5873999770146222,0.5940951074985169,0.11406830663183183,0.0512277
A5_geom_only,107420.021,0.6647706517090579,0.5878367679075035,0.5945358219838361,0.1138837037530781,0.0512262173
A5_geom_only,107500.021,0.6652657282410032,0.5882735584040346,0.5949765345192048,0.11369671035670605,0.0512262173
A5_geom_only,107580.021,0.6657608052019564,0.5887103498479479,0.5954172374131934,0.11350735448260386,0.0512254797
A5_geom_only,107660.021,0.6662558845939548,0.5891471434036549,0.5958579405969744,0.11331563793516411,0.0512158461
A5_geom_only,107750.021,0.6668128476676174,0.5896385371591056,0.5963537077526602,0.11309718341822776,0.0512202941
A5_geom_only,107830.021,0.6673079272741198,0.5900753301325325,0.5967943666855525,0.11290054923649542,0.0512121357
A5_geom_only,107910.021,0.667803004235073,0.5905121236262094,0.5972350167671503,0.11270162562577782,0.0512032472
A5_geom_only,107990.021,0.6682980846995911,0.5909489176089763,0.5976756534263307,0.11250044058883957,0.0512025021
A5_geom_only,108070.021,0.6687931633765762,0.5913857100308815,0.598116264583562,0.11229702770449877,0.0511965714
A5_geom_only,108150.021,0.669288245485625,0.5918225046277696,0.5985568829023835,0.11209138710768735,0.0512039848
A5_geom_only,108230.021,0.6697833266651564,0.5922592995259508,0.5989974742361405,0.11188358726993824,0.0511973165
A5_geom_only,108310.021,0.6702784040551175,0.5926960930510672,0.5994380502936822,0.11167363329029473,0.0511973165
A5_geom_only,108390.021,0.6707734820170893,0.5931328885635361,0.5998786223904852,0.111461564614416,0.0511987992
A5_geom_only,108470.021,0.6712685620525998,0.5935696856057443,0.600319184933501,0.11124741704504384,0.0511891581
A5_geom_only,108550.021,0.6717636417306035,0.5940064779014833,0.6007596955400871,0.111031263339518,0.0511691459
A5_geom_only,108630.021,0.672258724483164,0.594443274186391,0.6012002430896641,0.11081305881313291,0.0512039848
A5_geom_only,108720.021,0.6728156897733676,0.594934678743049,0.601695858717193,0.11056525737309489,0.0511980541
A5_geom_only,108800.021,0.6733107685218539,0.5953714786871346,0.6021363502942793,0.11034298769977496,0.0511847176
A5_geom_only,108880.021,0.6738058510599108,0.5958082783003021,0.6025768389600186,0.11011884294439521,0.0511958338
A5_geom_only,108960.021,0.6743009268768427,0.5962450808782853,0.6030173253863089,0.10989288578468599,0.0511936061
A5_geom_only,109040.021,0.6747960040522998,0.5966818787399812,0.6034577596077098,0.10966519926413303,0.0511647053
A5_geom_only,109120.021,0.675291080798749,0.5971186706723438,0.6038981648800883,0.10943580530170546,0.051148396
A5_geom_only,109200.021,0.6757861541131346,0.5975554605859884,0.6043385599666,0.10920475618566651,0.0511498787
A5_geom_only,109280.021,0.6762812296440611,0.5979922521249033,0.6047789628934382,0.10897209141849758,0.0511691459
A5_geom_only,109360.021,0.6767763050319853,0.5984290414223749,0.6052193295920797,0.10873791267774499,0.0511328317
A5_geom_only,109440.021,0.677271384352482,0.5988658284035097,0.6056596870802224,0.1085022386756658,0.0511506163
A5_geom_only,109520.02100000001,0.677766464101987,0.599302621504584,0.6061000707064569,0.10826512031754401,0.0511676632
A5_geom_only,109600.02100000001,0.678261536844362,0.5997394174740823,0.6065404366564258,0.10802665762851113,0.0511543266
A5_geom_only,109690.02100000001,0.6788185041366026,0.6002308083453113,0.6070357979092871,0.10775686849104907,0.051130604
A5_geom_only,109770.02100000001,0.6793135796675294,0.6006675988434313,0.6074761105059848,0.1075157479895583,0.0511395
A5_geom_only,109850.02100000001,0.6798086577010025,0.6011043949731454,0.6079164447002743,0.10727345323667914,0.0511491336
A5_geom_only,109930.02100000001,0.6803037382370221,0.6015411986570078,0.6083567912759424,0.10703006391955851,0.0511609949
A5_geom_only,110010.02100000001,0.6807988244216462,0.6019780036782344,0.6087971039765963,0.10678568567690663,0.0511476509
A5_geom_only,110090.02100000001,0.681293905029167,0.6024148046620248,0.6092373750071625,0.10654038365691501,0.0511328317
A5_geom_only,110170.02100000001,0.6817889850646769,0.6028516078577207,0.6096776575348346,0.10629418905430392,0.0511587746
A5_geom_only,110250.02100000001,0.682284062240134,0.6032884024627789,0.6101178541204657,0.10604727343910413,0.0511068888
A5_geom_only,110330.02100000001,0.682779138486074,0.6037251869052535,0.6105580251498455,0.10579961972909993,0.0511076264
A5_geom_only,110410.02100000001,0.6832742207381252,0.6041619827091702,0.6109982760574396,0.10555125474143406,0.0511335693
A5_geom_only,110490.02100000001,0.683769303133179,0.6045987778984576,0.6114384643941653,0.10530238820394229,0.0511024408
A5_geom_only,110570.02100000001,0.684264384670217,0.6050355716195991,0.6118786584635754,0.10505298770162178,0.0511239357
A5_geom_only,110660.02100000001,0.684821345884845,0.6055269745468507,0.6123739001877344,0.1047719147605967,0.0511291213
A5_geom_only,110740.02100000001,0.6853164268498726,0.6059637708093282,0.6128140380087419,0.10452177737843125,0.0510876141
A5_geom_only,110820.02100000001,0.6858115033103165,0.6064005628709862,0.6132541679405561,0.10427137070370877,0.0510994755
A5_geom_only,110900.02100000001,0.6863065839893384,0.6068373594259457,0.6136943143226036,0.10402078340242056,0.0511039235
A5_geom_only,110980.02100000001,0.6868016629523288,0.6072741548412255,0.6141344292999059,0.10377012675187246,0.0510868765
A5_geom_only,111060.02100000001,0.6872967485649422,0.6077109530245389,0.6145745581235167,0.10351943153613892,0.0511017032
A5_geom_only,111140.02100000001,0.6877918270989245,0.6081477472342423,0.6150146270219252,0.10326886038669907,0.0510779805
A5_geom_only,111220.02100000001,0.6882869056329066,0.6085845409576883,0.6154547130969477,0.10301839036649052,0.0510957725
A5_geom_only,111300.02100000001,0.6887819848819023,0.6090213341901568,0.6158947619150437,0.10276819250536853,0.051064644
A5_geom_only,111380.02100000001,0.6892770645599059,0.6094581299984302,0.6163348401057331,0.10251824447085449,0.0510942899
A5_geom_only,111460.02100000001,0.6897721440234054,0.6098949288309413,0.6167748906155257,0.10226872104603421,0.0510705672
A5_geom_only,111540.02100000001,0.6902672269189685,0.610331722846573,0.6172149088660573,0.10201965815955887,0.0510727949
A5_geom_only,111630.02100000001,0.6908241954267313,0.610823115463966,0.6177099152701193,0.10174011677863284,0.051059451
A5_geom_only,111710.02100000001,0.6913192761772549,0.6112599084703383,0.6181499120687215,0.10149229054626617,0.0510542654
A5_geom_only,111790.02100000001,0.6918143512791737,0.611696699837313,0.6185898839404216,0.101245180117985,0.0510335006
A5_geom_only,111870.02100000001,0.6923094292411454,0.612133491389228,0.6190298568508268,0.10099882887086772,0.0510527827
A5_geom_only,111950.02100000001,0.6928045117792017,0.6125702911269855,0.6194698629401152,0.10075329669965126,0.0510587133
A5_geom_only,112030.02100000001,0.6932995943172584,0.6130070873182297,0.6199097992408702,0.10050874733233049,0.0510372184
A5_geom_only,112110.02100000001,0.6937946734947527,0.6134438825698052,0.6203497486602497,0.10026514791844159,0.0510542654
A5_geom_only,112190.02100000001,0.6942897538877697,0.6138806799183619,0.6207896767414557,0.10002264131164385,0.0510483347
A5_geom_only,112270.02100000001,0.694784830634219,0.6143174791705015,0.6212296166755908,0.09978123491138405,0.051055748
A5_geom_only,112350.02100000001,0.6952799098832148,0.614754282686299,0.6216695463815465,0.09954104424833465,0.051046852
A5_geom_only,112430.02100000001,0.6957749901332287,0.6151910810810476,0.6221094254790376,0.09930214666109725,0.0510312803
A5_geom_only,112510.02100000001,0.6962700708837524,0.615627871887075,0.6225492610021726,0.09906459985785553,0.0510097854
A5_geom_only,112600.02100000001,0.6968270404640354,0.6161192676653805,0.6230441319395872,0.09879896692762176,0.0510394387
A5_geom_only,112680.02100000001,0.697322118140002,0.6165560732741734,0.6234840304138345,0.09856440412546122,0.0510438867
A5_geom_only,112760.02100000001,0.6978171971744936,0.6169928720428884,0.6239238515471609,0.09833141601399736,0.0510120057
A5_geom_only,112840.02100000001,0.6983122771385025,0.6174296603438271,0.6243636235307863,0.09810002335041995,0.0509868078
A5_geom_only,112920.02100000001,0.6988073588900445,0.6178664557088998,0.6248034627925068,0.09787020151513563,0.051020164
A5_geom_only,113000.02100000001,0.6993024369235177,0.6183032566077729,0.6252432844450264,0.0976421040772884,0.0510016344
A5_geom_only,113080.02100000001,0.6997975168875263,0.6187400489084914,0.6256830399663927,0.09741578166228015,0.0509742089
A5_geom_only,113160.02100000001,0.7002925954930099,0.619176835788512,0.6261227764890069,0.09719125233920908,0.0509764291
A5_geom_only,113240.02100000001,0.7007876706664299,0.6196136269301982,0.6265625461131896,0.09696853346965777,0.0509845875
A5_geom_only,113320.02100000001,0.7012827493434151,0.6200504286887747,0.6270023525050779,0.09674768141691079,0.0509971865
A5_geom_only,113400.02100000001,0.7017778253033495,0.6204872258486175,0.6274420774859721,0.0965288308529754,0.0509623475
A5_geom_only,113480.02100000001,0.702272901620791,0.6209240221497179,0.6278818205202787,0.09631191038721895,0.0509897731
A5_geom_only,113570.02100000001,0.7028298680550158,0.6214154162352697,0.6283764786550987,0.09607034633031954,0.0509601273
A5_geom_only,113650.02100000001,0.7033249453019742,0.6218522120883496,0.6288162017659912,0.0958577598579505,0.0509986691
A5_geom_only,113730.02100000001,0.7038200228349382,0.622289005134874,0.629255860625747,0.0956473403531784,0.0509393699
A5_geom_only,113810.02100000001,0.7043151063025118,0.6227257964275862,0.6296955410319041,0.09543899874547017,0.0509727262
A5_geom_only,113890.02100000001,0.7048101859805154,0.6231625959429372,0.6301352373684668,0.09523282999703624,0.0509630926
A5_geom_only,113970.02100000001,0.7053052619404497,0.6235993913081235,0.6305748825822151,0.09502888292746796,0.0509519689
A5_geom_only,114050.02100000001,0.705800341832957,0.6240361801313272,0.6310144894360279,0.09482717250681483,0.050930474
A5_geom_only,114130.02100000001,0.7062954142178255,0.6244729749387393,0.6314541473819621,0.09462766245639358,0.0509593822
A5_geom_only,114210.02100000001,0.7067904961838716,0.6249097712000226,0.6318937665249089,0.0944304707562234,0.0509238057
A5_geom_only,114290.02100000001,0.7072855778639121,0.6253465658570664,0.6323333816539233,0.09423555240513316,0.0509386323
A5_geom_only,114370.02100000001,0.7077806544673587,0.6257833575571594,0.6327729520366601,0.09404299032584933,0.0508934148
A5_geom_only,114460.02100000001,0.7083376155389841,0.6262747469871563,0.6332674797740168,0.0938291151641452,0.0509119444
A5_geom_only,114540.02100000001,0.7088326954314915,0.6267115398472942,0.6337070488379098,0.09364152147278361,0.0508971252
A5_geom_only,114620.02100000001,0.7093277788990655,0.6271483339812068,0.6341466221491778,0.09345627756575256,0.0509260334
A5_geom_only,114700.02100000001,0.7098228640111697,0.6275851314777598,0.634586189337653,0.09327342344262488,0.0509037934
A5_geom_only,114780.02100000001,0.7103179422591467,0.6280219311064801,0.6350257534860084,0.09309295383634557,0.0509141721
A5_geom_only,114860.02100000001,0.7108130230811717,0.6284587274043889,0.6354652693582172,0.09291491798169707,0.0508904494
A5_geom_only,114940.02100000001,0.7113080989696048,0.6288955256896757,0.6359048097779354,0.09273925291172166,0.0509104617
A5_geom_only,115020.02100000001,0.7118031785046057,0.6293323250153479,0.6363443184306768,0.09256603655935988,0.0508667342
A5_geom_only,115100.02100000001,0.7122982598986413,0.629769126852616,0.6367838481176621,0.09239520144073286,0.0509030558
A5_geom_only,115180.02100000001,0.7127933422936952,0.6302059333572612,0.6372233652933563,0.09222680891673421,0.0508845262
A5_geom_only,115260.02100000001,0.713288417824622,0.6306427306258924,0.6376628081219979,0.09206087096882835,0.0508489497
A5_geom_only,115340.02100000001,0.7137834966446096,0.6310795221043075,0.6381022379640395,0.09189734121945145,0.0508393086
A5_geom_only,115430.02100000001,0.7143404663678953,0.6315709107288653,0.6385965868677101,0.0917162655109097,0.0508267097
A5_geom_only,115510.02100000001,0.7148355444728698,0.6320077023214479,0.6390360221453217,0.09155785561515704,0.050838571
A5_geom_only,115590.02100000001,0.7153306266534197,0.6324445015031992,0.6394754838843155,0.09140184142474898,0.0508356057
A5_geom_only,115670.02100000001,0.7158257068319327,0.6328812961905527,0.6399148776125503,0.09124827461252656,0.0508155935
A5_geom_only,115750.02100000001,0.7163207875824561,0.6333180831079384,0.6403542417758521,0.09109709339285697,0.0508052148
A5_geom_only,115830.02100000001,0.7168158676179662,0.6337548805001467,0.6407936796993389,0.09094824961649965,0.0508445017
A5_geom_only,115910.02100000001,0.7173109480109832,0.6341916807955512,0.6412330763002909,0.09080182517243625,0.0508074425
A5_geom_only,115990.02100000001,0.7178060264019627,0.6346284732070239,0.6416724233567648,0.09065776791497687,0.0507837199
A5_geom_only,116070.02100000001,0.7183011115855681,0.6350652735897505,0.6421118289614653,0.09051601908987765,0.0508326404
A5_geom_only,116150.02100000001,0.71879620034424,0.6355020774747373,0.642551203503183,0.090376643209833,0.0508000292
A5_geom_only,116230.02100000001,0.7192912838118137,0.6359388733614032,0.64299052176182,0.09023960121061135,0.0507829823
A5_geom_only,116310.02100000001,0.7197863666358756,0.6363756710491413,0.6434298631193509,0.09010484166190712,0.0507933535
A5_geom_only,116400.02100000001,0.7203433314970713,0.6368670675240186,0.6439240863447833,0.0899560023588489,0.0507703759
A5_geom_only,116480.02100000001,0.7208384167521782,0.6373038642026452,0.6443634011950097,0.08982609250317958,0.0507837199
A5_geom_only,116560.02100000001,0.7213334972881974,0.6377406668223423,0.6448027298177552,0.08969843519176299,0.0507881679
A5_geom_only,116640.02100000001,0.721828574106148,0.6381774703746497,0.6452420377178252,0.08957301950563239,0.0507807545
A5_geom_only,116720.02100000001,0.7223236552141776,0.6386142708221108,0.6456813112403853,0.08944982930744054,0.0507607423
A5_geom_only,116800.02100000001,0.7228187371087225,0.6390510677944674,0.6461205638033871,0.08932883312851463,0.05074073
A5_geom_only,116880.02100000001,0.7233138165722219,0.6394878617003243,0.6465597965150758,0.08921001441802691,0.050731834
A5_geom_only,116960.02100000001,0.7238088987527718,0.6399246526165915,0.6469990141677182,0.08909334609522357,0.0507199802
A5_geom_only,117040.02100000001,0.7243039787167806,0.6403614451816068,0.647438244376324,0.08897879372075974,0.0507177524
A5_geom_only,117120.02100000001,0.7247990600393147,0.640798242269449,0.6478774855336982,0.08886634327433401,0.0507184975
A5_geom_only,117200.02100000001,0.7252941420053607,0.6412350407749712,0.6483167109764827,0.08875598246751523,0.0507251658
A5_geom_only,117280.02100000001,0.725789227117465,0.6416718340794781,0.6487558889738003,0.08864769831337543,0.0506844036
A5_geom_only,117370.02100000001,0.7263461954107241,0.6421632321481753,0.6492500133072316,0.08852826727935936,0.0507229455
A5_geom_only,117450.02100000001,0.7268412733726958,0.642600029296679,0.6496891799441505,0.08842428647693244,0.0506755076
A5_geom_only,117530.02100000001,0.7273363504766517,0.643036817747401,0.6501283125354915,0.08832227410645908,0.050660681
A5_geom_only,117610.02100000001,0.72783142772361,0.643473606159459,0.6505674498536843,0.08822221803919095,0.0506584607
A5_geom_only,117690.02100000001,0.7283265043270564,0.6439104024705076,0.6510066359511715,0.088124064369503,0.0506895892
A5_geom_only,117770.02100000001,0.7288215823605297,0.6443472044505482,0.6514458091854105,0.08802783872686669,0.0506717972
A5_geom_only,117850.02100000001,0.7293166636830637,0.6447839982008248,0.6518849110238529,0.08793351575945252,0.0506414138
A5_geom_only,117930.02100000001,0.7298117442905845,0.6452207861275507,0.6523239963881851,0.08784103728529474,0.0506325178
A5_geom_only,118010.02100000001,0.7303068276866568,0.6456575808671723,0.6527631304757883,0.0877503628409304,0.0506584607
A5_geom_only,118090.02100000001,0.730801902860077,0.6460943756263497,0.6532022239464161,0.08766152297303734,0.0506184362
A5_geom_only,118170.02100000001,0.7312969807505472,0.6465311645624156,0.653641287998029,0.08757445178295849,0.0506206565
A5_geom_only,118250.02100000001,0.7317920595705347,0.646967951926165,0.6540803425906007,0.08748913393845559,0.0505939759
A5_geom_only,118340.02100000001,0.7323490292938204,0.6474593465923458,0.6545743359850498,0.08739517650927846,0.0506265871
A5_geom_only,118420.02100000001,0.7328441086143173,0.647896149620252,0.6550134397226737,0.087313477224593,0.0506214015
A5_geom_only,118500.02100000001,0.7333391914383791,0.6483329438155845,0.6554524614770103,0.08723347266312292,0.0505717434
A5_geom_only,118580.02100000001,0.7338342691858468,0.6487697317812828,0.6558914694289844,0.08715509356951583,0.0505732186
A5_geom_only,118660.02100000001,0.7343293501508742,0.6492065191448433,0.6563304747772896,0.08707833381310563,0.0505658127
A5_geom_only,118740.02100000001,0.7348244276123367,0.6496433144881457,0.6567695338818307,0.08700313165708647,0.0505895279
A5_geom_only,118820.02100000001,0.7353195061463191,0.6500801201368936,0.6572086076002153,0.08692950435900694,0.050585825
A5_geom_only,118900.02100000001,0.7358145893278875,0.6505169178053879,0.657647590883242,0.08685744931523406,0.0505406074
A5_geom_only,118980.02100000001,0.736309661998761,0.6509537135562872,0.6580865906327013,0.08678687060735973,0.0505672954
A5_geom_only,119060.02100000001,0.7368047413907592,0.6513905129926251,0.6585255876361891,0.086717795044938,0.0505517311
A5_geom_only,119140.02100000001,0.7372998177797019,0.6518273063337147,0.6589645376799432,0.08665018782504948,0.0505124442
A5_geom_only,119220.02100000001,0.7377948978867134,0.6522641030944372,0.6594035228249511,0.0865839888544672,0.0505480208
A5_geom_only,119310.02100000001,0.7383518589583389,0.652755496605618,0.6598973238229262,0.08651123780226319,0.0504991002
A5_geom_only,119390.02100000001,0.7388469379213292,0.6531922830379451,0.6603362286612261,0.0864480259792881,0.0504902117
A5_geom_only,119470.02100000001,0.7393420178138369,0.6536290741496831,0.6607751694046052,0.08638615768540973,0.0504939146
A5_geom_only,119550.02100000001,0.7398370989933681,0.6540658659959521,0.661214088286523,0.08632563781805157,0.0504716821
A5_geom_only,119630.02100000001,0.7403321832474566,0.654502655456337,0.6616529909582141,0.08626642006535083,0.050466489
A5_geom_only,119710.02100000001,0.7408272628539587,0.6549394454017433,0.6620918904302573,0.08620848665092816,0.0504494421
A5_geom_only,119790.02100000001,0.7413223348098193,0.6553762421636207,0.6625308262076516,0.08615179465027882,0.0504805706
A5_geom_only,119870.02100000001,0.7418174090537222,0.655813037365106,0.6629697077524435,0.08609637348904983,0.0504368432
A5_geom_only,119950.02100000001,0.7423124885172218,0.6562498294867838,0.6634085848348075,0.08604214200261366,0.0504479595
A5_geom_only,120030.02100000001,0.74280757005426,0.6566866239150869,0.6638474596250825,0.0859891111818363,0.0504309125
A5_geom_only,120110.02100000001,0.7433026503757757,0.65712341898609,0.6642863315899314,0.0859372402149299,0.0504301749
A5_geom_only,120190.02100000001,0.7437977286952541,0.6575602170456907,0.6647252053562427,0.08588651518761234,0.0504309125
A5_geom_only,120280.02100000001,0.7443546983470385,0.6580516153689698,0.6652189196237175,0.08583079491964737,0.0504116453
A5_geom_only,120360.02100000001,0.744849776523514,0.6584884154868308,0.6656577762554907,0.08578242776228122,0.050404232
A5_geom_only,120440.02100000001,0.7453448537704723,0.6589252128243068,0.6660965944090148,0.08573515357423213,0.0503916331
A5_geom_only,120520.02100000001,0.7458399330909693,0.6593620131401541,0.6665354422284172,0.08568890737342387,0.050399784
A5_geom_only,120600.02100000001,0.7463350136269888,0.6597988197198726,0.6669742934372652,0.085643709440735,0.0503805093
A5_geom_only,120680.02100000001,0.7468300938055017,0.660235617422983,0.6674130651811261,0.08559954738063258,0.0503604971
A5_geom_only,120760.02100000001,0.7473251683354096,0.6606724057948994,0.6678518064978987,0.08555636721990975,0.0503382646
A5_geom_only,120840.02100000001,0.7478202435803312,0.6611091953348319,0.6682905729633446,0.08551414844235274,0.0503338166
A5_geom_only,120920.02100000001,0.7483153239018467,0.6615459841517868,0.6687293219982491,0.08547289460212282,0.0503189899
A5_geom_only,121000.02100000001,0.7488103985032561,0.6619827753051805,0.6691680920922107,0.08543255531793333,0.0503271483
A5_geom_only,121080.02100000001,0.7493054761077212,0.662419566061154,0.6696068315494521,0.08539315254402825,0.050306391
A5_geom_only,121160.02100000001,0.7498005542126956,0.662856359837604,0.6700456000850703,0.08535461651713533,0.0503049083
A5_geom_only,121250.02100000001,0.7503575212904323,0.6633477639422619,0.6705392410042684,0.0853123195786637,0.0503138043
A5_geom_only,121330.02100000001,0.7508525984658894,0.663784562692892,0.670977962447759,0.08527565673668717,0.0502745248
A5_geom_only,121410.02100000001,0.7513476764993625,0.6642213557061788,0.6714166653665139,0.0852398166432421,0.0502671115
A5_geom_only,121490.02100000001,0.7518427523877957,0.6646581465412685,0.6718553532179803,0.08520480558620162,0.0502448715
A5_geom_only,121570.02100000001,0.7523378359983723,0.6650949407635041,0.6722940725236932,0.08517057622281379,0.0502656288
A5_geom_only,121650.02100000001,0.7528329088837501,0.6655317334573742,0.6727327490872392,0.08513716184970142,0.0502241217
A5_geom_only,121730.02100000001,0.7533279869887243,0.6659685230379805,0.6731714229455072,0.08510449492244689,0.0502248593
A5_geom_only,121810.02100000001,0.7538230621621445,0.6664053128634215,0.6736100850943068,0.08507259408337454,0.0501959585
A5_geom_only,121890.02100000001,0.7543181396951082,0.666842101354839,0.6740487422572949,0.08504142033572107,0.0502026267
A5_geom_only,121970.02100000001,0.7548132132954993,0.6672788975965265,0.6744874408909787,0.08501095458816277,0.0502152257
A5_geom_only,122050.02100000001,0.7553082933310092,0.6677156965057982,0.6749261149316786,0.08498121327380244,0.0501944758
A5_geom_only,122130.02100000001,0.7558033729375117,0.6681524925072456,0.6753647628002598,0.08495215672570368,0.0501870625
A5_geom_only,122220.02100000001,0.7563603374412009,0.6686438956181072,0.6758582826169495,0.08492025724421358,0.0501937307
A5_geom_only,122300.02100000001,0.7568554157606792,0.6690806921471429,0.6762968824568079,0.0848926428421002,0.0501403622
A5_geom_only,122380.02100000001,0.7573504945806667,0.6695174765210921,0.6767354433649797,0.08486565035055212,0.0501270257
A5_geom_only,122460.02100000001,0.7578455784772484,0.6699542656581519,0.6771740547671881,0.08483927231098173,0.0501403622
A5_geom_only,122540.02100000001,0.7583406596567797,0.670391061740048,0.6776126856323645,0.08481351412242731,0.0501418449
A5_geom_only,122620.02100000001,0.7588357396207887,0.6708278644833328,0.6780513330952203,0.08478835122386977,0.0501388796
A5_geom_only,122700.02100000001,0.7593308233028664,0.6712646679138656,0.6784899454789791,0.08476379453508376,0.0501070134
A5_geom_only,122780.02100000001,0.7598259071279467,0.6717014674278526,0.6789285290930517,0.08473980810665385,0.0500870012
A5_geom_only,122860.02100000001,0.7603209864484436,0.6721382696063263,0.6793671284380187,0.08471637561443124,0.0500929318
A5_geom_only,122940.02100000001,0.7608160707025318,0.672575074166988,0.6798057206271034,0.08469349995420886,0.0500892214
A5_geom_only,123020.02100000001,0.7613111540986042,0.6730118787680173,0.6802443004836336,0.08467115986309373,0.0500781052
A5_geom_only,123100.02100000001,0.7618062356356422,0.6734486854281465,0.6806828817885743,0.08464934252598545,0.0500669889
A5_geom_only,123190.02100000001,0.762363201426355,0.673940084601453,0.6811762119193099,0.0846254349475073,0.0500165857
A5_geom_only,123270.02100000001,0.7628582834639023,0.6743768797554114,0.6816147322590144,0.08460469158031546,0.0500328951
A5_geom_only,123350.02100000001,0.763353358780325,0.6748136703862472,0.6820532118539606,0.0845844630313862,0.0499913879
A5_geom_only,123430.02100000001,0.7638484426054052,0.6752504663894711,0.6824917588568087,0.084564666983977,0.0500121377
A5_geom_only,123510.02100000001,0.7643435284325225,0.6756872718782971,0.682930312534487,0.0845453678004188,0.0499995388
A5_geom_only,123590.02100000001,0.7648386128296136,0.6761240754700798,0.683368835227474,0.08452651974024086,0.0499861948
A5_geom_only,123670.02100000001,0.7653336921501106,0.6765608742965774,0.6838073150210578,0.08450813011347771,0.0499550663
A5_geom_only,123750.02100000001,0.7658287724001248,0.6769976761540522,0.6842458318531426,0.08449014860085081,0.0499773063
A5_geom_only,123830.02100000001,0.7663238543661707,0.6774344847519285,0.6846843560741914,0.08447260832825444,0.0499676652
A5_geom_only,123910.02100000001,0.7668189421953252,0.6778712891904112,0.6851228326664933,0.08445549144885778,0.0499276407
A5_geom_only,123990.02100000001,0.7673140228743474,0.6783080897135393,0.6855612911931264,0.08443877487910018,0.0499209724
A5_geom_only,124080.02100000001,0.7678709876640416,0.678799485656846,0.686054529409768,0.08442044905530388,0.0499002151
A5_geom_only,124160.02100000001,0.7683660699160929,0.6792362770551275,0.6864929442996561,0.08440456734971237,0.049859453
A5_geom_only,124240.02100000001,0.7688611513816294,0.679673069100781,0.6869313738458989,0.08438905498431808,0.0498779826
A5_geom_only,124320.02100000001,0.7693562276990706,0.6801098683342989,0.6873698401308976,0.0843739034993926,0.0498779826
A5_geom_only,124400.02100000001,0.7698513075915782,0.6805466661094088,0.6878082606096112,0.08435913580915474,0.0498535223
A5_geom_only,124480.02100000001,0.7703463864830671,0.6809834643747172,0.6882466972457553,0.08434469433719453,0.0498490743
A5_geom_only,124560.02100000001,0.7708414663755744,0.6814202600490467,0.688685087918757,0.08433062611103302,0.0498053469
A5_geom_only,124640.02100000001,0.7713365451955619,0.6818570569029591,0.6891235108757605,0.08431685812689226,0.0498268418
A5_geom_only,124720.02100000001,0.7718316276621173,0.6822938525359172,0.6895618888292883,0.08430345458399827,0.0497779213
A5_geom_only,124800.02100000001,0.7723266998324817,0.6827306468054792,0.6900002834530362,0.08429033725822191,0.0497942306
A5_geom_only,124880.02100000001,0.7728217833000557,0.6831674489039649,0.6904387023973698,0.08427754353582821,0.0497897826
A5_geom_only,124960.02100000001,0.7733168699136878,0.6836042519707934,0.6908771031849524,0.08426505707999483,0.0497697704
A5_geom_only,125050.02100000001,0.7738738326298434,0.6840956519050032,0.6913702663873917,0.08425137226309666,0.0497497581
A5_geom_only,125130.02100000001,0.7743689163119212,0.684532450491423,0.6918086305943688,0.0842395075008225,0.0497497581
A5_geom_only,125210.02100000001,0.7748639988499777,0.6849692542068007,0.6922470194176594,0.08422792072246452,0.049748268
A5_geom_only,125290.02100000001,0.7753590777414668,0.6854060581595647,0.6926853817054169,0.08421662404076703,0.0497252904
A5_geom_only,125370.02100000001,0.775854159135502,0.6858428618339689,0.6931237420369694,0.08420558562206187,0.0497074984
A5_geom_only,125450.02100000001,0.7763492383844978,0.6862796579487901,0.693562035982167,0.0841948365837465,0.0496645086
A5_geom_only,125530.02100000001,0.7768443130574084,0.6867164558970251,0.6940003813051296,0.08418430202734485,0.0496897139
A5_geom_only,125610.02100000001,0.7773393935934277,0.6871532624346796,0.6944387414078241,0.0841740425370637,0.0496763699
A5_geom_only,125690.02100000001,0.7778344747014578,0.6875900617418297,0.6948770358954339,0.08416403755710426,0.0496222638
A5_geom_only,125770.02100000001,0.7783295570250105,0.6880268630790649,0.6953153649821782,0.0841542450054671,0.0496489443
A5_geom_only,125850.02100000001,0.7788246411360962,0.6884636706672621,0.695753703032581,0.08414470092585812,0.0496385731
A5_geom_only,125930.02100000001,0.7793197281787361,0.68890047251799,0.6961919854258724,0.0841353949609302,0.0496007688
A5_geom_only,126020.02100000001,0.7798766946129607,0.6893918632928501,0.6966849998490995,0.0841251908753455,0.0495644473
A5_geom_only,126100.02100000001,0.7803717789385505,0.6898286575654934,0.6971232818084415,0.0841163259872675,0.049566675
A5_geom_only,126180.02100000001,0.7808668622631214,0.69026545441053,0.697561551145288,0.08410769504157128,0.0495548137
A5_geom_only,126260.02100000001,0.7813619451586846,0.6907022442315399,0.6979997774262837,0.0840992688285809,0.0495325811
A5_geom_only,126340.02100000001,0.7818570233351605,0.6911390395555921,0.698438056929704,0.08409101994165788,0.0495474003
A5_geom_only,126420.02100000001,0.7823521067312328,0.6915758431478507,0.6988763509903143,0.08408298246071327,0.0495296158
A5_geom_only,126500.02100000001,0.7828471942028808,0.6920126493257949,0.6993146365744906,0.08407513354238814,0.0495118238
A5_geom_only,126580.02100000001,0.7833422802445026,0.6924494553374947,0.6997528973297511,0.0840674801990756,0.0494925566
A5_geom_only,126660.02100000001,0.7838373600655089,0.692886251531594,0.7001910895775689,0.08406002174075268,0.0494503044
A5_geom_only,126740.02100000001,0.7843324395290084,0.6933230478244554,0.7006293183805186,0.08405271066976218,0.0494569801
A5_geom_only,126820.02100000001,0.7848275167044655,0.6937598424833014,0.7010675106526152,0.08404560482462134,0.0494214036
A5_geom_only,126900.02100000001,0.7853225952384477,0.6941966309772263,0.7015056879856956,0.0840386490343113,0.0494006462
A5_geom_only,126990.02100000001,0.7858795575970967,0.6946880226090308,0.7019986698869995,0.08403101902350854,0.0493976809
A5_geom_only,127070.02100000001,0.7863746379186123,0.6951248176011381,0.7024368740258027,0.08402441251159688,0.049368035
A5_geom_only,127150.02100000001,0.7868697179541224,0.6955616157465825,0.7028750884140949,0.08401795661882784,0.0493739657
A5_geom_only,127230.02100000001,0.7873647988476485,0.6959984167947307,0.7033132983596757,0.08401166017242187,0.0493539535
A5_geom_only,127310.02100000001,0.7878598883928348,0.6964352204707985,0.7037515114310418,0.08400550797169001,0.0493480228
A5_geom_only,127390.02100000001,0.788354973290435,0.69687201920728,0.7041896690772966,0.08399952202928958,0.0493072532
A5_geom_only,127470.02100000001,0.7888500570440139,0.6973088122225904,0.7046278128583923,0.08399366197392026,0.0492894687
A5_geom_only,127550.02100000001,0.7893451398680754,0.6977456067309833,0.705065969420656,0.08398794158910829,0.0492783524
A5_geom_only,127630.02100000001,0.7898402233356491,0.6981823996205313,0.7055041083930718,0.0839823620417145,0.0492457412
A5_geom_only,127710.02100000001,0.7903353054446977,0.6986192016140083,0.7059423123399068,0.08397688791054757,0.0492768697
A5_geom_only,127790.02100000001,0.7908303845506903,0.6990560016745477,0.7063804456665462,0.08397158919429806,0.049225729
A5_geom_only,127870.02100000001,0.7913254631561738,0.6994927979701601,0.7068185859939417,0.08396637779794335,0.0492183156
A5_geom_only,127960.02100000001,0.7918824378845525,0.6999842025979098,0.7073115239018031,0.08396067541685036,0.0492153503
A5_geom_only,128040.02100000001,0.7923775212091234,0.7004210087348418,0.7077496812156057,0.08395573346126728,0.0492020063
A5_geom_only,128120.02100000001,0.7928726042476891,0.7008578126846787,0.7081878069931626,0.08395091659621334,0.0491642095
A5_geom_only,128200.02100000001,0.7933676895742973,0.7012946084754311,0.7086258840313577,0.08394621798863036,0.0491278879
A5_geom_only,128280.02100000001,0.793862768251282,0.7017314073164859,0.7090640076784167,0.08394160370366954,0.0491464175
A5_geom_only,128360.02100000001,0.7943578476432802,0.7021682128855674,0.709502143021133,0.08393711401522935,0.0491293706
A5_geom_only,128440.02100000001,0.7948529320403712,0.7026050100843486,0.7099402057060559,0.08393274505739531,0.0490752645
A5_geom_only,128520.02100000001,0.7953480165089635,0.7030418031845327,0.7103782731928349,0.08392845705340983,0.0490700714
A5_geom_only,128600.02100000001,0.7958430961154656,0.7034785949794975,0.7108163273170953,0.08392428405779052,0.0490411706
A5_geom_only,128680.02100000001,0.7963381810845672,0.7039153865869959,0.7112543944088752,0.08392019318483053,0.04903524
A5_geom_only,128760.02100000001,0.7968332636941249,0.7043521868374906,0.7116925042918025,0.0839161942536122,0.0490359776
A5_geom_only,128840.02100000001,0.7973283493782396,0.704788989293736,0.7121305909239571,0.08391230427540164,0.0490078144
A5_geom_only,128930.02100000001,0.7978853178145017,0.7052803905152453,0.7126234211551368,0.08390802871581464,0.0489974357
A5_geom_only,129010.02100000001,0.7983803977070093,0.7057171852103712,0.713061439979847,0.08390433903897894,0.048942592
A5_geom_only,129090.02100000001,0.7988754786720367,0.7061539841809463,0.7134995168213223,0.08390069852099254,0.0489707552
A5_geom_only,129170.02100000001,0.7993705690752391,0.706590790674259,0.7139375972094602,0.0838971691087124,0.0489373989
A5_geom_only,129250.02100000001,0.7998656569043936,0.7070275952763535,0.7143756519580373,0.08389371559387991,0.0489270277
A5_geom_only,129330.02100000001,0.8003607414444872,0.7074643903690007,0.7148136349939729,0.08389036342980813,0.0488640256
A5_geom_only,129410.02100000001,0.8008558199784696,0.7079011757510912,0.71525159747194,0.08388707056279704,0.0488514192
A5_geom_only,129490.02100000001,0.8013509041610564,0.7083379722211188,0.7156896533713787,0.08388382898707555,0.0488743968
A5_geom_only,129570.02100000001,0.8018459939207468,0.7087747803772745,0.7161277303544722,0.08388068229999897,0.0488640256
A5_geom_only,129650.02100000001,0.802341074814273,0.7092115873961545,0.716565765330577,0.08387761450162118,0.0488336347
A5_geom_only,129730.02100000001,0.8028361546352791,0.7096483898516042,0.7170037654884691,0.08387461851132662,0.0487921275
A5_geom_only,129810.02100000001,0.8033312376738448,0.7100851835780957,0.7174417164955674,0.08387169894073845,0.0487550683
A5_geom_only,129900.02100000001,0.8038882110436983,0.7105765847223637,0.7179345005195299,0.08386845362337703,0.0487824939
A5_geom_only,129980.02100000001,0.8043832979433357,0.7110133884135714,0.7183724911795988,0.0838656805973052,0.0487357937
A5_geom_only,130060.02100000001,0.8048783784793553,0.711450182879607,0.7188104399297244,0.08386295361267522,0.0487046652
A5_geom_only,130140.02100000001,0.805373457513847,0.7118869737058573,0.7192483767952236,0.08386029392589193,0.048685398
A5_geom_only,130220.02100000001,0.8058685354043176,0.7123237700501952,0.7196863666649015,0.08385767131440243,0.0486972518
A5_geom_only,130300.02100000001,0.8063636162263423,0.7127605736002494,0.7201243654136888,0.08385512542088949,0.048685398
A5_geom_only,130380.02100000001,0.8068586989074016,0.7131973750886895,0.7205623316673417,0.08385263929926934,0.0486349948
A5_geom_only,130460.02100000001,0.8073537817314635,0.7136341735490654,0.721000276973887,0.08385020934590057,0.0486009009
A5_geom_only,130540.02100000001,0.8078488580489047,0.7140709663505835,0.7214381895451487,0.0838478394686895,0.0485845916
A5_geom_only,130620.02100000001,0.8083439360108764,0.7145077621269045,0.7218761423579112,0.08384550061134842,0.0485868193
A5_geom_only,130700.02100000001,0.8088390134008376,0.7149445615534541,0.7223140902647756,0.08384323263778588,0.0485519804
A5_geom_only,130780.02100000001,0.8093340982984378,0.7153813638262666,0.7227520532135083,0.08384099948786589,0.0485512428
A5_geom_only,130870.02100000001,0.809891067449713,0.7158727694616305,0.7232447475050244,0.08383856227009322,0.0485371538
A5_geom_only,130950.02100000001,0.8103861559223796,0.716309577790794,0.7236827134507114,0.08383643258583158,0.0485252999
A5_geom_only,131030.02100000001,0.8108812478271098,0.7167463867410412,0.7241206518722214,0.0838343687691499,0.0484585874
A5_geom_only,131110.021,0.8113763326532086,0.7171831828800836,0.7245585088313329,0.08383236043324813,0.0484133698
A5_geom_only,131190.021,0.8118714156202732,0.7176199755433096,0.7249963889795349,0.08383036909577256,0.0483955853
A5_geom_only,131270.021,0.8123665020194013,0.7180567699226355,0.7254342733695326,0.08382843583558243,0.048365932
A5_geom_only,131350.021,0.8128615853439722,0.7184935692550227,0.7258721956015796,0.08382652466107932,0.0483941026
A5_geom_only,131430.021,0.8133566643784639,0.7189303742972285,0.7263101188515204,0.0838246715489484,0.0483740903
A5_geom_only,131510.021,0.8138517507060905,0.7193671720573599,0.7267479790624485,0.08382286941596329,0.0483184941
A5_geom_only,131590.021,0.8143468327436376,0.7198039619160407,0.7271858122013957,0.08382109810978691,0.0483007096
A5_geom_only,131670.021,0.8148419154961981,0.7202407614228268,0.7276237289470651,0.0838193371930134,0.0483029298
A5_geom_only,131750.021,0.8153370011803129,0.7206775615538027,0.7280615946675939,0.0838176569517702,0.0482458584
A5_geom_only,131840.021,0.8158939695450735,0.7211689507885338,0.7285541485042282,0.08381578863820241,0.0482184328
A5_geom_only,131920.021,0.8163890515111195,0.721605751788607,0.7289920575537372,0.08381414193989582,0.0482273288
A5_geom_only,132000.021,0.8168841325476482,0.722042561877303,0.7294299703858416,0.08381255386572224,0.0482139923
A5_geom_only,132080.021,0.8173792182317631,0.7224793631035419,0.7298678009422747,0.08381101330044174,0.0481665544
A5_geom_only,132160.021,0.8178743036298725,0.7229161670889971,0.7303056801434588,0.08380946921416317,0.048179891
A5_geom_only,132240.021,0.8183693893854888,0.7233529791962839,0.730743572434748,0.0838079790787455,0.0481472798
A5_geom_only,132320.021,0.8188644728530625,0.7237897829670197,0.7311813907144403,0.08380653287161098,0.0481028073
A5_geom_only,132400.021,0.8193595593951932,0.7242265826103174,0.7316192109485765,0.0838050967191764,0.048091691
A5_geom_only,132480.021,0.8198546418617485,0.7246633815087045,0.7320570231778026,0.08380370164962814,0.0480487011
A5_geom_only,132560.021,0.820349723327285,0.7251001764570878,0.7324948192422078,0.08380233104656298,0.0480183177
A5_geom_only,132640.021,0.8208448035772992,0.7255369741256845,0.7329326416740612,0.08380097873565905,0.0480160899
A5_geom_only,132720.021,0.8213398844708253,0.7259737772800806,0.7333704821151169,0.08379965675077555,0.0480042286
A5_geom_only,132810.021,0.8218968607722328,0.7264651818222653,0.7338630337113169,0.08379820811684072,0.0479671694
A5_geom_only,132890.021,0.822391943238788,0.7269019859422817,0.734300851626502,0.08379694382448516,0.0479449369
A5_geom_only,132970.021,0.8228870205572478,0.727338783655266,0.7347386169799504,0.08379572174802455,0.04790565
A5_geom_only,133050.021,0.8233821027377978,0.7277755735567639,0.7351763610639235,0.08379451140819924,0.0478648879
A5_geom_only,133130.021,0.8238771842748357,0.7282123640727485,0.7356141266376792,0.08379331948157735,0.0478485785
A5_geom_only,133210.021,0.8243722638098365,0.7286491618300354,0.7360519357707813,0.08379214209917342,0.0478493236
A5_geom_only,133290.021,0.8248673475634156,0.729085961736847,0.7364897247486295,0.08379100542248687,0.0478048511
A5_geom_only,133370.021,0.8253624298869682,0.7295227587476346,0.7369274932787194,0.08378988439968912,0.0477922522
A5_geom_only,133450.021,0.8258575146415659,0.729959562078822,0.7373653025694062,0.08378877190429426,0.0477766879
A5_geom_only,133530.021,0.826352597751633,0.7303963664612574,0.7378030823406043,0.08378770269736098,0.0477499999
A5_geom_only,133610.021,0.8268476812192067,0.7308331612327624,0.7382408033691212,0.0837866550090847,0.0476958938
A5_geom_only,133700.021,0.8274046489404553,0.7313245558177842,0.7387332747440342,0.08378547722749388,0.0476855151
A5_geom_only,133780.021,0.8278997316215145,0.7317613511157273,0.739171009657278,0.08378446983282863,0.0476514213
A5_geom_only,133860.021,0.8283948161616083,0.7321981425972519,0.7396087319433438,0.08378347047867571,0.0476240031
A5_geom_only,133940.021,0.8288898993431765,0.7326349324541646,0.7400464458553768,0.0837824946626072,0.0475810133
A5_geom_only,134020.021,0.8293849813092227,0.7330717198540816,0.7404841520873613,0.08378153336123212,0.047552105
A5_geom_only,134100.021,0.8298800610587272,0.733508507825116,0.7409218669458177,0.08378058606408008,0.0475380234
A5_geom_only,134180.021,0.8303751415947467,0.7339452993953804,0.7413595999787512,0.08377965228860276,0.0475083701
A5_geom_only,134260.021,0.8308702262778429,0.7343821002272614,0.7417973761091627,0.08377872618492511,0.0475157835
A5_geom_only,134340.021,0.8313653130344774,0.7348189031164908,0.7422351202802913,0.08377783849200646,0.0474713109
A5_geom_only,134420.021,0.8318603944285129,0.735255700565302,0.7426728274651493,0.0837769609853146,0.0474320315
A5_geom_only,134500.021,0.8323554776100812,0.7356924955129474,0.7431105252767005,0.08377609746659946,0.0474016406
A5_geom_only,134580.021,0.8328505621501748,0.736129290022631,0.7435482252164272,0.08377524536129073,0.04737496
A5_geom_only,134670.021,0.8334075332319855,0.7366206861581373,0.7440406485253477,0.0837743017040643,0.0473519824
A5_geom_only,134750.021,0.8339026151265301,0.7370574841782651,0.7444783552672332,0.08377348043653064,0.0473267846
A5_geom_only,134830.021,0.8343976975930851,0.737494276928744,0.7449160194792611,0.08377268339477686,0.0472778641
A5_geom_only,134910.021,0.8348927794876299,0.7379310722331989,0.7453537225131377,0.0837718735794317,0.0472741537
A5_geom_only,134990.021,0.8353878620256863,0.7383678748176833,0.7457914436756607,0.08377109036823019,0.0472378395
A5_geom_only,135070.021,0.8358829482103101,0.7388046778845122,0.746229147583417,0.08377032059940329,0.0472081937
A5_geom_only,135150.021,0.8363780323213955,0.7392414804243139,0.7466668382891184,0.08376956392248519,0.0471852161
A5_geom_only,135230.021,0.8368731168614888,0.739678283008845,0.7471045252943207,0.08376881676055634,0.0471503772
A5_geom_only,135310.021,0.837368202831609,0.7401150855486155,0.7475422048879411,0.08376808309208897,0.0471214689
A5_geom_only,135390.021,0.8378632887302274,0.740551889714399,0.7479798920354062,0.08376735504133882,0.0470955186
A5_geom_only,135470.021,0.8383583741998382,0.7409886937008909,0.7484175633115941,0.08376664632440114,0.0470629074
A5_geom_only,135550.021,0.8388534555223721,0.7414254925957491,0.7488552023364263,0.08376595020953798,0.0470139869
A5_geom_only,135640.021,0.8394104245306446,0.7419168869174808,0.7493475347710876,0.0837651740355624,0.0469724797
A5_geom_only,135720.021,0.8399055088562342,0.7423536830088021,0.7497851804211999,0.08376448823775777,0.0469613634
A5_geom_only,135800.021,0.8404005938253355,0.7427904815560841,0.7502228325839679,0.08376381514503904,0.0469250493
A5_geom_only,135880.021,0.8408956785799327,0.7432272816398919,0.7506604854827199,0.08376315017704514,0.0468946584
A5_geom_only,135960.021,0.841390764192546,0.7436640826880403,0.7510981336148241,0.0837624963090605,0.0468635298
A5_geom_only,136040.021,0.8418858503056685,0.74410088426339,0.7515357781939727,0.08376185003695072,0.046824988
A5_geom_only,136120.021,0.8423809349887647,0.7445376857936616,0.7519734146372863,0.08376121434946411,0.0467990451
A5_geom_only,136200.021,0.8428760180988318,0.7449744873690428,0.7524110482756226,0.08376058466424585,0.0467716195
A5_geom_only,136280.021,0.8433711014234029,0.7454112883720336,0.752848671894122,0.08375996615023604,0.0467382632
A5_geom_only,136360.021,0.8438661874650245,0.7458480884108416,0.7532862893397241,0.08375935315391309,0.0466878675
A5_geom_only,136440.021,0.8443612702175851,0.7462848905587719,0.7537239188810955,0.08375874324577012,0.0466693379
A5_geom_only,136520.021,0.8448563564022091,0.7467216967441261,0.7541615610340564,0.08375814052227597,0.0466567315
A5_geom_only,136610.021,0.8454133302725716,0.7472131070520529,0.7546539074794159,0.0837574734979135,0.0466137491
A5_geom_only,136690.021,0.8459084154561771,0.7476499129656229,0.7550915109393824,0.08375689840220191,0.0465648286
A5_geom_only,136770.021,0.8464035003537772,0.7480867118590345,0.7555290807880897,0.08375632770727182,0.0465070121
A5_geom_only,136850.021,0.8468985839643537,0.7485235120793797,0.7559666797634674,0.0837557480933415,0.0464981161
A5_geom_only,136930.021,0.8473936690049566,0.7489603098270119,0.7564042466270323,0.0837551963328136,0.0464425273
A5_geom_only,137010.021,0.8478887524725301,0.7493971070650419,0.7568418326310362,0.0837546265617941,0.0464188121
A5_geom_only,137090.021,0.8483838372271276,0.7498339070128899,0.7572794192291292,0.08375407770234385,0.0463854559
A5_geom_only,137170.021,0.8488789247702769,0.7502707066152964,0.7577170028524659,0.0837535267530547,0.0463617407
A5_geom_only,137250.021,0.8493740040907738,0.7507075097732138,0.7581546012436899,0.08375298002091824,0.0463194884
A5_geom_only,137330.021,0.8498690877013498,0.7511443053644746,0.7585921320321656,0.08375246245668569,0.0462461151
A5_geom_only,137410.021,0.8503641710259211,0.7515811017764058,0.7590297077308046,0.08375191061504579,0.0462513007
A5_geom_only,137490.021,0.8508592552800093,0.7520179010595199,0.7594672704951981,0.08375139515330036,0.0461808853
A5_geom_only,137580.021,0.8514162286498625,0.7525093007829942,0.7599595432895678,0.08375079528130686,0.0461705141
A5_geom_only,137660.021,0.8519113132614573,0.752946103758404,0.7603971159076117,0.08375028179108647,0.0461141802
A5_geom_only,137740.021,0.8524064024491372,0.7533829048065522,0.7608346724860953,0.08374976822035096,0.046086017
A5_geom_only,137820.021,0.8529014858452093,0.7538197074373723,0.7612722375524554,0.08374925546449359,0.0460697077
A5_geom_only,137900.021,0.8533965685977698,0.7542565104583943,0.76170979354308,0.0837487521195945,0.0460141115
A5_geom_only,137980.021,0.8538916600019908,0.7546933119882931,0.7621473376191061,0.08374825148547853,0.0459800176
A5_geom_only,138060.021,0.8543867507626997,0.7551301172572887,0.7625849067480733,0.08374774462023016,0.0459503718
A5_geom_only,138140.021,0.8548818383773502,0.7555669189934506,0.7630224284589884,0.08374726535405193,0.0458777361
A5_geom_only,138220.021,0.8553769262780061,0.7560037224277758,0.7634599863173754,0.08374675657208433,0.0458673574
A5_geom_only,138300.021,0.8558720110326039,0.7564405282927804,0.7638975274754121,0.08374627946195536,0.0458206646
A5_geom_only,138380.021,0.8563670996482728,0.7568773303962707,0.7643350516729792,0.08374579229634559,0.0457806326
A5_geom_only,138460.021,0.8568621845458732,0.7573141260754755,0.764772531845908,0.08374532563883738,0.0457228236
A5_geom_only,138550.021,0.8574191560566921,0.75780551894232,0.7652647206762542,0.08374477682624885,0.0456842817
A5_geom_only,138630.021,0.8579142425273213,0.7582423180178925,0.7657022472005336,0.08374429835297585,0.0456427746
A5_geom_only,138710.021,0.8584093266384069,0.7586791133070521,0.7661397348714579,0.08374383450985358,0.0455931164
A5_geom_only,138790.021,0.8589044183286331,0.7591159100671079,0.7665772501782961,0.0837433510668523,0.0455745868
A5_geom_only,138870.021,0.8593994999371722,0.7595527142356827,0.7670147917948753,0.08374287754026123,0.0455382653
A5_geom_only,138950.021,0.8598945824752287,0.7599895113581366,0.7674522621602189,0.08374242931802288,0.0454582162
A5_geom_only,139030.021,0.8603896665148131,0.7604263087390802,0.7678897690829755,0.08374194679634182,0.0454530306
A5_geom_only,139110.021,0.860884750268392,0.760863112768947,0.768327291568955,0.08374148595827571,0.045403365
A5_geom_only,139190.021,0.8613798343794777,0.7612999100295627,0.7687647570113891,0.08374103688509361,0.0453359149
A5_geom_only,139270.021,0.8618749207071044,0.7617367072721931,0.7692022472169507,0.08374056633878897,0.0453070067
A5_geom_only,139350.021,0.8623700072492351,0.7621735130247763,0.769639776239079,0.08374010061494694,0.0452892222
A5_geom_only,139430.021,0.8628650960794081,0.762610317396662,0.7700772654092225,0.08373965403044174,0.0452121384
A5_geom_only,139520.021,0.863422068233739,0.7631017221649559,0.7705694503314977,0.08373913323221131,0.0451869331
A5_geom_only,139600.021,0.8639171542038591,0.763538523415494,0.7710069098218114,0.08373869385219158,0.0451061465
A5_geom_only,139680.021,0.8644122425335229,0.7639753184076011,0.771444351905435,0.08373824127239571,0.0450564884
A5_geom_only,139760.021,0.864907328289139,0.7644121229029178,0.7718818674873453,0.0837377697476716,0.0450564884
A5_geom_only,139840.021,0.8654024184063359,0.7648489302554528,0.7723193542289397,0.08373733123148508,0.0449845903
A5_geom_only,139920.021,0.8658975023029175,0.7652857365368558,0.7727568399622831,0.08373687253391118,0.0449593924
A5_geom_only,140000.021,0.8663925939931436,0.7657225440290364,0.7731943156408221,0.08373642896166719,0.0448971279
A5_geom_only,140080.021,0.8668876818937996,0.766159353338727,0.7736318051638293,0.08373597161694152,0.0448778607
A5_geom_only,140160.021,0.8673827669344026,0.7665961643868004,0.7740692843622392,0.08373552811516795,0.0448178239
A5_geom_only,140240.021,0.8678778509024857,0.7670329655888286,0.7745066962623499,0.08373509733436443,0.0447525941
A5_geom_only,140320.021,0.8683729337265473,0.7674697569312292,0.7749440818621427,0.08373465586094697,0.0446910746
A5_geom_only,140400.021,0.8688680206976859,0.7679065506201078,0.7753815124958893,0.08373419907339152,0.0446547531
A5_geom_only,140490.021,0.8694249912074862,0.7683979466205257,0.7758736257765032,0.08373369995900311,0.0445895307
A5_geom_only,140570.021,0.8699200754615743,0.7688347495345224,0.7763111023495189,0.08373323671572093,0.0445650704
A5_geom_only,140650.021,0.8704151657932754,0.7692715596667323,0.7767485859112767,0.08373279012091796,0.044525791
A5_geom_only,140730.021,0.8709102524069073,0.7697083613483924,0.7771859925988975,0.08373236131491414,0.0444301702
A5_geom_only,140810.021,0.8714053378050169,0.7701451558593359,0.7776233861438046,0.08373191344057329,0.0443908907
A5_geom_only,140890.021,0.8719004246331532,0.7705819534924112,0.7780608119368906,0.08373146081712847,0.0443493836
A5_geom_only,140970.021,0.8723955155368647,0.7710187609261664,0.7784982905385278,0.08373099776124278,0.0443204753
A5_geom_only,141050.021,0.8728906026510062,0.7714555650594215,0.7789357019748862,0.08373057113193574,0.0442352407
A5_geom_only,141130.021,0.8733856864760864,0.7718923616362624,0.7793730933279399,0.08373011949699012,0.0441937335
A5_geom_only,141210.021,0.8738807722317025,0.7723291649390059,0.7798105355287358,0.08372965940813472,0.0441640876
A5_geom_only,141290.021,0.8743758619198915,0.7727659725242573,0.780247977403286,0.08372921093142437,0.0441107191
A5_geom_only,141370.021,0.8748709474610036,0.7732027833265149,0.7806854288073002,0.08372875276459438,0.0440625437
A5_geom_only,141460.021,0.8754279243344216,0.7736941933582204,0.7811775198818214,0.08372825636791242,0.0439787842
A5_geom_only,141540.021,0.8759230118060695,0.7741310037743718,0.7816149578101954,0.08372779078274928,0.0439565443
A5_geom_only,141620.021,0.8764181013512559,0.7745678173208792,0.782052388940196,0.08372734324240763,0.0438957699
A5_geom_only,141700.021,0.8769131858913494,0.7750046279340636,0.7824897982161045,0.08372689019472672,0.0438468494
A5_geom_only,141780.021,0.8774082767950608,0.775441433839208,0.7829271776323177,0.08372644389557145,0.0437668003
A5_geom_only,141860.021,0.8779033649817221,0.7758782422375032,0.7833645935670701,0.08372597393386605,0.0437401198
A5_geom_only,141940.021,0.8783984532398846,0.7763150527081515,0.7838019978595083,0.08372552401233523,0.0436763801
A5_geom_only,142020.021,0.878893538637994,0.7767518624545154,0.784239401918347,0.08372505927520363,0.0436407961
A5_geom_only,142100.021,0.8793886302567188,0.7771886650932698,0.784676747362043,0.08372461900979175,0.0435451828
A5_geom_only,142180.021,0.8798837181573747,0.7776254707023712,0.7851141538424873,0.08372413224239456,0.0435236879
A5_geom_only,142260.021,0.880378805057012,0.7780622805487846,0.785551546748761,0.08372368213575325,0.0434429012
A5_geom_only,142340.021,0.8808738948167023,0.7784990909670026,0.7859889529222188,0.08372320338073994,0.0434117727
A5_geom_only,142430.021,0.8814308686155636,0.7789905050412774,0.786481020027756,0.0837226858173262,0.0433361717
A5_geom_only,142510.021,0.8819259583037524,0.7794273157497694,0.7869184046172155,0.0837222134878389,0.0432916991
A5_geom_only,142590.021,0.8824210453463923,0.7798641268435436,0.7873557851699649,0.0837217449359315,0.0432375856
A5_geom_only,142670.021,0.8829161309590057,0.7803009316899979,0.7877931240561908,0.08372128352677344,0.0431516059
A5_geom_only,142750.021,0.8834112220057199,0.7807377391291117,0.7882305061664477,0.08372079299070442,0.0431189947
A5_geom_only,142830.021,0.883906309262864,0.7811745432550855,0.7886678383383234,0.08372033769486092,0.0430233814
A5_geom_only,142910.021,0.8844013990940558,0.781611345119361,0.7891051916155558,0.08371984409447064,0.0429900251
A5_geom_only,142990.021,0.8848964839201547,0.7820481548188272,0.7895425789062578,0.08371935953840613,0.0429344364
A5_geom_only,143070.021,0.8853915788279405,0.7824849638457257,0.7899799413351962,0.08371888064751244,0.0428699516
A5_geom_only,143150.021,0.8858866621525118,0.7829217667204708,0.790417264867286,0.0837184039859666,0.0427817516
A5_geom_only,143230.021,0.8863817501246688,0.7833585694508269,0.7908546093220696,0.0837179079001017,0.0427521057
A5_geom_only,143320.021,0.8869387194189466,0.7838499798548958,0.7913466567900651,0.08371734890223007,0.0426779874
A5_geom_only,143400.021,0.887433814970244,0.7842867883046386,0.7917840032290324,0.08371686330909658,0.0426127575
A5_geom_only,143480.021,0.8879289040149211,0.7847235965626665,0.7922213567063534,0.08371636032666979,0.042577181
A5_geom_only,143560.021,0.8884239914150674,0.7851604029452809,0.7926586845616721,0.08371587169886706,0.042480085
A5_geom_only,143640.021,0.8889190783862063,0.785597206589135,0.7930960102384277,0.08371536667486952,0.0424296819
A5_geom_only,143720.021,0.8894141701479337,0.7860340106170316,0.7935333370777673,0.0837148644890461,0.0423570462
A5_geom_only,143800.021,0.8899092584060961,0.7864708110397408,0.7939706422116292,0.08371436283297726,0.0422895961
A5_geom_only,143880.021,0.8904043468787627,0.7869076122329193,0.7944079663271661,0.08371384565487418,0.0422295593
A5_geom_only,143960.021,0.8908994407140287,0.7873444231842606,0.7948453439372527,0.08371331737766699,0.0421925001
A5_geom_only,144040.021,0.8913945279711727,0.7877812271599309,0.7952826326150317,0.08371282938735608,0.0420790948
A5_geom_only,144120.021,0.8918896130117757,0.7882180286441328,0.7957199529200647,0.08371228914857544,0.0420553796
A5_geom_only,144200.021,0.892384701698946,0.7886548382474303,0.7961573008423148,0.0837117672762867,0.0419849642
A5_geom_only,144290.021,0.8929416777858497,0.7891462455536701,0.7966492781966483,0.08371118065575175,0.0418834202
A5_geom_only,144370.021,0.8934367705485954,0.7895830528035434,0.7970866043515341,0.08371064364297924,0.041846361
A5_geom_only,144450.021,0.8939318634543442,0.7900198555301949,0.7975238861965946,0.08371012606519261,0.0417425893
A5_geom_only,144530.021,0.894426954000549,0.7904566541765761,0.7979611705126404,0.0837095832012226,0.0416973792
A5_geom_only,144610.021,0.8949220406856825,0.790893455753729,0.7983984738623341,0.08370904125728086,0.0416239984
A5_geom_only,144690.021,0.8954171313748902,0.7913302636304651,0.7988358130775008,0.08370848410390853,0.0415750854
A5_geom_only,144770.021,0.8959122143419546,0.7917670762616553,0.7992731506792023,0.08370793692015266,0.0415157862
A5_geom_only,144850.021,0.8964073051026634,0.7922038852381964,0.7997104503948071,0.08370739167264869,0.0414275862
A5_geom_only,144930.021,0.8969023930748208,0.7926406929202746,0.8001477517493767,0.08370683217382953,0.0413831137
A5_geom_only,145010.021,0.8973974876250999,0.7930774951649183,0.8005850118421807,0.08370628710850549,0.0412719361
A5_geom_only,145090.021,0.8978925730947107,0.7935142975157186,0.8010223034252756,0.08370570920555091,0.0412370972
A5_geom_only,145170.021,0.8983876611383693,0.7939511077457703,0.8014596279202915,0.08370513629613989,0.0411681645
A5_geom_only,145260.021,0.8989446362957557,0.7944425119503984,0.8019515449734782,0.0837045104088909,0.0410577245
A5_geom_only,145340.021,0.8994397267704595,0.7948793153602164,0.8023888357279672,0.08370391695399534,0.0410177
A5_geom_only,145420.021,0.8999348193902029,0.7953161254924261,0.8028261470355884,0.08370333520094786,0.0409458093
A5_geom_only,145500.021,0.900429908649384,0.7957529266281467,0.803263384156313,0.08370276869151849,0.0408294387
A5_geom_only,145580.021,0.9009249902579233,0.7961897206600214,0.8037006145476797,0.0837021757383387,0.0407553203
A5_geom_only,145660.021,0.9014200764425474,0.7966265198860657,0.8041378916003428,0.08370157116261866,0.0407138132
A5_geom_only,145740.021,0.9019151646292087,0.7970633271869756,0.8045752027092772,0.08370096182181175,0.0406611897
A5_geom_only,145820.021,0.9024102573204534,0.7975001388578038,0.8050125113373636,0.08370035578174327,0.04057521
A5_geom_only,145900.021,0.9029053470086424,0.7979369451864337,0.8054497673342146,0.08369975883503601,0.0404758863
A5_geom_only,145980.021,0.9034004340512823,0.7983737462345818,0.8058870102258755,0.08369914423239666,0.040406961
A5_geom_only,146060.021,0.9038955213084265,0.7988105499293972,0.8063242795735808,0.08369851876341693,0.0403417312
A5_geom_only,146140.021,0.9043906097095914,0.799247356553598,0.8067615559656145,0.08369789279812992,0.0402579717
A5_geom_only,146230.021,0.9049475849384792,0.7997387686880266,0.8072535108470171,0.08369717551481044,0.0401719995
A5_geom_only,146310.021,0.9054426763427,0.8001755727991793,0.807690735666736,0.08369656168951467,0.0400867574
A5_geom_only,146390.021,0.9059377691054459,0.8006123762618363,0.8081279964721504,0.08369590177294348,0.0400333963
A5_geom_only,146470.021,0.9064328593656454,0.8010491889916688,0.8085652933082967,0.0836952514250841,0.0399629809
A5_geom_only,146550.021,0.9069279530579086,0.8014859973373362,0.8090025371688958,0.08369461188468887,0.0398688503
A5_geom_only,146630.021,0.9074230451056414,0.8019228025220231,0.8094397799924749,0.08369394923997002,0.0397806503
A5_geom_only,146710.021,0.9079181367958676,0.8023596038019001,0.8098769943290659,0.08369329837472204,0.0396842919
A5_geom_only,146790.021,0.908413222837489,0.802796406157369,0.810314241929177,0.08369261481496708,0.0396235101
A5_geom_only,146870.021,0.9089083116676621,0.8032332148004188,0.8107515099971023,0.08369193811738314,0.039547164
A5_geom_only,146950.021,0.9094034012128486,0.8036700265709814,0.8111887838570734,0.08369125071590319,0.0394804589
A5_geom_only,147030.021,0.9098984871114673,0.8041068396814384,0.8116260466306735,0.08369056539040379,0.0393870659
A5_geom_only,147110.021,0.9103935718660648,0.8045436497140258,0.8120632841567508,0.0836898762365465,0.0393003486
A5_geom_only,147200.021,0.9109505425188676,0.8050350618013558,0.8125551902681484,0.08368908225760624,0.0392254926
A5_geom_only,147280.021,0.9114456306340276,0.8054718659581264,0.8129923844888549,0.08368839488859282,0.0391113423
A5_geom_only,147360.021,0.9119407174621634,0.8059086635484772,0.8134295744287752,0.08368767759058153,0.0390298106
A5_geom_only,147440.021,0.9124358051483152,0.8063454652262108,0.813866800965416,0.08368695126291621,0.0389556922
A5_geom_only,147520.021,0.9129308919764513,0.8067822687727079,0.8143040274098969,0.08368622525068387,0.0388645269
A5_geom_only,147600.021,0.9134259788760887,0.8072190707801554,0.814741240217381,0.08368549361393358,0.0387844779
A5_geom_only,147680.021,0.9139210664192381,0.8076558712985945,0.8151784469969988,0.0836847538866297,0.0386925675
A5_geom_only,147760.021,0.9144161582524669,0.8080926771644131,0.815615692885272,0.08368399293960453,0.0386184491
A5_geom_only,147840.021,0.9149112451521042,0.8085294798300152,0.816052887872671,0.08368325671210163,0.0385057889
A5_geom_only,147920.021,0.9154063311222245,0.8089662774709528,0.8164900784704048,0.08368248852365386,0.0384361111
A5_geom_only,148000.021,0.9159014193088857,0.8094030753906216,0.816927271114909,0.0836817235761015,0.0383382775
A5_geom_only,148080.021,0.9163965050645019,0.809839881988146,0.8173645294342037,0.08368092272296154,0.038276758
A5_geom_only,148170.021,0.9169534785773579,0.8103312901342166,0.8178563922334056,0.0836800593962116,0.0381529815
A5_geom_only,148250.021,0.9174485624024383,0.8107680886338405,0.8182935670134285,0.08367926721827416,0.0380655192
A5_geom_only,148330.021,0.917943645154999,0.8112048877136945,0.81873075953969,0.08367846363082734,0.0379773118
A5_geom_only,148410.021,0.9184387276930556,0.8116416904019124,0.8191679738092699,0.08367764849951459,0.0378920771
A5_geom_only,148490.021,0.9189338202412975,0.8120784991967271,0.8196052128290221,0.0836768228745273,0.0378209241
A5_geom_only,148570.021,0.9194289092859746,0.8125153039287419,0.8200423977871971,0.08367601404575487,0.0376971401
A5_geom_only,148650.021,0.9199239989741635,0.8129521014189306,0.8204795600831594,0.08367518154948929,0.0376067124
A5_geom_only,148730.021,0.9204190853017904,0.8133889047892178,0.8209167757532133,0.08367432508013627,0.0375318564
A5_geom_only,148810.021,0.9209141738459584,0.8138257059624314,0.8213539476168492,0.08367349219487334,0.0374147482
A5_geom_only,148890.021,0.9214092609600997,0.8142625047151686,0.8217911298712559,0.08367262208517713,0.0373465605
A5_geom_only,148970.021,0.9219043460722038,0.8146993072519819,0.8222283256013249,0.08367175501300242,0.0372405685
A5_geom_only,149050.021,0.9223994346163716,0.8151361130197139,0.8226655373309314,0.08367086942939075,0.0371382795
A5_geom_only,149140.021,0.9229564071282091,0.8156275167678385,0.8231573587176485,0.08366988485012113,0.0370159782
A5_geom_only,149220.021,0.9234514948143611,0.8160643110774357,0.8235944922773973,0.08366899664941314,0.0369203649
A5_geom_only,149300.021,0.9239465816424973,0.8165011152845639,0.8240317190770861,0.08366806068753607,0.0368632935
A5_geom_only,149380.021,0.9244416696146545,0.8169379214006529,0.8244689005101691,0.08366716783257924,0.0367276557
A5_geom_only,149460.021,0.9249367565142919,0.8173747215922424,0.824906066015705,0.08366623549481844,0.036651317
A5_geom_only,149540.021,0.9254318459164756,0.8178115177670839,0.8253432015594706,0.08366531614955829,0.0365238301
A5_geom_only,149620.021,0.9259269328161129,0.8182483098331808,0.8257803403936242,0.08366436651681215,0.0364222862
A5_geom_only,149700.021,0.926422018786233,0.8186851117688261,0.8262175478233995,0.0836633934488635,0.0363481604
A5_geom_only,149780.021,0.926917109332438,0.8191219129385333,0.8266547081207547,0.08366244620151102,0.0362214185
A5_geom_only,149860.021,0.9274121986631204,0.8195587164654532,0.827091905670065,0.08366144888517403,0.0361613818
A5_geom_only,149940.021,0.927907286277771,0.8199955243743464,0.8275290942152387,0.08366047224487165,0.0360368602
A5_geom_only,150020.021,0.9284023748219388,0.8204323257991688,0.8279662410320927,0.08365948140158855,0.0359338336
A5_geom_only,150110.021,0.9289593439732139,0.8209237258922522,0.8284580388134197,0.08365834452615555,0.0358100571
A5_geom_only,150190.021,0.9294544327318855,0.8213605290616444,0.8288952122249378,0.08365731951490017,0.035712216
A5_geom_only,150270.021,0.9299495197745256,0.8217973330864927,0.8293323783062788,0.08365629053689286,0.0356091894
A5_geom_only,150350.021,0.9304446083186934,0.8222341398657711,0.8297695615319396,0.0836552392866971,0.0355180241
A5_geom_only,150430.021,0.9309396952898319,0.8226709452246569,0.8302067151890722,0.0836541958702245,0.0353905372
A5_geom_only,150510.021,0.9314347814029543,0.8231077457424161,0.8306438507334494,0.08365313113249172,0.0352971442
A5_geom_only,150590.021,0.9319298684455941,0.8235445457812242,0.8310809921108688,0.08365205328500629,0.0351822637
A5_geom_only,150670.021,0.9324249594923083,0.8239813511243186,0.8315181707430239,0.08365095117395512,0.0350814573
A5_geom_only,150750.021,0.9329200479649749,0.8244181601956325,0.8319553466710505,0.08364985134327464,0.0349821411
A5_geom_only,150830.021,0.933415135722628,0.8248549651263554,0.8323924870686189,0.08364874403123257,0.0348657705
A5_geom_only,150910.021,0.933910222979772,0.82529176347043,0.8328295967309868,0.08364762541548004,0.0347427316
A5_geom_only,150990.021,0.9344053066618497,0.8257285664201524,0.833266760883524,0.08364646715434639,0.0346567519
A5_geom_only,151080.021,0.9349622846792891,0.8262199730776767,0.8337585564886161,0.08364517882035474,0.0345151834
A5_geom_only,151160.021,0.9354573670743429,0.8266567735435163,0.8341956774849927,0.08364401470924133,0.0343980752
A5_geom_only,151240.021,0.9359524510424261,0.8270935805315269,0.8346328537274442,0.08364281513421605,0.0343024619
A5_geom_only,151320.021,0.9364475399441006,0.8275303915175641,0.8350700191120509,0.08364162755439675,0.0341816507
A5_geom_only,151400.021,0.936942626629234,0.827967198039267,0.8355071527015436,0.08364042261352739,0.0340630598
A5_geom_only,151480.021,0.9374377123133488,0.8284040047166629,0.8359442954981877,0.0836391963217749,0.0339563228
A5_geom_only,151560.021,0.9379327967819413,0.8288408064624068,0.8363813991559405,0.08363797425221459,0.0338154919
A5_geom_only,151640.021,0.9384278790339923,0.8292776051172001,0.8368185107107702,0.08363671696931192,0.0337006114
A5_geom_only,151720.021,0.9389229667201441,0.8297144045732813,0.8372556264350464,0.08363545481945084,0.0335842408
A5_geom_only,151800.021,0.9394180508312298,0.8301511967556086,0.8376926992033968,0.08363418774889969,0.0334404521
A5_geom_only,151880.021,0.9399131354428248,0.8305879953490442,0.8381298472949954,0.08363286493385215,0.0333500244
A5_geom_only,151960.021,0.9404082177663772,0.8310248044719136,0.8385670193506227,0.08363155369866726,0.0332410671
A5_geom_only,152050.021,0.9409651884191802,0.8315162034711894,0.8390587389570371,0.08363008362705958,0.0330631845
A5_geom_only,152130.021,0.9414602703137248,0.8319530029708565,0.8394958688263052,0.08362871712557188,0.0329801627
A5_geom_only,152210.021,0.9419553577138714,0.8323898073608855,0.8399329999883864,0.08362736532503137,0.0328245126
A5_geom_only,152290.021,0.9424504443275035,0.8328266062812243,0.8403700967883763,0.08362599368715548,0.0327029563
A5_geom_only,152370.021,0.9429455312986421,0.8332634027600354,0.840807190574117,0.08362460186277229,0.0325717665
A5_geom_only,152450.021,0.9434406162677437,0.8337001971654835,0.8412442777150726,0.08362319577846448,0.0324368738
A5_geom_only,152530.021,0.9439357089589883,0.8341369981192643,0.8416814187739162,0.08362175028711194,0.032359045
A5_geom_only,152610.021,0.9444308000057022,0.8345738094250736,0.8421185913607254,0.08362029852490618,0.0322560184
A5_geom_only,152690.021,0.9449258913384215,0.8350106161456642,0.8425556990765886,0.08361885419729553,0.0320507027
A5_geom_only,152770.021,0.9454209776660484,0.8354474215054137,0.8429928217289023,0.0836173623452736,0.0319476761
A5_geom_only,152850.021,0.9459160672112348,0.8358842311055062,0.8434299553425577,0.08361586602588586,0.0318335332
A5_geom_only,152940.021,0.9464730474452151,0.8363756372176343,0.8439216913200472,0.0836141681915231,0.0316474997
A5_geom_only,153020.021,0.946968134916863,0.8368124339534436,0.8443587474394494,0.08361264409067015,0.0314940698
A5_geom_only,153100.021,0.9474632221740069,0.8372492339004102,0.8447958581396025,0.08361106983587761,0.0313903056
A5_geom_only,153180.021,0.9479583120051986,0.8376860447301056,0.8452330133013406,0.08360948615655389,0.0312724523
A5_geom_only,153260.021,0.9484533972603055,0.8381228498516218,0.8456700967804981,0.08360791314432989,0.0311056804
A5_geom_only,153340.021,0.9489484872344998,0.8385596548463516,0.8461072122132571,0.08360628039029115,0.0309937615
A5_geom_only,153420.021,0.949443575850169,0.8389964616743824,0.846544313095611,0.08360465879507493,0.0308366287
A5_geom_only,153500.021,0.9499386617487876,0.8394332616026308,0.8469813806819197,0.08360300949261149,0.0306854229
A5_geom_only,153580.021,0.9504337507219633,0.8398700644130314,0.8474184849598796,0.0836013231375208,0.0305586811
A5_geom_only,153660.021,0.9509288409821631,0.840306867802314,0.8478555743068025,0.08359963586600881,0.0303956177
A5_geom_only,153740.021,0.951423931528368,0.840743671553365,0.8482926755074294,0.08359790973143133,0.0302747991
A5_geom_only,153820.021,0.9519190197150293,0.8411804765377597,0.8487297705988774,0.08359617578371463,0.0301228557
A5_geom_only,153910.021,0.9524759899388244,0.8416718876828342,0.8492215409739785,0.08359417673728985,0.0299805459
A5_geom_only,153990.021,0.9529710806995331,0.8421086922289758,0.8496586004061348,0.08359241853477313,0.0298100729
A5_geom_only,154070.021,0.9534661677421732,0.8425454915001519,0.8500956684403396,0.08359059745465827,0.0296766553
A5_geom_only,154150.021,0.9539612578593701,0.842982297161829,0.8505327727297197,0.08358876202332337,0.0295232292
A5_geom_only,154230.021,0.9544563449735115,0.8434191047941908,0.8509698751639658,0.08358690577509852,0.029390553
A5_geom_only,154310.021,0.9549514377362576,0.8438559171305124,0.8514069999057782,0.08358501690695246,0.0292497259
A5_geom_only,154390.021,0.9554465290689771,0.8442927259333025,0.8518440748667262,0.08358313196779793,0.0290688742
A5_geom_only,154470.021,0.955941615468105,0.8447295264091197,0.8522811195080906,0.08358120888539808,0.028928047
A5_geom_only,154550.021,0.9564367023677421,0.8451663275462726,0.8527181887485015,0.08357925206899149,0.0287738796
A5_geom_only,154630.021,0.9569317886238674,0.8456031332462283,0.8531552840181917,0.08357726870594319,0.0286300872
A5_geom_only,154710.021,0.9574268728064544,0.8460399392544147,0.8535923645075847,0.08357527127369954,0.0284610931
A5_geom_only,154790.021,0.9579219585620707,0.8464767380700594,0.8540294001267531,0.08357325575585524,0.0282883924
A5_geom_only,154880.021,0.9584789308594043,0.8469681371891652,0.8545211006907745,0.08357092969602492,0.0281275567
A5_geom_only,154960.021,0.9589740188315615,0.8474049449436232,0.8549582095407635,0.08356883585027106,0.0279807989
A5_geom_only,155040.021,0.9594691083052463,0.8478417476818982,0.8553952569930355,0.08356674439628452,0.0277947579
A5_geom_only,155120.021,0.9599641914868149,0.8482785468735653,0.8558323121477114,0.08356459478327097,0.0276354011
A5_geom_only,155200.021,0.9604592765989189,0.848715347316941,0.856269369164777,0.08356243372977995,0.0274760444
A5_geom_only,155280.021,0.9609543559194158,0.8491521411415374,0.8567063893525033,0.08356024828629266,0.0273011196
A5_geom_only,155360.021,0.9614494423185438,0.8495889368531138,0.8571434481812201,0.0835580095285291,0.0271514002
A5_geom_only,155440.021,0.9619445332222555,0.850025743140843,0.8575805586965781,0.08355574246165268,0.0269942675
A5_geom_only,155520.021,0.962439616403824,0.8504625448553678,0.8580176006361515,0.08355348185519065,0.0268008169
A5_geom_only,155600.021,0.9629347002289045,0.8508993414932516,0.8584546414031788,0.08355115905554943,0.0266392361
A5_geom_only,155680.021,0.9634297899170936,0.8513361462414764,0.8588917336238516,0.08354880274524745,0.0264909919
A5_geom_only,155760.021,0.9639248769597335,0.8517729480707158,0.8593287773466277,0.08354644511361428,0.0262938347
A5_geom_only,155850.021,0.9644818459680059,0.8522643505907898,0.8598204795610392,0.08354371660826736,0.0261203963
A5_geom_only,155930.021,0.9649769350841845,0.8527011539915808,0.8602575330377642,0.08354128739632471,0.025933614
A5_geom_only,156010.021,0.965472026631408,0.8531379525315331,0.8606945672549715,0.08353881022980997,0.025758693
A5_geom_only,156090.021,0.965967113674048,0.853574753638853,0.8611316253683373,0.08353629593358829,0.0255822893
A5_geom_only,156170.021,0.9664622074378125,0.8540115587821003,0.8615687000243308,0.08353374790367607,0.0254177433
A5_geom_only,156250.021,0.9669572939084418,0.8544483689987854,0.8620057920638616,0.08353116303024301,0.0252457839
A5_geom_only,156330.021,0.9674523857416706,0.8548851764566496,0.8624428422699533,0.08352856574060832,0.0250671562
A5_geom_only,156410.021,0.9679474719977961,0.8553219759238998,0.8628798559802113,0.08352592573624902,0.0248648096
A5_geom_only,156490.021,0.9684425613999799,0.8557587807002086,0.8633169277041659,0.08352322370840821,0.0247276891
A5_geom_only,156570.021,0.9689376510881689,0.8561955861254421,0.8637539737187161,0.08352052190105157,0.0245194156
A5_geom_only,156650.021,0.9694327439939177,0.8566323820528016,0.8641909712553338,0.08351777450444021,0.0243304092
A5_geom_only,156730.021,0.9699278360416503,0.857069178126002,0.8646279974487178,0.08351497392977619,0.0241577085
A5_geom_only,156820.021,0.9704848187781773,0.8575605862825845,0.8651197274679638,0.08351176530257973,0.0239716712
A5_geom_only,156900.021,0.9709799116839261,0.8579974004299018,0.8655568200708297,0.08350889330675965,0.0237804409
A5_geom_only,156980.021,0.9714750043036692,0.8584342156518123,0.8659939023632135,0.08350597432323029,0.0235921796
A5_geom_only,157060.021,0.9719700937773542,0.8588710246085587,0.8664309275362682,0.08350304205917876,0.0233742651
A5_geom_only,157140.021,0.972465185825087,0.8593078287448775,0.8668679524447942,0.08350004060769911,0.0231904481
A5_geom_only,157220.021,0.9729602783018277,0.8597446368777609,0.867305005995571,0.08349700313962391,0.0230199751
A5_geom_only,157300.021,0.973455368562027,0.8601814475426552,0.8677420665070827,0.08349392262414454,0.0228376407
A5_geom_only,157380.021,0.9739504593227359,0.8606182535293964,0.8681790837935315,0.08349081980249087,0.0226189885
A5_geom_only,157460.021,0.9744455516564737,0.8610550576750802,0.8686161137485795,0.08348764764644681,0.0224329475
A5_geom_only,157540.021,0.9749406398431352,0.8614918627103136,0.8690531424469039,0.08348445029059691,0.0222254116
A5_geom_only,157620.021,0.9754357318908679,0.8619286709207877,0.8694901999677491,0.08348118470087093,0.0220564175
A5_geom_only,157700.021,0.9759308175034811,0.8623654809906968,0.8699272443165607,0.08347790059586017,0.0218192358
A5_geom_only,157790.021,0.9764877912308411,0.8628568889970607,0.8704189031225286,0.08347413695660029,0.0216072556
A5_geom_only,157870.021,0.9769828857811199,0.863293692500512,0.870855909344354,0.08347075660845805,0.0213737804
A5_geom_only,157950.021,0.9774779806889056,0.86373049152998,0.8712929066610582,0.08346731725606363,0.0211706888
A5_geom_only,158030.021,0.9779730688040658,0.8641672941409492,0.8717299390478752,0.0834638204329135,0.0209750142
A5_geom_only,158110.021,0.9784681647843714,0.864604103815214,0.8721670030177499,0.08346027468238033,0.0207741503
A5_geom_only,158190.021,0.9789632576186189,0.865040916464401,0.8726040596960332,0.08345669020410469,0.0205584634
A5_geom_only,158270.021,0.9794583524549035,0.865477727083077,0.8730410926368364,0.0834530584243373,0.0203272123
A5_geom_only,158350.021,0.9799534429296072,0.8659145351850912,0.8734781129260966,0.0834493744925554,0.020118935
A5_geom_only,158430.021,0.9804485379803957,0.8663513463701795,0.8739151603686266,0.08344562526502022,0.0199076924
A5_geom_only,158510.021,0.9809436313151525,0.8667881554315963,0.8743521747029996,0.08344185050485486,0.0196749587
A5_geom_only,158590.021,0.9814387205743336,0.8672249590078888,0.8747891722083163,0.08343800520787202,0.0194577891
A5_geom_only,158670.021,0.9819338115495465,0.8676617646114467,0.8752261933587357,0.08343410286565674,0.0192465466
A5_geom_only,158760.021,0.9824907887804716,0.8681531697408501,0.875717827287813,0.08342965831395116,0.0189797189
A5_geom_only,158840.021,0.9829858821152281,0.8685899707815474,0.8761548206250019,0.08342564506093753,0.0187492054
A5_geom_only,158920.021,0.9834809677278415,0.8690267769168093,0.8765918586403973,0.08342155575414306,0.0185557511
A5_geom_only,159000.021,0.9839760561290065,0.8694635824498907,0.8770288655357994,0.08341744266784322,0.0182874408
A5_geom_only,159080.021,0.9844711491777578,0.8699003824972296,0.8774658527289227,0.08341325100143197,0.0180598926
A5_geom_only,159160.021,0.9849662352908806,0.8703371820189237,0.877902845394672,0.08340900653419481,0.0178197492
A5_geom_only,159240.021,0.9854613244070589,0.870773979530459,0.8783398319989608,0.08340469901898044,0.0175951626
A5_geom_only,159320.021,0.9859564125937201,0.8712107785746814,0.8787768358674051,0.08340032321547733,0.0173728038
A5_geom_only,159400.021,0.9864515047129543,0.8716475841960207,0.8792138757913719,0.08339587794641808,0.0171393286
A5_geom_only,159480.021,0.9869465948301511,0.8720843917886633,0.8796509005682973,0.08339138851728271,0.0168932509
A5_geom_only,159560.021,0.987441687163889,0.8725211999203846,0.8800879273336848,0.08338681987534016,0.0166746024
A5_geom_only,159640.021,0.9879367786396112,0.8729580110619345,0.8805249604433673,0.08338219404694511,0.0164307486
A5_geom_only,159730.021,0.9884937500789285,0.8734494213156117,0.8810165968827524,0.08337691644707068,0.0161602106
A5_geom_only,159810.021,0.9889888399816217,0.8738862304480016,0.8814536135568551,0.08337214328214437,0.0159007926
A5_geom_only,159890.021,0.9894839271672645,0.8743230355069316,0.8818905954097966,0.08336732386986388,0.0156361852
A5_geom_only,159970.021,0.9899790137808966,0.8747598426440478,0.8823276164133307,0.08336239622014735,0.0154301329
A5_geom_only,160050.021,0.9904741055426237,0.8751966547834886,0.8827646437227578,0.08335742794781156,0.0151551506
A5_geom_only,160130.021,0.9909691954453168,0.8756334578291357,0.8832016064919785,0.08335239694876287,0.0148883192
A5_geom_only,160210.021,0.9914642856340152,0.8760702548399231,0.8836385630567842,0.08334727676043373,0.0146303819
A5_geom_only,160290.021,0.9919593732486659,0.8765070579247012,0.8840755766913622,0.08334206542803495,0.0144095058
A5_geom_only,160370.021,0.9924544622218416,0.8769438584459311,0.8845125468689368,0.08333681939115753,0.0141189573
A5_geom_only,160450.021,0.9929495505515054,0.8773806534450492,0.884949507625157,0.08333146553098127,0.0138832564
A5_geom_only,160530.021,0.9934446434572541,0.8778174524765594,0.8853865009461885,0.08332603929661486,0.0136164268
A5_geom_only,160610.021,0.9939397369350133,0.8782542555487066,0.8858235121118674,0.08332052860851434,0.0133762797
A5_geom_only,160700.021,0.9944967073733122,0.8787456635423312,0.8863151576986084,0.08331423993923313,0.0130694238
A5_geom_only,160780.021,0.994991797204504,0.8791824762037769,0.8867521981452913,0.08330855334053587,0.0128203845
A5_geom_only,160860.021,0.9954868906107617,0.8796192868336263,0.8871891955036364,0.08330281522957056,0.0125520723
A5_geom_only,160940.021,0.9959819845175288,0.8800560888894082,0.8876261532980338,0.08329698130441782,0.0122555932
A5_geom_only,161020.021,0.9964770741342166,0.8804928949890078,0.8880631605865817,0.08329103925954016,0.0120176701
A5_geom_only,161100.021,0.9969721595323261,0.8809297066349122,0.8885001820783434,0.08328502858044641,0.0117389793
A5_geom_only,161180.021,0.9974672446444303,0.8813665122224703,0.8889371499905371,0.08327894474632745,0.0114513962
A5_geom_only,161260.021,0.9979623349046297,0.8818033157951776,0.8893741299315834,0.08327274637287103,0.0111927195
A5_geom_only,161340.021,0.9984574253078321,0.8822401274424667,0.8898111588905053,0.08326645382790875,0.010919218
A5_geom_only,161420.021,0.9989525122789706,0.882676938078574,0.8902481507492777,0.08326009777942257,0.0106294109
A5_geom_only,161500.021,0.9994476011806451,0.8831137421546712,0.8906851123213957,0.08325363608828946,0.0103470171
A5_geom_only,161589.336,1.0000003338649437,0.8836014054785936,0.8911729629801723,0.08324630648666011,0.0099927252
B0_ocp,0.0,0.0,0.0010000000000000002,0.001,1.0796335621975854,3.0160996914
B0_ocp,70.02000000000044,0.00043325185932337537,0.0011943365596081873,0.0012624207853904079,0.9942085523048614,1.2847762108
B0_ocp,150.02000000000044,0.0009283376149395181,0.0016311356174494814,0.0017060340631148128,0.905449889936931,1.1034879684
B0_ocp,230.02000000000044,0.0014234191519774933,0.0020679404577208563,0.0021432018605101006,0.8408049062483149,0.9563981891
B0_ocp,310.02000000000044,0.001918497900463798,0.0025047446221982575,0.0025803736335908434,0.7876432529335536,0.8753169775
B0_ocp,390.02000000000044,0.00241358422809054,0.0029415466797251444,0.0030175463228368413,0.7482318309657603,0.8065068722
B0_ocp,470.02000000000044,0.002908668196173561,0.003378351260625663,0.0034547236450806,0.7226177177942599,0.7577255964
B0_ocp,550.0200000000004,0.0034037521642565818,0.003815154832015201,0.0038919004729197435,0.7049719667666415,0.7269951701
B0_ocp,630.0200000000004,0.0038988282671938673,0.00425195436608358,0.00432907527138358,0.6912161351435001,0.7066518068
B0_ocp,710.0200000000004,0.0043939065866722225,0.0046887523862113485,0.004766250899033819,0.6795315213420637,0.6915127039
B0_ocp,790.0200000000004,0.0048889864076784,0.005125555957997343,0.005203435771604904,0.6694105410374677,0.6789465547
B0_ocp,870.0200000000004,0.005384066514689878,0.005562358519796828,0.0056406176885476665,0.6601017334918073,0.6677412391
B0_ocp,960.0200000000004,0.005941030446368264,0.006053755764144088,0.006132446417979458,0.6500782662387024,0.6559622288
B0_ocp,1040.0200000000004,0.006436111768902266,0.0064905507560033306,0.00656962537224887,0.6414848364865774,0.6461623907
B0_ocp,1120.0200000000004,0.006931190517388571,0.006927341710749821,0.007006803292832169,0.6330095222952868,0.6363824606
B0_ocp,1200.0200000000004,0.007426272983943769,0.007364131656088652,0.007443981895587728,0.6248074258844806,0.6270896792
B0_ocp,1280.0200000000004,0.007921352232939348,0.007800922106270189,0.007881163680813489,0.6167658960333997,0.6179020405
B0_ocp,1360.0200000000004,0.008416429694401805,0.008237714070356861,0.008318348531186707,0.6088381560261712,0.6095260382
B0_ocp,1440.0200000000004,0.008911510587927857,0.008674513369600364,0.008755544561889771,0.6010514233464824,0.6001324654
B0_ocp,1520.0200000000004,0.009406593340488354,0.009111313408114906,0.009192739941480548,0.5935072575525739,0.5915697217
B0_ocp,1600.0200000000004,0.009901677809080656,0.009548115466067467,0.009629942410611289,0.5859914015714023,0.5834258199
B0_ocp,1680.0200000000004,0.010396763564696803,0.00998491954191117,0.010067145780194122,0.5785179217825268,0.5752137303
B0_ocp,1760.0200000000004,0.010891845888249355,0.010421713524166678,0.010504339881732624,0.5711497485764191,0.5676487684
B0_ocp,1840.0200000000004,0.011386927282284683,0.010858504983895581,0.010941536658146924,0.5640717212330607,0.5585923791
B0_ocp,1930.0200000000004,0.011943896290557138,0.011349900696844354,0.011433390083396382,0.5561318736733704,0.5493432879
B0_ocp,2010.0200000000004,0.012438976397568613,0.011786697202912986,0.011870594889234934,0.5496135681285959,0.5420066118
B0_ocp,2090.0200000000004,0.012934057720102612,0.012223495223244278,0.012307804058720074,0.5438974707118179,0.5342252254
B0_ocp,2170.0200000000004,0.013429141187676361,0.012660297280944404,0.012745019353655605,0.5369299946314894,0.5302929878
B0_ocp,2250.0200000000004,0.013924226585785885,0.013097101861838305,0.013182238635104676,0.5311828940290284,0.5199002624
B0_ocp,2330.0200000000004,0.01441931291341263,0.013533904928438988,0.013619457453143042,0.5249319874594739,0.5121892095
B0_ocp,2410.0200000000004,0.014914394521951934,0.013970702948212333,0.014056672774285704,0.5162909790945915,0.5051593781
B0_ocp,2490.0200000000004,0.015409477417515085,0.014407501978169574,0.014493893624202125,0.5094466995270432,0.4996780455
B0_ocp,2570.0200000000004,0.015904562243614,0.014844299492931316,0.014931111806589657,0.5027892551565228,0.4959340394
B0_ocp,2650.0200000000004,0.01639964277963343,0.0152810909522825,0.015368327409631528,0.49842187082591144,0.4867072403
B0_ocp,2730.0200000000004,0.01689472331565286,0.01571789048755355,0.015805556657132278,0.498436372519244,0.4815661311
B0_ocp,2810.0200000000004,0.017389810286791523,0.016154697995345725,0.016242793009688842,0.4890389367466242,0.476505816
B0_ocp,2900.0200000000004,0.01794677729302688,0.0166460991737331,0.01673467663443552,0.481609392767656,0.4692625701
B0_ocp,2980.0200000000004,0.01844185446848404,0.01708289315635292,0.017171903106161183,0.4775204541334364,0.4660723209
B0_ocp,3060.0200000000004,0.01893693557651406,0.017519686634525796,0.017609131903386047,0.4747840867193572,0.460134387
B0_ocp,3140.0200000000004,0.0194320123944646,0.017956485160028332,0.01804636941106336,0.47046485129564575,0.4541868269
B0_ocp,3220.0200000000004,0.019927094217507872,0.018393281665096628,0.018483603042351998,0.4632916349938674,0.447776705
B0_ocp,3300.0200000000004,0.02042217167897033,0.018830079686555114,0.018920845304667464,0.4570681268792662,0.4395098388
B0_ocp,3380.0200000000004,0.02091725621906395,0.019266879219579456,0.0193580863767334,0.4546353859948769,0.4424072802
B0_ocp,3460.0200000000004,0.02141233961513637,0.019703676735831135,0.019795331079148295,0.4484399278786158,0.4307900965
B0_ocp,3540.0200000000004,0.021907424798741918,0.02014047273618876,0.020232572933225702,0.44192330346461806,0.4274761081
B0_ocp,3620.0200000000004,0.022402503690230873,0.020577262681595064,0.02066981267025749,0.43668536329887037,0.4299539924
B0_ocp,3700.0200000000004,0.022897589517348344,0.021014059188962476,0.021107063963848698,0.4348538211733772,0.4335489273
B0_ocp,3780.0200000000004,0.023392671125887637,0.021450864274867018,0.02154432458800948,0.4275782193076496,0.4246298075
B0_ocp,3870.0200000000004,0.02394963748861107,0.021942266020788644,0.022036238118600053,0.4270142986818785,0.415821135
B0_ocp,3950.0200000000004,0.024444719669160963,0.022379064041335744,0.02247349580304741,0.4289579916049313,0.4138354063
B0_ocp,4030.0200000000004,0.02493980106319629,0.02281586862314406,0.02291076361287183,0.43001408185303014,0.4058539569
B0_ocp,4110.02,0.025434880669698498,0.023252676487826744,0.02334803490113667,0.4245880471122126,0.4021841586
B0_ocp,4190.02,0.025929960490704673,0.023689474001142616,0.023785294362825518,0.4179833863664103,0.3968651593
B0_ocp,4270.02,0.02642503616463401,0.024126266470935936,0.024222556166948135,0.4126227742158784,0.3929478228
B0_ocp,4350.02,0.026920115628133564,0.024563067520025388,0.024659829385235442,0.4088541482528049,0.3930775225
B0_ocp,4430.02,0.027415198237691417,0.024999868567212556,0.025097101583119397,0.4030994283473368,0.3905410767
B0_ocp,4510.02,0.027910277558188323,0.02543666153965794,0.02553436755344854,0.3999825823901104,0.3877637386
B0_ocp,4590.02,0.0284053576651998,0.025873451990110125,0.025971635530380552,0.3961804683558378,0.383942008
B0_ocp,4670.02,0.028900437915213927,0.026310250516562966,0.02640891621169871,0.3908267847778212,0.3803055882
B0_ocp,4750.02,0.02939551837973203,0.02674705156367059,0.026846197718768963,0.39138143614623055,0.3777624667
B0_ocp,4840.02,0.02995248374143691,0.02723845104019198,0.02733814271152284,0.3904071827082944,0.3746826947
B0_ocp,4920.02,0.030447564563461635,0.027675249564037392,0.02777542662468263,0.3878794227928088,0.3693726361
B0_ocp,5000.02,0.030942645528489007,0.0281120480898076,0.0282127154151822,0.384342608325749,0.3649638593
B0_ocp,5080.02,0.031437728567054804,0.02854884509917758,0.02865000193759973,0.3804000220911998,0.3630107641
B0_ocp,5160.02,0.03193280745854376,0.02898563706326425,0.02908728733808058,0.3782318024012558,0.3610332012
B0_ocp,5240.02,0.032427887780059214,0.02942243508516245,0.029524584012901593,0.37603101450038323,0.3588910401
B0_ocp,5320.02,0.03292296867358526,0.029859236827481025,0.02996188378075168,0.3731272947955401,0.3554525375
B0_ocp,5400.02,0.03341805414319611,0.030296029798760615,0.030399174541601584,0.36886618266957805,0.3534475565
B0_ocp,5480.02,0.033913133249189036,0.030732823279202612,0.030836474122952734,0.36538403700804106,0.3494427502
B0_ocp,5560.02,0.03440821085365414,0.031169616250080624,0.03127376986582481,0.36291998819282345,0.3471724391
B0_ocp,5640.02,0.034903289888145755,0.031606407206774746,0.031711071057475296,0.3613735265385261,0.3433952034
B0_ocp,5720.02,0.03539836935164531,0.032043199169208295,0.03214837184842351,0.3601492023693298,0.3400389552
B0_ocp,5810.02,0.03595533521385946,0.03253459580942621,0.032640349911170194,0.3563602801741616,0.338234812
B0_ocp,5890.02,0.03645042025446235,0.03297139483614559,0.03307766187560361,0.35383506228794837,0.3365240991
B0_ocp,5970.02,0.03694549742991952,0.033408183771512195,0.03351496774210039,0.3516953534144065,0.3331693709
B0_ocp,6050.02,0.037440575606395216,0.03384497068889796,0.03395227536025448,0.34822053835276445,0.3297998011
B0_ocp,6130.02,0.03793565313935901,0.034281765179051946,0.03438959646591255,0.34586064594184573,0.3266347945
B0_ocp,6210.02,0.03843073453339433,0.03471856269285118,0.034826918278531335,0.34306825648075595,0.3239567876
B0_ocp,6290.02,0.03892581313887799,0.035155351627417654,0.035264233483858334,0.33993409814059106,0.3232185543
B0_ocp,6370.02,0.0394208924593749,0.03559214359417373,0.03570155922554651,0.3370546091611142,0.3189780712
B0_ocp,6450.02,0.03991597399641287,0.036028937070137816,0.03613888412256919,0.3367498513035531,0.316241473
B0_ocp,6530.02,0.04041104902683028,0.03646572903580178,0.03657621352112512,0.33496877068837516,0.3133685291
B0_ocp,6610.02,0.04090612670279672,0.03690252441772053,0.03701354753388924,0.3317648632238141,0.3131750822
B0_ocp,6690.02,0.04140120573728834,0.03733932142932317,0.037450886568538844,0.3287825787227578,0.3098351657
B0_ocp,6780.02,0.0419581684534442,0.037830720337474616,0.037942897589496066,0.32564817274617974,0.3058644831
B0_ocp,6860.02,0.042453248917962316,0.03826751835718057,0.038380241796386,0.3231016527394436,0.3031086624
B0_ocp,6940.02,0.0429483287389685,0.03870431284354615,0.03881758439396083,0.32087103395903305,0.3010717928
B0_ocp,7020.02,0.04344340805946541,0.03914110581740852,0.03925492962203397,0.3189964640561281,0.2981158495
B0_ocp,7100.02,0.043938486021437136,0.03957789828550161,0.039692276068967136,0.31660785114652723,0.2955090106
B0_ocp,7180.02,0.04443356412641152,0.040014692774511855,0.04012962934875813,0.3141031979810539,0.2933869064
B0_ocp,7260.02,0.04492864101586339,0.04045149180443633,0.04056698903635554,0.3117672378679319,0.2908712327
B0_ocp,7340.02,0.04542371904933645,0.04088828780401384,0.04100434584618523,0.31017599545510255,0.288841784
B0_ocp,7420.02,0.045918796868305536,0.041325078253377785,0.04144170062011378,0.3079576668165487,0.2862690091
B0_ocp,7500.02,0.046413871183709696,0.041761869209089336,0.041879060451504455,0.3055186118198767,0.2840580046
B0_ocp,7580.02,0.04690894950318805,0.042198666221837454,0.042316430268853,0.302981639047267,0.2816505134
B0_ocp,7660.02,0.047404026964650514,0.04263546424047183,0.042753800634414495,0.3006374870349431,0.2792956829
B0_ocp,7750.02,0.04796099218335275,0.043126855766681696,0.043245839168855785,0.2982314072426738,0.2768712044
B0_ocp,7830.02,0.04845606857229534,0.04356364722686982,0.043683210534112435,0.29597999516642604,0.27456972
B0_ocp,7910.02,0.04895114574775249,0.044000440200296684,0.04412058577247267,0.29382058097698976,0.2723698318
B0_ocp,7990.02,0.049446222065193765,0.04443723519346429,0.04455796660200213,0.2918631358229214,0.2701669633
B0_ocp,8070.02,0.04994129966965888,0.044874030184495095,0.044995348480372135,0.2900750732905124,0.2680715322
B0_ocp,8150.02,0.050436378775651804,0.04531082265297871,0.045432731059038466,0.2879228360049773,0.2658597529
B0_ocp,8230.02,0.05093145680912485,0.04574761663685466,0.04587011933944792,0.28573340257887625,0.263741374
B0_ocp,8310.02,0.051426533841579365,0.04618441263830208,0.04630751172011395,0.28375246840679313,0.2615422308
B0_ocp,8390.02,0.05192161187505242,0.046621205610016085,0.04674490220214751,0.2816058331567071,0.2594149411
B0_ocp,8470.02,0.0524166919820639,0.04705799808022114,0.04718229757687127,0.27951324409936945,0.2573499084
B0_ocp,8550.02,0.05291177008703828,0.047494791557436494,0.04761969530245372,0.27750059962385804,0.2552523017
B0_ocp,8630.02,0.05340684704799147,0.04793158705630056,0.048057100098990724,0.27557538910013324,0.2532302737
B0_ocp,8720.02,0.0539638053310652,0.04842297914812815,0.048549176519339425,0.273310484785344,0.2509302795
B0_ocp,8800.02,0.054458882077514405,0.04885977111528717,0.04898658441482536,0.271373279526815,0.2489297837
B0_ocp,8880.02,0.05495395939597421,0.04929656105633146,0.049423988048121925,0.2694767683775671,0.2469040602
B0_ocp,8960.02,0.055449040217998936,0.0497333515111473,0.04986140143149578,0.2676028475682059,0.2449613661
B0_ocp,9040.02,0.05594411560592297,0.05017014397638009,0.05029881448197841,0.2656495972864166,0.2429934293
B0_ocp,9120.02,0.05643918956382051,0.05060693442873018,0.05073623187924868,0.2637480198146177,0.2410981804
B0_ocp,9200.02,0.05693427052884788,0.0510437277948127,0.051173654025991895,0.2618502019939505,0.2391902655
B0_ocp,9280.02,0.0574293415551911,0.05148052480827063,0.05161108470236091,0.25992400198964444,0.2373105735
B0_ocp,9360.02,0.05792441966016548,0.051917323999351866,0.05204851820909019,0.2580830195478968,0.2354656905
B0_ocp,9440.02,0.0584194996241743,0.05235412454454465,0.052485957620263785,0.2562379164382831,0.2336304635
B0_ocp,9520.02,0.058914577514644705,0.05279092458126767,0.052923397121367725,0.25440989680784243,0.2317967117
B0_ocp,9610.02,0.059471539301283356,0.053282320650332574,0.0534155171556657,0.2523799875030302,0.2297724634
B0_ocp,9690.02,0.059966614260199454,0.053719112106532275,0.053852953493019294,0.2505815259359387,0.2279587239
B0_ocp,9770.02,0.06046169157865926,0.05415590407424049,0.054290398034099796,0.2488098964992285,0.2262354195
B0_ocp,9850.02,0.06095676932612702,0.05459269857459128,0.05472784548233537,0.24705073267233027,0.2244735509
B0_ocp,9930.02,0.061451844499547076,0.05502949053793459,0.05516529325037735,0.24530166725814057,0.222746551
B0_ocp,10010.02,0.0619469213174976,0.05546628098763451,0.055602743062895116,0.24355266229343234,0.2210210115
B0_ocp,10090.02,0.06244199513239249,0.05590306941789089,0.05604019349392056,0.24184330350608008,0.2193280905
B0_ocp,10170.02,0.06293707159283639,0.056339857345382924,0.05647764781735176,0.24015374499439968,0.2176359147
B0_ocp,10250.02,0.06343214841078691,0.05677664779661806,0.05691510838643248,0.23847523305347063,0.2159933895
B0_ocp,10330.02,0.06392722444222287,0.05721344380118124,0.057352579108041285,0.2368195999990411,0.2143694013
B0_ocp,10410.02,0.06442230154617873,0.057650240304549655,0.05779004971095332,0.23516674940974158,0.2127691358
B0_ocp,10490.02,0.06491737800662263,0.05808703428810875,0.058227522650715194,0.23353717508482968,0.2111510783
B0_ocp,10580.02,0.06547434108028513,0.05857842581361236,0.05871968042773529,0.23173968879183038,0.2093677372
B0_ocp,10660.02,0.06596941518118532,0.059015221314824416,0.059157164426410905,0.23013910428552123,0.2078215778
B0_ocp,10740.02,0.0664644952881968,0.05945202051363591,0.05959465239933255,0.22855486431379976,0.2062642872
B0_ocp,10820.02,0.0669595731786672,0.05988882055408405,0.060032145592091406,0.22698291579631638,0.2047426105
B0_ocp,10900.02,0.06745464956760977,0.06032562311665611,0.06046964423123075,0.22542235618038706,0.2032364756
B0_ocp,10980.02,0.0679497303896345,0.06076242163770108,0.06090713911887109,0.22388520585764804,0.2017206997
B0_ocp,11060.02,0.06844480920962215,0.061199222186646376,0.06134464502433639,0.22236181071430566,0.200270161
B0_ocp,11140.02,0.06893988895912699,0.06163602626065383,0.06178215369333953,0.2208548195966291,0.198815167
B0_ocp,11220.019999999997,0.06943496499056293,0.062072824278583225,0.06221965849502271,0.21935776090760137,0.1973898262
B0_ocp,11300.019999999997,0.06993004280953201,0.06250961472530668,0.06265715827044793,0.21783505609436687,0.1959792972
B0_ocp,11380.019999999997,0.07042511876946664,0.06294640517879137,0.06309466642042842,0.2163816887254606,0.1946214139
B0_ocp,11460.019999999997,0.07092019501540658,0.0633831983630784,0.06353217832654881,0.21492734439972347,0.1933761835
B0_ocp,11550.019999999997,0.07147715336998163,0.0638745955726491,0.06402439152537397,0.21330194862607357,0.1919241548
B0_ocp,11630.019999999997,0.07197222947291891,0.06431139684103986,0.06446191887219338,0.2118901508880428,0.1906374246
B0_ocp,11710.019999999997,0.07246730536135224,0.06474818778851701,0.06489943405850569,0.21045692218671969,0.1893499494
B0_ocp,11790.019999999997,0.0729623793192498,0.06518497218460216,0.06533695204541523,0.20905762482592116,0.1881314069
B0_ocp,11870.019999999997,0.07345745485017648,0.0656217666782799,0.06577448800050942,0.20767591116541806,0.1869588345
B0_ocp,11950.019999999997,0.07395253173962833,0.06605855863392511,0.06621201510128313,0.20629675088357002,0.1857365668
B0_ocp,12030.019999999997,0.07444760433900069,0.06649534252500293,0.0666495425905336,0.20493234039919428,0.184568435
B0_ocp,12110.019999999997,0.07494268222947112,0.0669321344943001,0.06708708566109146,0.2035999151828589,0.1834440231
B0_ocp,12190.019999999997,0.07543776083495476,0.06736893133538083,0.06752463343167006,0.20228777223172517,0.1823107153
B0_ocp,12270.019999999997,0.07593283836791855,0.0678057258214792,0.06796218116454542,0.2009679789266478,0.1811981797
B0_ocp,12350.019999999997,0.07642791482836246,0.06824251778466131,0.06839973024408844,0.19966409088270276,0.1800811738
B0_ocp,12430.019999999997,0.07692299014478518,0.06867930873940781,0.06883728256893426,0.19838305657613253,0.1790071577
B0_ocp,12520.019999999997,0.07747995035839465,0.06917069799527806,0.06932953250671539,0.19696049109049538,0.177804932
B0_ocp,12600.019999999997,0.07797502281476436,0.06960748490983738,0.06976708668992107,0.1957082961917095,0.1767464876
B0_ocp,12680.019999999997,0.07847009956121359,0.07004427385067434,0.07020465112937421,0.19452406881840645,0.1757369787
B0_ocp,12760.019999999997,0.0789651734476098,0.0704810708643603,0.07064222715791432,0.19337536548505035,0.1747266948
B0_ocp,12840.019999999997,0.07946024747700864,0.07091786888253196,0.07107980448707485,0.19223469682999375,0.1737149507
B0_ocp,12920.019999999997,0.0799553223644234,0.07135465983232835,0.07151737590158169,0.19107297145865665,0.172698766
B0_ocp,13000.019999999997,0.08045039374827324,0.07179144422486063,0.0719549462390611,0.1899649536695276,0.1717277765
B0_ocp,13080.019999999997,0.08094547056622378,0.07222823468254187,0.07239253250137864,0.18885115365121813,0.1707827449
B0_ocp,13160.019999999997,0.08144054938621142,0.0726650298346398,0.07283012215070686,0.1877470876127737,0.1698302925
B0_ocp,13240.019999999997,0.0819356271336792,0.07310182583920054,0.07326771847737773,0.18668127450986632,0.1689089835
B0_ocp,13320.019999999997,0.08243070688318406,0.07353862284788874,0.0737053172298352,0.1856247046523677,0.1679757982
B0_ocp,13400.019999999997,0.08292578563167037,0.07397541379838886,0.0741429117049339,0.18458436622292312,0.167052269
B0_ocp,13490.019999999997,0.08348274605978384,0.07446680362615662,0.07463521529136766,0.18343463374830418,0.1660494059
B0_ocp,13570.019999999997,0.08397782094719862,0.07490359255570139,0.07507281537979313,0.18243288295874238,0.1651555151
B0_ocp,13650.019999999997,0.08447289762214653,0.07534038200357991,0.07551042647541252,0.18143441036011043,0.1642890424
B0_ocp,13730.019999999997,0.08496797215205466,0.07577717537710843,0.0759480414280881,0.18046196460062913,0.1634144336
B0_ocp,13810.019999999997,0.08546304582394688,0.07621396481616084,0.07638565553246897,0.17949832163803323,0.1625561118
B0_ocp,13890.019999999997,0.08595811942433783,0.0766507537533614,0.07682327488220621,0.17853579341982606,0.1617111415
B0_ocp,13970.019999999997,0.08645319545577379,0.07708754673022719,0.07726090387493488,0.17759675035103584,0.16090101
B0_ocp,14050.019999999997,0.08694827270273228,0.07752434424742212,0.0776985406690145,0.17665252095897185,0.1600997597
B0_ocp,14130.019999999997,0.08744335388226364,0.07796114024535951,0.07813617669860173,0.1757232483168853,0.1592903733
B0_ocp,14210.019999999997,0.08793842984219827,0.07839793271352533,0.07857381413805964,0.17482195246037252,0.1584654003
B0_ocp,14290.019999999997,0.08843350272757594,0.07883472063547615,0.07901144905878793,0.17392031189873788,0.1576715708
B0_ocp,14370.019999999997,0.08892857804399866,0.07927150553538721,0.07944908774039439,0.17303997082338107,0.1568799764
B0_ocp,14460.019999999997,0.0894855343250353,0.0797628896819385,0.07994143730533207,0.17206924832110887,0.1560157388
B0_ocp,14540.019999999997,0.08998061085698052,0.08019968519040943,0.08037910154001478,0.17121266315112288,0.1552975029
B0_ocp,14620.019999999997,0.09047569139299995,0.08063648067538107,0.08081675847721656,0.17034164919698122,0.1544984728
B0_ocp,14700.019999999997,0.09097077021298758,0.08107327416288772,0.08125442600915414,0.16950407078181162,0.1538024843
B0_ocp,14780.019999999997,0.09146584595841822,0.08151007015800271,0.08169209438420716,0.16868494676144155,0.1530390531
B0_ocp,14860.019999999997,0.0919609192013025,0.08194685757558424,0.0821297572515737,0.16788044416774894,0.1522867233
B0_ocp,14940.019999999997,0.09245599222968283,0.08238364045431894,0.08256742166795504,0.16706777975470927,0.1515655369
B0_ocp,15020.019999999997,0.09295106726010025,0.08282042333564621,0.08300509201326514,0.1662575555685121,0.1508480608
B0_ocp,15100.019999999997,0.09344614450705872,0.08325721177295582,0.08344277485472949,0.16545613606501267,0.1501453966
B0_ocp,15180.019999999997,0.09394121989498277,0.08369400421182674,0.08388046306061625,0.16466680532738598,0.1494471729
B0_ocp,15260.019999999997,0.09443629606942139,0.08413079415455721,0.08431815100353805,0.16389019843250643,0.1487496942
B0_ocp,15340.019999999997,0.09493136924080434,0.08456758410266324,0.08475584577691067,0.163118888375518,0.1480485201
B0_ocp,15430.019999999997,0.09548833052693372,0.08505898188257108,0.08524827005949606,0.16226954952679326,0.1473132521
B0_ocp,15510.019999999997,0.09598341142045974,0.08549578488725076,0.08568598616792926,0.1615293073906987,0.1466513425
B0_ocp,15590.019999999997,0.09647848509235198,0.08593257633210252,0.08612368705904178,0.1608007752490184,0.1459494382
B0_ocp,15670.019999999997,0.09697356191030254,0.08636936174177436,0.08656139523377215,0.1600577723540765,0.1452942044
B0_ocp,15750.019999999997,0.097468630791606,0.08680614966567796,0.08699910823922358,0.15932727839995106,0.1446426958
B0_ocp,15830.019999999997,0.09796370646553536,0.08724293405757849,0.08743682124417623,0.15861211952466034,0.1440030336
B0_ocp,15910.019999999997,0.0984587807094382,0.08767972148609282,0.08787454606673464,0.15790821896711046,0.1433959752
B0_ocp,15990.019999999997,0.09895385802789802,0.0881165114286047,0.08831227418353756,0.15722300538708994,0.1427622586
B0_ocp,16070.019999999997,0.09944892976925447,0.08855330744172624,0.08875001887731332,0.15652847774335235,0.1421796679
B0_ocp,16150.019999999997,0.0999440042276613,0.08899010848546075,0.08918776687744016,0.1558289428298627,0.1415652186
B0_ocp,16230.019999999997,0.10043907890057208,0.08942689993523556,0.0896255051131702,0.1551486055648861,0.1409507543
B0_ocp,16310.019999999997,0.10093415607602924,0.08986369292062657,0.09006325931912819,0.1544959117337661,0.140399307
B0_ocp,16400.019999999997,0.10149112200974472,0.09035509231022856,0.09055574066469879,0.15375249388081424,0.1397537142
B0_ocp,16480.019999999997,0.10198619275008268,0.09079189134118168,0.09099350621887597,0.1530892092117365,0.1391770691
B0_ocp,16560.019999999997,0.10248127085505704,0.09122868379871026,0.09143126391983869,0.1524402575115857,0.1385855824
B0_ocp,16640.019999999997,0.10297634445544798,0.09166546970826497,0.09186902427463434,0.15179180918003357,0.1380459964
B0_ocp,16720.019999999997,0.10347141769833226,0.09210225612022004,0.09230679019785162,0.15114336030449355,0.1375041604
B0_ocp,16800.019999999997,0.10396649437328014,0.09253904758807009,0.09274456999850127,0.15049952479081768,0.1370016336
B0_ocp,16880.019999999997,0.10446157247825452,0.0929758471260719,0.0931823614371668,0.14987084676868614,0.1364887208
B0_ocp,16960.019999999997,0.10495664972521301,0.0934126476672135,0.09362015491265119,0.14925397140094915,0.1359720975
B0_ocp,17040.019999999997,0.105451725542145,0.09384943911485448,0.09405793854563499,0.14864764374854333,0.135453254
B0_ocp,17120.019999999997,0.10594680293210613,0.09428623058614034,0.09449573705917402,0.14803716429090588,0.1349870414
B0_ocp,17200.019999999997,0.10644188103708052,0.09472302304452951,0.09493353357827125,0.1474047032096223,0.1344741136
B0_ocp,17280.019999999997,0.10693695742602312,0.0951598084471012,0.09537132947994809,0.1468258774300457,0.134008646
B0_ocp,17370.019999999997,0.10749391949866706,0.09565119202664808,0.09586385770892292,0.1461539545848579,0.1334846169
B0_ocp,17450.019999999997,0.10798899023900499,0.0960879789456684,0.09630166776540414,0.1455639445766657,0.1330413818
B0_ocp,17530.019999999997,0.10848406855848336,0.09652476788338181,0.09673948473767474,0.14499470900513572,0.1326144487
B0_ocp,17610.019999999997,0.1089791448759246,0.09696155782878814,0.09717730673948285,0.14438282728237714,0.1321778744
B0_ocp,17690.019999999997,0.10947421940583274,0.09739834423564815,0.09761512704986705,0.14382145749738584,0.1317494661
B0_ocp,17770.019999999997,0.10996929593777796,0.09783513166529122,0.09805295873561323,0.14327421157974862,0.1313306838
B0_ocp,17850.019999999997,0.1104643727557285,0.0982719230010612,0.09849079701546407,0.14272427956967387,0.1309282035
B0_ocp,17930.019999999997,0.11095944707113269,0.09870871193370295,0.09892863545219133,0.14218468208526053,0.1305190623
B0_ocp,18010.019999999997,0.1114545226735607,0.09914550390641666,0.09936648707183568,0.14162921104479978,0.1301544011
B0_ocp,18090.019999999997,0.11194960213706023,0.09958229687288901,0.0998043389963058,0.14108346572834923,0.1297519207
B0_ocp,18170.019999999997,0.11244468124305318,0.10001909238105416,0.10024220481507148,0.14056579659083446,0.1293887347
B0_ocp,18250.019999999997,0.11293975941952888,0.10045589443854265,0.10068007932373602,0.14003853113663275,0.1290403754
B0_ocp,18340.019999999997,0.11349672385171658,0.1009472967532172,0.10117269246163571,0.13948448191074675,0.1286149174
B0_ocp,18420.019999999997,0.11399180288620817,0.1013840967884373,0.10161057246897759,0.1389915909704981,0.1282502413
B0_ocp,18500.019999999997,0.11448688091968123,0.10182089076397366,0.1020484493237144,0.1384811918647611,0.1278996617
B0_ocp,18580.019999999997,0.11498195523508538,0.10225768677634955,0.1024863409256471,0.13797551616403603,0.1275735199
B0_ocp,18660.019999999997,0.11547703298255316,0.102694489864011,0.10292424298962027,0.13748318675278468,0.1272599995
B0_ocp,18740.019999999997,0.11597211008650897,0.1031312843338833,0.10336213172090117,0.13701315348283324,0.1268871725
B0_ocp,18820.019999999997,0.11646718254287866,0.1035680763110105,0.10380003410178992,0.13656320923717205,0.126609236
B0_ocp,18900.019999999997,0.11696225864581593,0.10400487281243578,0.10423794224384884,0.13610555195917723,0.1262756735
B0_ocp,18980.019999999997,0.1174573341767426,0.10444166628958729,0.10467585194331863,0.13564832440302205,0.1259747595
B0_ocp,19060.019999999997,0.11795240920716003,0.10487845724052364,0.10511376347794829,0.1352039136597434,0.1256619692
B0_ocp,19140.019999999997,0.11844748087701515,0.1053152466822195,0.10555168041642671,0.13477217153079424,0.1253736466
B0_ocp,19230.019999999997,0.11900443823057166,0.10580664276289974,0.10604435703098591,0.13428673351587392,0.1250756681
B0_ocp,19310.019999999997,0.1194995208401295,0.10624344380714891,0.10648229663925715,0.13386630158662793,0.1247843876
B0_ocp,19390.019999999997,0.11999459136596345,0.10668023424053152,0.10692022342158852,0.13344161328243506,0.1244716123
B0_ocp,19470.019999999997,0.12048966689689013,0.10711701762819448,0.10735815515113309,0.13301510347706333,0.1241951361
B0_ocp,19550.019999999997,0.12098474357183801,0.10755380606656652,0.10779610149164784,0.1325963680220561,0.1239386722
B0_ocp,19630.019999999997,0.12147981988927928,0.10799059904200109,0.10823405619894408,0.13223067656773196,0.1237014905
B0_ocp,19710.019999999997,0.12197489656422715,0.10842739555317456,0.10867202048603444,0.13185271029543766,0.1234472618
B0_ocp,19790.019999999997,0.12246997617072934,0.10886419053713338,0.1091099834357757,0.13146201701085528,0.1231848821
B0_ocp,19870.019999999997,0.1229650539181971,0.10930097643491914,0.10954794007573204,0.13109224626196775,0.1229113862
B0_ocp,19950.019999999997,0.1234601295206251,0.10973776741033511,0.10998591988562258,0.1307208452613894,0.1227156892
B0_ocp,20030.019999999997,0.12395520390753058,0.11017456693175437,0.11042390783173882,0.13035588991401792,0.1224792525
B0_ocp,20110.019999999997,0.12445027822293477,0.11061136798619317,0.11086190371873586,0.13000085986231918,0.1222502217
B0_ocp,20200.019999999997,0.12500723657750978,0.1111027651787912,0.11135464406655007,0.12961293762544385,0.1219752356
B0_ocp,20280.019999999997,0.12550231117891925,0.11153955613353769,0.11179263763501039,0.12927132801776778,0.1217521355
B0_ocp,20360.019999999997,0.12599738678134723,0.11197635214570688,0.11223064780746778,0.12891727433254085,0.1215557083
B0_ocp,20440.019999999997,0.12649246073924478,0.11241314763060622,0.11266865522913014,0.12857459658944978,0.121295549
B0_ocp,20520.019999999997,0.12698753391062773,0.11284994162207357,0.11310667222717127,0.12829388156875265,0.1211109981
B0_ocp,20600.019999999997,0.1274826099420637,0.11328674065373204,0.11354469988628035,0.12796324921418759,0.1209138408
B0_ocp,20680.019999999997,0.1279776873320248,0.11372354119831331,0.11398273349625343,0.12764832400588202,0.1207114831
B0_ocp,20760.019999999997,0.12847276443598063,0.11416034072911889,0.11442076981103527,0.12734612931099074,0.120498769
B0_ocp,20840.019999999997,0.12896783996690733,0.1145971372318804,0.11485880818139768,0.12703806865377332,0.120276399
B0_ocp,20920.019999999997,0.12946292086043337,0.11503393525876751,0.1152968578339472,0.1267728884859533,0.1200955436
B0_ocp,21000.019999999997,0.12995799446082432,0.11547072619082484,0.11573489569403625,0.12647419043617236,0.1198724434
B0_ocp,21080.019999999997,0.1304530727803026,0.11590751109866992,0.11617294207289333,0.1261706271534489,0.1196960434
B0_ocp,21170.019999999997,0.1310100366404797,0.1163989020644276,0.11666576239089464,0.1258735182518908,0.1194914654
B0_ocp,21250.019999999997,0.13150511567497125,0.11683569604487576,0.11710382953372683,0.12559332613828586,0.1192913428
B0_ocp,21330.019999999997,0.1320001916349059,0.11727249053581539,0.11754190420187682,0.12532130061453248,0.1191238388
B0_ocp,21410.019999999997,0.13249526680832596,0.11770928350218873,0.11797997981122432,0.12505359865809446,0.1189229563
B0_ocp,21490.019999999997,0.1329903423392527,0.11814607496515653,0.11841806256230301,0.1247917956673199,0.1187465563
B0_ocp,21570.019999999997,0.13348541636865155,0.11858286793858336,0.11885615274083725,0.1245632664719741,0.1185723767
B0_ocp,21650.019999999997,0.1339804902550478,0.11901966192375057,0.11929425038564531,0.12430474953891421,0.1184026375
B0_ocp,21730.019999999997,0.13447556828852084,0.11945645893937143,0.11973235829796966,0.12404881711422547,0.1182395741
B0_ocp,21810.019999999997,0.13497064675100187,0.11989325695706608,0.1201704707567194,0.12382080414596876,0.1180520579
B0_ocp,21890.019999999997,0.13546572492747758,0.12033004688532414,0.12060857450814393,0.12355996187212709,0.1178749129
B0_ocp,21970.019999999997,0.13596080238894004,0.1207668398833975,0.12104670135082063,0.12331203226295137,0.1177555695
B0_ocp,22050.019999999997,0.13645587863487998,0.12120363940886225,0.12148483366759495,0.12308075863067053,0.1175673082
B0_ocp,22140.019999999997,0.1370128434960756,0.12169503718595542,0.12197773911655699,0.122849442562395,0.1173960939
B0_ocp,22220.019999999997,0.1375079211005407,0.12213183621291647,0.12241588363386492,0.12264028657855919,0.1172226444
B0_ocp,22300.019999999997,0.13800299298489982,0.12256863625676573,0.12285403729329056,0.12242080996241485,0.1170758978
B0_ocp,22380.019999999997,0.13849807352091922,0.12300543072519624,0.1232921834052148,0.12219269750693605,0.116883181
B0_ocp,22460.019999999997,0.1389931491233472,0.12344222270202304,0.12373034200892917,0.12196200368659611,0.1167423502
B0_ocp,22540.019999999997,0.13948822572679379,0.12387901262949695,0.12416849734906557,0.12178898419995207,0.116555579
B0_ocp,22620.019999999997,0.13998330497578937,0.12431580208697482,0.12460666757775374,0.12159301744087454,0.1164184436
B0_ocp,22700.019999999997,0.14047838536880614,0.12475259555859818,0.12504484390467513,0.12138662635168275,0.1162716821
B0_ocp,22780.019999999997,0.14097346504680972,0.12518939309097749,0.12548303648420533,0.12117752676236256,0.1161367819
B0_ocp,22860.019999999997,0.14146855030191655,0.12562619651114884,0.1259212375315742,0.12100736546833349,0.1159915105
B0_ocp,22940.019999999997,0.14196363055193068,0.12606298996425008,0.12635942372843134,0.12081057799361308,0.1157958433
B0_ocp,23020.019999999997,0.14245870686937193,0.1264997819494988,0.12679762874755013,0.12061135955685573,0.1156802103
B0_ocp,23110.019999999997,0.1430156684415066,0.12699117744150565,0.12729061516430162,0.12040058142107876,0.1154971346
B0_ocp,23190.019999999997,0.14351074411543593,0.1274279658635387,0.12772882104338917,0.1202364910135285,0.115332596
B0_ocp,23270.019999999997,0.1440058230069249,0.1278647517742736,0.12816703522783973,0.1200317272768154,0.1151858196
B0_ocp,23350.019999999997,0.1445008989668595,0.12830154324585613,0.12860526663193736,0.11984421107174885,0.1150553748
B0_ocp,23430.019999999997,0.14499597478379153,0.12873833729165354,0.12904350258145142,0.11967018643789144,0.1149026826
B0_ocp,23510.019999999997,0.14549105274576327,0.12917512975904433,0.1294817423010348,0.119478987837751,0.1147529557
B0_ocp,23590.019999999997,0.14598612799068464,0.1296119232412607,0.12991999191809508,0.11934250729183844,0.1146306619
B0_ocp,23670.019999999997,0.14648120845520277,0.13004871519706548,0.13035824279149483,0.11918795128148173,0.1144609377
B0_ocp,23750.019999999997,0.14697628598816656,0.13048551172399575,0.13079651395764186,0.11900887736221906,0.1143460497
B0_ocp,23830.019999999997,0.14747136209110379,0.13092230820919284,0.1312347802825507,0.11883161768774003,0.1141770557
B0_ocp,23910.019999999997,0.14796643876605164,0.13135910574848378,0.13167306533302336,0.11866093813424118,0.1140725538
B0_ocp,23990.019999999997,0.14846151558400222,0.13179590121566837,0.13211134119767257,0.11849620780699582,0.1138709262
B0_ocp,24080.019999999997,0.14901847865766474,0.13228728479576346,0.13260440348343425,0.11831565738021706,0.1137226894
B0_ocp,24160.019999999997,0.14951356112421996,0.13272407070380907,0.13304269185124462,0.11815707632386649,0.1135840788
B0_ocp,24240.019999999997,0.15000863172155524,0.13316085762416224,0.13348098904281824,0.11799762564375767,0.113443993
B0_ocp,24320.019999999997,0.1505037152606303,0.13359764808169122,0.1339192986128192,0.11785087406454445,0.1133083627
B0_ocp,24400.019999999997,0.15099879608265504,0.13403443852428104,0.13435761039847754,0.1177101661407184,0.113143824
B0_ocp,24480.019999999997,0.15149387683317844,0.13447123556214338,0.13479594593172106,0.1175606398259413,0.1130504236
B0_ocp,24560.019999999997,0.15198895865622175,0.1349080350766391,0.13523427889139197,0.11741134233561255,0.1128784642
B0_ocp,24640.019999999997,0.15248404419733388,0.13534483361813293,0.13567262473854083,0.11727599375361535,0.1127606258
B0_ocp,24720.019999999997,0.15297912416134274,0.135781635163328,0.1361109764104883,0.11714030753577752,0.1126079187
B0_ocp,24800.019999999997,0.15347420240931975,0.13621842963698116,0.1365493229144803,0.11698711782113591,0.1124441102
B0_ocp,24880.019999999997,0.15396928430386442,0.1366552216072218,0.13698767985212557,0.1168380823214955,0.1123514697
B0_ocp,24960.019999999997,0.15446436255184146,0.1370920160962043,0.13742604729019908,0.11669158929752065,0.1122121289
B0_ocp,25050.019999999997,0.15502132791354636,0.13758341103147304,0.13791921977180252,0.11653465953796355,0.1120505407
B0_ocp,25130.019999999997,0.15551640651902998,0.13802020703292045,0.13835760286353121,0.1164038501951667,0.1119008139
B0_ocp,25210.019999999997,0.1560114859110282,0.13845700556555368,0.1387959981832224,0.11624640542152932,0.1117733344
B0_ocp,25290.019999999997,0.1565065659465384,0.13889380256374909,0.13923439306814744,0.11608893827449883,0.1116236076
B0_ocp,25370.019999999997,0.15700164448052076,0.13933059300592038,0.1396727875449476,0.11595226152633993,0.1114716753
B0_ocp,25450.019999999997,0.15749671886742622,0.13976737840135567,0.14011118452754057,0.11584382740809614,0.1113160178
B0_ocp,25530.019999999997,0.15799179682939796,0.14020416685029763,0.1405496006698254,0.11570205895472009,0.1112085357
B0_ocp,25610.019999999997,0.15848687286083393,0.1406409628581533,0.1409880312977642,0.1155743066461005,0.1110639945
B0_ocp,25690.019999999997,0.15898195539889046,0.1410777603720019,0.1414264668581412,0.11544011114958432,0.1109305844
B0_ocp,25770.019999999997,0.15947703450488337,0.14151455485135836,0.14186490331127477,0.11528491177139182,0.1107912436
B0_ocp,25850.019999999997,0.15997211618492405,0.1419513513720848,0.1423033560053249,0.1151678511299226,0.1106978431
B0_ocp,25930.019999999997,0.16046719958099648,0.14238814685092901,0.14274180679630272,0.11503369862548685,0.1105236635
B0_ocp,26020.019999999997,0.16102416615822385,0.14287953781643736,0.14323507367250873,0.11488625794838503,0.1103769168
B0_ocp,26100.019999999997,0.16151924640823798,0.1433163333181509,0.1436735470276805,0.11476689661754957,0.1102301553
B0_ocp,26180.019999999997,0.16201432644374814,0.14375312729100284,0.144112021287803,0.11460816622325204,0.1100819185
B0_ocp,26260.019999999997,0.16250940540673842,0.14418992179005768,0.14455050900129868,0.11448010607416378,0.1099410877
B0_ocp,26340.019999999997,0.16300448458423267,0.1446267157594902,0.1449889978932214,0.114354744562166,0.1097787544
B0_ocp,26420.019999999997,0.16349956175968974,0.14506350570489648,0.1454274917748551,0.1142272865926261,0.1096468195
B0_ocp,26500.019999999997,0.16399464265321576,0.1455003027392209,0.14586600995098709,0.11412395035165945,0.1095193401
B0_ocp,26580.019999999997,0.16448972311773383,0.14593710559844414,0.14630453585861378,0.11398589789227204,0.1093807295
B0_ocp,26660.019999999997,0.16498480272423607,0.14637390259227612,0.14674305556441214,0.1138429834933543,0.1092147008
B0_ocp,26740.019999999997,0.16547987768315214,0.1468106950627357,0.14718158259238792,0.11370439581566254,0.1090768501
B0_ocp,26820.019999999997,0.16597495793316627,0.14724748550426164,0.14762011406687597,0.11358256464090476,0.1089145169
B0_ocp,26900.019999999997,0.1664700309615466,0.14768427545653748,0.1480586569159354,0.11346691973219564,0.1087766662
B0_ocp,26990.019999999997,0.16702698960212692,0.14817567040135937,0.14855203704530723,0.11332484518523071,0.1086291596
B0_ocp,27070.019999999997,0.167522064561043,0.14861246487320104,0.14899059627011266,0.11319700126664792,0.1084609032
B0_ocp,27150.019999999997,0.1680171403064737,0.14904925583142783,0.1494291627363353,0.11309832891380021,0.1083386093
B0_ocp,27230.019999999997,0.16851222084249318,0.14948605437894322,0.1498677534584152,0.11296815688723508,0.1082177982
B0_ocp,27310.019999999997,0.16900730066349937,0.14992285389377843,0.15030634177096644,0.11282778494424886,0.1080495343
B0_ocp,27390.019999999997,0.16950237676643662,0.15035965344730046,0.15074494575561637,0.11269064355382039,0.1079294533
B0_ocp,27470.019999999997,0.16999745723095477,0.15079645650705104,0.15118355700081054,0.11258242691470428,0.1077619493
B0_ocp,27550.019999999997,0.17049253519292654,0.15123324793270598,0.15162215240563776,0.1124623846095079,0.1075914726
B0_ocp,27630.019999999997,0.1709876160149513,0.15167004145184435,0.15206077912424754,0.11234071305668043,0.1074965894
B0_ocp,27710.019999999997,0.17148269805249852,0.15210684531191102,0.15249941906397524,0.11221665084317436,0.1073268577
B0_ocp,27790.019999999997,0.17197777680098478,0.15254364230110803,0.152938049393848,0.1120799996339748,0.1071660221
B0_ocp,27870.019999999997,0.17247285604998033,0.15298043072347053,0.15337668027552742,0.11196626139313372,0.1069985107
B0_ocp,27960.019999999997,0.17302982262720773,0.15347182170356172,0.15387016636237486,0.11183937156822377,0.1068643555
B0_ocp,28040.019999999997,0.17352489915915295,0.1539086182042113,0.15430882960509557,0.11171638656320358,0.1067057326
B0_ocp,28120.019999999997,0.17401997969517238,0.15434541572881974,0.15474750399741383,0.11157660241305596,0.1065678671
B0_ocp,28200.019999999997,0.17451505951617857,0.15478221830016664,0.15518619343780451,0.11145839914157296,0.1064337119
B0_ocp,28280.019999999997,0.17501014148222446,0.15521901376188538,0.15562486939525322,0.11133676793444004,0.1062498987
B0_ocp,28360.019999999997,0.17550521830017501,0.15565580524168288,0.1560635620333241,0.1112126174715194,0.1061320454
B0_ocp,28440.019999999997,0.17600029769217326,0.15609260174593995,0.1565022675912774,0.11108817277183915,0.1059867665
B0_ocp,28520.019999999997,0.17649537922921127,0.15652939825392545,0.15694098063302042,0.11095505750664718,0.1058185175
B0_ocp,28600.019999999997,0.17699045933622276,0.1569661957712587,0.157379703417529,0.11084096345325678,0.1056784317
B0_ocp,28680.019999999997,0.17748553937173292,0.1574029948044931,0.15781843685300223,0.1107291046013575,0.1055450141
B0_ocp,28760.019999999997,0.17798061926424041,0.15783979383017932,0.15825717654236626,0.11060627086208508,0.1054056659
B0_ocp,28850.019999999997,0.1785375803358658,0.15833118647697372,0.15875075697334867,0.11048031581115506,0.1052055433
B0_ocp,28930.019999999997,0.1790326605858799,0.15876798402485476,0.15918952248299068,0.11035491101721012,0.1050921381
B0_ocp,29010.019999999997,0.17952774255192577,0.15920478556043885,0.15962829069527074,0.11023765699136914,0.1049105451
B0_ocp,29090.019999999997,0.1800228215864174,0.15964157953166994,0.16006705572546176,0.11013154498930343,0.104751192
B0_ocp,29170.019999999997,0.18051790112141824,0.16007837403262018,0.16050583819226136,0.1100006278427523,0.1046296284
B0_ocp,29250.019999999997,0.18101298187194162,0.16051516496023183,0.1609446157696625,0.10987355625219161,0.1044524834
B0_ocp,29330.019999999997,0.18150805854688948,0.16095195948853575,0.16138342299677438,0.10974108019808884,0.1043494567
B0_ocp,29410.019999999997,0.18200313457832548,0.1613887544415672,0.16182222191050233,0.10960135923945548,0.1041537821
B0_ocp,29490.019999999997,0.1824982135413158,0.16182554693974885,0.16226103971923342,0.10947724308466913,0.1040448248
B0_ocp,29570.019999999997,0.18299329021626362,0.16226234951175486,0.16269987838280076,0.10935158447185744,0.1038891673
B0_ocp,29650.019999999997,0.18348836596169432,0.16269914649090558,0.16313870499939703,0.10922066363095206,0.1037216559
B0_ocp,29730.019999999997,0.18398344771323627,0.16313594454676747,0.1635775576858189,0.10908496675654628,0.1035860181
B0_ocp,29820.019999999997,0.18454041371845306,0.16362734114648636,0.16407125895954286,0.10896331355805579,0.1033851579
B0_ocp,29900.019999999997,0.18503549225243546,0.16406413161057717,0.16451011515339298,0.10882165546997252,0.1032406166
B0_ocp,29980.019999999997,0.18553056971389795,0.164500929646785,0.16494899479717923,0.10869886627088055,0.1031101644
B0_ocp,30060.019999999997,0.18602564717536046,0.1649377256240171,0.16538786939660144,0.10859386634026198,0.1029315367
B0_ocp,30140.019999999997,0.18652072842639314,0.16537451506272735,0.16582674818417853,0.10846395796247771,0.1027625427
B0_ocp,30220.019999999997,0.18701580467233306,0.16581131058594648,0.16626565385113135,0.1083195679435203,0.1026365459
B0_ocp,30300.019999999997,0.1875108779152173,0.16624810808302645,0.1667045604351125,0.10818884035617551,0.1024697646
B0_ocp,30380.019999999997,0.1880059575217195,0.1666848970026924,0.16714346244764933,0.10807349262813071,0.1023074463
B0_ocp,30460.019999999997,0.18850103812924027,0.16712168291485427,0.1675823766631036,0.10795933482898747,0.1021554992
B0_ocp,30540.019999999997,0.18899611172963118,0.167558472872658,0.1680213097301264,0.10782877388622182,0.1020102277
B0_ocp,30620.019999999997,0.18949118747506188,0.16799526280561833,0.16846024564755382,0.1076903462107314,0.1018330753
B0_ocp,30700.019999999997,0.18998626872609453,0.16843204921625154,0.16889918740838616,0.1075498463965713,0.1016878039
B0_ocp,30790.019999999997,0.19054323194275966,0.16892344190849343,0.16939302862140299,0.10740036019167452,0.1015484557
B0_ocp,30870.019999999997,0.1910383160538453,0.16936024447695128,0.16983201510976242,0.10728354356163969,0.1014098525
B0_ocp,30950.019999999997,0.19153340080844286,0.169797040444672,0.17027098878107738,0.10716299913859448,0.1012126952
B0_ocp,31030.019999999997,0.19202847826990532,0.17023383546640578,0.17070998525505401,0.10703985139736763,0.1010911316
B0_ocp,31110.019999999997,0.19252355651788236,0.17067063600351084,0.17114899321011434,0.10691618828637149,0.1009228826
B0_ocp,31190.019999999997,0.19301863819792303,0.17110743655338695,0.17158801098040682,0.1067750779448936,0.1007687151
B0_ocp,31270.019999999997,0.19351371966345965,0.17154423658363147,0.17202703419164875,0.10662659151717484,0.1006086171
B0_ocp,31350.019999999997,0.19400879984197245,0.17198103561739783,0.17246606812462506,0.10648581046736068,0.1004507393
B0_ocp,31430.019999999997,0.19450387766094152,0.1724178331220678,0.17290510677095453,0.10637464110639705,0.1002810001
B0_ocp,31510.019999999997,0.19499895690993715,0.17285462659366704,0.17334415040311515,0.1062415376872358,0.1001275778
B0_ocp,31590.019999999997,0.19549404002000428,0.1732914190645981,0.17378320580164944,0.10610377335418834,0.099974148
B0_ocp,31670.019999999997,0.19598912055602372,0.173728209503761,0.17422226595560963,0.10597287154096661,0.099801451
B0_ocp,31760.019999999997,0.19654608205665702,0.17421959649113045,0.17471622094853595,0.10584925736292912,0.0996346697
B0_ocp,31840.019999999997,0.19704115973262346,0.17465638289284288,0.17515529778862593,0.10572755182105142,0.0994612351
B0_ocp,31920.019999999997,0.19753623168848392,0.17509317641291325,0.17559440709736007,0.10559217747621288,0.0993463472
B0_ocp,32000.019999999997,0.1980313086494371,0.17552997491775324,0.1760335189894815,0.10545445337282035,0.0991803184
B0_ocp,32080.019999999997,0.19852638811293669,0.17596676890052027,0.1764726348655994,0.10531980952314562,0.0990291163
B0_ocp,32160.019999999997,0.19902146557439918,0.17640355984185926,0.17691175481283922,0.10518453139435437,0.0988578945
B0_ocp,32240.019999999997,0.19951654267835497,0.17684034827549844,0.17735088539399024,0.10505647232812704,0.0987044722
B0_ocp,32320.019999999997,0.20001161885279362,0.17727713822540825,0.17779003026093904,0.10492554855607951,0.0985591933
B0_ocp,32400.019999999997,0.20050669609975202,0.1777139327286679,0.1782291941738896,0.1047876809048119,0.0983961299
B0_ocp,32480.019999999997,0.20100177413322512,0.17815073379042992,0.17866837602831645,0.10466182982441614,0.0982642025
B0_ocp,32560.019999999997,0.20149685681428425,0.17858753026238414,0.17910754809503415,0.1045394385145056,0.0980633274
B0_ocp,32640.019999999997,0.20199193649228778,0.1790243247749702,0.17954674015555433,0.10440552420960586,0.0979425162
B0_ocp,32730.019999999997,0.20254889978045426,0.17951571456052062,0.18004082467352917,0.1042442306658764,0.0977342427
B0_ocp,32810.02,0.20304398267601745,0.1799525075846536,0.1804800442212683,0.10412710884472207,0.0976252854
B0_ocp,32890.02,0.20353906299753294,0.1803893126747897,0.18091928358990886,0.10400151080801882,0.0974740833
B0_ocp,32970.02,0.20403414060199804,0.18082611065776164,0.18135850814391816,0.10385857238180989,0.0972843245
B0_ocp,33050.02,0.2045292161329247,0.1812629011101691,0.18179774086207529,0.10370590529402038,0.0971249714
B0_ocp,33130.02,0.20502429402339514,0.1816997001770759,0.18223700829898762,0.10357421690278872,0.0970034152
B0_ocp,33210.02,0.20551937191386555,0.18213649612685148,0.18267626075636112,0.103459949223567,0.096806258
B0_ocp,33290.02,0.2060144470157843,0.18257328660286218,0.18311553064348995,0.1033318854780319,0.0966632068
B0_ocp,33370.02,0.20650952926783553,0.1830100861535661,0.18355482657741468,0.10319250110183364,0.0965290442
B0_ocp,33450.02,0.20700460501326623,0.18344688212175747,0.1839941139451842,0.10306604066541589,0.0963644981
B0_ocp,33530.02,0.20749968226022467,0.1838836786636413,0.18443342701500381,0.10293493784582106,0.0962325633
B0_ocp,33610.02,0.2079947645837772,0.18432047766917575,0.1848727431932169,0.10279767376626239,0.0960643142
B0_ocp,33700.02,0.20855172930197013,0.1848118754597057,0.18536699235663318,0.10263371453708994,0.0959145948
B0_ocp,33780.02,0.20904680812195775,0.1852486780242768,0.1858063409218274,0.10248253326114397,0.0957507864
B0_ocp,33860.02,0.20954188365288445,0.18568547449891418,0.18624568178250459,0.10235200125548448,0.095583275
B0_ocp,33940.02,0.21003696390289858,0.18612226900822745,0.186685042794895,0.10222471471818727,0.0954365209
B0_ocp,34020.02,0.21053204315189414,0.18655907057324475,0.1871244256722769,0.10209128820164275,0.0953008831
B0_ocp,34100.02,0.21102712476043342,0.1869958736351757,0.18756381548426804,0.10193669364869928,0.0951541215
B0_ocp,34180.02,0.21152220150688264,0.18743267062138294,0.1880032012497605,0.10180445809197361,0.0949777141
B0_ocp,34260.02,0.21201727996936365,0.18786946258546963,0.18844259692023674,0.1016655853286724,0.0948146507
B0_ocp,34340.02,0.21251235213972808,0.18830625252096989,0.18888200124465274,0.10153025320514658,0.0946597382
B0_ocp,34420.02,0.21300743453478188,0.18874304196916353,0.18932142057814058,0.1014093724936951,0.0945115015
B0_ocp,34500.02,0.2135025165008278,0.18917983545973568,0.18976085916908453,0.10128340255260722,0.0943780839
B0_ocp,34580.02,0.21399759360478357,0.18961662588226444,0.19020029446801856,0.10113174375109273,0.0942009315
B0_ocp,34670.02,0.21455455639244073,0.19010801516426445,0.1906946849506631,0.10097612022385112,0.0940519571
B0_ocp,34750.02,0.2150496369284601,0.19054481268744697,0.19113416338752165,0.10086954495270574,0.093913354
B0_ocp,34830.02,0.21554471295989605,0.19098161171691488,0.1915736507212306,0.10069327040992018,0.0937643722
B0_ocp,34910.02,0.21603979034985715,0.19141841328270862,0.19201315443417488,0.10055815776017508,0.0936183557
B0_ocp,34990.02,0.21653487002786068,0.19185520974974882,0.19245264983042237,0.10043085652720977,0.0934375003
B0_ocp,35070.02,0.21702995084988538,0.19229200325138407,0.1928921650128843,0.10029854462118552,0.0933233574
B0_ocp,35150.02,0.21752503088539557,0.19272880431528547,0.1933317046454327,0.10015200399771862,0.0931817889
B0_ocp,35230.02,0.21802011027739376,0.19316559976725634,0.19377123188058243,0.10001872009463669,0.0929987133
B0_ocp,35310.02,0.2185151897408933,0.1936023937870668,0.19421078503341635,0.09988901272332401,0.0928749293
B0_ocp,35390.02,0.2190102702054114,0.19403919382056262,0.1946503532519827,0.09975624837282208,0.0927237198
B0_ocp,35470.02,0.21950534845338843,0.19447598828400212,0.19508991733771014,0.09959631954502542,0.0925695524
B0_ocp,35550.02,0.2200004257003469,0.1949127807661425,0.1955294986198774,0.09946671750411522,0.0924324319
B0_ocp,35640.02,0.22055739220607298,0.19540417456207618,0.19602404349082664,0.09932642802222577,0.0922478735
B0_ocp,35720.02,0.2210524713835672,0.19584097260379293,0.19646366086073624,0.09919443872717719,0.0921255797
B0_ocp,35800.02,0.22154755170508264,0.1962777706022493,0.19690328019209175,0.09905261609136518,0.0919439793
B0_ocp,35880.02,0.22204263281311268,0.19671456813674218,0.1973429171985968,0.09891028698017217,0.0918187201
B0_ocp,35960.02,0.2225377149221613,0.19715136664789173,0.19778256191582397,0.09876393326960338,0.091675669
B0_ocp,36040.02,0.2230327958156873,0.19758816467897983,0.19822222132708395,0.09861640241356348,0.0915370658
B0_ocp,36120.02,0.2235278757796961,0.19802496116584384,0.19866188471739138,0.09847350716093474,0.0913673267
B0_ocp,36200.02,0.22402295081011347,0.19846175515413286,0.19910156078319394,0.09834397204161226,0.0912361369
B0_ocp,36280.02,0.22451802912959176,0.19889855014624003,0.19954125094420322,0.09819864603677547,0.091104202
B0_ocp,36360.02,0.2250131075205714,0.19933534767560745,0.1999809595436906,0.09804668354658762,0.0909700394
B0_ocp,36440.02,0.22550818441002327,0.19977214162486534,0.20042066429136693,0.09791009215242964,0.0908055007
B0_ocp,36520.02,0.22600326473153873,0.2002089295515913,0.20086037807851811,0.09777149434867448,0.0906572565
B0_ocp,36610.02,0.2265602288777211,0.2007003239532163,0.20135509497433762,0.09763426838933516,0.0905305147
B0_ocp,36690.02,0.22705530176309874,0.20113711890576758,0.20179483968482662,0.09750395080747348,0.0903570652
B0_ocp,36770.02,0.22755037550649232,0.2015739078475058,0.20223459368667246,0.09734310091696977,0.090218462
B0_ocp,36850.02,0.22804545361146666,0.20201070540566407,0.2026743843139937,0.09723224310381774,0.0901198834
B0_ocp,36930.02,0.22854053672153382,0.20244750998364577,0.20311418733421394,0.09710176397667529,0.0899709091
B0_ocp,37010.02,0.22903561575602546,0.2028843120296627,0.20355399207945551,0.09695757976454403,0.089815259
B0_ocp,37090.02,0.22953069386099983,0.20332111257601954,0.20399380925473776,0.09680184648621748,0.0897063017
B0_ocp,37170.02,0.23002577082195305,0.20375790296542096,0.20443361072331823,0.09667313048234406,0.0895335972
B0_ocp,37250.02,0.2305208474969009,0.20419468941583835,0.20487344009145544,0.09654455511602884,0.0894061103
B0_ocp,37330.02,0.2310159274609097,0.20463148594233194,0.2053132999063454,0.09640210851635653,0.0892749205
B0_ocp,37410.02,0.2315110070674119,0.20506828598114005,0.20575317005502874,0.09623646939825357,0.0891496539
B0_ocp,37490.02,0.23200608924796176,0.20550508601994819,0.20619304989924614,0.09612669212426657,0.0890192091
B0_ocp,37580.02,0.23256305096309912,0.20599647921885716,0.20668791083098864,0.09598539783107238,0.0888435468
B0_ocp,37660.02,0.2330581264225245,0.206433275267591,0.20712782089366988,0.09585316694266754,0.0887279138
B0_ocp,37740.02,0.2335532058145227,0.20687007274448818,0.20756773065313763,0.0957166938311089,0.0885663331
B0_ocp,37820.02,0.23404828377649442,0.20730686116099858,0.20800763997961597,0.09555894164825136,0.0884403288
B0_ocp,37900.02,0.2345433572338827,0.20774365722220742,0.20844759305474211,0.09543399077094124,0.0883313715
B0_ocp,37980.02,0.2350384348383478,0.2081804602710427,0.20888755478007626,0.0953108090817298,0.0882135257
B0_ocp,38060.02,0.23553351187080226,0.20861726132521072,0.20932752512900216,0.0951713837250649,0.0880830735
B0_ocp,38140.02,0.23602858997577666,0.2090540628750084,0.20976750774203967,0.09500937248162362,0.0879444629
B0_ocp,38220.02,0.23652367337184907,0.2094908603692438,0.2102074923236278,0.09488302676783128,0.0877947435
B0_ocp,38300.02,0.2370187529068499,0.20992765485972376,0.21064749054171922,0.09476574363189057,0.0876702219
B0_ocp,38380.02,0.23751383208434418,0.21036445086727887,0.2110875069834829,0.09464596477420915,0.087550886
B0_ocp,38470.02,0.2380707967310359,0.21085585377987182,0.21158255809151405,0.09448948787291155,0.0874204412
B0_ocp,38550.02,0.23856587311997846,0.21129265021521207,0.2120225854254294,0.0943349100445585,0.0872455165
B0_ocp,38630.02,0.23906095115345152,0.21172944323805454,0.21246264248442706,0.09420671747238323,0.0871543437
B0_ocp,38710.02,0.23955602761389544,0.2121662432706636,0.2129027185725566,0.09408627886384473,0.0870149955
B0_ocp,38790.02,0.2400511048608539,0.21260303671454317,0.21334278752268776,0.09394374567720855,0.0868719518
B0_ocp,38870.02,0.24054618797092103,0.21303983124256487,0.21378288710094706,0.09380057814978754,0.0867711455
B0_ocp,38950.02,0.24104127236801198,0.21347662772048526,0.2142229919812796,0.09366469029582872,0.0866318047
B0_ocp,39030.02,0.24153635268952744,0.21391342679397263,0.21466312544404675,0.09353364793851031,0.0865295157
B0_ocp,39110.02,0.24203142907847006,0.21435023034969455,0.2151032688102668,0.09340566122791057,0.0863894299
B0_ocp,39190.02,0.24252650754095104,0.21478702835082242,0.2155434115663487,0.09326440035334926,0.0862515643
B0_ocp,39270.02,0.24302158621793604,0.21522381775660152,0.21598355182781326,0.09312999834198822,0.0861351937
B0_ocp,39350.02,0.2435166642514091,0.21566060469312304,0.2164237151497133,0.09300319334035596,0.0860136375
B0_ocp,39440.02,0.24407362918410602,0.21615199737637358,0.21691893143159524,0.09286570277457679,0.0859202519
B0_ocp,39520.02,0.24456870821859766,0.21658879235562756,0.21735913206745525,0.09271719294820495,0.0857816488
B0_ocp,39600.02,0.24506378768209716,0.2170255873606335,0.21779934913434734,0.0925868828867736,0.0856674984
B0_ocp,39680.02,0.24555886578707153,0.21746238386351496,0.21823957947427747,0.09246079504571886,0.0855377913
B0_ocp,39760.02,0.24605394689510154,0.21789917834120986,0.21867981739737716,0.09233109637417414,0.0854102969
B0_ocp,39840.02,0.24654902564358783,0.21833596928292098,0.21912006271334003,0.09219076545911911,0.0852798522
B0_ocp,39920.02,0.24704410324805293,0.21877276126662956,0.21956033106432948,0.0920616221804166,0.0851745978
B0_ocp,40000.02,0.24753917949399287,0.21920955473488127,0.22000061093638323,0.09193454149967875,0.0850493386
B0_ocp,40080.02,0.24803426267556133,0.2196463456830412,0.22044089938356506,0.09180552584229452,0.0849411264
B0_ocp,40160.02,0.24852934099503976,0.22008313867629664,0.22088121095708024,0.09166814839712661,0.0848232731
B0_ocp,40240.02,0.24902442424810955,0.22051993315378504,0.22132153327571008,0.09153161112084134,0.0847091302
B0_ocp,40320.02,0.2495195035686065,0.22095672815920345,0.2217618729087873,0.0914084087725866,0.0845868289
B0_ocp,40410.02,0.2500764707178445,0.22144812137159284,0.22225726297654072,0.09127964016793266,0.0844534114
B0_ocp,40490.02,0.25057155239788514,0.22188492096272172,0.22269764748612367,0.0911427519994832,0.0843600258
B0_ocp,40570.02,0.25106663543645097,0.22232172704411526,0.22313804343823246,0.09102078674044048,0.0842466205
B0_ocp,40650.02,0.251561713469924,0.22275852807201044,0.22357843773583036,0.09089628728641508,0.0841235816
B0_ocp,40730.02,0.2520567931479275,0.22319533066465386,0.2240188589559708,0.09076866416846213,0.0840324163
B0_ocp,40810.02,0.2525518719679152,0.22363213624463657,0.22445929260831593,0.09064074274824671,0.0839175284
B0_ocp,40890.02,0.25304696079808825,0.22406894082888604,0.2248997383772129,0.09049690809283299,0.0838011652
B0_ocp,40970.02,0.25354204369365135,0.2245057469305797,0.22534020180394165,0.09036866997985346,0.0837040618
B0_ocp,41050.02,0.2540371272327265,0.2249425504780408,0.22578066854409043,0.09025361285240091,0.083568424
B0_ocp,41130.02,0.25453220862676174,0.22537934492757472,0.22622113118788373,0.09014368581281079,0.0834453851
B0_ocp,41210.02,0.2550272888052746,0.2258161358961517,0.22666161544500746,0.09000956895177606,0.0833519921
B0_ocp,41290.02,0.25552236605223305,0.22625292836143907,0.22710211770025565,0.08987346072920621,0.0832319185
B0_ocp,41380.02,0.2560793304129194,0.226744321033791,0.2275977042651547,0.08973666121098132,0.0831244439
B0_ocp,41460.02,0.25657441066293357,0.22718111348507475,0.22803823422060368,0.08964300503295285,0.0830043703
B0_ocp,41540.02,0.2570694892684172,0.22761791054495348,0.22847879836104693,0.08950791114210331,0.0829376653
B0_ocp,41620.02,0.25756456715888765,0.22805470852286153,0.22891936175985234,0.08936119124317472,0.0827946067
B0_ocp,41700.02,0.2580596469083925,0.22849150455255113,0.22935994528788076,0.08922810735138693,0.0827056617
B0_ocp,41780.02,0.258554729446449,0.2289282979846,0.22980052779289128,0.08911684944065575,0.0825700238
B0_ocp,41860.02,0.25904981112648967,0.22936508947600437,0.2302411345993566,0.08901212839857382,0.0824914575
B0_ocp,41940.02,0.2595448960240899,0.22980188852686906,0.23068177080192404,0.08889324362505352,0.0824017748
B0_ocp,42020.02,0.26003997927715966,0.23023868905961306,0.23112241487573326,0.08877382540580006,0.0822935626
B0_ocp,42100.02,0.2605350609572003,0.23067548554778,0.23156306261272017,0.08865927332295608,0.0821838677
B0_ocp,42180.02,0.2610301407067051,0.2311122785140025,0.2320037217808712,0.08854130742273941,0.0820763931
B0_ocp,42260.02,0.261525222243743,0.23154907810235442,0.23244442055641504,0.08840554873705918,0.0820052326
B0_ocp,42350.02,0.26208218982198905,0.23204047353151414,0.23294019011413694,0.08825795403192266,0.081862919
B0_ocp,42430.02,0.2625772732895628,0.23247726656318102,0.23338090614488516,0.08814276430504478,0.081796214
B0_ocp,42510.02,0.2630723574721498,0.2329140676113293,0.23382164587773638,0.08805150546670473,0.081690222
B0_ocp,42590.02,0.2635674354341215,0.23335086103446348,0.23426237188561538,0.08791780645265439,0.0815731138
B0_ocp,42670.02,0.26406251647065015,0.23378765710944,0.23470314147625557,0.08780533732135533,0.0815115944
B0_ocp,42750.02,0.26455759800768813,0.23422445761234434,0.2351439166568548,0.08770928529858461,0.0813774392
B0_ocp,42830.02,0.26505268061724596,0.2346612587049023,0.23558471724044372,0.08758491609391439,0.0813159198
B0_ocp,42910.02,0.2655477655863475,0.23509806123364435,0.2360255230752733,0.08747056679697233,0.0811973289
B0_ocp,42990.02,0.26604284469234046,0.23553485671179536,0.23646633040678183,0.0873531455819198,0.0810957775
B0_ocp,43070.02,0.26653792301181883,0.23597165578611418,0.23690717388941107,0.08723439899371589,0.0810364857
B0_ocp,43150.02,0.26703300640789124,0.2364084542621646,0.23734801570082104,0.08712787696442127,0.0809097365
B0_ocp,43230.02,0.26752809087648355,0.23684524419252206,0.23778886045892778,0.08699422208846559,0.0807955936
B0_ocp,43320.02,0.2680850553801725,0.2373366403201592,0.2382848628413562,0.08685019507648106,0.0806903467
B0_ocp,43400.02,0.26858013527268,0.23777343625341513,0.23872574625590076,0.08673646723403028,0.080586575
B0_ocp,43480.02,0.26907521995577627,0.23821023283175,0.23916666704553452,0.08663580861084433,0.0805724934
B0_ocp,43560.02,0.2695702974172387,0.23864703384176628,0.23960759559936717,0.08652837787208427,0.0804516822
B0_ocp,43640.02,0.2700653793832847,0.2390838344196757,0.24004854560412595,0.08641654151985224,0.0803790465
B0_ocp,43720.02,0.27056046206434387,0.23952063187756228,0.24048949083127147,0.08631176750848434,0.0802574828
B0_ocp,43800.02,0.271055547390952,0.2399574279252174,0.24093046535487875,0.08621703013289188,0.0801870674
B0_ocp,43880.02,0.27155063178804306,0.24039423150830538,0.24137146709750562,0.0860740634646971,0.0801092386
B0_ocp,43960.020000000004,0.27204571189505455,0.24083103710236015,0.2418124819996813,0.08595421797161054,0.0800343826
B0_ocp,44040.020000000004,0.27254079622064425,0.24126784218009306,0.2422535071276512,0.08584004051484981,0.079935804
B0_ocp,44120.020000000004,0.273035882119263,0.24170463811913034,0.2426945205878224,0.08572646768724942,0.0798268467
B0_ocp,44200.020000000004,0.27353096022423734,0.2421414357089413,0.24313557887526968,0.08563950731649783,0.0797816366
B0_ocp,44290.020000000004,0.27408792465642506,0.24263283113220435,0.24363175934881853,0.08552169448370002,0.0796467364
B0_ocp,44370.020000000004,0.2745830025468955,0.24306962620311537,0.24407284813114918,0.08542637090652297,0.0796074569
B0_ocp,44450.020000000004,0.2750780854424586,0.24350643027137878,0.24451395949062787,0.08533935117724596,0.0795118436
B0_ocp,44530.020000000004,0.2755731663359846,0.24394322926912354,0.24495506592791358,0.08522922839236695,0.0794266015
B0_ocp,44610.020000000004,0.27606824787302264,0.2443800217179896,0.2453961785802648,0.08511573708811607,0.0793413594
B0_ocp,44690.020000000004,0.276563328409042,0.24481681725866683,0.24583732748262288,0.08500568257281774,0.0792790949
B0_ocp,44770.020000000004,0.2770584088020588,0.24525361474609944,0.2462784848058353,0.08489772530094652,0.0791812614
B0_ocp,44850.020000000004,0.2775534895525822,0.24569040974623943,0.24671965616466107,0.08478328487514761,0.079116039
B0_ocp,44930.020000000004,0.27804856880157774,0.2461272032041906,0.24716083775566763,0.08467432441602223,0.079018198
B0_ocp,45010.020000000004,0.2785436461200375,0.24656399924605799,0.24760205043643213,0.0845800289113311,0.0789648294
B0_ocp,45090.020000000004,0.27903872608404634,0.2470007987680318,0.2480432773923437,0.08449008740646549,0.0788818225
B0_ocp,45170.020000000004,0.27953380411751944,0.24743759475320876,0.24848450914603593,0.08436817792325642,0.0788032487
B0_ocp,45260.020000000004,0.2800907686212084,0.24792899084109304,0.2489809230094315,0.08423106922663934,0.0787187591
B0_ocp,45340.020000000004,0.28058584930023056,0.24836578834426584,0.24942219409901964,0.08412995740673712,0.0786913335
B0_ocp,45420.020000000004,0.28108092962174597,0.2488025853632692,0.2498634822696647,0.08404191351483487,0.0786246285
B0_ocp,45500.020000000004,0.2815760110872826,0.24923938134823334,0.2503047810509473,0.08395302187633348,0.0785460547
B0_ocp,45580.020000000004,0.28207109133729674,0.249676176857412,0.2507460995531255,0.08384910589031923,0.0784711912
B0_ocp,45660.020000000004,0.2825661743758625,0.2501129769210622,0.2511874461359348,0.08374040522508844,0.0784156024
B0_ocp,45740.020000000004,0.283061254482874,0.250549777443809,0.2516288000558169,0.0836433415685941,0.078336291
B0_ocp,45820.020000000004,0.2835563351618961,0.25098657393746965,0.25207016145507977,0.08356347515728645,0.0782636553
B0_ocp,45900.020000000004,0.28405141541191015,0.25142336842074847,0.2525115385839023,0.08345855001569318,0.078176938
B0_ocp,45980.020000000004,0.28454649344538324,0.25186016545652223,0.2529529434072452,0.08334786795108474,0.0781295002
B0_ocp,46060.020000000004,0.2850415764839492,0.2522969634599683,0.2533943592820228,0.08324423436698708,0.0780398175
B0_ocp,46140.020000000004,0.2855366551609341,0.25273375793487585,0.2538357833033127,0.0831547866420529,0.0779805183
B0_ocp,46230.020000000004,0.2860936223101721,0.2532251534595532,0.25433241696457737,0.08304497382547124,0.0779093653
B0_ocp,46310.020000000004,0.2865887016306691,0.25366195248902124,0.254773888813906,0.08295782669988593,0.0778411776
B0_ocp,46390.020000000004,0.28708378352521363,0.2540987545716842,0.2552153847772013,0.08284710896145288,0.0777892917
B0_ocp,46470.020000000004,0.28757886878032046,0.25453555813057716,0.25565689215352494,0.08272767486372058,0.077724807
B0_ocp,46550.020000000004,0.28807395074636655,0.25497235357264825,0.2560983903161195,0.08266384869904521,0.0776202977
B0_ocp,46630.020000000004,0.2885690252762747,0.25540914912421386,0.2565399260997433,0.08254798055205852,0.077587679
B0_ocp,46710.020000000004,0.2890641078858326,0.2558459481283574,0.2569814758242298,0.08244660137314949,0.077512823
B0_ocp,46790.020000000004,0.289559188421852,0.25628274260311334,0.2574230313065264,0.08236251041164497,0.077437222
B0_ocp,46870.020000000004,0.2900542689578714,0.256719540156672,0.25786462043905445,0.08227014758512172,0.0774053484
B0_ocp,46950.020000000004,0.29054934749185374,0.2571563355983322,0.2583062066333749,0.08219333650566298,0.0773052871
B0_ocp,47030.020000000004,0.2910444260258361,0.2575931260611472,0.2587478091185634,0.08210696109483948,0.0772622973
B0_ocp,47110.020000000004,0.2915395066333569,0.2580299220966159,0.2591894478433201,0.08201472061492028,0.0772200525
B0_ocp,47200.020000000004,0.2920964759276347,0.25852132099679664,0.25968630775162277,0.0819269376589573,0.077154085
B0_ocp,47280.020000000004,0.29259155639215284,0.25895812207054325,0.2601279850760319,0.08181551074815388,0.0770999789
B0_ocp,47360.020000000004,0.2930866371426762,0.2593949180036247,0.2605696522161376,0.08171797209715177,0.0770110339
B0_ocp,47440.020000000004,0.29358171610566647,0.25983170847509834,0.26101133970410895,0.08162423070521266,0.0769547001
B0_ocp,47520.020000000004,0.29407679342412624,0.2602685075559987,0.2614530723866987,0.08152568010016578,0.0769309849
B0_ocp,47600.020000000004,0.29457187117159395,0.26070531162358235,0.26189481861854225,0.08144069751793248,0.0768783614
B0_ocp,47680.020000000004,0.2950669549966743,0.2611421101096874,0.26233655979220627,0.08137041645422227,0.0767879337
B0_ocp,47760.020000000004,0.29556203603320297,0.2615789051104064,0.2627783197903222,0.08129274262739855,0.0767471641
B0_ocp,47840.020000000004,0.2960571152821984,0.26201570569269766,0.2632201165469188,0.08119982678325549,0.0766945407
B0_ocp,47920.020000000004,0.2965521986067694,0.2624525026343776,0.2636619029877799,0.0811165495364132,0.0766100362
B0_ocp,48000.020000000004,0.29704728264635366,0.2628892986963893,0.2641037245751461,0.08102936341132456,0.076581873
B0_ocp,48090.020000000004,0.297604249652589,0.2633807055778136,0.2646008144283735,0.08093389939862483,0.0765344352
B0_ocp,48170.020000000004,0.29809933197614147,0.26381751368266254,0.26504268193333796,0.08084876431352737,0.0764729157
B0_ocp,48250.020000000004,0.2985944165877364,0.26425432078685196,0.2654845622914155,0.08075157379509591,0.0764277056
B0_ocp,48330.020000000004,0.2990894991972942,0.2646911268729933,0.26592645579573954,0.08065316641579325,0.0763624832
B0_ocp,48410.020000000004,0.2995845759437435,0.26512792381400724,0.26636833736814286,0.08057879445624161,0.0762824342
B0_ocp,48490.020000000004,0.3000796573377788,0.26556471936756615,0.2668102579473692,0.08051797529268452,0.0762683526
B0_ocp,48570.020000000004,0.3005747381598035,0.26600151582556186,0.2672521858679282,0.08044584027534363,0.0761883035
B0_ocp,48650.020000000004,0.30106981840981756,0.26643831543418905,0.26769415515162887,0.08030858839544054,0.0761742145
B0_ocp,48730.020000000004,0.30156490466594305,0.2668751159118378,0.26813612179061785,0.0802155268636468,0.0760949105
B0_ocp,48810.020000000004,0.30205998541646645,0.26731190786713305,0.2685780925968581,0.08016595377026572,0.0760333911
B0_ocp,48890.020000000004,0.3025550689555414,0.26774870645797216,0.2690201132316924,0.08012006389682139,0.0760155991
B0_ocp,48970.020000000004,0.30305015049257944,0.2681855059347834,0.26946213155922105,0.08003006352618203,0.0759362951
B0_ocp,49060.020000000004,0.30360712064487316,0.26867689802988864,0.26995941365155574,0.07991673058087238,0.0758784786
B0_ocp,49140.020000000004,0.30410220110939135,0.2691136930396955,0.27040147262222514,0.07982779071657096,0.0758429021
B0_ocp,49220.020000000004,0.30459728715101275,0.2695504951415044,0.27084356793132347,0.07976661349213562,0.0758184418
B0_ocp,49300.020000000004,0.30509237111909576,0.2699873027548031,0.27128568157318156,0.07971031469493502,0.0757569149
B0_ocp,49380.020000000004,0.30558745294213907,0.2704241093409833,0.27172780144392655,0.07962170567009727,0.0757005885
B0_ocp,49460.020000000004,0.3060825333351558,0.27086091188087397,0.2721699270933513,0.07953717376934775,0.0756464824
B0_ocp,49540.020000000004,0.3065776132991646,0.27129771446533685,0.27261207910534035,0.07946681458581452,0.0756190568
B0_ocp,49620.020000000004,0.30707268925909914,0.2717345139503255,0.27305423152149366,0.07939075101102497,0.0755338222
B0_ocp,49700.020000000004,0.30756777058163304,0.27217131404283945,0.2734964196873946,0.07932657819254352,0.0755071342
B0_ocp,49780.020000000004,0.30806285061714317,0.2726081160644657,0.27393861738981606,0.07924791575352404,0.0754419118
B0_ocp,49860.020000000004,0.30855793229718387,0.2730449105290253,0.27438081362993,0.07915575986510916,0.0753759444
B0_ocp,49940.020000000004,0.30905301440623245,0.273481700975814,0.2748230280277362,0.07910356149828073,0.0753248036
B0_ocp,50030.020000000004,0.30960998484453145,0.27397309653049856,0.2753205683747858,0.07902424641882627,0.0752996057
B0_ocp,50110.020000000004,0.31010506502304436,0.27440989249200054,0.275762826498696,0.07894447640336384,0.0752284452
B0_ocp,50190.020000000004,0.3106001508501619,0.2748466870095719,0.27620511219791644,0.07886562479639922,0.0752062127
B0_ocp,50270.020000000004,0.31109523045666404,0.27528348908726513,0.2766474322926583,0.07879957287128497,0.0751624852
B0_ocp,50350.020000000004,0.31159031599777615,0.2757202896002635,0.2770897500113163,0.07872897633021321,0.0751009658
B0_ocp,50430.020000000004,0.3120854011098805,0.27615709119054765,0.2775321006867082,0.07866323878256598,0.0750839114
B0_ocp,50510.020000000004,0.31258048493496077,0.2765938977866419,0.27797447149209686,0.07859384278461713,0.075032033
B0_ocp,50590.020000000004,0.31307556997556363,0.27703070286526243,0.27841685062793053,0.07850512631921688,0.0749882981
B0_ocp,50670.020000000004,0.3135706550161665,0.27746750694143135,0.27885924624283315,0.07844996907701407,0.0749490187
B0_ocp,50750.020000000004,0.314065737339719,0.2779043089849894,0.2793016523989405,0.07838544475457448,0.0748867542
B0_ocp,50830.020000000004,0.31456082445386035,0.27834111359734426,0.27974409238880504,0.07832297615530569,0.0748660043
B0_ocp,50910.020000000004,0.3150559099949725,0.2787779181464962,0.2801865360135904,0.07827758498340133,0.0748052225
B0_ocp,51000.020000000004,0.31561288086227934,0.27926931246685527,0.2806842805538774,0.07822801827096414,0.0747273937
B0_ocp,51080.020000000004,0.3161079620418107,0.2797061064781147,0.2811267560638106,0.0781632100319664,0.0747088641
B0_ocp,51160.020000000004,0.3166030472969176,0.2801428999239868,0.28156923881803314,0.07809395245209323,0.0746399313
B0_ocp,51240.020000000004,0.31709812704642243,0.280579690893132,0.28201174324045536,0.07802658439965071,0.0745999068
B0_ocp,51320.020000000004,0.31759320693892995,0.2810164909826016,0.28245429667186756,0.07796725137433654,0.0746088028
B0_ocp,51400.020000000004,0.3180882941960739,0.28145329249540757,0.2828968473043276,0.07790099716070716,0.07453987
B0_ocp,51480.020000000004,0.31858338202522846,0.28189008697187495,0.28333940117117873,0.07783940984729446,0.0744872466
B0_ocp,51560.020000000004,0.31907846442028226,0.2823268865537949,0.28378200099603945,0.07778318827321593,0.0744746476
B0_ocp,51640.020000000004,0.3195735475303494,0.28276369620719477,0.28422463513459656,0.07772555739445296,0.0744375885
B0_ocp,51720.020000000004,0.3200686359315145,0.2832005058087433,0.28466726769389006,0.07764838317697019,0.0743908957
B0_ocp,51800.020000000004,0.3205637225451466,0.28363731190359254,0.2851099116550176,0.07758135679711728,0.0743441954
B0_ocp,51880.020000000004,0.3210588078002535,0.2840741174900208,0.28555257332089856,0.07752492457431756,0.0742937922
B0_ocp,51970.020000000004,0.32161577595051005,0.2845655129072364,0.28605055211478525,0.07746186355265246,0.0742167085
B0_ocp,52050.020000000004,0.32211085720154264,0.2850023023669274,0.28649322594536386,0.07739892922419557,0.0741848424
B0_ocp,52130.020000000004,0.3226059439581773,0.2854390943310141,0.28693592765268733,0.07734857025176495,0.0741477832
B0_ocp,52210.020000000004,0.3231010257097192,0.28587588426110644,0.28737863929086077,0.07729944516466365,0.0740988627
B0_ocp,52290.020000000004,0.3235961134673725,0.28631268337521554,0.2878214111170968,0.07724124885723997,0.0741047934
B0_ocp,52370.020000000004,0.3240912012250256,0.28674949350742546,0.28826420540139813,0.07717257912537939,0.0740469769
B0_ocp,52450.020000000004,0.3245862856221166,0.2871863051652991,0.288707011447186,0.0771158076153928,0.0740106627
B0_ocp,52530.020000000004,0.32508137402328185,0.2876231167998102,0.2891498266972351,0.07705601400548051,0.0739706382
B0_ocp,52610.020000000004,0.3255764667145265,0.28805992642342837,0.28959265411846974,0.07698459178269547,0.0739313513
B0_ocp,52690.020000000004,0.32607155482968647,0.288496727917143,0.2900354704686873,0.07695294255729596,0.0738505572
B0_ocp,52770.020000000004,0.3265666407283052,0.2889335290207175,0.29047833042433535,0.0768988746694809,0.0738512948
B0_ocp,52850.020000000004,0.3270617273419373,0.289370336116952,0.2909212141133256,0.07683804309660774,0.0737986714
B0_ocp,52940.020000000004,0.32761870021128126,0.2898617338133513,0.2914194394906835,0.076776057024782,0.0737097263
B0_ocp,53020.020000000004,0.32811378539488684,0.29029853189775234,0.2918623540502787,0.07672373641743457,0.0737193599
B0_ocp,53100.020000000004,0.32860887601259314,0.29073533697519044,0.29230529263776145,0.07667353192749393,0.0736667365
B0_ocp,53180.020000000004,0.3291039568346179,0.2911721374902911,0.2927482281385091,0.07661298985881124,0.073609665
B0_ocp,53260.020000000004,0.32959904116020755,0.2916089385710194,0.2931911961918319,0.07654885098851172,0.0736000314
B0_ocp,53340.020000000004,0.3300941236267627,0.29204573856891886,0.29363416695775957,0.0764930097494253,0.0735325813
B0_ocp,53420.020000000004,0.3305892118849252,0.29248253814004144,0.2940771683793927,0.07645821285272864,0.0735162795
B0_ocp,53500.020000000004,0.3310842960675123,0.2929193371282323,0.29452017385409623,0.07640587214020703,0.0734569803
B0_ocp,53580.020000000004,0.3315793736719774,0.29335612805810146,0.29496318017020906,0.07634753807351877,0.0734058395
B0_ocp,53660.020000000004,0.3320744530639756,0.29379291751133174,0.2954062146469364,0.0763036437532153,0.0733643323
B0_ocp,53740.020000000004,0.33256954160814334,0.2942297079572251,0.2958492699776735,0.07625576030258746,0.0733257905
B0_ocp,53820.020000000004,0.3330646311533297,0.2946665055357034,0.29629237244716033,0.07621790300347063,0.0733280107
B0_ocp,53910.020000000004,0.33362159394098684,0.29515791297469646,0.29679089238155165,0.0761699343092166,0.0732991099
B0_ocp,53990.020000000004,0.3341166779805711,0.2955947200704058,0.29723402801780613,0.07610945729798213,0.0732561201
B0_ocp,54070.020000000004,0.3346117597321131,0.2960315200581148,0.2976771537265097,0.07604964267373221,0.0732064545
B0_ocp,54150.020000000004,0.3351068411976497,0.2964683130229884,0.29812029160054854,0.07601915191679595,0.0731575415
B0_ocp,54230.020000000004,0.3356019199461359,0.2969051039691451,0.2985634496692434,0.07597086396509987,0.0731338188
B0_ocp,54310.020000000004,0.33609700205518467,0.2973418964594674,0.29900663806665045,0.0758962058391934,0.0731138065
B0_ocp,54390.020000000004,0.3365920867382809,0.29777869501458387,0.29944986103444654,0.07584798091788456,0.0730641484
B0_ocp,54470.020000000004,0.33708717034885727,0.2982154960540336,0.29989309633811123,0.07580824056465613,0.0730367228
B0_ocp,54550.020000000004,0.3375822555324629,0.2986523001651422,0.3003363606211197,0.07577217623710748,0.0730219036
B0_ocp,54630.020000000004,0.3380773423605989,0.2990891036971717,0.30077962523769813,0.07573747591332004,0.0729596391
B0_ocp,54710.020000000004,0.3385724253991646,0.29952590578108207,0.30122291342548846,0.075697261892715,0.0729359239
B0_ocp,54790.020000000004,0.3390675128708126,0.29996271493932497,0.30166623992021735,0.07564887131361327,0.0729151592
B0_ocp,54880.020000000004,0.33962448731318584,0.30045411829096014,0.30216495723647163,0.075598552794675,0.0728365928
B0_ocp,54960.020000000004,0.3401195721392848,0.3008909158465584,0.30260828957823593,0.07555026923502148,0.0728188083
B0_ocp,55040.020000000004,0.34061465968243404,0.30132771230341815,0.3030516283520674,0.07549047427749407,0.0727750733
B0_ocp,55120.020000000004,0.34110974601006083,0.3017645093681589,0.30349500480811586,0.07544457799566963,0.0727661848
B0_ocp,55200.020000000004,0.34160482912012796,0.30220130887069924,0.3039383924374303,0.07541246168103241,0.0727031827
B0_ocp,55280.020000000004,0.3420999193803275,0.3026381053813487,0.3043817933081475,0.07537830416461345,0.0726846531
B0_ocp,55360.020000000004,0.34259500191838405,0.3030749018829163,0.3048252131128324,0.0753320711701876,0.0726394355
B0_ocp,55440.020000000004,0.34309008624397375,0.30351170195826727,0.3052686667865903,0.07528811494166814,0.0726364702
B0_ocp,55520.020000000004,0.34358517335811506,0.3039485106177379,0.30571215807591806,0.07522379033378106,0.0726149753
B0_ocp,55600.020000000004,0.3440802605437577,0.30438531359249854,0.3061556222136364,0.07518044568457723,0.0725341886
B0_ocp,55680.020000000004,0.3445753445118407,0.30482210707521695,0.3065990969403173,0.07517089713275257,0.0725141764
B0_ocp,55760.020000000004,0.3450704292664383,0.30525890513245907,0.30704261611784694,0.07509665722633813,0.0724986121
B0_ocp,55850.020000000004,0.34562739612967097,0.30575030515606294,0.30754158984489627,0.07503850564731963,0.0724556223
B0_ocp,55930.020000000004,0.346122480741266,0.30618710215749634,0.30798513185944537,0.07500861783822851,0.0724215284
B0_ocp,56010.020000000004,0.34661756706889274,0.30662389815894375,0.3084286928668942,0.0749824780207501,0.0723985508
B0_ocp,56090.020000000004,0.34711265067946906,0.3070606961979221,0.3088722812132323,0.07492469866546789,0.0723770559
B0_ocp,56170.020000000004,0.34760773436154674,0.3074974957273299,0.30931588591543535,0.07489013747527688,0.0723496303
B0_ocp,56250.020000000004,0.3481028221907014,0.3079342942473796,0.30975950362295257,0.07483701176427503,0.0723147914
B0_ocp,56330.020000000004,0.3485979088758347,0.3083710907391998,0.31020313253912973,0.07478122416212048,0.072262913
B0_ocp,56410.020000000004,0.3490929914853925,0.30880789082584276,0.3106467998784487,0.0747642255612919,0.0722666159
B0_ocp,56490.020000000004,0.3495880769550033,0.3092446938734674,0.3110904794398641,0.07471605122406819,0.0722317845
B0_ocp,56570.020000000004,0.3500831613520944,0.30968149237417186,0.31153415967043807,0.07467543673080775,0.0721932426
B0_ocp,56650.020000000004,0.35057824717921177,0.3101182939801903,0.31197788077147337,0.07463752506917998,0.0721984282
B0_ocp,56730.020000000004,0.35107333529437157,0.3105550954796165,0.3124216006190143,0.07459143337004166,0.0721465424
B0_ocp,56820.020000000004,0.3516303096652434,0.3110464961253397,0.3129208184284771,0.07455147260375591,0.0721280128
B0_ocp,56900.020000000004,0.3521253933473211,0.3114833027395325,0.3133645990375711,0.07452049591424457,0.0721176341
B0_ocp,56980.020000000004,0.35262047452685247,0.3119201077955895,0.31380838015345913,0.07448871293966576,0.0720613077
B0_ocp,57060.020000000004,0.3531155618554977,0.31235690679549993,0.31425216222442687,0.0744501658766682,0.0720286965
B0_ocp,57140.020000000004,0.3536106431065304,0.31279370738347256,0.3146959826487843,0.07437999260494109,0.0720190555
B0_ocp,57220.020000000004,0.3541057275751228,0.3132305094111939,0.31513981307997596,0.0743518822916478,0.0719997883
B0_ocp,57300.020000000004,0.3546008137597469,0.31366730742136417,0.31558365120753235,0.074323256665008,0.0719560534
B0_ocp,57380.020000000004,0.35509589930085905,0.3141041029031528,0.31602750295328796,0.07428671699012714,0.0719286278
B0_ocp,57460.020000000004,0.3555909828399341,0.31454089841497124,0.3164713798499419,0.0742443152939801,0.0719175115
B0_ocp,57540.020000000004,0.3560860698110729,0.31497770205187425,0.31691530451702254,0.07418446518909887,0.0719019398
B0_ocp,57620.020000000004,0.35658115785473143,0.315414506067463,0.31735922125474036,0.07414418934159986,0.071863398
B0_ocp,57710.020000000004,0.3571381291510462,0.315905901552989,0.3178586281039283,0.07412047921373016,0.0718159676
B0_ocp,57790.020000000004,0.35763321848172863,0.31634269553575595,0.3183025681878835,0.07410405293610976,0.0717989206
B0_ocp,57870.020000000004,0.35812830252131306,0.31677948951852297,0.3187465286574056,0.07403612102124876,0.07177075
B0_ocp,57950.020000000004,0.35862339313901925,0.3172162855404509,0.319190515862426,0.07399321954984502,0.0717603713
B0_ocp,58030.020000000004,0.35911847674959557,0.31765309069788333,0.3196345511295228,0.07396786699344986,0.0717700124
B0_ocp,58110.020000000004,0.3596135698698481,0.31808990233894907,0.3200786005239973,0.07394916061742676,0.0717307255
B0_ocp,58190.020000000004,0.36010865526795754,0.31852670787223897,0.32052263312070406,0.07389788666461462,0.0716944113
B0_ocp,58270.020000000004,0.36060374681518104,0.3189635124997799,0.32096669840055353,0.07385053736766338,0.071686253
B0_ocp,58350.020000000004,0.3610988373613859,0.3194003211127733,0.32141078549232943,0.07381729488045784,0.0716603175
B0_ocp,58430.020000000004,0.3615939246185299,0.3198371246372612,0.32185486500305227,0.07380088004070676,0.0716232508
B0_ocp,58510.020000000004,0.36208901015964196,0.32027392621628314,0.3222989705583685,0.0737499366954133,0.0716002807
B0_ocp,58590.020000000004,0.3625840973452846,0.3207107262130286,0.3227430818830518,0.07371077742278119,0.0715595111
B0_ocp,58680.020000000004,0.36314106828409287,0.3212021245747022,0.3232427359519525,0.07367662559778712,0.0715417266
B0_ocp,58760.020000000004,0.3636361572572686,0.3216389261328149,0.3236868988026817,0.07364776927750459,0.0715239346
B0_ocp,58840.020000000004,0.3641312424408742,0.32207573227015585,0.3241310939183323,0.07361436777008976,0.0715076253
B0_ocp,58920.020000000004,0.3646263337020924,0.32251253373239014,0.32457526879267307,0.07357857148946183,0.0714609325
B0_ocp,59000.020000000004,0.36512141838518863,0.3229493292558962,0.32501946334668286,0.07353921024347465,0.0714438856
B0_ocp,59080.020000000004,0.36561650228177034,0.3233861303362214,0.32546369827308685,0.0734890817623033,0.0714327693
B0_ocp,59160.020000000004,0.3661115896104156,0.32382293339229046,0.32590794508205284,0.0734207146176439,0.0713905171
B0_ocp,59240.020000000004,0.36660667879809533,0.32425973851018064,0.3263522173969115,0.07341071772991116,0.0713979304
B0_ocp,59320.020000000004,0.36710176412470363,0.32469654866404574,0.326796516098536,0.07338251059772621,0.0713979304
B0_ocp,59400.020000000004,0.36759685181085555,0.3251333562240285,0.3272408076854257,0.07333731380857633,0.0713630989
B0_ocp,59480.020000000004,0.3680919359219413,0.3255701577605034,0.3276851038887475,0.07328130209906517,0.0713208467
B0_ocp,59560.020000000004,0.36858702189206133,0.32600695932971635,0.3281294274846236,0.07325185144349397,0.0713245571
B0_ocp,59650.020000000004,0.3691439929023708,0.32649836735778365,0.32862933367037106,0.07322037991249132,0.0713089854
B0_ocp,59730.020000000004,0.3696390846640983,0.32693517339762573,0.329073690307902,0.07319219417385929,0.0712608099
B0_ocp,59810.020000000004,0.3701341689896878,0.32737197546614966,0.32951806102024955,0.07315711567635155,0.07124006
B0_ocp,59890.020000000004,0.37062925624683185,0.3278087739411358,0.3299624337971574,0.07310188902619542,0.0712030008
B0_ocp,59970.020000000004,0.3711243373548618,0.3282455694545681,0.33040682801914534,0.07308334080028159,0.0711955875
B0_ocp,60050.020000000004,0.3716194235394859,0.3286823674858329,0.3308512497870846,0.0730497226800339,0.0711763129
B0_ocp,60130.020000000004,0.37211450643504895,0.3291191644742791,0.33129567884094285,0.07300819160487544,0.071137771
B0_ocp,60210.020000000004,0.37260959169015573,0.3295559660999268,0.3317401514196068,0.07299646576548148,0.0711503699
B0_ocp,60290.020000000004,0.3731046773027692,0.329992768089988,0.33218461773549435,0.0729622547892673,0.0710955262
B0_ocp,60370.020000000004,0.3735997667049528,0.3304295707254131,0.3326291190004097,0.07292776227659914,0.0711088628
B0_ocp,60450.020000000004,0.37409485560662725,0.3308663798482829,0.3330736442989159,0.07288920988024644,0.0710814446
B0_ocp,60530.020000000004,0.37458993893119835,0.3313031869297951,0.3335181684713971,0.07284061307224486,0.0710199252
B0_ocp,60620.020000000004,0.37514691008451057,0.3317945903611554,0.3340182647534444,0.07282277609435031,0.0710043609
B0_ocp,60700.020000000004,0.3756419941240949,0.3322313903885536,0.334462808062306,0.07278020072525598,0.0709739625
B0_ocp,60780.020000000004,0.3761370799512124,0.3326681899284134,0.3349073719132484,0.07274274258187816,0.0709606186
B0_ocp,60860.020000000004,0.37663216577832986,0.3331049914984472,0.33535196059555866,0.07271613033921125,0.0709502399
B0_ocp,60940.020000000004,0.3771272516769487,0.3335417925235751,0.33579655641055145,0.07268547753046542,0.070916146
B0_ocp,61020.020000000004,0.37762233607403967,0.3339785910426011,0.3362411631092693,0.07265753162821455,0.0708998442
B0_ocp,61100.020000000004,0.378117423188181,0.33441539263593917,0.3366858035157011,0.072624673956818,0.0708887279
B0_ocp,61180.020000000004,0.3786125121613566,0.33485219925287385,0.33713046850229683,0.07258710080406011,0.0708635226
B0_ocp,61260.020000000004,0.37910759770246893,0.33528900481394447,0.33757513342275514,0.07255206278720776,0.0708398074
B0_ocp,61340.020000000004,0.3796026866756447,0.3357258094122986,0.33801981650250995,0.07251621754387053,0.0708153471
B0_ocp,61420.020000000004,0.38009777293177005,0.33616261091242255,0.3384644973227591,0.07249972732080692,0.0707901493
B0_ocp,61500.020000000004,0.38059286204794845,0.33659941149700223,0.3389092062679958,0.07248705328567989,0.0707864389
B0_ocp,61590.020000000004,0.3811498356323057,0.3370908137919712,0.3394095199066762,0.07243192291122749,0.0707723573
B0_ocp,61670.020000000004,0.381644922960951,0.3375276138307794,0.3398542551488052,0.072408593264263,0.0707412288
B0_ocp,61750.020000000004,0.38214000893107103,0.33796441642255476,0.340299019205229,0.07239114818177872,0.0707286298
B0_ocp,61830.020000000004,0.3826350956877057,0.33840122048684396,0.3407437950085406,0.07236451057187678,0.0706974939
B0_ocp,61910.020000000004,0.38313018287334843,0.3388380266174315,0.34118859587238565,0.07232244621476619,0.0706804469
B0_ocp,61990.020000000004,0.3836252706310017,0.3392748336977297,0.34163340396414243,0.0722917747479674,0.0706456155
B0_ocp,62070.020000000004,0.38412035803114847,0.339711640315217,0.34207822875856575,0.07224759827429744,0.0706218928
B0_ocp,62150.020000000004,0.38461544593180436,0.34014845047145004,0.3425230796769143,0.07221820858215525,0.0706033632
B0_ocp,62230.020000000004,0.38511053540548934,0.3405852636437249,0.3429679484075093,0.07220938231054597,0.0705944672
B0_ocp,62310.020000000004,0.3856056230201399,0.34102207577046095,0.343412819256257,0.07215407757729836,0.0705507398
B0_ocp,62390.020000000004,0.3861007079892414,0.3414588772203438,0.3438576621776423,0.07211596594550786,0.0705159009
B0_ocp,62470.020000000004,0.38659579431686825,0.34189567223673756,0.34430252838743314,0.0720959287480895,0.070490703
B0_ocp,62560.020000000004,0.3871527642546579,0.3423870671551785,0.3448030281637378,0.0720713908018413,0.0704699531
B0_ocp,62640.020000000004,0.3876478518693084,0.3428238642026052,0.34524794647888946,0.07202086115038954,0.0704491958
B0_ocp,62720.020000000004,0.38814293376385295,0.34326066219824153,0.34569287409059224,0.07202992271595099,0.0704277009
B0_ocp,62800.020000000004,0.38863801401386705,0.34369746075373575,0.3461378239390476,0.07200122750771945,0.0704180673
B0_ocp,62880.020000000004,0.3891330980534513,0.3441342618018841,0.3465827914510441,0.07196316067440893,0.0703921244
B0_ocp,62960.020000000004,0.3896281830940542,0.34457105569824426,0.34702773752383365,0.07193598637259964,0.0703432038
B0_ocp,63040.020000000004,0.39012326284355914,0.3450078456807811,0.347472709100514,0.07192062426164383,0.0703446865
B0_ocp,63120.020000000004,0.3906183467401408,0.3454446458064548,0.3479177388910006,0.07190612083830547,0.0703387558
B0_ocp,63200.020000000004,0.3911134309227278,0.3458814518888623,0.34836277851062103,0.07187294867964694,0.0703395009
B0_ocp,63280.020000000004,0.3916085186088798,0.346318248288949,0.34880778150807923,0.07181894671405163,0.0702950284
B0_ocp,63360.02099999999,0.39210361019561474,0.3467550493394724,0.3492528353498222,0.07181547532420673,0.0702965111
B0_ocp,63440.02099999999,0.39259869859678,0.3471918467859636,0.3496978860360287,0.07179433854888054,0.0702535212
B0_ocp,63530.02099999999,0.39315566939258556,0.3476832451960424,0.3501986066410089,0.07177399155921768,0.0702431425
B0_ocp,63610.02099999999,0.39365075514820164,0.3481200513034998,0.3506437201200701,0.071760338276724,0.0702475905
B0_ocp,63690.02099999999,0.3941458420478389,0.34855685227580435,0.3510888111805155,0.07173752315322193,0.0701749548
B0_ocp,63770.02099999999,0.3946409357401021,0.34899365288898576,0.35153393638782854,0.07169595671359459,0.0701971948
B0_ocp,63850.02099999999,0.39513602092370775,0.3494304518295157,0.35197905156579623,0.07166467705266186,0.0701386333
B0_ocp,63930.02099999999,0.39563110646481986,0.3498672545254242,0.35242422098006587,0.07164344635508364,0.0701660588
B0_ocp,64010.02099999999,0.39612619472298244,0.3503040671745996,0.35286941407089334,0.07163163490322086,0.0701341927
B0_ocp,64090.02099999999,0.39662128055009993,0.35074087472584936,0.3533145847911901,0.07160027797176459,0.0700934231
B0_ocp,64170.02099999999,0.3971163678787452,0.35117767779267806,0.3537597645746142,0.07157476290987404,0.0700860098
B0_ocp,64250.02099999999,0.3976114530623508,0.3516144798372996,0.35420495820376663,0.0715501514791315,0.0700496957
B0_ocp,64330.02099999999,0.39810654053399885,0.3520512798632086,0.35465016089901047,0.07152218913323198,0.0700311661
B0_ocp,64410.02099999999,0.39860162578910574,0.352488080426084,0.355095385516311,0.07150681505316221,0.0700044781
B0_ocp,64500.02099999999,0.39915859965946826,0.3529794827407585,0.35559628165874607,0.07149407867812993,0.0699881688
B0_ocp,64580.02099999999,0.39965368434256454,0.3534162863317568,0.3560415421057223,0.07146787796579672,0.0699607432
B0_ocp,64660.02099999999,0.4001487729582337,0.35385309141726584,0.3564868157023827,0.07143392329112114,0.0699488819
B0_ocp,64740.02099999999,0.40064386000087376,0.3542898934355629,0.3569320852116411,0.07141268527243898,0.069914788
B0_ocp,64820.02099999999,0.4011389483305376,0.354726693487467,0.35737737051790697,0.07140060556303685,0.0698925555
B0_ocp,64900.02099999999,0.4016340373037134,0.3551634930019129,0.3578226659653402,0.07137016800948615,0.0698740259
B0_ocp,64980.02099999999,0.402129121629303,0.35560029306704133,0.358267982648192,0.07133800459944042,0.0698591992
B0_ocp,65060.02099999999,0.40262420888644695,0.35603709563579594,0.35871331742053936,0.07133382597180374,0.0698362216
B0_ocp,65140.02099999999,0.4031192935695432,0.3564739002364711,0.35915866957717457,0.07131770692200866,0.069821395
B0_ocp,65220.02099999999,0.40361438197070826,0.3569107047974261,0.35960402601308666,0.07129171398259287,0.0697798952
B0_ocp,65300.02099999999,0.40410946937085485,0.3573475083755689,0.36004939372037786,0.0712617858552393,0.0697680339
B0_ocp,65380.02099999999,0.4046045572000094,0.35778431194040766,0.360494772797122,0.07123369132024031,0.0697480217
B0_ocp,65470.02099999999,0.4051615334299156,0.35827571711119993,0.36099584563227566,0.07123019240182066,0.0697257817
B0_ocp,65550.021,0.40565662083006226,0.3587125196265022,0.3614412406892453,0.07120129487564585,0.0696909502
B0_ocp,65630.021,0.40615170730069167,0.35914932274700906,0.36188666371513534,0.0711637621553475,0.0696865022
B0_ocp,65710.021,0.40664679198378795,0.3595861283170114,0.36233209768023644,0.07113238362921341,0.069657594
B0_ocp,65790.021,0.40714187874042257,0.36002293239318023,0.36277753763863807,0.0711478855064891,0.0696368441
B0_ocp,65870.021,0.40763696521105197,0.3604597344236391,0.3632229807345464,0.07112312624375011,0.0696153492
B0_ocp,65950.021,0.4081320514671775,0.36089653804255123,0.36366845190620445,0.07109723230254635,0.0695990399
B0_ocp,66030.021,0.4086271401543479,0.3613333425894446,0.3641139268563204,0.07107244012915147,0.0695753247
B0_ocp,66110.021,0.40912222912752355,0.3617701461813585,0.36455941489724664,0.07103635597442634,0.0695567951
B0_ocp,66190.021,0.40961731495464093,0.36220694666344905,0.3650048956928439,0.0710170534938693,0.0695056468
B0_ocp,66270.021,0.41011240049575315,0.3626437390843482,0.3654503671193563,0.07100092634203387,0.069489345
B0_ocp,66350.021,0.4106074880389025,0.3630805387623935,0.3658959071486052,0.07098781719938937,0.0695056468
B0_ocp,66440.021,0.41116446076524404,0.36357194557117534,0.3663971433206854,0.07097337987236794,0.0694508031
B0_ocp,66520.021,0.4116595468068655,0.36400874148998846,0.36684265274544253,0.07093968502038077,0.0694189295
B0_ocp,66600.021,0.412154632204975,0.3644455391089782,0.3672882111707845,0.07093641114447644,0.0694293082
B0_ocp,66680.021,0.41264972096364677,0.3648823452176629,0.3677337982882409,0.07092129739696634,0.0693937317
B0_ocp,66760.021,0.4131448059327483,0.36531914874062715,0.3681793696580138,0.07088864259306286,0.0693551898
B0_ocp,66840.021,0.4136398871122798,0.3657559457097187,0.36862493185828726,0.07087485899116047,0.0693166479
B0_ocp,66920.021,0.41413497544194355,0.36619274685537956,0.36907054260569105,0.07086890041727706,0.0693329498
B0_ocp,67000.021,0.4146300640576127,0.366629551899004,0.3695161573841363,0.07084245438381966,0.0693092346
B0_ocp,67080.021,0.4151251513147567,0.36706635549149247,0.3699617790117656,0.07080240648683302,0.0692781061
B0_ocp,67160.021,0.41562023857190067,0.3675031580185898,0.3704074016895822,0.07078292194184195,0.0692447498
B0_ocp,67240.021,0.4161153291896068,0.36793996419777547,0.37085306122192,0.07078091509676061,0.0692499354
B0_ocp,67330.021,0.4166723134991628,0.3684313732760653,0.37135442446227107,0.07076327541978435,0.0692032427
B0_ocp,67410.021,0.41716739768174976,0.36886817735223415,0.37180008040727375,0.07073320309558577,0.0691943467
B0_ocp,67490.021,0.4176624852248992,0.36930498194015005,0.37224575287512895,0.07069864600687999,0.0691580325
B0_ocp,67570.021,0.41815757291105105,0.3697417906079986,0.37269145348486177,0.07069871844635797,0.0691469163
B0_ocp,67650.021,0.41865266081170693,0.370178594570435,0.3731371244541064,0.0706828449154353,0.0690898374
B0_ocp,67730.021,0.4191477444937847,0.3706153921072651,0.37358280346695083,0.07066235139168846,0.0690742731
B0_ocp,67810.021,0.41964283375296585,0.3710521977902611,0.37402853708392325,0.07063988943385346,0.0690727904
B0_ocp,67890.021,0.42013792186812565,0.37148900840567545,0.37447427551556167,0.07060153686875466,0.0690564886
B0_ocp,67970.021,0.4206330096257789,0.37192581445749917,0.37491999731176534,0.0705824272685093,0.0690223947
B0_ocp,68050.021,0.4211280957389016,0.37236261803618464,0.37536572958412384,0.07056800725477369,0.0689905137
B0_ocp,68130.021,0.4216231828530429,0.372799419552992,0.37581146310063795,0.07054930007423418,0.0689512268
B0_ocp,68210.021,0.4221182690376669,0.3732362226775638,0.37625722514904225,0.07052373781763058,0.0689467862
B0_ocp,68300.021,0.4226752369019182,0.37372763066977693,0.376758724594793,0.07050903553972517,0.0689208433
B0_ocp,68380.021,0.4231703264471045,0.37416443521436116,0.37720449338734846,0.07049477653294425,0.0688785911
B0_ocp,68460.021,0.4236654134182431,0.3746012388076598,0.37765027653821626,0.07048080005111172,0.0688563585
B0_ocp,68540.021,0.4241605001033766,0.37503804952464354,0.3780961006531511,0.0704671182478526,0.0688652545
B0_ocp,68620.021,0.4246555902920748,0.3754748544496057,0.37854187800689226,0.070428772560312,0.0687926114
B0_ocp,68700.021,0.4251506716146087,0.3759116535522077,0.37898767507719033,0.07041699783302374,0.0688000247
B0_ocp,68780.021,0.42564575794223547,0.37634845558038066,0.3794334886209268,0.07040706692469124,0.0687436983
B0_ocp,68860.021,0.42614084791642987,0.37678525305911603,0.37987929224231426,0.0703861336192242,0.0687288716
B0_ocp,68940.021,0.4266359358170857,0.37722205829182665,0.3803251571436519,0.07037016745256743,0.0687288716
B0_ocp,69020.021,0.4271310268637998,0.37765886835028284,0.3807710139277012,0.07034202870617767,0.0686843991
B0_ocp,69100.021,0.4276261136919358,0.37809567189960847,0.3812168532917416,0.07032261372879178,0.0686651319
B0_ocp,69180.021,0.42812119887554134,0.37853247190879036,0.38166269441723166,0.07031603620050272,0.0686288103
B0_ocp,69270.021,0.42867817267440256,0.37902387485046785,0.382164302741533,0.07029568495257066,0.0686132461
B0_ocp,69350.021,0.4291732620050849,0.3794606809304381,0.3826101864793343,0.0702686885740893,0.0685873032
B0_ocp,69430.021,0.42966835040625,0.37989748652807215,0.383056073866442,0.07025518939204875,0.068554692
B0_ocp,69510.021,0.43016343587586087,0.3803342864772345,0.3835019384280957,0.07023973822532918,0.0684902072
B0_ocp,69590.021,0.430658524277026,0.38077108199647014,0.3839478145359403,0.07020115904036013,0.0684827939
B0_ocp,69670.021,0.4311536123921859,0.38120787951942947,0.38439371143141243,0.07017933186697035,0.0684487
B0_ocp,69750.021,0.43164869514474635,0.3816446754908086,0.3848396056921008,0.07016965232367067,0.0684160888
B0_ocp,69830.021,0.4321437798278425,0.382081468961373,0.3852855035816059,0.07014905674945261,0.0683760643
B0_ocp,69910.021,0.43263885657429174,0.38251826500810887,0.3857314276735698,0.07010748724784845,0.0683664307
B0_ocp,69990.021,0.4331339434024278,0.3829550696721459,0.3861773906285241,0.07010434608484441,0.068368651
B0_ocp,70070.021,0.43362903158908894,0.3833918726328718,0.3866233221565044,0.07007629127222537,0.0683026835
B0_ocp,70150.021,0.4341241187747316,0.38382867478149296,0.3870692777336838,0.07005930005782283,0.0683004633
B0_ocp,70240.021,0.4346810926450942,0.38432008276014196,0.3875709925217382,0.07005123781812903,0.0682574734
B0_ocp,70320.021,0.4351761809032567,0.38475688526891116,0.3880169407691507,0.07001214409019926,0.0682285652
B0_ocp,70400.021,0.43567126823190194,0.3851936822491284,0.38846288316094757,0.06999767150263118,0.0681803897
B0_ocp,70480.021,0.43616635699057377,0.3856304813398606,0.3889088574765392,0.06999062571252442,0.0681625977
B0_ocp,70560.021,0.4366614487523012,0.3860672895301238,0.389354870810958,0.06996790651937229,0.0681544468
B0_ocp,70640.021,0.4371565390840021,0.3865041006409195,0.38980087647784034,0.06990868637234293,0.0681173876
B0_ocp,70720.021,0.43765162498262083,0.38694091078853765,0.3902468822083362,0.06989953038360486,0.068098858
B0_ocp,70800.021,0.4381467119537594,0.38737771936814025,0.3906928815256093,0.06990555649938304,0.0680588335
B0_ocp,70880.021,0.43864180292897237,0.38781452699908364,0.3911388907633385,0.06991248894374119,0.0680306703
B0_ocp,70960.021,0.4391368908296282,0.38825132792922223,0.391584867810937,0.06990865629180545,0.0679735914
B0_ocp,71040.021,0.4396319791592921,0.388688128071493,0.39203088151927756,0.06988200011847985,0.0679683983
B0_ocp,71120.021,0.44012707192203804,0.38912493210323507,0.392476902030604,0.06984873377407898,0.0679231882
B0_ocp,71210.021,0.4406840430753502,0.38961633443186744,0.39297867610160125,0.0698135253768719,0.0678868666
B0_ocp,71290.021,0.44117913212002735,0.3900531385229069,0.39342471255935135,0.06979430644948073,0.0678742677
B0_ocp,71370.021,0.4416742193771713,0.3904899379750979,0.393870724628117,0.06980744164271345,0.0678083003
B0_ocp,71450.021,0.44216930927986414,0.39092674015201645,0.3943167795191389,0.06978774823634205,0.0678142309
B0_ocp,71530.021,0.4426643962510028,0.3913635426019938,0.3947628128788149,0.06977112140993176,0.0677593872
B0_ocp,71610.021,0.44315948315064024,0.39180033759410104,0.39520883563435116,0.06975716162821642,0.0677289963
B0_ocp,71690.021,0.44365457491236765,0.3922371397567031,0.3956549110655745,0.06973958019638586,0.0677289963
B0_ocp,71770.021,0.4441496670316016,0.3926739463186096,0.3961009836616355,0.06970991217703937,0.0676874891
B0_ocp,71850.021,0.4446447534307296,0.393110745784912,0.3965470241621103,0.06967793428128889,0.0676415339
B0_ocp,71930.021,0.4451398360402875,0.3935475418014635,0.3969930738928026,0.0696518353304165,0.0676141083
B0_ocp,72010.021,0.4456349195078612,0.3939843418856722,0.3974391524557376,0.06963475311531026,0.0675852075
B0_ocp,72090.021,0.44613000783752504,0.394421147001507,0.39788524764746946,0.06961641325578635,0.0675711185
B0_ocp,72180.021,0.4466869814933836,0.3949125475196602,0.3983870674493092,0.06959116413154376,0.0674910694
B0_ocp,72260.021,0.4471820693940395,0.3953493476498231,0.3988331571608619,0.06957312294621593,0.0674844012
B0_ocp,72340.021,0.447677157437698,0.3957861537446724,0.3992792633575886,0.0695568629004272,0.06745179
B0_ocp,72420.021,0.4481722444088367,0.3962229593272092,0.399725361940229,0.06953181074149707,0.0674132481
B0_ocp,72500.021,0.4486673327385005,0.39665976953599147,0.40017148858269175,0.06951634460644036,0.0674036145
B0_ocp,72580.021,0.4491624289333101,0.3970965847149023,0.4006176209446042,0.06950136544065448,0.0673798919
B0_ocp,72660.021,0.44965752033753087,0.39753340040617013,0.40106374955198826,0.06948447308536672,0.067349501
B0_ocp,72740.021,0.4501526075231736,0.3979702063469843,0.40150982493435283,0.06946317763262085,0.067279093
B0_ocp,72820.021,0.4506476979263758,0.39840700695991504,0.4019559200608729,0.06944292532076794,0.067262046
B0_ocp,72900.021,0.4511427831814827,0.3988438105082183,0.40240202977503986,0.06941694767566972,0.0672272071
B0_ocp,72980.021,0.4516378724406638,0.39928061000362225,0.4028481244191029,0.06939286780034384,0.0671805143
B0_ocp,73060.021,0.45213295941180254,0.3997174116262979,0.4032942476116149,0.06937849036618389,0.0671619847
B0_ocp,73150.021,0.45268993614221814,0.4002088138820371,0.4037961244639232,0.06935926169540975,0.0671130642
B0_ocp,73230.021,0.453185024257378,0.4006456185641969,0.40424226636220006,0.0693458314032318,0.067110844
B0_ocp,73310.021,0.4536801115860233,0.4010824245809577,0.40468839289083924,0.06932992741850888,0.0670478418
B0_ocp,73390.021,0.45417519691263153,0.40151922665409434,0.4051345139077459,0.06930723000636967,0.0670241192
B0_ocp,73470.021,0.45467028259674647,0.4019560292084138,0.4055806416771056,0.06927308996955062,0.0669774264
B0_ocp,73550.021,0.4551653630612646,0.40239283331600023,0.4060267815995152,0.06926238610744428,0.0669485107
B0_ocp,73630.021,0.4556604507474164,0.4028296368481513,0.4064729120538201,0.06924547042567812,0.0669025555
B0_ocp,73710.021,0.4561555363600299,0.40326643379586036,0.40691901800885866,0.06922480679567955,0.0668499321
B0_ocp,73790.021,0.45665062683473356,0.4037032318949899,0.40736515475579194,0.06921256297171183,0.0668365881
B0_ocp,73870.021,0.45714571437788276,0.40414003957508726,0.4078113287910029,0.0691883574425317,0.0668299198
B0_ocp,73950.021,0.4576408061396103,0.40457684762517293,0.4082574780969373,0.06917341756581359,0.066778779
B0_ocp,74030.021,0.45813589396876486,0.40501365426442176,0.40870363042797664,0.06915799778283158,0.0667483881
B0_ocp,74120.021,0.4586928661230957,0.40550505877452836,0.4092055302256505,0.06912597903481296,0.0666816831
B0_ocp,74200.021,0.45918795202171453,0.40594186293048307,0.4096516847759709,0.06908540980178828,0.0666683391
B0_ocp,74280.021,0.4596830367048108,0.40637866436339365,0.4100978100384373,0.0690811297264528,0.0665853247
B0_ocp,74360.021,0.46017812081589654,0.40681545988419926,0.41054393302315995,0.06906594598221684,0.0665601268
B0_ocp,74440.021,0.4606732062855074,0.40725226509810614,0.41099011416734654,0.06903777337125291,0.0665578991
B0_ocp,74520.021,0.46116829347114996,0.4076890690295528,0.41143625150470886,0.06902655825093017,0.0664808154
B0_ocp,74600.021,0.4616633777967396,0.40812586293378494,0.4118823648655263,0.06901392212641248,0.0664400533
B0_ocp,74680.021,0.46215846226533197,0.4085626589836607,0.41232850791269815,0.06899223977803672,0.0664133728
B0_ocp,74760.021,0.46265354852145746,0.40899946467896886,0.41277469388422605,0.06896147666792059,0.0664096624
B0_ocp,74840.021,0.463148633919567,0.40943627734263144,0.4132208827037673,0.0689278565408004,0.0663696378
B0_ocp,74920.021,0.46364372382225993,0.40987308640055903,0.41366703679591077,0.06890522554068593,0.0663229451
B0_ocp,75000.021,0.46413880900586546,0.4103098873836394,0.4141131619016719,0.06888597921750089,0.0662584603
B0_ocp,75090.021,0.46469578330523587,0.4108012817187666,0.41461504524026516,0.06886573866527926,0.0662095398
B0_ocp,75170.021,0.4651908651997804,0.41123807776921545,0.41506118748489446,0.06884763506256812,0.0661732256
B0_ocp,75250.021,0.465685953028935,0.41167487628583077,0.4155073344383536,0.06882738234251236,0.0661413521
B0_ocp,75330.021,0.4661810403575803,0.41211167738316845,0.4159534938812166,0.06882716005758933,0.0661346838
B0_ocp,75410.021,0.46667612339614606,0.4125484835108732,0.4163996662001052,0.06881894251431372,0.0660865009
B0_ocp,75490.021,0.46717121022428204,0.41298529316310184,0.41684584163109195,0.0687883983968267,0.0660457388
B0_ocp,75570.021,0.46766629819643923,0.41342210276590585,0.4172920033096985,0.06873554676117416,0.0660168305
B0_ocp,75650.021,0.4681613871696149,0.4138589113923665,0.4177381610846236,0.06872219462091445,0.0659738407
B0_ocp,75730.021,0.46865647764431845,0.4142957174375543,0.41818430245650473,0.06869388889702396,0.0659182444
B0_ocp,75810.021,0.46915156804752073,0.41473251999142013,0.4186304369716627,0.06865917499182403,0.0658708066
B0_ocp,75890.021,0.46964665072857986,0.415169323587845,0.4190765836976156,0.06864793371914167,0.0658500567
B0_ocp,75970.021,0.4701417353401748,0.4156061214914289,0.41952269341191084,0.06863991283517175,0.0657826066
B0_ocp,76060.021,0.4706987022034075,0.4160975124669001,0.42002456574008845,0.06861924818384522,0.0657477677
B0_ocp,76140.021,0.4711937848129654,0.4165343044142696,0.42047068130838394,0.06860010256389346,0.0657040402
B0_ocp,76220.021,0.4716888677085285,0.4169711025516418,0.42091683549360126,0.06858617360731943,0.0656958893
B0_ocp,76300.021,0.4721839553946804,0.41740789891512226,0.4213629480564152,0.06856545126495923,0.0656150952
B0_ocp,76380.021,0.4726790420083124,0.41784469710338323,0.4218090973788107,0.06854597912860518,0.0656173229
B0_ocp,76460.021,0.4731741277639285,0.41828150213835763,0.42225524763588973,0.06852187332786482,0.065573588
B0_ocp,76540.021,0.4736692128045314,0.41871830528198484,0.4227013832510471,0.06848897168856355,0.0655394942
B0_ocp,76620.021,0.47416429820264083,0.41915510474003115,0.4231474937845038,0.0684452097992379,0.06548094
B0_ocp,76700.021,0.4746593856027876,0.4195919074292528,0.42359363913851916,0.06843354777501572,0.0654564798
B0_ocp,76780.021,0.4751544725739263,0.4200287119167371,0.4240397637878274,0.06842368087675339,0.065400891
B0_ocp,76860.021,0.4756495599740729,0.420465513512071,0.4244858837330333,0.06840332313496204,0.0653638318
B0_ocp,76950.021,0.4762065329149182,0.42095691291500054,0.4249877482782223,0.06835101093790297,0.0652963817
B0_ocp,77030.021,0.476701613522439,0.42139370585427716,0.4254338295412249,0.06834945255954823,0.0652533919
B0_ocp,77110.021,0.47719670242411344,0.42183050194126304,0.42587994279434704,0.06832688663773884,0.0652407929
B0_ocp,77190.021,0.477691784747666,0.4222672978570108,0.4263260342066072,0.0683001742652808,0.0651740879
B0_ocp,77270.021,0.4781868692877596,0.42270409137803966,0.42677212593884184,0.06828221368440567,0.065139994
B0_ocp,77350.021,0.4786819501812857,0.423140887379487,0.42721822456068814,0.06825138670378897,0.0650962591
B0_ocp,77430.021,0.47917703071730505,0.4235776838942234,0.42766431992694,0.06822611012914943,0.0650495663
B0_ocp,77510.021,0.4796721154004013,0.42401448552475923,0.42811043735498133,0.06819940268564394,0.0650399327
B0_ocp,77590.021,0.48016720072700947,0.42445128648639224,0.4285565246408285,0.0681715564858277,0.064971745
B0_ocp,77670.021,0.480662282836058,0.42488809018791185,0.42900263818896667,0.0681525881305486,0.0649598837
B0_ocp,77750.021,0.48115737209523907,0.42532489670927304,0.42944873438436504,0.06813964493650815,0.0648939162
B0_ocp,77830.021,0.48165246113991617,0.42576170082024506,0.42989482135498036,0.06811404607392449,0.0648701936
B0_ocp,77920.021,0.4822094368693131,0.4262531019164681,0.4303966409018446,0.06807976622584586,0.0647945926
B0_ocp,78000.021,0.4827045204083881,0.4266899035653813,0.43084272273089075,0.06806483359410474,0.0647693872
B0_ocp,78080.021,0.4831996075225296,0.427126705021925,0.43128878119297565,0.06803229891203787,0.0647056475
B0_ocp,78160.021,0.48369469435066564,0.42756350359056755,0.43173483717095035,0.06800932088345422,0.0646900833
B0_ocp,78240.021,0.4841897787477567,0.42800030925981514,0.432180925057833,0.06797680163821465,0.0646263361
B0_ocp,78320.021,0.48468486350235435,0.4284371080956427,0.4326269456620425,0.0679291551528754,0.0645648167
B0_ocp,78400.021,0.48517995204652214,0.4288738975628352,0.43307295365099674,0.06794094510408376,0.0645292401
B0_ocp,78480.021,0.4856750365151144,0.42931069365263613,0.43351900626765955,0.06791712100763803,0.0645010769
B0_ocp,78560.021,0.48617011955368017,0.4297474916196527,0.43396504220189835,0.0678782456227688,0.0644299239
B0_ocp,78640.021,0.4866652018772327,0.43018428558468264,0.43441105705069016,0.06784106164613349,0.0643928647
B0_ocp,78720.021,0.48716028169823894,0.4306210790716649,0.43485707341309937,0.06783872387518894,0.0643535778
B0_ocp,78800.021,0.48765537238744644,0.43105787562229275,0.43530310231170366,0.06780877889325895,0.0643083677
B0_ocp,78890.021,0.48821234339775604,0.43154927914031027,0.43580490467823774,0.06776243452573104,0.0643061399
B0_ocp,78970.021,0.48870742908187087,0.43198608059481636,0.4362509121026042,0.06772537281894048,0.0642194226
B0_ocp,79050.021,0.48920251791204394,0.43242287710988825,0.43669690437026054,0.0677083174315736,0.0641719848
B0_ocp,79130.021,0.4896976048831825,0.4328596807980131,0.4371429371308162,0.06767941018614639,0.0641564205
B0_ocp,79210.021,0.49019269678791266,0.43329649195753905,0.43758897476511927,0.06765223084266751,0.0641052797
B0_ocp,79290.021,0.49068778476006986,0.4337333035947545,0.4380349911246151,0.06762730783924029,0.0640704408
B0_ocp,79370.021,0.49118287502026936,0.4341701131952298,0.4384809865963484,0.06760326397288532,0.0640118867
B0_ocp,79450.021,0.49167795691481403,0.43460691308942195,0.43892692729207805,0.06756948533777528,0.0639377683
B0_ocp,79530.021,0.4921730441004567,0.43504370710841167,0.4393728699410048,0.06755435813108357,0.0639029369
B0_ocp,79610.021,0.49266813228711787,0.43548050105488845,0.43981881304642695,0.06753501375796928,0.0638443828
B0_ocp,79690.021,0.49316321453916906,0.43591729456025413,0.4402647578604517,0.06750231483547711,0.0638006404
B0_ocp,79770.021,0.4936582991507639,0.43635409263502123,0.4407107201454874,0.06746335310929631,0.0637739599
B0_ocp,79860.021,0.4942152713050946,0.43684549381418813,0.441212420444713,0.06744144110350246,0.0637139231
B0_ocp,79940.021,0.49471035734671603,0.43728230000046375,0.4416583922673504,0.06740755997914216,0.0636790842
B0_ocp,80020.021,0.4952054468204012,0.437719100865421,0.4421043014369439,0.0673695660678965,0.0635864362
B0_ocp,80100.021,0.4957005293584577,0.43815589027862645,0.44255017706376365,0.06734694429306656,0.0635382608
B0_ocp,80180.021,0.4961956177596229,0.4385926828301304,0.44299608852966804,0.06731919713077722,0.0635078698
B0_ocp,80260.021,0.49669070365824164,0.439029479840918,0.44344200357618946,0.06730266323776524,0.0634522811
B0_ocp,80340.021,0.49718578712581535,0.4394662768517054,0.44388790509486975,0.06728087944401916,0.0634107739
B0_ocp,80420.021,0.4976808674473307,0.4399030748903242,0.44433380416645296,0.06724031994767046,0.0633774176
B0_ocp,80500.021,0.4981759524879336,0.44033987289192666,0.44477969038949255,0.0672372632458283,0.0633144155
B0_ocp,80580.021,0.4986710363845154,0.4407766729864143,0.44522558361485165,0.06719502392498594,0.0632721707
B0_ocp,80660.021,0.4991661237131607,0.4412134739973743,0.4456714611177034,0.06715565074481326,0.0632180646
B0_ocp,80740.021,0.49966120782424644,0.44165027559676473,0.4461173379350465,0.0671402186395553,0.0631713718
B0_ocp,80830.021,0.5002181773330282,0.4421416738445678,0.4466189097339027,0.06707958875612978,0.0631009564
B0_ocp,80910.021,0.5007132610151059,0.4425784683600588,0.4470647426391159,0.06704976932632654,0.0630490705
B0_ocp,80990.021,0.5012083449116876,0.4430152695018932,0.4475106075026354,0.06702771942861667,0.0630246103
B0_ocp,81070.021,0.5017034285937654,0.44345206891401573,0.4479564291989604,0.06700467716232482,0.0629608706
B0_ocp,81150.021,0.5021985071992491,0.44388886188744264,0.4484022278085322,0.06696911085297323,0.0629045367
B0_ocp,81230.021,0.5026935916678414,0.4443256620581423,0.44884807017493766,0.06694264887302101,0.0628830418
B0_ocp,81310.021,0.5031886763509377,0.44476246145070975,0.44929386785684655,0.06692756181026006,0.0627992898
B0_ocp,81390.021,0.5036837592465008,0.4451992585560546,0.4497396672557298,0.06690463076709761,0.0627688989
B0_ocp,81470.021,0.5041788431430826,0.4456360606135431,0.4501854741354472,0.06685716244611432,0.0627221987
B0_ocp,81550.021,0.5046739339037913,0.44607285752942527,0.4506312350981295,0.06682409866863975,0.0626480803
B0_ocp,81630.021,0.5051690159413386,0.44650965360693856,0.45107700544997176,0.06679500314300583,0.0626110211
B0_ocp,81710.021,0.5056641030554798,0.4469464500463765,0.4515227592456426,0.06676568140973645,0.0625509843
B0_ocp,81800.021,0.5062210697042087,0.44743784617590865,0.4520242348502422,0.06673335716698708,0.0624939092
B0_ocp,81880.021,0.5067161507407372,0.4478746410723857,0.4524699609030073,0.06672271526327586,0.0624412857
B0_ocp,81960.021,0.5072112302757381,0.448311440788559,0.4529157244774221,0.06670021769556478,0.0624168254
B0_ocp,82040.021,0.507706318390898,0.4487482421974052,0.4533614511192193,0.0666633204231145,0.0623389967
B0_ocp,82120.021,0.5082013981404029,0.4491850351516,0.4538071389447639,0.06661929976670523,0.062275257
B0_ocp,82200.021,0.5086964856835522,0.44962182762999053,0.45425283120400795,0.06658676000331142,0.0622293018
B0_ocp,82280.021,0.5091915720826804,0.45005863037552724,0.4546985749013104,0.06655254692694629,0.0622026213
B0_ocp,82360.021,0.5096866574092884,0.45049543223963784,0.4551442576267491,0.06652594367054834,0.0621166416
B0_ocp,82440.021,0.5101817398758436,0.4509322242037246,0.455589903150714,0.06650352270131112,0.0620610528
B0_ocp,82520.021,0.5106768287775181,0.4513690182253105,0.4560355669313113,0.06648080609704632,0.0620180629
B0_ocp,82600.021,0.5111719134606142,0.45180581371236533,0.4564812228619754,0.06643492652573454,0.0619609915
B0_ocp,82680.021,0.5116669950691537,0.45224260561801005,0.45692684804996936,0.06640905855298126,0.061907623
B0_ocp,82770.021,0.5122239619323864,0.4527339954771838,0.45742817622093035,0.06637353683055194,0.0618431382
B0_ocp,82850.021,0.512719049761541,0.45317079410954325,0.4578738313586658,0.06632294655274236,0.0618253537
B0_ocp,82930.021,0.5132141375906957,0.45360759355551683,0.4583194514954173,0.06630459520559706,0.0617401116
B0_ocp,83010.021,0.5137092214157759,0.45404439523591855,0.4587650841376935,0.0662760655152766,0.061722327
B0_ocp,83090.021,0.5142043048118483,0.4544811956319195,0.4592106730456572,0.06624187080088667,0.0616244785
B0_ocp,83170.021,0.5146993867063929,0.4549179865472659,0.4596562205457923,0.06620767312327795,0.0615748204
B0_ocp,83250.021,0.5151944672424122,0.4553547801141756,0.46010179548110564,0.06618277907792043,0.0615459122
B0_ocp,83330.021,0.5156895452758854,0.4557915791634154,0.46054737638743337,0.06615617483046964,0.0614806898
B0_ocp,83410.021,0.5161846274564353,0.45622837508563124,0.46099291620345556,0.06612643672126138,0.06141546
B0_ocp,83490.021,0.5166797112815157,0.4566651716810479,0.46143846520715215,0.06608987456707131,0.0613784008
B0_ocp,83570.021,0.5171747936765695,0.45710197221458604,0.461884011284597,0.06604400908321692,0.0613146611
B0_ocp,83650.021,0.5176698762861273,0.4575387743119071,0.46232954972028817,0.06599891442486984,0.0612701885
B0_ocp,83740.021,0.5182268410758215,0.4580301748606579,0.4628307448358563,0.06596930945819945,0.0611864366
B0_ocp,83820.021,0.5187219256159152,0.4584669713567788,0.46327622872849833,0.06593988865252502,0.0611427017
B0_ocp,83900.021,0.5192170056514255,0.4589037642701162,0.4637216887471879,0.0658958125160264,0.0610700659
B0_ocp,83980.021,0.5197120862589462,0.45934056348018165,0.4641671912459122,0.065847795996953,0.061057467
B0_ocp,84060.021,0.5202071677959841,0.4597773649023358,0.46461265808378216,0.06581285284809578,0.0609655567
B0_ocp,84140.021,0.5207022484750061,0.4602141593797035,0.46505808764101486,0.0657814252798714,0.0609225668
B0_ocp,84220.021,0.5211973320140812,0.46065095387722854,0.46550351818514935,0.06575084474267796,0.0608551241
B0_ocp,84300.021,0.5216924164826735,0.46108775092844034,0.46594895249857105,0.06572536970172513,0.0608217679
B0_ocp,84380.021,0.5221874989492286,0.4615245489283195,0.46639437077461554,0.0656883264129739,0.0607639514
B0_ocp,84460.021,0.5226825784842295,0.46196134233541786,0.46683975131391753,0.06565228695150004,0.060698729
B0_ocp,84540.021,0.523177659520758,0.46239813845879885,0.46728515434744955,0.06561473571418963,0.0606572218
B0_ocp,84620.021,0.5236727431313345,0.4628349405162875,0.4677305581573996,0.06556620923206685,0.0606045984
B0_ocp,84710.021,0.5242297119966041,0.46332633936962464,0.46823159073243337,0.06554800033203524,0.0605831034
B0_ocp,84790.021,0.5247247930331329,0.46376313743062647,0.46867694677542415,0.0655067446587053,0.0605334379
B0_ocp,84870.021,0.5252198757856934,0.4641999364396206,0.4691222912056091,0.06545903301332204,0.060481552
B0_ocp,84950.021,0.5257149571797287,0.46463673497467384,0.46956762213613673,0.0654164890222539,0.0604333766
B0_ocp,85030.021,0.5262100359997163,0.4650735314294222,0.4700129274838376,0.0653845101827474,0.0603703745
B0_ocp,85110.021,0.526705116607237,0.4655103285019643,0.4704582355202307,0.06534889361976297,0.060321454
B0_ocp,85190.021,0.5272001954987261,0.4659471264808487,0.4709035268258736,0.06531761025275318,0.0602517836
B0_ocp,85270.021,0.5276952736037005,0.4663839209372974,0.47134878958148346,0.06529402485622245,0.0602065735
B0_ocp,85350.021,0.5281903532102026,0.46682071700083333,0.4717940598947174,0.06527750275813517,0.0601517223
B0_ocp,85430.021,0.5286854315296808,0.46725751397015464,0.4722393120045076,0.06522502001348417,0.0600931682
B0_ocp,85510.021,0.5291805095631539,0.4676943058719298,0.47268452611466677,0.06518501539535154,0.0600353517
B0_ocp,85600.021,0.5297374733518297,0.4681856986185543,0.47318540769866024,0.0651495930915474,0.0599982925
B0_ocp,85680.021,0.5302325552463744,0.46862249663868205,0.47363063329860766,0.06510093346352915,0.0599360354
B0_ocp,85760.021,0.5307276369979164,0.46905928950767356,0.4740758081787562,0.0650828264339075,0.0598685853
B0_ocp,85840.021,0.5312227222530231,0.4694960789797971,0.4745209732384513,0.06505827838912757,0.0598241128
B0_ocp,85920.021,0.5317178049340822,0.4699328714799972,0.47496614614358057,0.06501559425505067,0.0597588904
B0_ocp,86000.021,0.5322128838970726,0.4703696680386139,0.4754113217360375,0.06495207878283688,0.0597210862
B0_ocp,86080.021,0.532707967078641,0.47080646603770465,0.4758564771286916,0.06491003468930942,0.0596536361
B0_ocp,86160.021,0.5332030436820875,0.4712432661397369,0.4763016300876615,0.06488968542604366,0.0596195422
B0_ocp,86240.021,0.533698131511242,0.4716800686913394,0.4767467693170086,0.0648622145141636,0.0595624708
B0_ocp,86320.021,0.534193216122837,0.4721168728098079,0.4771918993452078,0.06481508856336317,0.0595150329
B0_ocp,86400.021,0.5346882991614027,0.4725536737520193,0.47763698578043745,0.06478578932662471,0.0594572239
B0_ocp,86480.021,0.5351833769088705,0.47299046563120395,0.4780820243493094,0.06473355349631271,0.0593675338
B0_ocp,86570.021,0.5357403433430954,0.4734818543577738,0.47858269746581805,0.06468298038429061,0.0593208335
B0_ocp,86650.021,0.5362354262386585,0.4739186463218604,0.4790277385856197,0.06465192624218702,0.0592541285
B0_ocp,86730.021,0.5367305087767151,0.47435544498539456,0.4794728045853954,0.06462409192718561,0.0592333786
B0_ocp,86810.021,0.5372255934598114,0.47479224440193435,0.4799178293101287,0.06459398104316319,0.0591585152
B0_ocp,86890.021,0.5377206733523188,0.4752290394154614,0.4803628268414326,0.06456289745558118,0.0591118224
B0_ocp,86970.021,0.5382157560333778,0.4756658359323079,0.48080782286427026,0.06452393176008621,0.0590732805
B0_ocp,87050.021,0.5387108389289408,0.4761026339739316,0.4812528105823851,0.06447156007119942,0.0590087958
B0_ocp,87130.021,0.5392059157468914,0.4765394293953397,0.48169776250216323,0.0644449270104735,0.0589480139
B0_ocp,87210.021,0.5397009970694253,0.4769762275449023,0.4821427311505001,0.06440327848848261,0.0589191131
B0_ocp,87290.021,0.5401960749598957,0.4774130254353687,0.482587661294284,0.06436468879677226,0.0588286854
B0_ocp,87370.021,0.5406911564969338,0.47784981585297165,0.48303255065318385,0.06433792021414661,0.0587738343
B0_ocp,87450.021,0.5411862382484757,0.47828660685109287,0.48347744742248094,0.06428345912995412,0.0587271415
B0_ocp,87540.021,0.5417432002496182,0.4787780058755173,0.4839779872068881,0.06423008298592953,0.058687117
B0_ocp,87620.021,0.5422382837886933,0.4792148083832549,0.4844228839293998,0.06419059956128728,0.0586137362
B0_ocp,87700.021,0.5427333661122458,0.47965160635976867,0.4848677383626563,0.06416112015882419,0.0585633405
B0_ocp,87780.021,0.5432284495798196,0.4800884054547737,0.485312596609435,0.0641430097723277,0.0585144199
B0_ocp,87860.021,0.5437235312598602,0.4805252049342018,0.4857574316967406,0.0640955045195176,0.0584499352
B0_ocp,87940.021,0.5442186110093651,0.48096200091372643,0.48620223762356524,0.06404089059185736,0.058400277
B0_ocp,88020.021,0.5447136901868593,0.48139879384323037,0.48664701981027314,0.06398659649156795,0.0583469085
B0_ocp,88100.021,0.5452087708658816,0.4818355873763282,0.4870918039230413,0.06393924310549727,0.0582987331
B0_ocp,88180.021,0.5457038496143678,0.4822723844091547,0.487536587283667,0.06388816451782692,0.0582409091
B0_ocp,88260.021,0.5461989297213793,0.48270918191357365,0.48798134957135475,0.06384596086410466,0.058186803
B0_ocp,88340.021,0.546694007468847,0.48314597789290464,0.4884260872264211,0.06381891992324208,0.0581386276
B0_ocp,88420.021,0.5471890862173333,0.48358276875902984,0.48887078453100036,0.06380934534721386,0.0580645092
B0_ocp,88510.021,0.5477460508640248,0.4840741603951161,0.48937108700931675,0.06377641834999379,0.058023002
B0_ocp,88590.021,0.5482411311855403,0.4845109563520874,0.4898157867670479,0.06371705039682511,0.0579577722
B0_ocp,88670.021,0.5487362127225782,0.4849477539455153,0.4902604816887901,0.063659354111967,0.0579318292
B0_ocp,88750.021,0.5492312879674996,0.4853845482878989,0.49070512700814733,0.06361364754392676,0.0578451119
B0_ocp,88830.021,0.5497263680030099,0.485821335182929,0.49114973703207754,0.06359531237893123,0.0577865578
B0_ocp,88910.021,0.5502214428904246,0.48625812109097466,0.4915943439779995,0.06355058640627685,0.0577428304
B0_ocp,88990.021,0.5507165195653725,0.48669491267377835,0.492038975245381,0.0635154632771712,0.0577087365
B0_ocp,89070.021,0.551211599028872,0.48713171278000494,0.49248361704492727,0.06347904445799094,0.0576605536
B0_ocp,89150.021,0.5517066782063663,0.4875685117194255,0.4929282096459285,0.06341302766552451,0.057588663
B0_ocp,89230.021,0.5522017531652823,0.48800530825937016,0.49337278210724655,0.06338622922227342,0.057544928
B0_ocp,89310.021,0.5526968279096944,0.48844210937529053,0.4938173647116181,0.06334269798521328,0.0574900843
B0_ocp,89390.021,0.5531919075161967,0.4888789124194894,0.4942619253309338,0.063292790274637,0.0574374534
B0_ocp,89480.021,0.5537488757379547,0.4893703118449785,0.49476201038497003,0.06325578844134024,0.0573714934
B0_ocp,89560.021,0.5542439534854224,0.48980710369549524,0.49520647987239974,0.06320948821481313,0.0572914444
B0_ocp,89640.021,0.5547390274433199,0.49024389835358695,0.49565098018213133,0.06316799922227415,0.0572714321
B0_ocp,89720.021,0.5552341072643262,0.49068069783074264,0.4960954691955072,0.06312472975408559,0.0572150983
B0_ocp,89800.021,0.5557291810077197,0.4911174865841465,0.49653987648048137,0.06307668789115964,0.0571298636
B0_ocp,89880.021,0.5562242533925881,0.4915542772515174,0.49698432220228544,0.06302048842677659,0.0571313463
B0_ocp,89960.021,0.5567193317120664,0.49199107006455955,0.49742873684656674,0.06298036819424041,0.0570423938
B0_ocp,90040.021,0.5572144102460488,0.4924278668116776,0.4978731770764776,0.06293597130407352,0.0570290498
B0_ocp,90120.021,0.5577094888515324,0.49286466462488265,0.4983175683643567,0.0628833224391777,0.0569334365
B0_ocp,90200.021,0.5582045663844961,0.4933014592389957,0.49876194719569666,0.06283860796894133,0.056902308
B0_ocp,90280.021,0.5586996444894704,0.49373825153471623,0.4992062843310401,0.06279233920203436,0.0568259619
B0_ocp,90360.021,0.5591947181613627,0.494175042111909,0.49965062255971626,0.0627557649649409,0.0567829795
B0_ocp,90450.021,0.559751679661996,0.49466643587942144,0.5001504963573936,0.06271676133446465,0.0567103364
B0_ocp,90530.021,0.5602467625575591,0.4951032288528482,0.5005948012644954,0.06265961509586822,0.0566732772
B0_ocp,90610.021,0.5607418483846766,0.4955400285380261,0.5010391322198998,0.06261998701146942,0.0566384457
B0_ocp,90690.021,0.5612369266326538,0.4959768330839504,0.5014834439022744,0.06257248145083565,0.0565954559
B0_ocp,90770.021,0.5617320040226149,0.49641363769976454,0.501927731406062,0.06252064334644054,0.056530226
B0_ocp,90850.021,0.5622270826280986,0.49685044276191676,0.5023719965776359,0.06246800154813327,0.0564835332
B0_ocp,90930.021,0.562722165595163,0.49728724632171695,0.5028162359848584,0.06243394813271379,0.0564279445
B0_ocp,91010.021,0.5632172452731665,0.4977240457738236,0.5032604368153697,0.06237891831036239,0.056353081
B0_ocp,91090.021,0.5637123198030748,0.4981608443573169,0.5037046339066377,0.06233268864100065,0.0563197322
B0_ocp,91170.021,0.5642074047721763,0.4985976417904602,0.5041488033107957,0.062303555842163585,0.0562396832
B0_ocp,91250.021,0.5647024883827527,0.4990344419706229,0.5045929864238057,0.06224147879188001,0.0562285669
B0_ocp,91330.021,0.5651975661302204,0.4994712449666543,0.5050371478185625,0.06220754330567535,0.0561500005
B0_ocp,91420.021,0.5657545331364557,0.4999626461667991,0.5055367994118636,0.062156878065018746,0.0561077483
B0_ocp,91500.021,0.5662496149594992,0.5003994435756725,0.5059808930939901,0.0621013193376977,0.0560284443
B0_ocp,91580.021,0.5667446979265636,0.5008362401648324,0.5064249857048099,0.062064078296216164,0.0559899025
B0_ocp,91660.021,0.5672397797496069,0.5012730386539801,0.5068690660493407,0.06201778711668906,0.0559342988
B0_ocp,91740.021,0.5677348609291382,0.5017098356647677,0.50731312252789,0.0619746006916763,0.0558794551
B0_ocp,91820.021,0.5682299429666853,0.5021466316423667,0.5077571586426203,0.061926500539003546,0.0558201559
B0_ocp,91900.021,0.568725021357665,0.5025834312840068,0.5082012057976498,0.06185735106993714,0.0557934754
B0_ocp,91980.021,0.569220105540252,0.5030202322603655,0.5086452245038356,0.06181903979487082,0.0557208396
B0_ocp,92060.021,0.5697151889363243,0.503457030797149,0.5090892163779679,0.061784969914283845,0.0556837805
B0_ocp,92140.021,0.570210270187357,0.5038938313766452,0.5095332058444002,0.06174111910304596,0.0556385629
B0_ocp,92220.021,0.5707053502228672,0.5043306324007406,0.5099771730441203,0.06167411529871796,0.0555837192
B0_ocp,92300.021,0.5712004319744091,0.5047674334729828,0.5104211247769628,0.06164070213090022,0.0555281304
B0_ocp,92390.021,0.5717573974791167,0.5052588340523069,0.5109205422906311,0.06157791690383595,0.0554747619
B0_ocp,92470.021,0.5722524807321864,0.5056956346320571,0.5113644564148385,0.06153152392051047,0.0554213934
B0_ocp,92550.021,0.5727475606961955,0.5061324330720763,0.5118083357328616,0.06149770063226844,0.055360619
B0_ocp,92630.021,0.5732426401596952,0.5065692280641837,0.5122521914190169,0.06145989050735695,0.0553154089
B0_ocp,92710.021,0.5737377222687439,0.5070060256404044,0.5126960536080123,0.0613862756779465,0.0552761219
B0_ocp,92790.021,0.5742328053073095,0.5074428236118396,0.5131398907481308,0.06133181090716791,0.0552138649
B0_ocp,92870.021,0.5747278869873504,0.5078796221976073,0.5135837194341715,0.061296591379915964,0.0551782884
B0_ocp,92950.021,0.5752229687388924,0.508316421178217,0.5140275246823723,0.061260441825631846,0.0551108383
B0_ocp,93030.021,0.5757180549235164,0.5087532202566266,0.5144713180413989,0.06119683477256824,0.0550708137
B0_ocp,93110.021,0.576213138605594,0.509190021821701,0.514915102964119,0.061137029917579196,0.0550255962
B0_ocp,93190.021,0.5767082227166797,0.5096268202605738,0.5153588448749999,0.061084013300396735,0.0549640842
B0_ocp,93270.021,0.5772033061127521,0.5100636137017939,0.5158025541966058,0.06103854081400087,0.0549099706
B0_ocp,93360.021,0.5777602736194966,0.5105550144986232,0.5163017722307817,0.06099236425515723,0.0548973717
B0_ocp,93440.021,0.5782553529399934,0.5109918132815197,0.5167454544935355,0.06094366469304296,0.054812137
B0_ocp,93520.021,0.5787504384096043,0.5114286115238776,0.5171891483417678,0.06089066832306599,0.0548128746
B0_ocp,93600.021,0.5792455225206903,0.511865412940703,0.5176328191996791,0.06083636332065864,0.0547506176
B0_ocp,93680.021,0.5797406039147256,0.5123022115274029,0.518076465306829,0.06078025921906378,0.0547113232
B0_ocp,93760.021,0.5802356835927291,0.5127390089560776,0.5185200839452155,0.06074311938385061,0.0546446182
B0_ocp,93840.021,0.580730764414754,0.5131758075926095,0.5189637057821024,0.06070253044480444,0.054625351
B0_ocp,93920.021,0.5812258463808001,0.5136126039371113,0.5194072814584452,0.06065046348340585,0.0545608662
B0_ocp,94000.021,0.5817209291333606,0.5140493990537129,0.5198508556850603,0.06060103380661096,0.0545208417
B0_ocp,94080.021,0.582216011170908,0.5144861980582479,0.5202944252547954,0.06055727468867668,0.0544778518
B0_ocp,94160.021,0.5827110883463652,0.5149229950440678,0.5207379612737919,0.060508289902609584,0.0544400476
B0_ocp,94240.021,0.5832061690968885,0.5153597900111728,0.5211814732368709,0.0604549929046021,0.0543859415
B0_ocp,94330.021,0.583763137461649,0.5158511907671482,0.5216804498538739,0.06040476923425299,0.0543436967
B0_ocp,94410.021,0.58425821592413,0.5162879854583533,0.5221238998149285,0.060347307496585324,0.0542562343
B0_ocp,94490.021,0.5847532953161281,0.5167247740278575,0.5225673407939435,0.060290931791050766,0.0542391874
B0_ocp,94570.021,0.5852483719195746,0.5171615659416546,0.5230107831436954,0.06024245431510866,0.0541895293
B0_ocp,94650.021,0.585743450882565,0.5175983626114393,0.5234542403711163,0.060210151668908286,0.054164324
B0_ocp,94730.021,0.586238534135635,0.5180351610227756,0.5238976626214776,0.0601889051887849,0.0541072525
B0_ocp,94810.021,0.5867336182467205,0.518471956557426,0.5243410574518894,0.06015421117499639,0.0540650077
B0_ocp,94890.021,0.5872287014282889,0.5189087577067069,0.5247844689449825,0.06011019745832254,0.0540435128
B0_ocp,94970.021,0.5877237861828863,0.5193455576189276,0.5252278326713191,0.060062346095885545,0.0539819933
B0_ocp,95050.021,0.5882188642163595,0.5197823505416496,0.5256711504055839,0.06001160191842911,0.0539278872
B0_ocp,95130.021,0.5887139443233709,0.5202191451179422,0.5261144800220998,0.05996025832132491,0.0539071299
B0_ocp,95220.021,0.589270909756577,0.5207105405742962,0.5266132023235947,0.05990760048389225,0.0538685881
B0_ocp,95300.021,0.5897659902925965,0.5211473361092648,0.5270564937202225,0.059863357184268516,0.0538300462
B0_ocp,95380.021,0.5902610680400643,0.5215841310503809,0.5274997598928488,0.05980759901577396,0.0537855737
B0_ocp,95460.021,0.5907561471460573,0.5220209286807255,0.5279430322682634,0.05977679357064561,0.0537596308
B0_ocp,95540.021,0.5912512283970899,0.5224577240113315,0.5283862545484714,0.05972827258334923,0.0536907054
B0_ocp,95620.021,0.5917463081465948,0.522894515017278,0.5288294552283965,0.05966794733420921,0.0536610521
B0_ocp,95700.021,0.5922413922576805,0.5233313074732174,0.5292726507338651,0.05962723793886745,0.0536277033
B0_ocp,95780.021,0.5927364720786866,0.5237681020248284,0.5297158425837623,0.05958241445999791,0.0535898991
B0_ocp,95860.021,0.593231548396128,0.5242049011057044,0.5301590337373809,0.05953900165011564,0.0535669215
B0_ocp,95940.021,0.5937266276451234,0.5246417006012343,0.5306021940860064,0.05949359356460724,0.0535231866
B0_ocp,96020.021,0.5942217059646019,0.5250784965511345,0.5310453159170507,0.05943891390196915,0.053482417
B0_ocp,96100.021,0.5947167885026586,0.5255152920866246,0.5314884291127985,0.05938926105919508,0.0534453578
B0_ocp,96190.021,0.5952737521483317,0.526006688144469,0.5319869139323041,0.0593302188858997,0.0534001477
B0_ocp,96270.021,0.5957688301818048,0.526443481040248,0.5324299707095965,0.059266144734154445,0.0533831008
B0_ocp,96350.021,0.59626390885879,0.5268802766795729,0.5328730427728523,0.05919763387275745,0.0533616059
B0_ocp,96430.021,0.596758990395828,0.5273170741041979,0.5333160881503558,0.059185827917627366,0.0533119477
B0_ocp,96510.021,0.5972540695018211,0.5277538706752838,0.5337591168246874,0.05912976337931898,0.0532882251
B0_ocp,96590.021,0.5977491487508169,0.5281906671163461,0.5342021202732223,0.05907661140556255,0.0532511659
B0_ocp,96670.021,0.5982442279998125,0.5286274585106195,0.5346450823475832,0.059032709592862526,0.0532074384
B0_ocp,96750.021,0.5987393070343041,0.5290642505529833,0.5350880484200407,0.05896371173532607,0.0531733446
B0_ocp,96830.021,0.5992343884283394,0.5295010460628243,0.5355310107042364,0.05891969145784276,0.053145919
B0_ocp,96910.021,0.599729469178863,0.5299378430997739,0.5359739572851734,0.05887889503465772,0.0531184934
B0_ocp,96990.021,0.6002245468548295,0.5303746406021331,0.536416881883873,0.05883520549766371,0.0530851372
B0_ocp,97070.021,0.6007196280343609,0.5308114396840652,0.5368597978831859,0.058793925865879046,0.0530606844
B0_ocp,97160.021,0.6012765936105698,0.5313028373861488,0.5373580383990793,0.058752141861636735,0.0530117638
B0_ocp,97240.021,0.6017716747186002,0.5317396349673726,0.5378009076523608,0.0587074179455167,0.0529954545
B0_ocp,97320.021,0.6022667543251026,0.5321764329348178,0.5382437545069487,0.05865375602800813,0.0529583953
B0_ocp,97400.021,0.6027618335025969,0.5326132320434153,0.5386865959372089,0.05859326453144554,0.0529376455
B0_ocp,97480.021,0.6032569122510835,0.5330500330651523,0.5391294201033097,0.05855260937439193,0.0529050343
B0_ocp,97560.021,0.6037519920005884,0.5334868331039604,0.5395722188191195,0.058491766752237204,0.0528738983
B0_ocp,97640.021,0.6042470742526396,0.5339236336606794,0.5400150036716913,0.05843685742139263,0.0528509207
B0_ocp,97720.021,0.6047421551461657,0.5343604326371141,0.5404577582054233,0.058418996768292035,0.0528168269
B0_ocp,97800.021,0.605237234967172,0.5347972301658477,0.5409004947297202,0.05836011633285958,0.052787181
B0_ocp,97880.021,0.6057323155031914,0.5352340255961574,0.5413432024954199,0.05829000153712875,0.0527382605
B0_ocp,97960.021,0.6062273961822138,0.535670823231416,0.5417859190369236,0.058229982429679576,0.0527308472
B0_ocp,98040.021,0.6067224775047478,0.5361076221809122,0.5422286098348736,0.058195637564524845,0.0526848994
B0_ocp,98130.021,0.6072794399348984,0.5365990130446264,0.5427265746123877,0.05814074442744883,0.0526515432
B0_ocp,98210.021,0.6077745211144299,0.5370358061517161,0.5431692242689861,0.058086864505837194,0.0526411645
B0_ocp,98290.021,0.608269600649431,0.5374726026176826,0.5436118624696606,0.05804086730943712,0.0526048504
B0_ocp,98370.021,0.6087646819004634,0.5379093970917183,0.5440544692719482,0.05799980717770875,0.0525811277
B0_ocp,98450.021,0.6092597602199419,0.5383461910744853,0.5444970599138168,0.05795325259800567,0.0525507443
B0_ocp,98530.021,0.6097548422574891,0.538782984021039,0.5449396281695016,0.05790856589986906,0.0525285043
B0_ocp,98610.021,0.6102499245810419,0.539219780130121,0.5453822043584738,0.057859810412327746,0.0525114574
B0_ocp,98690.021,0.6107450078341117,0.539656573433084,0.545824728033827,0.0578077985981917,0.0524603166
B0_ocp,98770.021,0.611240089442651,0.5400933686410272,0.5462672701449833,0.05775687510527091,0.0524684675
B0_ocp,98850.021,0.611735168620145,0.5405301623806662,0.5467097587658623,0.057710829715463874,0.0524054654
B0_ocp,98930.021,0.6122302442940742,0.5409669488339574,0.5471522137942497,0.057669559134319745,0.0523958318
B0_ocp,99010.021,0.6127253245440883,0.5414037393517476,0.5475946877192799,0.05762926905203827,0.0523787849
B0_ocp,99100.021,0.6132822928373474,0.5418951349266599,0.5480924748522578,0.057577545166743585,0.0523691513
B0_ocp,99180.021,0.6137773716573351,0.5423319292918757,0.5485349031023307,0.057531425771425275,0.052322451
B0_ocp,99260.021,0.6142724501198162,0.5427687244199632,0.5489773336140661,0.05746727219218629,0.0523343123
B0_ocp,99340.021,0.6147675295118142,0.5432055280867707,0.5494197833932783,0.05740444094025631,0.052322451
B0_ocp,99420.021,0.6152626152674302,0.5436423341543537,0.5498622023013557,0.057354678912077524,0.0522987358
B0_ocp,99500.021,0.6157576978054866,0.5440791345749743,0.5503045616333941,0.05730756087249057,0.0522579588
B0_ocp,99580.021,0.6162527791280203,0.5445159285030665,0.5507468840124357,0.057270977669510656,0.0522275753
B0_ocp,99660.021,0.6167478628815994,0.5449527183937266,0.5511891836602383,0.0572294834097285,0.0521964394
B0_ocp,99740.021,0.6172429475646957,0.5453895172063168,0.5516315396429923,0.05717332449181714,0.0522134937
B0_ocp,99820.021,0.6177380268851925,0.54582631596135,0.5520738320339722,0.057110922853986786,0.0521571599
B0_ocp,99900.021,0.6182331041321507,0.5462631095631056,0.5525161022630238,0.05707993061480052,0.0521571599
B0_ocp,99980.021,0.6187281873137193,0.5466999034358129,0.5529583527107143,0.05703594926300705,0.052126769
B0_ocp,100070.021,0.6192851506018855,0.5471912944451929,0.5534558662053104,0.05696672358912901,0.0520934202
B0_ocp,100150.021,0.6197802344984671,0.5476280925756835,0.5538981191217547,0.05691795526099288,0.0520963781
B0_ocp,100230.021,0.6202753145339773,0.5480648894483413,0.5543403238889166,0.05686856192672905,0.0520608015
B0_ocp,100310.021,0.6207703926389518,0.5485016850419353,0.5547825185671613,0.056834539982831285,0.0520556159
B0_ocp,100390.021,0.6212654710299316,0.5489384804417723,0.5552246863987509,0.05679459203030727,0.0520326383
B0_ocp,100470.021,0.6217605472758715,0.5493752718873223,0.5556668234991946,0.0567145435095428,0.0520089231
B0_ocp,100550.021,0.6222556264533659,0.5498120638791778,0.5561089566892109,0.056697473962949406,0.0519896485
B0_ocp,100630.021,0.6227507079189027,0.5502488599640385,0.5565510966061714,0.05665926781237954,0.0519770496
B0_ocp,100710.021,0.6232457875254052,0.5506856569191464,0.5569932083631591,0.056612067010652,0.05195852
B0_ocp,100790.021,0.6237408679899236,0.5511224529484693,0.5574352998154429,0.05657497189654215,0.0519466586
B0_ocp,100870.021,0.6242359504564788,0.5515592489220055,0.5578773714775764,0.0564991893298752,0.0519266464
B0_ocp,100950.021,0.6247310302774851,0.5519960485819057,0.5583194522518826,0.05645968181157535,0.0519221984
B0_ocp,101040.021,0.6252879988567493,0.5524874508458599,0.5588167651478764,0.056418204310509035,0.0519029312
B0_ocp,101120.021,0.6257830759607051,0.5529242493286236,0.5592587798356419,0.056358010084937925,0.0518851392
B0_ocp,101200.021,0.6262781566397276,0.5533610468581106,0.5597007809513821,0.0563246208259275,0.0518584587
B0_ocp,101280.021,0.6267732351022087,0.5537978407284998,0.5601427430358799,0.05628498467517461,0.0518354811
B0_ocp,101360.021,0.6272683150662177,0.5542346343050538,0.5605847064961911,0.05623341626579072,0.0518369637
B0_ocp,101440.021,0.6277633949587255,0.5546714313158414,0.5610266669157,0.056171614845043585,0.0518139862
B0_ocp,101520.021,0.6282584766387662,0.5551082288454,0.5614686079801696,0.05611159045908475,0.0518088005
B0_ocp,101600.021,0.6287535566742765,0.5555450258279498,0.5619105250158685,0.05607264270739528,0.0517821126
B0_ocp,101680.021,0.6292486369957923,0.5559818207917834,0.5623524158213811,0.05603758389991797,0.0517709963
B0_ocp,101760.021,0.6297437181753237,0.5564186147745505,0.5627942906235179,0.055995930572754246,0.0517613627
B0_ocp,101840.021,0.6302387981393327,0.5568554103138461,0.5632361614320682,0.05592474126077191,0.0517457984
B0_ocp,101920.021,0.6307338806773892,0.557292206805773,0.5636780147565132,0.055887675889678946,0.0517391302
B0_ocp,102010.021,0.6312908460390941,0.5577836017267291,0.5641750719302524,0.055842646227477755,0.0517139249
B0_ocp,102090.021,0.6317859277191349,0.5582203972377354,0.5646168857864382,0.05579938266924105,0.0517013259
B0_ocp,102170.021,0.6322810085411598,0.5586571896067642,0.5650586616467078,0.05575967001438532,0.0516642667
B0_ocp,102250.021,0.6327760906502083,0.5590939873647265,0.565500472003277,0.05570148216829288,0.051693175
B0_ocp,102330.021,0.6332711759053153,0.5595307846373795,0.5659422275512309,0.05564570028221503,0.0516509227
B0_ocp,102410.021,0.6337662529377699,0.5599675829149248,0.5663839975884557,0.05559699147152569,0.0516768657
B0_ocp,102490.021,0.6342613321152641,0.5604043806773175,0.5668257176107794,0.05556123709383313,0.0516257249
B0_ocp,102570.021,0.6347564162978512,0.5608411789555111,0.5672674517293493,0.055515147361531667,0.0516524054
B0_ocp,102650.021,0.6352514947603322,0.5612779829455521,0.5677091766898156,0.05546655630077208,0.0516279452
B0_ocp,102730.021,0.6357465732943145,0.5617147793223144,0.5681508338102709,0.05541383507952982,0.0516020022
B0_ocp,102810.021,0.6362416497547584,0.5621515785532566,0.5685925182147449,0.05535664940164679,0.0516212769
B0_ocp,102890.021,0.6367367330078281,0.5625883841290269,0.5690342014663938,0.055316874839158134,0.051608678
B0_ocp,102980.021,0.637293706234679,0.5630797846220088,0.5695310263331104,0.055269166330502176,0.0515760668
B0_ocp,103060.021,0.6377887828381255,0.5635165775087516,0.5699726030535623,0.055227011662470016,0.0515516065
B0_ocp,103140.021,0.638283863445646,0.563953371607243,0.5704141958688647,0.05518542528394726,0.0515642054
B0_ocp,103220.021,0.6387789430521486,0.5643901685890637,0.5708557801707941,0.055139373249067154,0.0515456758
B0_ocp,103300.021,0.6392740215146295,0.5648269645905111,0.5712973405162545,0.055100790602922715,0.0515360422
B0_ocp,103380.021,0.6397691003346172,0.5652637642262871,0.5717389089128815,0.05505605470551689,0.0515501238
B0_ocp,103460.021,0.640264176580557,0.565700564697077,0.5721804485282791,0.05500436130606288,0.0515219606
B0_ocp,103540.021,0.6407592561155577,0.5661373570057191,0.5726219241576467,0.05495791765903761,0.051484894
B0_ocp,103620.021,0.6412543397976356,0.566574153788747,0.5730634440351742,0.05491244516872294,0.0515278839
B0_ocp,103700.021,0.6417494178311085,0.5670109515754032,0.5735049196303036,0.05487174877981183,0.0514811911
B0_ocp,103780.021,0.6422444978666186,0.5674477404822483,0.5739463443608301,0.0548325779860375,0.0514693297
B0_ocp,103860.021,0.6427395750420757,0.5678845304861692,0.5743877803093874,0.054786713667094346,0.0514693297
B0_ocp,103950.021,0.643296542763324,0.5683759249327118,0.5748844073339787,0.05472209116639679,0.0514789708
B0_ocp,104030.021,0.6437916255158845,0.568812723991514,0.5753258443530909,0.05468653527733132,0.0514574759
B0_ocp,104110.021,0.6442867074104291,0.5692495250690326,0.5757672657336255,0.054653145564003025,0.0514633991
B0_ocp,104190.021,0.6447817845143851,0.5696863245296541,0.5762086507832944,0.054604468150154066,0.0514530279
B0_ocp,104270.021,0.6452768626908608,0.5701231225792249,0.5766500192084512,0.05455858214151454,0.0514307879
B0_ocp,104350.021,0.6457719478029649,0.5705599210892832,0.5770913738061135,0.05453221742501571,0.051427085
B0_ocp,104430.021,0.6462670314850427,0.5709967206676951,0.5775327201131157,0.05450518900100898,0.0514278226
B0_ocp,104510.021,0.6467621143806057,0.5714335217158434,0.5779740528059151,0.05446041476054168,0.0514167063
B0_ocp,104590.021,0.6472571936296014,0.5718703212055984,0.5784153558656953,0.0543969464081096,0.051414486
B0_ocp,104670.021,0.6477522728070959,0.5723071140308991,0.5788566070746812,0.054349404851795576,0.0513863154
B0_ocp,104750.021,0.6482473520560917,0.5727439055941331,0.5792978634476669,0.05431536872917312,0.0513929911
B0_ocp,104840.021,0.6488043141287355,0.5732352982161003,0.579794266456259,0.054283057607193035,0.0513677858
B0_ocp,104920.021,0.6492993941642456,0.5736720953755858,0.5802355237553631,0.05423132901472594,0.0513952114
B0_ocp,105000.021,0.6497944752007745,0.5741088963939586,0.5806767673787643,0.0541908615977235,0.0513892807
B0_ocp,105080.021,0.6502895586683481,0.5745456943544616,0.5811179692910458,0.05415430783265079,0.0513685308
B0_ocp,105160.021,0.6507846340562721,0.5749824919146928,0.5815591624158116,0.05411758289716304,0.0513640828
B0_ocp,105240.021,0.6512797109457242,0.5754192847088067,0.582000305846451,0.05406999732155788,0.0513336919
B0_ocp,105320.021,0.6517747959148258,0.5758560721458239,0.5824414277976064,0.0540335454531244,0.051338885
B0_ocp,105400.021,0.6522698703017313,0.576292861631499,0.5828825593014026,0.054000125664373365,0.0513359196
B0_ocp,105480.021,0.6527649500512365,0.5767296505075736,0.5833236669228954,0.05396308559641327,0.0513203554
B0_ocp,105560.021,0.6532600297292399,0.577166445220255,0.5837648049136093,0.05390020524188879,0.0513514839
B0_ocp,105640.021,0.6537551076912118,0.5776032457186304,0.5842059306101499,0.05386420209191767,0.0513359196
B0_ocp,105720.021,0.6542501905152737,0.5780400431889301,0.5846470118972151,0.05382548078369933,0.0513203554
B0_ocp,105810.021,0.6548071598810528,0.5785314450883874,0.5851432460444685,0.05378762374405459,0.0513314717
B0_ocp,105890.021,0.6553022393445521,0.578968248034484,0.585584309024348,0.05377527594461663,0.051316645
B0_ocp,105970.021,0.6557973154474896,0.5794050486232922,0.5860253490061971,0.05371711774845747,0.0513144247
B0_ocp,106050.021,0.6562923934094613,0.5798418512005792,0.5864663843030177,0.05366859873261609,0.0513225757
B0_ocp,106130.021,0.6567874751610034,0.5802786532277743,0.586907395100706,0.053630576158647476,0.0513188727
B0_ocp,106210.021,0.6572825640626778,0.5807154563552633,0.5873484004403768,0.05360094257702566,0.0513151623
B0_ocp,106290.021,0.6577776450992066,0.5811522541628233,0.587789347492834,0.053560521150968154,0.0512892194
B0_ocp,106370.021,0.6582727293532946,0.581589052915653,0.5882303167505989,0.05352674864906284,0.0513010807
B0_ocp,106450.021,0.6587678111763379,0.5820258595303924,0.5886712983173923,0.05349536133511216,0.0513159074
B0_ocp,106530.021,0.6592628978614714,0.582462662995221,0.589112227479764,0.05346266649614022,0.0512929298
B0_ocp,106610.021,0.6597579766099577,0.582899458874611,0.5895531060173365,0.05341510061750623,0.0512647666
B0_ocp,106690.021,0.6602530527843963,0.5833362539583729,0.5899939918556534,0.053379855819896536,0.0512869991
B0_ocp,106780.021,0.6608100185036079,0.5838276505673583,0.5904899799130308,0.053339629812012325,0.0512580909
B0_ocp,106860.021,0.6613050989681262,0.5842644413689557,0.5909308041052006,0.0532962170969521,0.051245492
B0_ocp,106940.021,0.6618001760005806,0.5847012293570161,0.5913716236740383,0.053256272842532724,0.0512499399
B0_ocp,107020.021,0.6622952540340538,0.585138027622776,0.591812497512755,0.05322824891634969,0.0512692071
B0_ocp,107100.021,0.662790328134954,0.5855748300773437,0.5922533411991553,0.0532007783608811,0.0512558706
B0_ocp,107180.021,0.6632854058109204,0.5860116265065173,0.5926941299801305,0.0531724276504,0.051236596
B0_ocp,107260.021,0.6637804903510139,0.5864484220495167,0.593134914301485,0.05314861197324065,0.0512306653
B0_ocp,107340.021,0.6642755723885612,0.5868852169799207,0.5935756784019011,0.05310946769022937,0.0512277
B0_ocp,107420.021,0.6647706517090579,0.5873220078728894,0.5940164102866001,0.05307207568803021,0.0512262173
B0_ocp,107500.021,0.6652657282410032,0.5877587983693551,0.5944571401775904,0.05304088020945236,0.0512262173
B0_ocp,107580.021,0.6657608052019564,0.5881955898132901,0.5948978603857623,0.05301126597322767,0.0512254797
B0_ocp,107660.021,0.6662558845939548,0.5886323833688877,0.5953385808370435,0.052980348625776386,0.0512158461
B0_ocp,107750.021,0.6668128476676174,0.5891237771243998,0.5958343673723667,0.052952026304934945,0.0512202941
B0_ocp,107830.021,0.6673079272741198,0.5895605700978266,0.5962750434873773,0.052929238286394543,0.0512121357
B0_ocp,107910.021,0.667803004235073,0.5899973635914817,0.596715710709495,0.052903537354406296,0.0512032472
B0_ocp,107990.021,0.6682980846995911,0.5904341575742488,0.5971563644672309,0.05286812117886016,0.0512025021
B0_ocp,108070.021,0.6687931633765762,0.5908709499962196,0.5975969926838577,0.052838426872630434,0.0511965714
B0_ocp,108150.021,0.669288245485625,0.5913077445929544,0.5980376280142803,0.05281079110643628,0.0512039848
B0_ocp,108230.021,0.6697833266651564,0.5917445394912672,0.5984782363228277,0.052781186665274496,0.0511973165
B0_ocp,108310.021,0.6702784040551175,0.5921813330163175,0.5989188293103269,0.05275804997299844,0.0511973165
B0_ocp,108390.021,0.6707734820170893,0.5926181285287645,0.5993594182950126,0.052724090084040116,0.0511987992
B0_ocp,108470.021,0.6712685620525998,0.5930549255709288,0.599799997681418,0.05268844795720186,0.0511891581
B0_ocp,108550.021,0.6717636417306035,0.5934917178669095,0.6002405250989888,0.052659623057600365,0.0511691459
B0_ocp,108630.021,0.672258724483164,0.5939285141514217,0.6006810894021113,0.05262947157462091,0.0512039848
B0_ocp,108720.021,0.6728156897733676,0.5944199187081206,0.6011767238293421,0.05260102345926626,0.0511980541
B0_ocp,108800.021,0.6733107685218539,0.5948567186523381,0.6016172320755824,0.05257377970771556,0.0511847176
B0_ocp,108880.021,0.6738058510599108,0.5952935182653957,0.6020577373668681,0.05254262049141433,0.0511958338
B0_ocp,108960.021,0.6743009268768427,0.5957303208433569,0.602498240375676,0.05251735596378583,0.0511936061
B0_ocp,109040.021,0.6747960040522998,0.5961671187052731,0.6029386911447632,0.052481155320324144,0.0511647053
B0_ocp,109120.021,0.675291080798749,0.5966039106376796,0.6033791129242554,0.052455487908799954,0.051148396
B0_ocp,109200.021,0.6757861541131346,0.5970407005513684,0.6038195244765482,0.05244520495236096,0.0511498787
B0_ocp,109280.021,0.6762812296440611,0.5974774920901729,0.6042599438200722,0.05242052356740491,0.0511691459
B0_ocp,109360.021,0.6767763050319853,0.5979142813878431,0.6047003268987319,0.05238914206266223,0.0511328317
B0_ocp,109440.021,0.677271384352482,0.5983510683688895,0.6051407007193994,0.05236310332980534,0.0511506163
B0_ocp,109520.02100000001,0.677766464101987,0.5987878614697871,0.605581100628606,0.05234065901487385,0.0511676632
B0_ocp,109600.02100000001,0.678261536844362,0.5992246574393296,0.6060214828187064,0.0523073707225555,0.0511543266
B0_ocp,109690.02100000001,0.6788185041366026,0.5997160483106824,0.6065168622958776,0.052286800995273046,0.051130604
B0_ocp,109770.02100000001,0.6793135796675294,0.6001528388087362,0.6069571910444964,0.052255126392701155,0.0511395
B0_ocp,109850.02100000001,0.6798086577010025,0.6005896349382732,0.6073975413408512,0.05222374052612304,0.0511491336
B0_ocp,109930.02100000001,0.6803037382370221,0.6010264386219807,0.6078379039690416,0.052214819799731416,0.0511609949
B0_ocp,110010.02100000001,0.6807988244216462,0.6014632436432961,0.6082782326828913,0.05218628088821299,0.0511476509
B0_ocp,110090.02100000001,0.681293905029167,0.6019000446271752,0.6087185196880976,0.052155501515848864,0.0511328317
B0_ocp,110170.02100000001,0.6817889850646769,0.6023368478226935,0.6091588181422217,0.052129008375904624,0.0511587746
B0_ocp,110250.02100000001,0.682284062240134,0.6027736424282842,0.6095990306302415,0.05211420634951034,0.0511068888
B0_ocp,110330.02100000001,0.682779138486074,0.6032104268706924,0.6100392175144231,0.052090796088916154,0.0511076264
B0_ocp,110410.02100000001,0.6832742207381252,0.6036472226741871,0.6104794842188456,0.05205815971954873,0.0511335693
B0_ocp,110490.02100000001,0.683769303133179,0.6040840178638968,0.610919688320689,0.05203259923095776,0.0511024408
B0_ocp,110570.02100000001,0.684264384670217,0.6045208115847047,0.6113598980981878,0.052040137803498206,0.0511239357
B0_ocp,110660.02100000001,0.684821345884845,0.605012214511894,0.6118551574429683,0.051987183547168726,0.0511291213
B0_ocp,110740.02100000001,0.6853164268498726,0.6054490107747053,0.61229531088949,0.0519733655192894,0.0510876141
B0_ocp,110820.02100000001,0.6858115033103165,0.6058858028362297,0.6127354563997089,0.05196321778868604,0.0510994755
B0_ocp,110900.02100000001,0.6863065839893384,0.6063225993911224,0.613175618315044,0.05193982041491557,0.0511039235
B0_ocp,110980.02100000001,0.6868016629523288,0.6067593948065135,0.613615748783612,0.05189992645030782,0.0510868765
B0_ocp,111060.02100000001,0.6872967485649422,0.6071961929896041,0.6140558930468856,0.05188958532601373,0.0511017032
B0_ocp,111140.02100000001,0.6877918270989245,0.6076329871996868,0.6144959773551089,0.051881437042868905,0.0510779805
B0_ocp,111220.02100000001,0.6882869056329066,0.6080697809227981,0.6149360787827849,0.051862084292052774,0.0510957725
B0_ocp,111300.02100000001,0.6887819848819023,0.6085065741556015,0.6153761429231717,0.0518432861852285,0.051064644
B0_ocp,111380.02100000001,0.6892770645599059,0.6089433699634506,0.615816236374335,0.05181368562852135,0.0510942899
B0_ocp,111460.02100000001,0.6897721440234054,0.6093801687962299,0.6162563021125225,0.0517887963175336,0.0510705672
B0_ocp,111540.02100000001,0.6902672269189685,0.6098169628118167,0.6166963355431117,0.05177680207792167,0.0510727949
B0_ocp,111630.02100000001,0.6908241954267313,0.6103083554292722,0.6171913589773768,0.05178562340154635,0.051059451
B0_ocp,111710.02100000001,0.6913192761772549,0.6107451484355999,0.6176313708640071,0.05173686530254916,0.0510542654
B0_ocp,111790.02100000001,0.6918143512791737,0.61118193981267,0.6180713580266968,0.05170680443355741,0.0510335006
B0_ocp,111870.02100000001,0.6923094292411454,0.6116187313645188,0.6185113457875107,0.05169492393685682,0.0510527827
B0_ocp,111950.02100000001,0.6928045117792017,0.6120555311021305,0.6189513667900989,0.05169015571479481,0.0510587133
B0_ocp,112030.02100000001,0.6932995943172584,0.6124923272936001,0.6193913179854933,0.05169083532851516,0.0510372184
B0_ocp,112110.02100000001,0.6937946734947527,0.61292912254499,0.6198312822663582,0.05166478508111013,0.0510542654
B0_ocp,112190.02100000001,0.6942897538877697,0.6133659198936663,0.6202712251612803,0.05162876508592125,0.0510483347
B0_ocp,112270.02100000001,0.694784830634219,0.6138027191456461,0.6207111798679256,0.05162815565261654,0.051055748
B0_ocp,112350.02100000001,0.6952799098832148,0.6142395226614835,0.6211511242972917,0.0516037011556338,0.051046852
B0_ocp,112430.02100000001,0.6957749901332287,0.6146763210563256,0.6215910180831454,0.05158542496886362,0.0510312803
B0_ocp,112510.02100000001,0.6962700708837524,0.6151131118624599,0.6220308682580393,0.05157374540863347,0.0510097854
B0_ocp,112600.02100000001,0.6968270404640354,0.6156045076403875,0.6225257556114131,0.05156021262699845,0.0510394387
B0_ocp,112680.02100000001,0.697322118140002,0.6160413132491672,0.6229656686287022,0.051543273446162614,0.0510438867
B0_ocp,112760.02100000001,0.6978171971744936,0.6164781120180698,0.6234055042693496,0.051525902960463665,0.0510120057
B0_ocp,112840.02100000001,0.6983122771385025,0.6169149003191023,0.6238452907269132,0.05150834453519766,0.0509868078
B0_ocp,112920.02100000001,0.6988073588900445,0.6173516956839066,0.6242851444073347,0.05149086356839915,0.051020164
B0_ocp,113000.02100000001,0.6993024369235177,0.6177884965828869,0.6247249804263704,0.05148915305179066,0.0510016344
B0_ocp,113080.02100000001,0.6997975168875263,0.6182252888837266,0.6251647502832571,0.051473896761360986,0.0509742089
B0_ocp,113160.02100000001,0.7002925954930099,0.6186620757637743,0.6256045011008484,0.05145598449903905,0.0509764291
B0_ocp,113240.02100000001,0.7007876706664299,0.6190988669053257,0.6260442849685186,0.05144195425242386,0.0509845875
B0_ocp,113320.02100000001,0.7012827493434151,0.6195356686637538,0.6264841055486114,0.05142020856451753,0.0509971865
B0_ocp,113400.02100000001,0.7017778253033495,0.6199724658238531,0.6269238446809198,0.05140015563203351,0.0509623475
B0_ocp,113480.02100000001,0.702272901620791,0.6204092621247372,0.6273636018269081,0.051386909760618604,0.0509897731
B0_ocp,113570.02100000001,0.7028298680550158,0.6209006562106688,0.6278582757888105,0.05138330996656186,0.0509601273
B0_ocp,113650.02100000001,0.7033249453019742,0.6213374520634914,0.6282980129125697,0.05137425998268918,0.0509986691
B0_ocp,113730.02100000001,0.7038200228349382,0.6217742451103278,0.6287376857437259,0.051356880943783094,0.0509393699
B0_ocp,113810.02100000001,0.7043151063025118,0.6222110364027956,0.6291773800828994,0.051340517228521815,0.0509727262
B0_ocp,113890.02100000001,0.7048101859805154,0.6226478359181601,0.6296170902963025,0.05132834817304893,0.0509630926
B0_ocp,113970.02100000001,0.7053052619404497,0.6230846312834414,0.6300567493504221,0.05132651650481935,0.0509519689
B0_ocp,114050.02100000001,0.705800341832957,0.623521420106727,0.6304963700070092,0.051316165324667415,0.050930474
B0_ocp,114130.02100000001,0.7062954142178255,0.6239582149139075,0.6309360417043163,0.05130066382654838,0.0509593822
B0_ocp,114210.02100000001,0.7067904961838716,0.6243950111753679,0.6313756745518891,0.05128169400979367,0.0509238057
B0_ocp,114290.02100000001,0.7072855778639121,0.6248318058322889,0.6318153033467304,0.05126686303275635,0.0509386323
B0_ocp,114370.02100000001,0.7077806544673587,0.6252685975325736,0.6322548873519823,0.051263628032755165,0.0508934148
B0_ocp,114460.02100000001,0.7083376155389841,0.6257599869623371,0.6327494303599573,0.05126420216905736,0.0509119444
B0_ocp,114540.02100000001,0.7088326954314915,0.6261967798225574,0.633189012953604,0.05125529577424553,0.0508971252
B0_ocp,114620.02100000001,0.7093277788990655,0.6266335739563603,0.6336285997488634,0.05121425395731729,0.0509260334
B0_ocp,114700.02100000001,0.7098228640111697,0.6270703714529271,0.6340681803736232,0.05120114780569018,0.0509037934
B0_ocp,114780.02100000001,0.7103179422591467,0.6275071710815786,0.6345077579146012,0.05118754063019614,0.0509141721
B0_ocp,114860.02100000001,0.7108130230811717,0.627943967379639,0.6349472871393713,0.05118084061517934,0.0508904494
B0_ocp,114940.02100000001,0.7113080989696048,0.6283807656647326,0.6353868408673903,0.05119337458009217,0.0509104617
B0_ocp,115020.02100000001,0.7118031785046057,0.6288175649905567,0.6358263627823502,0.051163157841825575,0.0508667342
B0_ocp,115100.02100000001,0.7122982598986413,0.6292543668276174,0.6362659056884927,0.0511595662052638,0.0509030558
B0_ocp,115180.02100000001,0.7127933422936952,0.6296911733323318,0.6367054360349573,0.051172148076584545,0.0508845262
B0_ocp,115260.02100000001,0.713288417824622,0.630127970601143,0.637144892002135,0.05117786368572291,0.0508489497
B0_ocp,115340.02100000001,0.7137834966446096,0.6305647620795444,0.6375843349432966,0.05113785459717896,0.0508393086
B0_ocp,115430.02100000001,0.7143404663678953,0.6310561507041876,0.6380786985298363,0.051126436588941206,0.0508267097
B0_ocp,115510.02100000001,0.7148355444728698,0.631492942296673,0.6385181468088788,0.051120003687545545,0.050838571
B0_ocp,115590.02100000001,0.7153306266534197,0.6319297414783129,0.6389576214990391,0.05110082277888362,0.0508356057
B0_ocp,115670.02100000001,0.7158257068319327,0.6323665361658891,0.6393970281408146,0.05109548769749385,0.0508155935
B0_ocp,115750.02100000001,0.7163207875824561,0.6328033230832749,0.639836405182345,0.05109139813891564,0.0508052148
B0_ocp,115830.02100000001,0.7168158676179662,0.6332401204752041,0.6402758559288908,0.05109124845765113,0.0508445017
B0_ocp,115910.02100000001,0.7173109480109832,0.6336769207707901,0.6407152653076653,0.05109525546468092,0.0508074425
B0_ocp,115990.02100000001,0.7178060264019627,0.6341137131823049,0.6411546251093201,0.051096339550786844,0.0507837199
B0_ocp,116070.02100000001,0.7183011115855681,0.6345505135647795,0.6415940434078626,0.051083481778450346,0.0508326404
B0_ocp,116150.02100000001,0.71879620034424,0.6349873174499064,0.6420334305977119,0.05106247083113307,0.0508000292
B0_ocp,116230.02100000001,0.7192912838118137,0.6354241133366566,0.642472761471655,0.05103750240967995,0.0507829823
B0_ocp,116310.02100000001,0.7197863666358756,0.6358609110242683,0.6429121153988187,0.051042137752753396,0.0507933535
B0_ocp,116400.02100000001,0.7203433314970713,0.63635230749936,0.6434063527170696,0.05103591202102066,0.0507703759
B0_ocp,116480.02100000001,0.7208384167521782,0.6367891041778597,0.6438456800442829,0.05102926660398268,0.0507837199
B0_ocp,116560.02100000001,0.7213334972881974,0.6372259067975146,0.6442850210973582,0.05102506293797776,0.0507881679
B0_ocp,116640.02100000001,0.721828574106148,0.637662710349836,0.6447243413866101,0.05102146413107651,0.0507807545
B0_ocp,116720.02100000001,0.7223236552141776,0.6380995107973679,0.6451636272597194,0.05100719727575477,0.0507607423
B0_ocp,116800.02100000001,0.7228187371087225,0.6385363077697528,0.6456028921335186,0.05099643511669271,0.05074073
B0_ocp,116880.02100000001,0.7233138165722219,0.6389731016756663,0.646042137114793,0.05099167069929634,0.050731834
B0_ocp,116960.02100000001,0.7238088987527718,0.639409892591962,0.6464813669957732,0.05098690885673051,0.0507199802
B0_ocp,117040.02100000001,0.7243039787167806,0.6398466851569063,0.6469206093875877,0.05098013219000829,0.0507177524
B0_ocp,117120.02100000001,0.7247990600393147,0.6402834822446918,0.6473598626817644,0.05096948936730502,0.0507184975
B0_ocp,117200.02100000001,0.7252941420053607,0.6407202807502282,0.6477991002191636,0.05096001238568277,0.0507251658
B0_ocp,117280.02100000001,0.725789227117465,0.6411570740548633,0.6482382902741135,0.050964659606962164,0.0506844036
B0_ocp,117370.02100000001,0.7263461954107241,0.6416484721231723,0.648732428112106,0.05097431155223003,0.0507229455
B0_ocp,117450.02100000001,0.7268412733726958,0.6420852692719471,0.649171606717064,0.05096501637574511,0.0506755076
B0_ocp,117530.02100000001,0.7273363504766517,0.6425220577226546,0.6496107512400768,0.05094684488185156,0.050660681
B0_ocp,117610.02100000001,0.72783142772361,0.6429588461347272,0.6500499004446125,0.05092695532140289,0.0506584607
B0_ocp,117690.02100000001,0.7283265043270564,0.6433956424455466,0.6504890983794004,0.05091105937706005,0.0506895892
B0_ocp,117770.02100000001,0.7288215823605297,0.6438324444256445,0.6509282834057437,0.050901233310830726,0.0506717972
B0_ocp,117850.02100000001,0.7293166636830637,0.644269238176093,0.6513673970038016,0.05089801045858514,0.0506414138
B0_ocp,117930.02100000001,0.7298117442905845,0.6447060261028189,0.6518064940898238,0.05090001739932959,0.0506325178
B0_ocp,118010.02100000001,0.7303068276866568,0.6451428208422536,0.6522456398499907,0.05090549475819842,0.0506584607
B0_ocp,118090.02100000001,0.730801902860077,0.6455796156016036,0.6526847449519713,0.05090807663001159,0.0506184362
B0_ocp,118170.02100000001,0.7312969807505472,0.6460164045376696,0.6531238205991716,0.050906542206141325,0.0506206565
B0_ocp,118250.02100000001,0.7317920595705347,0.6464531919014623,0.6535628867454963,0.05089768351275682,0.0505939759
B0_ocp,118340.02100000001,0.7323490292938204,0.646944586567253,0.6540568930768322,0.050880492636034336,0.0506265871
B0_ocp,118420.02100000001,0.7328441086143173,0.6473813895951879,0.6544960082719573,0.050880333094519906,0.0506214015
B0_ocp,118500.02100000001,0.7333391914383791,0.6478181837907377,0.6549350414502491,0.0508754868606541,0.0505717434
B0_ocp,118580.02100000001,0.7338342691858468,0.6482549717564069,0.6553740607888214,0.05085663332121776,0.0505732186
B0_ocp,118660.02100000001,0.7343293501508742,0.648691759120011,0.6558130774805457,0.050868222882432014,0.0505658127
B0_ocp,118740.02100000001,0.7348244276123367,0.6491285544630521,0.6562521478807991,0.050867015290445836,0.0505895279
B0_ocp,118820.02100000001,0.7353195061463191,0.6495653601117564,0.656691232847687,0.05086777956006074,0.050585825
B0_ocp,118900.02100000001,0.7358145893278875,0.6500021577805126,0.65713022734794,0.050873029868034284,0.0505406074
B0_ocp,118980.02100000001,0.736309661998761,0.6504389535312223,0.6575692382755829,0.05085363462163349,0.0505672954
B0_ocp,119060.02100000001,0.7368047413907592,0.6508757529676333,0.6580082464127511,0.05085916162095394,0.0505517311
B0_ocp,119140.02100000001,0.7372998177797019,0.6513125463088251,0.6584472075550309,0.05086394595987528,0.0505124442
B0_ocp,119220.02100000001,0.7377948978867134,0.6517493430693575,0.6588862037547466,0.05085945371789928,0.0505480208
B0_ocp,119310.02100000001,0.7383518589583389,0.6522407365809088,0.6593800171482612,0.05086112597319174,0.0504991002
B0_ocp,119390.02100000001,0.7388469379213292,0.6526775230132211,0.6598189329593409,0.050843523171330465,0.0504902117
B0_ocp,119470.02100000001,0.7393420178138369,0.6531143141248417,0.6602578846324789,0.05083054500004217,0.0504939146
B0_ocp,119550.02100000001,0.7398370989933681,0.6535511059711989,0.660696814403976,0.0508267672225854,0.0504716821
B0_ocp,119630.02100000001,0.7403321832474566,0.6539878954315693,0.6611357279275127,0.0508389265589889,0.050466489
B0_ocp,119710.02100000001,0.7408272628539587,0.6544246853769756,0.6615746382106484,0.05082360525857715,0.0504494421
B0_ocp,119790.02100000001,0.7413223348098193,0.6548614821386615,0.6620135847544715,0.050804090770062746,0.0504805706
B0_ocp,119870.02100000001,0.7418174090537222,0.6552982773403679,0.6624524770285347,0.05078811351933682,0.0504368432
B0_ocp,119950.02100000001,0.7423124885172218,0.6557350694619276,0.6628913648033125,0.050788527301537524,0.0504479595
B0_ocp,120030.02100000001,0.74280757005426,0.6561718638902752,0.6633302502441667,0.05079182404226582,0.0504309125
B0_ocp,120110.02100000001,0.7433026503757757,0.656608658961219,0.6637691328200139,0.0508018048316617,0.0504301749
B0_ocp,120190.02100000001,0.7437977286952541,0.65704545702079,0.664208017156269,0.05081303705255854,0.0504309125
B0_ocp,120280.02100000001,0.7443546983470385,0.6575368553440912,0.6647017432694438,0.05079583038243297,0.0504116453
B0_ocp,120360.02100000001,0.744849776523514,0.6579736554618927,0.6651406103875255,0.05079030794664643,0.050404232
B0_ocp,120440.02100000001,0.7453448537704723,0.6584104527995025,0.6655794389911257,0.05079098634723718,0.0503916331
B0_ocp,120520.02100000001,0.7458399330909693,0.6588472531151415,0.6660182972193691,0.05079163114118632,0.050399784
B0_ocp,120600.02100000001,0.7463350136269888,0.6592840596948749,0.6664571587946134,0.050782059403501605,0.0503805093
B0_ocp,120680.02100000001,0.7468300938055017,0.6597208573982238,0.6668959408737761,0.05078096873936933,0.0503604971
B0_ocp,120760.02100000001,0.7473251683354096,0.660157645770185,0.6673346924921058,0.05077319467464017,0.0503382646
B0_ocp,120840.02100000001,0.7478202435803312,0.6605944353100428,0.6677734692168626,0.050766489412954224,0.0503338166
B0_ocp,120920.02100000001,0.7483153239018467,0.6610312241270875,0.6682122284718994,0.05077006067827038,0.0503189899
B0_ocp,121000.02100000001,0.7488103985032561,0.6614680152803314,0.6686510087452346,0.050761859423917206,0.0503271483
B0_ocp,121080.02100000001,0.7493054761077212,0.661904806036455,0.66908975834401,0.050768160051670265,0.050306391
B0_ocp,121160.02100000001,0.7498005542126956,0.6623415998126798,0.6695285369806372,0.050774344279675705,0.0503049083
B0_ocp,121250.02100000001,0.7503575212904323,0.6628330039172277,0.670022189212754,0.05075988856503683,0.0503138043
B0_ocp,121330.02100000001,0.7508525984658894,0.6632698026680683,0.6704609206757496,0.05075768705852013,0.0502745248
B0_ocp,121410.02100000001,0.7513476764993625,0.6637065956813251,0.6708996335802491,0.05076153127860711,0.0502671115
B0_ocp,121490.02100000001,0.7518427523877957,0.6641433865165054,0.6713383313798378,0.05075434621701681,0.0502448715
B0_ocp,121570.02100000001,0.7523378359983723,0.6645801807385597,0.6717770605923861,0.050731394969116474,0.0502656288
B0_ocp,121650.02100000001,0.7528329088837501,0.6650169734326413,0.6722157470265728,0.05075114686023265,0.0502241217
B0_ocp,121730.02100000001,0.7533279869887243,0.6654537630131415,0.6726544307191544,0.050738571108623155,0.0502248593
B0_ocp,121810.02100000001,0.7538230621621445,0.6658905528386737,0.6730931026640488,0.050734419863235174,0.0501959585
B0_ocp,121890.02100000001,0.7543181396951082,0.6663273413300458,0.6735317695858263,0.050760552861912805,0.0502026267
B0_ocp,121970.02100000001,0.7548132132954993,0.666764137571551,0.6739704779357032,0.05073993077864415,0.0502152257
B0_ocp,122050.02100000001,0.7553082933310092,0.6672009364809137,0.6744091616553423,0.050738928857780564,0.0501944758
B0_ocp,122130.02100000001,0.7558033729375117,0.6676377324823611,0.6748478191684911,0.05073417684648917,0.0501870625
B0_ocp,122220.02100000001,0.7563603374412009,0.6681291355929349,0.6753413497841144,0.050709883330047605,0.0501937307
B0_ocp,122300.02100000001,0.7568554157606792,0.6685659321223368,0.6757799591931302,0.05071679498290761,0.0501403622
B0_ocp,122380.02100000001,0.7573504945806667,0.669002716496301,0.6762185296383104,0.05071021988774111,0.0501270257
B0_ocp,122460.02100000001,0.7578455784772484,0.669439505633208,0.6766571505349602,0.050720229550777,0.0501403622
B0_ocp,122540.02100000001,0.7583406596567797,0.6698763017150431,0.6770957908533441,0.05074506607942381,0.0501418449
B0_ocp,122620.02100000001,0.7588357396207887,0.6703131044581899,0.6775344477299812,0.050718672172391975,0.0501388796
B0_ocp,122700.02100000001,0.7593308233028664,0.67074990788883,0.6779730694929523,0.05071061339671982,0.0501070134
B0_ocp,122780.02100000001,0.7598259071279467,0.6711867074028324,0.6784116624529115,0.05071710315528503,0.0500870012
B0_ocp,122860.02100000001,0.7603209864484436,0.6716235095812139,0.6788502711056714,0.05072865695016248,0.0500929318
B0_ocp,122940.02100000001,0.7608160707025318,0.6720603141418909,0.6792888725655795,0.05071014974325625,0.0500892214
B0_ocp,123020.02100000001,0.7613111540986042,0.6724971187429049,0.6797274616574177,0.0507096752131477,0.0500781052
B0_ocp,123100.02100000001,0.7618062356356422,0.6729339254029877,0.6801660521609315,0.05070446176168078,0.0500669889
B0_ocp,123190.02100000001,0.762363201426355,0.6734253245766726,0.6806593926065633,0.050697843649020795,0.0500165857
B0_ocp,123270.02100000001,0.7628582834639023,0.6738621197305074,0.6810979220719022,0.05071813808443338,0.0500328951
B0_ocp,123350.02100000001,0.763353358780325,0.6742989103615908,0.6815364107606121,0.05067902257183865,0.0499913879
B0_ocp,123430.02100000001,0.7638484426054052,0.674735706364427,0.6819749668160331,0.05066326865613534,0.0500121377
B0_ocp,123510.02100000001,0.7643435284325225,0.6751725118533308,0.6824135295072666,0.050673217847718825,0.0499995388
B0_ocp,123590.02100000001,0.7648386128296136,0.675609315445098,0.682852061180649,0.0506988299700879,0.0499861948
B0_ocp,123670.02100000001,0.7653336921501106,0.6760461142717511,0.68329054992307,0.0506857034838941,0.0499550663
B0_ocp,123750.02100000001,0.7658287724001248,0.6764829161289921,0.6837290756656369,0.050686959808783426,0.0499773063
B0_ocp,123830.02100000001,0.7663238543661707,0.6769197247268839,0.6841676087594935,0.05069357800076524,0.0499676652
B0_ocp,123910.02100000001,0.7668189421953252,0.6773565291654758,0.6846060941930217,0.050673033933669114,0.0499276407
B0_ocp,123990.02100000001,0.7673140228743474,0.6777933296886197,0.6850445615278677,0.05067250952477982,0.0499209724
B0_ocp,124080.02100000001,0.7678709876640416,0.6782847256320831,0.685537809615006,0.05066495921754132,0.0499002151
B0_ocp,124160.02100000001,0.7683660699160929,0.6787215170304114,0.6859762332414501,0.05065876492646469,0.049859453
B0_ocp,124240.02100000001,0.7688611513816294,0.6791583090760024,0.6864146714881496,0.0506628335867361,0.0498779826
B0_ocp,124320.02100000001,0.7693562276990706,0.6795951083093633,0.6868531464346621,0.05066790616219649,0.0498779826
B0_ocp,124400.02100000001,0.7698513075915782,0.6800319060846619,0.687291575542907,0.05066089218816048,0.0498535223
B0_ocp,124480.02100000001,0.7703463864830671,0.6804687043497815,0.6877300207730392,0.05064901653072205,0.0498490743
B0_ocp,124560.02100000001,0.7708414663755744,0.6809055000243629,0.6881684200086974,0.050637960182244826,0.0498053469
B0_ocp,124640.02100000001,0.7713365451955619,0.6813422968780074,0.6886068514914601,0.050633729572921886,0.0498268418
B0_ocp,124720.02100000001,0.7718316276621173,0.6817790925112494,0.689045237939238,0.05063996062034036,0.0497779213
B0_ocp,124800.02100000001,0.7723266998324817,0.6822158867805903,0.6894836410217853,0.05063840995241151,0.0497942306
B0_ocp,124880.02100000001,0.7728217833000557,0.6826526888790444,0.6899220683880155,0.05061620539463695,0.0497897826
B0_ocp,124960.02100000001,0.7733168699136878,0.6830894919458731,0.6903604775639998,0.05063235019403231,0.0497697704
B0_ocp,125050.02100000001,0.7738738326298434,0.6835808918802178,0.6908536501673366,0.05063883671471805,0.0497497581
B0_ocp,125130.02100000001,0.7743689163119212,0.6840176904665901,0.6912920226932362,0.05062397765514313,0.0497497581
B0_ocp,125210.02100000001,0.7748639988499777,0.6844544941818564,0.6917304197997769,0.05059683772206718,0.049748268
B0_ocp,125290.02100000001,0.7753590777414668,0.6848912981347159,0.6921687903386533,0.050604291393391995,0.0497252904
B0_ocp,125370.02100000001,0.775854159135502,0.6853281018090404,0.6926071588879819,0.05061197266439323,0.0497074984
B0_ocp,125450.02100000001,0.7763492383844978,0.6857648979241645,0.6930454610229057,0.050610318631390094,0.0496645086
B0_ocp,125530.02100000001,0.7768443130574084,0.6862016958720644,0.6934838144983542,0.05059918745340897,0.0496897139
B0_ocp,125610.02100000001,0.7773393935934277,0.6866385024097666,0.6939221827181761,0.05061427974677185,0.0496763699
B0_ocp,125690.02100000001,0.7778344747014578,0.6870753017170927,0.6943604852942313,0.05061408699958158,0.0496222638
B0_ocp,125770.02100000001,0.7783295570250105,0.6875121030541036,0.6947988224342241,0.05060980112828667,0.0496489443
B0_ocp,125850.02100000001,0.7788246411360962,0.6879489106423168,0.6952371685035441,0.05060691742184919,0.0496385731
B0_ocp,125930.02100000001,0.7793197281787361,0.6883857124932053,0.6956754588867351,0.05058986836804637,0.0496007688
B0_ocp,126020.02100000001,0.7798766946129607,0.6888771032682915,0.6961684822651043,0.05058917972195782,0.0495644473
B0_ocp,126100.02100000001,0.7803717789385505,0.6893138975407096,0.6966067721454675,0.050589498815211485,0.049566675
B0_ocp,126180.02100000001,0.7808668622631214,0.6897506943858749,0.6970450493709937,0.05058199734799339,0.0495548137
B0_ocp,126260.02100000001,0.7813619451586846,0.6901874842069818,0.6974832835111082,0.05055824175927016,0.0495325811
B0_ocp,126340.02100000001,0.7818570233351605,0.6906242795307753,0.6979215708373419,0.05056466671124602,0.0495474003
B0_ocp,126420.02100000001,0.7823521067312328,0.6910610831230178,0.6983598726865248,0.050573867687224876,0.0495296158
B0_ocp,126500.02100000001,0.7828471942028808,0.6914978893008973,0.6987981660269371,0.05057348304708797,0.0495118238
B0_ocp,126580.02100000001,0.7833422802445026,0.6919346953126617,0.6992364345084672,0.05055759959873293,0.0494925566
B0_ocp,126660.02100000001,0.7838373600655089,0.6923714915070045,0.6996746344560926,0.05053330410062241,0.0494503044
B0_ocp,126740.02100000001,0.7843324395290084,0.6928082877996384,0.7001128709244735,0.05052111097975584,0.0494569801
B0_ocp,126820.02100000001,0.7848275167044655,0.6932450824587446,0.7005510708329526,0.050522335911859124,0.0494214036
B0_ocp,126900.02100000001,0.7853225952384477,0.6936818709526206,0.700989255771201,0.05054084594398943,0.0494006462
B0_ocp,126990.02100000001,0.7858795575970967,0.6941732625843577,0.7014822461887016,0.05053032295630829,0.0493976809
B0_ocp,127070.02100000001,0.7863746379186123,0.6946100575764649,0.7019204578628672,0.050520479923599974,0.049368035
B0_ocp,127150.02100000001,0.7868697179541224,0.6950468557218112,0.7023586797541019,0.050514382723397575,0.0493739657
B0_ocp,127230.02100000001,0.7873647988476485,0.6954836567699596,0.7027968971715561,0.05051266387915246,0.0493539535
B0_ocp,127310.02100000001,0.7878598883928348,0.6959204604459455,0.7032351176830456,0.050532883719583144,0.0493480228
B0_ocp,127390.02100000001,0.788354973290435,0.6963572591826566,0.7036732827426921,0.05053459194821017,0.0493072532
B0_ocp,127470.02100000001,0.7888500570440139,0.696794052197934,0.7041114339071841,0.0505219051721137,0.0492894687
B0_ocp,127550.02100000001,0.7893451398680754,0.6972308467063105,0.7045495978214049,0.05049784694299984,0.0492783524
B0_ocp,127630.02100000001,0.7898402233356491,0.6976676395959245,0.7049877441157477,0.05048629752291633,0.0492457412
B0_ocp,127710.02100000001,0.7903353054446977,0.6981044415890555,0.7054259553485116,0.05049328940975587,0.0492768697
B0_ocp,127790.02100000001,0.7908303845506903,0.6985412416499743,0.7058640959358616,0.05050779869587314,0.049225729
B0_ocp,127870.02100000001,0.7913254631561738,0.6989780379453553,0.706302243491985,0.05050500652793935,0.0492183156
B0_ocp,127960.02100000001,0.7918824378845525,0.6994694425730781,0.70679518949444,0.05049926182280161,0.0492153503
B0_ocp,128040.02100000001,0.7923775212091234,0.6999062487099769,0.7072333539715469,0.05048812890308885,0.0492020063
B0_ocp,128120.02100000001,0.7928726042476891,0.7003430526599133,0.7076714868844942,0.050479925861689784,0.0491642095
B0_ocp,128200.02100000001,0.7933676895742973,0.7007798484508315,0.7081095710316267,0.050481583557784,0.0491278879
B0_ocp,128280.02100000001,0.793862768251282,0.7012166472916372,0.7085477017542376,0.05045926032927215,0.0491464175
B0_ocp,128360.02100000001,0.7943578476432802,0.7016534528607352,0.7089858441419263,0.05046016653662973,0.0491293706
B0_ocp,128440.02100000001,0.7948529320403712,0.7020902500597663,0.7094239138464901,0.050461906263454495,0.0490752645
B0_ocp,128520.02100000001,0.7953480165089635,0.7025270431598504,0.7098619883229946,0.05045275226352265,0.0490700714
B0_ocp,128600.02100000001,0.7958430961154656,0.7029638349549486,0.7103000494090254,0.05044106562972407,0.0490411706
B0_ocp,128680.02100000001,0.7963381810845672,0.7034006265623304,0.7107381234311916,0.050434802582325605,0.04903524
B0_ocp,128760.02100000001,0.7968332636941249,0.7038374268126577,0.7111762402122109,0.05042808969919084,0.0490359776
B0_ocp,128840.02100000001,0.7973283493782396,0.7042742292689865,0.7116143337143511,0.050416919475822136,0.0490078144
B0_ocp,128930.02100000001,0.7978853178145017,0.7047656304904683,0.7121071716403445,0.05042121734800577,0.0489974357
B0_ocp,129010.02100000001,0.7983803977070093,0.7052024251858292,0.7125451972779503,0.05042880535103658,0.048942592
B0_ocp,129090.02100000001,0.7988754786720367,0.7056392241560514,0.7129832808986529,0.050423524936189144,0.0489707552
B0_ocp,129170.02100000001,0.7993705690752391,0.7060760306494481,0.7134213680378856,0.05040670040250855,0.0489373989
B0_ocp,129250.02100000001,0.7998656569043936,0.7065128352515261,0.7138594295090601,0.05042122735343306,0.0489270277
B0_ocp,129330.02100000001,0.8003607414444872,0.7069496303444935,0.7142974192448945,0.050404676588570764,0.0488640256
B0_ocp,129410.02100000001,0.8008558199784696,0.7073864157266011,0.7147353883951112,0.05039251869604733,0.0488514192
B0_ocp,129490.02100000001,0.8013509041610564,0.707823212196257,0.7151734509322654,0.05039557916207589,0.0488743968
B0_ocp,129570.02100000001,0.8018459939207468,0.7082600203523788,0.715611534523072,0.050384919394396606,0.0488640256
B0_ocp,129650.02100000001,0.802341074814273,0.7086968273713267,0.7160495760802728,0.05036594297484321,0.0488336347
B0_ocp,129730.02100000001,0.8028361546352791,0.709133629826861,0.7164875827938524,0.050357672026005273,0.0487921275
B0_ocp,129810.02100000001,0.8033312376738448,0.7095704235535562,0.716925540332335,0.050366546224678024,0.0487550683
B0_ocp,129900.02100000001,0.8038882110436983,0.7100618246974754,0.7174183316660985,0.05034154129124257,0.0487824939
B0_ocp,129980.02100000001,0.8043832979433357,0.7104986283889894,0.7178563287946932,0.05033985082895455,0.0487357937
B0_ocp,130060.02100000001,0.8048783784793553,0.710935422855042,0.7182942839874051,0.050353106929809696,0.0487046652
B0_ocp,130140.02100000001,0.805373457513847,0.7113722136813947,0.7187322272702975,0.050370537585973506,0.048685398
B0_ocp,130220.02100000001,0.8058685354043176,0.7118090100254593,0.7191702235253805,0.050359860771258105,0.0486972518
B0_ocp,130300.02100000001,0.8063636162263423,0.7122458135755301,0.7196082286321612,0.050345674265412185,0.048685398
B0_ocp,130380.02100000001,0.8068586989074016,0.7126826150640218,0.7200462012174508,0.05033647291854518,0.0486349948
B0_ocp,130460.02100000001,0.8073537817314635,0.7131194135244489,0.720484152830051,0.050333375194132446,0.0486009009
B0_ocp,130540.02100000001,0.8078488580489047,0.7135562063261042,0.720922071682554,0.05034078912004801,0.0485845916
B0_ocp,130620.02100000001,0.8083439360108764,0.7139930021022017,0.7213600307462644,0.050315094543773586,0.0485868193
B0_ocp,130700.02100000001,0.8088390134008376,0.7144298015288373,0.7217979848782774,0.050304698188803905,0.0485519804
B0_ocp,130780.02100000001,0.8093340982984378,0.7148666038014779,0.7222359540227783,0.050305211871168654,0.0485512428
B0_ocp,130870.02100000001,0.809891067449713,0.7153580094368983,0.7227286552537905,0.05027433813706661,0.0485371538
B0_ocp,130950.02100000001,0.8103861559223796,0.7157948177658892,0.7231666273385978,0.05027566288936651,0.0485252999
B0_ocp,131030.02100000001,0.8108812478271098,0.7162316267162745,0.7236045718750833,0.0502738902564952,0.0484585874
B0_ocp,131110.021,0.8113763326532086,0.7166684228556107,0.724042434927189,0.05026825765354496,0.0484133698
B0_ocp,131190.021,0.8118714156202732,0.7171052155186811,0.7244803211401728,0.050258749136048164,0.0483955853
B0_ocp,131270.021,0.8123665020194013,0.7175420098980937,0.724918211569716,0.05024606030715869,0.048365932
B0_ocp,131350.021,0.8128615853439722,0.717978809230238,0.7253561398109609,0.05023908104674516,0.0483941026
B0_ocp,131430.021,0.8133566643784639,0.7184156142724787,0.7257940690449819,0.050242035533661654,0.0483740903
B0_ocp,131510.021,0.8138517507060905,0.718852412032819,0.7262319352170536,0.050258129835027684,0.0483184941
B0_ocp,131590.021,0.8143468327436376,0.7192892018915693,0.7266697742927812,0.05023169303323243,0.0483007096
B0_ocp,131670.021,0.8148419154961981,0.7197260013979719,0.7271076969441175,0.05022659602258309,0.0483029298
B0_ocp,131750.021,0.8153370011803129,0.7201628015292795,0.7275455685492969,0.05023076941165666,0.0482458584
B0_ocp,131840.021,0.8158939695450735,0.7206541907640246,0.7280381289759338,0.050199728270273726,0.0482184328
B0_ocp,131920.021,0.8163890515111195,0.7210909917637304,0.7284760438509592,0.05022365221246366,0.0482273288
B0_ocp,132000.021,0.8168841325476482,0.7215278018524612,0.7289139624841319,0.050215636551491756,0.0482139923
B0_ocp,132080.021,0.8173792182317631,0.7219646030789634,0.7293517988200997,0.05019411478546422,0.0481665544
B0_ocp,132160.021,0.8178743036298725,0.7224014070640847,0.7297896837717963,0.05018202285249037,0.048179891
B0_ocp,132240.021,0.8183693893854888,0.7228382191714067,0.7302275817899273,0.05017921783134212,0.0481472798
B0_ocp,132320.021,0.8188644728530625,0.7232750229423889,0.7306654057744454,0.050164782939584575,0.0481028073
B0_ocp,132400.021,0.8193595593951932,0.7237118225855982,0.731103231687793,0.05014941550108996,0.048091691
B0_ocp,132480.021,0.8198546418617485,0.7241486214840913,0.7315410495733013,0.05014084662617416,0.0480487011
B0_ocp,132560.021,0.820349723327285,0.7245854164325101,0.7319788512690661,0.05016718269979448,0.0480183177
B0_ocp,132640.021,0.8208448035772992,0.7250222141009829,0.7324166793060554,0.05015902579097963,0.0480160899
B0_ocp,132720.021,0.8213398844708253,0.725459017255308,0.7328545253268393,0.050147495622837476,0.0480042286
B0_ocp,132810.021,0.8218968607722328,0.7259504217975218,0.7333470831713185,0.050157953679178205,0.0479671694
B0_ocp,132890.021,0.822391943238788,0.7263872259175028,0.7337849066150945,0.0501540961831473,0.0479449369
B0_ocp,132970.021,0.8228870205572478,0.7268240236307361,0.7342226774765184,0.050136482814636084,0.04790565
B0_ocp,133050.021,0.8233821027377978,0.7272608135322695,0.7346604270442822,0.05012488905617835,0.0478648879
B0_ocp,133130.021,0.8238771842748357,0.7276976040482006,0.735098198077199,0.05012341165625461,0.0478485785
B0_ocp,133210.021,0.8243722638098365,0.7281344018052913,0.7355360126424741,0.050093499709328436,0.0478493236
B0_ocp,133290.021,0.8248673475634156,0.72857120171221,0.7359738070302753,0.05007833406605062,0.0478048511
B0_ocp,133370.021,0.8253624298869682,0.7290079987229977,0.736411580946301,0.05007713511895414,0.0477922522
B0_ocp,133450.021,0.8258575146415659,0.7294448020539704,0.7368493955970983,0.05008983052352872,0.0477766879
B0_ocp,133530.021,0.826352597751633,0.7298816064365671,0.7372871807075256,0.05007758367676884,0.0477499999
B0_ocp,133610.021,0.8268476812192067,0.7303184012082513,0.7377249070536548,0.05005680353339481,0.0476958938
B0_ocp,133700.021,0.8274046489404553,0.7308097957931268,0.7382173843817061,0.0500397329190832,0.0476855151
B0_ocp,133780.021,0.8278997316215145,0.731246591091232,0.7386551245626904,0.05003765418447304,0.0476514213
B0_ocp,133860.021,0.8283948161616083,0.7316833825727387,0.7390928520925728,0.05005493123188181,0.0476240031
B0_ocp,133940.021,0.8288898993431765,0.7321201724297234,0.7395305712267932,0.05005230228369034,0.0475810133
B0_ocp,134020.021,0.8293849813092227,0.7325569598296585,0.7399682826576359,0.050031052250049904,0.047552105
B0_ocp,134100.021,0.8298800610587272,0.7329937478006567,0.7404060026914905,0.049999941105354107,0.0475380234
B0_ocp,134180.021,0.8303751415947467,0.7334305393708306,0.7408437408757438,0.04997410764492152,0.0475083701
B0_ocp,134260.021,0.8308702262778429,0.7338673402024762,0.7412815221319078,0.04996700660602976,0.0475157835
B0_ocp,134340.021,0.8313653130344774,0.7343041430918504,0.7417192714087869,0.04996887152036343,0.0474713109
B0_ocp,134420.021,0.8318603944285129,0.7347409405407159,0.7421569836771404,0.04997801686632528,0.0474320315
B0_ocp,134500.021,0.8323554776100812,0.7351777354883975,0.7425946865508806,0.04998725665455561,0.0474016406
B0_ocp,134580.021,0.8328505621501748,0.7356145299980629,0.743032391530053,0.0499648582547846,0.04737496
B0_ocp,134670.021,0.8334075332319855,0.736105926133525,0.7435248204811251,0.0499570097571833,0.0473519824
B0_ocp,134750.021,0.8339026151265301,0.736542724153653,0.7439625322144959,0.04996387072647416,0.0473267846
B0_ocp,134830.021,0.8343976975930851,0.7369795169043145,0.7444002013982314,0.049959597713330944,0.0472778641
B0_ocp,134910.021,0.8348927794876299,0.7374163122085132,0.7448379093781066,0.049928952250009234,0.0472741537
B0_ocp,134990.021,0.8353878620256863,0.7378531147929793,0.7452756354657478,0.04990624028678665,0.0472378395
B0_ocp,135070.021,0.8358829482103101,0.7382899178598081,0.7457133442761693,0.049894206318693665,0.0472081937
B0_ocp,135150.021,0.8363780323213955,0.7387267203996282,0.746151039863538,0.04989085550803286,0.0471852161
B0_ocp,135230.021,0.8368731168614888,0.7391635229841407,0.7465887317287208,0.04989925765826274,0.0471503772
B0_ocp,135310.021,0.837368202831609,0.7396003255239295,0.7470264161612198,0.04990180470796316,0.0471214689
B0_ocp,135390.021,0.8378632887302274,0.7400371296896395,0.747464108125136,0.04989205302693723,0.0470955186
B0_ocp,135470.021,0.8383583741998382,0.7404739336762054,0.7479017841977116,0.049849916053010604,0.0470629074
B0_ocp,135550.021,0.8388534555223721,0.7409107325711741,0.748339427998566,0.0498484981325452,0.0470139869
B0_ocp,135640.021,0.8394104245306446,0.7414021268929357,0.748831765781282,0.04985094276680644,0.0469724797
B0_ocp,135720.021,0.8399055088562342,0.7418389229841831,0.749269416161542,0.04985062670863421,0.0469613634
B0_ocp,135800.021,0.8404005938253355,0.7422757215314467,0.749707073033341,0.049846746546215376,0.0469250493
B0_ocp,135880.021,0.8408956785799327,0.7427125216152175,0.7501447306195058,0.04983491558619764,0.0468946584
B0_ocp,135960.021,0.841390764192546,0.7431493226633658,0.7505823834183849,0.049818658154980676,0.0468635298
B0_ocp,136040.021,0.8418858503056685,0.7435861242386967,0.7510200326433092,0.04980849736040116,0.046824988
B0_ocp,136120.021,0.8423809349887647,0.744022925768987,0.7514576737121192,0.04981142400681924,0.0467990451
B0_ocp,136200.021,0.8428760180988318,0.7444597273443497,0.7518953119550408,0.04980848904837227,0.0467716195
B0_ocp,136280.021,0.8433711014234029,0.7448965283473781,0.7523329401582166,0.049785147342027325,0.0467382632
B0_ocp,136360.021,0.8438661874650245,0.7453333283861864,0.7527705621678132,0.049766881446123415,0.0466878675
B0_ocp,136440.021,0.8443612702175851,0.7457701305340421,0.753208196252034,0.049783618148884316,0.0466693379
B0_ocp,136520.021,0.8448563564022091,0.7462069367193216,0.7536458429269717,0.04974356151578256,0.0466567315
B0_ocp,136610.021,0.8454133302725716,0.746698347027218,0.7541381944351292,0.04973052513765518,0.0466137491
B0_ocp,136690.021,0.8459084154561771,0.747135152940938,0.754575802376076,0.04973194854336289,0.0465648286
B0_ocp,136770.021,0.8464035003537772,0.7475719518344623,0.7550133766864182,0.04972936101614682,0.0465070121
B0_ocp,136850.021,0.8468985839643537,0.7480087520546572,0.7554509801016074,0.049718652168525744,0.0464981161
B0_ocp,136930.021,0.8473936690049566,0.7484455498025155,0.7558885513884142,0.049699994866883146,0.0464425273
B0_ocp,137010.021,0.8478887524725301,0.748882347040357,0.7563261417918437,0.04969048093357595,0.0464188121
B0_ocp,137090.021,0.8483838372271276,0.7493191469882807,0.7567637327721346,0.049699793238977726,0.0463854559
B0_ocp,137170.021,0.8488789247702769,0.7497559465906305,0.7572013207561097,0.04966759680867347,0.0463617407
B0_ocp,137250.021,0.8493740040907738,0.750192749748472,0.7576389234882471,0.04967872119096742,0.0463194884
B0_ocp,137330.021,0.8498690877013498,0.7506295453400739,0.7580764586022148,0.04968852247427405,0.0462461151
B0_ocp,137410.021,0.8503641710259211,0.7510663417516638,0.7585140386011261,0.049660496889878315,0.0462513007
B0_ocp,137490.021,0.8508592552800093,0.7515031410349867,0.7589516056516148,0.04963516284415474,0.0461808853
B0_ocp,137580.021,0.8514162286498625,0.7519945407582925,0.7594438832403825,0.04964290129608098,0.0461705141
B0_ocp,137660.021,0.8519113132614573,0.7524313437337784,0.759881460101129,0.04964498994899258,0.0461141802
B0_ocp,137740.021,0.8524064024491372,0.7528681447819268,0.7603190209025071,0.049625204266478484,0.046086017
B0_ocp,137820.021,0.8529014858452093,0.7533049474126896,0.7607565901727091,0.04961798065367282,0.0460697077
B0_ocp,137900.021,0.8533965685977698,0.75374175043375,0.7611941503489774,0.049588279469032166,0.0460141115
B0_ocp,137980.021,0.8538916600019908,0.7541785519636681,0.7616316985916575,0.0495612362365812,0.0459800176
B0_ocp,138060.021,0.8543867507626997,0.7546153572325106,0.7620692718669111,0.04954813394042036,0.0459503718
B0_ocp,138140.021,0.8548818383773502,0.7550521589689406,0.7625067977093012,0.0495646811698608,0.0458777361
B0_ocp,138220.021,0.8553769262780061,0.7554889624029589,0.7629443596751437,0.04953689941495153,0.0458673574
B0_ocp,138300.021,0.8558720110326039,0.7559257682681557,0.7633819049270094,0.04952120840301527,0.0458206646
B0_ocp,138380.021,0.8563670996482728,0.7563625703716078,0.7638194331971361,0.049531285490823376,0.0457806326
B0_ocp,138460.021,0.8568621845458732,0.7567993660510821,0.7642569174284073,0.049526404308041075,0.0457228236
B0_ocp,138550.021,0.8574191560566921,0.7572907589177872,0.7647491107992822,0.04950043020698077,0.0456842817
B0_ocp,138630.021,0.8579142425273213,0.7577275579933208,0.7651866413397996,0.049476416084333674,0.0456427746
B0_ocp,138710.021,0.8584093266384069,0.7581643532826545,0.7656241330103939,0.04945936712573738,0.0455931164
B0_ocp,138790.021,0.8589044183286331,0.7586011500424974,0.7660616522955286,0.049455447162147496,0.0455745868
B0_ocp,138870.021,0.8593994999371722,0.7590379542109946,0.766499197873453,0.049474732199722794,0.0455382653
B0_ocp,138950.021,0.8598945824752287,0.7594747513337784,0.7669366721853446,0.04946984574997289,0.0454582162
B0_ocp,139030.021,0.8603896665148131,0.7599115487144114,0.7673741830314575,0.0494429355080284,0.0454530306
B0_ocp,139110.021,0.860884750268392,0.7603483527443174,0.7678117094265551,0.04942638653107533,0.045403365
B0_ocp,139190.021,0.8613798343794777,0.7607851500051472,0.7682491787609856,0.04940582658867265,0.0453359149
B0_ocp,139270.021,0.8618749207071044,0.7612219472475825,0.7686866728379758,0.0493856583729542,0.0453070067
B0_ocp,139350.021,0.8623700072492351,0.7616587530000293,0.7691242057144185,0.049370900744651,0.0452892222
B0_ocp,139430.021,0.8628650960794081,0.762095557372091,0.769561698723168,0.04937537603894598,0.0452121384
B0_ocp,139520.021,0.863422068233739,0.7625869621402592,0.7700538879405883,0.04936742505915212,0.0451869331
B0_ocp,139600.021,0.8639171542038591,0.7630237633910516,0.7704913512338014,0.049347923533563466,0.0451061465
B0_ocp,139680.021,0.8644122425335229,0.763460558383159,0.7709287971010361,0.0493321910197371,0.0450564884
B0_ocp,139760.021,0.864907328289139,0.763897362878122,0.7713663164466584,0.04935520661361404,0.0450564884
B0_ocp,139840.021,0.8654024184063359,0.764334170230873,0.7718038069390596,0.04931783406947543,0.0449845903
B0_ocp,139920.021,0.8658975023029175,0.7647709765121186,0.7722412964018361,0.049312632917392525,0.0449593924
B0_ocp,140000.021,0.8663925939931436,0.7652077840043978,0.7726787757962296,0.049320909272940874,0.0448971279
B0_ocp,140080.021,0.8668876818937996,0.7656445933139304,0.7731162690151823,0.04930958345159531,0.0448778607
B0_ocp,140160.021,0.8673827669344026,0.7660814043620828,0.7735537518951696,0.049300350722146405,0.0448178239
B0_ocp,140240.021,0.8678778509024857,0.7665182055644075,0.7739911674620585,0.04928616722819182,0.0447525941
B0_ocp,140320.021,0.8683729337265473,0.7669549969069072,0.7744285567114381,0.04926182199083668,0.0446910746
B0_ocp,140400.021,0.8688680206976859,0.7673917905956074,0.7748659909764619,0.04922172712071035,0.0446547531
B0_ocp,140490.021,0.8694249912074862,0.7678831865960729,0.7753581083237122,0.04923495944932899,0.0445895307
B0_ocp,140570.021,0.8699200754615743,0.7683199895097717,0.7757955884901493,0.049233046081888006,0.0445650704
B0_ocp,140650.021,0.8704151657932754,0.7687567996419816,0.7762330756311606,0.04921305954664385,0.044525791
B0_ocp,140730.021,0.8709102524069073,0.7691936013239604,0.7766704858838749,0.04917153480040707,0.0444301702
B0_ocp,140810.021,0.8714053378050169,0.7696303958348842,0.7771078829756446,0.04917388605410524,0.0443908907
B0_ocp,140890.021,0.8719004246331532,0.77006719346786,0.7775453122997262,0.049158240419506075,0.0443493836
B0_ocp,140970.021,0.8723955155368647,0.7705040009013353,0.7779827944134646,0.04913439361002177,0.0443204753
B0_ocp,141050.021,0.8728906026510062,0.7709408050349708,0.7784202093512491,0.049116857821637126,0.0442352407
B0_ocp,141130.021,0.8733856864760864,0.7713776016117515,0.7788576041855284,0.04913410323577239,0.0441937335
B0_ocp,141210.021,0.8738807722317025,0.7718144049142946,0.7792950498518526,0.04913786901726629,0.0441640876
B0_ocp,141290.021,0.8743758619198915,0.7722512124995661,0.7797324951770046,0.049129462777349045,0.0441107191
B0_ocp,141370.021,0.8748709474610036,0.7726880233016831,0.7801699500134991,0.049109971795268895,0.0440625437
B0_ocp,141460.021,0.8754279243344216,0.7731794333335493,0.7806620449337042,0.04909870252214379,0.0439787842
B0_ocp,141540.021,0.8759230118060695,0.7736162437494588,0.7810994862608653,0.04907064745987682,0.0439565443
B0_ocp,141620.021,0.8764181013512559,0.7740530572960673,0.7815369207774928,0.049049300891651916,0.0438957699
B0_ocp,141700.021,0.8769131858913494,0.7744898679092717,0.7819743334228069,0.04904820897523348,0.0438468494
B0_ocp,141780.021,0.8774082767950608,0.7749266738145782,0.7824117161951407,0.049025414027143846,0.0437668003
B0_ocp,141860.021,0.8779033649817221,0.7753634822126301,0.7828491354669957,0.04902028446402204,0.0437401198
B0_ocp,141940.021,0.8783984532398846,0.7758002926834207,0.7832865430849878,0.049005704645786984,0.0436763801
B0_ocp,142020.021,0.878893538637994,0.7762371024296827,0.7837239504508464,0.048970358305320434,0.0436407961
B0_ocp,142100.021,0.8793886302567188,0.7766739050688031,0.7841612991915917,0.04895846066402818,0.0435451828
B0_ocp,142180.021,0.8798837181573747,0.7771107106774566,0.7845987089462015,0.04894698943681659,0.0435236879
B0_ocp,142260.021,0.880378805057012,0.7775475205241146,0.7850361051188803,0.04893315935046934,0.0434429012
B0_ocp,142340.021,0.8808738948167023,0.7779843309420879,0.785473514537179,0.048914352053057976,0.0434117727
B0_ocp,142430.021,0.8814308686155636,0.7784757450164764,0.7859655852797809,0.04889518153718515,0.0433361717
B0_ocp,142510.021,0.8819259583037524,0.7789125557249073,0.7864029730847493,0.04888298077454809,0.0432916991
B0_ocp,142590.021,0.8824210453463923,0.7793493668187222,0.7868403568396265,0.048868297484136326,0.0432375856
B0_ocp,142670.021,0.8829161309590057,0.7797861716653816,0.7872776989145013,0.04884956419680551,0.0431516059
B0_ocp,142750.021,0.8834112220057199,0.7802229791042079,0.7877150841945163,0.04882947037272989,0.0431189947
B0_ocp,142830.021,0.883906309262864,0.7806597832305724,0.7881524195283036,0.04882502280058526,0.0430233814
B0_ocp,142910.021,0.8844013990940558,0.78109658509458,0.7885897759457168,0.04882094640905767,0.0429900251
B0_ocp,142990.021,0.8848964839201547,0.7815333947939843,0.7890271663654665,0.048812665692036766,0.0429344364
B0_ocp,143070.021,0.8853915788279405,0.7819702038209655,0.7894645319087116,0.04880975901094516,0.0428699516
B0_ocp,143150.021,0.8858866621525118,0.7824070066958757,0.7899018585416675,0.0487934818984903,0.0427817516
B0_ocp,143230.021,0.8863817501246688,0.7828438094260873,0.7903392060807801,0.048768716595536575,0.0427521057
B0_ocp,143320.021,0.8869387194189466,0.7833352198300577,0.7908312570024241,0.04873919019664815,0.0426779874
B0_ocp,143400.021,0.887433814970244,0.7837720282799456,0.7912686064974543,0.048729006039972905,0.0426127575
B0_ocp,143480.021,0.8879289040149211,0.7842088365378487,0.7917059630140884,0.048725387152375656,0.042577181
B0_ocp,143560.021,0.8884239914150674,0.7846456429206503,0.7921432938982658,0.04871728232239601,0.042480085
B0_ocp,143640.021,0.8889190783862063,0.7850824465644424,0.7925806225871064,0.048703847405710696,0.0424296819
B0_ocp,143720.021,0.8894141701479337,0.7855192505923806,0.7930179524263903,0.04868317632845294,0.0423570462
B0_ocp,143800.021,0.8899092584060961,0.785956051015194,0.7934552605464451,0.048641062886159984,0.0422895961
B0_ocp,143880.021,0.8904043468787627,0.7863928522082471,0.793892587632473,0.048620722866280636,0.0422295593
B0_ocp,143960.021,0.8908994407140287,0.7868296631593167,0.7943299681981006,0.04861760749656635,0.0421925001
B0_ocp,144040.021,0.8913945279711727,0.7872664671355104,0.7947672598241746,0.04858799777392446,0.0420790948
B0_ocp,144120.021,0.8918896130117757,0.7877032686193349,0.795204583054972,0.04856928596879109,0.0420553796
B0_ocp,144200.021,0.892384701698946,0.7881400782226533,0.7956419338953568,0.0485557634273165,0.0419849642
B0_ocp,144290.021,0.8929416777858497,0.7886314855289764,0.796133914514481,0.048546948711527114,0.0418834202
B0_ocp,144370.021,0.8934367705485954,0.7890682927787235,0.796571243556011,0.04855186455112251,0.041846361
B0_ocp,144450.021,0.8939318634543442,0.7895050955056699,0.7970085282784823,0.0485390801019225,0.0417425893
B0_ocp,144530.021,0.894426954000549,0.7899418941519457,0.7974458154544424,0.04851715733139457,0.0416973792
B0_ocp,144610.021,0.8949220406856825,0.7903786957290773,0.7978831216528267,0.04848664081695276,0.0416239984
B0_ocp,144690.021,0.8954171313748902,0.7908155036055808,0.7983204637006167,0.04845174307991705,0.0415750854
B0_ocp,144770.021,0.8959122143419546,0.7912523162367926,0.7987578041238657,0.048441663994391516,0.0415157862
B0_ocp,144850.021,0.8964073051026634,0.7916891252134608,0.7991951066479462,0.048445749916430865,0.0414275862
B0_ocp,144930.021,0.8969023930748208,0.7921259328954754,0.7996324107967214,0.048449664430430514,0.0413831137
B0_ocp,145010.021,0.8973974876250999,0.7925627351403953,0.8000696736744577,0.04841909854346471,0.0412719361
B0_ocp,145090.021,0.8978925730947107,0.7929995374909404,0.8005069680244028,0.04838037764182983,0.0412370972
B0_ocp,145170.021,0.8983876611383693,0.7934363477209068,0.800944295276032,0.0483620901714161,0.0411681645
B0_ocp,145260.021,0.8989446362957557,0.7939277519258047,0.8014362154164556,0.048355890136584305,0.0410577245
B0_ocp,145340.021,0.8994397267704595,0.7943645553353239,0.8018735088974944,0.04832726325165184,0.0410177
B0_ocp,145420.021,0.8999348193902029,0.7948013654675338,0.8023108229227327,0.048307554116232956,0.0409458093
B0_ocp,145500.021,0.900429908649384,0.7952381666036183,0.8027480627499295,0.048306339583623285,0.0408294387
B0_ocp,145580.021,0.9009249902579233,0.79567496063545,0.8031852958318616,0.04829756377897809,0.0407553203
B0_ocp,145660.021,0.9014200764425474,0.7961117598613225,0.8036225755630272,0.048260037977014475,0.0407138132
B0_ocp,145740.021,0.9019151646292087,0.7965485671620605,0.8040598893372164,0.048253138329883434,0.0406611897
B0_ocp,145820.021,0.9024102573204534,0.7969853788328671,0.8044972006185551,0.048239310612791596,0.04057521
B0_ocp,145900.021,0.9029053470086424,0.7974221851617338,0.8049344592580354,0.04821757321230881,0.0404758863
B0_ocp,145980.021,0.9034004340512823,0.7978589862098823,0.8053717047781239,0.04818464908766491,0.040406961
B0_ocp,146060.021,0.9038955213084265,0.7982957899045896,0.8058089767422097,0.04816800307931861,0.0403417312
B0_ocp,146140.021,0.9043906097095914,0.7987325965287689,0.8062462557388845,0.048149024249941205,0.0402579717
B0_ocp,146230.021,0.9049475849384792,0.7992240086630777,0.8067382135344499,0.048128859312499675,0.0401719995
B0_ocp,146310.021,0.9054426763427,0.799660812774642,0.8071754409361592,0.04811527415545853,0.0400867574
B0_ocp,146390.021,0.9059377691054459,0.8000976162369521,0.807612704304297,0.048091635600562746,0.0400333963
B0_ocp,146470.021,0.9064328593656454,0.8005344289667192,0.8080500036957969,0.04808452616313379,0.0399629809
B0_ocp,146550.021,0.9069279530579086,0.8009712373126261,0.8084872501004615,0.04807699971727235,0.0398688503
B0_ocp,146630.021,0.9074230451056414,0.8014080424972256,0.8089244954533175,0.04805560802749759,0.0397806503
B0_ocp,146710.021,0.9079181367958676,0.8018448437773427,0.8093617123115346,0.04801233231645511,0.0396842919
B0_ocp,146790.021,0.908413222837489,0.8022816461325496,0.8097989624163531,0.048007591942972806,0.0396235101
B0_ocp,146870.021,0.9089083116676621,0.8027184547755775,0.8102362329805468,0.048014885542264754,0.039547164
B0_ocp,146950.021,0.9094034012128486,0.8031552665460305,0.8106735093228234,0.04800510065414896,0.0394804589
B0_ocp,147030.021,0.9098984871114673,0.8035920796565309,0.8111107745686215,0.047963381522270504,0.0393870659
B0_ocp,147110.021,0.9103935718660648,0.8040288896892063,0.8115480145553056,0.04792075356535788,0.0393003486
B0_ocp,147200.021,0.9109505425188676,0.8045203017764498,0.8120399234200468,0.04788778346319324,0.0392254926
B0_ocp,147280.021,0.9114456306340276,0.8049571059335944,0.8124771200800518,0.04788051153531186,0.0391113423
B0_ocp,147360.021,0.9119407174621634,0.8053939035238791,0.8129143124434038,0.04785047592808352,0.0390298106
B0_ocp,147440.021,0.9124358051483152,0.8058307052015025,0.8133515413936124,0.047864583108964256,0.0389556922
B0_ocp,147520.021,0.9129308919764513,0.8062675087480214,0.8137887702407745,0.047855670508439384,0.0388645269
B0_ocp,147600.021,0.9134259788760887,0.8067043107555132,0.814225985439246,0.04780987922505235,0.0387844779
B0_ocp,147680.021,0.9139210664192381,0.8071411112739741,0.8146631945986154,0.04780061014034749,0.0386925675
B0_ocp,147760.021,0.9144161582524669,0.8075779171395491,0.8151004428533645,0.04776287993348061,0.0386184491
B0_ocp,147840.021,0.9149112451521042,0.8080147198055062,0.8155376402014634,0.0477453660631767,0.0385057889
B0_ocp,147920.021,0.9154063311222245,0.8084515174463327,0.8159748331433768,0.04776125134132295,0.0384361111
B0_ocp,148000.021,0.9159014193088857,0.8088883153660906,0.8164120281247874,0.0477201526730946,0.0383382775
B0_ocp,148080.021,0.9163965050645019,0.8093251219631695,0.8168492887644903,0.04770109519045146,0.038276758
B0_ocp,148170.021,0.9169534785773579,0.8098165301095374,0.8173411541681224,0.047672002819699945,0.0381529815
B0_ocp,148250.021,0.9174485624024383,0.8102533286091839,0.8177783312484055,0.04763533191319539,0.0380655192
B0_ocp,148330.021,0.917943645154999,0.8106901276889931,0.818215526065244,0.047627094490094224,0.0379773118
B0_ocp,148410.021,0.9184387276930556,0.8111269303770989,0.8186527426138126,0.047603914516344104,0.0378920771
B0_ocp,148490.021,0.9189338202412975,0.8115637391717571,0.8190899839011705,0.04757894553708607,0.0378209241
B0_ocp,148570.021,0.9194289092859746,0.812000543904086,0.8195271711198703,0.047556336996421485,0.0376971401
B0_ocp,148650.021,0.9199239989741635,0.8124373413942971,0.8199643356623476,0.04753616593813073,0.0376067124
B0_ocp,148730.021,0.9204190853017904,0.8128741447643147,0.8204015535675897,0.04752453949128367,0.0375318564
B0_ocp,148810.021,0.9209141738459584,0.8133109459378658,0.8208387276610754,0.04750140465148098,0.0374147482
B0_ocp,148890.021,0.9214092609600997,0.8137477446904,0.8212759121285095,0.04746376778261474,0.0373465605
B0_ocp,148970.021,0.9219043460722038,0.8141845472272355,0.821713110065179,0.04745552069181858,0.0372405685
B0_ocp,149050.021,0.9223994346163716,0.8146213529948093,0.8221503239881573,0.04743991614696775,0.0371382795
B0_ocp,149140.021,0.9229564071282091,0.8151127567431288,0.8226421478333972,0.04741619519940474,0.0370159782
B0_ocp,149220.021,0.9234514948143611,0.8155495510528848,0.8230792835670293,0.04738948099343189,0.0369203649
B0_ocp,149300.021,0.9239465816424973,0.8159863552594457,0.8235165125251873,0.047355533565601945,0.0368632935
B0_ocp,149380.021,0.9244416696146545,0.816423161375966,0.8239536961160383,0.04734044057853704,0.0367276557
B0_ocp,149460.021,0.9249367565142919,0.8168599615674192,0.8243908637608865,0.04732951024033498,0.036651317
B0_ocp,149540.021,0.9254318459164756,0.8172967577425568,0.8248280014402833,0.04731623143464741,0.0365238301
B0_ocp,149620.021,0.9259269328161129,0.8177335498085624,0.8252651423954307,0.047288474419427615,0.0364222862
B0_ocp,149700.021,0.926422018786233,0.8181703517438652,0.8257023519357062,0.047246370793762545,0.0363481604
B0_ocp,149780.021,0.926917109332438,0.8186071529139152,0.8261395143389201,0.04723257385337101,0.0362214185
B0_ocp,149860.021,0.9274121986631204,0.819043956440423,0.8265767139757701,0.04723606543159647,0.0361613818
B0_ocp,149940.021,0.927907286277771,0.8194807643494997,0.8270139046061459,0.04720005213652672,0.0360368602
B0_ocp,150020.021,0.9284023748219388,0.8199175657744364,0.8274510534952597,0.04716271077429718,0.0359338336
B0_ocp,150110.021,0.9289593439732139,0.820408965867484,0.8279428535962463,0.04713709943371371,0.0358100571
B0_ocp,150190.021,0.9294544327318855,0.8208457690367839,0.828380029059128,0.04711660930577716,0.035712216
B0_ocp,150270.021,0.9299495197745256,0.8212825730616785,0.8288171971831158,0.04707197706083449,0.0356091894
B0_ocp,150350.021,0.9304446083186934,0.8217193798407955,0.8292543824395747,0.047049003746154505,0.0355180241
B0_ocp,150430.021,0.9309396952898319,0.822156185199889,0.8296915381214953,0.04702718133213586,0.0353905372
B0_ocp,150510.021,0.9314347814029543,0.8225929857176714,0.8301286756784566,0.04700565976969232,0.0352971442
B0_ocp,150590.021,0.9319298684455941,0.8230297857564793,0.8305658190599208,0.04698376638938328,0.0351822637
B0_ocp,150670.021,0.9324249594923083,0.8234665910993417,0.8310029996847101,0.04696078974267102,0.0350814573
B0_ocp,150750.021,0.9329200479649749,0.8239034001707021,0.8314401775984832,0.046942140350019396,0.0349821411
B0_ocp,150830.021,0.933415135722628,0.8243402051015646,0.8318773199718974,0.046921920432498994,0.0348657705
B0_ocp,150910.021,0.933910222979772,0.8247770034458021,0.8323144316011882,0.04688077004922062,0.0347427316
B0_ocp,150990.021,0.9344053066618497,0.8252138063951753,0.8327515977076658,0.0468617822717627,0.0346567519
B0_ocp,151080.021,0.9349622846792891,0.8257052130528445,0.8332433955052111,0.04684765466012154,0.0345151834
B0_ocp,151160.021,0.9354573670743429,0.8261420135187545,0.8336805184385858,0.04683094009382983,0.0343980752
B0_ocp,151240.021,0.9359524510424261,0.8265788205064142,0.834117696606328,0.046798293809939495,0.0343024619
B0_ocp,151320.021,0.9364475399441006,0.8270156314925919,0.8345548639118676,0.04674706764884438,0.0341816507
B0_ocp,151400.021,0.936942626629234,0.8274524380143651,0.834991999410498,0.046718699762502675,0.0340630598
B0_ocp,151480.021,0.9374377123133488,0.8278892446916905,0.8354291441070145,0.046700955098678984,0.0339563228
B0_ocp,151560.021,0.9379327967819413,0.8283260464377163,0.8358662496588963,0.0466806228711519,0.0338154919
B0_ocp,151640.021,0.9384278790339923,0.8287628450923921,0.8363033630947296,0.0466609368731771,0.0337006114
B0_ocp,151720.021,0.9389229667201441,0.829199644548544,0.8367404806942628,0.04663072406966142,0.0335842408
B0_ocp,151800.021,0.9394180508312298,0.8296364367311307,0.8371775553294553,0.04659831718522487,0.0334404521
B0_ocp,151880.021,0.9399131354428248,0.8300732353240472,0.8376147052727322,0.04657280453161552,0.0333500244
B0_ocp,151960.021,0.9404082177663772,0.8305100444469169,0.8380518791775978,0.04654877749405946,0.0332410671
B0_ocp,152050.021,0.9409651884191802,0.831001443446542,0.8385436008533121,0.04650799612394693,0.0330631845
B0_ocp,152130.021,0.9414602703137248,0.8314382429457822,0.8389807325470271,0.046470169334341706,0.0329801627
B0_ocp,152210.021,0.9419553577138714,0.8318750473437947,0.8394178656929692,0.04644001266261501,0.0328245126
B0_ocp,152290.021,0.9424504443275035,0.8323118462642443,0.8398549642053044,0.04641860491275927,0.0327029563
B0_ocp,152370.021,0.9429455312986421,0.8327486427430837,0.8402920597681152,0.04639563529256241,0.0325717665
B0_ocp,152450.021,0.9434406162677437,0.8331854371486148,0.8407291486942837,0.04636957739769835,0.0324368738
B0_ocp,152530.021,0.9439357089589883,0.8336222381019783,0.8411662915307343,0.046338240573566586,0.032359045
B0_ocp,152610.021,0.9444308000057022,0.8340590494076211,0.8416034658918992,0.04630686000900286,0.0322560184
B0_ocp,152690.021,0.9449258913384215,0.8344958561286012,0.8420405753771307,0.04627665448517276,0.0320507027
B0_ocp,152770.021,0.9454209776660484,0.8349326614880723,0.8424776997844554,0.04624660449867377,0.0319476761
B0_ocp,152850.021,0.9459160672112348,0.8353694710881927,0.8429148351502204,0.04621574932375124,0.0318335332
B0_ocp,152940.021,0.9464730474452151,0.835860877200451,0.843406573088103,0.04619240001086754,0.0316474997
B0_ocp,153020.021,0.946968134916863,0.8362976739365388,0.8438436309426756,0.046161002146561686,0.0314940698
B0_ocp,153100.021,0.9474632221740069,0.8367344738830873,0.8442807433647559,0.046137016206416706,0.0313903056
B0_ocp,153180.021,0.9479583120051986,0.8371712847125874,0.8447179002441878,0.04611735919158712,0.0312724523
B0_ocp,153260.021,0.9484533972603055,0.8376080898345779,0.8451549854360964,0.046056386383981275,0.0311056804
B0_ocp,153340.021,0.9489484872344998,0.8380448948288891,0.8455921025649689,0.046024858446572815,0.0309937615
B0_ocp,153420.021,0.949443575850169,0.8384817016571986,0.8460292051441034,0.0459958781975637,0.0308366287
B0_ocp,153500.021,0.9499386617487876,0.8389185015855588,0.8464662744149545,0.04596465224462822,0.0306854229
B0_ocp,153580.021,0.9504337507219633,0.8393553043959593,0.8469033803698747,0.0459479002092034,0.0305586811
B0_ocp,153660.021,0.9509288409821631,0.8397921077852419,0.847340471385658,0.045917573145902314,0.0303956177
B0_ocp,153740.021,0.951423931528368,0.8402289115362931,0.8477775742473466,0.045886581552845945,0.0302747991
B0_ocp,153820.021,0.9519190197150293,0.8406657165206878,0.8482146709917895,0.04586092268628626,0.0301228557
B0_ocp,153910.021,0.9524759899388244,0.8411571276657621,0.8487064432168112,0.0458315263752208,0.0299805459
B0_ocp,153990.021,0.9529710806995331,0.8415939322119038,0.8491435042854996,0.04579561630255781,0.0298100729
B0_ocp,154070.021,0.9534661677421732,0.8420307314830798,0.8495805739490734,0.04576200883810179,0.0296766553
B0_ocp,154150.021,0.9539612578593701,0.8424675371447569,0.8500176798591759,0.045730371604755876,0.0295232292
B0_ocp,154230.021,0.9544563449735115,0.8429043447771186,0.8504547839063686,0.04569057592983287,0.029390553
B0_ocp,154310.021,0.9549514377362576,0.8433411571134403,0.8508919102531851,0.04565418048271109,0.0292497259
B0_ocp,154390.021,0.9554465290689771,0.8437779659162303,0.8513289868118717,0.045628258924485854,0.0290688742
B0_ocp,154470.021,0.955941615468105,0.8442147663920477,0.8517660330441745,0.04560896571970688,0.028928047
B0_ocp,154550.021,0.9564367023677421,0.8446515675292006,0.85220310386763,0.04556479143207786,0.0287738796
B0_ocp,154630.021,0.9569317886238674,0.8450883732291564,0.8526402007123145,0.045536605863614854,0.0286300872
B0_ocp,154710.021,0.9574268728064544,0.8455251792373425,0.8530772827692106,0.04550786392192851,0.0284610931
B0_ocp,154790.021,0.9579219585620707,0.8459619780529872,0.8535143199490547,0.0454729802317619,0.0282883924
B0_ocp,154880.021,0.9584789308594043,0.8464533771720929,0.8540060222597637,0.04543347721009866,0.0281275567
B0_ocp,154960.021,0.9589740188315615,0.846890184926551,0.8544431326536619,0.045379083734241835,0.0279807989
B0_ocp,155040.021,0.9594691083052463,0.8473269876648261,0.8548801816430038,0.04534027748562511,0.0277947579
B0_ocp,155120.021,0.9599641914868149,0.8477637868564932,0.8553172383278085,0.0453115270943689,0.0276354011
B0_ocp,155200.021,0.9604592765989189,0.8482005872998688,0.8557542968673514,0.04527065776011691,0.0274760444
B0_ocp,155280.021,0.9609543559194158,0.8486373811244652,0.8561913185708123,0.045240094174182954,0.0273011196
B0_ocp,155360.021,0.9614494423185438,0.8490741768360416,0.8566283789077449,0.045209585215206474,0.0271514002
B0_ocp,155440.021,0.9619445332222555,0.8495109831237707,0.857065490923157,0.045175794505864,0.0269942675
B0_ocp,155520.021,0.962439616403824,0.8499477848382956,0.857502534356147,0.04513162274740629,0.0268008169
B0_ocp,155600.021,0.9629347002289045,0.8503845814761793,0.8579395766100096,0.045077118721683615,0.0266392361
B0_ocp,155680.021,0.9634297899170936,0.8508213862244042,0.8583766703095728,0.04504858598461539,0.0264909919
B0_ocp,155760.021,0.9639248769597335,0.8512581880536438,0.8588137155044611,0.045035730416696104,0.0262938347
B0_ocp,155850.021,0.9644818459680059,0.8517495905737176,0.8593054193667439,0.04497144986351611,0.0261203963
B0_ocp,155930.021,0.9649769350841845,0.8521863939745087,0.8597424743005334,0.04491929839028625,0.025933614
B0_ocp,156010.021,0.965472026631408,0.852623192514461,0.8601795099683727,0.0448892929731091,0.025758693
B0_ocp,156090.021,0.965967113674048,0.8530599936217811,0.8606165695250938,0.044861363033513346,0.0255822893
B0_ocp,156170.021,0.9664622074378125,0.8534967987650282,0.8610536456172251,0.04480258775154163,0.0254177433
B0_ocp,156250.021,0.9669572939084418,0.8539336089817133,0.8614907390857564,0.04477155765515165,0.0252457839
B0_ocp,156330.021,0.9674523857416706,0.8543704164395775,0.861927790714333,0.04473415745654666,0.0250671562
B0_ocp,156410.021,0.9679474719977961,0.8548072159068277,0.8623648058409734,0.044692538994618176,0.0248648096
B0_ocp,156490.021,0.9684425613999799,0.8552440206831364,0.8628018789739966,0.04465631411535569,0.0247276891
B0_ocp,156570.021,0.9689376510881689,0.8556808261083699,0.8632389263906799,0.04463365251313623,0.0245194156
B0_ocp,156650.021,0.9694327439939177,0.8561176220357296,0.8636759253235851,0.04459160813739403,0.0243304092
B0_ocp,156730.021,0.9699278360416503,0.8565544181089297,0.8641129529063605,0.04453595193509955,0.0241577085
B0_ocp,156820.021,0.9704848187781773,0.8570458262655124,0.8646046844796647,0.04448500418665795,0.0239716712
B0_ocp,156900.021,0.9709799116839261,0.8574826404128297,0.8650417784565263,0.0444500550127628,0.0237804409
B0_ocp,156980.021,0.9714750043036692,0.8579194556347403,0.8654788621165981,0.044412985720860665,0.0235921796
B0_ocp,157060.021,0.9719700937773542,0.8583562645914868,0.8659158886513113,0.044376136501336864,0.0233742651
B0_ocp,157140.021,0.972465185825087,0.8587930687278057,0.866352914915391,0.044340044174493734,0.0231904481
B0_ocp,157220.021,0.9729602783018277,0.859229876860689,0.8667899698147048,0.044282865166491894,0.0230199751
B0_ocp,157300.021,0.973455368562027,0.8596666875255833,0.8672270316681501,0.0442486556824703,0.0228376407
B0_ocp,157380.021,0.9739504593227359,0.8601034935123243,0.8676640502904576,0.04421933890289532,0.0226189885
B0_ocp,157460.021,0.9744455516564737,0.8605402976580082,0.8681010815751309,0.04417523076925238,0.0224329475
B0_ocp,157540.021,0.9749406398431352,0.8609771026932417,0.8685381115964493,0.04412822314764711,0.0222254116
B0_ocp,157620.021,0.9754357318908679,0.8614139109037157,0.8689751704338029,0.044090801262671696,0.0220564175
B0_ocp,157700.021,0.9759308175034811,0.8618507209736247,0.8694122160926233,0.04405465641291183,0.0218192358
B0_ocp,157790.021,0.9764877912308411,0.8623421289799887,0.8699038763652573,0.044000557947880894,0.0216072556
B0_ocp,157870.021,0.9769828857811199,0.8627789324834402,0.8703408838842872,0.04393813664795057,0.0213737804
B0_ocp,157950.021,0.9774779806889056,0.8632157315129081,0.8707778824922391,0.04388859454211673,0.0211706888
B0_ocp,158030.021,0.9779730688040658,0.8636525341238774,0.8712149161637024,0.04384686679481162,0.0209750142
B0_ocp,158110.021,0.9784681647843714,0.864089343798142,0.8716519814115573,0.0438079625019594,0.0207741503
B0_ocp,158190.021,0.9789632576186189,0.864526156447329,0.8720890393616232,0.04376715065343931,0.0205584634
B0_ocp,158270.021,0.9794583524549035,0.8649629670660053,0.8725260735684075,0.04372469386532056,0.0203272123
B0_ocp,158350.021,0.9799534429296072,0.8653997751680195,0.8729630951177745,0.04367604175900758,0.020118935
B0_ocp,158430.021,0.9804485379803957,0.8658365863531077,0.8734001438141417,0.04361518656348149,0.0199076924
B0_ocp,158510.021,0.9809436313151525,0.8662733954145244,0.8738371593964274,0.04356425370157358,0.0196749587
B0_ocp,158590.021,0.9814387205743336,0.8667101989908168,0.874274158144105,0.04353318367400967,0.0194577891
B0_ocp,158670.021,0.9819338115495465,0.8671470045943749,0.8747111805306216,0.04350188758408892,0.0192465466
B0_ocp,158760.021,0.9824907887804716,0.8676384097237781,0.875202815843221,0.04343690870679497,0.0189797189
B0_ocp,158840.021,0.9829858821152281,0.8680752107644754,0.8756398104041554,0.043367624673082,0.0187492054
B0_ocp,158920.021,0.9834809677278415,0.8685120168997373,0.8760768496370221,0.04333396710878619,0.0185557511
B0_ocp,159000.021,0.9839760561290065,0.8689488224328189,0.8765138577440145,0.04330172210540197,0.0182874408
B0_ocp,159080.021,0.9844711491777578,0.8693856224801575,0.8769508461433957,0.04325724128142606,0.0180598926
B0_ocp,159160.021,0.9849662352908806,0.8698224220018517,0.877387840009458,0.043176260696200036,0.0178197492
B0_ocp,159240.021,0.9854613244070589,0.8702592195133869,0.8778248278083589,0.043126425796936346,0.0175951626
B0_ocp,159320.021,0.9859564125937201,0.8706960185576094,0.8782618328655019,0.04308081154987139,0.0173728038
B0_ocp,159400.021,0.9864515047129543,0.8711328241789487,0.8786988739720238,0.04303368775753579,0.0171393286
B0_ocp,159480.021,0.9869465948301511,0.8715696317715914,0.8791358999257635,0.04300886547917424,0.0168932509
B0_ocp,159560.021,0.987441687163889,0.8720064399033125,0.8795729278624524,0.04293908083464356,0.0166746024
B0_ocp,159640.021,0.9879367786396112,0.8724432510448626,0.8800099621376277,0.042874346803222045,0.0164307486
B0_ocp,159730.021,0.9884937500789285,0.8729346612985396,0.880501599881748,0.04283444825499528,0.0161602106
B0_ocp,159810.021,0.9889888399816217,0.8733714704309296,0.880938617709725,0.04278307432245863,0.0159007926
B0_ocp,159890.021,0.9894839271672645,0.8738082754898595,0.8813756007111698,0.04274470131712303,0.0156361852
B0_ocp,159970.021,0.9899790137808966,0.874245082626976,0.8818126228576062,0.042698698279241686,0.0154301329
B0_ocp,160050.021,0.9904741055426237,0.8746818947664167,0.8822496513039919,0.04264100919597522,0.0151551506
B0_ocp,160130.021,0.9909691954453168,0.8751186978120636,0.8826866152053916,0.042583714611246805,0.0148883192
B0_ocp,160210.021,0.9914642856340152,0.875555494822851,0.8831235728972052,0.042530896598273894,0.0146303819
B0_ocp,160290.021,0.9919593732486659,0.8759922979076291,0.8835605876528084,0.04248674148311026,0.0144095058
B0_ocp,160370.021,0.9924544622218416,0.8764290984288592,0.8839975589460649,0.042447045507599215,0.0141189573
B0_ocp,160450.021,0.9929495505515054,0.8768658934279774,0.8844345208130325,0.04236133250919446,0.0138832564
B0_ocp,160530.021,0.9934446434572541,0.8773026924594873,0.8848715152390074,0.04231595212079645,0.0136164268
B0_ocp,160610.021,0.9939397369350133,0.8777394955316348,0.8853085275040933,0.04226609532903103,0.0133762797
B0_ocp,160700.021,0.9944967073733122,0.8782309035252592,0.8858001743211504,0.04218907883129777,0.0130694238
B0_ocp,160780.021,0.994991797204504,0.8786677161867049,0.8862372158556802,0.04214520158136868,0.0128203845
B0_ocp,160860.021,0.9954868906107617,0.8791045268165544,0.8866742142968246,0.04209049065341134,0.0125520723
B0_ocp,160940.021,0.9959819845175288,0.8795413288723363,0.8871111731694173,0.04204227881083896,0.0122555932
B0_ocp,161020.021,0.9964770741342166,0.879978134971936,0.8875481815306174,0.04199709020558818,0.0120176701
B0_ocp,161100.021,0.9969721595323261,0.8804149466178403,0.8879852040894639,0.04194337531220006,0.0117389793
B0_ocp,161180.021,0.9974672446444303,0.8808517522053982,0.8884221730640633,0.04188618565863744,0.0114513962
B0_ocp,161260.021,0.9979623349046297,0.8812885557781056,0.8888591540625259,0.04182650125960945,0.0111927195
B0_ocp,161340.021,0.9984574253078321,0.8817253674253949,0.8892961840732042,0.0417652048802942,0.010919218
B0_ocp,161420.021,0.9989525122789706,0.8821621780615022,0.889733176978772,0.04170270665740582,0.0106294109
B0_ocp,161500.021,0.9994476011806451,0.8825989821375992,0.8901701395931209,0.041649768880461194,0.0103470171
B0_ocp,161589.336,1.0000003338649437,0.8830866454615216,0.8906579914094663,0.04159085582812073,0.0099927252
B0p5_capmatch,0.0,0.0,0.0010000000000000002,0.001,1.0796335621975854,3.0160996914
B0p5_capmatch,70.02000000000044,0.00043325185932337537,0.001220267802196767,0.0012974570867872177,0.9865441511097492,1.2847762108
B0p5_capmatch,150.02000000000044,0.0009283376149395181,0.0017153509839138328,0.001800297049698329,0.889826683266459,1.1034879684
B0p5_capmatch,230.02000000000044,0.0014234191519774933,0.002210441151124186,0.0022958800981528267,0.8182498731942308,0.9563981891
B0p5_capmatch,310.02000000000044,0.001918497900463798,0.0027055311966703,0.0027914427313659998,0.7659908924611133,0.8753169775
B0p5_capmatch,390.02000000000044,0.00241358422809054,0.0032006178103209915,0.003287006668478188,0.7320743276568163,0.8065068722
B0p5_capmatch,470.02000000000044,0.002908668196173561,0.0036957072840463558,0.0037825764257835575,0.7086402121968134,0.7577255964
B0p5_capmatch,550.0200000000004,0.0034037521642565818,0.004190795613591051,0.004278146207210332,0.6922806060056251,0.7269951701
B0p5_capmatch,630.0200000000004,0.0038988282671938673,0.004685879367087702,0.00477371428616339,0.6790504514113228,0.7066518068
B0p5_capmatch,710.0200000000004,0.0043939065866722225,0.005180961404617966,0.005269283904734527,0.667611797141282,0.6915127039
B0p5_capmatch,790.0200000000004,0.0048889864076784,0.00567604973453782,0.005764864620730226,0.6572091005680323,0.6789465547
B0p5_capmatch,870.0200000000004,0.005384066514689878,0.006171136919820581,0.0062604425639151955,0.6472785695456672,0.6677412391
B0p5_capmatch,960.0200000000004,0.005941030446368264,0.006728103568605831,0.006817967406614783,0.6364140769818313,0.6559622288
B0p5_capmatch,1040.0200000000004,0.006436111768902266,0.0072231821738335655,0.00731354331259149,0.626996858118082,0.6461623907
B0p5_capmatch,1120.0200000000004,0.006931190517388571,0.007718256203215447,0.007809118680305885,0.6178379348839385,0.6363824606
B0p5_capmatch,1200.0200000000004,0.007426272983943769,0.008213329088509387,0.008304695436346116,0.6088485875166093,0.6270896792
B0p5_capmatch,1280.0200000000004,0.007921352232939348,0.00870840254598627,0.008800276444517603,0.6000362656722457,0.6179020405
B0p5_capmatch,1360.0200000000004,0.008416429694401805,0.009203477719389348,0.009295861526568944,0.5915120611303671,0.6095260382
B0p5_capmatch,1440.0200000000004,0.008911510587927857,0.00969855975737912,0.00979145845898587,0.5830041383291639,0.6001324654
B0p5_capmatch,1520.0200000000004,0.009406593340488354,0.01019364408263358,0.010287056901270387,0.5746028997924532,0.5915697217
B0p5_capmatch,1600.0200000000004,0.009901677809080656,0.010688730696695242,0.010782663940164968,0.5664357197927926,0.5834258199
B0p5_capmatch,1680.0200000000004,0.010396763564696803,0.01118381959803714,0.011278272654557298,0.558433730223164,0.5752137303
B0p5_capmatch,1760.0200000000004,0.010891845888249355,0.01167889705898249,0.011773871473586724,0.5506825089547859,0.5676487684
B0p5_capmatch,1840.0200000000004,0.011386927282284683,0.012173971660682369,0.012269474038211676,0.5442071787626487,0.5585923791
B0p5_capmatch,1930.0200000000004,0.011943896290557138,0.012730936659246477,0.012827035788745283,0.5354316116981978,0.5493432879
B0p5_capmatch,2010.0200000000004,0.012438976397568613,0.013226016980696264,0.013322648865161029,0.529316521016077,0.5420066118
B0p5_capmatch,2090.0200000000004,0.012934057720102612,0.013721099018430258,0.01381826759990008,0.5208054205287511,0.5342252254
B0p5_capmatch,2170.0200000000004,0.013429141187676361,0.014216185632258096,0.014313893971833958,0.512087110549409,0.5302929878
B0p5_capmatch,2250.0200000000004,0.013924226585785885,0.014711275105981612,0.014809525545445386,0.5044321439616338,0.5199002624
B0p5_capmatch,2330.0200000000004,0.01441931291341263,0.015206362863386867,0.015305157271844484,0.4982480379194971,0.5121892095
B0p5_capmatch,2410.0200000000004,0.014914394521951934,0.015701444900556836,0.01580078572361553,0.4982673064724686,0.5051593781
B0p5_capmatch,2490.0200000000004,0.015409477417515085,0.01619652808260721,0.016296421197241985,0.487613462139651,0.4996780455
B0p5_capmatch,2570.0200000000004,0.015904562243614,0.016691609547415272,0.016792054306646022,0.4808032428986825,0.4959340394
B0p5_capmatch,2650.0200000000004,0.01639964277963343,0.017186684148740708,0.0172876852231512,0.47666947447310304,0.4867072403
B0p5_capmatch,2730.0200000000004,0.01689472331565286,0.01768176790348275,0.017783332418881144,0.47290389170627295,0.4815661311
B0p5_capmatch,2810.0200000000004,0.017389810286791523,0.018176860678662723,0.018278988304092747,0.4671727484184302,0.476505816
B0p5_capmatch,2900.0200000000004,0.01794677729302688,0.01873383183115486,0.01883659380065187,0.4573819343453689,0.4692625701
B0p5_capmatch,2980.0200000000004,0.01844185446848404,0.019228909292448467,0.01933224005142014,0.4546262291889888,0.4660723209
B0p5_capmatch,3060.0200000000004,0.01893693557651406,0.019723986181961757,0.019827889707865545,0.4478197294903487,0.460134387
B0p5_capmatch,3140.0200000000004,0.0194320123944646,0.020219068792231128,0.02032355003173843,0.44039865891390917,0.4541868269
B0p5_capmatch,3220.0200000000004,0.019927094217507872,0.02071414911264378,0.020819206618454114,0.435930995688517,0.447776705
B0p5_capmatch,3300.0200000000004,0.02042217167897033,0.021209231151552627,0.021314873874371025,0.4312502745775526,0.4395098388
B0p5_capmatch,3380.0200000000004,0.02091725621906395,0.021704314903959743,0.021810540428633604,0.4260580394224558,0.4424072802
B0p5_capmatch,3460.0200000000004,0.02141233961513637,0.022199396370303652,0.022306211959052594,0.42789559833492274,0.4307900965
B0p5_capmatch,3540.0200000000004,0.021907424798741918,0.022694476118659098,0.02280188094394558,0.4306223583671205,0.4274761081
B0p5_capmatch,3620.0200000000004,0.022402503690230873,0.02318954900401978,0.023297548358978515,0.4250749767726251,0.4299539924
B0p5_capmatch,3700.0200000000004,0.022897589517348344,0.023684629326819612,0.02379322975291848,0.4177184254582919,0.4335489273
B0p5_capmatch,3780.0200000000004,0.023392671125887637,0.02417971937291044,0.02428892248565328,0.41193590713114203,0.4246298075
B0p5_capmatch,3870.0200000000004,0.02394963748861107,0.024736691168670825,0.02484657236622984,0.406261268501335,0.415821135
B0p5_capmatch,3950.0200000000004,0.024444719669160963,0.025231773206638976,0.025342263449455976,0.4009173389471114,0.4138354063
B0p5_capmatch,4030.0200000000004,0.02493980106319629,0.02572686268132022,0.02583796687438683,0.3978963145327372,0.4058539569
B0p5_capmatch,4110.02,0.025434880669698498,0.02622195588991668,0.026333675016891947,0.3910418352567914,0.4021841586
B0p5_capmatch,4190.02,0.025929960490704673,0.026717037353176536,0.02682937042780026,0.3912297976346968,0.3968651593
B0p5_capmatch,4270.02,0.02642503616463401,0.027212113099690072,0.027325069478852104,0.39032007796650525,0.3929478228
B0p5_capmatch,4350.02,0.026920115628133564,0.02770719857028514,0.027820782369160114,0.3873905885406717,0.3930775225
B0p5_capmatch,4430.02,0.027415198237691417,0.028202284038855996,0.02831649482465439,0.38328000236227877,0.3905410767
B0p5_capmatch,4510.02,0.027910277558188323,0.028697360355235117,0.028812201027610913,0.3792765205783534,0.3877637386
B0p5_capmatch,4590.02,0.0284053576651998,0.02919243381300676,0.02930791044526216,0.3771680811659261,0.383942008
B0p5_capmatch,4670.02,0.028900437915213927,0.0296875164243194,0.029803635235122482,0.3742235573500676,0.3803055882
B0p5_capmatch,4750.02,0.02939551837973203,0.030182601892799955,0.030299361679790388,0.36971594021583565,0.3777624667
B0p5_capmatch,4840.02,0.02995248374143691,0.03073957111620819,0.030857058785287068,0.3651106889894262,0.3746826947
B0p5_capmatch,4920.02,0.030447564563461635,0.03123465372473543,0.03135278981439067,0.36250505871689515,0.3693726361
B0p5_capmatch,5000.02,0.030942645528489007,0.03172973633531208,0.031848527341574985,0.36086876291955794,0.3649638593
B0p5_capmatch,5080.02,0.031437728567054804,0.032224817227309674,0.032344263098008266,0.35886283848937595,0.3630107641
B0p5_capmatch,5160.02,0.03193280745854376,0.03271989240071274,0.032839998506519065,0.3546725808998516,0.3610332012
B0p5_capmatch,5240.02,0.032427887780059214,0.033214974440133854,0.03333574774536788,0.35267990127349175,0.3588910401
B0p5_capmatch,5320.02,0.03292296867358526,0.033710060659747125,0.0338315012741814,0.34906371512827483,0.3554525375
B0p5_capmatch,5400.02,0.03341805414319611,0.0342051369748745,0.0343272453767121,0.3460728671945321,0.3534475565
B0p5_capmatch,5480.02,0.033913133249189036,0.03470021386681969,0.03482300065509721,0.34298226152957106,0.3494427502
B0p5_capmatch,5560.02,0.03440821085365414,0.035195290181513544,0.03531875232526237,0.3394610671592805,0.3471724391
B0p5_capmatch,5640.02,0.034903289888145755,0.03569036421298322,0.035814511259885065,0.3365115526121569,0.3433952034
B0p5_capmatch,5720.02,0.03539836935164531,0.036185439384613036,0.036310270582475976,0.33670330141219523,0.3400389552
B0p5_capmatch,5810.02,0.03595533521385946,0.03674240539311504,0.036868017811991186,0.3326918846612436,0.338234812
B0p5_capmatch,5890.02,0.03645042025446235,0.03723748857171434,0.037363791794364325,0.3292654909351641,0.3365240991
B0p5_capmatch,5970.02,0.03694549742991952,0.037732560312302064,0.037859559813641516,0.3260644392800125,0.3331693709
B0p5_capmatch,6050.02,0.037440575606395216,0.038227629765599146,0.03835533088782746,0.3231286000135745,0.3297998011
B0p5_capmatch,6130.02,0.03793565313935901,0.03872270780197816,0.03885111840393509,0.3206183172349422,0.3266347945
B0p5_capmatch,6210.02,0.03843073453339433,0.03921778926571267,0.039346907508153665,0.3184288950416952,0.3239567876
B0p5_capmatch,6290.02,0.03892581313887799,0.03971286100543712,0.03984269002795907,0.31565993549349525,0.3232185543
B0p5_capmatch,6370.02,0.0394208924593749,0.040207936181716336,0.04033848575047659,0.3127829051294743,0.3189780712
B0p5_capmatch,6450.02,0.03991597399641287,0.0407030130688521,0.04083428132685624,0.3106883767972943,0.316241473
B0p5_capmatch,6530.02,0.04041104902683028,0.04119808824395616,0.04133008313449827,0.3084278467355179,0.3133685291
B0p5_capmatch,6610.02,0.04090612670279672,0.04169316729212442,0.041825891195613196,0.3057298042618353,0.3131750822
B0p5_capmatch,6690.02,0.04140120573728834,0.042188248186513184,0.042321705957620484,0.30284878068879767,0.3098351657
B0p5_capmatch,6780.02,0.0419581684534442,0.042745216765758584,0.04287950406468676,0.2999157828284495,0.3058644831
B0p5_capmatch,6860.02,0.042453248917962316,0.04324029880283322,0.0433753268102294,0.29749590213249383,0.3031086624
B0p5_capmatch,6940.02,0.0429483287389685,0.04373537683513139,0.04387114878240151,0.2948873386577075,0.3010717928
B0p5_capmatch,7020.02,0.04344340805946541,0.044230453153026435,0.04436697486988531,0.2926154586416416,0.2981158495
B0p5_capmatch,7100.02,0.043938486021437136,0.044725528897722466,0.04486280337255794,0.2905152294792358,0.2955090106
B0p5_capmatch,7180.02,0.04443356412641152,0.04522060693288009,0.04535864080405259,0.28820919580399673,0.2933869064
B0p5_capmatch,7260.02,0.04492864101586339,0.04571569011492552,0.045854486564216174,0.2857032828332922,0.2908712327
B0p5_capmatch,7340.02,0.04542371904933645,0.046210769862406124,0.046350329987398076,0.28344218640651814,0.288841784
B0p5_capmatch,7420.02,0.045918796868305536,0.046705843319012744,0.04684617222244164,0.2810091701104649,0.2862690091
B0p5_capmatch,7500.02,0.046413871183709696,0.04720091734943022,0.047342021415941474,0.2786617820602009,0.2840580046
B0p5_capmatch,7580.02,0.04690894950318805,0.04769599824506022,0.04783788313440511,0.2764415984003415,0.2816505134
B0p5_capmatch,7660.02,0.047404026964650514,0.04819108028097438,0.048333746413253505,0.2742064449588318,0.2792956829
B0p5_capmatch,7750.02,0.04796099218335275,0.04874804049332604,0.04889159034777832,0.27169163991864015,0.2768712044
B0p5_capmatch,7830.02,0.04845606857229534,0.04924311509555403,0.04938745723241346,0.26953533074102787,0.27456972
B0p5_capmatch,7910.02,0.04895114574775249,0.0497381914129783,0.049883329608263444,0.26740822404887304,0.2723698318
B0p5_capmatch,7990.02,0.049446222065193765,0.050233270019594,0.05037920959613025,0.2651943065445566,0.2701669633
B0p5_capmatch,8070.02,0.04994129966965888,0.05072834862389392,0.05087509178963184,0.26305605823556827,0.2680715322
B0p5_capmatch,8150.02,0.050436378775651804,0.051223424369011436,0.05137097594767692,0.2608859427958677,0.2658597529
B0p5_capmatch,8230.02,0.05093145680912485,0.05171850183165963,0.05186686784243384,0.25875250780815023,0.263741374
B0p5_capmatch,8310.02,0.051426533841579365,0.052213581581147486,0.05236276555465415,0.25666348092675273,0.2615422308
B0p5_capmatch,8390.02,0.05192161187505242,0.05270865789671295,0.05285866214055967,0.25458297569506416,0.2594149411
B0p5_capmatch,8470.02,0.0524166919820639,0.05320373364369879,0.05335456564138585,0.2525368972626649,0.2573499084
B0p5_capmatch,8550.02,0.05291177008703828,0.05369881053217639,0.05385047294653244,0.2504984381443591,0.2552523017
B0p5_capmatch,8630.02,0.05340684704799147,0.054193889711920185,0.05434638960643663,0.2484906853606297,0.2532302737
B0p5_capmatch,8720.02,0.0539638053310652,0.054750850565458614,0.05490429251986472,0.246252812316859,0.2509302795
B0p5_capmatch,8800.02,0.054458882077514405,0.0552459257422007,0.05540021530587371,0.24427035794803512,0.2489297837
B0p5_capmatch,8880.02,0.05495395939597421,0.05574099862281945,0.055896134211243766,0.2423110269883167,0.2469040602
B0p5_capmatch,8960.02,0.055449040217998936,0.05623607208534434,0.05639206578448856,0.24039131225572566,0.2449613661
B0p5_capmatch,9040.02,0.05594411560592297,0.05673114782692503,0.05688799795950268,0.2384869438384323,0.2429934293
B0p5_capmatch,9120.02,0.05643918956382051,0.05722622128677003,0.05738393648574455,0.23661040799373356,0.2410981804
B0p5_capmatch,9200.02,0.05693427052884788,0.057721298052688275,0.05787988166884077,0.23473729781996205,0.2391902655
B0p5_capmatch,9280.02,0.0574293415551911,0.05821637894910417,0.05837583788260486,0.23290595579353215,0.2373105735
B0p5_capmatch,9360.02,0.05792441966016548,0.05871146270156108,0.05887179884575597,0.23109369297159107,0.2354656905
B0p5_capmatch,9440.02,0.0584194996241743,0.05920654760101164,0.05936776752603606,0.22928583918077539,0.2336304635
B0p5_capmatch,9520.02,0.058914577514644705,0.05970163192431284,0.05986373744218017,0.22749659688999796,0.2317967117
B0p5_capmatch,9610.02,0.059471539301283356,0.06025859728565268,0.06042170587523739,0.22550243493470565,0.2297724634
B0p5_capmatch,9690.02,0.059966614260199454,0.06075367188353896,0.06091767490894397,0.22376017222480143,0.2279587239
B0p5_capmatch,9770.02,0.06046169157865926,0.06124874706089026,0.061413654904116564,0.2220341190076794,0.2262354195
B0p5_capmatch,9850.02,0.06095676932612702,0.06174382512894125,0.061909639441843106,0.22033309732579603,0.2244735509
B0p5_capmatch,9930.02,0.061451844499547076,0.06223890030153353,0.06240562557338328,0.21862346980022607,0.222746551
B0p5_capmatch,10010.02,0.0619469213174976,0.06273397375849407,0.06290161543951682,0.21693384370238605,0.2210210115
B0p5_capmatch,10090.02,0.06244199513239249,0.06322904492657458,0.06339760734556579,0.2152901811249366,0.2193280905
B0p5_capmatch,10170.02,0.06293707159283639,0.06372411552473596,0.06389360513528958,0.21363789727129537,0.2176359147
B0p5_capmatch,10250.02,0.06343214841078691,0.06421918898338828,0.06438961146761021,0.21203770511542142,0.2159933895
B0p5_capmatch,10330.02,0.06392722444222287,0.06471426873632224,0.06488563083211013,0.21041666909003873,0.2143694013
B0p5_capmatch,10410.02,0.06442230154617873,0.06520934905478035,0.06538165119920739,0.20883119755498264,0.2127691358
B0p5_capmatch,10490.02,0.06491737800662263,0.06570442651710176,0.06587767567571765,0.2072657771426339,0.2111510783
B0p5_capmatch,10580.02,0.06547434108028513,0.06626138672867211,0.06643570567652218,0.20551455373560468,0.2093677372
B0p5_capmatch,10660.02,0.06596941518118532,0.06675646591105315,0.06693174597552845,0.20398032350358125,0.2078215778
B0p5_capmatch,10740.02,0.0664644952881968,0.06725154926845633,0.06742779209094846,0.2024959104768637,0.2062642872
B0p5_capmatch,10820.02,0.0669595731786672,0.0677466335958423,0.06792384554949121,0.20099991891732644,0.2047426105
B0p5_capmatch,10900.02,0.06745464956760977,0.06824172078192511,0.06841990669607378,0.1995206398731345,0.2032364756
B0p5_capmatch,10980.02,0.0679497303896345,0.06873680338731687,0.06891596479307857,0.19807192421891287,0.2017206997
B0p5_capmatch,11060.02,0.06844480920962215,0.06923188829094416,0.06941203728272843,0.19664079473478235,0.200270161
B0p5_capmatch,11140.02,0.06893988895912699,0.06972697718978847,0.06990811420701896,0.1952440263982108,0.198815167
B0p5_capmatch,11220.019999999997,0.06943496499056293,0.07022205922448163,0.07040418801685562,0.19390698956454006,0.1973898262
B0p5_capmatch,11300.019999999997,0.06993004280953201,0.07071713267756098,0.07090025757468699,0.19262787636121514,0.1959792972
B0p5_capmatch,11380.019999999997,0.07042511876946664,0.07121220613861087,0.07139633856996569,0.19131253948561072,0.1946214139
B0p5_capmatch,11460.019999999997,0.07092019501540658,0.07170728302679867,0.07189242556518632,0.19004135209047077,0.1933761835
B0p5_capmatch,11550.019999999997,0.07147715336998163,0.07226424968064511,0.07245053916880924,0.18862174893680858,0.1919241548
B0p5_capmatch,11630.019999999997,0.07197222947291891,0.07275933538507144,0.07294664670415674,0.18738230716459742,0.1906374246
B0p5_capmatch,11710.019999999997,0.07246730536135224,0.07325440940658029,0.07344274141975138,0.18617795523069752,0.1893499494
B0p5_capmatch,11790.019999999997,0.0729623793192498,0.07374947600204615,0.07393884134177552,0.18498612054177768,0.1881314069
B0p5_capmatch,11870.019999999997,0.07345745485017648,0.07424455404227133,0.07443496377808337,0.1838140057901771,0.1869588345
B0p5_capmatch,11950.019999999997,0.07395253173962833,0.0747396292065115,0.07493107696046383,0.182676969556748,0.1857365668
B0p5_capmatch,12030.019999999997,0.07444760433900069,0.0752346952296053,0.07542719239975593,0.18154460750955845,0.184568435
B0p5_capmatch,12110.019999999997,0.07494268222947112,0.07572977040867188,0.07592332765021412,0.18043687279883192,0.1834440231
B0p5_capmatch,12190.019999999997,0.07543776083495476,0.07622485110050504,0.07641946961028687,0.17934457799284317,0.1823107153
B0p5_capmatch,12270.019999999997,0.07593283836791855,0.07671992913250411,0.07691561290331982,0.17825864098893462,0.1811981797
B0p5_capmatch,12350.019999999997,0.07642791482836246,0.07721500430492212,0.07741175941665174,0.17719343537536958,0.1800811738
B0p5_capmatch,12430.019999999997,0.07692299014478518,0.07771007833430399,0.07790791134076469,0.17612156261404824,0.1790071577
B0p5_capmatch,12520.019999999997,0.07747995035839465,0.07826703597333035,0.07846608830771457,0.17496554500137537,0.177804932
B0p5_capmatch,12600.019999999997,0.07797502281476436,0.07876210542354396,0.07896224574484084,0.17394361492241903,0.1767464876
B0p5_capmatch,12680.019999999997,0.07847009956121359,0.07925717717009091,0.07945841690782457,0.17294355453877752,0.1757369787
B0p5_capmatch,12760.019999999997,0.0789651734476098,0.07975225806676525,0.07995460303388018,0.1719658901568291,0.1747266948
B0p5_capmatch,12840.019999999997,0.07946024747700864,0.0802473401021582,0.08045079200483196,0.1709925870793455,0.1737149507
B0p5_capmatch,12920.019999999997,0.0799553223644234,0.0807424141261287,0.08094697566130891,0.17001104236448164,0.172698766
B0p5_capmatch,13000.019999999997,0.08045039374827324,0.08123748071772892,0.08144315994897541,0.16906853604700584,0.1717277765
B0p5_capmatch,13080.019999999997,0.08094547056622378,0.08173255418342153,0.08193936470707863,0.1681545232796463,0.1707827449
B0p5_capmatch,13160.019999999997,0.08144054938621142,0.0822276329492584,0.0824355747330823,0.1672360266941121,0.1698302925
B0p5_capmatch,13240.019999999997,0.0819356271336792,0.08272271270215593,0.08293179412538995,0.1663167367390637,0.1689089835
B0p5_capmatch,13320.019999999997,0.08243070688318406,0.08321779359336483,0.08342801792113272,0.16540671543282606,0.1679757982
B0p5_capmatch,13400.019999999997,0.08292578563167037,0.08371286761809224,0.0839242383780598,0.1645132079699561,0.167052269
B0p5_capmatch,13490.019999999997,0.08348274605978384,0.0842698259051535,0.08448250015872283,0.16352397386435188,0.1660494059
B0p5_capmatch,13570.019999999997,0.08397782094719862,0.08476489763933887,0.08497873087620234,0.1626520171425322,0.1651555151
B0p5_capmatch,13650.019999999997,0.08447289762214653,0.08525996996052727,0.08547497641917697,0.1618090861096787,0.1642890424
B0p5_capmatch,13730.019999999997,0.08496797215205466,0.08575504684691375,0.08597122805162206,0.1609794250820486,0.1634144336
B0p5_capmatch,13810.019999999997,0.08546304582394688,0.08625011915841456,0.08646748034511936,0.16014242720577923,0.1625561118
B0p5_capmatch,13890.019999999997,0.08595811942433783,0.08674519090100039,0.08696374058614204,0.1593106744538433,0.1617111415
B0p5_capmatch,13970.019999999997,0.08645319545577379,0.08724026722220411,0.0874600138707902,0.15850027732950212,0.16090101
B0p5_capmatch,14050.019999999997,0.08694827270273228,0.08773534868963365,0.08795629786949372,0.1577033132475533,0.1600997597
B0p5_capmatch,14130.019999999997,0.08744335388226364,0.08823042843526141,0.08845258254090675,0.15693022742638835,0.1592903733
B0p5_capmatch,14210.019999999997,0.08793842984219827,0.08872550418002498,0.08894887073106511,0.1561349943429486,0.1584654003
B0p5_capmatch,14290.019999999997,0.08843350272757594,0.08922057477208861,0.08944515781908198,0.15535513987924085,0.1576715708
B0p5_capmatch,14370.019999999997,0.08892857804399866,0.08971564193867049,0.08994145133956682,0.1546030610160736,0.1568799764
B0p5_capmatch,14460.019999999997,0.0894855343250353,0.09027259378660585,0.0904997908577988,0.15376481999278024,0.1560157388
B0p5_capmatch,14540.019999999997,0.08998061085698052,0.0907676729769629,0.09099611829478191,0.15301212074385628,0.1552975029
B0p5_capmatch,14620.019999999997,0.09047569139299995,0.09126275214143333,0.0914924384042702,0.15227657391380625,0.1544984728
B0p5_capmatch,14700.019999999997,0.09097077021298758,0.0917578290412381,0.09198877306128792,0.15154156626774903,0.1538024843
B0p5_capmatch,14780.019999999997,0.09146584595841822,0.09225290878374555,0.09248511035678128,0.1508065281224148,0.1530390531
B0p5_capmatch,14860.019999999997,0.0919609192013025,0.09274797880411974,0.09298144307908393,0.15008689589190657,0.1522867233
B0p5_capmatch,14940.019999999997,0.09245599222968283,0.09324304367990896,0.09347777978744597,0.14938214288317564,0.1515655369
B0p5_capmatch,15020.019999999997,0.09295106726010025,0.09373810855855783,0.09397412551567762,0.14869071353005475,0.1508480608
B0p5_capmatch,15100.019999999997,0.09344614450705872,0.094233179734412,0.0944704878322008,0.14800168189334975,0.1501453966
B0p5_capmatch,15180.019999999997,0.09394121989498277,0.09472825533176679,0.09496685796142579,0.14728881850949174,0.1494471729
B0p5_capmatch,15260.019999999997,0.09443629606942139,0.09522332821417351,0.09546322964458628,0.14663271848651013,0.1487496942
B0p5_capmatch,15340.019999999997,0.09493136924080434,0.0957184011025152,0.09595961140495272,0.1459495384267422,0.1480485201
B0p5_capmatch,15430.019999999997,0.09548833052693372,0.09627536840273355,0.09651806394064441,0.14521195224345881,0.1473132521
B0p5_capmatch,15510.019999999997,0.09598341142045974,0.09677045609176552,0.09701447451849085,0.1445392412135954,0.1466513425
B0p5_capmatch,15590.019999999997,0.09647848509235198,0.09726553067706496,0.09751086884893582,0.14388035559298804,0.1459494382
B0p5_capmatch,15670.019999999997,0.09697356191030254,0.09776059842128865,0.09800727437902795,0.1432608677064943,0.1452942044
B0p5_capmatch,15750.019999999997,0.097468630791606,0.0982556690154872,0.09850368764271669,0.1426377474946168,0.1446426958
B0p5_capmatch,15830.019999999997,0.09796370646553536,0.09875073560637113,0.09900010288287522,0.14202611461916734,0.1440030336
B0p5_capmatch,15910.019999999997,0.0984587807094382,0.09924580563882052,0.09949653420664878,0.14139148151897551,0.1433959752
B0p5_capmatch,15990.019999999997,0.09895385802789802,0.09974087852097997,0.09999297119718291,0.14079028183246045,0.1427622586
B0p5_capmatch,16070.019999999997,0.09944892976925447,0.10023595828338158,0.10048942977837344,0.14019817551280617,0.1421796679
B0p5_capmatch,16150.019999999997,0.0999440042276613,0.10073104374809214,0.10098589383876386,0.1396193444521025,0.1415652186
B0p5_capmatch,16230.019999999997,0.10043907890057208,0.10122611833881538,0.10148234826845962,0.1390715823751088,0.1409507543
B0p5_capmatch,16310.019999999997,0.10093415607602924,0.10172119466948093,0.10197882409423797,0.1384920913147153,0.140399307
B0p5_capmatch,16400.019999999997,0.10149112200974472,0.1022781637997805,0.10253737091184251,0.13784718775998078,0.1397537142
B0p5_capmatch,16480.019999999997,0.10198619275008268,0.10277324698301617,0.10303386406656938,0.13729192714796337,0.1391770691
B0p5_capmatch,16560.019999999997,0.10248127085505704,0.10326832271569536,0.10353034997258362,0.13677134664261376,0.1385855824
B0p5_capmatch,16640.019999999997,0.10297634445544798,0.10376339102668301,0.10402684153070318,0.13625722401954105,0.1380459964
B0p5_capmatch,16720.019999999997,0.10347141769833226,0.10425845990712715,0.10452334197045468,0.13573870965399715,0.1375041604
B0p5_capmatch,16800.019999999997,0.10396649437328014,0.10475353451785963,0.1050198610124424,0.13522780915035215,0.1370016336
B0p5_capmatch,16880.019999999997,0.10446157247825452,0.105248618275701,0.10551639564277668,0.13473838500132304,0.1364887208
B0p5_capmatch,16960.019999999997,0.10495664972521301,0.1057437031706962,0.10601293445683033,0.13424930714389813,0.1359720975
B0p5_capmatch,17040.019999999997,0.105451725542145,0.1062387777590451,0.10650946367634112,0.13377203567192925,0.135453254
B0p5_capmatch,17120.019999999997,0.10594680293210613,0.1067338523735856,0.10700601322058166,0.1332894017132188,0.1349870414
B0p5_capmatch,17200.019999999997,0.10644188103708052,0.10722892810751404,0.10750256235096634,0.1328090621888787,0.1344741136
B0p5_capmatch,17280.019999999997,0.10693695742602312,0.10772399584388882,0.10799911310025703,0.13235371602267554,0.134008646
B0p5_capmatch,17370.019999999997,0.10749391949866706,0.10828094704914216,0.10855774486551775,0.13188801551922213,0.1334846169
B0p5_capmatch,17450.019999999997,0.10798899023900499,0.1087760165042503,0.10905431733211006,0.13144147712588355,0.1330413818
B0p5_capmatch,17530.019999999997,0.10848406855848336,0.10927108824741506,0.1095509001471085,0.13102232358204674,0.1326144487
B0p5_capmatch,17610.019999999997,0.1089791448759246,0.10976616113277575,0.11004749105191844,0.13060134720487135,0.1321778744
B0p5_capmatch,17690.019999999997,0.10947421940583274,0.11026123000757314,0.1105440821191889,0.13019065377815267,0.1317494661
B0p5_capmatch,17770.019999999997,0.10996929593777796,0.1107563000412894,0.11104068918230234,0.12979310411142728,0.1313306838
B0p5_capmatch,17850.019999999997,0.1104643727557285,0.11125137450345753,0.11153730625617789,0.12940341166443836,0.1309282035
B0p5_capmatch,17930.019999999997,0.11095944707113269,0.11174644624100148,0.11203392553373001,0.1290127352792168,0.1305190623
B0p5_capmatch,18010.019999999997,0.1114545226735607,0.11224152142396714,0.1125305629606278,0.12860337877117275,0.1301544011
B0p5_capmatch,18090.019999999997,0.11194960213706023,0.11273659773368228,0.11302720278766387,0.12827832681446694,0.1297519207
B0p5_capmatch,18170.019999999997,0.11244468124305318,0.11323167692378389,0.11352386155913519,0.12791270982894368,0.1293887347
B0p5_capmatch,18250.019999999997,0.11293975941952888,0.11372676353739891,0.11402053272790819,0.12755619370028665,0.1290403754
B0p5_capmatch,18340.019999999997,0.11349672385171658,0.11428373597771588,0.11457929537047225,0.12716850265855237,0.1286149174
B0p5_capmatch,18420.019999999997,0.11399180288620817,0.11477882029931018,0.11507597771526618,0.12684062350053285,0.1282502413
B0p5_capmatch,18500.019999999997,0.11448688091968123,0.11527389775273794,0.11557265877185102,0.12652763084457505,0.1278996617
B0p5_capmatch,18580.019999999997,0.11498195523508538,0.11576897751434456,0.11606936014082497,0.12616721613406987,0.1275735199
B0p5_capmatch,18660.019999999997,0.11547703298255316,0.11626406527401593,0.11656607611599283,0.12586838665292616,0.1272599995
B0p5_capmatch,18740.019999999997,0.11597211008650897,0.11675914328799178,0.11706277833604256,0.12555410622643043,0.1268871725
B0p5_capmatch,18820.019999999997,0.11646718254287866,0.11725421847585826,0.11755949978147799,0.12524510497804525,0.126609236
B0p5_capmatch,18900.019999999997,0.11696225864581593,0.11774929879215221,0.11805623042781226,0.12494230900762346,0.1262756735
B0p5_capmatch,18980.019999999997,0.1174573341767426,0.11824437568053836,0.11855296533213636,0.1246562928979186,0.1259747595
B0p5_capmatch,19060.019999999997,0.11795240920716003,0.11873944970569361,0.1190497049389814,0.12439259020344647,0.1256619692
B0p5_capmatch,19140.019999999997,0.11844748087701515,0.1192345220201083,0.11954645363169406,0.12408222664642124,0.1253736466
B0p5_capmatch,19230.019999999997,0.11900443823057166,0.1197914873943416,0.12010532289840463,0.1237899348114194,0.1250756681
B0p5_capmatch,19310.019999999997,0.1194995208401295,0.12028657285960925,0.12060210355842013,0.12349915223994914,0.1247843876
B0p5_capmatch,19390.019999999997,0.11999459136596345,0.12078164629845728,0.12109887121695666,0.12321868362528197,0.1244716123
B0p5_capmatch,19470.019999999997,0.12048966689689013,0.12127671175097346,0.12159564789374593,0.12296448559389046,0.1241951361
B0p5_capmatch,19550.019999999997,0.12098474357183801,0.12177178292804376,0.12209244486632614,0.12273038677709215,0.1239386722
B0p5_capmatch,19630.019999999997,0.12147981988927928,0.12226685924769615,0.12258925419100133,0.12249148908708764,0.1237014905
B0p5_capmatch,19710.019999999997,0.12197489656422715,0.12276193957480598,0.12308607731002211,0.12223853767784087,0.1234472618
B0p5_capmatch,19790.019999999997,0.12246997617072934,0.12325701817122857,0.1235829011150046,0.12197355186921825,0.1231848821
B0p5_capmatch,19870.019999999997,0.1229650539181971,0.12375208646911622,0.12407972006259978,0.12176018441977761,0.1229113862
B0p5_capmatch,19950.019999999997,0.1234601295206251,0.12424716052144222,0.12457656987011026,0.12154315457938021,0.1227156892
B0p5_capmatch,20030.019999999997,0.12395520390753058,0.12474224425786187,0.12507343161463436,0.12130905391074323,0.1224792525
B0p5_capmatch,20110.019999999997,0.12445027822293477,0.1252373297344394,0.12557030521478188,0.1210800983866385,0.1222502217
B0p5_capmatch,20200.019999999997,0.12500723657750978,0.12579429636948994,0.12612928482743488,0.1208534532258005,0.1219752356
B0p5_capmatch,20280.019999999997,0.12550231117891925,0.12628937039887184,0.12662616129085935,0.12062422792711645,0.1217521355
B0p5_capmatch,20360.019999999997,0.12599738678134723,0.12678445016026513,0.12712306059459666,0.12040358939444548,0.1215557083
B0p5_capmatch,20440.019999999997,0.12649246073924478,0.1272795293245524,0.12761995898499448,0.12021415141033896,0.121295549
B0p5_capmatch,20520.019999999997,0.12698753391062773,0.12777460679565975,0.12811687172676758,0.11999293720640442,0.1211109981
B0p5_capmatch,20600.019999999997,0.1274826099420637,0.12826968997964397,0.12861379987349214,0.11977799404446829,0.1209138408
B0p5_capmatch,20680.019999999997,0.1279776873320248,0.1287647748784523,0.1291107376914894,0.11957805203472907,0.1207114831
B0p5_capmatch,20760.019999999997,0.12847276443598063,0.12925985862831296,0.1296076813466771,0.1193728483310523,0.120498769
B0p5_capmatch,20840.019999999997,0.12896783996690733,0.12975493894608361,0.13010463025998786,0.11922492123747606,0.120276399
B0p5_capmatch,20920.019999999997,0.12946292086043337,0.13025002099112254,0.13060159565806867,0.11902575376607502,0.1200955436
B0p5_capmatch,21000.019999999997,0.12995799446082432,0.13074509499529843,0.13109854949468852,0.11882435367171938,0.1198724434
B0p5_capmatch,21080.019999999997,0.1304530727803026,0.13124016217070725,0.13159551695226007,0.11862859436700018,0.1196960434
B0p5_capmatch,21170.019999999997,0.1310100366404797,0.13179712174763505,0.13215463067786065,0.11841811868451423,0.1194914654
B0p5_capmatch,21250.019999999997,0.13150511567497125,0.13229219920650395,0.132651628963465,0.11823648980369851,0.1192913428
B0p5_capmatch,21330.019999999997,0.1320001916349059,0.132787277243852,0.133148639032296,0.11805656148398641,0.1191238388
B0p5_capmatch,21410.019999999997,0.13249526680832596,0.133282353553438,0.1336456529477978,0.11787583679391907,0.1189229563
B0p5_capmatch,21490.019999999997,0.1329903423392527,0.13377742815877702,0.1341426784642755,0.11771926454598979,0.1187465563
B0p5_capmatch,21570.019999999997,0.13348541636865155,0.13427250447620132,0.13463971580847955,0.11755226022523757,0.1185723767
B0p5_capmatch,21650.019999999997,0.1339804902550478,0.13476758194031446,0.13513676500535166,0.11738296506073519,0.1184026375
B0p5_capmatch,21730.019999999997,0.13447556828852084,0.13526266283919586,0.1356338293884175,0.11722570810191202,0.1182395741
B0p5_capmatch,21810.019999999997,0.13497064675100187,0.13575774487402142,0.13613090196018107,0.11707194927205071,0.1180520579
B0p5_capmatch,21890.019999999997,0.13546572492747758,0.13625281774031917,0.13662796688172912,0.11689883633786415,0.1178749129
B0p5_capmatch,21970.019999999997,0.13596080238894004,0.13674789408516436,0.13712506312704575,0.11673024965492239,0.1177555695
B0p5_capmatch,22050.019999999997,0.13645587863487998,0.13724297782906367,0.13762216858261045,0.11656544590444694,0.1175673082
B0p5_capmatch,22140.019999999997,0.1370128434960756,0.13779994512623545,0.1381814235650133,0.11639724101187425,0.1173960939
B0p5_capmatch,22220.019999999997,0.1375079211005407,0.1382950283049891,0.1386785498081757,0.11622766767812777,0.1172226444
B0p5_capmatch,22300.019999999997,0.13800299298489982,0.138790112636188,0.13917569008213626,0.11604918624001516,0.1170758978
B0p5_capmatch,22380.019999999997,0.13849807352091922,0.1392851906484303,0.1396728241257031,0.11589151702184805,0.116883181
B0p5_capmatch,22460.019999999997,0.1389931491233472,0.13978026583605355,0.14016997670618675,0.11576415223737394,0.1167423502
B0p5_capmatch,22540.019999999997,0.13948822572679379,0.1402753387013977,0.14066712840592088,0.11560365739436543,0.116555579
B0p5_capmatch,22620.019999999997,0.13998330497578937,0.14077041103343604,0.141164301506856,0.11546446496422565,0.1164184436
B0p5_capmatch,22700.019999999997,0.14047838536880614,0.1412654879156443,0.14166148492899586,0.1152952946779389,0.1162716821
B0p5_capmatch,22780.019999999997,0.14097346504680972,0.1417605694000548,0.14215869103408751,0.11514617436428368,0.1161367819
B0p5_capmatch,22860.019999999997,0.14146855030191655,0.1422556577282407,0.14265591025295438,0.11500159813778311,0.1159915105
B0p5_capmatch,22940.019999999997,0.14196363055193068,0.14275073458976853,0.1431531141185856,0.11484774262373308,0.1157958433
B0p5_capmatch,23020.019999999997,0.14245870686937193,0.14324580978679938,0.14365034445693886,0.1147152618372337,0.1156802103
B0p5_capmatch,23110.019999999997,0.1430156684415066,0.14380277449426235,0.14420973925836594,0.11451443141391071,0.1154971346
B0p5_capmatch,23190.019999999997,0.14351074411543593,0.1442978456531363,0.1447069773024685,0.1143769998697678,0.115332596
B0p5_capmatch,23270.019999999997,0.1440058230069249,0.14479291396541533,0.14520422892908652,0.1142305325700579,0.1151858196
B0p5_capmatch,23350.019999999997,0.1445008989668595,0.14528798858039368,0.145701504803038,0.11410304191320164,0.1150553748
B0p5_capmatch,23430.019999999997,0.14499597478379153,0.14578306660929718,0.14619878959142074,0.11396088497524717,0.1149026826
B0p5_capmatch,23510.019999999997,0.14549105274576327,0.14627814235318537,0.14669608159155806,0.1137987301818315,0.1147529557
B0p5_capmatch,23590.019999999997,0.14598612799068464,0.146773219247221,0.14719338880209354,0.11364168693826514,0.1146306619
B0p5_capmatch,23670.019999999997,0.14648120845520277,0.147268294411374,0.14769070070575713,0.11350360938617354,0.1144609377
B0p5_capmatch,23750.019999999997,0.14697628598816656,0.14776337475611942,0.14818804065516533,0.11337405525940927,0.1143460497
B0p5_capmatch,23830.019999999997,0.14747136209110379,0.1482584550542497,0.1486853776109482,0.11322431621753123,0.1141770557
B0p5_capmatch,23910.019999999997,0.14796643876605164,0.14875353654639237,0.14918274076500643,0.1130946530776456,0.1140725538
B0p5_capmatch,23990.019999999997,0.14846151558400222,0.14924861569081163,0.14968009573572003,0.11296557794191027,0.1138709262
B0p5_capmatch,24080.019999999997,0.14901847865766474,0.14980556689668054,0.15023962685992692,0.1127913400054561,0.1137226894
B0p5_capmatch,24160.019999999997,0.14951356112421996,0.15030063520595643,0.1507370049099226,0.11263378191915187,0.1135840788
B0p5_capmatch,24240.019999999997,0.15000863172155524,0.1507957046624535,0.151234397206877,0.11251113348391413,0.113443993
B0p5_capmatch,24320.019999999997,0.1505037152606303,0.15129077812816397,0.15173180791512286,0.11237317216779076,0.1133083627
B0p5_capmatch,24400.019999999997,0.15099879608265504,0.15178585157715765,0.1522292244664296,0.11223552157997267,0.113143824
B0p5_capmatch,24480.019999999997,0.15149387683317844,0.15228093250096514,0.15272667335697693,0.11208730914585589,0.1130504236
B0p5_capmatch,24560.019999999997,0.15198895865622175,0.15277601623254522,0.15322412194029894,0.11194654188801383,0.1128784642
B0p5_capmatch,24640.019999999997,0.15248404419733388,0.15327109886077156,0.15372158964109156,0.1118195678305517,0.1127606258
B0p5_capmatch,24720.019999999997,0.15297912416134274,0.15376618489384392,0.15421906766046212,0.11168668470946735,0.1126079187
B0p5_capmatch,24800.019999999997,0.15347420240931975,0.1542612629118722,0.15471654277140603,0.11152826016080368,0.1124441102
B0p5_capmatch,24880.019999999997,0.15396928430386442,0.15475633809216335,0.1552140344584389,0.11139285380469507,0.1123514697
B0p5_capmatch,24960.019999999997,0.15446436255184146,0.15525141612734927,0.1557115425853681,0.11125418337348598,0.1122121289
B0p5_capmatch,25050.019999999997,0.15502132791354636,0.15580838020356844,0.156271254498829,0.11109571967355535,0.1120505407
B0p5_capmatch,25130.019999999997,0.15551640651902998,0.1563034599530563,0.15676878908560443,0.11094942868594745,0.1119008139
B0p5_capmatch,25210.019999999997,0.1560114859110282,0.15679854257136872,0.15726634209422044,0.11081069501912688,0.1117733344
B0p5_capmatch,25290.019999999997,0.1565065659465384,0.15729362345078046,0.15776389791908949,0.11068668063890137,0.1116236076
B0p5_capmatch,25370.019999999997,0.15700164448052076,0.15778869689930147,0.15826145694475835,0.11054750555498956,0.1114716753
B0p5_capmatch,25450.019999999997,0.15749671886742622,0.15828376462767682,0.15875902296696898,0.11042060245886516,0.1113160178
B0p5_capmatch,25530.019999999997,0.15799179682939796,0.15877883581665106,0.15925661642270292,0.11027754947842357,0.1112085357
B0p5_capmatch,25610.019999999997,0.15848687286083393,0.15927391557331433,0.15975423105544026,0.11015031062089456,0.1110639945
B0p5_capmatch,25690.019999999997,0.15898195539889046,0.15976899703703215,0.1602518549750246,0.11001900893042249,0.1109305844
B0p5_capmatch,25770.019999999997,0.15947703450488337,0.16026407506143964,0.16074948343388462,0.10987233468594668,0.1107912436
B0p5_capmatch,25850.019999999997,0.15997211618492405,0.16075915539929755,0.16124713554005504,0.10972794133265534,0.1106978431
B0p5_capmatch,25930.019999999997,0.16046719958099648,0.16125423455669224,0.16174478879041515,0.10956696508574883,0.1105236635
B0p5_capmatch,26020.019999999997,0.16102416615822385,0.16181119413338302,0.16230466525429554,0.10940781265908298,0.1103769168
B0p5_capmatch,26100.019999999997,0.16151924640823798,0.16230627331638864,0.16280235429849768,0.10926507872080565,0.1102301553
B0p5_capmatch,26180.019999999997,0.16201432644374814,0.16280135076672927,0.1633000480490981,0.10911343255116664,0.1100819185
B0p5_capmatch,26260.019999999997,0.16250940540673842,0.16329642881319756,0.1637977621453054,0.1089738157231849,0.1099410877
B0p5_capmatch,26340.019999999997,0.16300448458423267,0.16379150625970737,0.16429548131846336,0.10883608255272854,0.1097787544
B0p5_capmatch,26420.019999999997,0.16349956175968974,0.1642865791450681,0.16479321052281212,0.108677003712659,0.1096468195
B0p5_capmatch,26500.019999999997,0.16399464265321576,0.16478166006494188,0.16529097349158817,0.10856562214853893,0.1095193401
B0p5_capmatch,26580.019999999997,0.16448972311773383,0.1652767478187956,0.1657887495327408,0.10841857385462628,0.1093807295
B0p5_capmatch,26660.019999999997,0.16498480272423607,0.16577182869331047,0.16628652129865357,0.10825600109185059,0.1092147008
B0p5_capmatch,26740.019999999997,0.16547987768315214,0.16626690444063177,0.16678430606941985,0.10811132204950892,0.1090768501
B0p5_capmatch,26820.019999999997,0.16597495793316627,0.16676197788842398,0.16728210037381097,0.10798101992098617,0.1089145169
B0p5_capmatch,26900.019999999997,0.1664700309615466,0.16725705078148084,0.1677799128004179,0.1078457503860976,0.1087766662
B0p5_capmatch,26990.019999999997,0.16702698960212692,0.1678140148683949,0.168339980333909,0.1076729777280794,0.1086291596
B0p5_capmatch,27070.019999999997,0.167522064561043,0.16830909288437745,0.16883782090234017,0.10751227900340136,0.1084609032
B0p5_capmatch,27150.019999999997,0.1680171403064737,0.1688041669176589,0.16933567438370814,0.10736110851491884,0.1083386093
B0p5_capmatch,27230.019999999997,0.16851222084249318,0.16929924955265455,0.16983356171761776,0.1072270564489602,0.1082177982
B0p5_capmatch,27310.019999999997,0.16900730066349937,0.16979433328458718,0.17033144958968818,0.10709006625088385,0.1080495343
B0p5_capmatch,27390.019999999997,0.16950237676643662,0.1702894170598703,0.17082936071480093,0.10695027614628036,0.1079294533
B0p5_capmatch,27470.019999999997,0.16999745723095477,0.1707845048095748,0.17132728450420096,0.10680360537027342,0.1077619493
B0p5_capmatch,27550.019999999997,0.17049253519292654,0.17127957937313265,0.1718251926685813,0.10664046848696195,0.1075914726
B0p5_capmatch,27630.019999999997,0.1709876160149513,0.17177465630856142,0.17232314409149,0.10646862185074078,0.1074965894
B0p5_capmatch,27710.019999999997,0.17148269805249852,0.17226974520620272,0.17282111597851718,0.10634021256122818,0.1073268577
B0p5_capmatch,27790.019999999997,0.17197777680098478,0.1727648260755142,0.1733190792418301,0.1061935195511857,0.1071660221
B0p5_capmatch,27870.019999999997,0.17247285604998033,0.1732598972347184,0.1738170476096356,0.10603735561908283,0.1069985107
B0p5_capmatch,27960.019999999997,0.17302982262720773,0.17381685682777273,0.1743772999229557,0.10587870847268037,0.1068643555
B0p5_capmatch,28040.019999999997,0.17352489915915295,0.17431193714314247,0.1748753172417536,0.10574972168178537,0.1067057326
B0p5_capmatch,28120.019999999997,0.17401997969517238,0.17480701861891906,0.17537335231282325,0.10560703704666044,0.1065678671
B0p5_capmatch,28200.019999999997,0.17451505951617857,0.17530210581484407,0.1758714098670214,0.10544887466409684,0.1064337119
B0p5_capmatch,28280.019999999997,0.17501014148222446,0.1757971849530222,0.17636945456892103,0.10529626375240221,0.1062498987
B0p5_capmatch,28360.019999999997,0.17550521830017501,0.17629225957726147,0.17686752445813064,0.10514296605625548,0.1061320454
B0p5_capmatch,28440.019999999997,0.17600029769217326,0.17678733989667444,0.1773656145631406,0.10499716249848833,0.1059867665
B0p5_capmatch,28520.019999999997,0.17649537922921127,0.17728242022026702,0.17786371804457096,0.10484701215235329,0.1058185175
B0p5_capmatch,28600.019999999997,0.17699045933622276,0.17777750168788942,0.1783618377194485,0.10469467342861778,0.1056784317
B0p5_capmatch,28680.019999999997,0.17748553937173292,0.17827258487366354,0.17885997469026477,0.10455279101982506,0.1055450141
B0p5_capmatch,28760.019999999997,0.17798061926424041,0.17876766805097508,0.17935812350158964,0.10441441014743524,0.1054056659
B0p5_capmatch,28850.019999999997,0.1785375803358658,0.17932462953357217,0.17991854386864223,0.10422503253845643,0.1052055433
B0p5_capmatch,28930.019999999997,0.1790326605858799,0.17981971103544556,0.180416734014534,0.10408922989457638,0.1050921381
B0p5_capmatch,29010.019999999997,0.17952774255192577,0.18031479705772593,0.18091493147869997,0.10394807861744006,0.1049105451
B0p5_capmatch,29090.019999999997,0.1800228215864174,0.18080987450623623,0.18141312924198327,0.10378413876040374,0.104751192
B0p5_capmatch,29170.019999999997,0.18051790112141824,0.18130495255484474,0.18191135320103913,0.10361726357698142,0.1046296284
B0p5_capmatch,29250.019999999997,0.18101298187194162,0.18180002655379893,0.18240957542647798,0.10347263623113814,0.1044524834
B0p5_capmatch,29330.019999999997,0.18150805854688948,0.18229510463308227,0.18290783912410927,0.10334439423409542,0.1043494567
B0p5_capmatch,29410.019999999997,0.18200313457832548,0.18279018319472887,0.18340609655409915,0.1031837829485635,0.1041537821
B0p5_capmatch,29490.019999999997,0.1824982135413158,0.18328525897314102,0.18390438201472897,0.10303751441601662,0.1040448248
B0p5_capmatch,29570.019999999997,0.18299329021626362,0.1837803461698102,0.18440269758653782,0.10288985611257835,0.1038891673
B0p5_capmatch,29650.019999999997,0.18348836596169432,0.18427542702783828,0.1849010021811967,0.10273421880070878,0.1037216559
B0p5_capmatch,29730.019999999997,0.18398344771323627,0.1847705091054458,0.18539934379415413,0.10256839710918011,0.1035860181
B0p5_capmatch,29820.019999999997,0.18454041371845306,0.1853274750686622,0.1859599731829094,0.10238167812296275,0.1033851579
B0p5_capmatch,29900.019999999997,0.18503549225243546,0.18582254854175212,0.1864583286604325,0.10223591169686015,0.1032406166
B0p5_capmatch,29980.019999999997,0.18553056971389795,0.18631763059731826,0.1869567179179229,0.10209251617601273,0.1031101644
B0p5_capmatch,30060.019999999997,0.18602564717536046,0.18681271031964475,0.18745510513733232,0.10192100941488222,0.1029315367
B0p5_capmatch,30140.019999999997,0.18652072842639314,0.1873077826307223,0.18795350224739377,0.10176547584077598,0.1027625427
B0p5_capmatch,30220.019999999997,0.18701580467233306,0.18780286183785982,0.1884519375460637,0.10160872146647046,0.1026365459
B0p5_capmatch,30300.019999999997,0.1875108779152173,0.1882979432827643,0.18895037823780242,0.10145768437041167,0.1024697646
B0p5_capmatch,30380.019999999997,0.1880059575217195,0.18879301500570633,0.18944881780299905,0.10131913322146743,0.1023074463
B0p5_capmatch,30460.019999999997,0.18850103812924027,0.1892880833195999,0.18994727750329432,0.1011741587795604,0.1021554992
B0p5_capmatch,30540.019999999997,0.18899611172963118,0.1897831562188684,0.19044576547441508,0.10098488649110958,0.1020102277
B0p5_capmatch,30620.019999999997,0.18949118747506188,0.19027822909026643,0.1909442615113539,0.10086537027628062,0.1018330753
B0p5_capmatch,30700.019999999997,0.18998626872609453,0.1907732979692166,0.19144276952256772,0.10069226724096382,0.1016878039
B0p5_capmatch,30790.019999999997,0.19054323194275966,0.19133025950280963,0.19200363621009175,0.1005074224986647,0.1015484557
B0p5_capmatch,30870.019999999997,0.1910383160538453,0.19182534669550283,0.1925022094383858,0.10036276763749703,0.1014098525
B0p5_capmatch,30950.019999999997,0.19153340080844286,0.1923204264071497,0.19300077085576567,0.10020900036139499,0.1012126952
B0p5_capmatch,31030.019999999997,0.19202847826990532,0.19281550504585776,0.19349936556007452,0.10004478636211747,0.1010911316
B0p5_capmatch,31110.019999999997,0.19252355651788236,0.1933105899362901,0.1939979791094641,0.09989925205187204,0.1009228826
B0p5_capmatch,31190.019999999997,0.19301863819792303,0.19380567484105232,0.19449660943276986,0.09975045577943421,0.1007687151
B0p5_capmatch,31270.019999999997,0.19351371966345965,0.19430075915701578,0.19499525113672495,0.09957761313509352,0.1006086171
B0p5_capmatch,31350.019999999997,0.19400879984197245,0.19479584234339062,0.1954939109560292,0.09942343898647873,0.1004507393
B0p5_capmatch,31430.019999999997,0.19450387766094152,0.1952909237968048,0.1959925814117308,0.09928261599599648,0.1002810001
B0p5_capmatch,31510.019999999997,0.19499895690993715,0.19578600067894805,0.19649126300639422,0.09913255694656878,0.1001275778
B0p5_capmatch,31590.019999999997,0.19549404002000428,0.19628107642680173,0.19698996433156474,0.09897169866329786,0.099974148
B0p5_capmatch,31670.019999999997,0.19598912055602372,0.1967761498719255,0.19748867655453692,0.09881019592151254,0.099801451
B0p5_capmatch,31760.019999999997,0.19654608205665702,0.1973331049397209,0.1980497492425085,0.09862028839330243,0.0996346697
B0p5_capmatch,31840.019999999997,0.19704115973262346,0.19782817380865858,0.19854849300715305,0.09845759357219848,0.0994612351
B0p5_capmatch,31920.019999999997,0.19753623168848392,0.19832325074520102,0.19904728240539685,0.09830700958096777,0.0993463472
B0p5_capmatch,32000.019999999997,0.1980313086494371,0.19881833333234222,0.19954607947135516,0.09814425158727394,0.0991803184
B0p5_capmatch,32080.019999999997,0.19852638811293669,0.1993134107937877,0.200044886181236,0.09797419786631428,0.0990291163
B0p5_capmatch,32160.019999999997,0.19902146557439918,0.1998084848081209,0.20054370288887063,0.09781881080092963,0.0988578945
B0p5_capmatch,32240.019999999997,0.19951654267835497,0.20030355597996763,0.2010425379804442,0.09766149477305971,0.0987044722
B0p5_capmatch,32320.019999999997,0.20001161885279362,0.20079862887038324,0.20154139603241208,0.09753507146261023,0.0985591933
B0p5_capmatch,32400.019999999997,0.20050669609975202,0.20129370692159976,0.20204028286388664,0.09736172680777638,0.0983961299
B0p5_capmatch,32480.019999999997,0.20100177413322512,0.20178879240647507,0.20253919684918162,0.09721375845955081,0.0982642025
B0p5_capmatch,32560.019999999997,0.20149685681428425,0.20228387268962408,0.20303810312349668,0.09707335211611458,0.0980633274
B0p5_capmatch,32640.019999999997,0.20199193649228778,0.20277895075131136,0.2035370395506078,0.09691134254500623,0.0979425162
B0p5_capmatch,32730.019999999997,0.20254889978045426,0.20333590899108112,0.20409834074907313,0.0967190314443899,0.0977342427
B0p5_capmatch,32810.02,0.20304398267601745,0.20383098536542874,0.2045973225810256,0.09657299149030531,0.0976252854
B0p5_capmatch,32890.02,0.20353906299753294,0.20432607541630188,0.2050963340421538,0.09642729562232155,0.0974740833
B0p5_capmatch,32970.02,0.20403414060199804,0.20482115741211837,0.2055953314649355,0.0962438196714591,0.0972843245
B0p5_capmatch,33050.02,0.2045292161329247,0.20531623087210676,0.20609434439563,0.09609888426841172,0.0971249714
B0p5_capmatch,33130.02,0.20502429402339514,0.2058113140956915,0.20659340619536493,0.09596171415337126,0.0970034152
B0p5_capmatch,33210.02,0.20551937191386555,0.20630639378716517,0.2070924539363293,0.09581189079632933,0.096806258
B0p5_capmatch,33290.02,0.2060144470157843,0.20680146727365473,0.20759152892233318,0.0956562413496874,0.0966632068
B0p5_capmatch,33370.02,0.20650952926783553,0.2072965510458167,0.2080906418359716,0.09547728924645493,0.0965290442
B0p5_capmatch,33450.02,0.20700460501326623,0.20779163075796403,0.20858974879375736,0.09534539558646274,0.0963644981
B0p5_capmatch,33530.02,0.20749968226022467,0.2082867111196225,0.20908889332292113,0.09519807878398649,0.0962325633
B0p5_capmatch,33610.02,0.2079947645837772,0.2087817942742998,0.20958804673786835,0.0950237329255304,0.0960643142
B0p5_capmatch,33700.02,0.20855172930197013,0.2093387615866162,0.21014962364577877,0.09484685509205935,0.0959145948
B0p5_capmatch,33780.02,0.20904680812195775,0.20983384877495095,0.21064882858362022,0.09471374483523,0.0957507864
B0p5_capmatch,33860.02,0.20954188365288445,0.21032892906109885,0.21114802881689693,0.0945752558220165,0.095583275
B0p5_capmatch,33940.02,0.21003696390289858,0.2108240071191212,0.21164725985282273,0.09441526243340426,0.0954365209
B0p5_capmatch,34020.02,0.21053204315189414,0.2113190931744249,0.2121465236515081,0.09423982735413423,0.0953008831
B0p5_capmatch,34100.02,0.21102712476043342,0.21181418092656087,0.212645801132945,0.09410955851168935,0.0951541215
B0p5_capmatch,34180.02,0.21152220150688264,0.21230926179246495,0.21314507864348486,0.09395637078139239,0.0949777141
B0p5_capmatch,34260.02,0.21201727996936365,0.21280433696586804,0.21364437412563014,0.09379429181357617,0.0948146507
B0p5_capmatch,34340.02,0.21251235213972808,0.21329940984010334,0.2141436860607151,0.09363715954791339,0.0946597382
B0p5_capmatch,34420.02,0.21300743453478188,0.21379448216182897,0.2146430224583808,0.09348822996535439,0.0945115015
B0p5_capmatch,34500.02,0.2135025165008278,0.2142895590652753,0.2151423885546302,0.09334210133048687,0.0943780839
B0p5_capmatch,34580.02,0.21399759360478357,0.21478463249170593,0.2156417557265795,0.09318159737680368,0.0942009315
B0p5_capmatch,34670.02,0.21455455639244073,0.2153415901600904,0.21620358284227992,0.09301426261288324,0.0940519571
B0p5_capmatch,34750.02,0.2150496369284601,0.21583667163411577,0.216703015804588,0.09287498400739369,0.093913354
B0p5_capmatch,34830.02,0.21554471295989605,0.2163317548156672,0.21720246500939236,0.09271898058025921,0.0937643722
B0p5_capmatch,34910.02,0.21603979034985715,0.21682684087183957,0.21770193998804846,0.09256344316721082,0.0936183557
B0p5_capmatch,34990.02,0.21653487002786068,0.2173219211494631,0.21820140956882447,0.09242097756862122,0.0934375003
B0p5_capmatch,35070.02,0.21702995084988538,0.2178169980653269,0.2187009096526786,0.09227343198111851,0.0933233574
B0p5_capmatch,35150.02,0.21752503088539557,0.218312083552609,0.21920044603509928,0.09211437338145197,0.0931817889
B0p5_capmatch,35230.02,0.21802011027739376,0.21880716267977393,0.21969997189923807,0.09197056042035713,0.0929987133
B0p5_capmatch,35310.02,0.2185151897408933,0.21930224018281608,0.22019953614149385,0.09182613373791533,0.0928749293
B0p5_capmatch,35390.02,0.2190102702054114,0.2197973245024233,0.22069912484174942,0.09167418406777766,0.0927237198
B0p5_capmatch,35470.02,0.21950534845338843,0.22029240250893029,0.22119871357401458,0.09151889607175182,0.0925695524
B0p5_capmatch,35550.02,0.2200004257003469,0.2207874782693741,0.22169832969539713,0.09137351507277064,0.0924324319
B0p5_capmatch,35640.02,0.22055739220607298,0.22134444105427706,0.2222604246016444,0.09122801337173486,0.0922478735
B0p5_capmatch,35720.02,0.2210524713835672,0.22183952311605398,0.22276009802297958,0.0910740722657582,0.0921255797
B0p5_capmatch,35800.02,0.22154755170508264,0.2223346051292442,0.22325977921936135,0.09093677675281243,0.0919439793
B0p5_capmatch,35880.02,0.22204263281311268,0.22282968661614372,0.22375948820767952,0.09079335095979109,0.0918187201
B0p5_capmatch,35960.02,0.2225377149221613,0.2233247692103546,0.22425921237209984,0.0906483856143634,0.091675669
B0p5_capmatch,36040.02,0.2230327958156873,0.22381985126019607,0.2247589605635817,0.09049322677745748,0.0915370658
B0p5_capmatch,36120.02,0.2235278757796961,0.22431493156006732,0.22525871927653324,0.09033980480183394,0.0913673267
B0p5_capmatch,36200.02,0.22402295081011347,0.22481000902771572,0.225758499639371,0.09020879123131258,0.0912361369
B0p5_capmatch,36280.02,0.22451802912959176,0.2253050876331825,0.2262583035066581,0.09008363193966479,0.091104202
B0p5_capmatch,36360.02,0.2250131075205714,0.22580016911432826,0.22675813627401126,0.08992951047998066,0.0909700394
B0p5_capmatch,36440.02,0.22550818441002327,0.22629524653812844,0.22725796963539707,0.08977498704974181,0.0908055007
B0p5_capmatch,36520.02,0.22600326473153873,0.22679031713544667,0.2277578201987574,0.08965242356823797,0.0906572565
B0p5_capmatch,36610.02,0.2265602288777211,0.2273472806065198,0.2283202083340393,0.08950662137103226,0.0905305147
B0p5_capmatch,36690.02,0.22705530176309874,0.22784235916754347,0.22882011000101773,0.08934509475241047,0.0903570652
B0p5_capmatch,36770.02,0.22755037550649232,0.22833743091525607,0.22932002907248294,0.08918814872196966,0.090218462
B0p5_capmatch,36850.02,0.22804545361146666,0.22883251242875485,0.2298200003799935,0.08906215579919394,0.0901198834
B0p5_capmatch,36930.02,0.22854053672153382,0.22932760189921228,0.2303199926359707,0.08894337083341314,0.0899709091
B0p5_capmatch,37010.02,0.22903561575602546,0.22982268849993676,0.23081999225405167,0.08880478237456783,0.089815259
B0p5_capmatch,37090.02,0.22953069386099983,0.23031777340075474,0.23132001314459705,0.08867272605189931,0.0897063017
B0p5_capmatch,37170.02,0.23002577082195305,0.23081284678994185,0.23182001972117205,0.08854060759766427,0.0895335972
B0p5_capmatch,37250.02,0.2305208474969009,0.23130791571359735,0.23232006779537617,0.08839601820661597,0.0894061103
B0p5_capmatch,37330.02,0.2310159274609097,0.23180299605799493,0.23282016048576049,0.08824082942327888,0.0892749205
B0p5_capmatch,37410.02,0.2315110070674119,0.2322980803835676,0.23332027168295738,0.08810553822802795,0.0891496539
B0p5_capmatch,37490.02,0.23200608924796176,0.23279316470914027,0.23382040064602622,0.08800201946408767,0.0890192091
B0p5_capmatch,37580.02,0.23256305096309912,0.23335012681760697,0.2343830474589845,0.08783030152747588,0.0888435468
B0p5_capmatch,37660.02,0.2330581264225245,0.23384520662024394,0.23488322695463484,0.08772006473948249,0.0887279138
B0p5_capmatch,37740.02,0.2335532058145227,0.23434028804242105,0.23538341168223528,0.08759209574545061,0.0885663331
B0p5_capmatch,37820.02,0.23404828377649442,0.23483535919501775,0.2358836015060804,0.0874571737194074,0.0884403288
B0p5_capmatch,37900.02,0.2345433572338827,0.23533043901168244,0.23638385299970155,0.08732624870008275,0.0883313715
B0p5_capmatch,37980.02,0.2350384348383478,0.235825526749092,0.23688412097594444,0.08719045421167125,0.0882135257
B0p5_capmatch,38060.02,0.23553351187080226,0.23632061222545286,0.23738440523830076,0.08706958633212952,0.0880830735
B0p5_capmatch,38140.02,0.23602858997577666,0.2368156982636614,0.23788471072143108,0.08691507746067208,0.0879444629
B0p5_capmatch,38220.02,0.23652367337184907,0.23731077970532238,0.23838502430466785,0.08677325499890035,0.0877947435
B0p5_capmatch,38300.02,0.2370187529068499,0.23780585774219934,0.23888536105910343,0.08665064966673043,0.0876702219
B0p5_capmatch,38380.02,0.23751383208434418,0.23830093749855402,0.23938572689277537,0.08653324253901347,0.087550886
B0p5_capmatch,38470.02,0.2380707967310359,0.238857910616319,0.23994868678039205,0.08639296307133722,0.0874204412
B0p5_capmatch,38550.02,0.23856587311997846,0.23935299085823752,0.24044907838732157,0.08627105232090898,0.0872455165
B0p5_capmatch,38630.02,0.23906095115345152,0.23984806723122495,0.24094951373164397,0.08616162294647862,0.0871543437
B0p5_capmatch,38710.02,0.23955602761389544,0.24034315154982722,0.24144997928689968,0.08599941976624072,0.0870149955
B0p5_capmatch,38790.02,0.2400511048608539,0.2408382284007855,0.24195044127088733,0.08586978629171171,0.0868719518
B0p5_capmatch,38870.02,0.24054618797092103,0.24133330647987922,0.24245094823830432,0.08573872517487023,0.0867711455
B0p5_capmatch,38950.02,0.24104127236801198,0.2418283867696689,0.24295146779411292,0.08562672126676021,0.0866318047
B0p5_capmatch,39030.02,0.24153635268952744,0.24232347000072374,0.2434520294137801,0.08551796249429387,0.0865295157
B0p5_capmatch,39110.02,0.24203142907847006,0.24281855831262755,0.24395260931318863,0.085399897787549,0.0863894299
B0p5_capmatch,39190.02,0.24252650754095104,0.2433136403287896,0.24445319389593967,0.08530553954922487,0.0862515643
B0p5_capmatch,39270.02,0.24302158621793604,0.24380871260282386,0.24495378120366074,0.0851806045384005,0.0861351937
B0p5_capmatch,39350.02,0.2435166642514091,0.24430378207764322,0.24545440407590813,0.08505177978206101,0.0860136375
B0p5_capmatch,39440.02,0.24407362918410602,0.24486074360119559,0.24601765356302552,0.08491345348714657,0.0859202519
B0p5_capmatch,39520.02,0.24456870821859766,0.2453558221922051,0.24651833649947386,0.08478665721668076,0.0857816488
B0p5_capmatch,39600.02,0.24506378768209716,0.24585090081218058,0.2470190461022661,0.08466014824411978,0.0856674984
B0p5_capmatch,39680.02,0.24555886578707153,0.24634598113003897,0.2475197784106097,0.08454687486478048,0.0855377913
B0p5_capmatch,39760.02,0.24605394689510154,0.246841059152536,0.24802052606241753,0.08444762600072442,0.0854102969
B0p5_capmatch,39840.02,0.24654902564358783,0.247336133167254,0.2485212889626094,0.08430930121369615,0.0852798522
B0p5_capmatch,39920.02,0.24704410324805293,0.24783120836273095,0.24902208718870822,0.08417101737210701,0.0851745978
B0p5_capmatch,40000.02,0.24753917949399287,0.24832628524108996,0.24952290595441995,0.08406111675686881,0.0850493386
B0p5_capmatch,40080.02,0.24803426267556133,0.24882135926306187,0.2500237413914654,0.08396160314931826,0.0849411264
B0p5_capmatch,40160.02,0.24852934099503976,0.24931643560279448,0.25052461224872097,0.08385266830734205,0.0848232731
B0p5_capmatch,40240.02,0.24902442424810955,0.24981151362505724,0.2510255025911844,0.0837325116012144,0.0847091302
B0p5_capmatch,40320.02,0.2495195035686065,0.2503065922455007,0.2515264207112887,0.0836131601688469,0.0845868289
B0p5_capmatch,40410.02,0.2500764707178445,0.25086355436912,0.25208997064780275,0.083510281228624,0.0844534114
B0p5_capmatch,40490.02,0.25057155239788514,0.2513586381868084,0.25259095828860756,0.08339119571564489,0.0843600258
B0p5_capmatch,40570.02,0.25106663543645097,0.25185372936136746,0.25309196612510493,0.08326403451818538,0.0842466205
B0p5_capmatch,40650.02,0.251561713469924,0.2523488148081709,0.25359297710315387,0.08315601921046191,0.0841235816
B0p5_capmatch,40730.02,0.2520567931479275,0.25284390202810136,0.2540940282283569,0.08304930927023506,0.0840324163
B0p5_capmatch,40810.02,0.2525518719679152,0.25333899263431614,0.25459510091821935,0.08294390217378025,0.0839175284
B0p5_capmatch,40890.02,0.25304696079808825,0.25383408211182223,0.255096194565522,0.08283401254117063,0.0838011652
B0p5_capmatch,40970.02,0.25354204369365135,0.25432917330922483,0.2555973164753646,0.08268801363490655,0.0837040618
B0p5_capmatch,41050.02,0.2540371272327265,0.2548242616118188,0.2560984482442864,0.0826155899398145,0.083568424
B0p5_capmatch,41130.02,0.25453220862676174,0.2553193396026159,0.25659958052839776,0.08248338290716939,0.0834453851
B0p5_capmatch,41210.02,0.2550272888052746,0.255814413647564,0.2571007465990722,0.08237641864916509,0.0833519921
B0p5_capmatch,41290.02,0.25552236605223305,0.2563094893890728,0.25760194187966906,0.08227694910865709,0.0832319185
B0p5_capmatch,41380.02,0.2560793304129194,0.256866450900373,0.25816582115013,0.08216869462819375,0.0831244439
B0p5_capmatch,41460.02,0.25657441066293357,0.25736152662611905,0.2586670643700205,0.08207634986118567,0.0830043703
B0p5_capmatch,41540.02,0.2570694892684172,0.257856607574887,0.25916835717158193,0.08197033176453898,0.0829376653
B0p5_capmatch,41620.02,0.25756456715888765,0.2583516895648916,0.25966965476200615,0.08188312478991484,0.0827946067
B0p5_capmatch,41700.02,0.2580596469083925,0.25884676934617196,0.260170983603773,0.08175667677137022,0.0827056617
B0p5_capmatch,41780.02,0.258554729446449,0.2593418461837686,0.26067231702129545,0.0816491566736408,0.0825700238
B0p5_capmatch,41860.02,0.25904981112648967,0.25983692082117205,0.26117368723442025,0.08153942044041644,0.0824914575
B0p5_capmatch,41940.02,0.2595448960240899,0.2603320040268121,0.2616751010668229,0.08143506678722413,0.0824017748
B0p5_capmatch,42020.02,0.26003997927715966,0.2608270889123103,0.26217653039647504,0.08134589458172832,0.0822935626
B0p5_capmatch,42100.02,0.2605350609572003,0.2613221692135988,0.26267796988248204,0.08126613154906402,0.0821838677
B0p5_capmatch,42180.02,0.2610301407067051,0.2618172455229117,0.2631794297545622,0.08116008010738789,0.0820763931
B0p5_capmatch,42260.02,0.261525222243743,0.2623123293375151,0.26368094621335025,0.08106515507479102,0.0820052326
B0p5_capmatch,42350.02,0.26208218982198905,0.26286929397408354,0.26424513762370183,0.0809534104476831,0.081862919
B0p5_capmatch,42430.02,0.2625772732895628,0.2633643703570863,0.26474668796591444,0.08085946060872291,0.081796214
B0p5_capmatch,42510.02,0.2630723574721498,0.26385945582668024,0.2652482747421503,0.0807558574934461,0.081690222
B0p5_capmatch,42590.02,0.2635674354341215,0.26435453265422326,0.2657498491632213,0.08064493456156689,0.0815731138
B0p5_capmatch,42670.02,0.26406251647065015,0.26484961248651223,0.2662514851743333,0.08054648470645563,0.0815115944
B0p5_capmatch,42750.02,0.26455759800768813,0.265344697338404,0.2667531342292335,0.08047970133416654,0.0813774392
B0p5_capmatch,42830.02,0.26505268061724596,0.26583978285801035,0.26725482100319387,0.08039781317893395,0.0813159198
B0p5_capmatch,42910.02,0.2655477655863475,0.2663348700060023,0.26775652018856255,0.08024105669828299,0.0811973289
B0p5_capmatch,42990.02,0.26604284469234046,0.26682994916250224,0.2682582265436112,0.08015391887939134,0.0810957775
B0p5_capmatch,43070.02,0.26653792301181883,0.2673250323945674,0.268759985078406,0.08009956667215405,0.0810364857
B0p5_capmatch,43150.02,0.26703300640789124,0.26782011494920444,0.26926174710554274,0.0800262479299698,0.0809097365
B0p5_capmatch,43230.02,0.26752809087648355,0.2683151878176153,0.26976351822756633,0.07991496881399039,0.0807955936
B0p5_capmatch,43320.02,0.2680850553801725,0.26887215324492264,0.27032808466057034,0.07979059889165087,0.0806903467
B0p5_capmatch,43400.02,0.26858013527268,0.2693672329176006,0.27082991767313136,0.07972099442122954,0.080586575
B0p5_capmatch,43480.02,0.26907521995577627,0.269862313320446,0.271331803873046,0.07965709073138716,0.0805724934
B0p5_capmatch,43560.02,0.2695702974172387,0.27035739874708603,0.2718337059135324,0.07955147625717411,0.0804516822
B0p5_capmatch,43640.02,0.2700653793832847,0.2708524836834554,0.2723356404862376,0.07946391555913707,0.0803790465
B0p5_capmatch,43720.02,0.27056046206434387,0.2713475650841204,0.27283757451331325,0.0793807633432268,0.0802574828
B0p5_capmatch,43800.02,0.271055547390952,0.2718426448856633,0.2733395514090754,0.0793007781089943,0.0801870674
B0p5_capmatch,43880.02,0.27155063178804306,0.2723377332283663,0.2738415690592967,0.07922192335639375,0.0801092386
B0p5_capmatch,43960.020000000004,0.27204571189505455,0.27283282385042174,0.27434360864802126,0.07911294582448858,0.0800343826
B0p5_capmatch,44040.020000000004,0.27254079622064425,0.27332791388733946,0.2748456665296153,0.07905371156519601,0.079935804
B0p5_capmatch,44120.020000000004,0.273035882119263,0.2738229935665117,0.2753477146466754,0.07897261822080683,0.0798268467
B0p5_capmatch,44200.020000000004,0.27353096022423734,0.274318075115805,0.27584982582876705,0.0788807104435345,0.0797816366
B0p5_capmatch,44290.020000000004,0.27408792465642506,0.2748750397456751,0.2764146947739145,0.07878726774207809,0.0796467364
B0p5_capmatch,44370.020000000004,0.2745830025468955,0.27537011843993486,0.2769168566269906,0.0787096870062056,0.0796074569
B0p5_capmatch,44450.020000000004,0.2750780854424586,0.27586520733268444,0.277419053412101,0.07863228337284137,0.0795118436
B0p5_capmatch,44530.020000000004,0.2755731663359846,0.2763602904784896,0.27792124860947504,0.07855752805869033,0.0794266015
B0p5_capmatch,44610.020000000004,0.27606824787302264,0.27685536620148926,0.27842345707377536,0.07845712331888195,0.0793413594
B0p5_capmatch,44690.020000000004,0.276563328409042,0.2773504454284366,0.2789257177199318,0.0783947696236016,0.0792790949
B0p5_capmatch,44770.020000000004,0.2770584088020588,0.2778455268623745,0.2794279946695509,0.07831823239566806,0.0791812614
B0p5_capmatch,44850.020000000004,0.2775534895525822,0.2783406054768936,0.27993029460431507,0.07825698657623495,0.079116039
B0p5_capmatch,44930.020000000004,0.27804856880157774,0.2788356823436248,0.28043261311163337,0.07820616905994764,0.079018198
B0p5_capmatch,45010.020000000004,0.2785436461200375,0.27933076213866587,0.28093497679835067,0.0781466581189027,0.0789648294
B0p5_capmatch,45090.020000000004,0.27903872608404634,0.27982584587851844,0.2814373641868091,0.07806760830621474,0.0788818225
B0p5_capmatch,45170.020000000004,0.27953380411751944,0.2803209256096686,0.281939762552494,0.07798959607970388,0.0788032487
B0p5_capmatch,45260.020000000004,0.2800907686212084,0.28087789099220956,0.28250500309463317,0.07791368243807244,0.0787187591
B0p5_capmatch,45340.020000000004,0.28058584930023056,0.2813729724438826,0.28300746306418034,0.07783747251453121,0.0786913335
B0p5_capmatch,45420.020000000004,0.28108092962174597,0.2818680533466521,0.28350994991745365,0.07777119267993937,0.0786246285
B0p5_capmatch,45500.020000000004,0.2815760110872826,0.28236313307756034,0.2840124555273003,0.0777065090199272,0.0785460547
B0p5_capmatch,45580.020000000004,0.28207109133729674,0.2828582122690166,0.2845149914629539,0.07762963432131299,0.0784711912
B0p5_capmatch,45660.020000000004,0.2825661743758625,0.2833532966226356,0.28501756867021066,0.0775465186102938,0.0784156024
B0p5_capmatch,45740.020000000004,0.283061254482874,0.28384838149677993,0.28552016018393805,0.07748240122454926,0.078336291
B0p5_capmatch,45820.020000000004,0.2835563351618961,0.2843434618041947,0.28602276596603454,0.07741907070170775,0.0782636553
B0p5_capmatch,45900.020000000004,0.28405141541191015,0.2848385398329493,0.2865253970208096,0.07734778664383848,0.078176938
B0p5_capmatch,45980.020000000004,0.28454649344538324,0.2853336207547078,0.2870280687510851,0.07729297898686739,0.0781295002
B0p5_capmatch,46060.020000000004,0.2850415764839492,0.28582870277337774,0.2875307596599057,0.07723293196672375,0.0780398175
B0p5_capmatch,46140.020000000004,0.2855366551609341,0.28632378079266796,0.2880334656557962,0.07716194767106568,0.0779805183
B0p5_capmatch,46230.020000000004,0.2860936223101721,0.2868807455368299,0.28859905654728935,0.0770821166011312,0.0779093653
B0p5_capmatch,46310.020000000004,0.2865887016306691,0.28737582871838135,0.2891018345879971,0.07701767564578776,0.0778411776
B0p5_capmatch,46390.020000000004,0.28708378352521363,0.2878709153604587,0.2896046482317038,0.07693731790814476,0.0777892917
B0p5_capmatch,46470.020000000004,0.28757886878032046,0.2883660036758534,0.2901074812368797,0.07690138862820514,0.077724807
B0p5_capmatch,46550.020000000004,0.28807395074636655,0.2888610827914795,0.2906103067100561,0.07683325059006435,0.0776202977
B0p5_capmatch,46630.020000000004,0.2885690252762747,0.28935616203090075,0.29111318527428737,0.07676762291989443,0.077587679
B0p5_capmatch,46710.020000000004,0.2890641078858326,0.2898512451838203,0.2916160870080957,0.07670650398992862,0.077512823
B0p5_capmatch,46790.020000000004,0.289559188421852,0.29034632320293885,0.2921190002882245,0.0766482501971056,0.077437222
B0p5_capmatch,46870.020000000004,0.2900542689578714,0.2908414047115358,0.29262196167261667,0.07658571630719974,0.0774053484
B0p5_capmatch,46950.020000000004,0.29054934749185374,0.29133648382669697,0.29312492400407986,0.0765109695862836,0.0773052871
B0p5_capmatch,47030.020000000004,0.2910444260258361,0.2918315572984707,0.2936279114318425,0.07644757061783304,0.0772622973
B0p5_capmatch,47110.020000000004,0.2915395066333569,0.29232663708642354,0.29413095058174654,0.07640783993247538,0.0772200525
B0p5_capmatch,47200.020000000004,0.2920964759276347,0.2928836056566792,0.29469689600279514,0.07633363969728768,0.077154085
B0p5_capmatch,47280.020000000004,0.29259155639215284,0.293378691155215,0.2951999939994773,0.0762779001531338,0.0770999789
B0p5_capmatch,47360.020000000004,0.2930866371426762,0.29387377082740695,0.29570308324127337,0.07622552841809872,0.0770110339
B0p5_capmatch,47440.020000000004,0.29358171610566647,0.2943688443089705,0.29620620262986075,0.0761781724901982,0.0769547001
B0p5_capmatch,47520.020000000004,0.29407679342412624,0.2948639275486726,0.29670938525450985,0.07613498900635426,0.0769309849
B0p5_capmatch,47600.020000000004,0.29457187117159395,0.29535901644062346,0.29721258959764113,0.07606628527282545,0.0768783614
B0p5_capmatch,47680.020000000004,0.2950669549966743,0.2958540990064172,0.2977157910507926,0.07599838004152921,0.0767879337
B0p5_capmatch,47760.020000000004,0.29556203603320297,0.29634917762162055,0.29821902080056706,0.07596855797932282,0.0767471641
B0p5_capmatch,47840.020000000004,0.2960571152821984,0.296844262563087,0.2987223024498561,0.07589712145749063,0.0766945407
B0p5_capmatch,47920.020000000004,0.2965521986067694,0.2973393433784608,0.2992255749184475,0.07582641548642097,0.0766100362
B0p5_capmatch,48000.020000000004,0.29704728264635366,0.2978344231964246,0.29972889623304644,0.07577638596953518,0.076581873
B0p5_capmatch,48090.020000000004,0.297604249652589,0.2983914008127231,0.30029519064270244,0.07572935045744575,0.0765344352
B0p5_capmatch,48170.020000000004,0.29809933197614147,0.29888649428065056,0.3007985799020426,0.07568983659164719,0.0764729157
B0p5_capmatch,48250.020000000004,0.2985944165877364,0.2993815866143716,0.301301989242315,0.0756441973399162,0.0764277056
B0p5_capmatch,48330.020000000004,0.2990894991972942,0.29987667779422583,0.3018054193189218,0.07558712887382296,0.0763624832
B0p5_capmatch,48410.020000000004,0.2995845759437435,0.30037175860884546,0.3023088376853953,0.07553954568863537,0.0762824342
B0p5_capmatch,48490.020000000004,0.3000796573377788,0.3008668378505228,0.30281231003966386,0.07547689943267799,0.0762683526
B0p5_capmatch,48570.020000000004,0.3005747381598035,0.30136191811761237,0.30331579650220397,0.07541733448184035,0.0761883035
B0p5_capmatch,48650.020000000004,0.30106981840981756,0.3018570019553957,0.30381933955955553,0.0753740439300334,0.0761742145
B0p5_capmatch,48730.020000000004,0.30156490466594305,0.3023520867785485,0.3043228835504004,0.07533872354402264,0.0760949105
B0p5_capmatch,48810.020000000004,0.30205998541646645,0.3028471619420115,0.3048264357039586,0.07528621741562005,0.0760333911
B0p5_capmatch,48890.020000000004,0.3025550689555414,0.3033422446262226,0.30533005634384947,0.07523631075466355,0.0760155991
B0p5_capmatch,48970.020000000004,0.30305015049257944,0.30383732831496735,0.30583367797241645,0.07515810178490406,0.0759362951
B0p5_capmatch,49060.020000000004,0.30360712064487316,0.3043942891720697,0.3064002704813913,0.0751313331604186,0.0758784786
B0p5_capmatch,49140.020000000004,0.30410220110939135,0.30488936779754877,0.30690395171877594,0.07507421907126936,0.0758429021
B0p5_capmatch,49220.020000000004,0.30459728715101275,0.30538445446127577,0.3074076834477184,0.07500693617311138,0.0758184418
B0p5_capmatch,49300.020000000004,0.30509237111909576,0.3058795473720267,0.30791144220451144,0.07496542324274076,0.0757569149
B0p5_capmatch,49380.020000000004,0.30558745294213907,0.3063746391186549,0.30841521178379405,0.07493863447124499,0.0757005885
B0p5_capmatch,49460.020000000004,0.3060825333351558,0.3068697262791026,0.3089189917803905,0.07487304576999135,0.0756464824
B0p5_capmatch,49540.020000000004,0.3065776132991646,0.3073648134899474,0.3094228089402139,0.0748370743968537,0.0756190568
B0p5_capmatch,49620.020000000004,0.30707268925909914,0.3078598971879367,0.30992663001288734,0.07476631758687048,0.0755338222
B0p5_capmatch,49700.020000000004,0.30756777058163304,0.30835498157423413,0.310430499958985,0.0747269984887935,0.0755071342
B0p5_capmatch,49780.020000000004,0.30806285061714317,0.3088500681473001,0.3109343859256831,0.07468790492774693,0.0754419118
B0p5_capmatch,49860.020000000004,0.30855793229718387,0.30934514614521696,0.3114382724065575,0.07463734778647645,0.0753759444
B0p5_capmatch,49940.020000000004,0.30905301440623245,0.30984021959750274,0.31194218540208385,0.07459580507806199,0.0753248036
B0p5_capmatch,50030.020000000004,0.30960998484453145,0.31039718437556013,0.3125091550768717,0.07453825350301424,0.0752996057
B0p5_capmatch,50110.020000000004,0.31010506502304436,0.3108922640801569,0.31301313152556587,0.07449886292400269,0.0752284452
B0p5_capmatch,50190.020000000004,0.3106001508501619,0.3113873421474811,0.31351714573009104,0.07446481334920581,0.0752062127
B0p5_capmatch,50270.020000000004,0.31109523045666404,0.31188242878380634,0.31402120781669063,0.07442734907366663,0.0751624852
B0p5_capmatch,50350.020000000004,0.31159031599777615,0.31237751364712724,0.3145252693006404,0.07436164514001406,0.0751009658
B0p5_capmatch,50430.020000000004,0.3120854011098805,0.3128725997308506,0.31502937545411913,0.07431220212234495,0.0750839114
B0p5_capmatch,50510.020000000004,0.31258048493496077,0.31336769148871024,0.3155335107292788,0.07428186319829,0.075032033
B0p5_capmatch,50590.020000000004,0.31307556997556363,0.3138627815266436,0.3160376587174305,0.07424044954287821,0.0749882981
B0p5_capmatch,50670.020000000004,0.3135706550161665,0.314357870428301,0.3165418302839087,0.0741922781652904,0.0749490187
B0p5_capmatch,50750.020000000004,0.314065737339719,0.3148529570262506,0.3170460178505179,0.07412065151260876,0.0748867542
B0p5_capmatch,50830.020000000004,0.31456082445386035,0.31534804653536275,0.3175502513303673,0.07408847861330137,0.0748660043
B0p5_capmatch,50910.020000000004,0.3150559099949725,0.3158431359733917,0.31805449212411474,0.07406958386104306,0.0748052225
B0p5_capmatch,51000.020000000004,0.31561288086227934,0.31640009935287977,0.318621759066488,0.07401002941996686,0.0747273937
B0p5_capmatch,51080.020000000004,0.3161079620418107,0.31689517684637625,0.31912604522901256,0.0739524938024359,0.0747088641
B0p5_capmatch,51160.020000000004,0.3166030472969176,0.3173902536995591,0.3196303435896256,0.07392291143093878,0.0746399313
B0p5_capmatch,51240.020000000004,0.31709812704642243,0.3178853277451403,0.32013467157715103,0.07389757214626667,0.0745999068
B0p5_capmatch,51320.020000000004,0.31759320693892995,0.31838041212771345,0.320639065491714,0.07383947467505082,0.0746088028
B0p5_capmatch,51400.020000000004,0.3180882941960739,0.31887549812429566,0.3211434580020329,0.07378708754328932,0.07453987
B0p5_capmatch,51480.020000000004,0.31858338202522846,0.31937057614540776,0.3216478555928621,0.07376599029713737,0.0744872466
B0p5_capmatch,51560.020000000004,0.31907846442028226,0.31986565995274163,0.32215231472642425,0.07372169851695988,0.0744746476
B0p5_capmatch,51640.020000000004,0.3195735475303494,0.3203607551756193,0.32265682050117417,0.07367246919503657,0.0744375885
B0p5_capmatch,51720.020000000004,0.3200686359315145,0.32085585034013986,0.3231613254457411,0.07363645330492838,0.0743908957
B0p5_capmatch,51800.020000000004,0.3205637225451466,0.3213509415298397,0.32366584597784714,0.07360434569517973,0.0743441954
B0p5_capmatch,51880.020000000004,0.3210588078002535,0.3218460321433069,0.3241703910514113,0.07356633537150908,0.0742937922
B0p5_capmatch,51970.020000000004,0.32161577595051005,0.3224029967659734,0.32473798572242385,0.07352014170314836,0.0742167085
B0p5_capmatch,52050.020000000004,0.32211085720154264,0.32289806910066265,0.32524254904952954,0.07347375955336835,0.0741848424
B0p5_capmatch,52130.020000000004,0.3226059439581773,0.32339314427406574,0.32574715079280714,0.07339859891965754,0.0741477832
B0p5_capmatch,52210.020000000004,0.3231010257097192,0.32388821714218397,0.3262517666590783,0.07336808941495859,0.0740988627
B0p5_capmatch,52290.020000000004,0.3235961134673725,0.3243833004190397,0.32675646154394333,0.07334102148154165,0.0741047934
B0p5_capmatch,52370.020000000004,0.3240912012250256,0.3248783961848242,0.327261187529595,0.07328985060831084,0.0740469769
B0p5_capmatch,52450.020000000004,0.3245862856221166,0.32537349367976365,0.3277659286994937,0.073231075534502,0.0740106627
B0p5_capmatch,52530.020000000004,0.32508137402328185,0.32586859114839356,0.328270682550561,0.07319778492067817,0.0739706382
B0p5_capmatch,52610.020000000004,0.3255764667145265,0.326363686337751,0.32877545260093244,0.07316649879643469,0.0739313513
B0p5_capmatch,52690.020000000004,0.32607155482968647,0.32685877231278637,0.32928020912030653,0.07313398524337796,0.0738505572
B0p5_capmatch,52770.020000000004,0.3265666407283052,0.32735385784481036,0.32978502229073114,0.07307914123324956,0.0738512948
B0p5_capmatch,52850.020000000004,0.3270617273419373,0.32784895016957083,0.3302898680433689,0.07304164511509299,0.0737986714
B0p5_capmatch,52940.020000000004,0.32761870021128126,0.32840591737552716,0.3308577952290517,0.0730042648615864,0.0737097263
B0p5_capmatch,53020.020000000004,0.32811378539488684,0.32890099948546336,0.3313626810495999,0.0729616831278406,0.0737193599
B0p5_capmatch,53100.020000000004,0.32860887601259314,0.3293960895220495,0.3318675997416681,0.07294289349691954,0.0736667365
B0p5_capmatch,53180.020000000004,0.3291039568346179,0.32989117438766147,0.33237251414305014,0.07290252554337703,0.073609665
B0p5_capmatch,53260.020000000004,0.32959904116020755,0.330386259893963,0.3328774707401096,0.0728643120312585,0.0736000314
B0p5_capmatch,53340.020000000004,0.3300941236267627,0.33088134417344195,0.3333824317514319,0.07280971061119615,0.0735325813
B0p5_capmatch,53420.020000000004,0.3305892118849252,0.3313764279686783,0.33388743191831094,0.07278279412852855,0.0735162795
B0p5_capmatch,53500.020000000004,0.3310842960675123,0.3318715111037166,0.33439243826147635,0.07274351960397706,0.0734569803
B0p5_capmatch,53580.020000000004,0.3315793736719774,0.3323665851050643,0.3348974450397397,0.07269872358648832,0.0734058395
B0p5_capmatch,53660.020000000004,0.3320744530639756,0.3328616574324945,0.33540248851383947,0.07266806341506131,0.0733643323
B0p5_capmatch,53740.020000000004,0.33256954160814334,0.33335673088515155,0.33590755946670825,0.07263365636936535,0.0733257905
B0p5_capmatch,53820.020000000004,0.3330646311533297,0.33385181242169804,0.3364126912044225,0.07260232059857548,0.0733280107
B0p5_capmatch,53910.020000000004,0.33362159394098684,0.3344087906700662,0.3369810031750613,0.07255466423987283,0.0732991099
B0p5_capmatch,53990.020000000004,0.3341166779805711,0.33490388299422896,0.3374861771432025,0.07251454179611516,0.0732561201
B0p5_capmatch,54070.020000000004,0.3346117597321131,0.3353989672622031,0.3379913374496475,0.07247402358026138,0.0732064545
B0p5_capmatch,54150.020000000004,0.3351068411976497,0.33589404356998576,0.33849651248790813,0.07245501550244858,0.0731575415
B0p5_capmatch,54230.020000000004,0.3356019199461359,0.3363891175896847,0.3390017136027376,0.07243202259019994,0.0731338188
B0p5_capmatch,54310.020000000004,0.33609700205518467,0.3368841933594096,0.3395069534704114,0.07238235440192523,0.0731138065
B0p5_capmatch,54390.020000000004,0.3365920867382809,0.3373792760031305,0.34001223772891714,0.07235617667324099,0.0730641484
B0p5_capmatch,54470.020000000004,0.33708717034885727,0.33787436146291755,0.3405175372203959,0.07233950432686721,0.0730367228
B0p5_capmatch,54550.020000000004,0.3375822555324629,0.3383694504039675,0.3410228727710941,0.07229341787203063,0.0730219036
B0p5_capmatch,54630.020000000004,0.3380773423605989,0.33886453868911337,0.34152820807912715,0.07225463638430579,0.0729596391
B0p5_capmatch,54710.020000000004,0.3385724253991646,0.33935962533251973,0.3420335719118707,0.07220802090492727,0.0729359239
B0p5_capmatch,54790.020000000004,0.3390675128708126,0.3398547199941687,0.3425389846833895,0.07217379989240291,0.0729151592
B0p5_capmatch,54880.020000000004,0.33962448731318584,0.3404116936100124,0.34310754018730194,0.07214769923948354,0.0728365928
B0p5_capmatch,54960.020000000004,0.3401195721392848,0.34090677512079653,0.34361295645304235,0.0720894748871777,0.0728188083
B0p5_capmatch,55040.020000000004,0.34061465968243404,0.3414018553867477,0.34411838091763247,0.07205475955685904,0.0727750733
B0p5_capmatch,55120.020000000004,0.34110974601006083,0.3418969363411008,0.34462385180810184,0.07204613451483717,0.0727661848
B0p5_capmatch,55200.020000000004,0.34160482912012796,0.3423920200590286,0.3451293366896609,0.07199004635894522,0.0727031827
B0p5_capmatch,55280.020000000004,0.3420999193803275,0.3428871003856381,0.3456348361991232,0.07198432309647758,0.0726846531
B0p5_capmatch,55360.020000000004,0.34259500191838405,0.34338218070200505,0.3461403587927183,0.07195672990480247,0.0726394355
B0p5_capmatch,55440.020000000004,0.34309008624397375,0.34387726506879257,0.3466459232950193,0.07191489633794554,0.0726364702
B0p5_capmatch,55520.020000000004,0.34358517335811506,0.34437235916509423,0.3471515349254919,0.07188745934268292,0.0726149753
B0p5_capmatch,55600.020000000004,0.3440802605437577,0.34486744681888537,0.34765710945869915,0.07187018730232089,0.0725341886
B0p5_capmatch,55680.020000000004,0.3445753445118407,0.345362523713533,0.34816269403429384,0.07185416992610955,0.0725141764
B0p5_capmatch,55760.020000000004,0.3450704292664383,0.3458576057929275,0.3486683348645798,0.07178967707587465,0.0724986121
B0p5_capmatch,55850.020000000004,0.34562739612967097,0.3464145756365067,0.349237197584865,0.07177143624722866,0.0724556223
B0p5_capmatch,55930.020000000004,0.346122480741266,0.34690965651946376,0.3497428630040846,0.0717476082039728,0.0724215284
B0p5_capmatch,56010.020000000004,0.34661756706889274,0.3474047362689516,0.3502485505888764,0.07172874585991057,0.0723985508
B0p5_capmatch,56090.020000000004,0.34711265067946906,0.34789981832774713,0.3507542711142674,0.07171055396637523,0.0723770559
B0p5_capmatch,56170.020000000004,0.34760773436154674,0.34839490207597285,0.35126001040448074,0.07167877032598789,0.0723496303
B0p5_capmatch,56250.020000000004,0.3481028221907014,0.34888998468015714,0.35176576354229916,0.07163228603101418,0.0723147914
B0p5_capmatch,56330.020000000004,0.3485979088758347,0.3493850649855257,0.35227152833521047,0.07160454256840135,0.072262913
B0p5_capmatch,56410.020000000004,0.3490929914853925,0.34988014936506595,0.3527773397667669,0.07159007021559481,0.0722666159
B0p5_capmatch,56490.020000000004,0.3495880769550033,0.3503752371010355,0.35328316470213006,0.07155844442545882,0.0722317845
B0p5_capmatch,56570.020000000004,0.3500831613520944,0.3508703196833928,0.3537889867040792,0.07152930295569795,0.0721932426
B0p5_capmatch,56650.020000000004,0.35057824717921177,0.35136540578502196,0.3542948581505472,0.0715001599870481,0.0721984282
B0p5_capmatch,56730.020000000004,0.35107333529437157,0.3518604917663837,0.3548007255860305,0.0714729878136152,0.0721465424
B0p5_capmatch,56820.020000000004,0.3516303096652434,0.35241746231480736,0.35536986379907654,0.07145516201292137,0.0721280128
B0p5_capmatch,56900.020000000004,0.3521253933473211,0.3529125540930748,0.35587580226058685,0.07143775689670293,0.0721176341
B0p5_capmatch,56980.020000000004,0.35262047452685247,0.3534076441055204,0.3563817375503995,0.07139547000016745,0.0720613077
B0p5_capmatch,57060.020000000004,0.3531155618554977,0.3539027272537191,0.3568876698304121,0.07137085886653624,0.0720286965
B0p5_capmatch,57140.020000000004,0.3536106431065304,0.3543978122015108,0.3573936477959706,0.07135624055896927,0.0720190555
B0p5_capmatch,57220.020000000004,0.3541057275751228,0.35489289878153524,0.3578996357405827,0.0713184765214772,0.0719997883
B0p5_capmatch,57300.020000000004,0.3546008137597469,0.35538798080782885,0.35840562896191025,0.0712928111016697,0.0719560534
B0p5_capmatch,57380.020000000004,0.35509589930085905,0.3558830599683917,0.3589116359222355,0.07128330927047635,0.0719286278
B0p5_capmatch,57460.020000000004,0.3555909828399341,0.35637813916284283,0.3594176712654165,0.07126052345203307,0.0719175115
B0p5_capmatch,57540.020000000004,0.3560860698110729,0.35687322756629947,0.35992376446911634,0.07122607963343333,0.0719019398
B0p5_capmatch,57620.020000000004,0.35658115785473143,0.3573683163995902,0.3604298438175101,0.07119320416578294,0.071863398
B0p5_capmatch,57710.020000000004,0.3571381291510462,0.35792528109962163,0.3609991769088452,0.0711863434436916,0.0718159676
B0p5_capmatch,57790.020000000004,0.35763321848172863,0.35842035856106713,0.36150527585256736,0.07115220469714545,0.0717989206
B0p5_capmatch,57870.020000000004,0.35812830252131306,0.35891543602251264,0.36201139684173056,0.07110923172828659,0.07177075
B0p5_capmatch,57950.020000000004,0.35862339313901925,0.3594105157951148,0.36251754778226164,0.07109504530780407,0.0717603713
B0p5_capmatch,58030.020000000004,0.35911847674959557,0.35990560592196735,0.3630237562402147,0.0710928908313833,0.0717700124
B0p5_capmatch,58110.020000000004,0.3596135698698481,0.3604007033979662,0.36352997866880604,0.0710600614278954,0.0717307255
B0p5_capmatch,58190.020000000004,0.36010865526795754,0.3608957939514476,0.36403617351613393,0.07103498037753055,0.0716944113
B0p5_capmatch,58270.020000000004,0.36060374681518104,0.3613908834778265,0.36454240454474757,0.07099398264578413,0.071686253
B0p5_capmatch,58350.020000000004,0.3610988373613859,0.3618859775217032,0.3650486595906566,0.07097142908019742,0.0716603175
B0p5_capmatch,58430.020000000004,0.3615939246185299,0.36238106579828916,0.36555489910072614,0.07095387817411479,0.0716232508
B0p5_capmatch,58510.020000000004,0.36208901015964196,0.36287615186946975,0.3660611662090517,0.07093998823788877,0.0716002807
B0p5_capmatch,58590.020000000004,0.3625840973452846,0.36337123614756545,0.36656743611807885,0.07091680726652315,0.0715595111
B0p5_capmatch,58680.020000000004,0.36314106828409287,0.3639282041072778,0.3671370195885546,0.0708918014876789,0.0715417266
B0p5_capmatch,58760.020000000004,0.3636361572572686,0.36442329015485814,0.36764334412099164,0.07088520039402765,0.0715239346
B0p5_capmatch,58840.020000000004,0.3641312424408742,0.36491838139252053,0.3681497043462112,0.07084589435174257,0.0715076253
B0p5_capmatch,58920.020000000004,0.3646263337020924,0.36541346733187724,0.36865603308913764,0.07083025523599566,0.0714609325
B0p5_capmatch,59000.020000000004,0.36512141838518863,0.3659085465395252,0.36916237964742243,0.07082444068914213,0.0714438856
B0p5_capmatch,59080.020000000004,0.36561650228177034,0.3664036320454397,0.36966877338874304,0.07078369048760473,0.0714327693
B0p5_capmatch,59160.020000000004,0.3661115896104156,0.3668987197909306,0.37017517661739324,0.07074947051500283,0.0713905171
B0p5_capmatch,59240.020000000004,0.36660667879809533,0.36739380987316095,0.3706816059828043,0.07073749809913604,0.0713979304
B0p5_capmatch,59320.020000000004,0.36710176412470363,0.3678889056633901,0.37118806340503663,0.07072961816972897,0.0713979304
B0p5_capmatch,59400.020000000004,0.36759685181085555,0.368383998513949,0.37169450511199154,0.07069796154316256,0.0713630989
B0p5_capmatch,59480.020000000004,0.3680919359219413,0.3688790845371045,0.3722009452649687,0.07065803305192153,0.0713208467
B0p5_capmatch,59560.020000000004,0.36858702189206133,0.36937417059721556,0.3727074142674115,0.0706551849031098,0.0713245571
B0p5_capmatch,59650.020000000004,0.3691439929023708,0.3699311495130692,0.3732772386450619,0.07063277883793444,0.0713089854
B0p5_capmatch,59730.020000000004,0.3696390846640983,0.3704262406406745,0.37378373663509945,0.07060977207578374,0.0712608099
B0p5_capmatch,59810.020000000004,0.3701341689896878,0.37092132726674687,0.37429024463817057,0.07057387054943602,0.07124006
B0p5_capmatch,59890.020000000004,0.37062925624683185,0.3714164098200574,0.37479674889746634,0.07054236347955516,0.0712030008
B0p5_capmatch,59970.020000000004,0.3711243373548618,0.37191148901633575,0.3753032729998554,0.07052684709492607,0.0711955875
B0p5_capmatch,60050.020000000004,0.3716194235394859,0.37240657106643815,0.3758098261227464,0.07050592149873214,0.0711763129
B0p5_capmatch,60130.020000000004,0.37211450643504895,0.37290165193472674,0.37631638146096713,0.07047689800182491,0.071137771
B0p5_capmatch,60210.020000000004,0.37260959169015573,0.3733967380585459,0.3768229850018465,0.07046397075484252,0.0711503699
B0p5_capmatch,60290.020000000004,0.3731046773027692,0.37389182459604414,0.37732957416338186,0.0704470219010388,0.0710955262
B0p5_capmatch,60370.020000000004,0.3735997667049528,0.37438691186437856,0.37783619905227817,0.07043269979676141,0.0711088628
B0p5_capmatch,60450.020000000004,0.37409485560662725,0.37488200648614206,0.37834284860169065,0.07040247212397488,0.0710814446
B0p5_capmatch,60530.020000000004,0.37458993893119835,0.37537709879426306,0.37884948818739184,0.07037375263564388,0.0710199252
B0p5_capmatch,60620.020000000004,0.37514691008451057,0.37593407250038363,0.37941945617727224,0.07036434499474965,0.0710043609
B0p5_capmatch,60700.020000000004,0.3756419941240949,0.37642915681307576,0.37992610283167605,0.07034107594431573,0.0709739625
B0p5_capmatch,60780.020000000004,0.3761370799512124,0.37692424057309704,0.3804327678714835,0.07032210635664798,0.0709606186
B0p5_capmatch,60860.020000000004,0.37663216577832986,0.37741932663413563,0.3809394568743196,0.07028699948593103,0.0709502399
B0p5_capmatch,60940.020000000004,0.3771272516769487,0.377914412077742,0.38144614696670076,0.07027717315266081,0.070916146
B0p5_capmatch,61020.020000000004,0.37762233607403967,0.3784094946807671,0.3819528421679155,0.07026093442692925,0.0708998442
B0p5_capmatch,61100.020000000004,0.378117423188181,0.3789045807681138,0.3824595722817683,0.07023476037758376,0.0708887279
B0p5_capmatch,61180.020000000004,0.3786125121613566,0.3793996725494841,0.38296632598588615,0.07021314884714226,0.0708635226
B0p5_capmatch,61260.020000000004,0.37910759770246893,0.3798947631343131,0.3834730707162256,0.07019895696373957,0.0708398074
B0p5_capmatch,61340.020000000004,0.3796026866756447,0.3803898526277538,0.38397982925086394,0.070156290681096,0.0708153471
B0p5_capmatch,61420.020000000004,0.38009777293177005,0.3808849386098722,0.38448657641244777,0.0701315063939075,0.0707901493
B0p5_capmatch,61500.020000000004,0.38059286204794845,0.38138002355385425,0.38499334980695876,0.07012537172649659,0.0707864389
B0p5_capmatch,61590.020000000004,0.3811498356323057,0.38193699597195346,0.38556348078607994,0.07007587194658392,0.0707723573
B0p5_capmatch,61670.020000000004,0.381644922960951,0.3824320802975261,0.3860702689246779,0.07006185999375256,0.0707412288
B0p5_capmatch,61750.020000000004,0.38214000893107103,0.38292716751658545,0.38657708491346227,0.07003679109859261,0.0707286298
B0p5_capmatch,61830.020000000004,0.3826350956877057,0.38342225640483224,0.3870839070025037,0.07001613267464199,0.0706974939
B0p5_capmatch,61910.020000000004,0.38313018287334843,0.38391734763487595,0.38759075125395825,0.07000628500630643,0.0706804469
B0p5_capmatch,61990.020000000004,0.3836252706310017,0.384412439941627,0.3880975956744186,0.06996621187835926,0.0706456155
B0p5_capmatch,62070.020000000004,0.38412035803114847,0.3849075317236208,0.3886044510741706,0.06994990555103277,0.0706218928
B0p5_capmatch,62150.020000000004,0.38461544593180436,0.38540262751652415,0.38911133050244084,0.06994638261974442,0.0706033632
B0p5_capmatch,62230.020000000004,0.38511053540548934,0.3858977267279687,0.3896182229608691,0.06988975877574255,0.0705944672
B0p5_capmatch,62310.020000000004,0.3856056230201399,0.3863928247545292,0.3901251079369714,0.06985845476963798,0.0705507398
B0p5_capmatch,62390.020000000004,0.3861007079892414,0.38688791067993533,0.39063194645263544,0.06986087315364511,0.0705159009
B0p5_capmatch,62470.020000000004,0.38659579431686825,0.38738298931281767,0.3911388033782994,0.06986935614637264,0.070490703
B0p5_capmatch,62560.020000000004,0.3871527642546579,0.38793995337007836,0.3917090391743829,0.06985810459997295,0.0704699531
B0p5_capmatch,62640.020000000004,0.3876478518693084,0.38843503430494647,0.39221594223296363,0.0698267548999727,0.0704491958
B0p5_capmatch,62720.020000000004,0.38814293376385295,0.3889301163148305,0.3927228475252871,0.0697857044452286,0.0704277009
B0p5_capmatch,62800.020000000004,0.38863801401386705,0.3894251989590216,0.3932297701284212,0.06975541954322166,0.0704180673
B0p5_capmatch,62880.020000000004,0.3891330980534513,0.38992028442861554,0.3937367053202233,0.0697603963345297,0.0703921244
B0p5_capmatch,62960.020000000004,0.3896281830940542,0.3904153617925258,0.3942436020882318,0.06974827020671855,0.0703432038
B0p5_capmatch,63040.020000000004,0.39012326284355914,0.39091043471979875,0.39475051943085315,0.06972839049128125,0.0703446865
B0p5_capmatch,63120.020000000004,0.3906183467401408,0.39140551914342275,0.3952575017309886,0.06971216679031972,0.0703387558
B0p5_capmatch,63200.020000000004,0.3911134309227278,0.39190061031907886,0.3957644866547432,0.06969009192149991,0.0703395009
B0p5_capmatch,63280.020000000004,0.3916085186088798,0.3923956905208944,0.3962714125582185,0.0696550276996462,0.0702950284
B0p5_capmatch,63360.02099999999,0.39210361019561474,0.3928907759927404,0.3967783898910291,0.06961798859740562,0.0702965111
B0p5_capmatch,63440.02099999999,0.39259869859678,0.39338585738041515,0.39728535499565176,0.0695976496701892,0.0702535212
B0p5_capmatch,63530.02099999999,0.39315566939258556,0.3939428253947093,0.3978557247150992,0.06957461079420485,0.0702431425
B0p5_capmatch,63610.02099999999,0.39365075514820164,0.39443791659864047,0.3983627457665588,0.06954942114006506,0.0702475905
B0p5_capmatch,63690.02099999999,0.3941458420478389,0.3949330019826287,0.39886972604335097,0.06952906946402582,0.0701749548
B0p5_capmatch,63770.02099999999,0.3946409357401021,0.39542808695888587,0.3993767368561638,0.06950839840418235,0.0701971948
B0p5_capmatch,63850.02099999999,0.39513602092370775,0.39592317004005406,0.39988372469192124,0.06948253727960807,0.0701386333
B0p5_capmatch,63930.02099999999,0.39563110646481986,0.39641825737664016,0.40039076810665136,0.069466243554677,0.0701660588
B0p5_capmatch,64010.02099999999,0.39612619472298244,0.39691335599527133,0.4008978323895447,0.06944870930894571,0.0701341927
B0p5_capmatch,64090.02099999999,0.39662128055009993,0.3974084488359813,0.40140485474309545,0.06942523274449147,0.0700934231
B0p5_capmatch,64170.02099999999,0.3971163678787452,0.39790353659361755,0.40191187538680795,0.06940198090029952,0.0700860098
B0p5_capmatch,64250.02099999999,0.3976114530623508,0.39839862319271074,0.4024189018745409,0.06937289231000195,0.0700496957
B0p5_capmatch,64330.02099999999,0.39810654053399885,0.3988937075037251,0.4029259274970879,0.06934743307517183,0.0700311661
B0p5_capmatch,64410.02099999999,0.39860162578910574,0.39938879242320013,0.4034329686384922,0.0693303075774536,0.0700044781
B0p5_capmatch,64500.02099999999,0.39915859965946826,0.399945764863517,0.40400339899827026,0.06930976828103137,0.0699881688
B0p5_capmatch,64580.02099999999,0.39965368434256454,0.4004408532151706,0.404510459434949,0.0692948122558395,0.0699607432
B0p5_capmatch,64660.02099999999,0.4001487729582337,0.40093594326084925,0.4050175241714533,0.06927262384807784,0.0699488819
B0p5_capmatch,64740.02099999999,0.40064386000087376,0.40143102983023476,0.4055245706780616,0.06923450130586149,0.069914788
B0p5_capmatch,64820.02099999999,0.4011389483305376,0.4019261141705867,0.40603162380489644,0.06921945286850222,0.0698925555
B0p5_capmatch,64900.02099999999,0.4016340373037134,0.4024211979019258,0.4065386774386338,0.06919894044750673,0.0698740259
B0p5_capmatch,64980.02099999999,0.402129121629303,0.4029162822572012,0.4070457447753547,0.069178465345508,0.0698591992
B0p5_capmatch,65060.02099999999,0.40262420888644695,0.4034113694502704,0.4075528226032257,0.06915993618391192,0.0698362216
B0p5_capmatch,65140.02099999999,0.4031192935695432,0.403906458946323,0.4080599092434335,0.06913528116507126,0.069821395
B0p5_capmatch,65220.02099999999,0.40361438197070826,0.4044015483975529,0.4085669881809525,0.06912315475373881,0.0697798952
B0p5_capmatch,65300.02099999999,0.40410946937085485,0.40489663673469706,0.40907406753767284,0.06909353359500474,0.0697680339
B0p5_capmatch,65380.02099999999,0.4046045572000094,0.40539172505682863,0.4095811480896445,0.069049011675091,0.0697480217
B0p5_capmatch,65470.02099999999,0.4051615334299156,0.4059487007342598,0.41015162456153953,0.06903888980278501,0.0697257817
B0p5_capmatch,65550.021,0.40565662083006226,0.40644378786701285,0.41065869670180843,0.06901504983697115,0.0696909502
B0p5_capmatch,65630.021,0.40615170730069167,0.4069388756852186,0.41116578983158475,0.0689905644576741,0.0696865022
B0p5_capmatch,65710.021,0.40664679198378795,0.4074339662801411,0.411672884234331,0.06897712337766915,0.069657594
B0p5_capmatch,65790.021,0.40714187874042257,0.40792905518179856,0.41217997164854187,0.06895932508496844,0.0696368441
B0p5_capmatch,65870.021,0.40763696521105197,0.4084241417649153,0.4126870491524366,0.06892532480703487,0.0696153492
B0p5_capmatch,65950.021,0.4081320514671775,0.40891923014805936,0.41319414791068376,0.06888711655144636,0.0695990399
B0p5_capmatch,66030.021,0.4086271401543479,0.4094143195834267,0.4137012382853177,0.06886084197257482,0.0695753247
B0p5_capmatch,66110.021,0.40912222912752355,0.40990940793610764,0.4142083302024562,0.06883936255634944,0.0695567951
B0p5_capmatch,66190.021,0.40961731495464093,0.4104044927644294,0.4147153991407964,0.06881900373855827,0.0695056468
B0p5_capmatch,66270.021,0.41011240049575315,0.4108995684558481,0.41522244079689424,0.06879759663221195,0.069489345
B0p5_capmatch,66350.021,0.4106074880389025,0.4113946523717701,0.41572955504132625,0.06878112981829042,0.0695056468
B0p5_capmatch,66440.021,0.41116446076524404,0.4119516299061737,0.41630004878936655,0.0687813931600964,0.0694508031
B0p5_capmatch,66520.021,0.4116595468068655,0.41244670956243484,0.4168070939806373,0.06875030459801078,0.0694189295
B0p5_capmatch,66600.021,0.412154632204975,0.4129417911447558,0.4173141857464348,0.06869022322154487,0.0694293082
B0p5_capmatch,66680.021,0.41264972096364677,0.4134368823500642,0.41782130153131625,0.06867818614415454,0.0693937317
B0p5_capmatch,66760.021,0.4131448059327483,0.41393197062495796,0.4183283819737006,0.06863776480484993,0.0693551898
B0p5_capmatch,66840.021,0.4136398871122798,0.41442705147142933,0.41883543484526997,0.06861134331064721,0.0693166479
B0p5_capmatch,66920.021,0.41413497544194355,0.41492213705102604,0.41934253406425215,0.0686004434956643,0.0693329498
B0p5_capmatch,67000.021,0.4146300640576127,0.41541722704945594,0.4198496252725732,0.06858610202544041,0.0693092346
B0p5_capmatch,67080.021,0.4151251513147567,0.41591231540278006,0.42035670866112196,0.06856083420615729,0.0692781061
B0p5_capmatch,67160.021,0.41562023857190067,0.41640740254885555,0.42086377867173497,0.06854571697513123,0.0692447498
B0p5_capmatch,67240.021,0.4161153291896068,0.41690249383368777,0.42137087944136614,0.06852241718301365,0.0692499354
B0p5_capmatch,67330.021,0.4166723134991628,0.41745947394045024,0.42194134632847546,0.06849766011629281,0.0692032427
B0p5_capmatch,67410.021,0.41716739768174976,0.41795456284210764,0.4224484098974425,0.06846615642138279,0.0691943467
B0p5_capmatch,67490.021,0.4176624852248992,0.4184496523237583,0.4229554790225665,0.06842142011881874,0.0691580325
B0p5_capmatch,67570.021,0.41815757291105105,0.4189447464295115,0.42346256850043007,0.06839213942024336,0.0691469163
B0p5_capmatch,67650.021,0.41865266081170693,0.4194398352028895,0.42396960552111984,0.06838334025129278,0.0690898374
B0p5_capmatch,67730.021,0.4191477444937847,0.4199349166925147,0.4244766348971889,0.06836173740198753,0.0690742731
B0p5_capmatch,67810.021,0.41964283375296585,0.4204300074148886,0.4249837188749671,0.06830841497920032,0.0690727904
B0p5_capmatch,67890.021,0.42013792186812565,0.4209251037284739,0.4254907945789329,0.06830664889539091,0.0690564886
B0p5_capmatch,67970.021,0.4206330096257789,0.4214201948696488,0.42599783221999277,0.0682755311106174,0.0690223947
B0p5_capmatch,68050.021,0.4211280957389016,0.42191528320740074,0.4265048664796043,0.06825053741102996,0.0689905137
B0p5_capmatch,68130.021,0.4216231828530429,0.4224103692083928,0.4270118867819127,0.06822307638512225,0.0689512268
B0p5_capmatch,68210.021,0.4221182690376669,0.4229054570311489,0.4275189266162949,0.06819126505557453,0.0689467862
B0p5_capmatch,68300.021,0.4226752369019182,0.4234624359065851,0.4280893501763374,0.0681582356319425,0.0689208433
B0p5_capmatch,68380.021,0.4231703264471045,0.42395752533936854,0.42859636498983783,0.06812731147920636,0.0688785911
B0p5_capmatch,68460.021,0.4236654134182431,0.4244526136935986,0.42910338107288226,0.06810658271871109,0.0688563585
B0p5_capmatch,68540.021,0.4241605001033766,0.4249477101217231,0.42961043321006553,0.06809265662474503,0.0688652545
B0p5_capmatch,68620.021,0.4246555902920748,0.42544279998636403,0.4301174109982429,0.06805229803023623,0.0687926114
B0p5_capmatch,68700.021,0.4251506716146087,0.4259378832503821,0.43062439413269815,0.06802961795550758,0.0688000247
B0p5_capmatch,68780.021,0.42564575794223547,0.42643296983094164,0.43113138391655526,0.06800128461407648,0.0687436983
B0p5_capmatch,68860.021,0.42614084791642987,0.42692805125505473,0.4316383439606934,0.06797108545499077,0.0687288716
B0p5_capmatch,68940.021,0.4266359358170857,0.42742314146670846,0.43214536445034035,0.06793868987917842,0.0687288716
B0p5_capmatch,69020.021,0.4271310268637998,0.42791823714933497,0.4326523606711936,0.06788731262578553,0.0686843991
B0p5_capmatch,69100.021,0.4276261136919358,0.428413325453982,0.4331593159543858,0.0679007260591352,0.0686651319
B0p5_capmatch,69180.021,0.42812119887554134,0.4289084097461521,0.43366625669948733,0.06786230480895797,0.0686288103
B0p5_capmatch,69270.021,0.42867817267440256,0.42946538289670994,0.43423659163065376,0.06781106170714363,0.0686132461
B0p5_capmatch,69350.021,0.4291732620050849,0.429960474069635,0.43474355156344524,0.06779683396393293,0.0685873032
B0p5_capmatch,69430.021,0.42966835040625,0.430455564695729,0.43525049853266673,0.06777045751636589,0.068554692
B0p5_capmatch,69510.021,0.43016343587586087,0.43095064892023854,0.43575739992725626,0.06772497575624917,0.0684902072
B0p5_capmatch,69590.021,0.430658524277026,0.43144572812303394,0.4362642975092316,0.06768240371310318,0.0684827939
B0p5_capmatch,69670.021,0.4311536123921859,0.43194080959701026,0.4367712053980717,0.06766167497091638,0.0684487
B0p5_capmatch,69750.021,0.43164869514474635,0.4324358893126027,0.4372780931228297,0.0676279987653633,0.0684160888
B0p5_capmatch,69830.021,0.4321437798278425,0.4329309661935463,0.4377849678994997,0.06759835005286871,0.0683760643
B0p5_capmatch,69910.021,0.43263885657429174,0.4334260459940848,0.4382918587274445,0.06757136639651608,0.0683664307
B0p5_capmatch,69990.021,0.4331339434024278,0.4339211355615341,0.4387987821443349,0.06753674868982976,0.068368651
B0p5_capmatch,70070.021,0.43362903158908894,0.4344162231995733,0.439305649711914,0.06751353976879751,0.0683026835
B0p5_capmatch,70150.021,0.4341241187747316,0.4349113099159088,0.4398125278493235,0.06749302151571267,0.0683004633
B0p5_capmatch,70240.021,0.4346810926450942,0.4354682887760724,0.4403827658048517,0.06744958250670845,0.0682574734
B0p5_capmatch,70320.021,0.4351761809032567,0.435963375901523,0.44088959898114277,0.06740975076092982,0.0682285652
B0p5_capmatch,70400.021,0.43567126823190194,0.43645845676057704,0.44139640656787016,0.0673908850592098,0.0681803897
B0p5_capmatch,70480.021,0.43616635699057377,0.43695354001117614,0.4419032368296141,0.06734114065184181,0.0681625977
B0p5_capmatch,70560.021,0.4366614487523012,0.43744863357539876,0.44241009996002323,0.06731171099430892,0.0681544468
B0p5_capmatch,70640.021,0.4371565390840021,0.43794373045054436,0.44291693668541554,0.06728172097450305,0.0681173876
B0p5_capmatch,70720.021,0.43765162498262083,0.43843882623369357,0.443423754671154,0.06726067761625751,0.068098858
B0p5_capmatch,70800.021,0.4381467119537594,0.4389339202399496,0.4439305472004452,0.06723461401456364,0.0680588335
B0p5_capmatch,70880.021,0.43864180292897237,0.43942901317183086,0.44443733378192346,0.06719712973159797,0.0680306703
B0p5_capmatch,70960.021,0.4391368908296282,0.4399240985016869,0.4449440629406376,0.06718771215960134,0.0679735914
B0p5_capmatch,71040.021,0.4396319791592921,0.44041918294977295,0.4454508183708249,0.06712461733966378,0.0679683983
B0p5_capmatch,71120.021,0.44012707192203804,0.4409142718013641,0.44595756736583947,0.06710645572685552,0.0679231882
B0p5_capmatch,71210.021,0.4406840430753502,0.4414712442573927,0.44652763861216244,0.06704826042857795,0.0678868666
B0p5_capmatch,71290.021,0.44117913212002735,0.441966333175807,0.4470343690581296,0.0670091473226311,0.0678742677
B0p5_capmatch,71370.021,0.4416742193771713,0.4424614168370304,0.4475410513148793,0.06698404058714465,0.0678083003
B0p5_capmatch,71450.021,0.44216930927986414,0.4429565035852157,0.44804776799859336,0.06695503320161249,0.0678142309
B0p5_capmatch,71530.021,0.4426643962510028,0.4434515906444434,0.44855444242172804,0.06691749902116242,0.0677593872
B0p5_capmatch,71610.021,0.44315948315064024,0.4439466692499101,0.4490610831185524,0.06689079073792653,0.0677289963
B0p5_capmatch,71690.021,0.44365457491236765,0.4444417559819511,0.44956777265484416,0.06687867396546243,0.0677289963
B0p5_capmatch,71770.021,0.4441496670316016,0.44493684770128666,0.4500744426057891,0.0668257991711716,0.0676874891
B0p5_capmatch,71850.021,0.4446447534307296,0.4454319313784275,0.4505810530214931,0.06678550210501051,0.0676415339
B0p5_capmatch,71930.021,0.4451398360402875,0.4459270111449305,0.45108765605317713,0.06675204186256001,0.0676141083
B0p5_capmatch,72010.021,0.4456349195078612,0.446422095521646,0.4515942780412214,0.06671822731888483,0.0675852075
B0p5_capmatch,72090.021,0.44613000783752504,0.44691718560148475,0.4521009036198439,0.06668921274311472,0.0675711185
B0p5_capmatch,72180.021,0.4466869814933836,0.44747415600631824,0.4526707892279649,0.06667082489441031,0.0674910694
B0p5_capmatch,72260.021,0.4471820693940395,0.44796924043478825,0.45317736788604956,0.0666410875080863,0.0674844012
B0p5_capmatch,72340.021,0.447677157437698,0.4484643316244882,0.45368395122537714,0.06658598709752842,0.06745179
B0p5_capmatch,72420.021,0.4481722444088367,0.44895942223357005,0.45419050640192815,0.06654900997461274,0.0674132481
B0p5_capmatch,72500.021,0.4486673327385005,0.44945451808559217,0.45469707823399347,0.06651037384854447,0.0674036145
B0p5_capmatch,72580.021,0.4491624289333101,0.4499496195714828,0.4552036402462493,0.06648065610596932,0.0673798919
B0p5_capmatch,72660.021,0.44965752033753087,0.4504447216380405,0.4557101787125163,0.06645514670727702,0.067349501
B0p5_capmatch,72740.021,0.4501526075231736,0.45093981265428185,0.4562166324149506,0.06641989309783525,0.067279093
B0p5_capmatch,72820.021,0.4506476979263758,0.4514348976300723,0.4567230900408566,0.0663729987130195,0.067262046
B0p5_capmatch,72900.021,0.4511427831814827,0.4519299859336009,0.4572295500423144,0.06635551658992805,0.0672272071
B0p5_capmatch,72980.021,0.4516378724406638,0.4524250696435495,0.4577359725665694,0.06629368729308152,0.0671805143
B0p5_capmatch,73060.021,0.45213295941180254,0.45292015576380795,0.4582424121410148,0.066265500229903,0.0671619847
B0p5_capmatch,73150.021,0.45268993614221814,0.4534771281378224,0.4588121219005551,0.06623063199875498,0.0671130642
B0p5_capmatch,73230.021,0.453185024257378,0.45397221772556057,0.45931854630584157,0.0661906932872325,0.067110844
B0p5_capmatch,73310.021,0.4536801115860233,0.4544673088273493,0.4598249353260342,0.06615599189215372,0.0670478418
B0p5_capmatch,73390.021,0.45417519691263153,0.4549623954585801,0.460331297368132,0.06612685649585003,0.0670241192
B0p5_capmatch,73470.021,0.45467028259674647,0.4554574826353812,0.4608376502975016,0.06609533633643529,0.0669774264
B0p5_capmatch,73550.021,0.4551653630612646,0.45595257157240415,0.4613440000599152,0.06605735710511935,0.0669485107
B0p5_capmatch,73630.021,0.4556604507474164,0.4564476598577607,0.4618503203979072,0.06600524296030003,0.0669025555
B0p5_capmatch,73710.021,0.4561555363600299,0.4569427406802704,0.46235659122022343,0.06595396193572177,0.0668499321
B0p5_capmatch,73790.021,0.45665062683473356,0.4574378228067191,0.4628628814985408,0.06592569252521756,0.0668365881
B0p5_capmatch,73870.021,0.45714571437788276,0.45793291579262774,0.46336920183406205,0.06588862105047649,0.0668299198
B0p5_capmatch,73950.021,0.4576408061396103,0.4584280091989677,0.4638754738699866,0.06583700899073804,0.066778779
B0p5_capmatch,74030.021,0.45813589396876486,0.45892310100538936,0.46438172978428294,0.06578689954841534,0.0667483881
B0p5_capmatch,74120.021,0.4586928661230957,0.4594800759347473,0.4649512199918546,0.06574675288028232,0.0666816831
B0p5_capmatch,74200.021,0.45918795202171453,0.45997516492618773,0.46545743944307794,0.0657112541232714,0.0666683391
B0p5_capmatch,74280.021,0.4596830367048108,0.46047025083286525,0.46596360608144916,0.06568232903735553,0.0665853247
B0p5_capmatch,74360.021,0.46017812081589654,0.4609653300373795,0.46646974946843833,0.06563962424744424,0.0665601268
B0p5_capmatch,74440.021,0.4606732062855074,0.4614604202275272,0.46697594818237104,0.06559973673920293,0.0665578991
B0p5_capmatch,74520.021,0.46116829347114996,0.4619555089663545,0.46748207639569894,0.06555108888140684,0.0664808154
B0p5_capmatch,74600.021,0.4616633777967396,0.4624505864096732,0.46798815335308774,0.06551227432929678,0.0664400533
B0p5_capmatch,74680.021,0.46215846226533197,0.4629456662136445,0.468494250093593,0.06548569874113443,0.0664133728
B0p5_capmatch,74760.021,0.46265354852145746,0.4634407569496026,0.4690003830004389,0.06542879565257434,0.0664096624
B0p5_capmatch,74840.021,0.463148633919567,0.46393585558455475,0.4695065026819656,0.06537910705531912,0.0663696378
B0p5_capmatch,74920.021,0.46364372382225993,0.46443095013326474,0.4700125603790849,0.06534233924336438,0.0663229451
B0p5_capmatch,75000.021,0.46413880900586546,0.46492603552966677,0.47051856266204317,0.06530180198043152,0.0662584603
B0p5_capmatch,75090.021,0.46469578330523587,0.46548299892596917,0.4710877837960642,0.06526489777994242,0.0662095398
B0p5_capmatch,75170.021,0.4651908651997804,0.46597807873057195,0.47159376859769087,0.06524275387422354,0.0661732256
B0p5_capmatch,75250.021,0.465685953028935,0.4664731613309099,0.472099742444132,0.06520178094666793,0.0661413521
B0p5_capmatch,75330.021,0.4661810403575803,0.4669682468558255,0.4726057134829946,0.06514716609420049,0.0661346838
B0p5_capmatch,75410.021,0.46667612339614606,0.46746333808247553,0.47311168326209857,0.06511574825026803,0.0660865009
B0p5_capmatch,75490.021,0.46717121022428204,0.467958433304014,0.4736176390455921,0.06505927964551993,0.0660457388
B0p5_capmatch,75570.021,0.46766629819643923,0.46845352846997174,0.4741235598094947,0.06503869627143057,0.0660168305
B0p5_capmatch,75650.021,0.4681613871696149,0.4689486225290141,0.4746294570759871,0.06500931488842007,0.0659738407
B0p5_capmatch,75730.021,0.46865647764431845,0.46944371366287213,0.4751353162853002,0.06494911433485823,0.0659182444
B0p5_capmatch,75810.021,0.46915156804752073,0.4699388008391735,0.4756411483231605,0.06488820772623952,0.0658708066
B0p5_capmatch,75890.021,0.46964665072857986,0.47043388919684626,0.4761469778481354,0.06485233684403965,0.0658500567
B0p5_capmatch,75970.021,0.4701417353401748,0.47092897110334464,0.4766527443423928,0.06483057679029768,0.0657826066
B0p5_capmatch,76060.021,0.4706987022034075,0.4714859306912656,0.4772217070990226,0.06477098496951215,0.0657477677
B0p5_capmatch,76140.021,0.4711937848129654,0.4719810058458749,0.4777274424865042,0.06473768635387757,0.0657040402
B0p5_capmatch,76220.021,0.4716888677085285,0.4724760880152079,0.4782332078512139,0.06467086947692072,0.0656958893
B0p5_capmatch,76300.021,0.4721839553946804,0.47297116817636453,0.47873890606404107,0.06462961553617198,0.0656150952
B0p5_capmatch,76380.021,0.4726790420083124,0.4734662504028899,0.4792446291824435,0.06459620530087214,0.0656173229
B0p5_capmatch,76460.021,0.4731741277639285,0.4739613403917659,0.4797503390865593,0.06456319233465263,0.065573588
B0p5_capmatch,76540.021,0.4736692128045314,0.4744564281683718,0.48025601140952734,0.06452829086727303,0.0655394942
B0p5_capmatch,76620.021,0.47416429820264083,0.474951511836411,0.4807616357089502,0.06448744603959355,0.06548094
B0p5_capmatch,76700.021,0.4746593856027876,0.47544659916484283,0.48126728413635356,0.06442854209466976,0.0654564798
B0p5_capmatch,76780.021,0.4751544725739263,0.4759416885335937,0.4817728918396326,0.06439828398111001,0.065400891
B0p5_capmatch,76860.021,0.4756495599740729,0.47643677462297745,0.4822784741408464,0.06434633113729155,0.0653638318
B0p5_capmatch,76950.021,0.4762065329149182,0.4769937437637291,0.48284720930014835,0.0643076363811468,0.0652963817
B0p5_capmatch,77030.021,0.476701613522439,0.4774888200427782,0.4833527066680998,0.0642565971485704,0.0652533919
B0p5_capmatch,77110.021,0.47719670242411344,0.4779838998883832,0.48385822613657914,0.06420028833136755,0.0652407929
B0p5_capmatch,77190.021,0.477691784747666,0.47847897954157664,0.4843637030618172,0.06415296573362483,0.0651740879
B0p5_capmatch,77270.021,0.4781868692877596,0.4789740564792489,0.4848691614588101,0.06411893309328785,0.065139994
B0p5_capmatch,77350.021,0.4786819501812857,0.47946913622873677,0.485374612222496,0.06409769238046807,0.0650962591
B0p5_capmatch,77430.021,0.47917703071730505,0.4799642165599186,0.48588004167459664,0.06403918452581188,0.0650495663
B0p5_capmatch,77510.021,0.4796721154004013,0.4804593026888347,0.4863854812303675,0.0639754929545116,0.0650399327
B0p5_capmatch,77590.021,0.48016720072700947,0.48095438806123714,0.4868908675958157,0.06391850905466151,0.064971745
B0p5_capmatch,77670.021,0.480662282836058,0.48144947653694387,0.48739626738200426,0.06386215875215408,0.0649598837
B0p5_capmatch,77750.021,0.48115737209523907,0.48194456821085796,0.48790163099302575,0.06381030308488599,0.0648939162
B0p5_capmatch,77830.021,0.48165246113991617,0.4824396571516088,0.4884069643385141,0.06377719919961693,0.0648701936
B0p5_capmatch,77920.021,0.4822094368693131,0.4829966282117204,0.4889754100102422,0.0637611504924486,0.0647945926
B0p5_capmatch,78000.021,0.4827045204083881,0.48349171436125615,0.4894807003986349,0.06372440758555913,0.0647693872
B0p5_capmatch,78080.021,0.4831996075225296,0.4839868002947315,0.48998594708154736,0.0636497985785653,0.0647056475
B0p5_capmatch,78160.021,0.48369469435066564,0.4844818829535136,0.4904911720811825,0.06359043738705085,0.0646900833
B0p5_capmatch,78240.021,0.4841897787477567,0.4849769736600005,0.4909964206395065,0.06355949442523366,0.0646263361
B0p5_capmatch,78320.021,0.48468486350235435,0.4854720566240933,0.49150157082432866,0.0635182457463868,0.0645648167
B0p5_capmatch,78400.021,0.48517995204652214,0.4859671289671527,0.4920066855874958,0.06347515860173028,0.0645292401
B0p5_capmatch,78480.021,0.4856750365151144,0.486462208815854,0.49251184005689885,0.06343274005476215,0.0645010769
B0p5_capmatch,78560.021,0.48617011955368017,0.48695729079374733,0.49301695899315345,0.06336164075016344,0.0644299239
B0p5_capmatch,78640.021,0.4866652018772327,0.48745236823527693,0.4935220343439663,0.06333677098438281,0.0643928647
B0p5_capmatch,78720.021,0.48716028169823894,0.487947445134688,0.49402709507610054,0.06327422343214706,0.0643535778
B0p5_capmatch,78800.021,0.48765537238744644,0.48844252550615996,0.49453215513671966,0.06323162167711151,0.0643083677
B0p5_capmatch,78890.021,0.48821234339775604,0.48899949930968856,0.49510035329882934,0.0631784134484162,0.0643061399
B0p5_capmatch,78970.021,0.48870742908187087,0.4894945852409231,0.4956053536396927,0.06312996114190728,0.0642194226
B0p5_capmatch,79050.021,0.48920251791204394,0.4899896655724738,0.4961103172643281,0.06308103588674428,0.0641719848
B0p5_capmatch,79130.021,0.4896976048831825,0.4904847540330402,0.4966153148921474,0.0630250117666978,0.0641564205
B0p5_capmatch,79210.021,0.49019269678791266,0.4909798509630241,0.4971203040343213,0.06296372180748397,0.0641052797
B0p5_capmatch,79290.021,0.49068778476006986,0.49147494843473305,0.49762525050568984,0.06292199107216448,0.0640704408
B0p5_capmatch,79370.021,0.49118287502026936,0.4919700435981288,0.4981301547972587,0.06286239886524676,0.0640118867
B0p5_capmatch,79450.021,0.49167795691481403,0.4924651277613862,0.49863497554583947,0.06280927925524614,0.0639377683
B0p5_capmatch,79530.021,0.4921730441004567,0.49296020526348616,0.499139780947042,0.06275721015279148,0.0639029369
B0p5_capmatch,79610.021,0.49266813228711787,0.4934552826842029,0.4996445725685721,0.0627140361360269,0.0638443828
B0p5_capmatch,79690.021,0.49316321453916906,0.49395035960424044,0.5001493502140048,0.06267479759506508,0.0638006404
B0p5_capmatch,79770.021,0.4936582991507639,0.4944454417030882,0.5006541342405139,0.06261220701460266,0.0637739599
B0p5_capmatch,79860.021,0.4942152713050946,0.49500241285638114,0.5012219894714047,0.0625598108229508,0.0637139231
B0p5_capmatch,79940.021,0.49471035734671603,0.49549750414867355,0.5017267523274214,0.06250296728440873,0.0636790842
B0p5_capmatch,80020.021,0.4952054468204012,0.49599258941271074,0.5022314241732466,0.062440964679740606,0.0635864362
B0p5_capmatch,80100.021,0.4957005293584577,0.49648766169516995,0.502736036515863,0.06239800083751954,0.0635382608
B0p5_capmatch,80180.021,0.4961956177596229,0.4969827375334261,0.5032406778378744,0.06233962024087044,0.0635078698
B0p5_capmatch,80260.021,0.49669070365824164,0.4974778184269353,0.5037453098715088,0.06228814486054665,0.0634522811
B0p5_capmatch,80340.021,0.49718578712581535,0.49797289932044436,0.5042499098485813,0.06224731393214811,0.0634107739
B0p5_capmatch,80420.021,0.4976808674473307,0.49846798137871917,0.5047544915604385,0.06218303762994394,0.0633774176
B0p5_capmatch,80500.021,0.4981759524879336,0.4989630633954671,0.5052590426835022,0.06215161299889088,0.0633144155
B0p5_capmatch,80580.021,0.4986710363845154,0.49945814778350095,0.5057635869279913,0.06208246809344977,0.0632721707
B0p5_capmatch,80660.021,0.4991661237131607,0.4999532332113787,0.5062680977831413,0.06203511986719113,0.0632180646
B0p5_capmatch,80740.021,0.49966120782424644,0.5004483193052237,0.5067725920643045,0.06198593798846335,0.0631713718
B0p5_capmatch,80830.021,0.5002181773330282,0.5010052871370053,0.5073400827383067,0.06193000391175912,0.0631009564
B0p5_capmatch,80910.021,0.5007132610151059,0.5015003652019274,0.5078444911180886,0.061870786369435216,0.0630490705
B0p5_capmatch,80990.021,0.5012083449116876,0.5019954507765984,0.5083489246329407,0.061802471012319705,0.0630246103
B0p5_capmatch,81070.021,0.5017034285937654,0.5024905343933141,0.5088532921411191,0.06175950035718315,0.0629608706
B0p5_capmatch,81150.021,0.5021985071992491,0.5029856107107384,0.5093576148426892,0.061723927313711596,0.0629045367
B0p5_capmatch,81230.021,0.5026935916678414,0.5034806951842232,0.5098619768852137,0.061649375419476383,0.0628830418
B0p5_capmatch,81310.021,0.5031886763509377,0.5039757787790242,0.5103662719805526,0.06160253578569846,0.0627992898
B0p5_capmatch,81390.021,0.5036837592465008,0.5044708597785684,0.5108705523106728,0.06154304584228424,0.0627688989
B0p5_capmatch,81470.021,0.5041788431430826,0.5049659463921835,0.5113748292310045,0.06148863228312652,0.0627221987
B0p5_capmatch,81550.021,0.5046739339037913,0.5054610271792742,0.511879035724446,0.06144955956830957,0.0626480803
B0p5_capmatch,81630.021,0.5051690159413386,0.5059561070140525,0.5123832381757726,0.061398106402271384,0.0626110211
B0p5_capmatch,81710.021,0.5056641030554798,0.5064511872607876,0.5128874078989758,0.06131115434844285,0.0625509843
B0p5_capmatch,81800.021,0.5062210697042087,0.5070081526899725,0.5134545841599648,0.06126496546864584,0.0624939092
B0p5_capmatch,81880.021,0.5067161507407372,0.5075032311882234,0.5139586905944316,0.06122393029986954,0.0624412857
B0p5_capmatch,81960.021,0.5072112302757381,0.5079983151458672,0.5144628273721467,0.06115598654885531,0.0624168254
B0p5_capmatch,82040.021,0.507706318390898,0.5084934010260684,0.5149669082215014,0.06108845461108992,0.0623389967
B0p5_capmatch,82120.021,0.5082013981404029,0.5089884773219329,0.5154709255800571,0.06103039952965006,0.062275257
B0p5_capmatch,82200.021,0.5086964856835522,0.509483553078146,0.5159749349723053,0.06098039679548138,0.0622293018
B0p5_capmatch,82280.021,0.5091915720826804,0.5099786404693307,0.516478993758644,0.0609327170169235,0.0622026213
B0p5_capmatch,82360.021,0.5096866574092884,0.5104737268661844,0.5169829673713119,0.06087370957448724,0.0621166416
B0p5_capmatch,82440.021,0.5101817398758436,0.5109688020395875,0.5174868790678823,0.06081216922536557,0.0620610528
B0p5_capmatch,82520.021,0.5106768287775181,0.5114638795445432,0.5179908003225631,0.06074895930871771,0.0620180629
B0p5_capmatch,82600.021,0.5111719134606142,0.5119589587111233,0.51849469961176,0.0607028348776795,0.0619609915
B0p5_capmatch,82680.021,0.5116669950691537,0.5124540338190262,0.5189985482612766,0.060656276784544993,0.061907623
B0p5_capmatch,82770.021,0.5122239619323864,0.5130109921414354,0.5195653615169631,0.0605907065726869,0.0618431382
B0p5_capmatch,82850.021,0.512719049761541,0.5135060748715197,0.5200692190266939,0.06053640803731388,0.0618253537
B0p5_capmatch,82930.021,0.5132141375906957,0.5140011585262797,0.5205730224329395,0.060487002515340754,0.0617401116
B0p5_capmatch,83010.021,0.5137092214157759,0.5144962447108566,0.5210768265032587,0.060423361259978554,0.061722327
B0p5_capmatch,83090.021,0.5142043048118483,0.5149913294431789,0.5215805665760558,0.060372685021037306,0.0616244785
B0p5_capmatch,83170.021,0.5146993867063929,0.5154864034284111,0.5220842414608987,0.060310324465908574,0.0615748204
B0p5_capmatch,83250.021,0.5151944672424122,0.5159814804173618,0.5225879370937113,0.060246183985615424,0.0615459122
B0p5_capmatch,83330.021,0.5156895452758854,0.5164765636210672,0.5230916289790863,0.06019426213848251,0.0614806898
B0p5_capmatch,83410.021,0.5161846274564353,0.5169716432817807,0.5235952586461499,0.06016124627031258,0.06141546
B0p5_capmatch,83490.021,0.5166797112815157,0.5174667237033305,0.5240988859581055,0.06013461553596395,0.0613784008
B0p5_capmatch,83570.021,0.5171747936765695,0.5179618085897771,0.524602498868975,0.060087663057660355,0.0613146611
B0p5_capmatch,83650.021,0.5176698762861273,0.5184568952480182,0.5251060899117281,0.0600333536785078,0.0612701885
B0p5_capmatch,83740.021,0.5182268410758215,0.5190138656875368,0.5256725726361943,0.059969267742012465,0.0611864366
B0p5_capmatch,83820.021,0.5187219256159152,0.5195089459978363,0.5261760714107433,0.05991093481637264,0.0611427017
B0p5_capmatch,83900.021,0.5192170056514255,0.5200040222479465,0.5266795295574644,0.05985934256323416,0.0610700659
B0p5_capmatch,83980.021,0.5197120862589462,0.5204991056318027,0.5271830267178346,0.059805255574311635,0.061057467
B0p5_capmatch,84060.021,0.5202071677959841,0.5209941915270417,0.5276864714935485,0.059749656790273734,0.0609655567
B0p5_capmatch,84140.021,0.5207022484750061,0.5214892695492185,0.5281898572946613,0.05971479546002801,0.0609225668
B0p5_capmatch,84220.021,0.5211973320140812,0.521984347593974,0.5286932329564125,0.05964122096409815,0.0608551241
B0p5_capmatch,84300.021,0.5216924164826735,0.522479428532761,0.529196602024679,0.05959203463003771,0.0608217679
B0p5_capmatch,84380.021,0.5221874989492286,0.5229745105476121,0.5296999408217862,0.059541849493075734,0.0607639514
B0p5_capmatch,84460.021,0.5226825784842295,0.5234695873575287,0.5302032223288982,0.059492649285176134,0.060698729
B0p5_capmatch,84540.021,0.523177659520758,0.523964667243578,0.5307065189971818,0.05943852541107553,0.0606572218
B0p5_capmatch,84620.021,0.5236727431313345,0.5244597538571931,0.5312098072045639,0.059377845694467336,0.0606045984
B0p5_capmatch,84710.021,0.5242297119966041,0.5250167223749981,0.5317759362872738,0.059313864272956006,0.0605831034
B0p5_capmatch,84790.021,0.5247247930331329,0.5255118044583017,0.5322791421089572,0.05924923303004661,0.0605334379
B0p5_capmatch,84870.021,0.5252198757856934,0.526006887616926,0.5327823237169589,0.059164841102735566,0.060481552
B0p5_capmatch,84950.021,0.5257149571797287,0.526501970237951,0.5332854779090859,0.05914443547146041,0.0604333766
B0p5_capmatch,85030.021,0.5262100359997163,0.5269970505019277,0.5337885907086662,0.059083254379336834,0.0603703745
B0p5_capmatch,85110.021,0.526705116607237,0.5274921314645858,0.5342916955383945,0.05902664296199844,0.060321454
B0p5_capmatch,85190.021,0.5272001954987261,0.5279872134559354,0.5347947705889613,0.05896717668920719,0.0602517836
B0p5_capmatch,85270.021,0.5276952736037005,0.5284822914546944,0.5352978001522897,0.05889704445636182,0.0602065735
B0p5_capmatch,85350.021,0.5281903532102026,0.5289773712736997,0.535800828242611,0.05885389415802516,0.0601517223
B0p5_capmatch,85430.021,0.5286854315296808,0.5294724521207822,0.5363038250225967,0.05880386954900464,0.0600931682
B0p5_capmatch,85510.021,0.5291805095631539,0.529967527224422,0.5368067652120455,0.058756655925565886,0.0600353517
B0p5_capmatch,85600.021,0.5297374733518297,0.5305244888188986,0.5373725792592879,0.05870870848177891,0.0599982925
B0p5_capmatch,85680.021,0.5302325552463744,0.5310195708564288,0.537875512746958,0.058656746039558554,0.0599360354
B0p5_capmatch,85760.021,0.5307276369979164,0.5315146470569377,0.5383783750020386,0.058593142929775174,0.0598685853
B0p5_capmatch,85840.021,0.5312227222530231,0.532009719405425,0.5388812143907593,0.058532522525759224,0.0598241128
B0p5_capmatch,85920.021,0.5317178049340822,0.5325047951860377,0.5393840542748045,0.05847951440416654,0.0597588904
B0p5_capmatch,86000.021,0.5322128838970726,0.5329998755663045,0.5398868881396632,0.058399395802067065,0.0597210862
B0p5_capmatch,86080.021,0.532707967078641,0.5334949575802861,0.5403896885815374,0.058380630060205115,0.0596536361
B0p5_capmatch,86160.021,0.5332030436820875,0.533990041976629,0.5408924760972511,0.058318925814631294,0.0596195422
B0p5_capmatch,86240.021,0.533698131511242,0.5344851291504391,0.5413952383310088,0.058238731989647234,0.0595624708
B0p5_capmatch,86320.021,0.534193216122837,0.5349802180994425,0.5418979797611494,0.058179511772589926,0.0595150329
B0p5_capmatch,86400.021,0.5346882991614027,0.5354753034504638,0.5424006599130562,0.058134406903836484,0.0594572239
B0p5_capmatch,86480.021,0.5351833769088705,0.5359703785288401,0.542903272088634,0.058077535790691706,0.0593675338
B0p5_capmatch,86570.021,0.5357403433430954,0.5365273355674243,0.5434687051727793,0.058011469586833675,0.0593208335
B0p5_capmatch,86650.021,0.5362354262386585,0.5370224107408273,0.5439713018402449,0.0579662839337594,0.0592541285
B0p5_capmatch,86730.021,0.5367305087767151,0.5375174935056373,0.544473919565832,0.05791339769812824,0.0592333786
B0p5_capmatch,86810.021,0.5372255934598114,0.53801257712759,0.5449764804235593,0.05786257343604217,0.0591585152
B0p5_capmatch,86890.021,0.5377206733523188,0.5385076557570281,0.5454789981758038,0.05780605797614456,0.0591118224
B0p5_capmatch,86970.021,0.5382157560333778,0.5390027360905331,0.5459815059891409,0.05774746478027606,0.0590732805
B0p5_capmatch,87050.021,0.5387108389289408,0.5394978181521186,0.5464839954723886,0.05769167017443946,0.0590087958
B0p5_capmatch,87130.021,0.5392059157468914,0.539992897245255,0.5469864337748387,0.05764176279107105,0.0589480139
B0p5_capmatch,87210.021,0.5397009970694253,0.5404879794276247,0.5474888829334257,0.057597786332729196,0.0589191131
B0p5_capmatch,87290.021,0.5401960749598957,0.5409830613200649,0.547991279253337,0.05754577257700389,0.0588286854
B0p5_capmatch,87370.021,0.5406911564969338,0.5414781347410994,0.5484936168198713,0.05749342268348658,0.0587738343
B0p5_capmatch,87450.021,0.5411862382484757,0.5419732088190153,0.5489959552399128,0.05742191657834106,0.0587271415
B0p5_capmatch,87540.021,0.5417432002496182,0.5425301775284712,0.5495611144105803,0.05734620334098856,0.058687117
B0p5_capmatch,87620.021,0.5422382837886933,0.5430252646532056,0.5500634378634401,0.05729092223009134,0.0586137362
B0p5_capmatch,87700.021,0.5427333661122458,0.5435203466419375,0.5505657017778469,0.057242329217842856,0.0585633405
B0p5_capmatch,87780.021,0.5432284495798196,0.5440154298968147,0.5510679620883806,0.05720230961878493,0.0585144199
B0p5_capmatch,87860.021,0.5437235312598602,0.5445105135891659,0.5515701878564163,0.05713945391662635,0.0584499352
B0p5_capmatch,87940.021,0.5442186110093651,0.5450055933141267,0.5520723704505772,0.05706878332124847,0.058400277
B0p5_capmatch,88020.021,0.5447136901868593,0.545500669582411,0.5525745171037825,0.05703423119924959,0.0583469085
B0p5_capmatch,88100.021,0.5452087708658816,0.5459957465333781,0.5530766584424942,0.05697579490064916,0.0582987331
B0p5_capmatch,88180.021,0.5457038496143678,0.546490827451543,0.5535787923893772,0.05691081260236964,0.0582409091
B0p5_capmatch,88260.021,0.5461989297213793,0.5469859089047132,0.5540808940521007,0.056855216309205384,0.058186803
B0p5_capmatch,88340.021,0.546694007468847,0.5474809886294596,0.5545829589137006,0.05680390760044938,0.0581386276
B0p5_capmatch,88420.021,0.5471890862173333,0.5479760625597032,0.5550849683049992,0.05677441188534258,0.0580645092
B0p5_capmatch,88510.021,0.5477460508640248,0.548533022895032,0.555649741405216,0.05667525614681222,0.058023002
B0p5_capmatch,88590.021,0.5482411311855403,0.5490281025947676,0.556151739932134,0.05665345159939759,0.0579577722
B0p5_capmatch,88670.021,0.5487362127225782,0.5495231841475053,0.5566537252157591,0.05660471963164916,0.0579318292
B0p5_capmatch,88750.021,0.5492312879674996,0.5500182620187061,0.5571556453439184,0.0565560578315504,0.0578451119
B0p5_capmatch,88830.021,0.5497263680030099,0.5505133314469969,0.557657515132709,0.05649573595685064,0.0577865578
B0p5_capmatch,88910.021,0.5502214428904246,0.5510083997562729,0.5581593750072821,0.05642498505671084,0.0577428304
B0p5_capmatch,88990.021,0.5507165195653725,0.5515034744956775,0.5586612578471197,0.05639857801674128,0.0577087365
B0p5_capmatch,89070.021,0.551211599028872,0.5519985588966585,0.5591631482155324,0.05632506606501093,0.0576605536
B0p5_capmatch,89150.021,0.5517066782063663,0.5524936419774927,0.5596649738371815,0.05628491577637256,0.057588663
B0p5_capmatch,89230.021,0.5522017531652823,0.5529887223368258,0.5601667679986244,0.056240286867631765,0.057544928
B0p5_capmatch,89310.021,0.5526968279096944,0.5534838078822198,0.5606685686268935,0.05617922764588583,0.0574900843
B0p5_capmatch,89390.021,0.5531919075161967,0.553978895614546,0.5611703375837228,0.05610966784954752,0.0574374534
B0p5_capmatch,89480.021,0.5537488757379547,0.5545358647808707,0.5617347655603193,0.056043905763838435,0.0573714934
B0p5_capmatch,89560.021,0.5542439534854224,0.5550309398272568,0.5622364123274157,0.05600457724679805,0.0572914444
B0p5_capmatch,89640.021,0.5547390274433199,0.5555260180515703,0.5627380892937227,0.0559625310502462,0.0572714321
B0p5_capmatch,89720.021,0.5552341072643262,0.5560211017414051,0.56323974918184,0.055881712409374264,0.0572150983
B0p5_capmatch,89800.021,0.5557291810077197,0.556516173278464,0.563741305244388,0.055840454331880604,0.0571298636
B0p5_capmatch,89880.021,0.5562242533925881,0.5570112469788434,0.5642429000547611,0.05579322332641082,0.0571313463
B0p5_capmatch,89960.021,0.5567193317120664,0.5575063231169062,0.5647444550823792,0.05574545643418177,0.0570423938
B0p5_capmatch,90040.021,0.5572144102460488,0.5580014037079164,0.5652460334437954,0.055692887965071616,0.0570290498
B0p5_capmatch,90120.021,0.5577094888515324,0.5584964855140472,0.5657475507449827,0.055627253539035554,0.0569334365
B0p5_capmatch,90200.021,0.5582045663844961,0.5589915636891614,0.5662490456228035,0.055565330484412805,0.056902308
B0p5_capmatch,90280.021,0.5586996444894704,0.5594866392410762,0.5667504873046796,0.05552522876248946,0.0568259619
B0p5_capmatch,90360.021,0.5591947181613627,0.5599817128405942,0.5672519236197375,0.055474281619807865,0.0567829795
B0p5_capmatch,90450.021,0.559751679661996,0.5605386755937024,0.5678160274008108,0.05541196590202176,0.0567103364
B0p5_capmatch,90530.021,0.5602467625575591,0.5610337519111266,0.5683174148601091,0.0553497635092837,0.0566732772
B0p5_capmatch,90610.021,0.5607418483846766,0.5615288358335812,0.5688188286122395,0.055293580186178595,0.0566384457
B0p5_capmatch,90690.021,0.5612369266326538,0.562023925268208,0.569320216093681,0.055247362662972414,0.0565954559
B0p5_capmatch,90770.021,0.5617320040226149,0.5625190147809843,0.5698215694382847,0.055198350290180644,0.056530226
B0p5_capmatch,90850.021,0.5622270826280986,0.5630141048005464,0.5703228918833954,0.05515226900831146,0.0564835332
B0p5_capmatch,90930.021,0.562722165595163,0.5635091931171126,0.5708241789140511,0.055100122777060015,0.0564279445
B0p5_capmatch,91010.021,0.5632172452731665,0.5640042767789529,0.5713254156512156,0.05505592657708976,0.056353081
B0p5_capmatch,91090.021,0.5637123198030748,0.5644993594541222,0.5718266430549057,0.05500309472723881,0.0563197322
B0p5_capmatch,91170.021,0.5642074047721763,0.5649944408276056,0.5723278341789808,0.05494629928531776,0.0562396832
B0p5_capmatch,91250.021,0.5647024883827527,0.5654895253112262,0.5728290367825329,0.054893922162718836,0.0562285669
B0p5_capmatch,91330.021,0.5651975661302204,0.5659846129897053,0.5733302109823903,0.05484404355384518,0.0561500005
B0p5_capmatch,91420.021,0.5657545331364557,0.5665415841664716,0.5738939906670346,0.05479542534746245,0.0561077483
B0p5_capmatch,91500.021,0.5662496149594992,0.5670366655128235,0.5743950755708502,0.05474337123689815,0.0560284443
B0p5_capmatch,91580.021,0.5667446979265636,0.5675317459271676,0.5748961545640799,0.05467794965499766,0.0559899025
B0p5_capmatch,91660.021,0.5672397797496069,0.5680268284968502,0.5753972163254528,0.0546401352142814,0.0559342988
B0p5_capmatch,91740.021,0.5677348609291382,0.5685219093903593,0.5758982457994977,0.0545961004616434,0.0558794551
B0p5_capmatch,91820.021,0.5682299429666853,0.5690169891131841,0.5763992476614225,0.05454202913118291,0.0558201559
B0p5_capmatch,91900.021,0.568725021357665,0.5695120729869344,0.5769002590409036,0.05449785256540606,0.0557934754
B0p5_capmatch,91980.021,0.569220105540252,0.5700071583762677,0.5774012342640471,0.0544755301370331,0.0557208396
B0p5_capmatch,92060.021,0.5697151889363243,0.5705022409992083,0.5779021735346225,0.054426138846849804,0.0556837805
B0p5_capmatch,92140.021,0.570210270187357,0.5709973259370587,0.5784031069116465,0.05435606636284873,0.0556385629
B0p5_capmatch,92220.021,0.5707053502228672,0.5714924113797624,0.5789040110590573,0.054302516565062596,0.0555837192
B0p5_capmatch,92300.021,0.5712004319744091,0.5719874968762922,0.5794048935175686,0.05426641725772167,0.0555281304
B0p5_capmatch,92390.021,0.5717573974791167,0.5725444673501721,0.5799683495338366,0.054219987630908295,0.0554747619
B0p5_capmatch,92470.021,0.5722524807321864,0.5730395522883054,0.580469181048894,0.05416636434578974,0.0554213934
B0p5_capmatch,92550.021,0.5727475606961955,0.5735346348030694,0.5809699688725067,0.05412307502856626,0.055360619
B0p5_capmatch,92630.021,0.5732426401596952,0.5740297134085361,0.5814707252599711,0.054084363410740036,0.0553154089
B0p5_capmatch,92710.021,0.5737377222687439,0.5745247949419842,0.5819714869071875,0.05403040627251855,0.0552761219
B0p5_capmatch,92790.021,0.5742328053073095,0.5750198769250802,0.5824722168915247,0.053988503975065334,0.0552138649
B0p5_capmatch,92870.021,0.5747278869873504,0.5755149596027797,0.5829729338602256,0.05395058488185884,0.0551782884
B0p5_capmatch,92950.021,0.5752229687388924,0.5760100427297123,0.5834736211815681,0.05389899685477034,0.0551108383
B0p5_capmatch,93030.021,0.5757180549235164,0.5765051259659753,0.5839742915730304,0.05383815474557984,0.0550708137
B0p5_capmatch,93110.021,0.576213138605594,0.5770002120212804,0.5844749501152523,0.053799666968081465,0.0550255962
B0p5_capmatch,93190.021,0.5767082227166797,0.5774952945347532,0.5849755555435618,0.05375044875517176,0.0549640842
B0p5_capmatch,93270.021,0.5772033061127521,0.577990371382946,0.5854761195526925,0.05373777330698918,0.0549099706
B0p5_capmatch,93360.021,0.5777602736194966,0.5785473421001517,0.5860393049121544,0.05367252191485134,0.0548973717
B0p5_capmatch,93440.021,0.5782553529399934,0.5790424250057751,0.5865398343080053,0.053618617069951906,0.054812137
B0p5_capmatch,93520.021,0.5787504384096043,0.5795375072920678,0.5870403730808267,0.05357887213030376,0.0548128746
B0p5_capmatch,93600.021,0.5792455225206903,0.580032593181399,0.5875408850166165,0.05354058864455771,0.0547506176
B0p5_capmatch,93680.021,0.5797406039147256,0.5805276758602728,0.5880413644405413,0.053497350341110646,0.0547113232
B0p5_capmatch,93760.021,0.5802356835927291,0.5810227572285636,0.5885418103872841,0.05346190853092681,0.0546446182
B0p5_capmatch,93840.021,0.580730764414754,0.5815178399633089,0.5890422576945569,0.05342586949454049,0.054625351
B0p5_capmatch,93920.021,0.5812258463808001,0.5820129201037074,0.5895426500169794,0.053373429653868286,0.0545608662
B0p5_capmatch,94000.021,0.5817209291333606,0.5825079988486779,0.5900430376264032,0.05333383941332599,0.0545208417
B0p5_capmatch,94080.021,0.582216011170908,0.5830030820022902,0.5905434196538332,0.05329149104088494,0.0544778518
B0p5_capmatch,94160.021,0.5827110883463652,0.5834981628678214,0.5910437603064187,0.053243147195611275,0.0544400476
B0p5_capmatch,94240.021,0.5832061690968885,0.5839932414452713,0.5915440710713753,0.05320121428635143,0.0543859415
B0p5_capmatch,94330.021,0.583763137461649,0.5845502121167631,0.5921069494647159,0.05316768486786339,0.0543436967
B0p5_capmatch,94410.021,0.58425821592413,0.5850452903850459,0.5926071857204975,0.05313435668195226,0.0542562343
B0p5_capmatch,94490.021,0.5847532953161281,0.5855403617091361,0.5931074076280362,0.05310724163911631,0.0542391874
B0p5_capmatch,94570.021,0.5852483719195746,0.5860354368261854,0.5936076319187817,0.05306345261410804,0.0541895293
B0p5_capmatch,94650.021,0.585743450882565,0.5865305173310872,0.5941078723157295,0.05302260111720306,0.054164324
B0p5_capmatch,94730.021,0.586238534135635,0.587025599813484,0.5946080719042149,0.052987851754301006,0.0541072525
B0p5_capmatch,94810.021,0.5867336182467205,0.5875206790334015,0.5951082370649436,0.05295373178087335,0.0540650077
B0p5_capmatch,94890.021,0.5872287014282889,0.5880157646163243,0.595608421516568,0.052920234308127395,0.0540435128
B0p5_capmatch,94970.021,0.5877237861828863,0.5885108488000428,0.5961085496616363,0.05289561781934828,0.0539819933
B0p5_capmatch,95050.021,0.5882188642163595,0.5890059250606466,0.5966086217379103,0.052867189457542055,0.0539278872
B0p5_capmatch,95130.021,0.5887139443233709,0.5895010031936754,0.5971087071099253,0.05282902015846075,0.0539071299
B0p5_capmatch,95220.021,0.589270909756577,0.590057967861206,0.5976712758036764,0.05279102867814949,0.0538685881
B0p5_capmatch,95300.021,0.5897659902925965,0.5905530470814815,0.5981713155422099,0.05275886202436261,0.0538300462
B0p5_capmatch,95380.021,0.5902610680400643,0.591048125629806,0.598671325560963,0.05272797660439785,0.0537855737
B0p5_capmatch,95460.021,0.5907561471460573,0.5915432072240717,0.5991713421286924,0.05269758871977273,0.0537596308
B0p5_capmatch,95540.021,0.5912512283970899,0.592038286215331,0.5996713004169192,0.05265389519118784,0.0536907054
B0p5_capmatch,95620.021,0.5917463081465948,0.5925333603020899,0.6001712316505587,0.05262121269627809,0.0536610521
B0p5_capmatch,95700.021,0.5922413922576805,0.5930284360331398,0.600671157399556,0.05258717383111326,0.0536277033
B0p5_capmatch,95780.021,0.5927364720786866,0.5935235141385126,0.601171078705853,0.05255832374181208,0.0535898991
B0p5_capmatch,95860.021,0.593231548396128,0.5940185973776753,0.601670999668764,0.05252689564920441,0.0535669215
B0p5_capmatch,95940.021,0.5937266276451234,0.5945136810879704,0.6021708846385362,0.05249311755710584,0.0535231866
B0p5_capmatch,96020.021,0.5942217059646019,0.5950087607796903,0.6026707239389129,0.05246159351421871,0.053482417
B0p5_capmatch,96100.021,0.5947167885026586,0.5955038400005526,0.6031705529163374,0.05241781129006426,0.0534453578
B0p5_capmatch,96190.021,0.5952737521483317,0.5960608053493324,0.6037328406391937,0.0524062641949514,0.0534001477
B0p5_capmatch,96270.021,0.5957688301818048,0.596555881579737,0.6042326041420444,0.052379004158877474,0.0533831008
B0p5_capmatch,96350.021,0.59626390885879,0.5970509609169677,0.604732385451014,0.052343714113325474,0.0533616059
B0p5_capmatch,96430.021,0.596758990395828,0.5975460422806903,0.6052321370003063,0.052315995416341264,0.0533119477
B0p5_capmatch,96510.021,0.5972540695018211,0.598041122675,0.6057318684824682,0.05228617550079233,0.0532882251
B0p5_capmatch,96590.021,0.5977491487508169,0.5985362029235894,0.6062315714140911,0.05225361651441943,0.0532511659
B0p5_capmatch,96670.021,0.5982442279998125,0.5990312774519742,0.6067312257824161,0.05223235700961393,0.0532074384
B0p5_capmatch,96750.021,0.5987393070343041,0.5995263527131054,0.6072308851853797,0.05218738600009078,0.0531733446
B0p5_capmatch,96830.021,0.5992343884283394,0.6000214319052237,0.6077305415888113,0.05217392693752278,0.053145919
B0p5_capmatch,96910.021,0.599729469178863,0.6005165128280542,0.6082301802796324,0.05214626802459856,0.0531184934
B0p5_capmatch,96990.021,0.6002245468548295,0.6010115942788935,0.608729794057888,0.05211153419510478,0.0530851372
B0p5_capmatch,97070.021,0.6007196280343609,0.601506677519245,0.6092293984052234,0.05208348466008013,0.0530606844
B0p5_capmatch,97160.021,0.6012765936105698,0.6020636447325393,0.6097914077658603,0.05206118281143328,0.0530117638
B0p5_capmatch,97240.021,0.6017716747186002,0.6025587262717691,0.6102909589354091,0.05203082583684546,0.0529954545
B0p5_capmatch,97320.021,0.6022667543251026,0.6030538082502526,0.6107904854007391,0.051988863197542055,0.0529583953
B0p5_capmatch,97400.021,0.6027618335025969,0.6035488915204933,0.6112900061206114,0.05199574364753118,0.0529376455
B0p5_capmatch,97480.021,0.6032569122510835,0.6040439769604847,0.611789508303657,0.051951070626308146,0.0529050343
B0p5_capmatch,97560.021,0.6037519920005884,0.6045390612860574,0.6122889814763968,0.05193014159104268,0.0528738983
B0p5_capmatch,97640.021,0.6042470742526396,0.6050341461984814,0.6127884396118541,0.05191725107944195,0.0528509207
B0p5_capmatch,97720.021,0.6047421551461657,0.6055292293205907,0.6132878635606736,0.05188641183821962,0.0528168269
B0p5_capmatch,97800.021,0.605237234967172,0.6060243108009907,0.6137872673622387,0.05184735436916169,0.052787181
B0p5_capmatch,97880.021,0.6057323155031914,0.6065193899039668,0.614286639050371,0.05184547388470722,0.0527382605
B0p5_capmatch,97960.021,0.6062273961822138,0.6070144715037681,0.6147860220681046,0.051825371856068565,0.0527308472
B0p5_capmatch,98040.021,0.6067224775047478,0.6075095545956805,0.615285377328441,0.051803880749068706,0.0526848994
B0p5_capmatch,98130.021,0.6072794399348984,0.6080665140585008,0.6158470799280542,0.051768194021357475,0.0526515432
B0p5_capmatch,98210.021,0.6077745211144299,0.6085615905257484,0.6163463891089338,0.051742241499211854,0.0526411645
B0p5_capmatch,98290.021,0.608269600649431,0.6090566708022409,0.6168456876370171,0.05173615377370297,0.0526048504
B0p5_capmatch,98370.021,0.6087646819004634,0.609551748820675,0.6173449506488422,0.051730186124923375,0.0525811277
B0p5_capmatch,98450.021,0.6092597602199419,0.6100468262821204,0.6178441964225727,0.051670578570382736,0.0525507443
B0p5_capmatch,98530.021,0.6097548422574891,0.6105419025694212,0.6183434178301996,0.05165494592272653,0.0525285043
B0p5_capmatch,98610.021,0.6102499245810419,0.6110369824395632,0.6188426502243101,0.05164798349263165,0.0525114574
B0p5_capmatch,98690.021,0.6107450078341117,0.6115320591326784,0.6193418237616337,0.05164736366316743,0.0524603166
B0p5_capmatch,98770.021,0.611240089442651,0.6120271379800928,0.6198410195402697,0.05162031912736131,0.0524684675
B0p5_capmatch,98850.021,0.611735168620145,0.6125222151689937,0.620340156313042,0.05158529533783776,0.0524054654
B0p5_capmatch,98930.021,0.6122302442940742,0.6130172840957653,0.6208392540120722,0.05158029262659251,0.0523958318
B0p5_capmatch,99010.021,0.6127253245440883,0.6135123576290447,0.6213383765610692,0.051548720502153624,0.0523787849
B0p5_capmatch,99100.021,0.6132822928373474,0.6140693224292016,0.6218998971740015,0.051533808393957097,0.0523691513
B0p5_capmatch,99180.021,0.6137773716573351,0.6145644003256427,0.6223989716693163,0.051520455366756195,0.052322451
B0p5_capmatch,99260.021,0.6142724501198162,0.6150594790835501,0.6228980500843023,0.05150243998423605,0.0523343123
B0p5_capmatch,99340.021,0.6147675295118142,0.6155545675200441,0.6233971542372855,0.05148276782428832,0.052322451
B0p5_capmatch,99420.021,0.6152626152674302,0.6160496586791764,0.6238962248745854,0.051462836534522535,0.0522987358
B0p5_capmatch,99500.021,0.6157576978054866,0.6165447434390255,0.6243952277010618,0.051446612059783216,0.0522579588
B0p5_capmatch,99580.021,0.6162527791280203,0.617039820839175,0.6248941889283811,0.051443412727691123,0.0522275753
B0p5_capmatch,99660.021,0.6167478628815994,0.6175348936631591,0.6253931259523706,0.051419417789824756,0.0521964394
B0p5_capmatch,99740.021,0.6172429475646957,0.6180299765953509,0.6258921311850825,0.05140343986369301,0.0522134937
B0p5_capmatch,99820.021,0.6177380268851925,0.6185250594692233,0.6263910664587242,0.051381301561573105,0.0521571599
B0p5_capmatch,99900.021,0.6182331041321507,0.6190201364972983,0.6268899763063298,0.05135811701519944,0.0521571599
B0p5_capmatch,99980.021,0.6187281873137193,0.6195152138353489,0.6273888667145912,0.05134327181286264,0.052126769
B0p5_capmatch,100070.021,0.6192851506018855,0.6200721734611242,0.6279500994981848,0.05133785620118656,0.0520934202
B0p5_capmatch,100150.021,0.6197802344984671,0.6205672556223919,0.6284489982094088,0.05132601852726913,0.0520963781
B0p5_capmatch,100230.021,0.6202753145339773,0.6210623363610296,0.6289478439924322,0.05130412925263026,0.0520608015
B0p5_capmatch,100310.021,0.6207703926389518,0.6215574156470594,0.6294466797375085,0.051288488609112795,0.0520556159
B0p5_capmatch,100390.021,0.6212654710299316,0.6220524947158442,0.629945487656455,0.05128337394566832,0.0520326383
B0p5_capmatch,100470.021,0.6217605472758715,0.6225475693016889,0.6304442618904778,0.05127392261862463,0.0520089231
B0p5_capmatch,100550.021,0.6222556264533659,0.6230426445062279,0.6309430345195307,0.051256723665096905,0.0519896485
B0p5_capmatch,100630.021,0.6227507079189027,0.6235377243492446,0.6314418181566734,0.05123580986606214,0.0519770496
B0p5_capmatch,100710.021,0.6232457875254052,0.6240328051803209,0.6319405723097511,0.05122001940041219,0.05195852
B0p5_capmatch,100790.021,0.6237408679899236,0.6245278849610658,0.6324393052743572,0.05121991205464976,0.0519466586
B0p5_capmatch,100870.021,0.6242359504564788,0.6250229646792564,0.6329380183580291,0.05122093775479111,0.0519266464
B0p5_capmatch,100950.021,0.6247310302774851,0.6255180485738387,0.6334367449264846,0.05118846166264052,0.0519221984
B0p5_capmatch,101040.021,0.6252879988567493,0.6260750209574037,0.633997784090816,0.051159388259089264,0.0519029312
B0p5_capmatch,101120.021,0.6257830759607051,0.6265701035198091,0.6344964403361918,0.051144202900917764,0.0518851392
B0p5_capmatch,101200.021,0.6262781566397276,0.6270651850010608,0.6349950836959342,0.051138463965222994,0.0518584587
B0p5_capmatch,101280.021,0.6267732351022087,0.6275602623364875,0.6354936849157422,0.05114648389554703,0.0518354811
B0p5_capmatch,101360.021,0.6272683150662177,0.6280553393363321,0.6359922904082087,0.05110589461052235,0.0518369637
B0p5_capmatch,101440.021,0.6277633949587255,0.6285504202298411,0.6364908963673188,0.05112414735666059,0.0518139862
B0p5_capmatch,101520.021,0.6282584766387662,0.6290455017111739,0.636989482973437,0.051132054651198695,0.0518088005
B0p5_capmatch,101600.021,0.6287535566742765,0.6295405825730159,0.6374880449457305,0.051103425310325884,0.0517821126
B0p5_capmatch,101680.021,0.6292486369957923,0.630035661146775,0.6379865795407538,0.05108197558649847,0.0517709963
B0p5_capmatch,101760.021,0.6297437181753237,0.6305307386082203,0.6384850987943359,0.05107777069463259,0.0517613627
B0p5_capmatch,101840.021,0.6302387981393327,0.6310258178333813,0.6389836169070536,0.05105667468340474,0.0517457984
B0p5_capmatch,101920.021,0.6307338806773892,0.6315208981389648,0.6394821183671021,0.051050591877449085,0.0517391302
B0p5_capmatch,102010.021,0.6312908460390941,0.6320778621991705,0.640042904133201,0.051045837162958636,0.0517139249
B0p5_capmatch,102090.021,0.6317859277191349,0.6325729413926059,0.6405413668976464,0.05104986861022456,0.0517013259
B0p5_capmatch,102170.021,0.6322810085411598,0.6330680170261698,0.6410397890898125,0.05105216750069632,0.0516642667
B0p5_capmatch,102250.021,0.6327760906502083,0.633563098763674,0.6415382545331598,0.0510417272765697,0.051693175
B0p5_capmatch,102330.021,0.6332711759053153,0.6340581799568685,0.642036661167857,0.051018355340698096,0.0516509227
B0p5_capmatch,102410.021,0.6337662529377699,0.6345532622831171,0.6425350867506763,0.05099421346603257,0.0516768657
B0p5_capmatch,102490.021,0.6342613321152641,0.6350483440315686,0.6430334593488449,0.05099948773873815,0.0516257249
B0p5_capmatch,102570.021,0.6347564162978512,0.6355434263585524,0.6435318504545482,0.050989237445744934,0.0516524054
B0p5_capmatch,102650.021,0.6352514947603322,0.636038515163605,0.6440302361985333,0.050983487730291106,0.0516279452
B0p5_capmatch,102730.021,0.6357465732943145,0.6365335953400112,0.6445285460214728,0.05097909237127577,0.0516020022
B0p5_capmatch,102810.021,0.6362416497547584,0.6370286787475513,0.6450268907735535,0.05096812939484002,0.0516212769
B0p5_capmatch,102890.021,0.6367367330078281,0.6375237693490783,0.6455252391926894,0.05095325305072087,0.051608678
B0p5_capmatch,102980.021,0.637293706234679,0.6380807397263084,0.6460858052963858,0.05094716204802002,0.0515760668
B0p5_capmatch,103060.021,0.6377887828381255,0.6385758159464969,0.6465840370151359,0.050941407512856404,0.0515516065
B0p5_capmatch,103140.021,0.638283863445646,0.6390708935377554,0.6470822911496108,0.05093351659293665,0.0515642054
B0p5_capmatch,103220.021,0.6387789430521486,0.6395659743987704,0.6475805401059483,0.050918325363831604,0.0515456758
B0p5_capmatch,103300.021,0.6392740215146295,0.6400610541482582,0.6480787649415518,0.05091888032146876,0.0515360422
B0p5_capmatch,103380.021,0.6397691003346172,0.6405561380158367,0.648577003136402,0.050926936535205955,0.0515501238
B0p5_capmatch,103460.021,0.640264176580557,0.6410512228318775,0.649075212361297,0.05092472071907263,0.0515219606
B0p5_capmatch,103540.021,0.6407592561155577,0.6415462983976709,0.6495733507601313,0.05090441731420927,0.051484894
B0p5_capmatch,103620.021,0.6412543397976356,0.6420413790298183,0.6500715439763307,0.05088200859578171,0.0515278839
B0p5_capmatch,103700.021,0.6417494178311085,0.6425364608054269,0.6505696913869075,0.05086400031378882,0.0514811911
B0p5_capmatch,103780.021,0.6422444978666186,0.643031532513984,0.6510677824252281,0.05085518438321635,0.0514693297
B0p5_capmatch,103860.021,0.6427395750420757,0.6435266054649917,0.651565890782607,0.050854725202347635,0.0514693297
B0p5_capmatch,103950.021,0.643296542763324,0.6440835689861663,0.6521262816334468,0.05085972985194387,0.0514789708
B0p5_capmatch,104030.021,0.6437916255158845,0.6445786522006283,0.6526244008899212,0.05086371378575214,0.0514574759
B0p5_capmatch,104110.021,0.6442867074104291,0.645073737703174,0.6531225061654896,0.05086231992034179,0.0514633991
B0p5_capmatch,104190.021,0.6447817845143851,0.6455688213742535,0.6536205734919585,0.05085150302194338,0.0514530279
B0p5_capmatch,104270.021,0.6452768626908608,0.6460639034448182,0.6541186253433517,0.05083407410208531,0.0514307879
B0p5_capmatch,104350.021,0.6457719478029649,0.6465589860378214,0.6546166656206375,0.0508377952044593,0.051427085
B0p5_capmatch,104430.021,0.6462670314850427,0.6470540698410591,0.6551147004842001,0.05082317408602967,0.0514278226
B0p5_capmatch,104510.021,0.6467621143806057,0.6475491553106528,0.6556127240630121,0.050818609207884745,0.0514167063
B0p5_capmatch,104590.021,0.6472571936296014,0.6480442390144151,0.6561107175158437,0.050824421266914784,0.051414486
B0p5_capmatch,104670.021,0.6477522728070959,0.6485393151656325,0.6566086549448877,0.050822093656890305,0.0513863154
B0p5_capmatch,104750.021,0.6482473520560917,0.6490343898835168,0.6571066021954779,0.050829710649287985,0.0513929911
B0p5_capmatch,104840.021,0.6488043141287355,0.6495913513383493,0.6576667868177715,0.05080587412108865,0.0513677858
B0p5_capmatch,104920.021,0.6492993941642456,0.6500864323987149,0.6581647450279058,0.05081885459506186,0.0513952114
B0p5_capmatch,105000.021,0.6497944752007745,0.6505815178348964,0.658662692480225,0.050816900331625996,0.0513892807
B0p5_capmatch,105080.021,0.6502895586683481,0.6510765998055187,0.6591605956713237,0.05081596011655339,0.0513685308
B0p5_capmatch,105160.021,0.6507846340562721,0.651571681321282,0.659658492861296,0.050806798298811955,0.0513640828
B0p5_capmatch,105240.021,0.6512797109457242,0.6520667574374834,0.6601563371910991,0.05078770706951276,0.0513336919
B0p5_capmatch,105320.021,0.6517747959148258,0.6525618274795806,0.660654160377512,0.050781119578548944,0.051338885
B0p5_capmatch,105400.021,0.6522698703017313,0.653056899843362,0.6611519995305701,0.05079489327760847,0.0513359196
B0p5_capmatch,105480.021,0.6527649500512365,0.6535519715173767,0.6616498158506938,0.050775939996871564,0.0513203554
B0p5_capmatch,105560.021,0.6532600297292399,0.6540470498036149,0.6621476716928909,0.050753297406364556,0.0513514839
B0p5_capmatch,105640.021,0.6537551076912118,0.6545421346505802,0.662645518867105,0.050743756037228846,0.0513359196
B0p5_capmatch,105720.021,0.6542501905152737,0.6550372160654192,0.6631433186799425,0.05074557833837734,0.0513203554
B0p5_capmatch,105810.021,0.6548071598810528,0.6555941880332078,0.6637033692740284,0.05075495941913792,0.0513314717
B0p5_capmatch,105890.021,0.6553022393445521,0.6560892756553424,0.6642011581264446,0.05076869338408773,0.051316645
B0p5_capmatch,105970.021,0.6557973154474896,0.6565843606038018,0.6646989242714069,0.050751325197802226,0.0513144247
B0p5_capmatch,106050.021,0.6562923934094613,0.657079447806407,0.6651966899091566,0.05074500597449686,0.0513225757
B0p5_capmatch,106130.021,0.6567874751610034,0.6575745343860212,0.6656944318644842,0.05074769416360775,0.0513188727
B0p5_capmatch,106210.021,0.6572825640626778,0.6580696222117429,0.6661921720299906,0.05074319130401513,0.0513151623
B0p5_capmatch,106290.021,0.6577776450992066,0.6585647040106816,0.6666898496617953,0.05073635509832417,0.0512892194
B0p5_capmatch,106370.021,0.6582727293532946,0.6590597868761753,0.6671875568446517,0.05073264160341459,0.0513010807
B0p5_capmatch,106450.021,0.6587678111763379,0.6595548786549699,0.6676852841763845,0.05072105808365717,0.0513159074
B0p5_capmatch,106530.021,0.6592628978614714,0.6600499668648814,0.6681829554189254,0.05072509299131116,0.0512929298
B0p5_capmatch,106610.021,0.6597579766099577,0.6605450464773601,0.6686805723053855,0.0507165340971977,0.0512647666
B0p5_capmatch,106690.021,0.6602530527843963,0.6610401251857108,0.6691782020907725,0.05072613055201997,0.0512869991
B0p5_capmatch,106780.021,0.6608100185036079,0.661597091159313,0.6697380321283104,0.050722834871787845,0.0512580909
B0p5_capmatch,106860.021,0.6613050989681262,0.6620921650167761,0.6702356012262383,0.050714046635973405,0.051245492
B0p5_capmatch,106940.021,0.6618001760005806,0.6625872356829469,0.6707331692951262,0.05071433814298847,0.0512499399
B0p5_capmatch,107020.021,0.6622952540340538,0.6630823179962225,0.6712308054928673,0.05071546024247766,0.0512692071
B0p5_capmatch,107100.021,0.662790328134954,0.663577405061065,0.6717284125767954,0.05068790016582887,0.0512558706
B0p5_capmatch,107180.021,0.6632854058109204,0.6640724852961838,0.6722259602663232,0.05070674377792692,0.051236596
B0p5_capmatch,107260.021,0.6637804903510139,0.6645675645255525,0.6727235074105318,0.05069011878128103,0.0512306653
B0p5_capmatch,107340.021,0.6642755723885612,0.6650626430617469,0.6732210363400346,0.05069834340416405,0.0512277
B0p5_capmatch,107420.021,0.6647706517090579,0.6655577170217716,0.6737185326779984,0.05070687343272996,0.0512262173
B0p5_capmatch,107500.021,0.6652657282410032,0.6660527905312242,0.6742160314985597,0.050690202684085424,0.0512262173
B0p5_capmatch,107580.021,0.6657608052019564,0.6665478651152352,0.6747135243502843,0.05069683599143763,0.0512254797
B0p5_capmatch,107660.021,0.6662558845939548,0.6670429420916835,0.6752110223667884,0.0506686715133995,0.0512158461
B0p5_capmatch,107750.021,0.6668128476676174,0.6675999048312125,0.6757706861501394,0.05067166078068569,0.0512202941
B0p5_capmatch,107830.021,0.6673079272741198,0.6680949811486367,0.676268143472299,0.05066418872881148,0.0512121357
B0p5_capmatch,107910.021,0.667803004235073,0.6685900580555403,0.6767655955164029,0.0506838409787159,0.0512032472
B0p5_capmatch,107990.021,0.6682980846995911,0.6690851355169857,0.677263037044407,0.05068997575700564,0.0512025021
B0p5_capmatch,108070.021,0.6687931633765762,0.6695802112098663,0.6777604540265494,0.05066843136315284,0.0511965714
B0p5_capmatch,108150.021,0.669288245485625,0.6700752893660481,0.6782578840647455,0.05066511577100605,0.0512039848
B0p5_capmatch,108230.021,0.6697833266651564,0.6705703678661952,0.6787552883171313,0.05068747656154164,0.0511973165
B0p5_capmatch,108310.021,0.6702784040551175,0.6710654448083537,0.6792526794414198,0.0506665780985947,0.0511973165
B0p5_capmatch,108390.021,0.6707734820170893,0.6715605240034267,0.6797500711990381,0.050664761857107075,0.0511987992
B0p5_capmatch,108470.021,0.6712685620525998,0.6720556049321698,0.6802474569185832,0.050656866222567806,0.0511891581
B0p5_capmatch,108550.021,0.6717636417306035,0.6725506804835638,0.6807447877099632,0.05065663831188335,0.0511691459
B0p5_capmatch,108630.021,0.672258724483164,0.6730457605509257,0.6812421655277732,0.05066103559835914,0.0512039848
B0p5_capmatch,108720.021,0.6728156897733676,0.6736027355327381,0.6818017223871802,0.05061673486215532,0.0511980541
B0p5_capmatch,108800.021,0.6733107685218539,0.674097819752084,0.6822990469161987,0.05062131458784457,0.0511847176
B0p5_capmatch,108880.021,0.6738058510599108,0.6745929035942754,0.6827963727176953,0.0506503372202131,0.0511958338
B0p5_capmatch,108960.021,0.6743009268768427,0.6750879907976479,0.6832937012981443,0.05064030201540115,0.0511936061
B0p5_capmatch,109040.021,0.6747960040522998,0.6755830726574953,0.6837909746162929,0.05064360600408715,0.0511647053
B0p5_capmatch,109120.021,0.675291080798749,0.6760781477953187,0.6842882189914021,0.05064264416993668,0.051148396
B0p5_capmatch,109200.021,0.6757861541131346,0.676573220645057,0.6847854567439038,0.05062665799135843,0.0511498787
B0p5_capmatch,109280.021,0.6762812296440611,0.6770682953356123,0.6852827086226589,0.05062682416436705,0.0511691459
B0p5_capmatch,109360.021,0.6767763050319853,0.6775633674882781,0.685779924108985,0.05061277494662003,0.0511328317
B0p5_capmatch,109440.021,0.677271384352482,0.6780584370130767,0.6862771335318378,0.050616185478380475,0.0511506163
B0p5_capmatch,109520.02100000001,0.677766464101987,0.6785535134736744,0.686774378560542,0.050621597508238504,0.0511676632
B0p5_capmatch,109600.02100000001,0.678261536844362,0.6790485931873267,0.6872716086637927,0.05061603753267393,0.0511543266
B0p5_capmatch,109690.02100000001,0.6788185041366026,0.6796055526582984,0.6878309400912623,0.05060102666769968,0.051130604
B0p5_capmatch,109770.02100000001,0.6793135796675294,0.68010062616956,0.6883281188659987,0.05059096433896467,0.0511395
B0p5_capmatch,109850.02100000001,0.6798086577010025,0.6805957060629267,0.6888253278976746,0.050589531588893136,0.0511491336
B0p5_capmatch,109930.02100000001,0.6803037382370221,0.681090794518616,0.6893225566726413,0.05060066832706032,0.0511609949
B0p5_capmatch,110010.02100000001,0.6807988244216462,0.6815858844921855,0.6898197516372928,0.05057400308685692,0.0511476509
B0p5_capmatch,110090.02100000001,0.681293905029167,0.6820809698895843,0.6903169032241272,0.050585211786234936,0.0511328317
B0p5_capmatch,110170.02100000001,0.6817889850646769,0.6825760577917832,0.6908140729482557,0.05059317427623062,0.0511587746
B0p5_capmatch,110250.02100000001,0.682284062240134,0.6830711359630516,0.6913111491287696,0.05057708393104436,0.0511068888
B0p5_capmatch,110330.02100000001,0.682779138486074,0.6835662026106366,0.6918081996630566,0.050552583402920404,0.0511076264
B0p5_capmatch,110410.02100000001,0.6832742207381252,0.6840612821326809,0.6923053479696717,0.05056102591534567,0.0511335693
B0p5_capmatch,110490.02100000001,0.683769303133179,0.6845563609651919,0.6928024302931195,0.0505698020599768,0.0511024408
B0p5_capmatch,110570.02100000001,0.684264384670217,0.6850514381272982,0.6932995231241963,0.05055577607759605,0.0511239357
B0p5_capmatch,110660.02100000001,0.684821345884845,0.685608411261408,0.6938587867175635,0.05056641462149278,0.0511291213
B0p5_capmatch,110740.02100000001,0.6853164268498726,0.6861034913095563,0.6943558264912892,0.050568452421629134,0.0510876141
B0p5_capmatch,110820.02100000001,0.6858115033103165,0.6865985665924308,0.6948528614689351,0.050563813886986816,0.0510994755
B0p5_capmatch,110900.02100000001,0.6863065839893384,0.6870936469687292,0.6953499210499117,0.05055679220997096,0.0511039235
B0p5_capmatch,110980.02100000001,0.6868016629523288,0.6875887260547658,0.6958469496961706,0.05054081119795564,0.0510868765
B0p5_capmatch,111060.02100000001,0.6872967485649422,0.6880838082753944,0.6963439991318043,0.050544791680161676,0.0511017032
B0p5_capmatch,111140.02100000001,0.6877918270989245,0.688578885997221,0.6968409851966406,0.05054207122746704,0.0510779805
B0p5_capmatch,111220.02100000001,0.6882869056329066,0.6890739631619535,0.6973379952381749,0.05052027440714597,0.0510957725
B0p5_capmatch,111300.02100000001,0.6887819848819023,0.6895690397757721,0.6978349684501925,0.050516095178630704,0.051064644
B0p5_capmatch,111380.02100000001,0.6892770645599059,0.6900641193027809,0.6983319797688573,0.050527667805838436,0.0510942899
B0p5_capmatch,111460.02100000001,0.6897721440234054,0.690559202263322,0.6988289654258675,0.050526487861925,0.0510705672
B0p5_capmatch,111540.02100000001,0.6902672269189685,0.6910542797616462,0.699325918253407,0.050507918581007,0.0510727949
B0p5_capmatch,111630.02100000001,0.6908241954267313,0.6916112412112464,0.6998849802797458,0.050476346296245866,0.051059451
B0p5_capmatch,111710.02100000001,0.6913192761772549,0.6921063175656416,0.7003819194145313,0.05047378386280379,0.0510542654
B0p5_capmatch,111790.02100000001,0.6918143512791737,0.6926013920744987,0.700878835421701,0.050490198476305884,0.0510335006
B0p5_capmatch,111870.02100000001,0.6923094292411454,0.6930964667685358,0.7013757567523224,0.050487286866435784,0.0510527827
B0p5_capmatch,111950.02100000001,0.6928045117792017,0.6935915507261532,0.7018727220881829,0.05047534602212316,0.0510587133
B0p5_capmatch,112030.02100000001,0.6932995943172584,0.6940866307319293,0.70236961412842,0.05046830398694716,0.0510372184
B0p5_capmatch,112110.02100000001,0.6937946734947527,0.6945817095977124,0.7028665225037158,0.05046830035800066,0.0510542654
B0p5_capmatch,112190.02100000001,0.6942897538877697,0.6950767908956934,0.7033634151736254,0.050493247162410174,0.0510483347
B0p5_capmatch,112270.02100000001,0.694784830634219,0.6955718743008932,0.7038603237150025,0.05048458949204535,0.051055748
B0p5_capmatch,112350.02100000001,0.6952799098832148,0.6960669625745637,0.7043572281403039,0.050462261645500474,0.051046852
B0p5_capmatch,112430.02100000001,0.6957749901332287,0.6965620450374652,0.7048540780660282,0.05044353887834493,0.0510312803
B0p5_capmatch,112510.02100000001,0.6962700708837524,0.6970571188991554,0.7053508828723661,0.05044346066188861,0.0510097854
B0p5_capmatch,112600.02100000001,0.6968270404640354,0.6976140839278381,0.7059098586382802,0.050461280884813046,0.0510394387
B0p5_capmatch,112680.02100000001,0.697322118140002,0.6981091745665159,0.7064067475333242,0.05045781141377397,0.0510438867
B0p5_capmatch,112760.02100000001,0.6978171971744936,0.6986042574540461,0.7069035523752291,0.05045168499577274,0.0510120057
B0p5_capmatch,112840.02100000001,0.6983122771385025,0.6990993284762725,0.7074003051492996,0.05043681725496902,0.0509868078
B0p5_capmatch,112920.02100000001,0.6988073588900445,0.6995944075022931,0.7078971403798564,0.050435040325856176,0.051020164
B0p5_capmatch,113000.02100000001,0.6993024369235177,0.7000894928035643,0.7083939613745524,0.05042077226143852,0.0510016344
B0p5_capmatch,113080.02100000001,0.6997975168875263,0.7005845683594975,0.7088907109367901,0.050412161260662426,0.0509742089
B0p5_capmatch,113160.02100000001,0.7002925954930099,0.7010796377706616,0.7093874434418836,0.05041628051962262,0.0509764291
B0p5_capmatch,113240.02100000001,0.7007876706664299,0.7015747120108387,0.709884219232776,0.05040576358568391,0.0509845875
B0p5_capmatch,113320.02100000001,0.7012827493434151,0.7020697982844589,0.7103810429176896,0.05039246360988317,0.0509971865
B0p5_capmatch,113400.02100000001,0.7017778253033495,0.7025648793489803,0.7108777783681279,0.050387203220522855,0.0509623475
B0p5_capmatch,113480.02100000001,0.702272901620791,0.7030599594363639,0.7113745388478792,0.05037656543664881,0.0509897731
B0p5_capmatch,113570.02100000001,0.7028298680550158,0.7036169225525671,0.7119333405826945,0.05037318640521671,0.0509601273
B0p5_capmatch,113650.02100000001,0.7033249453019742,0.7041120021318231,0.7124300889258541,0.0503801053055554,0.0509986691
B0p5_capmatch,113730.02100000001,0.7038200228349382,0.7046070785346004,0.7129267693251323,0.05037996743066623,0.0509393699
B0p5_capmatch,113810.02100000001,0.7043151063025118,0.7051021529450867,0.7134234786818356,0.05036020927853991,0.0509727262
B0p5_capmatch,113890.02100000001,0.7048101859805154,0.7055972366774635,0.7139202122849777,0.05037666000791335,0.0509630926
B0p5_capmatch,113970.02100000001,0.7053052619404497,0.706092315706552,0.7144168920632293,0.050350700329205245,0.0509519689
B0p5_capmatch,114050.02100000001,0.705800341832957,0.7065873873206217,0.7149135325252319,0.05034752258367055,0.050930474
B0p5_capmatch,114130.02100000001,0.7062954142178255,0.7070824657149005,0.7154102366915782,0.05034315995265065,0.0509593822
B0p5_capmatch,114210.02100000001,0.7067904961838716,0.7075775457603082,0.7159069020267695,0.05032616042386558,0.0509238057
B0p5_capmatch,114290.02100000001,0.7072855778639121,0.7080726239850245,0.7164035672426218,0.05030853246336208,0.0509386323
B0p5_capmatch,114370.02100000001,0.7077806544673587,0.7085676988607291,0.7169001864693609,0.050321099502679996,0.0508934148
B0p5_capmatch,114460.02100000001,0.7083376155389841,0.709124656695251,0.7174589012553121,0.05029273849995313,0.0509119444
B0p5_capmatch,114540.02100000001,0.7088326954314915,0.7096197328849218,0.717955529769108,0.05029369105489158,0.0508971252
B0p5_capmatch,114620.02100000001,0.7093277788990655,0.710114810516812,0.7184521679504203,0.05031417023254427,0.0509260334
B0p5_capmatch,114700.02100000001,0.7098228640111697,0.7106098919610131,0.7189488044527094,0.050318417699963494,0.0509037934
B0p5_capmatch,114780.02100000001,0.7103179422591467,0.7111049758212351,0.7194454424111838,0.050304287904235696,0.0509141721
B0p5_capmatch,114860.02100000001,0.7108130230811717,0.7116000559079367,0.7199420300713631,0.05029087954691109,0.0508904494
B0p5_capmatch,114940.02100000001,0.7113080989696048,0.7120951382444879,0.7204386505481131,0.050285680944670445,0.0509104617
B0p5_capmatch,115020.02100000001,0.7118031785046057,0.7125902217629613,0.7209352401103167,0.05029406584904861,0.0508667342
B0p5_capmatch,115100.02100000001,0.7122982598986413,0.7130853081253434,0.7214318584018088,0.05026335939062164,0.0509030558
B0p5_capmatch,115180.02100000001,0.7127933422936952,0.7135803997800625,0.7219284678914475,0.050260252881640044,0.0508845262
B0p5_capmatch,115260.02100000001,0.713288417824622,0.7140754809672305,0.7224249966855221,0.050246363712944095,0.0508489497
B0p5_capmatch,115340.02100000001,0.7137834966446096,0.7145705555900483,0.7229215151305832,0.050226783341700436,0.0508393086
B0p5_capmatch,115430.02100000001,0.7143404663678953,0.7151275125141794,0.723480093464683,0.05022807609902055,0.0508267097
B0p5_capmatch,115510.02100000001,0.7148355444728698,0.715622587265748,0.7239766289430656,0.05022257829891011,0.050838571
B0p5_capmatch,115590.02100000001,0.7153306266534197,0.7161176706190358,0.724473200125467,0.05021177070171787,0.0508356057
B0p5_capmatch,115670.02100000001,0.7158257068319327,0.7166127488808174,0.7249696984123823,0.05019741355514053,0.0508155935
B0p5_capmatch,115750.02100000001,0.7163207875824561,0.7171078183341144,0.7254661671140608,0.05019129356042437,0.0508052148
B0p5_capmatch,115830.02100000001,0.7168158676179662,0.7176028996577725,0.7259627256339047,0.05020102031342621,0.0508445017
B0p5_capmatch,115910.02100000001,0.7173109480109832,0.7180979842755879,0.7264592423920417,0.05019994805236044,0.0508074425
B0p5_capmatch,115990.02100000001,0.7178060264019627,0.7185930599563989,0.726955706630342,0.050175051592695905,0.0507837199
B0p5_capmatch,116070.02100000001,0.7183011115855681,0.719088144669832,0.7274522430008138,0.050189071833951604,0.0508326404
B0p5_capmatch,116150.02100000001,0.71879620034424,0.7195832333558791,0.7279487492936304,0.05015592335597004,0.0508000292
B0p5_capmatch,116230.02100000001,0.7192912838118137,0.7200783129759192,0.7284451954366497,0.05017464508030283,0.0507829823
B0p5_capmatch,116310.02100000001,0.7197863666358756,0.7205733946357336,0.72894167286651,0.05016660554068842,0.0507933535
B0p5_capmatch,116400.02100000001,0.7203433314970713,0.7211303604586744,0.7295001751862334,0.0501423156660933,0.0507703759
B0p5_capmatch,116480.02100000001,0.7208384167521782,0.7216254409747271,0.7299966326533062,0.05013328346399889,0.0507837199
B0p5_capmatch,116560.02100000001,0.7213334972881974,0.7221205282252445,0.7304931112212971,0.05012518885227102,0.0507881679
B0p5_capmatch,116640.02100000001,0.721828574106148,0.7226156165332472,0.7309895709606795,0.050104159632837715,0.0507807545
B0p5_capmatch,116720.02100000001,0.7223236552141776,0.7231107013225418,0.7314859960541256,0.050094414745893295,0.0507607423
B0p5_capmatch,116800.02100000001,0.7228187371087225,0.7236057821727079,0.7319824018198566,0.050119860708839205,0.05074073
B0p5_capmatch,116880.02100000001,0.7233138165722219,0.7241008595474131,0.7324787896861118,0.05010839643372265,0.050731834
B0p5_capmatch,116960.02100000001,0.7238088987527718,0.7245959335333972,0.7329751650924408,0.05010307910260884,0.0507199802
B0p5_capmatch,117040.02100000001,0.7243039787167806,0.7250910093873735,0.7334715598017252,0.05010924631775297,0.0507177524
B0p5_capmatch,117120.02100000001,0.7247990600393147,0.7255860903677872,0.7339679721618593,0.05010181406985602,0.0507184975
B0p5_capmatch,117200.02100000001,0.7252941420053607,0.7260811729555884,0.7344643714596404,0.05007705329031005,0.0507251658
B0p5_capmatch,117280.02100000001,0.725789227117465,0.7265762496492417,0.7349607211022524,0.05007741329657749,0.0506844036
B0p5_capmatch,117370.02100000001,0.7263461954107241,0.7271332172740754,0.7355191762196137,0.050046906784432556,0.0507229455
B0p5_capmatch,117450.02100000001,0.7268412733726958,0.727628298325727,0.7360155235065589,0.05002951114731811,0.0506755076
B0p5_capmatch,117530.02100000001,0.7273363504766517,0.7281233695168524,0.7365118358542952,0.0500329080239142,0.050660681
B0p5_capmatch,117610.02100000001,0.72783142772361,0.7286184406643709,0.7370081586016607,0.050037585175708305,0.0506584607
B0p5_capmatch,117690.02100000001,0.7283265043270564,0.7291135207630458,0.7375045421552843,0.050021348046013804,0.0506895892
B0p5_capmatch,117770.02100000001,0.7288215823605297,0.72960860728931,0.738000916274363,0.04999427855050445,0.0506717972
B0p5_capmatch,117850.02100000001,0.7293166636830637,0.730103684488536,0.7384972130589222,0.0499886959411596,0.0506414138
B0p5_capmatch,117930.02100000001,0.7298117442905845,0.7305987550858543,0.738993495363961,0.050003073731422466,0.0506325178
B0p5_capmatch,118010.02100000001,0.7303068276866568,0.7310938334037442,0.7394898384409399,0.05000487725681335,0.0506584607
B0p5_capmatch,118090.02100000001,0.730801902860077,0.7315889117464929,0.7399861401632496,0.049981738016428315,0.0506184362
B0p5_capmatch,118170.02100000001,0.7312969807505472,0.7320839834878323,0.7404824124826499,0.049947403643231664,0.0506206565
B0p5_capmatch,118250.02100000001,0.7317920595705347,0.7325790534473764,0.740978678790599,0.04992237087069249,0.0505939759
B0p5_capmatch,118340.02100000001,0.7323490292938204,0.7331360172157104,0.7415370493338597,0.04991697634784204,0.0506265871
B0p5_capmatch,118420.02100000001,0.7328441086143173,0.7336311049294456,0.7420333826199614,0.04992728625741047,0.0506214015
B0p5_capmatch,118500.02100000001,0.7333391914383791,0.7341261826334343,0.7425296264316549,0.04993773822468563,0.0505717434
B0p5_capmatch,118580.02100000001,0.7338342691858468,0.7346212532747101,0.7430258586618852,0.049917136275836244,0.0505732186
B0p5_capmatch,118660.02100000001,0.7343293501508742,0.7351163232340399,0.7435220928096347,0.049908744886849855,0.0505658127
B0p5_capmatch,118740.02100000001,0.7348244276123367,0.7356114022356275,0.7440183932491715,0.04991507133017911,0.0505895279
B0p5_capmatch,118820.02100000001,0.7353195061463191,0.7361064929193779,0.7445147156865244,0.049904045681934385,0.050585825
B0p5_capmatch,118900.02100000001,0.7358145893278875,0.7366015745602894,0.7450109391021469,0.049868144875149435,0.0505406074
B0p5_capmatch,118980.02100000001,0.736309661998761,0.7370966540244,0.7455071854573834,0.049849784135790234,0.0505672954
B0p5_capmatch,119060.02100000001,0.7368047413907592,0.7375917376676494,0.7460034338159265,0.049843622180007686,0.0505517311
B0p5_capmatch,119140.02100000001,0.7372998177797019,0.7380868144025472,0.7464996328350759,0.04984877948341014,0.0505124442
B0p5_capmatch,119220.02100000001,0.7377948978867134,0.7385818950112277,0.7469958765481726,0.04985356883569559,0.0505480208
B0p5_capmatch,119310.02100000001,0.7383518589583389,0.739138857476083,0.747554091125205,0.04983494476777757,0.0504991002
B0p5_capmatch,119390.02100000001,0.7388469379213292,0.7396339263794904,0.7480502525575464,0.04979807366516533,0.0504902117
B0p5_capmatch,119470.02100000001,0.7393420178138369,0.7401290005859531,0.7485464599243223,0.04980135521413401,0.0504939146
B0p5_capmatch,119550.02100000001,0.7398370989933681,0.7406240756264616,0.7490426471479505,0.04980312860064724,0.0504716821
B0p5_capmatch,119630.02100000001,0.7403321832474566,0.741119147961975,0.749538820207994,0.049799654084596086,0.050466489
B0p5_capmatch,119710.02100000001,0.7408272628539587,0.7416142208473357,0.7500349942656771,0.049789423166318174,0.0504494421
B0p5_capmatch,119790.02100000001,0.7413223348098193,0.7421093014573272,0.7505312145117262,0.04977213192090754,0.0504805706
B0p5_capmatch,119870.02100000001,0.7418174090537222,0.7426043803017183,0.7510273775724232,0.04975987155876196,0.0504368432
B0p5_capmatch,119950.02100000001,0.7423124885172218,0.7430994556528834,0.751523539579241,0.049762426952301174,0.0504479595
B0p5_capmatch,120030.02100000001,0.74280757005426,0.7435945336196363,0.7520197038098899,0.04975885465902381,0.0504309125
B0p5_capmatch,120110.02100000001,0.7433026503757757,0.7440896123140978,0.7525158692500047,0.049722907196242144,0.0504301749
B0p5_capmatch,120190.02100000001,0.7437977286952541,0.7445846943961536,0.7530120414060466,0.04972757962631146,0.0504309125
B0p5_capmatch,120280.02100000001,0.7443546983470385,0.7451416623126432,0.7535702190739412,0.049701634229456754,0.0504116453
B0p5_capmatch,120360.02100000001,0.744849776523514,0.7456367467273889,0.7540663811764278,0.04968091344629386,0.050404232
B0p5_capmatch,120440.02100000001,0.7453448537704723,0.7461318279921412,0.7545625038275962,0.04968310375719972,0.0503916331
B0p5_capmatch,120520.02100000001,0.7458399330909693,0.7466269126302216,0.7550586646701222,0.04967928177232668,0.050399784
B0p5_capmatch,120600.02100000001,0.7463350136269888,0.747122004369596,0.7555548342960356,0.04966711702889977,0.0503805093
B0p5_capmatch,120680.02100000001,0.7468300938055017,0.747617086049519,0.756050917305483,0.04964311072842972,0.0503604971
B0p5_capmatch,120760.02100000001,0.7473251683354096,0.7481121571517526,0.7565469695048738,0.049647788888686754,0.0503382646
B0p5_capmatch,120840.02100000001,0.7478202435803312,0.7486072295770005,0.7570430550088021,0.049630156884948075,0.0503338166
B0p5_capmatch,120920.02100000001,0.7483153239018467,0.7491023011839764,0.7575391252413871,0.04962196360625828,0.0503189899
B0p5_capmatch,121000.02100000001,0.7488103985032561,0.7495973754374432,0.7580352238784861,0.04964198960771059,0.0503271483
B0p5_capmatch,121080.02100000001,0.7493054761077212,0.7500924492425975,0.7585312921923446,0.04961024858743435,0.050306391
B0p5_capmatch,121160.02100000001,0.7498005542126956,0.7505875264685936,0.7590273979054127,0.04958154665955757,0.0503049083
B0p5_capmatch,121250.02100000001,0.7503575212904323,0.7511445009369557,0.7595855527033843,0.049599664161500204,0.0503138043
B0p5_capmatch,121330.02100000001,0.7508525984658894,0.7516395838039576,0.7600816143184864,0.049585734323154766,0.0502745248
B0p5_capmatch,121410.02100000001,0.7513476764993625,0.752134660166347,0.7605776586902435,0.04957160464443531,0.0502671115
B0p5_capmatch,121490.02100000001,0.7518427523877957,0.7526297340607463,0.7610736903288456,0.049548073596826836,0.0502448715
B0p5_capmatch,121570.02100000001,0.7523378359983723,0.753124811792333,0.7615697622094613,0.04951457991651009,0.0502656288
B0p5_capmatch,121650.02100000001,0.7528329088837501,0.7536198877943917,0.7620657899007204,0.04949858314502884,0.0502241217
B0p5_capmatch,121730.02100000001,0.7533279869887243,0.7541149602655286,0.7625618184386269,0.0495172815811477,0.0502248593
B0p5_capmatch,121810.02100000001,0.7538230621621445,0.7546100330155565,0.7630578381750726,0.04947662700649432,0.0501959585
B0p5_capmatch,121890.02100000001,0.7543181396951082,0.7551051042525957,0.7635538563838864,0.04947610717356493,0.0502026267
B0p5_capmatch,121970.02100000001,0.7548132132954993,0.7556001842731008,0.7640499264700867,0.049479117776491596,0.0502152257
B0p5_capmatch,122050.02100000001,0.7553082933310092,0.7560952673190573,0.7645459730143729,0.04946332818039213,0.0501944758
B0p5_capmatch,122130.02100000001,0.7558033729375117,0.7565903470685451,0.7650419936674363,0.04943376834301945,0.0501870625
B0p5_capmatch,122220.02100000001,0.7563603374412009,0.7571473204092714,0.7656000688629523,0.04940985905069446,0.0501937307
B0p5_capmatch,122300.02100000001,0.7568554157606792,0.7576424007593022,0.7660960439812006,0.049405421563115254,0.0501403622
B0p5_capmatch,122380.02100000001,0.7573504945806667,0.7581374673298862,0.7665919781539003,0.04943011659797946,0.0501270257
B0p5_capmatch,122460.02100000001,0.7578455784772484,0.7586325392979741,0.7670879744563177,0.049410158831873635,0.0501403622
B0p5_capmatch,122540.02100000001,0.7583406596567797,0.7591276191382197,0.7675839975845958,0.049385157139932946,0.0501418449
B0p5_capmatch,122620.02100000001,0.7588357396207887,0.7596227065281824,0.7680800439743858,0.049364120430437544,0.0501388796
B0p5_capmatch,122700.02100000001,0.7593308233028664,0.7601177946987984,0.7685760546162587,0.0493405094092287,0.0501070134
B0p5_capmatch,122780.02100000001,0.7598259071279467,0.7606128784296268,0.7690720363004437,0.04932041805884344,0.0500870012
B0p5_capmatch,122860.02100000001,0.7603209864484436,0.7611079651797324,0.7695680401492662,0.04932543577015122,0.0500929318
B0p5_capmatch,122940.02100000001,0.7608160707025318,0.7616030546306376,0.7700640401484053,0.049317156878351115,0.0500892214
B0p5_capmatch,123020.02100000001,0.7613111540986042,0.7620981441270837,0.7705600301501523,0.049293849623380674,0.0500781052
B0p5_capmatch,123100.02100000001,0.7618062356356422,0.7625932359571727,0.7710560259738559,0.049288761769775494,0.0500669889
B0p5_capmatch,123190.02100000001,0.762363201426355,0.7631502048395629,0.7716139418707655,0.04928599451595865,0.0500165857
B0p5_capmatch,123270.02100000001,0.7628582834639023,0.7636452836276274,0.7721098764312329,0.04925811952166072,0.0500328951
B0p5_capmatch,123350.02100000001,0.763353358780325,0.7641403572915771,0.7726057688618083,0.04927259131769959,0.0499913879
B0p5_capmatch,123430.02100000001,0.7638484426054052,0.7646354370404232,0.7731017421181681,0.04925969241169342,0.0500121377
B0p5_capmatch,123510.02100000001,0.7643435284325225,0.7651305275437663,0.7735977277992783,0.049249125520345646,0.0499995388
B0p5_capmatch,123590.02100000001,0.7648386128296136,0.7656256158962976,0.774093681915558,0.04923151654500349,0.0499861948
B0p5_capmatch,123670.02100000001,0.7653336921501106,0.7661206988488569,0.7745895910755952,0.0491966720414135,0.0499550663
B0p5_capmatch,123750.02100000001,0.7658287724001248,0.7666157852341775,0.7750855464065896,0.049172707366696065,0.0499773063
B0p5_capmatch,123830.02100000001,0.7663238543661707,0.7671108792610013,0.775581514644337,0.049187579207103586,0.0499676652
B0p5_capmatch,123910.02100000001,0.7668189421953252,0.7676059685740599,0.7760774323943764,0.04917596632175045,0.0499276407
B0p5_capmatch,123990.02100000001,0.7673140228743474,0.7681010534486841,0.7765733333517311,0.04912926432925307,0.0499209724
B0p5_capmatch,124080.02100000001,0.7678709876640416,0.7686580186685352,0.7771311951915434,0.049123422274788546,0.0499002151
B0p5_capmatch,124160.02100000001,0.7683660699160929,0.7691530932009529,0.7776270547450832,0.04910256679816108,0.049859453
B0p5_capmatch,124240.02100000001,0.7688611513816294,0.7696481684663828,0.7781229350689114,0.049078118946388395,0.0498779826
B0p5_capmatch,124320.02100000001,0.7693562276990706,0.7701432518781519,0.7786188615217016,0.04907240915767929,0.0498779826
B0p5_capmatch,124400.02100000001,0.7698513075915782,0.7706383336392417,0.7791147398401606,0.049089187865809,0.0498535223
B0p5_capmatch,124480.02100000001,0.7703463864830671,0.7711334159533968,0.7796106402673989,0.04908348230626584,0.0498490743
B0p5_capmatch,124560.02100000001,0.7708414663755744,0.7716284953338125,0.7801064924593348,0.04906199248520135,0.0498053469
B0p5_capmatch,124640.02100000001,0.7713365451955619,0.7721235760477138,0.7806023850946293,0.04904914718193596,0.0498268418
B0p5_capmatch,124720.02100000001,0.7718316276621173,0.7726186553814487,0.7810982307118199,0.049019868732740626,0.0497779213
B0p5_capmatch,124800.02100000001,0.7723266998324817,0.7731137331664758,0.7815940988521588,0.04899862004984759,0.0497942306
B0p5_capmatch,124880.02100000001,0.7728217833000557,0.7736088198263467,0.7820899990863104,0.04899118397663984,0.0497897826
B0p5_capmatch,124960.02100000001,0.7733168699136878,0.7741039075839831,0.7825858824762022,0.048968018287104925,0.0497697704
B0p5_capmatch,125050.02100000001,0.7738738326298434,0.7746608773271004,0.7831437128461218,0.04896634900918697,0.0497497581
B0p5_capmatch,125130.02100000001,0.7743689163119212,0.7751559600061686,0.7836395625330721,0.048925600573887194,0.0497497581
B0p5_capmatch,125210.02100000001,0.7748639988499777,0.7756510484981524,0.7841354443128861,0.04890797353767358,0.049748268
B0p5_capmatch,125290.02100000001,0.7753590777414668,0.7761461372605727,0.7846312997879619,0.04889494605940365,0.0497252904
B0p5_capmatch,125370.02100000001,0.775854159135502,0.7766412257063278,0.7851271567040569,0.04887795848381624,0.0497074984
B0p5_capmatch,125450.02100000001,0.7763492383844978,0.7771363055863253,0.7856229417654575,0.048857257571618753,0.0496645086
B0p5_capmatch,125530.02100000001,0.7768443130574084,0.7776313875401507,0.7861187889257282,0.04883863126664812,0.0496897139
B0p5_capmatch,125610.02100000001,0.7773393935934277,0.7781264792320581,0.7866146573356161,0.04882638573131854,0.0496763699
B0p5_capmatch,125690.02100000001,0.7778344747014578,0.7786215627295062,0.7871104544766859,0.04880537995379586,0.0496222638
B0p5_capmatch,125770.02100000001,0.7783295570250105,0.7791166485252824,0.7876062946827974,0.04878299131724924,0.0496489443
B0p5_capmatch,125850.02100000001,0.7788246411360962,0.7796117414077002,0.7881021492610649,0.04877357953352898,0.0496385731
B0p5_capmatch,125930.02100000001,0.7793197281787361,0.7801068277880214,0.7885979439783046,0.048769223637544594,0.0496007688
B0p5_capmatch,126020.02100000001,0.7798766946129607,0.7806637871501996,0.7891556564545454,0.04876022225569579,0.0495644473
B0p5_capmatch,126100.02100000001,0.7803717789385505,0.7811588649387231,0.7896514583254506,0.048754316984459534,0.049566675
B0p5_capmatch,126180.02100000001,0.7808668622631214,0.7816539456452085,0.7901472499066889,0.04872953388501022,0.0495548137
B0p5_capmatch,126260.02100000001,0.7813619451586846,0.7821490183902072,0.7906429958639235,0.0486971340072113,0.0495325811
B0p5_capmatch,126340.02100000001,0.7818570233351605,0.7826440973702236,0.7911388062254112,0.048680236562968694,0.0495474003
B0p5_capmatch,126420.02100000001,0.7823521067312328,0.7831391857232952,0.7916346372899159,0.0486739816145625,0.0495296158
B0p5_capmatch,126500.02100000001,0.7828471942028808,0.7836342770067555,0.7921304623125371,0.04866573427701611,0.0495118238
B0p5_capmatch,126580.02100000001,0.7833422802445026,0.7841293681026327,0.7926262627063758,0.04864975760099765,0.0494925566
B0p5_capmatch,126660.02100000001,0.7838373600655089,0.7846244480720606,0.7931219884497609,0.04862285532974178,0.0494503044
B0p5_capmatch,126740.02100000001,0.7843324395290084,0.7851195281503711,0.7936177593043643,0.048572570674430465,0.0494569801
B0p5_capmatch,126820.02100000001,0.7848275167044655,0.785614606379794,0.7941134924946618,0.048570869700744666,0.0494214036
B0p5_capmatch,126900.02100000001,0.7853225952384477,0.7861096776196791,0.7946092119369874,0.04854659539868737,0.0494006462
B0p5_capmatch,126990.02100000001,0.7858795575970967,0.7866666379512248,0.7951669378169846,0.04851851243472799,0.0493976809
B0p5_capmatch,127070.02100000001,0.7863746379186123,0.7871617165566914,0.7956626958384416,0.04850302552709425,0.049368035
B0p5_capmatch,127150.02100000001,0.7868697179541224,0.7876567987356282,0.7961584691504071,0.048494963730954806,0.0493739657
B0p5_capmatch,127230.02100000001,0.7873647988476485,0.7881518842052221,0.7966542410953725,0.048497624814891706,0.0493539535
B0p5_capmatch,127310.02100000001,0.7878598883928348,0.7886469726528644,0.7971500201497287,0.04848236980669017,0.0493480228
B0p5_capmatch,127390.02100000001,0.788354973290435,0.7891420555038087,0.797645739603038,0.048451578924915986,0.0493072532
B0p5_capmatch,127470.02100000001,0.7888500570440139,0.7896371318684948,0.7981414465005102,0.04841358973944938,0.0492894687
B0p5_capmatch,127550.02100000001,0.7893451398680754,0.7901322099255976,0.798637171651185,0.048390874209397416,0.0492783524
B0p5_capmatch,127630.02100000001,0.7898402233356491,0.7906272861483719,0.7991328803207182,0.04839162256937731,0.0492457412
B0p5_capmatch,127710.02100000001,0.7903353054446977,0.7911223726872241,0.7996286665927161,0.048397320555320804,0.0492768697
B0p5_capmatch,127790.02100000001,0.7908303845506903,0.7916174570398478,0.8001243762225267,0.04836240171752607,0.049225729
B0p5_capmatch,127870.02100000001,0.7913254631561738,0.7921125371212794,0.8006200968107482,0.04831743819156462,0.0492183156
B0p5_capmatch,127960.02100000001,0.7918824378845525,0.7926695121831425,0.8011778213105945,0.04831165560710955,0.0492153503
B0p5_capmatch,128040.02100000001,0.7923775212091234,0.7931646034203298,0.8016735690321255,0.048287543638246264,0.0492020063
B0p5_capmatch,128120.02100000001,0.7928726042476891,0.7936596921794292,0.8021692842485668,0.04826084427063344,0.0491642095
B0p5_capmatch,128200.02100000001,0.7933676895742973,0.7941547716911594,0.8026649471928964,0.048251843527707484,0.0491278879
B0p5_capmatch,128280.02100000001,0.793862768251282,0.7946498546575798,0.8031606666108826,0.048246709571122814,0.0491464175
B0p5_capmatch,128360.02100000001,0.7943578476432802,0.7951449452514614,0.8036564031564697,0.048205280145584235,0.0491293706
B0p5_capmatch,128440.02100000001,0.7948529320403712,0.7956400263596258,0.8041520601775312,0.04819893460684114,0.0490752645
B0p5_capmatch,128520.02100000001,0.7953480165089635,0.7961351028200905,0.8046477258164146,0.04818015818185605,0.0490700714
B0p5_capmatch,128600.02100000001,0.7958430961154656,0.7966301778026454,0.80514337982341,0.048148701431004706,0.0490411706
B0p5_capmatch,128680.02100000001,0.7963381810845672,0.7971252525711437,0.8056390518928402,0.04812124973808016,0.04903524
B0p5_capmatch,128760.02100000001,0.7968332636941249,0.7976203371355987,0.8061347763367648,0.04810104585124559,0.0490359776
B0p5_capmatch,128840.02100000001,0.7973283493782396,0.7981154242017036,0.8066304777972064,0.048078874274483915,0.0490078144
B0p5_capmatch,128930.02100000001,0.7978853178145017,0.7986723954028162,0.8071881261409484,0.0480612102267558,0.0489974357
B0p5_capmatch,129010.02100000001,0.7983803977070093,0.7991674736731442,0.8076837572878024,0.04803440286593852,0.048942592
B0p5_capmatch,129090.02100000001,0.7988754786720367,0.7996625567857392,0.8081794576944794,0.0480306423789802,0.0489707552
B0p5_capmatch,129170.02100000001,0.7993705690752391,0.8001576484275961,0.8086751659180152,0.04801481578460368,0.0489373989
B0p5_capmatch,129250.02100000001,0.7998656569043936,0.8006527379252512,0.8091708480461675,0.0479776375999475,0.0489270277
B0p5_capmatch,129330.02100000001,0.8003607414444872,0.8011478166466679,0.8096664517158588,0.04794880254695165,0.0488640256
B0p5_capmatch,129410.02100000001,0.8008558199784696,0.8016428843599132,0.8101620349202484,0.047962886637468956,0.0488514192
B0p5_capmatch,129490.02100000001,0.8013509041610564,0.802137964638197,0.8106577280418621,0.0479517191719434,0.0488743968
B0p5_capmatch,129570.02100000001,0.8018459939207468,0.8026330581640433,0.811153448910663,0.047905350597506516,0.0488640256
B0p5_capmatch,129650.02100000001,0.802341074814273,0.8031281504014914,0.8116491250756586,0.04785713468732797,0.0488336347
B0p5_capmatch,129730.02100000001,0.8028361546352791,0.8036232374666941,0.8121447646704718,0.04783282992700759,0.0487921275
B0p5_capmatch,129810.02100000001,0.8033312376738448,0.8041183146389268,0.81264035138971,0.04781535033064644,0.0487550683
B0p5_capmatch,129900.02100000001,0.8038882110436983,0.8046752857505102,0.8131979918115666,0.04780258648178145,0.0487824939
B0p5_capmatch,129980.02100000001,0.8043832979433357,0.8051703742177273,0.8136936309182394,0.04781295195403573,0.0487357937
B0p5_capmatch,130060.02100000001,0.8048783784793553,0.8056654522270311,0.8141892250692242,0.04775653532321113,0.0487046652
B0p5_capmatch,130140.02100000001,0.805373457513847,0.8061605261114002,0.8146848089247731,0.04774597932454309,0.048685398
B0p5_capmatch,130220.02100000001,0.8058685354043176,0.806655606247854,0.8151804563389984,0.04769984358743166,0.0486972518
B0p5_capmatch,130300.02100000001,0.8063636162263423,0.8071506945532997,0.815676117369212,0.04769690928035986,0.048685398
B0p5_capmatch,130380.02100000001,0.8068586989074016,0.8076457805222501,0.8161717444433305,0.04768838148640479,0.0486349948
B0p5_capmatch,130460.02100000001,0.8073537817314635,0.8081408630590875,0.8166673507285453,0.047651872532571374,0.0486009009
B0p5_capmatch,130540.02100000001,0.8078488580489047,0.8086359391825029,0.8171629228128519,0.04763548780737428,0.0485845916
B0p5_capmatch,130620.02100000001,0.8083439360108764,0.8091310186754617,0.8176585438027357,0.047585517088762436,0.0485868193
B0p5_capmatch,130700.02100000001,0.8088390134008376,0.8096261023076033,0.8181541625953181,0.04757366792429235,0.0485519804
B0p5_capmatch,130780.02100000001,0.8093340982984378,0.8101211891642259,0.8186498015230783,0.047549449496689884,0.0485512428
B0p5_capmatch,130870.02100000001,0.809891067449713,0.8106781653686714,0.819207383214188,0.04751809690249975,0.0485371538
B0p5_capmatch,130950.02100000001,0.8103861559223796,0.8111732590897723,0.8197030321928878,0.04749343437429672,0.0485252999
B0p5_capmatch,131030.02100000001,0.8108812478271098,0.8116683535167175,0.8201986530362756,0.04747426997285499,0.0484585874
B0p5_capmatch,131110.021,0.8113763326532086,0.8121634334239418,0.8206941839334714,0.047460506693185196,0.0484133698
B0p5_capmatch,131190.021,0.8118714156202732,0.8126585093888306,0.8211897440818939,0.04741250516808254,0.0483955853
B0p5_capmatch,131270.021,0.8123665020194013,0.8131535873002735,0.821685312368309,0.047401052402881,0.048365932
B0p5_capmatch,131350.021,0.8128615853439722,0.8136486708236973,0.8221809267460076,0.047383562954430636,0.0483941026
B0p5_capmatch,131430.021,0.8133566643784639,0.814143760820504,0.8226765455606284,0.04735919927237739,0.0483740903
B0p5_capmatch,131510.021,0.8138517507060905,0.8146388425646028,0.8231720954715523,0.047327094638801616,0.0483184941
B0p5_capmatch,131590.021,0.8143468327436376,0.8151339153520849,0.8236676173534652,0.047293464275967846,0.0483007096
B0p5_capmatch,131670.021,0.8148419154961981,0.8156289990723405,0.824163237505935,0.04727931150043423,0.0483029298
B0p5_capmatch,131750.021,0.8153370011803129,0.8161240835043698,0.8246588028949485,0.04726812899452198,0.0482458584
B0p5_capmatch,131840.021,0.8158939695450735,0.8166810411195103,0.8252162657168967,0.04723614403876999,0.0482184328
B0p5_capmatch,131920.021,0.8163890515111195,0.8171761265324143,0.8257118864685121,0.04718992005431217,0.0482273288
B0p5_capmatch,132000.021,0.8168841325476482,0.8176712222490881,0.8262075148334536,0.04717936969248649,0.0482139923
B0p5_capmatch,132080.021,0.8173792182317631,0.8181663079221074,0.8267030522789126,0.0471700514467937,0.0481665544
B0p5_capmatch,132160.021,0.8178743036298725,0.8186613967189567,0.8271986478261155,0.047128741714949074,0.048179891
B0p5_capmatch,132240.021,0.8183693893854888,0.8191564947235715,0.8276942615566181,0.04708841965783681,0.0481472798
B0p5_capmatch,132320.021,0.8188644728530625,0.8196515832805064,0.8281897937834009,0.04707424768565811,0.0481028073
B0p5_capmatch,132400.021,0.8193595593951932,0.8201466671572701,0.8286853309183868,0.04702956101914408,0.048091691
B0p5_capmatch,132480.021,0.8198546418617485,0.8206417501908786,0.8291808619730006,0.046996846040351266,0.0480487011
B0p5_capmatch,132560.021,0.820349723327285,0.8211368287469969,0.8296763774209669,0.046971922341063545,0.0480183177
B0p5_capmatch,132640.021,0.8208448035772992,0.8216319103853561,0.8301719257920126,0.04694741800191712,0.0480160899
B0p5_capmatch,132720.021,0.8213398844708253,0.8221269982418256,0.8306674976746902,0.046922401528240204,0.0480042286
B0p5_capmatch,132810.021,0.8218968607722328,0.8226839732070508,0.8312249979599684,0.046893620722847584,0.0479671694
B0p5_capmatch,132890.021,0.822391943238788,0.8231790621581969,0.8317205502196635,0.046875845812173814,0.0479449369
B0p5_capmatch,132970.021,0.8228870205572478,0.8236741438490663,0.8322160454749362,0.04683369473875604,0.04790565
B0p5_capmatch,133050.021,0.8233821027377978,0.8241692166848691,0.8327115191270311,0.04680692553507625,0.0478648879
B0p5_capmatch,133130.021,0.8238771842748357,0.8246642902166289,0.833207020119545,0.046791951616031835,0.0478485785
B0p5_capmatch,133210.021,0.8243722638098365,0.8251593719550944,0.8337025736179974,0.04677281023284295,0.0478493236
B0p5_capmatch,133290.021,0.8248673475634156,0.8256544561316861,0.8341981071196153,0.04673227735730974,0.0478048511
B0p5_capmatch,133370.021,0.8253624298869682,0.8261495370251951,0.8346936199858699,0.0466741376242193,0.0477922522
B0p5_capmatch,133450.021,0.8258575146415659,0.8266446250812081,0.8351891820579382,0.04665465445215642,0.0477766879
B0p5_capmatch,133530.021,0.826352597751633,0.827139714330941,0.8356847134482482,0.046632249633367685,0.0477499999
B0p5_capmatch,133610.021,0.8268476812192067,0.8276347926874166,0.8361801805172515,0.04660960238859037,0.0476958938
B0p5_capmatch,133700.021,0.8274046489404553,0.8281917563658242,0.8367376242511753,0.046573984436397764,0.0476855151
B0p5_capmatch,133780.021,0.8278997316215145,0.8286868353188785,0.8372331130408963,0.04653803884700786,0.0476514213
B0p5_capmatch,133860.021,0.8283948161616083,0.8291819099452243,0.8377285900395119,0.04650945916470208,0.0476240031
B0p5_capmatch,133940.021,0.8288898993431765,0.8296769827307022,0.8382240602763776,0.04648216619587836,0.0475810133
B0p5_capmatch,134020.021,0.8293849813092227,0.8301720527310219,0.838719524440094,0.046433240197730916,0.047552105
B0p5_capmatch,134100.021,0.8298800610587272,0.8306671233783514,0.8392150011441609,0.04639662812458045,0.0475380234
B0p5_capmatch,134180.021,0.8303751415947467,0.8311621981048588,0.8397105012800614,0.046368296654739544,0.0475083701
B0p5_capmatch,134260.021,0.8308702262778429,0.8316572833279664,0.8402060532316229,0.04634278497152894,0.0475157835
B0p5_capmatch,134340.021,0.8313653130344774,0.832152370885143,0.8407015716112458,0.04631401132795092,0.0474713109
B0p5_capmatch,134420.021,0.8318603944285129,0.8326474522754376,0.8411970503573655,0.04627844165178083,0.0474320315
B0p5_capmatch,134500.021,0.8323554776100812,0.833142530830719,0.8416925210491978,0.04624281426300314,0.0474016406
B0p5_capmatch,134580.021,0.8328505621501748,0.8336376088892851,0.8421879967952379,0.0462089345908335,0.04737496
B0p5_capmatch,134670.021,0.8334075332319855,0.834194574325663,0.8427454225738198,0.04616988526149358,0.0473519824
B0p5_capmatch,134750.021,0.8339026151265301,0.8346896563631931,0.8432409117138745,0.04614217581900048,0.0473267846
B0p5_capmatch,134830.021,0.8343976975930851,0.8351847324289683,0.8437363550370219,0.04611142478174719,0.0472778641
B0p5_capmatch,134910.021,0.8348927794876299,0.8356798113869939,0.8442318450224038,0.04608059831854486,0.0472741537
B0p5_capmatch,134990.021,0.8353878620256863,0.8361748985978197,0.844727358462581,0.046057916327303015,0.0472378395
B0p5_capmatch,135070.021,0.8358829482103101,0.8366699863554559,0.8452228548049652,0.04598869512648687,0.0472081937
B0p5_capmatch,135150.021,0.8363780323213955,0.8371650735158463,0.8457183386643844,0.04595917892951732,0.0471852161
B0p5_capmatch,135230.021,0.8368731168614888,0.8376601607267249,0.8462138208477932,0.04592329138708827,0.0471503772
B0p5_capmatch,135310.021,0.837368202831609,0.8381552478870801,0.8467092971577685,0.04589689732391639,0.0471214689
B0p5_capmatch,135390.021,0.8378632887302274,0.8386503368898907,0.8472047845888864,0.045870038864417026,0.0470955186
B0p5_capmatch,135470.021,0.8383583741998382,0.8391454256903244,0.847700256539508,0.04583252589864654,0.0470629074
B0p5_capmatch,135550.021,0.8388534555223721,0.839640508719933,0.8481956942373631,0.04580338679264894,0.0470139869
B0p5_capmatch,135640.021,0.8394104245306446,0.8401974721009408,0.8487530515324524,0.04577000505590624,0.0469724797
B0p5_capmatch,135720.021,0.8399055088562342,0.8406925519518756,0.8492485020570661,0.045727837900380285,0.0469613634
B0p5_capmatch,135800.021,0.8404005938253355,0.8411876345867964,0.849743962564089,0.04569202236124016,0.0469250493
B0p5_capmatch,135880.021,0.8408956785799327,0.8416827189631632,0.8502394264005242,0.045651187017598,0.0468946584
B0p5_capmatch,135960.021,0.841390764192546,0.8421778044327572,0.8507348873073115,0.04560784444659828,0.0468635298
B0p5_capmatch,136040.021,0.8418858503056685,0.8426728904997944,0.851230346626473,0.0455728752679501,0.046824988
B0p5_capmatch,136120.021,0.8423809349887647,0.8431679765159481,0.8517257991524507,0.045553781339869974,0.0467990451
B0p5_capmatch,136200.021,0.8428760180988318,0.8436630625830214,0.8522212509164782,0.0455036289752662,0.0467716195
B0p5_capmatch,136280.021,0.8433711014234029,0.844158148001642,0.8527166937320592,0.04547289434715738,0.0467382632
B0p5_capmatch,136360.021,0.8438661874650245,0.8446532323272147,0.8532121319264723,0.0454376161568182,0.0466878675
B0p5_capmatch,136440.021,0.8443612702175851,0.8451483190429201,0.8537075863151309,0.04539786732580705,0.0466693379
B0p5_capmatch,136520.021,0.8448563564022091,0.845643410334782,0.854203057517781,0.045351356719112626,0.0466567315
B0p5_capmatch,136610.021,0.8454133302725716,0.8462003918347591,0.8547604644119533,0.045287025683697836,0.0466137491
B0p5_capmatch,136690.021,0.8459084154561771,0.84669548281983,0.8552558967061057,0.04525742306944336,0.0465648286
B0p5_capmatch,136770.021,0.8464035003537772,0.8471905658478,0.8557512930262317,0.04521101474764129,0.0465070121
B0p5_capmatch,136850.021,0.8468985839643537,0.8476856503782936,0.8562467248217902,0.04517637759031611,0.0464981161
B0p5_capmatch,136930.021,0.8473936690049566,0.8481807321082278,0.8567421225810097,0.045141312975525885,0.0464425273
B0p5_capmatch,137010.021,0.8478887524725301,0.8486758132582513,0.8572375443190025,0.04509822172686477,0.0464188121
B0p5_capmatch,137090.021,0.8483838372271276,0.8491708974811465,0.8577329692482735,0.045043105849606975,0.0463854559
B0p5_capmatch,137170.021,0.8488789247702769,0.8496659813117717,0.8582283930635053,0.04498843275406298,0.0463617407
B0p5_capmatch,137250.021,0.8493740040907738,0.8501610691722306,0.8587238360566387,0.044987013832280126,0.0463194884
B0p5_capmatch,137330.021,0.8498690877013498,0.8506561484586895,0.8592192044981354,0.04492220984788867,0.0462461151
B0p5_capmatch,137410.021,0.8503641710259211,0.851151228671543,0.8597146261222162,0.04486196013326709,0.0462513007
B0p5_capmatch,137490.021,0.8508592552800093,0.8516463121417414,0.8602100356152977,0.04482729845200784,0.0461808853
B0p5_capmatch,137580.021,0.8514162286498625,0.8522032816441704,0.8607673905647184,0.04478026142534751,0.0461705141
B0p5_capmatch,137660.021,0.8519113132614573,0.8526983692986098,0.8612628161125204,0.04472626520541322,0.0461141802
B0p5_capmatch,137740.021,0.8524064024491372,0.8531934547682039,0.861758225613011,0.04469009186155718,0.046086017
B0p5_capmatch,137820.021,0.8529014858452093,0.8536885420313373,0.8622536470420468,0.04464064333953656,0.0460697077
B0p5_capmatch,137900.021,0.8533965685977698,0.854183629737265,0.8627490604410523,0.04459951618127386,0.0460141115
B0p5_capmatch,137980.021,0.8538916600019908,0.8546787157529967,0.8632444625030771,0.04457211222613507,0.0459800176
B0p5_capmatch,138060.021,0.8543867507626997,0.8551738060058042,0.8637398952981965,0.04452177158419285,0.0459503718
B0p5_capmatch,138140.021,0.8548818383773502,0.8556688922566887,0.8642352764831172,0.04446178159521953,0.0458777361
B0p5_capmatch,138220.021,0.8553769262780061,0.856163980429175,0.8647307008243177,0.04441336946180744,0.0458673574
B0p5_capmatch,138300.021,0.8558720110326039,0.8566590713594129,0.8652261086091617,0.04437320809521756,0.0458206646
B0p5_capmatch,138380.021,0.8563670996482728,0.8571541580249579,0.8657214991511712,0.044330265175369025,0.0457806326
B0p5_capmatch,138460.021,0.8568621845458732,0.8576492374106783,0.8662168418660683,0.04429023617856848,0.0457228236
B0p5_capmatch,138550.021,0.8574191560566921,0.8582061991417348,0.8667741317734245,0.044222992789207494,0.0456842817
B0p5_capmatch,138630.021,0.8579142425273213,0.858701282375332,0.8672695318663642,0.04418457188720218,0.0456427746
B0p5_capmatch,138710.021,0.8584093266384069,0.8591963613184358,0.8677648899563499,0.04414702208089384,0.0455931164
B0p5_capmatch,138790.021,0.8589044183286331,0.859691441926598,0.8682602815387319,0.04409596653719251,0.0455745868
B0p5_capmatch,138870.021,0.8593994999371722,0.86018653093257,0.8687557053535419,0.04404482207429029,0.0455382653
B0p5_capmatch,138950.021,0.8598945824752287,0.860681611954437,0.8692510502937576,0.04400780878489058,0.0454582162
B0p5_capmatch,139030.021,0.8603896665148131,0.8611766932658077,0.8697464387439205,0.04395645565112534,0.0454530306
B0p5_capmatch,139110.021,0.860884750268392,0.8616717821151959,0.8702418472544342,0.04388962382606121,0.045403365
B0p5_capmatch,139190.021,0.8613798343794777,0.8621668632930282,0.8707371929519687,0.043829916774002824,0.0453359149
B0p5_capmatch,139270.021,0.8618749207071044,0.8626619444482615,0.8712325688057114,0.043782439833685495,0.0453070067
B0p5_capmatch,139350.021,0.8623700072492351,0.8631570352492871,0.8717279910559722,0.04373790733969884,0.0452892222
B0p5_capmatch,139430.021,0.8628650960794081,0.8636521244870696,0.8722233701330743,0.04369148161605334,0.0452121384
B0p5_capmatch,139520.021,0.863422068233739,0.864209099707727,0.8727806848800188,0.043636403516949904,0.0451869331
B0p5_capmatch,139600.021,0.8639171542038591,0.8647041854080877,0.8732760346095577,0.043568957131443944,0.0451061465
B0p5_capmatch,139680.021,0.8644122425335229,0.8651992640135543,0.873771366464053,0.0435085379381329,0.0450564884
B0p5_capmatch,139760.021,0.864907328289139,0.8656943533883886,0.8742667840055665,0.04346998133168637,0.0450564884
B0p5_capmatch,139840.021,0.8654024184063359,0.8661894460047541,0.8747621710099502,0.04343182067703926,0.0449845903
B0p5_capmatch,139920.021,0.8658975023029175,0.8666845374050554,0.8752575587397251,0.04336449692805643,0.0449593924
B0p5_capmatch,140000.021,0.8663925939931436,0.8671796301790675,0.8757529371774101,0.043287494904465304,0.0448971279
B0p5_capmatch,140080.021,0.8668876818937996,0.8676747250117349,0.8762483333117164,0.04326084002389903,0.0448778607
B0p5_capmatch,140160.021,0.8673827669344026,0.8681698218160138,0.8767437198200497,0.043216076849866274,0.0448178239
B0p5_capmatch,140240.021,0.8678778509024857,0.8686649074616056,0.8772390317570429,0.043139685141281574,0.0447525941
B0p5_capmatch,140320.021,0.8683729337265473,0.8691599819308968,0.8777343156582327,0.043070993411153884,0.0446910746
B0p5_capmatch,140400.021,0.8688680206976859,0.8696550590582872,0.8782296527791864,0.043020127073311897,0.0446547531
B0p5_capmatch,140490.021,0.8694249912074862,0.8702120243420606,0.8787869139115514,0.042964196057059804,0.0445895307
B0p5_capmatch,140570.021,0.8699200754615743,0.870707111924885,0.8792823075872547,0.042933355134888,0.0445650704
B0p5_capmatch,140650.021,0.8704151657932754,0.8712022076906696,0.8797777113400712,0.0428328362564956,0.044525791
B0p5_capmatch,140730.021,0.8709102524069073,0.8716972938800007,0.8802730296078519,0.04278951944689029,0.0444301702
B0p5_capmatch,140810.021,0.8714053378050169,0.8721923719399944,0.8807683347204704,0.042738141177074584,0.0443908907
B0p5_capmatch,140890.021,0.8719004246331532,0.8726874535382967,0.8812636785138324,0.04268892567495527,0.0443493836
B0p5_capmatch,140970.021,0.8723955155368647,0.8731825462440762,0.8817590843537255,0.042640568568847334,0.0443204753
B0p5_capmatch,141050.021,0.8728906026510062,0.8736776352124498,0.8822544158991881,0.04257507874740344,0.0442352407
B0p5_capmatch,141130.021,0.8733856864760864,0.8741727156137911,0.8827497263057942,0.0425099907439574,0.0441937335
B0p5_capmatch,141210.021,0.8738807722317025,0.8746678036377616,0.8832450965204054,0.042451023561273456,0.0441640876
B0p5_capmatch,141290.021,0.8743758619198915,0.8751628965168411,0.8837404683807661,0.042406076190715306,0.0441107191
B0p5_capmatch,141370.021,0.8748709474610036,0.8756579930413391,0.8842358529365177,0.04233446696862274,0.0440625437
B0p5_capmatch,141460.021,0.8754279243344216,0.8762149742292539,0.884793115415055,0.04225624995110888,0.0439787842
B0p5_capmatch,141540.021,0.8759230118060695,0.8767100703155942,0.8852884886122501,0.04220343318637796,0.0439565443
B0p5_capmatch,141620.021,0.8764181013512559,0.8772051699517931,0.8857838560984004,0.04212451590207875,0.0438957699
B0p5_capmatch,141700.021,0.8769131858913494,0.8777002662628366,0.8862792005329204,0.04207411793554683,0.0438468494
B0p5_capmatch,141780.021,0.8774082767950608,0.8781953572383681,0.8867745128901916,0.04201136106034607,0.0437668003
B0p5_capmatch,141860.021,0.8779033649817221,0.8786904510375991,0.8872698685485695,0.041960381192853356,0.0437401198
B0p5_capmatch,141940.021,0.8783984532398846,0.8791855471877252,0.8877652129696435,0.041903718510514845,0.0436763801
B0p5_capmatch,142020.021,0.878893538637994,0.8796806425156471,0.8882605588744075,0.04184072917488495,0.0436407961
B0p5_capmatch,142100.021,0.8793886302567188,0.8801757297900019,0.8887558400566977,0.041773992685639756,0.0435451828
B0p5_capmatch,142180.021,0.8798837181573747,0.8806708204267992,0.8892511922692645,0.041704546499053134,0.0435236879
B0p5_capmatch,142260.021,0.880378805057012,0.881165915869928,0.8897465311410061,0.04163357331020695,0.0434429012
B0p5_capmatch,142340.021,0.8808738948167023,0.8816610119586074,0.8902418867425677,0.04157391169254823,0.0434117727
B0p5_capmatch,142430.021,0.8814308686155636,0.8822179977282568,0.8907991472280662,0.04150595831670593,0.0433361717
B0p5_capmatch,142510.021,0.8819259583037524,0.8827130941469004,0.8912944821704342,0.0414265078002495,0.0432916991
B0p5_capmatch,142590.021,0.8824210453463923,0.8832081910027684,0.891789814356741,0.04135721840748278,0.0432375856
B0p5_capmatch,142670.021,0.8829161309590057,0.883703280778559,0.8922851009507364,0.041300250579574795,0.0431516059
B0p5_capmatch,142750.021,0.8834112220057199,0.8841983734904033,0.8927804383659319,0.041214403601935234,0.0431189947
B0p5_capmatch,142830.021,0.883906309262864,0.8846934624505365,0.8932757209633996,0.041188866361437836,0.0430233814
B0p5_capmatch,142910.021,0.8844013990940558,0.8851885488437712,0.8937710291110904,0.04109253285715779,0.0429900251
B0p5_capmatch,142990.021,0.8848964839201547,0.885683644118749,0.8942663778450746,0.04101007144016949,0.0429344364
B0p5_capmatch,143070.021,0.8853915788279405,0.8861787386321619,0.8947617000775885,0.04095341284788441,0.0428699516
B0p5_capmatch,143150.021,0.8858866621525118,0.8866738261729374,0.8952569797997982,0.0408967482180782,0.0427817516
B0p5_capmatch,143230.021,0.8863817501246688,0.8871689135484568,0.8957522849759959,0.04081313939265609,0.0427521057
B0p5_capmatch,143320.021,0.8869387194189466,0.8877258951570652,0.8963095451978604,0.040740732067737935,0.0426779874
B0p5_capmatch,143400.021,0.887433814970244,0.8882209890166308,0.8968048564278294,0.04068076807893307,0.0426127575
B0p5_capmatch,143480.021,0.8879289040149211,0.8887160826575116,0.8973001772888829,0.04059697189633654,0.042577181
B0p5_capmatch,143560.021,0.8884239914150674,0.8892111741743359,0.8977954708110976,0.04053816724350137,0.042480085
B0p5_capmatch,143640.021,0.8889190783862063,0.8897062625856723,0.8982907634680202,0.04048126925015507,0.0424296819
B0p5_capmatch,143720.021,0.8894141701479337,0.8902013514328306,0.8987860591943571,0.04041046794416181,0.0423570462
B0p5_capmatch,143800.021,0.8899092584060961,0.8906964361940648,0.8992813319288677,0.04032696924323194,0.0422895961
B0p5_capmatch,143880.021,0.8904043468787627,0.8911915218273989,0.8997766278816455,0.040246468815831694,0.0422295593
B0p5_capmatch,143960.021,0.8908994407140287,0.891686618520224,0.9002719863659028,0.04015317315670518,0.0421925001
B0p5_capmatch,144040.021,0.8913945279711727,0.89218170731065,0.900767245564579,0.040077227119432644,0.0420790948
B0p5_capmatch,144120.021,0.8918896130117757,0.8926767932725538,0.9012625421055488,0.04000650655026523,0.0420553796
B0p5_capmatch,144200.021,0.892384701698946,0.8931718884389575,0.901757871899074,0.03994501251067391,0.0419849642
B0p5_capmatch,144290.021,0.8929416777858497,0.8937288665373128,0.9023150754481202,0.03987609306017409,0.0418834202
B0p5_capmatch,144370.021,0.8934367705485954,0.8942239590355137,0.902810383908033,0.03979771898302551,0.041846361
B0p5_capmatch,144450.021,0.8939318634543442,0.8947190464090828,0.9033056437187358,0.039722528685324464,0.0417425893
B0p5_capmatch,144530.021,0.894426954000549,0.8952141291558938,0.9038009078346266,0.039646986821272615,0.0416973792
B0p5_capmatch,144610.021,0.8949220406856825,0.8957092152249726,0.9042961952810749,0.039569036350255125,0.0416239984
B0p5_capmatch,144690.021,0.8954171313748902,0.8962043084331436,0.9047915250969291,0.03949088710168355,0.0415750854
B0p5_capmatch,144770.021,0.8959122143419546,0.8966994070314667,0.9052868547732633,0.039404924445952616,0.0415157862
B0p5_capmatch,144850.021,0.8964073051026634,0.8971945014880212,0.9057821429606479,0.03931910441361981,0.0414275862
B0p5_capmatch,144930.021,0.8969023930748208,0.8976895944764188,0.9062774345452141,0.03925524485813736,0.0413831137
B0p5_capmatch,145010.021,0.8973974876250999,0.8981846813035604,0.90677268087897,0.039171420200346786,0.0412719361
B0p5_capmatch,145090.021,0.8978925730947107,0.8986797682483338,0.9072679644612556,0.03906592769628425,0.0412370972
B0p5_capmatch,145170.021,0.8983876611383693,0.8991748641245851,0.9077632871457937,0.03899259770652673,0.0411681645
B0p5_capmatch,145260.021,0.8989446362957557,0.8997318387084037,0.9083204440952495,0.0389030958794063,0.0410577245
B0p5_capmatch,145340.021,0.8994397267704595,0.9002269268532876,0.9088157316402659,0.03881477949498919,0.0410177
B0p5_capmatch,145420.021,0.8999348193902029,0.9007220226190724,0.9093110442399148,0.038730238875379484,0.0409458093
B0p5_capmatch,145500.021,0.900429908649384,0.9012171081897562,0.9098062740791583,0.03865311221755045,0.0408294387
B0p5_capmatch,145580.021,0.9009249902579233,0.9017121857066465,0.9103014976759701,0.038573859420283844,0.0407553203
B0p5_capmatch,145660.021,0.9014200764425474,0.9022072691101412,0.9107967758843711,0.03850256660761773,0.0407138132
B0p5_capmatch,145740.021,0.9019151646292087,0.9027023616659686,0.9112920943836955,0.038415162246548853,0.0406611897
B0p5_capmatch,145820.021,0.9024102573204534,0.9031974591755686,0.9117874116297942,0.038323953505718635,0.04057521
B0p5_capmatch,145900.021,0.9029053470086424,0.9036925506314313,0.9122826705815124,0.03823380835195963,0.0404758863
B0p5_capmatch,145980.021,0.9034004340512823,0.9041876361010251,0.9127779160579316,0.03814326226014855,0.040406961
B0p5_capmatch,146060.021,0.9038955213084265,0.9046827245699027,0.9132731931196347,0.03804833434466841,0.0403417312
B0p5_capmatch,146140.021,0.9043906097095914,0.9051778163594799,0.9137684797282588,0.03799448337959281,0.0402579717
B0p5_capmatch,146230.021,0.9049475849384792,0.9057347999292491,0.914325700458203,0.037894234165910264,0.0401719995
B0p5_capmatch,146310.021,0.9054426763427,0.9062298888726148,0.914820931687844,0.0377973176191934,0.0400867574
B0p5_capmatch,146390.021,0.9059377691054459,0.906724977077164,0.9153162051056514,0.03771990791990567,0.0400333963
B0p5_capmatch,146470.021,0.9064328593656454,0.9072200757868589,0.9158115210926856,0.03764154943985632,0.0399629809
B0p5_capmatch,146550.021,0.9069279530579086,0.9077151695289066,0.9163067783616934,0.03754324716271033,0.0398688503
B0p5_capmatch,146630.021,0.9074230451056414,0.9082102596865631,0.9168020358120692,0.03744384547603882,0.0397806503
B0p5_capmatch,146710.021,0.9079181367958676,0.9087053454199993,0.9172972624173495,0.037325457708976335,0.0396842919
B0p5_capmatch,146790.021,0.908413222837489,0.9092004323700535,0.917792528167641,0.03724661130529667,0.0396235101
B0p5_capmatch,146870.021,0.9089083116676621,0.9096955264478638,0.9182878187302027,0.0371688789238496,0.039547164
B0p5_capmatch,146950.021,0.9094034012128486,0.910190624070071,0.9187831172890029,0.03706482520192832,0.0394804589
B0p5_capmatch,147030.021,0.9098984871114673,0.9106857232117213,0.9192784047115055,0.03695146059485111,0.0393870659
B0p5_capmatch,147110.021,0.9103935718660648,0.9111808188650252,0.9197736648473729,0.03686460763890684,0.0393003486
B0p5_capmatch,147200.021,0.9109505425188676,0.911737802381581,0.920330849944399,0.03678939103276843,0.0392254926
B0p5_capmatch,147280.021,0.9114456306340276,0.9122328913764449,0.9208260639173005,0.0367005532623369,0.0391113423
B0p5_capmatch,147360.021,0.9119407174621634,0.9127279729265245,0.921321274302011,0.0365934814502564,0.0390298106
B0p5_capmatch,147440.021,0.9124358051483152,0.9132230591091677,0.9218165277219208,0.03647483896071338,0.0389556922
B0p5_capmatch,147520.021,0.9129308919764513,0.9137181474105858,0.922311782475716,0.036386811407004525,0.0388645269
B0p5_capmatch,147600.021,0.9134259788760887,0.9142132339677009,0.9228070231145011,0.03631191609109703,0.0387844779
B0p5_capmatch,147680.021,0.9139210664192381,0.9147083188370128,0.9233022582780839,0.036206448979068065,0.0386925675
B0p5_capmatch,147760.021,0.9144161582524669,0.9152034097659213,0.9237975392331823,0.036087571412755474,0.0386184491
B0p5_capmatch,147840.021,0.9149112451521042,0.91569849707054,0.9242927638366754,0.035995826796910796,0.0385057889
B0p5_capmatch,147920.021,0.9154063311222245,0.9161935786777368,0.9247879846787135,0.035911285167679434,0.0384361111
B0p5_capmatch,148000.021,0.9159014193088857,0.9166886606018405,0.925283209279286,0.035792085958894555,0.0383382775
B0p5_capmatch,148080.021,0.9163965050645019,0.9171837523591035,0.9257785097855643,0.03567038921791181,0.038276758
B0p5_capmatch,148170.021,0.9169534785773579,0.917740731410386,0.9263356646445571,0.035569365860247316,0.0381529815
B0p5_capmatch,148250.021,0.9174485624024383,0.9182358139915032,0.9268308731243111,0.03547809293170859,0.0380655192
B0p5_capmatch,148330.021,0.917943645154999,0.918730897229945,0.9273261031163266,0.035358995876164624,0.0379773118
B0p5_capmatch,148410.021,0.9184387276930556,0.9192259845579033,0.9278213591557859,0.03526012300008581,0.0378920771
B0p5_capmatch,148490.021,0.9189338202412975,0.9197210788070713,0.9283166446589978,0.035145794827606325,0.0378209241
B0p5_capmatch,148570.021,0.9194289092859746,0.9202161684536219,0.9288118701247995,0.03505012150797497,0.0376971401
B0p5_capmatch,148650.021,0.9199239989741635,0.9207112498906105,0.9293070710509003,0.034944205762568424,0.0376067124
B0p5_capmatch,148730.021,0.9204190853017904,0.9212063379908801,0.9298023339192703,0.034829781307907426,0.0375318564
B0p5_capmatch,148810.021,0.9209141738459584,0.9217014236038743,0.9302975484408377,0.03474300961579871,0.0374147482
B0p5_capmatch,148890.021,0.9214092609600997,0.9221965064707807,0.9307927759295884,0.03461809625794203,0.0373465605
B0p5_capmatch,148970.021,0.9219043460722038,0.9226915936277887,0.9312880201075643,0.03451673636279662,0.0372405685
B0p5_capmatch,149050.021,0.9223994346163716,0.9231866844459529,0.931783283717424,0.03440881992965374,0.0371382795
B0p5_capmatch,149140.021,0.9229564071282091,0.9237436585119393,0.9323404093762689,0.03428436436518026,0.0370159782
B0p5_capmatch,149220.021,0.9234514948143611,0.9242387363445961,0.9328355868979712,0.034170051528602995,0.0369203649
B0p5_capmatch,149300.021,0.9239465816424973,0.9247338253919338,0.9333308715366488,0.034055323696619594,0.0368632935
B0p5_capmatch,149380.021,0.9244416696146545,0.9252289166078005,0.9338261061190061,0.03394831646020223,0.0367276557
B0p5_capmatch,149460.021,0.9249367565142919,0.9257240011058795,0.9343213236901877,0.03382584573487844,0.036651317
B0p5_capmatch,149540.021,0.9254318459164756,0.9262190810533323,0.9348165085707811,0.033718825983760956,0.0365238301
B0p5_capmatch,149620.021,0.9259269328161129,0.9267141563419156,0.9353116983448952,0.03358849039265685,0.0364222862
B0p5_capmatch,149700.021,0.926422018786233,0.9272092428157731,0.935806967308856,0.03347612130685726,0.0363481604
B0p5_capmatch,149780.021,0.926917109332438,0.9277043284248029,0.9363021840945246,0.03337780508155632,0.0362214185
B0p5_capmatch,149860.021,0.9274121986631204,0.928199416701933,0.9367974442721384,0.03326089352780525,0.0361613818
B0p5_capmatch,149940.021,0.927907286277771,0.9286945099486177,0.9372926955982228,0.03312059287930503,0.0360368602
B0p5_capmatch,150020.021,0.9284023748219388,0.9291895958457002,0.9377879006753591,0.033000336749919305,0.0359338336
B0p5_capmatch,150110.021,0.9289593439732139,0.9297465657678156,0.9383450164609748,0.032872932156074536,0.0358100571
B0p5_capmatch,150190.021,0.9294544327318855,0.9302416536412574,0.9388402543177088,0.032763899307153385,0.035712216
B0p5_capmatch,150270.021,0.9299495197745256,0.9307367424849682,0.9393354850827167,0.032628633885972945,0.0356091894
B0p5_capmatch,150350.021,0.9304446083186934,0.9312318344496479,0.9398307364894466,0.03249063933769042,0.0355180241
B0p5_capmatch,150430.021,0.9309396952898319,0.9317269248061797,0.940325955567715,0.03237159673800416,0.0353905372
B0p5_capmatch,150510.021,0.9314347814029543,0.9322220096747227,0.9408211551976324,0.03225138160838915,0.0352971442
B0p5_capmatch,150590.021,0.9319298684455941,0.9327170940002953,0.9413163626478707,0.032138665437087974,0.0351822637
B0p5_capmatch,150670.021,0.9324249594923083,0.933212184336819,0.9418116135813914,0.03199918748853722,0.0350814573
B0p5_capmatch,150750.021,0.9329200479649749,0.9337072789003694,0.9423068626851341,0.031877553256412165,0.0349821411
B0p5_capmatch,150830.021,0.933415135722628,0.9342023687712755,0.9428020725843693,0.031746377041496264,0.0348657705
B0p5_capmatch,150910.021,0.933910222979772,0.9346974511767576,0.9432972487174127,0.03160900155414223,0.0347427316
B0p5_capmatch,150990.021,0.9344053066618497,0.9351925387999909,0.9437924878426226,0.03149768492739165,0.0346567519
B0p5_capmatch,151080.021,0.9349622846792891,0.9357495161633386,0.9443496173892392,0.03131097321360261,0.0345151834
B0p5_capmatch,151160.021,0.9354573670743429,0.9362446009732583,0.9448448100072784,0.03118491269602206,0.0343980752
B0p5_capmatch,151240.021,0.9359524510424261,0.9367396931736245,0.9453400664801539,0.03107271962353814,0.0343024619
B0p5_capmatch,151320.021,0.9364475399441006,0.9372347899078364,0.9458353118675922,0.030947566593200016,0.0341816507
B0p5_capmatch,151400.021,0.936942626629234,0.9377298815816818,0.9463305222234295,0.03079999835687843,0.0340630598
B0p5_capmatch,151480.021,0.9374377123133488,0.9382249734313249,0.9468257441479663,0.030653465126655417,0.0339563228
B0p5_capmatch,151560.021,0.9379327967819413,0.9387200596929399,0.9473209227936575,0.03054269871478218,0.0338154919
B0p5_capmatch,151640.021,0.9384278790339923,0.9392151424492623,0.947816111448197,0.03040204391727904,0.0337006114
B0p5_capmatch,151720.021,0.9389229667201441,0.939710226114688,0.9483113060125115,0.030246112736542097,0.0335842408
B0p5_capmatch,151800.021,0.9394180508312298,0.9402053015366848,0.9488064529066089,0.030115826502314202,0.0334404521
B0p5_capmatch,151880.021,0.9399131354428248,0.9407003842215559,0.9493016863556807,0.029981717132059688,0.0333500244
B0p5_capmatch,151960.021,0.9404082177663772,0.9411954788433194,0.9497969482705828,0.02983020529361254,0.0332410671
B0p5_capmatch,152050.021,0.9409651884191802,0.9417524475275045,0.9503540068418799,0.029654918339649075,0.0330631845
B0p5_capmatch,152130.021,0.9414602703137248,0.9422475312399745,0.9508492230309514,0.02951332666842178,0.0329801627
B0p5_capmatch,152210.021,0.9419553577138714,0.9427426205070192,0.951344442101397,0.029350400424015072,0.0328245126
B0p5_capmatch,152290.021,0.9424504443275035,0.9432377035704084,0.9518396229111723,0.02920726022322426,0.0327029563
B0p5_capmatch,152370.021,0.9429455312986421,0.943732783862343,0.9523348013903624,0.029054469389530917,0.0325717665
B0p5_capmatch,152450.021,0.9434406162677437,0.9442278618070393,0.95282997348599,0.028905730713229907,0.0324368738
B0p5_capmatch,152530.021,0.9439357089589883,0.9447229471487659,0.9533252075804227,0.02876623454764472,0.032359045
B0p5_capmatch,152610.021,0.9444308000057022,0.9452180442439602,0.9538204789690765,0.028624503853379127,0.0322560184
B0p5_capmatch,152690.021,0.9449258913384215,0.9457131361447372,0.9543156777066474,0.028455164480818425,0.0320507027
B0p5_capmatch,152770.021,0.9454209776660484,0.9462082264999357,0.9548108943258158,0.028302997983793994,0.0319476761
B0p5_capmatch,152850.021,0.9459160672112348,0.9467033216627312,0.9553061245130523,0.02814473156997244,0.0318335332
B0p5_capmatch,152940.021,0.9464730474452151,0.9472602984078269,0.9558632150348152,0.027972881830278476,0.0316474997
B0p5_capmatch,153020.021,0.946968134916863,0.9477553789909787,0.9563583594113798,0.02781701154791753,0.0314940698
B0p5_capmatch,153100.021,0.9474632221740069,0.9482504632104861,0.9568535667304552,0.02765153546003143,0.0313903056
B0p5_capmatch,153180.021,0.9479583120051986,0.948745559765906,0.9573488256589817,0.0274806386838772,0.0312724523
B0p5_capmatch,153260.021,0.9484533972603055,0.9492406498546268,0.9578440042676497,0.027316053369028037,0.0311056804
B0p5_capmatch,153340.021,0.9489484872344998,0.9497357397954458,0.9583392200446734,0.02716862534378972,0.0309937615
B0p5_capmatch,153420.021,0.949443575850169,0.95023083181747,0.9588344204434678,0.027018871375793268,0.0308366287
B0p5_capmatch,153500.021,0.9499386617487876,0.9507259160182547,0.9593295839822937,0.0268464994023356,0.0306854229
B0p5_capmatch,153580.021,0.9504337507219633,0.9512210034848968,0.9598247901752103,0.026671063663248333,0.0305586811
B0p5_capmatch,153660.021,0.9509288409821631,0.9517160916080136,0.9603199804738769,0.02649958220454147,0.0303956177
B0p5_capmatch,153740.021,0.951423931528368,0.9522111801411716,0.9608151851916691,0.02633277350579628,0.0302747991
B0p5_capmatch,153820.021,0.9519190197150293,0.9527062700722435,0.9613103840060011,0.026183017632364653,0.0301228557
B0p5_capmatch,153910.021,0.9524759899388244,0.9532632525212422,0.9618675274203281,0.025985282746951367,0.0299805459
B0p5_capmatch,153990.021,0.9529710806995331,0.9537583419555832,0.962362687890344,0.025795423949769997,0.0298100729
B0p5_capmatch,154070.021,0.9534661677421732,0.9542534254110951,0.9628578590037835,0.025625788165446407,0.0296766553
B0p5_capmatch,154150.021,0.9539612578593701,0.9547485161098227,0.9633530723125456,0.0254451318875305,0.0295232292
B0p5_capmatch,154230.021,0.9544563449735115,0.9552436090421925,0.9638482844994761,0.025257237154359336,0.029390553
B0p5_capmatch,154310.021,0.9549514377362576,0.9557387073061938,0.9643435229753875,0.025083648615989707,0.0292497259
B0p5_capmatch,154390.021,0.9554465290689771,0.9562338015651678,0.9648387059385233,0.024922368087918974,0.0290688742
B0p5_capmatch,154470.021,0.955941615468105,0.9567288863860617,0.965333855381814,0.02473910361488065,0.028928047
B0p5_capmatch,154550.021,0.9564367023677421,0.9572239719565367,0.9658290337062807,0.02456299887785313,0.0287738796
B0p5_capmatch,154630.021,0.9569317886238674,0.9577190626986504,0.9663242425558172,0.024366820420913534,0.0286300872
B0p5_capmatch,154710.021,0.9574268728064544,0.9582141537901234,0.9668194355976389,0.024163455643832363,0.0284610931
B0p5_capmatch,154790.021,0.9579219585620707,0.9587092367293202,0.9673145786340636,0.02397249696777093,0.0282883924
B0p5_capmatch,154880.021,0.9584789308594043,0.9592662055476685,0.9678716559258649,0.023776060340965438,0.0281275567
B0p5_capmatch,154960.021,0.9589740188315615,0.9597612986184267,0.9683668840950488,0.023607648643041716,0.0279807989
B0p5_capmatch,155040.021,0.9594691083052463,0.9602563860036688,0.9688620435301384,0.02341535743976248,0.0277947579
B0p5_capmatch,155120.021,0.9599641914868149,0.9607514693690624,0.9693572125662075,0.023243931206236152,0.0276354011
B0p5_capmatch,155200.021,0.9604592765989189,0.9612465541531859,0.9698523846846947,0.02304446806921284,0.0274760444
B0p5_capmatch,155280.021,0.9609543559194158,0.9617416314353552,0.9703475159040489,0.02284035518165833,0.0273011196
B0p5_capmatch,155360.021,0.9614494423185438,0.9622367108562931,0.9708426918747359,0.02264732868607334,0.0271514002
B0p5_capmatch,155440.021,0.9619445332222555,0.9627318022646099,0.9713379274745207,0.02245706741807171,0.0269942675
B0p5_capmatch,155520.021,0.962439616403824,0.963226888489498,0.9718330861802091,0.02224636352326961,0.0268008169
B0p5_capmatch,155600.021,0.9629347002289045,0.963721968960345,0.9723282443811927,0.022049210589892728,0.0266392361
B0p5_capmatch,155680.021,0.9634297899170936,0.964217058623734,0.9728234619188549,0.021871897543302387,0.0264909919
B0p5_capmatch,155760.021,0.9639248769597335,0.964712144978644,0.9733186253413628,0.0216770456864054,0.0262938347
B0p5_capmatch,155850.021,0.9644818459680059,0.9652691176517675,0.9738757170004253,0.021434936216511682,0.0261203963
B0p5_capmatch,155930.021,0.9649769350841845,0.9657642057879281,0.9743708933855467,0.021215185550524183,0.025933614
B0p5_capmatch,156010.021,0.965472026631408,0.9662592884146458,0.9748660487483778,0.020998096808179857,0.025758693
B0p5_capmatch,156090.021,0.965967113674048,0.9667543739513068,0.9753612321227549,0.020803083587665888,0.0255822893
B0p5_capmatch,156170.021,0.9664622074378125,0.9672494640624281,0.9758564351664037,0.02060656068149444,0.0254177433
B0p5_capmatch,156250.021,0.9669572939084418,0.9677445599239595,0.9763516588220023,0.020376548175972575,0.0252457839
B0p5_capmatch,156330.021,0.9674523857416706,0.9682396526585477,0.9768468358838334,0.02014577563584399,0.0250671562
B0p5_capmatch,156410.021,0.9679474719977961,0.9687347363362969,0.9773419723439076,0.01992713147460797,0.0248648096
B0p5_capmatch,156490.021,0.9684425613999799,0.9692298260315173,0.9778371754942647,0.019715283032589584,0.0247276891
B0p5_capmatch,156570.021,0.9689376510881689,0.9697249164622516,0.9783323503878698,0.01949956808420535,0.0245194156
B0p5_capmatch,156650.021,0.9694327439939177,0.9702199961277655,0.9788274710645541,0.01927044841533067,0.0243304092
B0p5_capmatch,156730.021,0.9699278360416503,0.9707150759585808,0.9793226251004356,0.01902979765902762,0.0241577085
B0p5_capmatch,156820.021,0.9704848187781773,0.9712720550203189,0.979879760183344,0.018775670654402495,0.0239716712
B0p5_capmatch,156900.021,0.9709799116839261,0.9717671553369657,0.9803749914649407,0.018543817847596976,0.0237804409
B0p5_capmatch,156980.021,0.9714750043036692,0.9722622568715936,0.9808702118582104,0.01830654908964849,0.0235921796
B0p5_capmatch,157060.021,0.9719700937773542,0.9727573513050671,0.9813653682695023,0.018066643231099147,0.0233742651
B0p5_capmatch,157140.021,0.972465185825087,0.9732524402749005,0.9818605251512561,0.017812719887312856,0.0231904481
B0p5_capmatch,157220.021,0.9729602783018277,0.9737475337745789,0.9823557153972531,0.017583769324162783,0.0230199751
B0p5_capmatch,157300.021,0.973455368562027,0.9742426301441265,0.9828509143751201,0.017332373150368764,0.0228376407
B0p5_capmatch,157380.021,0.9739504593227359,0.9747377212112927,0.9833460651284082,0.01707031687695008,0.0226189885
B0p5_capmatch,157460.021,0.9744455516564737,0.9752328101917409,0.9838412310317748,0.0168257002546387,0.0224329475
B0p5_capmatch,157540.021,0.9749406398431352,0.9757279001804355,0.9843363963591375,0.01658554682320152,0.0222254116
B0p5_capmatch,157620.021,0.9754357318908679,0.976222993768058,0.9848315951831352,0.01631731822908464,0.0220564175
B0p5_capmatch,157700.021,0.9759308175034811,0.9767180894632284,0.9853267799084994,0.016087510846717862,0.0218192358
B0p5_capmatch,157790.021,0.9764877912308411,0.9772750683547039,0.9858838453900167,0.015787911819099384,0.0216072556
B0p5_capmatch,157870.021,0.9769828857811199,0.9777701566072233,0.9863789885259883,0.015529798670096287,0.0213737804
B0p5_capmatch,157950.021,0.9774779806889056,0.9782652397887748,0.9868741223244824,0.015278653977849924,0.0211706888
B0p5_capmatch,158030.021,0.9779730688040658,0.9787603270297239,0.9873692967207146,0.015012776893074916,0.0209750142
B0p5_capmatch,158110.021,0.9784681647843714,0.9792554222764576,0.9878645077722625,0.01472323461568543,0.0207741503
B0p5_capmatch,158190.021,0.9789632576186189,0.9797505208950714,0.9883597113515038,0.014428428784909934,0.0205584634
B0p5_capmatch,158270.021,0.9794583524549035,0.9802456172122338,0.9888548887623949,0.014180370252422095,0.0203272123
B0p5_capmatch,158350.021,0.9799534429296072,0.9807407106769239,0.9893500525809379,0.013863298813677665,0.020118935
B0p5_capmatch,158430.021,0.9804485379803957,0.9812358076360774,0.9898452479802058,0.013586641916231837,0.0199076924
B0p5_capmatch,158510.021,0.9809436313151525,0.9817309021881879,0.9903404066094079,0.013304603481487086,0.0196749587
B0p5_capmatch,158590.021,0.9814387205743336,0.982225990523268,0.9908355468673218,0.01299121366336102,0.0194577891
B0p5_capmatch,158670.021,0.9819338115495465,0.9827210811561216,0.9913307147306959,0.012670098760486468,0.0192465466
B0p5_capmatch,158760.021,0.9824907887804716,0.9832780567867496,0.9918877626347891,0.012341278226691404,0.0189797189
B0p5_capmatch,158840.021,0.9829858821152281,0.9837731422478981,0.9923829005506497,0.012004600807155963,0.0187492054
B0p5_capmatch,158920.021,0.9834809677278415,0.9842682334834034,0.9928780899150442,0.011680447322409965,0.0185557511
B0p5_capmatch,159000.021,0.9839760561290065,0.9847633240363758,0.9933732447604018,0.011337806744526824,0.0182874408
B0p5_capmatch,159080.021,0.9844711491777578,0.9852584083716174,0.9938683779503712,0.010981180682933887,0.0180598926
B0p5_capmatch,159160.021,0.9849662352908806,0.9857534921110751,0.9943635181068515,0.010620574128263978,0.0178197492
B0p5_capmatch,159240.021,0.9854613244070589,0.9862485735721493,0.9948586521227096,0.01025498919047532,0.0175951626
B0p5_capmatch,159320.021,0.9859564125937201,0.9867436567704239,0.9953538064667228,0.00986373701790997,0.0173728038
B0p5_capmatch,159400.021,0.9864515047129543,0.987238747423431,0.9958490024712292,0.009398319997550936,0.0171393286
B0p5_capmatch,159480.021,0.9869465948301511,0.9877338403107819,0.996344182044709,0.008961403319332924,0.0168932509
B0p5_capmatch,159560.021,0.987441687163889,0.988228933809143,0.9968393645771412,0.00844659532992091,0.0166746024
B0p5_capmatch,159640.021,0.9879367786396112,0.9887240307189489,0.9973345550484152,0.007842150315040385,0.0164307486
B0p5_capmatch,159730.021,0.9884937500789285,0.9892810121576066,0.9978916158993565,0.0070180744662201346,0.0161602106
B0p5_capmatch,159810.021,0.9889888399816217,0.9897761067901606,0.9983867892298418,0.0060048005228346395,0.0159007926
