time_s,voltage_exp_V,voltage_sim_V,residual_V
0.0,0.1100081354,0.11666139761463169,0.006653262214631694
70.0,0.1110087186,0.11657220122327551,0.005563482623275509
140.0,0.1116424352,0.11681134760749495,0.005168912407494952
220.0,0.1121872067,0.11709246154520049,0.004905254845200491
290.0,0.1125911474,0.11715593412377708,0.004564786723777081
370.0,0.1129839867,0.11725053973140434,0.004266553031404344
440.0,0.1132937968,0.11732727309740454,0.00403347629740454
510.0,0.1135895252,0.11726641223815126,0.0036768870381512636
590.0,0.1138600558,0.11720949035833245,0.003349434558332448
660.0,0.1140950322,0.11716785993791767,0.0030728277379176716
740.0,0.1143173873,0.1171273962480522,0.002810008948052195
810.0,0.1145100892,0.11709693605718902,0.002586846857189018
890.0,0.1146813035,0.11705756118390419,0.00237625768390419
960.0,0.1148287952,0.11696710599820631,0.002138310798206311
1030.0,0.1149399728,0.11688058394560555,0.0019406111456055503
1110.0,0.1150837541,0.11678585887374995,0.001702104773749949
1180.0,0.1151356399,0.11670605016798714,0.0015704102679871407
1260.0,0.1152364463,0.11661804136203825,0.0013815950620382489
1330.0,0.1152727753,0.11653824387076475,0.0012654685707647467
1410.0,0.1153468937,0.11644145418366683,0.0010945604836668371
1480.0,0.115393579,0.1163588196254667,0.0009652406254666984
1550.0,0.1153735667,0.11627783684583477,0.0009042701458347735
1630.0,0.1154165566,0.11618732227881906,0.0007707656788190631
1700.0,0.1154069304,0.11610954878764082,0.0007026183876408243
1780.0,0.1153965443,0.11602225212413153,0.00062570782413153
1850.0,0.1153794974,0.11594715140916079,0.000567654009160784
1920.0,0.1153239161,0.11587303303251797,0.0005491169325179679
2000.0,0.1153090894,0.11578965141655956,0.0004805620165595631
2070.0,0.1152890772,0.11572507229145432,0.0004359950914543109
2150.0,0.1152119786,0.11565420932538299,0.0004422307253829916
2220.0,0.115163058,0.11559302218879366,0.00042996418879366616
2300.0,0.1150985807,0.11552389665698068,0.0004253159569806847
2370.0,0.1150644869,0.11546410759044286,0.00039962069044285897
2440.0,0.1150103807,0.11540487432240189,0.0003944936224018897
2520.0,0.1149755418,0.11533787664088492,0.00036233484088492307
2590.0,0.114906624,0.1152797257214147,0.00037310172141470643
2670.0,0.1148577034,0.1152138959581003,0.00035619255810030725
2740.0,0.1147813648,0.11515672203124508,0.00037535723124508535
2820.0,0.1147576421,0.11509607220007279,0.00033843010007278407
2890.0,0.1146798134,0.11504575883987242,0.0003659454398724227
2960.0,0.1146301627,0.11499584211481098,0.00036567941481098487
3040.0,0.1145901382,0.11493922968351371,0.000349091483513711
3110.0,0.114544183,0.11488998283521445,0.0003457998352144609
3190.0,0.1144826561,0.11483407742607539,0.00035142132607539345
3260.0,0.1144337505,0.1147854456279005,0.00035169512790049484
3330.0,0.1143877953,0.11473706788056433,0.0003492725805643304
3410.0,0.1143196076,0.11468209718279775,0.0003624895827977481
3480.0,0.1142536402,0.11463421626896488,0.00038057606896486906
3560.0,0.1142047197,0.11461124729981348,0.0004065275998134804
3630.0,0.1141357869,0.11459199382678863,0.0004562069267886326
3710.0,0.1141076237,0.11454861481926036,0.00044099111926036716
3780.0,0.1140727848,0.11451083754462162,0.0004380527446216226
3850.0,0.1140127629,0.11447321916571424,0.00046045626571424025
3930.0,0.1139801443,0.11443043846366958,0.00045029416366958175
4000.0,0.1139490157,0.1143932013427117,0.000444185642711703
4080.0,0.1138711721,0.11435075462436678,0.0004795825243667784
4150.0,0.1138222516,0.11431379715301188,0.0004915455530118823
4230.0,0.1137881577,0.1142717752573224,0.0004836175573224022
4300.0,0.1137340516,0.11423509635734493,0.0005010447573449289
4370.0,0.1137029231,0.11419967375796464,0.0004967506579646314
4450.0,0.1136740297,0.11416427900293338,0.0004902493029333849
4520.0,0.1136213988,0.11413339486817839,0.0005119960681783942
4600.0,0.1135798991,0.11409826296015985,0.00051836386015984
4670.0,0.1135687828,0.11406766849353041,0.0004988856935304042
4750.0,0.1135035455,0.11403275089511343,0.0005292053951134329
4820.0,0.1135065109,0.11400238847485003,0.0004958775748500344
4890.0,0.1134709418,0.11397206952905213,0.0005011277290521282
4970.0,0.1133946031,0.11393747917842072,0.0005428760784207121
5040.0,0.1133605093,0.11390736776926069,0.000546858469260697
5120.0,0.1133278906,0.11387305001297328,0.000545159412973284
5190.0,0.1133145541,0.11384512573864748,0.0005305716386474757
5260.0,0.113322705,0.1138189878653258,0.0004962828653257978
5340.0,0.1132723093,0.1137891833946448,0.0005168740946448064
5410.0,0.1132285744,0.11376317330605372,0.0005345989060537154
5490.0,0.1132293195,0.11373357023231183,0.0005042507323118339
5560.0,0.1131500155,0.11370770997504369,0.0005576944750436824
5640.0,0.1131692827,0.1136782819572456,0.0005089992572455959
5710.0,0.113101095,0.11365258491565104,0.0005514899156510433
5780.0,0.1130803376,0.11362695912472275,0.0005466215247227485
5860.0,0.1130543947,0.11359775022552915,0.0005433555255291433
5930.0,0.1130284518,0.11357223596918184,0.0005437841691818407
6010.0,0.1129921377,0.11355444550283034,0.0005623078028303419
6080.0,0.1129654646,0.11354239800243936,0.0005769334024393613
6160.0,0.1129254401,0.11352871871399421,0.0006032786139942153
6230.0,0.1129017174,0.11351680481562729,0.0006150874156272829
6300.0,0.1128750294,0.11350493272818966,0.000629903328189671
6380.0,0.1128772497,0.1134914577682942,0.0006142080682941947
6450.0,0.1128424257,0.11347969303604333,0.000637267336043329
6530.0,0.1128439009,0.11346634798363893,0.0006224470836389273
6600.000999999989,0.1128016561,0.11345467478493873,0.0006530186849387359
6670.000999999989,0.1128031462,0.1134430740457252,0.0006399278457252106
6750.000999999989,0.1127801687,0.1134289950628476,0.0006488263628476043
6820.000999999989,0.1127312481,0.11341126846466636,0.0006800203646663561
6900.000999999989,0.1127186418,0.11339109378078045,0.0006724519807804474
6970.000999999989,0.1126897335,0.1133734721342178,0.0006837386342178065
7050.000999999989,0.1127060503,0.1133534328801028,0.000647382580102801
7120.000999999989,0.1126549095,0.11333586540185892,0.0006809559018589179
7190.000999999989,0.112667501,0.113318421189854,0.0006509201898539929
7270.000999999989,0.1126356274,0.11329847815005906,0.000662850750059063
7340.000999999989,0.1125941128,0.11328105152228791,0.0006869387222879081
7420.000999999989,0.1126163602,0.11326125330244355,0.0006448931024435473
7490.000999999989,0.1125659496,0.1132438955610926,0.0006779459610925936
7570.000999999989,0.1125489026,0.11322389361372781,0.0006749910137278103
7640.000999999989,0.1125703901,0.11320608838831904,0.0006356982883190393
7710.000999999989,0.1125185192,0.11318826753302166,0.0006697483330216636
7790.000999999989,0.1125237048,0.11316797730236934,0.0006442725023693419
7860.000999999989,0.1125022024,0.1131502471173199,0.0006480447173198983
7940.000999999989,0.1124992371,0.11313002559075654,0.0006307884907565398
8010.000999999989,0.1125140637,0.11311236895203736,0.0005983052520373566
8090.000999999989,0.1124666333,0.11309220813353593,0.0006255748335359385
8160.000999999989,0.1124821901,0.11307463222717647,0.0005924421271764624
8230.00099999999,0.1124703288,0.11305706532682375,0.0005867365268237418
8310.00099999999,0.1124532819,0.11303702645662607,0.0005837445566260757
8380.00099999999,0.1124103069,0.11302287917673767,0.0006125722767376662
8460.00099999999,0.1123977005,0.11300965416148502,0.000611953661485018
8530.00099999999,0.1124140024,0.1129981313875891,0.000584128987589097
8600.00099999999,0.1124221534,0.11298661529589535,0.0005644618958953462
8680.00099999999,0.1124065965,0.11297349155788473,0.0005668950578847365
8750.00099999999,0.1123636067,0.1129620051064466,0.0005983984064466125
8830.00099999999,0.1123406291,0.11294893414439643,0.0006083050443964205
8900.00099999999,0.1123717576,0.1129375578257116,0.0005658002257116074
8980.00099999999,0.1123228371,0.11292452455583286,0.0006016874558328611
9050.00099999999,0.1123102456,0.11291316126593352,0.0006029156659335261
9120.00099999999,0.1123339534,0.11290185979835657,0.000567906398356563
9200.00099999999,0.1122657657,0.11288861841907046,0.0006228527190704491
9270.00099999999,0.112268731,0.11287702136753168,0.0006082903675316831
9350.00099999999,0.1122739166,0.11286379941949666,0.0005898828194966649
9420.00099999999,0.1122657657,0.11285223316986591,0.0005864674698659034
9500.00099999999,0.1122650355,0.11283906372150379,0.0005740282215037917
9570.00099999999,0.1122309417,0.11282753203689418,0.0005965903368941733
9640.00099999999,0.1121872067,0.11281603487429964,0.0006288281742996421
9720.00099999999,0.1121864617,0.11280292435483413,0.0006164626548341295
9790.00099999999,0.1121612638,0.11279146696873972,0.0006302031687397264
9870.00099999999,0.1121568233,0.11277840373932171,0.0006215804393217145
9940.00099999999,0.1121560782,0.11276703062437136,0.0006109524243713693
10010.00099999999,0.1121575534,0.1127624950807798,0.0006049416807798053
10090.00099999999,0.1121108681,0.11275730032057775,0.0006464322205777528
10160.00099999999,0.1121434718,0.1127528231083306,0.0006093513083305913
10240.00099999999,0.112136066,0.11274769645837797,0.0006116304583779625
10310.00099999999,0.1120856702,0.1127431889178337,0.000657518717833705
10390.00099999999,0.1120893657,0.1127381159622705,0.0006487502622705005
10460.00099999999,0.1120960414,0.112733705438939,0.0006376640389390009
10530.00099999999,0.1120626926,0.11272927049712304,0.000666577897123044
10610.00099999999,0.1120441556,0.11272425125403915,0.0006800956540391478
10680.00099999999,0.1120678782,0.11271988978546624,0.0006520115854662389
10760.00099999999,0.1120560169,0.11271250476677667,0.0006564878667766755
10830.00099999999,0.1120404452,0.11270481555863869,0.0006643703586386857
10910.00099999999,0.1120159924,0.11269604998898733,0.0006800575889873289
10980.00099999999,0.1120130271,0.11268840161641303,0.0006753745164130298
11050.00099999999,0.1120115519,0.11268077359999784,0.0006692216999978351
11130.00099999999,0.1120226681,0.11267206786150225,0.0006493997615022451
11200.00099999999,0.1120189577,0.1126644733623403,0.000645515662340293
11280.00099999999,0.1120048761,0.1126557932030114,0.0006509171030114058
11350.00099999999,0.1119930148,0.11264821636020877,0.0006552015602087763
11430.00099999999,0.1119878292,0.11263958395321941,0.0006517547532194079
11500.00099999999,0.111977458,0.1126320458283397,0.0006545878283397005
11570.00099999999,0.111977458,0.11262334840976264,0.0006458904097626367
11650.00099999999,0.1119485497,0.11261319449730164,0.0006646447973016473
11720.00099999999,0.111941874,0.112604323515184,0.0006624495151840021
11800.00099999999,0.11195077,0.11259423503341402,0.0006434650334140174
11870.00099999999,0.1119292825,0.11258538638009023,0.000656103880090228
11940.00099999999,0.1119351983,0.11257657493495749,0.0006413766349574884
12020.00099999999,0.1119366884,0.11256651011175385,0.0006298217117538529
12090.00099999999,0.1119114906,0.11255771191568671,0.0006462213156867153
12170.00099999999,0.1119092703,0.1125476762951501,0.0006384059951500959
12240.00099999999,0.1119085252,0.11253891128783403,0.0006303860878340284
12320.00099999999,0.111879617,0.11252964402946052,0.0006500270294605148
12390.00099999999,0.1118951887,0.11252604781067062,0.000630859110670623
12460.00099999999,0.1118685007,0.11252241727618592,0.0006539165761859228
12540.00099999999,0.1118944436,0.11251832322303759,0.0006238796230375876
12610.00099999999,0.1118677557,0.112514741005398,0.0006469853053980013
12690.00099999999,0.111889258,0.1125106725256593,0.0006214145256592946
12760.00099999999,0.1118514538,0.11250709067421182,0.0006556368742118152
12840.00099999999,0.1118907332,0.11250306776831788,0.0006123345683178849
12910.00099999999,0.1118536741,0.1124995107797398,0.000645836679739803
12980.00099999999,0.1118314415,0.11249598332685563,0.0006645418268556302
13060.00099999999,0.1118240356,0.11249195704220201,0.000667921442202013
13130.00099999999,0.1118558943,0.11248928026824359,0.0006333859682435966
13210.00099999999,0.1118151397,0.11248836975957179,0.0006732300595717888
13280.00099999999,0.1118166149,0.1124876231851779,0.0006710082851778959
13350.00099999999,0.1118403375,0.11248690149460197,0.000646563994601973
13430.00099999999,0.1118284762,0.1124860553627238,0.0006575791627237981
13500.00099999999,0.1118255109,0.11248532800813722,0.0006598171081372284
13580.00099999999,0.1117832661,0.11248448752769712,0.0007012214276971157
13650.00099999999,0.1118306965,0.11248381058200257,0.0006531140820025816
13730.00099999999,0.1118240356,0.11248302460625884,0.0006589890062588394
13800.00099999999,0.1117840111,0.11248231963115321,0.0006983085311532133
13870.00099999999,0.1118084639,0.11248166013729714,0.0006731962372971412
13950.00099999999,0.1117662191,0.11247953797622182,0.0007133188762218218
14020.00099999999,0.1117751151,0.11247654960178297,0.0007014345017829632
14100.00099999999,0.1117899418,0.11247315766699255,0.0006832158669925481
14170.00099999999,0.1117610335,0.11247017802988518,0.0007091445298851862
14250.00099999999,0.1117669642,0.1124667814890225,0.0006998172890225057
14320.00099999999,0.1117521375,0.11246383027584893,0.0007116927758489267
14390.00099999999,0.1117810458,0.11246091304698182,0.0006798672469818107
14470.00099999999,0.111755833,0.11245753994731995,0.000701706947319955
14540.00099999999,0.1117810458,0.11245462431968324,0.000673578519683235
14620.00099999999,0.1117365658,0.11245126517377231,0.000714699373772304
14690.00099999999,0.1117758453,0.11244838616544349,0.0006725408654434939
14770.00099999999,0.1117543578,0.11244225857955445,0.0006879007795544539
14840.00099999999,0.1117261946,0.11243611265509997,0.0007099180550999701
14910.00099999999,0.1117254496,0.11242998412977848,0.0007045345297784777
14990.00099999999,0.1117180437,0.11242299734894912,0.0007049536489491109
15060.00099999999,0.1117899418,0.11241691579380879,0.0006269739938087882
15140.00099999999,0.1117899418,0.11240993354546713,0.0006199917454671328
15210.00099999999,0.1117699295,0.11240383180549969,0.0006339023054996867
15280.00099999999,0.1117462069,0.11239772379485842,0.0006515168948584144
15360.00099999999,0.1117587984,0.11239079428670595,0.000631995886705955
15430.00099999999,0.1117625087,0.1123847216120645,0.0006222129120645042
15510.00099999999,0.1117239743,0.1123777954285978,0.000653821128597798
15580.00099999999,0.1117491722,0.11237862571177999,0.0006294535117799954
15660.00099999999,0.1117284149,0.11237953893096961,0.0006511240309696048
15730.00099999999,0.1117091477,0.1123803617515652,0.0006712140515651999
15800.00099999999,0.1117187887,0.11238119455115327,0.0006624058511532638
15880.00099999999,0.1117180437,0.11238215434263815,0.0006641106426381466
15950.00099999999,0.1117380559,0.11238300937858813,0.0006449534785881311
16030.00099999999,0.1117150784,0.11238397280081254,0.0006688944008125391
16100.00099999999,0.1117150784,0.11238483394329346,0.0006697555432934599
16180.00099999999,0.1117469519,0.11238584777673732,0.0006388958767373221
16250.00099999999,0.1117187887,0.11238617043735026,0.0006673817373502589
16320.00099999999,0.1117469519,0.11238518460610712,0.0006382327061071197
16400.00099999999,0.111729905,0.11238404737341992,0.0006541423734199164
16470.00099999999,0.1117476821,0.112383081028288,0.0006353989282880113
16550.00099999999,0.1117261946,0.11238195575232514,0.0006557611523251433
16620.00099999999,0.1117046922,0.11238096848914358,0.0006762762891435875
16690.00099999999,0.1117054373,0.11238001353078678,0.0006745762307867748
16770.00099999999,0.111729905,0.11237895145378635,0.0006490464537863422
16840.00099999999,0.1117350906,0.11237799961471062,0.0006429090147106187
16920.00099999999,0.1117284149,0.11237691942933681,0.0006485045293368047
16990.00099999999,0.111702472,0.11237596019119564,0.0006734881911956425
17070.002000000008,0.1117269397,0.11237778762972753,0.0006508479297275271
17140.002000000008,0.1117165536,0.11238184964148941,0.0006652960414894049
17210.002000000008,0.1117269397,0.11238593105238061,0.0006589913523806085
17290.002000000008,0.1116995066,0.11239057498033529,0.000691068380335294
17360.002000000008,0.1117432415,0.11239469122786061,0.0006514497278606035
17440.002000000008,0.1117387861,0.11239936604590327,0.0006605799459032669
17510.002000000008,0.1116913557,0.11240343830102859,0.0007120826010285908
17590.002000000008,0.1117002517,0.11240812520338792,0.0007078735033879124
17660.002000000008,0.1116972864,0.1124122424597078,0.000714956059707797
17730.002000000008,0.1116980314,0.11241635897004346,0.0007183275700434616
17810.002000000008,0.1117313802,0.1124210898087243,0.0006897096087243038
17880.002000000008,0.1116972864,0.11242114164945291,0.0007238552494529121
17960.002000000008,0.1117402762,0.1124194411408775,0.0006791649408774969
18030.002000000008,0.1117098927,0.11241791657825442,0.0007080238782544296
18110.002000000008,0.1117180437,0.11241621024115132,0.0006981665411513183
18180.002000000008,0.111720264,0.11241471284159657,0.0006944488415965705
18250.002000000008,0.1117269397,0.11241323821284291,0.0006862985128429089
18330.002000000008,0.1117076576,0.1124115238136118,0.0007038662136118062
18400.002000000008,0.1117387861,0.11241005949006991,0.0006712733900699069
18480.002000000008,0.1117158234,0.11240836126228711,0.0006925378622871098
18550.002000000008,0.111729905,0.11240690104535227,0.0006769960453522628
18620.002000000008,0.1117336005,0.11240543942855272,0.0006718389285527149
18700.002000000008,0.1117106229,0.1124062276816091,0.0006956047816090993
18770.002000000008,0.1117454618,0.11240725363460669,0.0006617918346066842
18850.002000000008,0.1117476821,0.1124084174913315,0.0006607353913315045
18920.002000000008,0.1117573231,0.11240943524962209,0.0006521121496220889
19000.002000000008,0.111720264,0.11241058316423845,0.000690319164238451
19070.002000000008,0.1117536128,0.11241163255308743,0.0006580197530874354
19140.002000000008,0.1117676944,0.11241267156415015,0.0006449771641501428
19220.002000000008,0.1117565781,0.11241385601887763,0.0006572779188776245
19290.002000000008,0.1117373109,0.11241488049171014,0.0006775695917101421
19370.002000000008,0.1117684394,0.11241609892090897,0.0006476595209089636
19440.002000000008,0.1117350906,0.11241739900662305,0.0006823084066230473
19520.002000000008,0.1117343456,0.11242075250800142,0.0006864069080014107
19590.002000000008,0.1117684394,0.11242371349695819,0.0006552740969581888
19660.002000000008,0.1117343456,0.11242664175246325,0.0006922961524632454
19740.002000000008,0.1117336005,0.11243001306776634,0.0006964125677663413
19810.002000000008,0.1117417514,0.11243297941722356,0.000691228017223558
19890.002000000008,0.1117587984,0.11243636089272482,0.0006775624927248258
19960.002000000008,0.1117350906,0.11243930776524991,0.0007042171652499041
20030.002000000008,0.1117543578,0.11244228047112013,0.0006879226711201392
20110.002000000008,0.1117617637,0.11244568177208708,0.000683918072087078
20180.002000000008,0.1117610335,0.11244864829203793,0.0006876147920379383
20260.002000000008,0.1117676944,0.11245143500449478,0.0006837406044947758
20330.002000000008,0.1117639989,0.11245298755824928,0.0006889886582492899
20410.002000000008,0.1117610335,0.11245475959394015,0.0006937260939401529
20480.002000000008,0.1117928922,0.11245634628382463,0.0006634540838246356
20550.002000000008,0.1117906719,0.11245790631262709,0.0006672344126270879
20630.002000000008,0.1117617637,0.11245968294879705,0.0006979192487970437
20700.002000000008,0.1117788106,0.11246126503696582,0.0006824544369658236
20780.002000000008,0.1117847413,0.11246307953777003,0.0006783382377700264
20850.002000000008,0.1118017882,0.11246465789925728,0.0006628696992572736
20930.002000000008,0.1117840111,0.11246645937844243,0.0006824482784424379
21000.002000000008,0.1117884517,0.11246804946809738,0.0006795977680973814
21070.002000000008,0.1117988229,0.1124726103555825,0.0006737874555824974
21150.002000000008,0.1118314415,0.112480340043354,0.0006488985433539957
21220.002000000008,0.1118173599,0.11248708900947567,0.0006697291094756724
21300.002000000008,0.1118306965,0.11249480644862815,0.0006641099486281582
21370.002000000008,0.1118203253,0.11250156799410854,0.000681242694108547
21450.002000000008,0.1118195802,0.11250929204996384,0.0006897118499638311
21520.002000000008,0.1118299514,0.11251606499433849,0.0006861135943384833
21590.002000000008,0.1118277311,0.1125228282546923,0.0006950971546923063
21670.002000000008,0.1118418127,0.11253057858315568,0.0006887658831556814
21740.002000000008,0.1118521988,0.11253736067521378,0.00068516187521378
21820.002000000008,0.1118388474,0.11254428117323276,0.0007054337732327609
21890.002000000008,0.111871466,0.1125502824483647,0.0006788164483646913
21960.002000000008,0.1118403375,0.11255623828642163,0.0007159007864216277
22040.002000000008,0.111861825,0.11256308321022014,0.0007012582102201431
22110.002000000008,0.1118781418,0.1125690786633424,0.0006909368633424007
22190.002000000008,0.1118833274,0.11257592034795318,0.00069259294795318
22260.002000000008,0.1118596047,0.11258190349404021,0.0007222987940402048
22340.002000000008,0.1118492335,0.11258874467247734,0.0007395111724773362
22410.002000000008,0.111888513,0.11259476850928149,0.0007062555092814948
22480.002000000008,0.111870721,0.11260076449442634,0.0007300434944263329
22560.002000000008,0.1118766516,0.11260773079011656,0.000731079190116557
22630.002000000008,0.1118981391,0.11261453217013215,0.0007163930701321458
22710.002000000008,0.1119025946,0.1126222989555364,0.0007197043555363936
22780.002000000008,0.111897409,0.1126290840818116,0.0007316750818116002
22860.002000000008,0.1119277924,0.11263686178304794,0.0007090693830479333
22930.002000000008,0.1119255722,0.11264365880908887,0.0007180866090888693
23000.002000000008,0.1119292825,0.11265046129851083,0.0007211787985108298
23080.002000000008,0.1119470596,0.11265826092885711,0.0007112013288571167
23150.002000000008,0.1119537354,0.11266505870669119,0.0007113233066911862
23230.002000000008,0.1119448394,0.11267283769290437,0.0007279982929043749
23300.002000000008,0.1119455844,0.11267964903692479,0.0007340646369247833
23370.002000000008,0.1119848639,0.11268792943977046,0.0007030655397704672
23450.002000000008,0.1119937599,0.1127014352005948,0.00070767530059479
23520.002000000008,0.1120070964,0.11271325138578238,0.0007061549857823729
23600.002000000008,0.1119804233,0.11272673944105517,0.0007463161410551644
23670.002000000008,0.1120137721,0.11273858311822682,0.0007248110182268147
23750.002000000008,0.1120256335,0.1127521004432957,0.0007264669432957005
23820.002000000008,0.1120152473,0.11276392346225059,0.0007486761622505916
23890.002000000008,0.1119996905,0.11277573380066379,0.0007760433006637896
23970.002000000008,0.1120523065,0.11278928301882156,0.0007369765188215555
24040.002000000008,0.1120241433,0.11280109545521698,0.0007769521552169756
24120.002000000008,0.1120508313,0.11281463923881585,0.0007638079388158497
24190.002000000008,0.1120508313,0.1128249830743144,0.000774151774314405
24270.002000000008,0.1120530516,0.11283555249996233,0.0007825008999623323
24340.002000000008,0.1120397151,0.1128448001038073,0.0008050850038072987
24410.002000000008,0.1120582372,0.11285406000376937,0.0007958228037693721
24490.002000000008,0.1120967865,0.11286465426263063,0.0007678677626306307
24560.002000000008,0.1121041924,0.11287391617941964,0.0007697237794196399
24640.002000000008,0.1121219844,0.11288451113657623,0.00076252673657623
24710.002000000008,0.112100482,0.1128937625177495,0.0007932805177495034
24790.002000000008,0.1121382862,0.11290437830139974,0.0007660921013997318
24860.002000000008,0.1121494025,0.11291364383967285,0.0007642413396728581
24930.002000000008,0.1121286601,0.11292290810137964,0.0007942480013796438
25010.002000000008,0.1121242046,0.11293170864362563,0.0008075040436256314
25080.002000000008,0.1121494025,0.11293891539126814,0.0007895128912681487
25160.002000000008,0.1121545881,0.11294716146180542,0.0007925733618054237
25230.002000000008,0.1121775657,0.11295436421138198,0.0007767985113819875
25300.002000000008,0.1121901721,0.11296158010530281,0.000771408005302815
25380.002000000008,0.1121820211,0.11296981220058291,0.000787791100582913
25450.002000000008,0.1122057289,0.11297703682481235,0.0007713079248123506
25530.002000000008,0.1122346371,0.11298529413233094,0.0007506570323309314
25600.002000000008,0.1122420579,0.11299251171730006,0.0007504538173000591
25680.002000000008,0.1122450233,0.11300076595802099,0.0007557426580209886
25750.002000000008,0.1122464985,0.11300800704825816,0.0007615085482581552
25820.002000000008,0.1122620702,0.11302377874659841,0.0007617085465984191
25900.002000000008,0.1122620702,0.11304180967594153,0.0007797394759415377
25970.002000000008,0.1122880131,0.11305759540842807,0.0007695823084280656
26050.002000000008,0.1122983843,0.11307563573966795,0.0007772514396679475
26120.002000000008,0.1123065352,0.11309142110279098,0.0007848859027909799
26200.002000000008,0.1123161763,0.11310945792202115,0.0007932816220211497
26270.002000000008,0.1123258024,0.11312524130284943,0.0007994389028494336
26340.002000000008,0.1123258024,0.1131410263909123,0.0008152239909123005
26420.002000000008,0.11234878,0.11315907076745486,0.0008102907674548687
26490.002000000008,0.1123584211,0.11317486548514472,0.0008164443851447212
26570.002000000008,0.1123784333,0.11319086132622845,0.0008124280262284539
26640.002000000008,0.1123902947,0.11320486000255588,0.0008145653025558725
26710.002000000008,0.1123813987,0.11321884631928417,0.0008374476192841707
26790.002000000008,0.1124236435,0.11323486397555992,0.0008112204755599123
26860.002000000008,0.1124080718,0.113248852304761,0.0008407805047610101
26940.002000000008,0.1124436557,0.11326487919560488,0.0008212234956048725
27010.002000000008,0.1124732941,0.11327889661451682,0.0008056025145168205
27090.002000000008,0.1124770045,0.11329490354430674,0.0008178990443067358
27160.002000000008,0.1124762595,0.11330889859294781,0.0008326390929478122
27230.002000000008,0.1124866456,0.11332291551504335,0.0008362699150433472
27310.002000000008,0.1124985069,0.11333810178341729,0.0008395948834172828
27380.002000000008,0.1125274003,0.11334927339018797,0.000821873090187969
27460.002000000008,0.1125392616,0.11336203292581261,0.0008227713258126129
27530.002000000008,0.1125444472,0.11337319513010016,0.0008287479301001682
27610.002000000008,0.1125555784,0.11338596003476199,0.000830381634761998
27680.002000000008,0.1125837415,0.11339713584305566,0.0008133943430556623
27750.002000000008,0.112605229,0.11340831386796343,0.0008030848679634328
27830.002000000008,0.1125703901,0.11342105526041173,0.000850665160411726
27900.002000000008,0.1125985533,0.11343224215040801,0.000833688850408007
27980.002000000008,0.1126104295,0.11344501805387695,0.0008345885538769554
28050.002000000008,0.112614885,0.1134561906735008,0.0008413056735007973
28130.002000000008,0.1126274765,0.11347232230335638,0.0008448458033563783
28200.002000000008,0.1126778871,0.11348936106194048,0.0008114739619404787
28270.002000000008,0.1126637906,0.11350636763282478,0.0008425770328247817
28350.002000000008,0.1126890033,0.11352582724420773,0.0008368239442077263
28420.002000000008,0.1126756519,0.11354284318749304,0.0008671912874930326
28500.002000000008,0.11274755,0.11356233140453573,0.0008147814045357249
28570.002000000008,0.1127312481,0.11357934755597406,0.0008480994559740551
28640.002000000008,0.1127327234,0.11359637151680528,0.0008636481168052823
28720.002000000008,0.1127816439,0.11361585456952232,0.0008342106695223145
28790.002000000008,0.1128024012,0.11363289811986864,0.0008304969198686396
28870.002000000008,0.1128142625,0.11365236627782625,0.0008381037778262546
28940.002000000008,0.1128016561,0.11367068904998355,0.0008690329499835558
29020.002000000008,0.1128246337,0.11369224059477936,0.0008676068947793686
29090.002000000008,0.1128505766,0.11371111145806037,0.0008605348580603689
29160.002000000008,0.1128550172,0.11372996391917545,0.0008749467191754429
29240.002000000008,0.1128594726,0.113751509630334,0.0008920370303339975
29310.002000000008,0.1128728092,0.11377037323388409,0.0008975640338840934
29390.002000000008,0.1129350662,0.11379195446731433,0.0008568882673143235
29460.002000000008,0.112942487,0.11381082038159954,0.0008683333815995425
29540.002000000008,0.1129402518,0.11383236216112361,0.0008921103611236048
29610.002000000008,0.1129224747,0.11385122898019394,0.0009287542801939414
29680.002000000008,0.1129921377,0.1138701166421802,0.0008779789421802103
29760.002000000008,0.1129988134,0.1138877159394175,0.0008889025394175076
29830.002000000008,0.1130099297,0.11390263100244016,0.0008927013024401659
29910.002000000008,0.113030687,0.11391968582459995,0.0008889988245999458
29980.002000000008,0.1130410582,0.11393460692309175,0.0008935487230917472
30050.002000000008,0.1130618155,0.11394953355625057,0.0008877180562505693
30130.002000000008,0.1130870134,0.11396659860366358,0.0008795852036635743
30200.002000000008,0.1130966395,0.11398152653626693,0.0008848870362669348
30280.002000000008,0.1131307334,0.11399858716980331,0.0008678537698033062
30350.002000000008,0.1131322235,0.11401351641738715,0.0008812929173871442
30430.002000000008,0.1131581664,0.11403059291754286,0.0008724265175428653
30500.002000000008,0.1131752133,0.11404741510117397,0.0008722018011739774
30570.002000000008,0.1132263541,0.1140753907187524,0.0008490366187524079
30650.002000000008,0.1131685376,0.11410731637050209,0.0009387787705020939
30720.002000000008,0.1132033765,0.11413527063147284,0.000931894131472849
30800.002000000008,0.1132285744,0.1141672305374083,0.000938656137408303
30870.002000000008,0.1132582277,0.11419520075729608,0.0009369730572960783
30950.002000000008,0.1132930517,0.11422717493475511,0.0009341232347551132
31020.002000000008,0.1133056581,0.11425187397743172,0.0009462158774317248
31090.002000000008,0.1133345664,0.11427226129302608,0.0009376948930260726
31170.002000000008,0.1133375317,0.11429555656383589,0.0009580248638358935
31240.002000000008,0.1133456826,0.11431594415459145,0.0009702615545914561
31320.002000000008,0.1133938581,0.11433927394698226,0.0009454158469822671
31390.002000000008,0.1133886725,0.11435966286478642,0.0009709903647864282
31470.002000000008,0.1134368479,0.11438298986010115,0.0009461419601011489
31540.002000000008,0.1134635359,0.11440340297937517,0.0009398670793751701
31610.002000000008,0.1134650111,0.11442378834367692,0.0009587772436769199
31690.002000000008,0.1135042906,0.11444712264904304,0.0009428320490430381
31760.002000000008,0.1135042906,0.11446751176567518,0.0009632211656751821
31840.002000000008,0.1135280132,0.11449326116231526,0.0009652479623152577
31910.002000000008,0.1135346889,0.11451702624840156,0.0009823373484015574
31980.002000000008,0.1135717481,0.11454081182386192,0.000969063723861921
32060.002000000008,0.1135850847,0.11456798479329393,0.000982900093293923
32130.002000000008,0.1136095375,0.1145917751371261,0.0009822376371260988
32210.002000000008,0.1136399359,0.11461896931986422,0.000979033419864217
32280.002000000008,0.113649562,0.1146427449084503,0.0009931829084503102
32360.002000000008,0.1136740297,0.1146699321639954,0.0009959024639954045
32430.002000000008,0.1137073785,0.11469372608228935,0.0009863475822893542
32500.002000000008,0.113756299,0.11471752920731389,0.0009612302073138818
32580.002000000008,0.1137822419,0.11474472285116225,0.0009624809511622479
32650.002000000008,0.1138074398,0.1147705372218671,0.0009630974218671068
32730.002000000008,0.1137896478,0.11480037267402085,0.0010107248740208463
32800.00200000001,0.1138519049,0.11482652649664633,0.0009746215966463384
32880.00200000001,0.1138556153,0.11485638536725534,0.0010007700672553382
32950.00200000001,0.1138696969,0.11488251245458353,0.0010128155545835321
33020.00200000001,0.1138978601,0.11490865294196842,0.001010792841968422
33100.00200000001,0.1139312238,0.11493853453906265,0.0010073107390626557
33170.00200000001,0.113969028,0.11496467322589866,0.0009956452258986642
33250.00200000001,0.1139808893,0.11499454529832218,0.0010136559983221771
33320.00200000001,0.1139934808,0.11502068225726034,0.0010272014572603322
33390.00200000001,0.1140246093,0.11504682743587484,0.0010222181358748444
33470.00200000001,0.1140453666,0.11507684920011416,0.001031482600114153
33540.00200000001,0.1140772402,0.1151031240463483,0.0010258838463483022
33620.00200000001,0.1140913218,0.11513314976765224,0.0010418279676522313
33690.00200000001,0.1141254157,0.11515942707571408,0.0010340113757140862
33770.00200000001,0.1141624749,0.115189468791897,0.0010269938918969906
33840.00200000001,0.1141802669,0.1152157447940415,0.0010354778940415005
33910.00200000001,0.1142158359,0.11524202216114615,0.0010261862611461448
33990.00200000001,0.114225477,0.11527204884253774,0.0010465718425377302
34060.00200000001,0.1142499298,0.11529833128856369,0.0010484014885636939
34140.00200000001,0.1142906994,0.11532838359782233,0.001037684197822325
34210.00200000001,0.1142899543,0.11535517309636971,0.001065218796369713
34290.00200000001,0.1143314689,0.11538729000589136,0.0010558211058913636
34360.00200000001,0.1143751889,0.11541540990026368,0.0010402210002636858
34430.00200000001,0.1143818647,0.115443510788309,0.0010616460883089984
34510.00200000001,0.1144122481,0.11547561858114959,0.0010633704811495864
34580.00200000001,0.1144500524,0.11550373806764813,0.0010536856676481299
34660.00200000001,0.1144767404,0.11553584817149552,0.0010591077714955238
34730.00200000001,0.1145130545,0.11556397300895961,0.0010509185089596085
34810.00200000001,0.1145486236,0.11559609972467275,0.0010474761246727499
34880.00200000001,0.1145834625,0.1156242134866469,0.00104075098664691
34950.00200000001,0.1145871729,0.1156523138729278,0.0010651409729278
35030.00200000001,0.114641279,0.11569057401718809,0.00104929501718809
35100.00200000001,0.1146561056,0.11572931990676065,0.0010732143067606476
35180.00200000001,0.1146664768,0.11577361910787644,0.001107142307876438
35250.00200000001,0.114721328,0.11581240172844127,0.0010910737284412775
35320.00200000001,0.1147598624,0.11585118084831222,0.0010913184483122285
35400.00200000001,0.1147702336,0.11589547278479606,0.0011252391847960674
35470.00200000001,0.1148117483,0.11593423594165667,0.0011224876416566637
35550.00200000001,0.1148458421,0.1159776226626288,0.0011317805626288036
35620.00200000001,0.1148628891,0.11600994657753104,0.0011470574775310355
35700.00200000001,0.1149088442,0.11604691091512839,0.001138066715128394
35770.00200000001,0.1149184704,0.11607924693290225,0.0011607765329022524
35840.00200000001,0.1149614602,0.11611158726334744,0.0011501270633474392
35920.00200000001,0.1149955541,0.11614855063283903,0.0011529965328390401
35990.00200000001,0.1150548458,0.11618091145656642,0.0011260656565664218
36070.00200000001,0.1150748581,0.116217869576727,0.0011430114767270044
36140.00200000001,0.1150896847,0.11625020172438677,0.0011605170243867702
36220.00200000001,0.115109697,0.11628716194799228,0.001177464947992285
36290.00200000001,0.1151519418,0.11631952042130932,0.001167578621309312
36360.00200000001,0.1151956767,0.11635404830865928,0.001158371608659281
36440.00200000001,0.1152179092,0.11639960043884257,0.0011816912388425693
36510.00200000001,0.115243867,0.11643947260260439,0.0011956056026043854
36590.00200000001,0.1153076142,0.11648505911989263,0.0011774449198926201
36660.00200000001,0.1153216958,0.11652492826919622,0.001203232469196222
36730.00200000001,0.1153506041,0.11656479814554424,0.0012141940455442368
36810.00200000001,0.1154128611,0.11661038315167083,0.0011975220516708268
36880.00200000001,0.1154224873,0.11665024050734162,0.0012277532073416142
36960.00200000001,0.1154899448,0.11669583722204889,0.001205892422048896
37030.00200000001,0.1154980958,0.11673570386261255,0.0012376080626125413
37110.00200000001,0.1155455261,0.11678128635371116,0.0012357602537111517
37180.00200000001,0.1155655384,0.11682113062759099,0.0012555922275909875
37250.00200000001,0.1156033427,0.11686094041297854,0.0012575977129785365
37330.00200000001,0.115676716,0.11690647461439624,0.0012297586143962397
37400.00200000001,0.1157011688,0.11694628383798576,0.0012451150379857584
37480.00200000001,0.1157367527,0.1169917938734659,0.0012550411734658928
37550.00200000001,0.1157827079,0.11703162594208662,0.0012489180420866136
37630.00200000001,0.1158301383,0.11707714934079363,0.0012470110407936386
37700.00200000001,0.1158583015,0.1171169730438337,0.0012586715438337032
37770.00200000001,0.1158812791,0.11715678509739585,0.0012755059973958566
37850.00200000001,0.1159279794,0.11720230214512882,0.0012743227451288142
37920.00200000001,0.1159887463,0.11724214026248339,0.00125339396248339
38000.00200000001,0.1160265505,0.11729062070468996,0.0012640702046899516
38070.00200000001,0.1160354465,0.11733387272581759,0.0012984262258175922
38150.00200000001,0.1161006689,0.11738333610957964,0.0012826672095796465
38220.00200000001,0.1161303222,0.11742660461386446,0.0012962824138644663
38290.00200000001,0.1161799729,0.11746987994843408,0.001289907048434083
38370.00200000001,0.1162288934,0.11751933446949088,0.0012904410694908747
38440.00200000001,0.1162755936,0.11756260764238116,0.0012870140423811571
38520.00200000001,0.1162852198,0.1176120461566461,0.0013268263566460908
38590.00200000001,0.1163341403,0.11765531966604831,0.0013211793660483084
38660.00200000001,0.11637564,0.11769859916560452,0.0013229591656045148
38740.00200000001,0.1164186299,0.11774806638922135,0.0013294364892213473
38810.00200000001,0.1164601445,0.11779432021965383,0.0013341757196538295
38890.00200000001,0.1165268421,0.1178471930187608,0.0013203509187608015
38960.00200000001,0.116562441,0.11789345246205962,0.0013310114620596197
39040.00200000001,0.116615802,0.11794633026907034,0.001330528269070333
39110.00200000001,0.116650641,0.11799258178319182,0.0013419407831918168
39180.00200000001,0.1166854799,0.11803884255922943,0.0013533626592294318
39260.00200000001,0.1167269796,0.1180917188094212,0.0013647392094211924
39330.00200000001,0.1167773753,0.11813798058697114,0.0013606052869711421
39410.00200000001,0.11681889,0.11819085768963741,0.0013719676896374183
39480.00200000001,0.1168566793,0.11823712112218701,0.001380441822187009
39560.00200000001,0.1169174612,0.11829082468078304,0.0013733634807830408
39630.00200000001,0.1169574857,0.11833994539658303,0.00138245969658303
39700.00200000001,0.1170049161,0.1183890689636033,0.0013841528636032996
39780.00200000001,0.1170449406,0.11844520655711607,0.0014002659571160786
39850.00200000001,0.1170946062,0.11849433872284884,0.0013997325228488344
39930.00200000001,0.1171435267,0.11855047987804906,0.001406953178049064
40000.00200000001,0.1171983629,0.11859962086393441,0.0014012579639344075
40070.00200000001,0.1172146797,0.11864873060612716,0.0014340509061271517
40150.00200000001,0.117288053,0.11870488671540494,0.001416833715404936
40220.00200000001,0.1173280776,0.11875401315715706,0.0014259355571570598
40300.00200000001,0.1174036711,0.11881016985551478,0.0014064987555147818
40370.00200000001,0.117455557,0.11886235256223966,0.00140679556223966
40450.00200000001,0.1174763143,0.11892653185321891,0.0014502175532189188
40520.00200000001,0.1175111383,0.11898270322809963,0.0014715649280996335
40590.00200000001,0.1175682098,0.1190388787426036,0.0014706689426036007
40670.00200000001,0.1176623404,0.1191031098903646,0.0014407694903646046
40740.00200000001,0.1176934689,0.11915928725702019,0.001465818357020185
40820.00200000001,0.1177483201,0.11922349076283253,0.0014751706628325367
40890.00200000001,0.1178053916,0.11927968409327437,0.0014742924932743678
40970.00200000001,0.1178446859,0.11934434758499943,0.0014996616849994315
41040.00200000001,0.117906943,0.11940373990317882,0.001496796903178818
41110.00200000001,0.1179684699,0.11946313921392146,0.0014946693139214623
41190.00200000001,0.1179973781,0.11953098637638673,0.0015336082763867387
41260.00200000001,0.1180499941,0.11959036661595726,0.0015403725159572612
41340.00200000001,0.1181122512,0.11965824486891706,0.0015459936689170561
41410.00200000001,0.1181596965,0.11971762442978058,0.0015579279297805865
41490.00200000001,0.118244186,0.11978552869847975,0.0015413426984797474
41560.00200000001,0.1183086634,0.11984492922953835,0.0015362658295383497
41630.00200000001,0.1183486879,0.1199043164682585,0.0015556285682584992
41710.00200000001,0.1183946431,0.1199721895840104,0.0015775464840104003
41780.00200000001,0.1184606105,0.12003230231550613,0.001571691815506135
41860.00200000001,0.1185147166,0.12010298243099536,0.0015882658309953612
41930.00200000001,0.118579939,0.12016485706292754,0.0015849180629275428
42000.00200000001,0.1186199635,0.120226698965704,0.0016067354657040012
42080.00200000001,0.1186644286,0.12029738052265805,0.0016329519226580547
42150.00200000001,0.118730396,0.12035924677621801,0.0016288507762180077
42230.00200000001,0.1188252717,0.12042996203051513,0.001604690330515135
42300.00200000001,0.1188741922,0.12049183024824249,0.001617638048242484
42380.00200000001,0.1189127266,0.12056250335339959,0.0016497767533995844
42450.00200000001,0.1189861,0.12062438090727703,0.0016382809072770371
42520.00200000001,0.1190528125,0.12068625432662251,0.0016334418266225198
42600.00200000001,0.1190920919,0.12076227321425512,0.0016701813142551147
42670.00200000001,0.1191847473,0.12083347138827605,0.0016487240882760434
42750.00200000001,0.1192433089,0.12091481841013427,0.0016715095101342697
42820.00200000001,0.1192870438,0.12098598656834524,0.0016989427683452296
42900.00200000001,0.1193848699,0.12106735473533486,0.0016824848353348687
42970.00200000001,0.1194248945,0.12114006230712415,0.0017151678071241488
43040.00200000001,0.1194871515,0.12121393231448722,0.0017267808144872249
43120.00200000001,0.1195486784,0.12129834598008826,0.0017496675800882655
43190.00200000001,0.1196161211,0.12137221028383363,0.0017560891838336312
43270.00200000001,0.119686529,0.1214566350433806,0.0017701060433805982
43340.00200000001,0.1197524965,0.12153050513935529,0.0017780086393552885
43410.00200000001,0.1198184639,0.12160437372650065,0.0017859098265006479
43490.00200000001,0.1198755354,0.12168879689885713,0.0018132614988571327
43560.00200000001,0.1199533492,0.1217626698073091,0.001809320607309095
43640.00200000001,0.1200193167,0.1218470992294084,0.0018277825294083921
43710.00200000001,0.1201067865,0.12192097363850501,0.001814187138505008
43790.00200000001,0.1201853454,0.12200451732294282,0.0018191719229428138
43860.00200000001,0.1202238798,0.12207733761581356,0.0018534578158135584
43930.00200000001,0.120287627,0.12215016525695471,0.0018625382569547183
44010.00200000001,0.1203780621,0.12223341662645885,0.0018553545264588522
44080.00200000001,0.1204625666,0.12230627291091961,0.00184370631091961
44160.00200000001,0.1205337197,0.12238952218473056,0.0018558024847305649
44230.00200000001,0.1205996722,0.12246235523963064,0.0018626830396306499
44310.00200000001,0.120668605,0.12254559549001806,0.0018769904900180628
44380.00200000001,0.120739013,0.12261845087138136,0.0018794378713813537
44450.00200000001,0.1207946092,0.12269127373559846,0.0018966645355984607
44530.00200000001,0.1208946705,0.1227745754865884,0.0018799049865884099
44600.00200000001,0.1209532171,0.12286209830827406,0.0019088812082740658
44680.00200000001,0.12106736,0.12296214129881286,0.0018947812988128615
44750.00200000001,0.1210910827,0.12304899297389085,0.0019579102738908477
44830.00200000001,0.121191144,0.12314395120303075,0.0019528072030307458
44900.00200000001,0.1212593317,0.12322705273492526,0.0019677210349252627
44970.00200000001,0.1213638335,0.12331016549473106,0.001946331994731057
45050.00200000001,0.1214038581,0.12340510963047031,0.002001251530470316
45120.00200000001,0.1215246618,0.12348822934115473,0.0019635675411547315
45200.00200000001,0.1215913743,0.12358317819836709,0.0019918038983670894
45270.00200000001,0.1216484606,0.1236662712499153,0.002017810649915311
45340.00200000001,0.1217218339,0.12374936635505487,0.0020275324550548673
45420.00200000001,0.1218241155,0.12384432414067009,0.002020208640670096
45490.00200000001,0.1219390035,0.1239274522481985,0.001988448748198493
45570.00200000001,0.1220079362,0.12402633705092257,0.002018400850922572
45640.00200000001,0.1220961362,0.1241185330145043,0.002022396814504307
45720.00200000001,0.1221754402,0.12422386710338851,0.002048426903388509
45790.00200000001,0.1222666055,0.12431606045805015,0.0020494549580501453
45860.00200000001,0.1223110706,0.12440822274239667,0.002097152142396669
45940.00200000001,0.1224178076,0.12451357134604998,0.002095763746049986
46010.00200000001,0.1225223094,0.12460577492942002,0.0020834655294200144
46090.00200000001,0.122624591,0.12471114264469893,0.002086551644698925
46160.00200000001,0.122686103,0.12480331729740474,0.002117214297404732
46240.00200000001,0.1227817237,0.1249086790978847,0.0021269553978846972
46310.00200000001,0.1228528917,0.1250008495429731,0.002147957842973114
46380.00200000001,0.1229418367,0.12509285438307258,0.002151017683072576
46460.00200000001,0.1230641305,0.12519785664873928,0.0021337261487392872
46530.00200000001,0.1231330484,0.12528971692431715,0.0021566685243171457
46610.00200000001,0.1231975406,0.12539466703077182,0.0021971264307718147
46680.00200000001,0.1232938915,0.12548653700363885,0.002192645503638846
46750.00200000001,0.1233776361,0.12557839921616512,0.0022007631161651275
46830.00200000001,0.1234903038,0.12568339877070542,0.0021930949707054115
46900.00200000001,0.12358962,0.12577526981661366,0.0021856498166136634
46980.00200000001,0.1236526221,0.12588022759924422,0.002227605499244223
47050.00200000001,0.1237386018,0.1259720888245542,0.002233487024554212
47130.00200000001,0.1238601506,0.1260770954554562,0.0022169448554562043
47200.00200000001,0.1239305586,0.12617620101214033,0.002245642412140328
47270.00200000001,0.1240098625,0.12627648334783412,0.0022666208478341193
47350.00200000001,0.1241499633,0.12639113371005167,0.002241170410051674
47420.00200000001,0.1242240816,0.12649142805942482,0.002267346459424821
47500.00200000001,0.1243085712,0.12660604281501703,0.0022974716150170327
47570.00200000001,0.1244301349,0.1267063647076332,0.002276229807633187
47650.00200000001,0.124545753,0.12682101457118167,0.002275261571181672
47720.00200000001,0.1246035695,0.1269212909968608,0.002317721496860811
47790.00200000001,0.124714002,0.12702159743998137,0.0023075954399813664
47870.00200000001,0.1248303652,0.12713623078357808,0.002305865583578079
47940.00200000001,0.1249200553,0.12723657049179102,0.0023165151917910187
48020.00200000001,0.1250430793,0.12736439144259218,0.00232131214259218
48090.00200000001,0.1251157224,0.12747619823762002,0.0023604758376200297
48170.00200000001,0.1252291203,0.1276040078892368,0.0023748875892367904
48240.00200000001,0.1253410578,0.12771584252877616,0.002374784728776169
48310.00200000001,0.1253988594,0.12782763949258835,0.002428780092588345
48390.00200000001,0.1255500615,0.12795546713901948,0.0024054056390194756
48460.00200000001,0.1256464124,0.12806326560909936,0.0024168532090993733
48540.00200000001,0.1257501841,0.1281830132357033,0.002432829135703307
48610.00200000001,0.1258428246,0.1282877933893128,0.0024449687893128014
48680.00200000001,0.1259362102,0.12839256752680311,0.0024563573268031047
48760.00200000001,0.1260577738,0.12851232114818967,0.002454547348189673
48830.00200000001,0.126174137,0.12861712602623243,0.0024429890262324394
48910.00200000001,0.1262882799,0.1287368898658163,0.0024486099658163063
48980.00200000001,0.1263668388,0.12884165997555674,0.0024748211755567517
49060.00200000001,0.1264854372,0.12896141421368768,0.00247597701368768
49130.00200000001,0.1265743822,0.12906618316947455,0.0024918009694745447
49200.00200000001,0.1267026067,0.12917098766928992,0.0024683809692899183
49280.00200000001,0.1267952621,0.12929602985102828,0.002500767751028282
49350.00200000001,0.1269019842,0.12940697974507118,0.0025049955450711647
49430.00200000001,0.1270124167,0.12953377235622554,0.002521355656225549
49500.00200000001,0.1271362007,0.12964473279829444,0.002508532098294436
49580.00200000001,0.1272733212,0.12977155306210084,0.002498231862100825
49650.00200000001,0.1273489147,0.12988248521642523,0.002533570516425221
49720.00200000001,0.127448231,0.12999343108053968,0.0025452000805396835
49800.00200000001,0.1275786757,0.13012021945602859,0.0025415437560285803
49870.00200000001,0.1276802272,0.13023116483524672,0.0025509376352467195
49950.00200000001,0.1278284788,0.13035799199798412,0.0025295131979841123
50020.00200000001,0.1279211193,0.13046894554410526,0.002547826244105267
50090.00200000001,0.1280174702,0.1305820990702333,0.0025646288702332876
50170.00200000001,0.1281634867,0.1307114517118674,0.002547965011867409
50240.00200000001,0.1282679886,0.13082462292863642,0.0025566343286364257
50320.00200000001,0.12836954,0.13095393285645024,0.002584392856450235
50390.00200000001,0.1284947991,0.13106711297325013,0.0025723138732501316
50470.00200000001,0.1286096722,0.13119642672336462,0.002586754523364626
50540.00200000001,0.1287349313,0.13130959582840362,0.0025746645284036307
50610.00200000001,0.128847599,0.13142276454768587,0.0025751655476858593
50690.00200000001,0.1289595217,0.1315521047405901,0.0025925830405900963
50760.00200000001,0.1290529221,0.13166525445903754,0.0026123323590375447
50840.00200000001,0.1291840971,0.13179420699428687,0.002610109894286866
50910.00200000001,0.129289344,0.1319060355493476,0.0026166915493475995
50990.00200000001,0.1294420362,0.13203380389140026,0.002591767691400265
51060.00200000001,0.1295346767,0.13214558669499532,0.0026109099949953307
51130.00200000001,0.1296503097,0.1322573961778441,0.002607086477844106
51210.00200000001,0.1297911257,0.13238519228984408,0.0025940665898440685
51280.00200000001,0.1298793256,0.13249699070731116,0.002617665107311151
51360.00200000001,0.1300394237,0.13262477126118236,0.002585347561182366
51430.00200000001,0.1301268935,0.13273656163438036,0.0026096681343803496
51510.00200000001,0.1302788407,0.13286435789999193,0.0025855171999919213
51580.00200000001,0.1303922385,0.13297618338248215,0.0025839448824821476
51650.00200000001,0.1304997057,0.13308883871541013,0.002589133015410139
51730.00200000001,0.1306116283,0.1332188342022239,0.002607205902223908
51800.00200000001,0.1307353973,0.13333258571477596,0.002597188414775964
51880.00200000001,0.1308695525,0.13346260069501287,0.0025930481950128537
51950.00200000001,0.1309992671,0.13357637907166411,0.0025771119716641033
52020.00200000001,0.1310815364,0.13369012324548818,0.0026085868454881755
52100.00200000001,0.1312394142,0.1338201351589107,0.0025807209589107094
52170.00200000001,0.1313513368,0.1339338975361729,0.002582560736172912
52250.00200000001,0.1314788163,0.1340639060097252,0.002585089709725208
52320.00200000001,0.1315855533,0.13417766291855646,0.002592109618556465
52400.00200000001,0.1317159981,0.13430766454902027,0.002591666449020258
52470.00200000001,0.1318167895,0.13441686135225045,0.0026000718522504462
52540.00200000001,0.1319435388,0.1345242753848281,0.0025807365848281028
52620.00200000001,0.1320895553,0.13464703993718624,0.002557484637186247
52690.00200000001,0.1322059184,0.13475445789720306,0.002548539497203045
52770.00200000001,0.1323282123,0.13487720908331222,0.0025489967833122185
52840.00200000001,0.1324127167,0.13498459095668794,0.0025718742566879504
52920.00200000001,0.1325401962,0.135107324300475,0.002567128100475019
52990.00200000001,0.1326476783,0.1352147235519358,0.0025670452519358233
53060.00200000001,0.1327632964,0.13532211963449017,0.002558823234490165
53140.00200000001,0.1329211593,0.1354449023319898,0.0025237430319897947
53210.00200000001,0.1330086291,0.13555230201042753,0.0025436729104275357
53290.00200000001,0.1331338882,0.13567192331617756,0.0025380351161775616
53360.00200000001,0.1332658082,0.13577623083605286,0.0025104226360528614
53430.00200000001,0.1333814412,0.1358805338432258,0.0024990926432257865
53510.00200000001,0.1334866881,0.13599970791385288,0.002513019813852879
53580.00200000001,0.1336067766,0.13610401881073506,0.002497242210735051
53660.00200000001,0.1337394416,0.13622322813082766,0.0024837865308276474
53730.00200000001,0.1338580251,0.1363275356028502,0.0024695105028501863
53810.00200000001,0.1339566112,0.13644671026362662,0.0024900990636266274
53880.00200000001,0.1340744495,0.13655101322305932,0.002476563723059322
53950.00200000001,0.1342056394,0.13665532537450206,0.0024496859745020694
54030.00200000001,0.1343249679,0.1367740127727328,0.0024490448727327863
54100.00200000001,0.1344205886,0.13687473851582652,0.0024541499158265145
54180.00200000001,0.1345554739,0.13698987111857278,0.002434397218572776
54250.00200000001,0.1346674114,0.1370906101552328,0.0024231987552328083
54330.00200000001,0.1347822994,0.13720573183393614,0.00242343243393614
54400.00200000001,0.1349031031,0.13730647246670588,0.0024033693667058764
54470.00200000001,0.1350009441,0.13740722307873274,0.0024062789787327454
54550.00200000001,0.1351269484,0.13752235558082526,0.0023954071808252597
54620.00200000001,0.1352069825,0.13762306969901558,0.002416087199015593
54700.00200000001,0.1353300214,0.1377382059037183,0.002408184503718297
54770.00200000001,0.1354389787,0.13783893380113224,0.0023999551011322506
54850.00200000001,0.1355679482,0.13794552805727975,0.002377579857279738
54920.00200000001,0.1356620789,0.13802647499559176,0.0023643960955917476
54990.00200000001,0.1357977241,0.13810871720581036,0.0023109931058103717
55070.00200000001,0.1359037161,0.1382110916935782,0.0023073755935782148
55140.00200000001,0.1360148937,0.13830067655052483,0.002285782850524831
55220.00200000001,0.1361268014,0.13840305856540666,0.0022762571654066643
55290.00200000001,0.1362261176,0.13849264242881085,0.0022665248288108453
55360.00200000001,0.1363298893,0.13858222802493378,0.0022523387249337723
55440.00200000001,0.1364262402,0.1386845936871776,0.0022583534871775945
55510.00200000001,0.1365537196,0.13877420002006483,0.002220480420064813
55590.00200000001,0.1366760135,0.13887659541032518,0.0022005819103251834
55660.00200000001,0.1367686689,0.1389661897450441,0.0021975208450440986
55740.00200000001,0.1368961483,0.1390685851884786,0.002172436888478596
55810.00200000001,0.1369695365,0.13915499847907006,0.0021854619790700747
55880.00200000001,0.1370703429,0.13923726390475805,0.0021669210047580434
55960.00200000001,0.1371778101,0.13933127558460728,0.002153465484607292
56030.00200000001,0.137256369,0.13941352857355108,0.0021571595735510873
56110.00200000001,0.1373675466,0.13950752233885824,0.0021399757388582408
56180.00200000001,0.1374676079,0.1395897921590279,0.0021221842590278817
56260.00200000001,0.1375654489,0.13968380965636998,0.0021183607563699802
56330.00200000001,0.1376744062,0.13976608394343384,0.0020916777434338563
56400.00200000001,0.1377507448,0.13984833460449456,0.002097589804494565
56480.00200000001,0.1378641427,0.13994235284428216,0.0020782101442821665
56550.00200000001,0.1379767954,0.14002462482044528,0.0020478294204452907
56630.00200000001,0.138089478,0.1401162291391904,0.0020267511391904025
56700.00200000001,0.138159886,0.14019511189931175,0.002035225899311738
56770.00200000001,0.1382547617,0.14027401097289785,0.002019249272897844
56850.00200000001,0.1383355409,0.14036416173229924,0.0020286208322992383
56920.00200000001,0.1384585798,0.14044308740565573,0.0019845076056557165
57000.00200000001,0.1385252923,0.14053323069876442,0.002007938398764425
57070.00200000001,0.1386142224,0.14061211901014767,0.0019978966101476814
57150.00200000001,0.1387298554,0.14070229746870333,0.0019724420687033395
57220.00200000001,0.1388128698,0.14078119223879765,0.0019683224387976594
57290.00200000001,0.1389233023,0.14086011305064558,0.0019368107506455845
57370.00200000001,0.1389707327,0.14095025701985056,0.001979524319850573
57440.00200000001,0.1390982121,0.14101797322019166,0.0019197611201916542
57520.00200000001,0.1391612291,0.1410932471555806,0.0019320180555806032
57590.00200000001,0.139230907,0.14115911636122608,0.0019282093612260909
57670.00200000001,0.1393524557,0.14123442159616734,0.001881965896167348
57740.00200000001,0.1394191682,0.14130028661531127,0.0018811184153112726
57810.00200000001,0.139522925,0.14136619358275038,0.0018432685827503847
57890.00200000001,0.139584437,0.1414414762257016,0.001857039225701601
57960.00200000001,0.1396607906,0.14150734962209735,0.0018465590220973493
58040.00200000001,0.1397771537,0.14158266702096486,0.0018055133209648744
58110.00200000001,0.1398416311,0.14164854456009446,0.0018069134600944559
58190.00200000001,0.139937982,0.14171778142018518,0.0017797994201851908
58260.00200000001,0.1399943084,0.1417775985603511,0.0017832901603511142
58330.00200000001,0.1400647312,0.14183742780859662,0.0017726966085966356
58410.00200000001,0.1401692331,0.14190582600203908,0.0017365929020390636
58480.00200000001,0.1402300149,0.14196565357546473,0.0017356386754647235
58560.00200000001,0.1403389722,0.14203405220758902,0.0016950800075890282
58630.00200000001,0.1403715909,0.1420938732365264,0.0017222823365263817
58700.00200000001,0.1404820234,0.1421537237379927,0.0016717003379927153
58780.00200000001,0.1405576319,0.14222213008248893,0.0016644981824889271
58850.00200000001,0.1406058073,0.142281942862888,0.0016761355628880092
58930.00200000001,0.1406836212,0.1423501857267017,0.0016665645267016915
59000.00200000001,0.1407725662,0.14240906811704915,0.0016365019170491435
59080.00200000001,0.1408363134,0.1424763344178705,0.0016400210178705021
59150.00200000001,0.14089486,0.1425351939648185,0.0016403339648184967
59220.00200000001,0.1409719437,0.14259406418725679,0.0016221204872567951
59300.00200000001,0.1410549581,0.14266134431562308,0.0016063862156230901
59370.00200000001,0.1411216557,0.14272021267834117,0.0015985569783411868
59450.00200000001,0.1412054151,0.14278748917350204,0.0015820740735020267
59520.00200000001,0.141266197,0.14284635563410142,0.0015801586341014084
59600.00200000001,0.1413447708,0.14291363811856994,0.0015688673185699498
59670.00200000001,0.1414070278,0.14297250201109837,0.0015654742110983721
59740.00200000001,0.14147003,0.14302770986510646,0.001557679865106465
59820.00200000001,0.1415537894,0.14308049665894915,0.001526707258949156
59890.00200000001,0.1415923238,0.14312666965440565,0.0015343458544056499
59970.00200000001,0.1416679174,0.1431794465342151,0.001511529134215095
60040.00200000001,0.1417264789,0.14322562586769105,0.0014991469676910452
60110.00200000001,0.1417768747,0.14327180086692756,0.0014949261669275626
60190.00200000001,0.1418435872,0.1433245792045625,0.0014809920045625036
60260.00200000001,0.1419088095,0.1433707633207659,0.0014619538207658878
60340.00200000001,0.1420014501,0.14342342507082254,0.001421974970822526
60410.00200000001,0.1420577914,0.14346913381902707,0.001411342419027073
60490.00200000001,0.1421215236,0.14352137908748056,0.0013998554874805613
60560.00200000001,0.1421556175,0.1435670697607515,0.0014114522607515112
60630.00200000001,0.1422304809,0.14361278900534685,0.0013823081053468411
60710.00200000001,0.1422905177,0.1436650254826159,0.0013745077826158858
60780.00200000001,0.1423416585,0.14371073449416308,0.0013690759941630826
60860.00200000001,0.1423994601,0.14376297100735788,0.0013635109073578677
60930.00200000001,0.1424335688,0.14380866263599615,0.001375093835996155
61010.00200000001,0.1424958408,0.1438609158819346,0.0013650750819345914
61080.00200000001,0.1425447464,0.1439066165219315,0.0013618701219315077
61150.00200000001,0.1426055282,0.14395042836855787,0.001344900168557872
61230.00200000001,0.1426752061,0.143997628856993,0.0013224227569929858
61300.00200000001,0.1427189261,0.1440389367054002,0.0013200106054001848
61380.00200000001,0.142780453,0.14408613573850798,0.0013056827385079794
61450.00200000001,0.142824173,0.14412743409175344,0.0013032610917534382
61530.00200000001,0.1428945959,0.14417463949016937,0.0012800435901693663
61600.00200000001,0.1429323852,0.14421593762294183,0.0012835524229418138
61670.00200000001,0.1429983526,0.14425725574342563,0.0012589031434256381
61750.00200000001,0.1430339366,0.1443044528195033,0.0012705162195033037
61820.00200000001,0.1430917382,0.14434576642815747,0.0012540282281574555
61900.00200000001,0.1431436241,0.1443929719162419,0.0012493478162418914
61970.00200000001,0.1432029158,0.1444346558069043,0.0012317400069042916
62040.00200000001,0.1432281137,0.14447647226260518,0.0012483585626051896
62120.00200000001,0.1432659179,0.14452425190946008,0.0012583340094600715
62190.00200000001,0.1433341056,0.144566090471024,0.0012319848710239945
62270.00200000001,0.1433719099,0.14461388576589465,0.00124197586589464
62340.00200000001,0.1434126794,0.14465570932613495,0.0012430299261349531
62420.00200000001,0.1434586197,0.14470350112192112,0.0012448814219211124
62490.00200000001,0.1435431391,0.1447453408050009,0.0012022017050009048
62560.00200000001,0.1435535103,0.1447871548687773,0.001233644568777309
62640.00200000001,0.1436239183,0.14483496616093453,0.0012110478609345388
62710.00200000001,0.1436654329,0.14487679288280994,0.0012113599828099397
62790.00200000001,0.1436950713,0.1449100315875134,0.0012149602875133891
62860.00200000001,0.1437269449,0.14493734742635805,0.0012104025263580676
62940.00200000001,0.1437906921,0.1449685833325381,0.0011778912325380864
63010.00200000001,0.1438136697,0.14499590724433917,0.0011822375443391597
63080.00200000001,0.1438588798,0.14502323474150836,0.0011643549415083498
63160.00200000001,0.1439404041,0.14505564070085794,0.0011152366008579384
63230.00200000001,0.1439359635,0.14509089582050433,0.001154932320504315
63310.00200000001,0.143984139,0.14513121858211145,0.0011470795821114377
63380.00200000001,0.1440382451,0.14516650318816135,0.0011282580881613602
63450.00200000001,0.1440634429,0.14520177969115705,0.0011383367911570463
63530.00200000001,0.1441294104,0.1452421116596506,0.0011127012596506003
63600.00200000001,0.1441479325,0.14527737827582024,0.001129445775820248
63680.00200000001,0.1441775858,0.14531769804096084,0.0011401122409608333
63750.00200000001,0.1442302018,0.1453529755511321,0.0011227737511320945
63830.00200000001,0.1442702264,0.14539329564215883,0.001123069242158825
63900.00200000001,0.1443124712,0.1454285791107679,0.0011161079107679106
63970.00200000001,0.1443688124,0.14546246471388774,0.0010936523138877496
64050.00200000001,0.1443814039,0.14549722135197246,0.0011158174519724506
64120.00200000001,0.1444495916,0.14552766063072237,0.0010780690307223562
64200.00200000001,0.1444518119,0.1455624059841043,0.0011105940841042994
64270.00200000001,0.1445007324,0.14559282327399242,0.001092090873992424
64350.00200000001,0.1445333511,0.14562758632284087,0.0010942352228408558
64420.00200000001,0.1445719004,0.14565801089155814,0.0010861104915581288
64490.00200000001,0.1446423233,0.14568845699643884,0.0010461336964388557
64570.00200000001,0.1446630657,0.14572321652101142,0.0010601508210114075
64640.00200000001,0.1446652859,0.14575361869420983,0.0010883327942098342
64720.00200000001,0.1447245926,0.1457883961386974,0.0010638035386973943
64790.00200000001,0.1447408944,0.14581623916993647,0.0010753447699364815
64870.00200000001,0.1447935104,0.1458458999491731,0.0010523895491731106
64940.00200000001,0.1447950006,0.14587184054000665,0.001076839940006652
65010.00200000001,0.1448298395,0.1458977910650669,0.0010679515650668936
65090.00200000001,0.1449039578,0.145927465643884,0.0010235078438839973
65160.00200000001,0.1449150741,0.14595340068402604,0.001038326584026028
65240.00200000001,0.144958064,0.14598306443216721,0.0010250004321672168
65310.00200000001,0.1449832618,0.14600901978860803,0.001025757988608017
65380.00200000001,0.1450380981,0.1460349810272939,0.000996882927293885
65460.00200000001,0.1450455189,0.1460646244526926,0.0010191055526926063
65530.00200000001,0.145090729,0.14609059007396494,0.000999861073964936
65610.00200000001,0.1451403946,0.14608860774107296,0.0009482131410729622
65680.00200000001,0.1451344639,0.14611175291911926,0.000977289019119254
65760.00200000001,0.145205617,0.14613824923834778,0.0009326322383477748
65830.00200000001,0.1451996863,0.14616139789596452,0.0009617115959645317
65900.00200000001,0.1452263594,0.14618455757940946,0.000958198179409453
65980.00200000001,0.1452626884,0.14621102935306973,0.0009483409530697262
66050.00200000001,0.1453123391,0.14623420514275692,0.0009218660427569303
66130.00200000001,0.1453493983,0.14626068800036665,0.0009112897003666631
66200.00200000001,0.1453716308,0.1462838557652201,0.0009122249652200876
66280.00399999999,0.1453523636,0.14631031456234683,0.0009579509623468263
66350.00399999999,0.1453968287,0.1463334828782409,0.0009366541782409032
66420.00399999999,0.1454420537,0.14635751289441784,0.0009154591944178503
66500.00399999999,0.1454657614,0.146385683707716,0.000919922307716009
66570.00399999999,0.1455198675,0.14641035809455286,0.0008904905945528452
66650.00399999999,0.1455139369,0.14643852620816644,0.0009245893081664402
66720.00399999999,0.1455309838,0.146463188576647,0.0009322047766469888
66790.00399999999,0.1455888003,0.14648784647279017,0.0008990461727901855
66870.00399999999,0.1456147432,0.146516030900592,0.0009012877005920017
66940.00399999999,0.1456570029,0.14654069339355377,0.0008836904935537737
67020.00399999999,0.145666644,0.14656887564188348,0.0009022316418834664
67090.00399999999,0.1456770152,0.1465935259729122,0.000916510772912188
67170.00399999999,0.145720005,0.1466217218365795,0.000901716836579497
67240.00399999999,0.1457385272,0.1466402410627043,0.0009017138627042953
67310.00399999999,0.1457429826,0.1466577709632024,0.0009147883632024123
67390.00399999999,0.145790413,0.1466777983918667,0.0008873853918666963
67460.00399999999,0.1458022743,0.14669532530061,0.0008930510006099901
67540.00399999999,0.1458445191,0.14671536267390972,0.0008708435739097353
67610.00399999999,0.1458511949,0.1467328839061551,0.0008816890061550953
67690.00399999999,0.145878613,0.14675291544378244,0.0008743024437824487
67760.00399999999,0.145905301,0.14677044602758002,0.0008651450275800332
67830.00399999999,0.1459475458,0.14678797729200568,0.0008404314920056888
67910.00399999999,0.1459608823,0.14680801211163955,0.0008471298116395354
67980.00399999999,0.1459631026,0.14682553095673714,0.0008624283567371382
68060.00399999999,0.1460216641,0.14684557735000744,0.0008239132500074409
68130.00399999999,0.14602907,0.14686310963092433,0.0008340396309243214
68210.00399999999,0.1460350007,0.1468831341813211,0.000848133481321095
68280.00399999999,0.1460631639,0.14690066615664835,0.0008375022566483592
68350.00399999999,0.1461150497,0.1469182111713107,0.0008031614713107094
68430.00399999999,0.1461091191,0.14693823889632804,0.0008291197963280483
68500.00399999999,0.1461320966,0.14695576987751557,0.0008236732775155631
68580.00399999999,0.1461654454,0.1469758096734713,0.0008103642734712813
68650.00399999999,0.1461647153,0.1469933382940983,0.0008286229940983048
68720.00399999999,0.1462173313,0.1470108919005825,0.0007935606005824991
68800.00399999999,0.146224007,0.14703118238662907,0.0008071753866290832
68870.00399999999,0.1462395638,0.1470496215072022,0.0008100577072021886
68950.00399999999,0.1462751478,0.14707070899234995,0.0007955611923499417
69020.00399999999,0.1462647617,0.14708913803216872,0.0008243763321687247
69100.00399999999,0.1463240683,0.14711023124866257,0.0007861629486625721
69170.00399999999,0.1463351846,0.14712867334724403,0.0007934887472440255
69240.00399999999,0.1463544518,0.14714711952118092,0.0007926677211809174
69320.00399999999,0.1463440806,0.1471681889806999,0.0008241083806998784
69390.00399999999,0.1464122683,0.1471866501668333,0.0007743818668332902
69470.00399999999,0.1464078128,0.1472077205348923,0.0007999077348923023
69540.00399999999,0.1464233845,0.14722617431171703,0.0008027898117170251
69620.00399999999,0.1464263499,0.1472443361496219,0.0008179862496218993
69690.00399999999,0.1464671046,0.14725772379798352,0.0007906191979835109
69760.00399999999,0.1464797109,0.1472711088478619,0.0007913979478618993
69840.00399999999,0.1465026885,0.14728641356772423,0.000783725067724228
69910.00399999999,0.1465219557,0.1472997986662856,0.0007778429662855801
69990.00399999999,0.1465471536,0.147315104404506,0.0007679508045059791
70060.00399999999,0.1465649456,0.14732849622950478,0.0007635506295047834
70130.00399999999,0.1465627253,0.14734187207266553,0.0007791467726655232
70210.00399999999,0.1465945989,0.147357173276641,0.0007625743766409843
70280.00399999999,0.1466101557,0.147370567485553,0.0007604117855530002
70360.00399999999,0.1466435045,0.1473858778441697,0.0007423733441697111
70430.00399999999,0.1466612965,0.14740121504383064,0.0007399185438306255
70510.00399999999,0.1466538906,0.14741961817539173,0.0007657275753917281
70580.00399999999,0.146685034,0.14743574122830014,0.0007507072283001459
70650.00399999999,0.1466991156,0.14745185328219232,0.000752737682192306
70730.00399999999,0.1467213482,0.1474702694595805,0.0007489212595805095
70800.00399999999,0.146710977,0.14748637319406377,0.0007753961940637766
70880.00399999999,0.1467443258,0.14750479945304765,0.0007604736530476552
70950.00399999999,0.1467421055,0.14752090187869824,0.0007787963786982377
71030.00399999999,0.1467858255,0.14753933229636906,0.0007535067963690689
71100.00399999999,0.1467976868,0.14755544403839146,0.000757757238391471
71170.00399999999,0.1468191892,0.1475715669607261,0.0007523777607260917
71250.00399999999,0.1468577236,0.14758738657643514,0.000729662976435147
71320.00499999998,0.1468473524,0.14760089991532363,0.0007535475153236382
71400.00499999998,0.1468999684,0.14761636748373236,0.0007163990837323608
71470.00499999998,0.1468688399,0.14762987010201967,0.0007610302020196746
71550.00499999998,0.1468999684,0.14764533020747303,0.0007453618074730328
71620.00499999998,0.1469207257,0.14765886031584555,0.0007381346158455426
71690.00499999998,0.1469274014,0.1476723784682021,0.0007449770682021184
71770.00499999998,0.1469466686,0.14768783619361958,0.000741167593619585
71840.00499999998,0.146976307,0.14770136383857846,0.0007250568385784584
71920.00499999998,0.1470037401,0.14771682778462603,0.0007130876846260237
71990.00499999998,0.1470304132,0.1477303831345378,0.000699969934537803
72060.00499999998,0.1470445096,0.14774410448363207,0.0006995948836320542
72140.00499999998,0.1470163316,0.1477597672180158,0.0007434356180157919
72210.00499999998,0.1470600665,0.14777350217221527,0.0007134356722152679
72290.00499999998,0.1470793337,0.14778918711053024,0.0007098534105302312
72360.00499999998,0.1470971256,0.1478029071846459,0.0007057815846459037
72440.00499999998,0.1470993459,0.14781858507888393,0.0007192391788839181
72510.00499999998,0.1470986158,0.14783229779144716,0.0007336819914471604
72580.00499999998,0.1471334398,0.1478460345668675,0.0007125947668675248
72660.00499999998,0.1471512318,0.14786171304511392,0.0007104812451139142
72730.00499999998,0.1471564174,0.14787543143483964,0.000719014034839649
72810.00499999998,0.1471719891,0.14789103218021307,0.000719043080213061
72880.00499999998,0.1471845806,0.14790456267064622,0.000719982070646219
72960.00499999998,0.1472016275,0.1479200240668129,0.0007183965668129122
73030.00499999998,0.147232756,0.14793356100971378,0.0007008050097137841
73100.00499999998,0.1472320259,0.14794708965735376,0.000715063757353751
73180.00499999998,0.1472520381,0.1479625498679729,0.0007105117679728767
73250.00499999998,0.1472572237,0.14797607472251564,0.0007188510225156486
73330.00499999998,0.1472609341,0.14799154170304527,0.0007306076030452746
73400.00499999998,0.1472987235,0.14800507898957665,0.0007063554895766488
73470.00499999998,0.1473046541,0.14801861363093224,0.0007139595309322566
73550.00499999998,0.1473276317,0.14803407948425223,0.0007064477842522454
73620.00499999998,0.1473372728,0.14804846804523644,0.0007111952452364401
73700.00499999998,0.1473461688,0.14806563290356664,0.0007194641035666305
73770.00499999998,0.147329852,0.14808064041604627,0.0007507884160462552
73850.00499999998,0.1473869234,0.14809783427769388,0.0007109108776938711
73920.00499999998,0.1474032402,0.148112858525359,0.000709618325358985
73990.00499999998,0.1474024951,0.14812787848152667,0.0007253833815266675
74070.00499999998,0.1474195421,0.14814504556512934,0.0007255034651293402
74140.00499999998,0.1474380642,0.1481600767831646,0.000722012583164594
74220.00499999998,0.1474462152,0.14817724993785972,0.0007310347378597093
74290.00499999998,0.1474877298,0.14819228842276014,0.000704558622760143
74370.00499999998,0.1474551111,0.14820943972428285,0.0007543286242828462
74440.00499999998,0.1475062519,0.14822124981792717,0.0007149979179271737
74510.00499999998,0.1475084871,0.14823251206770688,0.0007240249677068766
74590.00499999998,0.1475032866,0.14824537619617453,0.0007420895961745277
74660.00499999998,0.1475299746,0.14825664406183217,0.000726669461832169
74740.00499999998,0.1475373805,0.1482695211068765,0.0007321406068764857
74810.00499999998,0.1475618482,0.14828078678463807,0.0007189385846380625
74890.00499999998,0.1475788951,0.14829366802489394,0.0007147729248939416
74960.00499999998,0.1475929767,0.14830493349196547,0.000711956791965479
75030.00499999998,0.147604093,0.14831620466765452,0.0007121116676545303
75110.00499999998,0.1476433724,0.14832909557268578,0.0006857231726857815
75180.00499999998,0.1476404071,0.14834037222490498,0.0006999651249049721
75260.00499999998,0.1476685703,0.14836089026318125,0.0006923199631812538
75330.00499999998,0.1476826519,0.14837884093334874,0.0006961890333487541
75400.00499999998,0.1476893276,0.14839679063047412,0.0007074630304741147
75480.00499999998,0.1477100849,0.1484173010983396,0.0007072161983395775
75550.00499999998,0.1477160156,0.14843525310488384,0.0007192375048838406
75630.00499999998,0.1477308422,0.14845575559405264,0.0007249133940526453
75700.00499999998,0.1477545649,0.14847371413864047,0.0007191492386404708
75780.00499999998,0.1477805078,0.14849424181601195,0.0007137340160119632
75850.00499999998,0.1477834731,0.148512183671112,0.0007287105711119846
75920.00499999998,0.1478079259,0.14853013330851422,0.0007222074085142249
76000.00499999998,0.1478057057,0.14854976728243924,0.000744061582439226
76070.00499999998,0.1478279382,0.1485646739369881,0.0007367357369880978
76150.00499999998,0.1478561014,0.14858170575840843,0.0007256043584084326
76220.00499999998,0.1478598118,0.14859660732147573,0.000736795521475736
76300.00499999998,0.1478820443,0.14861364399547505,0.0007315996954750659
76370.00499999998,0.1478805691,0.14862854520722002,0.000747976107220022
76440.00499999998,0.147879824,0.14864344260952136,0.0007636186095213715
76520.00499999998,0.1479302198,0.14866048895402773,0.0007302691540277129
76590.00499999998,0.1479376405,0.1486753892398342,0.0007377487398342042
76670.00499999998,0.1479465365,0.14869242038650393,0.0007458838865039286
76740.00499999998,0.1479798853,0.14870733876829906,0.0007274534682990552
76810.00499999998,0.1479791403,0.1487241311563321,0.0007449908563320895
76890.00499999998,0.1479813606,0.14874620320785809,0.000764842607858085
76960.00499999998,0.1480043381,0.1487655255300694,0.0007611874300693933
77040.00499999998,0.1480288059,0.14878760047924844,0.0007587945792484341
77110.00499999998,0.1480413973,0.14880692187697728,0.0007655245769772889
77190.00499999998,0.1480792016,0.14882900893753248,0.0007498073375324932
77260.00499999998,0.1480725259,0.14884831703603507,0.00077579113603507
77330.00499999998,0.1481029242,0.14886763658599006,0.0007647123859900462
77410.00499999998,0.1481110752,0.14888970708228091,0.0007786318822809168
77480.00499999998,0.1481125504,0.14890901953333477,0.0007964691333347818
77560.00499999998,0.1481325626,0.14893109761579404,0.0007985350157940496
77630.00499999998,0.1481659263,0.1489477269507959,0.0007818006507958886
77710.00499999998,0.1481762975,0.1489655029745693,0.0007892054745693156
77780.00499999998,0.1481948197,0.14898106625330107,0.0007862465533010621
77850.00499999998,0.1482000202,0.14899661751655693,0.0007965973165569296
77930.00499999998,0.1482370794,0.14901440725743484,0.0007773278574348397
78000.00499999998,0.1482526362,0.14902996991651998,0.0007773337165199734
78080.00499999998,0.1482889503,0.14904775826053193,0.000758807960531932
78150.00499999998,0.1482785791,0.14906331363938874,0.0007847345393887373
78230.00499999998,0.1483237892,0.14908110199935826,0.0007573127993582562
78300.00499999998,0.1483059973,0.14909664584468466,0.0007906485446846634
78370.00499999998,0.1483260095,0.14911221483779585,0.0007862053377958589
78450.00499999998,0.1483386159,0.14917488032057308,0.0008362644205730796
78520.00499999998,0.1483875364,0.1491988292527826,0.0008112928527826135
78600.00499999998,0.1484090239,0.14921943522658784,0.000810411326587851
78670.00499999998,0.1484231055,0.1492374591547426,0.0008143536547425834
78740.00499999998,0.1484371871,0.14925548982829628,0.0008183027282962774
78820.00499999998,0.1484571993,0.14927609195449432,0.0008188926544943076
78890.00499999998,0.1484764665,0.14929411862431197,0.0008176521243119794
78970.00499999998,0.1484927833,0.14931471838711088,0.0008219350871108977
79040.00499999998,0.1484883279,0.1493327377700439,0.0008444098700439162
79120.00499999998,0.148525387,0.14935334872143038,0.0008279617214303758
79190.00499999998,0.1485498548,0.14937138497987695,0.0008215301798769614
79260.00499999998,0.1485705972,0.14938941433280814,0.0008188171328081528
79340.00499999998,0.1485839486,0.14941246174586661,0.0008285131458666273
79410.00499999998,0.1485913545,0.14943262810800184,0.0008412736080018468
79490.00499999998,0.148649171,0.14945569436004777,0.0008065233600477728
79560.00499999998,0.148640275,0.1494758453778809,0.0008355703778809009
79640.00499999998,0.1486810446,0.1494989120297683,0.0008178674297683042
79710.00499999998,0.1487054974,0.14951908273302952,0.0008135853330295262
79780.00499999998,0.148720324,0.14953925163477774,0.0008189276347777552
79860.00499999998,0.1487217993,0.14956229076350488,0.0008404914635048721
79930.00499999998,0.1487536728,0.1495824748757719,0.0008288020757719061
80010.00499999998,0.1487729549,0.1496055182176445,0.0008325633176445024
80080.00499999998,0.1488115042,0.1496280845447628,0.0008165803447628128
80150.00499999998,0.1488211304,0.14965648685952376,0.0008353564595237617
80230.00499999998,0.1488507837,0.14968895122019701,0.0008381675201970251
80300.00499999998,0.1488641202,0.14971736118352214,0.00085324098352213
80380.00499999998,0.148880437,0.1497498133991099,0.0008693763991098891
80450.00499999998,0.1489122957,0.14977823667563847,0.0008659409756384684
80530.00499999998,0.1489122957,0.14981070153156945,0.0008984058315694432
80600.00499999998,0.1489493549,0.14983911642184036,0.0008897615218403654
80670.00499999998,0.1489812285,0.14986753027696556,0.0008863017769655535
80750.00499999998,0.1489893794,0.14989999953183744,0.0009106201318374307
80820.00499999998,0.1490079165,0.14992840200669502,0.0009204855066950179
80900.00499999998,0.1490353346,0.14995908142742753,0.0009237468274275185
80970.00499999998,0.149091661,0.14998439863338997,0.0008927376333899839
81050.00499999998,0.1490931511,0.15001331297828907,0.000920161878289083
81120.00499999998,0.1491057426,0.15003859883766585,0.0009328562376658411
81190.00499999998,0.1491353959,0.15006390338323664,0.0009285074832366402
81270.00499999998,0.1491509527,0.15009281065782165,0.0009418579578216457
81340.00499999998,0.1492058039,0.1501181289216838,0.000912325021683813
81420.00499999998,0.1491872817,0.1501470255132041,0.0009597438132041003
81490.00499999998,0.1492473185,0.15017234204162297,0.0009250235416229657
81570.00499999998,0.1492532492,0.15020124876281052,0.0009479995628105253
81640.00499999998,0.1492880732,0.15022655715750127,0.0009384839575012627
81710.00499999998,0.1493088305,0.15025329488815264,0.0009444643881526549
81790.00499999998,0.1493540406,0.15028452301663686,0.0009304824166368741
81860.00499999998,0.1493733078,0.15031184115551635,0.0009385333555163577
81940.00499999998,0.1493933201,0.15034304980826874,0.0009497297082687317
82010.00499999998,0.1493925899,0.1503703519270572,0.000977762027057183
82080.00499999998,0.1494148225,0.15039765876812938,0.0009828362681293945
82160.00499999998,0.1494844854,0.15042890255922925,0.0009444171592292439
82230.00499999998,0.149490416,0.15045620610561258,0.0009657901056125962
82310.00499999998,0.1495289654,0.15048742780213045,0.0009584624021304611
82380.00499999998,0.1495549083,0.15051474153272404,0.0009598332327240278
82460.00499999998,0.1495941877,0.15054597833298042,0.000951790632980426
82530.00499999998,0.149577871,0.15057703808944792,0.0009991670894479165
82600.00499999998,0.1496090144,0.1506081131202607,0.000999098720260716
82680.00499999998,0.1496586651,0.15064363876039116,0.0009849736603911585
82750.00499999998,0.1496920139,0.15067472507820687,0.0009827111782068632
82830.00499999998,0.1497046202,0.15071022624928473,0.0010056060492847352
82900.00499999998,0.1497490853,0.15074131601694907,0.0009922307169490663
82980.00499999998,0.149772808,0.15077682394375994,0.0010040159437599283
83050.00499999998,0.1497972608,0.15080790210456405,0.0010106413045640472
83120.00499999998,0.1498069167,0.15083897627551293,0.0010320595755129447
83200.00499999998,0.1498521268,0.1508745015519474,0.0010223747519473858
83270.00499999998,0.1498699188,0.15090547907126484,0.0010355602712648349
83350.00499999998,0.1499091983,0.15094025488046625,0.0010310565804662608
83420.00499999998,0.1499373615,0.15097068666010177,0.0010333251601017668
83490.00499999998,0.1499766409,0.15100112314064384,0.0010244822406438314
83570.00499999998,0.149986282,0.1510358914098324,0.0010496094098323971
83640.00499999998,0.1500470638,0.1510663371624843,0.0010192733624843076
83720.00499999998,0.150065586,0.15110111285768607,0.0010355268576860699
83790.00499999998,0.1501041353,0.1511315505783661,0.0010274152783661117
83870.00499999998,0.1501152515,0.15116632186042017,0.001051070360420181
83940.00499999998,0.1501411945,0.1511967498065139,0.0010555553065139112
84010.00499999998,0.1502086371,0.15122720910185622,0.0010185720018562328
84090.00499999998,0.1502027065,0.15126476052525986,0.0010620540252598565
84160.00499999998,0.1502738595,0.15130167568541344,0.0010278161854134493
84240.00499999998,0.1502723694,0.15134382426893606,0.0010714548689360615
84310.00499999998,0.1503079534,0.15138072563192329,0.0010727722319232857
84390.00499999998,0.1503390819,0.15142289373236928,0.0010838118323692747
84460.00499999998,0.1503731757,0.15145979053691686,0.001086614836916855
84530.00499999998,0.1504213512,0.15149670234491683,0.0010753511449168307
84610.00499999998,0.1504369229,0.15153886656025412,0.0011019436602541233
84680.00499999998,0.1504984349,0.1515757750497557,0.00107734014975569
84760.00499999998,0.1505206674,0.15161794344135449,0.0010972760413544835
84830.00499999998,0.1505421698,0.15165562999717047,0.001113460197170485
84910.00499999998,0.1505977511,0.1516999218925934,0.0011021707925933932
84980.00499999998,0.1506177634,0.15173864193539896,0.001120878535398967
85050.00499999998,0.1506696492,0.15177740097789563,0.001107751777895627
85130.00499999998,0.1507104188,0.1518216754396337,0.001111256639633712
85200.00499999998,0.150746733,0.15186042093939012,0.0011136879393901233
85280.00499999998,0.1507815719,0.15190469548113691,0.00112312358113692
85350.00499999998,0.1508156657,0.15194344683215832,0.0011277811321583342
85420.00499999998,0.1508230716,0.1519821722985293,0.001159100698529314
85500.00499999998,0.1508616209,0.15202643841089228,0.0011648175108922854
85570.00499999998,0.1509253681,0.15206520058616932,0.0011398324861693065
85650.00499999998,0.1509564966,0.15210942360783075,0.0011529270078307619
85720.00499999998,0.1509957761,0.15214810826073827,0.001152332160738262
85800.00499999998,0.1510187536,0.1521922977675059,0.0011735441675058966
85870.00499999998,0.1510387659,0.1522309669532067,0.001192201053206693
85940.00499999998,0.151101023,0.1522696632687763,0.0011686402687763053
86020.00499999998,0.15111956,0.15231385779742654,0.0011942977974265245
86090.00499999998,0.1511862576,0.1523525506504833,0.001166293050483297
86170.00499999998,0.1511973888,0.15239673864389178,0.0011993498438917782
86240.00499999998,0.1512359232,0.15243542083072173,0.0011994976307217187
86320.00499999998,0.1512900293,0.15247963209519397,0.001189602795193978
86390.00499999998,0.1513241231,0.15251831509606145,0.0011941919960614389
86460.00499999998,0.1513700783,0.15256274148197796,0.001192663181977971
86540.00499999998,0.1514034271,0.15261457875795256,0.001211151657952575
86610.00499999998,0.1514493823,0.15265994398202815,0.001210561682028155
86690.00499999998,0.1514975578,0.15271178888132353,0.0012142310813235413
86760.00499999998,0.1515249759,0.15275714553742803,0.0012321696374280322
86830.00499999998,0.1515650004,0.15280249889592296,0.0012374984959229451
86910.00499999998,0.1516205966,0.152854348097372,0.0012337514973720098
86980.00499999998,0.1516613662,0.1528997183728953,0.0012383521728952795
87060.00499999998,0.151712507,0.15295156094870002,0.0012390539487000252
87130.00499999998,0.1517599374,0.1529969314315915,0.0012369940315914985
87210.00499999998,0.1517955065,0.1530485893623555,0.0012530828623554813
87280.00499999998,0.1518518478,0.1530927297564729,0.0012408819564729001
87350.00499999998,0.1518659443,0.15313684801844363,0.0012709037184436278
87430.00499999998,0.1519044787,0.15318727635682303,0.0012827976568230148
87500.00499999998,0.1519571096,0.15323141482301844,0.0012743052230184404
87580.00499999998,0.1519800872,0.1532818402456408,0.0013017530456407855
87650.00499999998,0.1520378888,0.1533259785784709,0.0012880897784709189
87730.00499999998,0.1520549357,0.15337639835449499,0.0013214626544949815
87800.00499999998,0.1521475911,0.15342056353022798,0.0012729724302279755
87870.00499999998,0.1521712989,0.1534646949349926,0.0012933960349925944
87950.00499999998,0.152235046,0.15351514568904298,0.0012800996890429683
88020.00499999998,0.1522357911,0.15356057823419875,0.0013247871341987572
88100.00499999998,0.1522847116,0.15361627200552475,0.0013315604055247343
88170.00499999998,0.1523573399,0.15366502496140594,0.0013076850614059388
88250.00499999998,0.1523862481,0.15372071094027373,0.0013344628402737202
88320.00499999998,0.1524499804,0.1537694611017953,0.0013194807017953003
88390.00499999998,0.1524996459,0.1538182035673462,0.001318557667346204
88470.00499999998,0.1525670886,0.15387392031021244,0.001306831710212425
88540.00499999998,0.1525871009,0.15392264860688612,0.0013355477068861255
88620.00499999998,0.1526426971,0.15397835371252175,0.0013356566125217462
88690.00499999998,0.1526760459,0.15402708002512946,0.0013510341251294633
88760.00499999998,0.1527427584,0.15407583370300232,0.0013330753030023068
88840.00499999998,0.1527768523,0.1541317967450508,0.0013549444450507986
88910.00499999998,0.1528131664,0.15418098792633572,0.0013678215263357163
88990.00499999998,0.1528954506,0.15423722961963945,0.0013417790196394441
89060.00499999998,0.1529503018,0.15428643619187932,0.0013361343918793234
89140.00499999998,0.1530029178,0.1543426673007624,0.001339749500762405
89210.00499999998,0.1530481279,0.15439186593615858,0.0013437380361585871
89280.00499999998,0.1530592442,0.15444105040980433,0.001381806209804326
89360.00499999998,0.1531081647,0.15449726830096105,0.0013891036009610613
89430.00499999998,0.1531808078,0.1545464861981177,0.0013656783981176868
89510.00499999998,0.1532215625,0.1546026986791901,0.0013811361791901122
89580.00499999998,0.1532993913,0.15465191829872096,0.0013525269987209598
89660.00499999998,0.1533075422,0.1547157272236163,0.0014081850236162818
89730.00499999998,0.1533749849,0.15477377404967047,0.001398789149670454
89800.00499999998,0.1534253955,0.15483179946625214,0.0014064039662521344
89880.00499999998,0.1534780115,0.15489812485939994,0.0014201133593999271
89950.00499999998,0.1535217464,0.1549561592575993,0.001434412857599321
90030.00499999998,0.1535995752,0.15502248766055315,0.0014229124605531496
90100.00499999998,0.1536395848,0.15507697691022157,0.0014373921102215637
90170.00499999998,0.1536788791,0.15513006725951595,0.0014511881595159482
90250.00499999998,0.1537389159,0.15519075079286243,0.0014518348928624358
90320.00499999998,0.1537856013,0.15524383720748056,0.001458235907480565
90400.00499999998,0.153862685,0.1553045277379883,0.001441842737988308
90470.00499999998,0.1539019793,0.15535761653690175,0.0014556372369017578
90550.00499999998,0.1539597958,0.1554183013403589,0.0014585055403588953
90620.00499999998,0.1540094614,0.1554713876739803,0.001461926273980313
90690.00499999998,0.1540650427,0.1555244851331666,0.001459442433166619
90770.00499999998,0.154146567,0.15558517682302894,0.0014386098230289301
90840.00499999998,0.1542051286,0.15563828367781626,0.0014331550778162727
90920.00499999998,0.1542310715,0.15570642959991268,0.0014753580999126714
90990.00499999998,0.1543081552,0.15576699936959354,0.0014588441695935483
91070.00499999998,0.1543533653,0.15583619567787463,0.0014828303778746388
91140.00499999998,0.1544096917,0.15589675454960278,0.0014870628496027882
91210.00499999998,0.1544430405,0.15595729394717506,0.001514253447175068
91290.00499999998,0.1545267999,0.15602650841162738,0.0014997085116273678
91360.00499999998,0.1545757204,0.1560870580933517,0.0015113376933516831
91440.00499999998,0.1546179652,0.15615625609534556,0.0015382908953455454
91510.00499999998,0.1546950489,0.15621682114508997,0.0015217722450899807
91590.00499999998,0.154758051,0.15628603393757787,0.0015279829375778597
91660.00499999998,0.1548151076,0.15634676007444537,0.0015316524744453663
91730.00499999998,0.1548714489,0.15640849303995227,0.0015370441399522594
91810.00499999998,0.1549381614,0.1564790350496452,0.001540873649645197
91880.00499999998,0.154961139,0.15654073617276287,0.0015795971727628755
91960.00499999998,0.1550337821,0.15661127692874457,0.0015774948287445856
92030.00499999998,0.1550960392,0.15667300489985445,0.001576965699854438
92100.00499999998,0.1551494002,0.15673473822294065,0.001585338022940641
92180.00499999998,0.1552012861,0.1568052752767507,0.0016039891767506975
92250.00499999998,0.1552813351,0.1568670073654304,0.00158567226543041
92330.00499999998,0.1553317308,0.15693754602003637,0.0016058152200363607
92400.00499999998,0.1553791612,0.1569992742459199,0.0016201130459198854
92480.00499999998,0.155448094,0.1570724503868807,0.0016243563868806876
92550.00499999998,0.1555192471,0.15714030664711,0.0016210595471100042
92620.00499999998,0.1555778086,0.157208150318441,0.0016303417184409807
92700.00499999998,0.1556385756,0.1572856925784323,0.0016471169784323114
92770.00499999998,0.1557215899,0.1573535605816011,0.0016319706816010915
92850.00499999998,0.155775696,0.15743109228067387,0.0016553962806738765
92920.00499999998,0.1558364779,0.15749895275600193,0.0016624748560019331
93000.00499999998,0.1559017152,0.15757653866608137,0.00167482346608136
93070.00499999998,0.1559706479,0.157644430020111,0.0016737821201109893
93140.00499999998,0.1560277045,0.15771232118132955,0.0016846166813295482
93220.00499999998,0.1561010927,0.15778991305324866,0.00168882035324866
93290.00499999998,0.1561826169,0.1578578231822626,0.0016752062822626146
93370.00499999998,0.1562463641,0.15793541588541699,0.0016890517854169784
93440.00499999998,0.1563071311,0.15800330747346164,0.0016961763734616442
93510.00499999998,0.1563634723,0.15807119977604378,0.00170772747604378
93590.00499999998,0.1564301699,0.1581487961399137,0.001718626239913701
93660.00499999998,0.1564991027,0.15821668380225634,0.001717581102256338
93740.00499999998,0.1565687656,0.15829595831122475,0.001727192711224762
93810.00499999998,0.1566503048,0.15836678106588073,0.0017164762658807287
93890.00499999998,0.1567073762,0.15844770359422156,0.001740327394221558
93960.00499999998,0.1567770392,0.15851851070880535,0.0017414715088053534
94030.00499999998,0.156846717,0.15858933029285582,0.0017426132928558269
94110.00499999998,0.156909734,0.1586702611671735,0.001760527167173509
94180.00499999998,0.1569949687,0.1587410760645578,0.0017461073645578251
94260.00499999998,0.15705055,0.1588220010635909,0.0017714510635908898
94330.00499999998,0.1571276337,0.15889281733418026,0.0017651836341802674
94410.00499999998,0.1572054625,0.15897374597826555,0.0017682834782655477
94480.00499999998,0.157281056,0.15904456527506272,0.001763509275062719
94550.00499999998,0.1573484987,0.1591186934863615,0.0017701947863615064
94630.00499999998,0.1574144661,0.15920488432858287,0.001790418228582863
94700.00499999998,0.157475248,0.1592803021076189,0.0018050541076188864
94780.00499999998,0.1575649232,0.159366504605129,0.0018015814051289825
94850.00499999998,0.1576286703,0.15944193630509065,0.001813266005090658
94930.00499999998,0.1577079743,0.1595281287343773,0.0018201544343773024
95000.00499999998,0.1577798724,0.15960355290971626,0.0018236805097162634
95070.00499999998,0.1578532457,0.15967897915184787,0.0018257334518478607
95150.00499999998,0.157917738,0.15976517121434297,0.0018474332143429695
95220.00499999998,0.1579918563,0.15984058179246435,0.0018487254924643426
95300.00499999998,0.158104524,0.15992682962188287,0.0018223056218828748
95370.00499999998,0.1581512094,0.16000953730565232,0.0018583279056523239
95440.00499999998,0.1582231075,0.16009225795801524,0.0018691504580152507
95520.00499999998,0.1583305746,0.16018681322227157,0.0018562386222715777
95590.00499999998,0.1583691239,0.1602695214970946,0.0019003975970946219
95670.00499999998,0.1584499031,0.16036404385890152,0.0019141407589015058
95740.00499999998,0.158510685,0.16044676807622843,0.0019360830762284176
95820.00499999998,0.1586315036,0.16054133463174627,0.001909831031746273
95890.00499999998,0.1587197036,0.16062407864525924,0.0019043750452592267
95960.00499999998,0.1587982625,0.1607068188438886,0.00190855634388859
96040.00499999998,0.1588738859,0.16080147803226294,0.0019275921322629286
96110.00499999998,0.1589146405,0.1608849123301784,0.001970271830178394
96190.00499999998,0.1590095162,0.16098029953338144,0.0019707833333814373
96260.00499999998,0.1590991914,0.1610637821053703,0.001964590705370306
96340.00499999998,0.1591644138,0.16115916027236898,0.0019947464723689967
96410.00499999998,0.1592555791,0.1612426452329114,0.0019870661329114137
96480.00499999998,0.1593593508,0.16132612708186528,0.0019667762818652845
96560.00499999998,0.1594557017,0.16142153459006656,0.001965832890066549
96630.00499999998,0.1594868302,0.16150498135715352,0.0020181511571535082
96710.00499999998,0.1595750302,0.16160036976131598,0.002025339561315981
96780.00499999998,0.1596876979,0.16168385929855023,0.001996161398550217
96850.00499999998,0.1597506851,0.16177049562930054,0.002019810529300531
96930.00499999998,0.1598589122,0.1618784295457083,0.0020195173457082938
97000.00499999998,0.1599478573,0.16197288495006787,0.0020250276500678732
97080.00499999998,0.1600234658,0.16208080005840556,0.0020573342584055687
97150.00499999998,0.1601027697,0.16217523237273812,0.0020724626727381124
97230.00499999998,0.16019319,0.1622831525045529,0.0020899625045529002
97300.00499999998,0.1602902859,0.16237759501393328,0.002087309113933289
97370.00499999998,0.1603688449,0.16247203244259656,0.0021031875425965574
97450.00499999998,0.1604459286,0.1625799421027809,0.0021340135027808904
97520.00499999998,0.1605504453,0.1626743877958723,0.0021239424958722775
97600.00499999998,0.160626784,0.162782300638816,0.0021555166388159963
97670.00499999998,0.1607357264,0.1628757507046228,0.0021400243046227896
97750.00499999998,0.1608358026,0.1629816870280495,0.0021458844280494993
97820.00499999998,0.1609151065,0.16307436563694042,0.002159259136940428
97890.00499999998,0.1609862596,0.1631670430513705,0.002180783451370516
97970.00499999998,0.1611219049,0.16327298572223187,0.0021510808222318656
98040.00499999998,0.1612086147,0.16336569413514024,0.0021570794351402356
98120.00499999998,0.1612768024,0.16347160537979133,0.002194802979791327
98190.00499999998,0.1613709331,0.16356429503603162,0.002193361936031618
98270.00499999998,0.1615006477,0.16367024319311155,0.002169595493111548
98340.00499999998,0.1615606844,0.16376292262715916,0.0022022382271591756
98410.00499999998,0.161645174,0.16385560381580444,0.0022104298158044378
98490.00499999998,0.1617711931,0.1639771003170718,0.002205907217071812
98560.00499999998,0.1618601233,0.16408787101875702,0.0022277477187570283
98640.00499999998,0.1619690806,0.16421013725104072,0.0022410566510407126
98710.00499999998,0.1620587707,0.16431088417450532,0.002252113474505324
98780.00499999998,0.1621217579,0.1644115997168111,0.0022898418168111057
98860.00499999998,0.1622685194,0.16452673807016518,0.0022582186701651796
98930.00499999998,0.1623115093,0.16462744389833342,0.00231593459833343
99010.00499999998,0.1624604762,0.16474258973767683,0.002282113537676822
99080.00499999998,0.1625145823,0.164843307758432,0.0023287254584320183
99160.00499999998,0.1626346558,0.16495842306540717,0.002323767265407173
99230.00499999998,0.1627369523,0.16505916491840902,0.0023222126184090364
99300.00499999998,0.1628377587,0.1651599084300005,0.0023221497300005
99380.00499999998,0.1629519016,0.16527504926347789,0.0023231476634778814
99450.00499999998,0.1630534381,0.16537720081559892,0.0023237627155989204
99530.00499999998,0.1631364524,0.16549513828311738,0.002358685883117384
99600.00499999998,0.1632639319,0.1655983547733215,0.002334422873321501
99680.00499999998,0.1633476913,0.16571628485107837,0.0023685935510783795
99750.00499999998,0.1634714603,0.165819509384721,0.002348049084720999
99820.00499999998,0.1635277867,0.16592269692775233,0.002394910227752317
99900.00499999998,0.1636708379,0.16604066206641882,0.0023698241664188158
99970.00499999998,0.1637523919,0.166143858084146,0.0023914661841460128
100050.00499999998,0.1638657898,0.16626179676255565,0.0023960069625556524
100120.00499999998,0.1639903039,0.1663650283017984,0.002374724401798395
100190.00499999998,0.1640881449,0.1664682372908712,0.002380092390871197
100270.00499999998,0.1641896814,0.166588859628113,0.0023991782281130025
100340.00499999998,0.1643193811,0.16669519181718384,0.002375810717183846
100420.00499999998,0.1643868387,0.1668166907006979,0.0024298520006978963
100490.00499999998,0.1645202488,0.16692302878956744,0.0024027799895674495
100570.00499999998,0.1646373719,0.16704453726984064,0.002407165369840647
100640.00499999998,0.1647122204,0.1671508436936595,0.0024386232936595142
100710.00499999998,0.1648263633,0.1672571666837679,0.0024308033837678877
100790.00499999998,0.1649442166,0.1673786782515574,0.0024344616515573902
100860.00499999998,0.1650494635,0.1674849970650958,0.0024355335650957932
100940.00499999998,0.1651584208,0.16760650698261742,0.0024480861826174094
101010.00499999998,0.1652984917,0.1677128618119636,0.002414370111963604
101090.00499999998,0.1654059738,0.16783972249275333,0.0024337486927533403
101160.00499999998,0.1654800922,0.16795068478011546,0.0024705925801154494
101230.00499999998,0.165620178,0.16806170885185903,0.002441530851859025
101310.00499999998,0.1657291353,0.16818856424458656,0.0024594289445865614
101380.00499999998,0.1658136249,0.168299547671478,0.002485922771477994
101460.00499999998,0.1659544557,0.16842640681835117,0.002471951118351162
101530.00499999998,0.16603598,0.1685373948838309,0.0025014148838309047
101610.00499999998,0.1661649495,0.16866424158785726,0.0024992920878572633
101680.00499999998,0.1662761271,0.1687752413112447,0.002499114211244685
101750.00499999998,0.1663962007,0.16888624735583285,0.002490046655832856
101830.00499999998,0.166496262,0.16901333629781426,0.0025170742978142535
101900.00499999998,0.1666230112,0.16912518774660984,0.0025021765466098356
101980.00499999998,0.1667171419,0.16925299048163148,0.0025358485816314724
102050.00499999998,0.1668661237,0.16936485446153288,0.002498730761532869
102120.00499999998,0.166930601,0.16947668075390815,0.002546079753908137
102200.00499999998,0.1670573354,0.169604488443598,0.0025471530435979828
102270.00499999998,0.1672011316,0.16971635754616785,0.0025152259461678483
102350.00499999998,0.1672863662,0.1698441558720513,0.0025577896720512805
102420.00499999998,0.1674042195,0.1699559985772583,0.002551779077258287
102500.00499999998,0.1675361544,0.17008381959142557,0.0025476651914255743
102570.00499999998,0.1676532626,0.1701956669948202,0.0025424043948202024
102640.00499999998,0.1677792668,0.17031744786687972,0.0025381810668797244
102720.00499999998,0.1679008156,0.17045386922516917,0.002553053625169166
102790.00499999998,0.1680068076,0.17057323278499897,0.0025664251849989717
102870.00499999998,0.1681261361,0.17070965298103755,0.0025835168810375564
102940.00499999998,0.168223232,0.17082901412836243,0.0026057821283624327
103020.00499999998,0.1683447808,0.17096542775805315,0.002620646958053141
103090.00499999998,0.1685011834,0.17108482395074248,0.0025836405507424776
103160.00499999998,0.1685797572,0.1712041838106062,0.0026244266106061898
103240.00499999998,0.1687094569,0.17134060223497863,0.0026311453349786296
103310.00499999998,0.1688191444,0.17145997181585976,0.002640827415859748
103390.00499999998,0.1689540446,0.1715963868787645,0.0026423422787645034
103460.00499999998,0.1690859795,0.17171395779385643,0.0026279782938564145
103530.00499999998,0.1691623181,0.1718301284289729,0.002667810328972925
103610.00499999998,0.1692957282,0.17196291509077025,0.002667186890770251
103680.00499999998,0.1694135964,0.1720791128142313,0.002665516414231295
103760.00499999998,0.1695418209,0.17221189929099717,0.0026700783909971715
103830.00499999998,0.1696678102,0.17232810432151316,0.002660294121513168
103910.00499999998,0.1697997451,0.17246091301550323,0.002661167915503221
103980.00499999998,0.1699190736,0.17257710373644988,0.002658030136449885
104050.00499999998,0.1700398922,0.17269331655738898,0.002653424357388995
104130.00499999998,0.17015329,0.1728261174717601,0.002672827471760092
104200.00499999998,0.1702667028,0.1729423038302497,0.0026756010302496913
104280.00499999998,0.1704008579,0.17307912805890968,0.0026782701589096736
104350.00499999998,0.170516476,0.17319999032317066,0.002683514323170655
104430.00499999998,0.1706417352,0.17333812587935513,0.0026963906793551207
104500.00499999998,0.1707558781,0.17345899817003355,0.002703120070033538
104570.00499999998,0.1708744615,0.173579870099122,0.0027054085991220223
104650.00499999998,0.1710278839,0.17371803116373927,0.0026901472637392565
104720.00499999998,0.1711168289,0.1738388819897276,0.0027220530897276163
104800.00499999998,0.1712495238,0.17397701700312704,0.0027274932031270405
104870.00499999998,0.1713851541,0.17409790885923143,0.0027127547592314394
104950.00499999998,0.1715155989,0.17423606945543008,0.0027204705554300657
105020.00499999998,0.1716178805,0.17435694027003915,0.0027390597700391595
105090.00499999998,0.1717268378,0.17448397809289923,0.002757140292899224
105170.00499999998,0.1718928665,0.1746291670948704,0.0027363005948704
105240.00499999998,0.1719914377,0.17475617939594898,0.00276474169594898
105320.00499999998,0.1721441299,0.17490137264643488,0.002757242746434879
105390.00499999998,0.1722656935,0.17502841343670095,0.002762719936700936
105460.00499999998,0.1723605543,0.17515542839381862,0.0027948740938186223
105540.00499999998,0.1724917442,0.17530060414024748,0.002808859940247488
105610.00499999998,0.1726221889,0.1754276339124475,0.002805445012447505
105690.00499999998,0.1727719158,0.17557283046179326,0.0028009146617932468
105760.00499999998,0.1728771627,0.17569984526647425,0.0028226825664742494
105840.00499999998,0.1730387509,0.17585310121866127,0.0028143503186612573
105910.00499999998,0.1731602997,0.17600800757901652,0.002847707879016531
105980.00499999998,0.1732951999,0.17615240915362348,0.0028572092536234828
106060.00499999998,0.1733878404,0.17630847290694066,0.0029206325069406625
106130.00499999998,0.1735234857,0.17644503424272454,0.002921548542724528
106210.00499999998,0.173676908,0.17660113300132652,0.0029242250013265247
106280.00499999998,0.1737784445,0.17673769325322783,0.002959248753227839
106360.00499999998,0.1739400327,0.17689377883382157,0.002953746133821572
106430.00499999998,0.1740727127,0.17703036794672666,0.0029576552467266704
106500.00499999998,0.1742224246,0.17716696455700748,0.0029445399570074693
106580.00499999998,0.174341023,0.1773230407875138,0.00298201778751378
106650.00499999998,0.1744996309,0.1774596497850357,0.0029600188850356923
106730.00499999998,0.1746085733,0.17761572428744413,0.0030071509874441404
106800.00499999998,0.174747929,0.17775788940247794,0.003009960402477946
106870.00499999998,0.1748791188,0.1779009581094248,0.0030218393094247897
106950.00499999998,0.1750095785,0.178064445596215,0.003054867096214997
107020.00499999998,0.1751615107,0.1782075370234501,0.0030460263234501073
107100.00499999998,0.1753090024,0.17837104012510266,0.003062037725102662
107170.00499999998,0.17542018,0.17851408118452267,0.003093901184522657
107250.00499999998,0.1755928844,0.17867760166413713,0.0030847172641371157
107320.00499999998,0.175713703,0.1788206695110175,0.003106966511017495
107390.00499999998,0.1758174747,0.17896371475071823,0.0031462400507182298
107470.00499999998,0.1760116667,0.1791272493858988,0.003115582685898788
107540.00499999998,0.1761176437,0.17927034929227276,0.0031527055922727643
107620.00499999998,0.1763177663,0.17944937699308589,0.0031316106930858734
107690.00499999998,0.1764081866,0.17960598253535526,0.0031977959353552687
107770.00499999998,0.1765823811,0.17978498458473008,0.0032026034847300877
107840.00499999998,0.1767009646,0.17994159959605827,0.003240634996058256
107910.00499999998,0.1768506914,0.18009821629774225,0.0032475248977422433
107990.00499999998,0.1770196706,0.1802772092889325,0.0032575386889324986
108060.00499999998,0.1771605015,0.18043384255715356,0.003273341057153545
108140.00499999998,0.1772939116,0.18061282652526697,0.0033189149252669803
108210.00499999998,0.1774562448,0.18076947537654703,0.0033132305765470327
108290.00499999998,0.1776230037,0.18094848850154163,0.0033254848015416283
108360.00499999998,0.1777215898,0.18110976958951083,0.0033881797895108368
108430.00499999998,0.1779046506,0.18128255983531896,0.003377909235318971
108510.00499999998,0.1780425161,0.18148002568993477,0.003437509589934773
108580.00499999998,0.1782048345,0.1816528500761764,0.003448015576176411
108660.00499999998,0.1783894002,0.18185036321342204,0.0034609630134220526
108730.00499999998,0.178546533,0.18202317034036408,0.003476637340364075
108800.00499999998,0.1786762327,0.18219798676344698,0.0035217540634469857
108880.00499999998,0.1788667142,0.18240086621970264,0.003534152019702641
108950.00499999998,0.1790053248,0.18257837987135236,0.00357305507135236
109030.00499999998,0.1791995168,0.18278127512046902,0.003581758320469003
109100.00499999998,0.1793396026,0.1829587897586148,0.003619187158614784
109180.00499999998,0.1795174927,0.1831616575046872,0.0036441648046871833
109250.00499999998,0.179697603,0.18333918911789246,0.003641586117892448
109320.00499999998,0.1798354536,0.183516697270416,0.003681243670416001
109400.00499999998,0.1800177842,0.1837195790051629,0.003701794805162889
109470.00499999998,0.1801793724,0.18389709945123864,0.0037177270512386285
109550.00499999998,0.1803906113,0.18410000128676307,0.0037093899867630675
109620.00499999998,0.1805403382,0.18429220151153095,0.003751863311530934
109700.00499999998,0.1806982011,0.18451841457813142,0.0038202134781314123
109770.00499999998,0.1808812767,0.1847163743171976,0.0038350976171975804
109840.00499999998,0.1810376793,0.18491432096618454,0.003876641666184538
109920.00499999998,0.1812407523,0.185140575343546,0.003899823043545997
109990.00499999998,0.1813978851,0.18533854291610447,0.003940657816104476
110070.00499999998,0.1816217303,0.1855648102345714,0.003943079934571381
110140.00499999998,0.1817944199,0.18576279623447436,0.0039683763344743606
110210.00499999998,0.1819708347,0.1859607824526243,0.00398994775262429
110290.00499999998,0.1821642816,0.18618764991809938,0.0040233683180993796
110360.00499999998,0.1823429018,0.18638776607385377,0.004044864273853754
110440.00499999998,0.182538569,0.18661644295912544,0.004077873959125428
110510.00499999998,0.182726115,0.18681654468613496,0.004090429686134961
110590.00499999998,0.1829099208,0.18704519720818127,0.004135276408181288
110660.00499999998,0.1831293106,0.18724532736474372,0.004116016764743713
110730.00499999998,0.1833020002,0.18744544810785743,0.004143447907857423
110810.00499999998,0.1835191697,0.18767414458575502,0.004154974885755003
110880.00499999998,0.1836622357,0.18787420718193756,0.004211971481937554
110960.00499999998,0.1839016378,0.18810290103865382,0.0042012632386538296
111030.00499999998,0.1840698719,0.18830298442663357,0.004233112526633581
111110.00499999998,0.1843226254,0.1885512482545432,0.004228622854543201
111180.00499999998,0.1844960749,0.1887854120813127,0.004289337181312691
111250.00499999998,0.1846835911,0.18901954208976662,0.004335950989766635
111330.00499999998,0.1849014908,0.1892745767452577,0.0043730859452576765
111400.00499999998,0.1851016134,0.18949413668466228,0.004392523284662275
111480.00499999998,0.1853365749,0.18974507775068383,0.0044085028506838375
111550.00499999998,0.1855529994,0.18996466801285053,0.004411668612850528
111630.00499999998,0.1857301444,0.19021556691209865,0.004485422512098658
111700.00499999998,0.1859243363,0.19043510270197972,0.004510766401979727
111770.00499999998,0.1861511469,0.19065469589850004,0.004503548998500029
111850.00499999998,0.1864038855,0.19090565294814063,0.004501767448140626
111920.00499999998,0.186568439,0.19112520508378517,0.004556766083785163
112000.00499999998,0.1868026406,0.1913761062893063,0.004573465689306305
112070.00499999998,0.1870146394,0.19159569154589817,0.0045810521458981845
112140.00499999998,0.1872369945,0.19182550724337752,0.004588512743377515
112220.00499999998,0.1874926984,0.1920881742720739,0.004595475872073901
112290.00499999998,0.1876713187,0.1923179823368392,0.004646663636839188
112370.00499999998,0.1879151911,0.19258060261373355,0.004665411513733564
112440.00499999998,0.188117519,0.1928103971831762,0.00469287818317618
112520.00499999998,0.1883658171,0.1930730154665377,0.004707198366537713
112590.00499999998,0.1886193007,0.19330287465302748,0.004683573953027487
112660.00499999998,0.1888327748,0.19353272882448308,0.004699954024483088
112740.00499999998,0.189047724,0.19379534571228724,0.004747621712287237
112810.00499999998,0.1892900765,0.19402516463317318,0.004735088133173193
112890.00499999998,0.1895332038,0.1942880543170655,0.004754850517065506
112960.00499999998,0.1897674203,0.19451873531253258,0.004751315012532592
113040.00499999998,0.1900275648,0.19478236613259547,0.004754801332595482
113110.00499999998,0.1902388036,0.1950130411060805,0.004774237506080498
113180.00499999998,0.1904404163,0.19524367902115675,0.004803262721156748
113260.00499999998,0.190702796,0.19550727826194433,0.004804482261944326
113330.00499999998,0.1909570247,0.1957379566666693,0.0047809319666692884
113410.00499999998,0.1911927313,0.19600155373357026,0.004808822433570253
113480.00499999998,0.1914247274,0.19623222991153758,0.004807502511537581
113550.00499999998,0.19166857,0.19646292100771706,0.0047943510077170515
113630.00499999998,0.191898331,0.1967265239414075,0.004828192941407489
113700.00499999998,0.1921429336,0.19695237681238925,0.004809443212389242
113780.00499999998,0.1924171746,0.19720325647259115,0.004786081872591164
113850.00499999998,0.1926402599,0.19742279444584288,0.004782534545842876
113930.00499999998,0.1929071099,0.19767368439288027,0.00476657449288026
114000.00499999998,0.1931250095,0.19789319153553675,0.00476818203553675
114070.00499999998,0.193359971,0.19811269722847702,0.004752726228477028
114150.00499999998,0.1936312467,0.1983635828253729,0.004732336125372882
114220.00499999998,0.1938647181,0.1985831076727697,0.00471838957276971
114300.00499999998,0.1941159815,0.19883398174344546,0.004718000243445458
114370.00499999998,0.1943731755,0.19905351268915308,0.004680337189153089
114450.00499999998,0.194608137,0.19930439411481976,0.004696257114819774
114520.00499999998,0.1948304921,0.1995265546063591,0.004696062506359094
114590.00499999998,0.1950609982,0.19974975881415263,0.004688760614152632
114670.00499999998,0.1953233927,0.2000048709932141,0.004681478293214109
114740.00499999998,0.1955420375,0.20022808562272368,0.0046860481227236905
114820.00499999998,0.1958133131,0.20048317641880695,0.004669863318806949
114890.00499999998,0.1960453093,0.20070641175341927,0.004661102453419275
114970.00499999998,0.1962854564,0.20096150318512737,0.004676046785127369
115040.00499999998,0.1965159625,0.20118470652702464,0.004668744027024635
115110.00499999998,0.1967753768,0.20140795780827137,0.0046325810082713526
115190.00499999998,0.1970095932,0.20166305259394504,0.004653459393945042
115260.00499999998,0.1972482651,0.20188628312159096,0.004638018021590973
115340.00499999998,0.1974795014,0.202143092491636,0.004663591091635999
115410.00499999998,0.1977389306,0.20236802857978425,0.004629097979784252
115480.00499999998,0.1979472041,0.20259294220473917,0.004645738104739172
115560.00499999998,0.1981791854,0.2028499427196977,0.004670757319697683
115630.00499999998,0.1984319538,0.2030748765742055,0.004642922774205499
115710.00499999998,0.1986624599,0.20333190118294395,0.0046694412829439425
115780.00499999998,0.198867023,0.20355679184074,0.0046897688407399885
115860.00499999998,0.1991723925,0.20381390149161624,0.00464150899161625
115930.00499999998,0.1993517727,0.2040387997488271,0.0046870270488270915
116000.00499999998,0.1996030211,0.20426373909496878,0.004660717994968783
116080.00499999998,0.199875772,0.2045220922821968,0.004646320282196803
116150.00499999998,0.2000462711,0.2047556644816003,0.004709393381600285
116230.00499999998,0.2002945542,0.2050226012534643,0.0047280470534643015
116300.00499999998,0.2005561888,0.20525624412286886,0.004700055322868851
116380.00499999998,0.2008215487,0.20552326777246419,0.004701719072464194
116450.00499999998,0.2010113001,0.2057568519645222,0.004745551864522191
116520.00499999998,0.2012603283,0.20599049165067762,0.0047301633506776075
116600.00499999998,0.2015108466,0.20625749005994884,0.004746643459948852
116670.00499999998,0.2017176449,0.2064911135464757,0.004773468646475709
116750.00499999998,0.2019429654,0.20675806181057585,0.004815096410575842
116820.00499999998,0.2021645755,0.20699166205505584,0.004827086555055843
116890.00499999998,0.2024025172,0.20723295825599133,0.004830441055991341
116970.00499999998,0.2026619315,0.20752963270509986,0.004867701205099856
117040.00499999998,0.2028835416,0.20778496826644285,0.00490142666644286
117120.00499999998,0.2031392455,0.20807677957450357,0.004937534074503563
117190.00499999998,0.2033675462,0.20833214245618312,0.004964596256183118
117270.00499999998,0.2036247253,0.20862396881449782,0.00499924351449782
117340.00499999998,0.2038626522,0.2088793433027644,0.005016691102764398
117410.00499999998,0.2040991038,0.2091347234398049,0.0050356196398049224
117490.00499999998,0.2043170035,0.20942651570241194,0.005109512202411931
117560.00499999998,0.2045771629,0.2096818748177421,0.0051047119177420885
117640.00499999998,0.2048499286,0.2099737225499498,0.005123793949949801
117710.00499999998,0.2050544918,0.2102290457166742,0.005174553916674207
117790.00499999998,0.2053324282,0.2105316384356783,0.005199210235678292
117860.00499999998,0.20557037,0.21081195887596538,0.005241588875965375
117930.00499999998,0.2058268189,0.21109227932931468,0.005265460429314667
118010.00499999998,0.206092149,0.21141267837024055,0.005320529370240551
118080.00499999998,0.2063263804,0.21169299685783058,0.00536661645783057
118160.00499999998,0.206596911,0.21201336338522553,0.005416452385225534
118230.00499999998,0.2068585455,0.2122937095546283,0.005435164054628322
118310.00499999998,0.2071024179,0.21261406142716321,0.0055116435271632125
118380.00499999998,0.2073692381,0.21289438064043473,0.005525142540434735
118450.00499999998,0.2076108605,0.21317470672517794,0.005563846225177943
118530.00499999998,0.2078851163,0.21349505832276214,0.005609942022762132
118600.00499999998,0.20818232,0.2137952400966485,0.005612920096648488
118680.00499999998,0.2084276527,0.21415498532990046,0.005727332629900467
118750.00499999998,0.2086826265,0.21446975522543799,0.00578712872543799
118820.00499999998,0.2089665085,0.21478458730614697,0.005818078806146959
118900.00499999998,0.2092511207,0.21514437702462397,0.00589325632462398
118970.00499999998,0.2094808966,0.2154591430703662,0.005978246470366211
119050.00499999998,0.2097818106,0.2158266722352049,0.006044861635204901
119120.00499999998,0.2100716084,0.21615952629772725,0.006087917897727252
119200.00499999998,0.2104088664,0.21653998467681532,0.006131118276815312
119270.00499999998,0.2106779069,0.21687287406925296,0.006194967169252968
119340.00499999998,0.2109410465,0.21720571943168474,0.006264672931684728
119420.00499999998,0.2112664282,0.2175861649894127,0.006319736789412694
119490.00499999998,0.2115443647,0.2179190369780112,0.006374672278011223
119570.00499999998,0.2118615955,0.21829942832388166,0.006437832823881662
119640.00499999998,0.2121684551,0.21863231647749418,0.00646386137749419
119720.00499999998,0.2124871761,0.2190127303002557,0.00652555420025569
119790.00499999998,0.2127673328,0.21934558085260472,0.006578248052604735
119860.00499999998,0.2130727023,0.21967386191300528,0.006601159613005281
119940.00499999998,0.2134373784,0.2200452134389228,0.006607835038922816
120010.00499999998,0.2137234658,0.22037010969918555,0.006646643899185539
120090.00499999998,0.2141014934,0.22074145031385348,0.0066399569138534675
120160.00499999998,0.2144083381,0.22106638767569925,0.0066580495756992375
120230.00499999998,0.2147218734,0.2213912935722776,0.00666942017227759
120310.00499999998,0.2150820792,0.2217626415333064,0.006680562333306411
120380.00499999998,0.2153763473,0.22208754293807798,0.0067111956380779825
120460.00499999998,0.2157498896,0.22245884636663005,0.006708956766630053
120530.00499999998,0.2161012292,0.22278378649995215,0.006682557299952152
120610.00499999998,0.2164696008,0.2231551201114247,0.0066855193114246925
120680.00499999998,0.2167971879,0.22342349696200953,0.006626309062009533
120750.00499999998,0.2171485275,0.22367797536438838,0.006529447864388388
120830.00499999998,0.2174939215,0.22395535441987266,0.006461432919872667
120900.00499999998,0.2178541422,0.22419809988902079,0.006343957689020796
120980.00499999998,0.2182440013,0.2244755273455553,0.006231526045555297
121050.00499999998,0.218570143,0.22471825440534562,0.00614811140534563
121130.00499999998,0.2189718485,0.22499569649375079,0.006023847993750775
121200.00499999998,0.2192883492,0.22523839919281466,0.005950049992814649
121270.00499999998,0.2196537554,0.22548118788518748,0.005827432485187467
121350.00499999998,0.2200428843,0.22575864150303407,0.0057157572030340775
121420.00499999998,0.2203526944,0.2260013606294289,0.005648666229428917
121500.00499999998,0.2207247913,0.22627877315142358,0.005553981851423584
121570.00499999998,0.2210723907,0.22646054344888547,0.005388152748885461
121650.00499999998,0.2214511484,0.22664000262461764,0.0051888542246176506
121720.00499999998,0.2217253894,0.2267969920143468,0.005071602614346804
121790.00499999998,0.222058937,0.22695400583764075,0.004895068837640737
121870.00499999998,0.2224161774,0.22713346668680437,0.004717289286804371
121940.00499999998,0.2227148861,0.2272904865625591,0.004575600462559087
122020.00499999998,0.2230195105,0.22746992833405213,0.004450417834052145
122090.00499999998,0.223315984,0.22762696628855206,0.004310982288552062
122160.00499999998,0.223582834,0.2277839989965973,0.004201164996597284
122240.00499999998,0.2238674462,0.227963430481802,0.004095984281802023
122310.00600000002,0.22412242,0.22812043475610622,0.003998014756106227
122390.00600000002,0.2244463116,0.22828469064952783,0.003838379049527829
122460.00600000002,0.2246590257,0.22838897375174533,0.003729948051745341
122540.00600000002,0.2249384671,0.22850813776819548,0.003569670668195468
122610.00600000002,0.2251660079,0.2286124270803907,0.0034464191803907085
122680.00600000002,0.2253661305,0.22871669190946,0.0033505614094599956
122760.00600000002,0.2255899757,0.228835852063716,0.0032458763637160104
122830.00600000002,0.225787878,0.22894012352133217,0.00315224552133217
122910.00600000002,0.2260161638,0.22905930670233718,0.003043142902337176
122980.00600000002,0.2262192518,0.22916362041733365,0.002944368617333659
123060.00600000002,0.2264586538,0.22923916536267863,0.002780511562678639
123130.00600000002,0.2265527844,0.22931143064986617,0.002758646249866159
123200.00600000002,0.2267128825,0.22939080773292916,0.0026779252329291736
123280.00600000002,0.2269374728,0.22948158933349727,0.0025441165334972593
123350.00600000002,0.2270731032,0.22956099720299694,0.0024878940029969543
123430.00600000002,0.2272257954,0.22965173744028441,0.002425942040284401
123500.00600000002,0.2273532748,0.22973114588513988,0.002377871085139871
123570.00600000002,0.2274777889,0.22981054141969046,0.002332752519690451
123650.00600000002,0.227611959,0.22990129464930434,0.002289335649304336
123720.00600000002,0.2277312875,0.2299807071087301,0.0022494196087300966
123800.00600000002,0.2278950959,0.23007148930417665,0.0021763934041766353
123870.00600000002,0.2279773653,0.23015083466448433,0.002173469364484315
123950.00600000002,0.2281144708,0.23022492176548612,0.0021104509654861214
124020.00600000002,0.2282308489,0.23028975259717713,0.0020589036971771224
124090.00600000002,0.2283420265,0.23035458635555436,0.0020125598555543744
124170.00600000002,0.2284317166,0.23042865038528185,0.001996933785281846
124240.00600000002,0.2285658717,0.23049350383135095,0.0019276321313509426
124320.00600000002,0.2286555469,0.23056758408844977,0.0019120371884497611
124390.00600000002,0.2287496775,0.23063241532938877,0.0018827378293887753
124470.00600000002,0.22886011,0.23070652271138797,0.001846412711387968
124540.00600000002,0.2289142162,0.2307713390967016,0.0018571228967016185
124610.00600000002,0.2290083617,0.23083617177923213,0.001827810079232134
124690.00600000002,0.2291099131,0.2309085712126561,0.0017986581126560874
124760.00600000002,0.2291825414,0.23096750337891697,0.0017849619789169768
124840.00600000002,0.229276672,0.23103486247942973,0.0017581904794297387
124910.00600000002,0.229355976,0.2310938030515243,0.00173782705152431
124990.00600000002,0.229444176,0.23116116345449278,0.00171698745449278
125060.00600000002,0.2295071781,0.2312201047663937,0.0017129266663937215
125130.00600000002,0.2295827866,0.23127904713559183,0.0016962605355918259
125210.00600000002,0.2296724617,0.23134641468385644,0.001673952983856447
125280.00600000002,0.2297599316,0.23140536903617895,0.0016454374361789537
125360.00600000002,0.2298007011,0.23147271709394554,0.001672015993945536
125430.00600000002,0.2298770398,0.2315316697680863,0.0016546299680863241
125500.00600000002,0.229931891,0.23159120476427736,0.0016593137642773592
125580.00600000002,0.2300067544,0.23166012914398254,0.0016533747439825275
125650.00600000002,0.2300682664,0.2317204266300321,0.0016521602300320903
125730.00600000002,0.2301156968,0.23178934679640142,0.0016736499964014329
125800.00600000002,0.2302053869,0.23184967917415406,0.0016442922741540522
125880.00600000002,0.2302668989,0.23191861582104498,0.0016517169210449878
125950.00600000002,0.2303276807,0.23197892770487127,0.0016512470048712646
126020.00600000002,0.230402559,0.23203924831800524,0.00163668931800523
126100.00600000002,0.2304566652,0.2321081785947349,0.0016515133947349048
126170.00600000002,0.2305181772,0.23216850617584572,0.0016503289758457163
126250.00600000002,0.2305893302,0.23223743528572086,0.001648105085720858
126320.00600000002,0.2306604832,0.23229869567059988,0.0016382124705998924
126400.00600000002,0.2307064384,0.23236911798095441,0.0016626795809544237
126470.00600000002,0.2307835221,0.2324307480984904,0.0016472259984904036
126540.00600000002,0.2308235466,0.23249236843209928,0.0016688218320992654
126620.00600000002,0.2309043258,0.23256280487831651,0.0016584790783165104
126690.00600000002,0.2309554666,0.23262443132635796,0.0016689647263579688
126770.00600000002,0.2310303301,0.2326948686401043,0.0016645385401043156
126840.00600000002,0.2310874164,0.23275649049353972,0.0016690740935397241
126910.00600000002,0.2311526388,0.23281813062384776,0.001665491823847759
126990.00600000002,0.2312141508,0.23288857319885825,0.0016744223988582607
127060.00600000002,0.2312682569,0.23295020652530582,0.001681949625305823
127140.00600000002,0.231331259,0.2330478533530847,0.0017165943530846883
127210.00600000002,0.2313794345,0.2331366277902256,0.0017571932902255838
127290.00600000002,0.2314535528,0.23323809587594627,0.0017845430759462766
127360.00600000002,0.2315113693,0.23331759294915946,0.0018062236491594719
127430.00600000002,0.2315684408,0.23339343441783994,0.0018249936178399428
127510.00600000002,0.2316469997,0.23348011946242475,0.0018331197624247564
127580.00600000002,0.2317129672,0.23355596580407256,0.0018429986040725543
127660.00600000002,0.2317774594,0.23364263997757423,0.0018651805775742325
127730.00600000002,0.2318352759,0.23371848812197352,0.0018832122219735181
127810.00600000002,0.2319190353,0.23380518303466197,0.0018861477346619748
127880.00600000002,0.2320020497,0.2338810471353849,0.001878997435384916
127950.00600000002,0.2320265025,0.23395687980673405,0.001930377306734038
128030.00600000002,0.2321198881,0.23404357566948866,0.001923687569488658
128100.00600000002,0.2322051227,0.23411944613524205,0.0019143234352420602
128180.00600000002,0.2322725803,0.23424491995864405,0.0019723396586440456
128250.00600000002,0.2323229909,0.2343594264971313,0.002036435597131292
128330.00600000002,0.2324015498,0.23448283385369093,0.0020812840536909294
128400.00600000002,0.2324823588,0.23458991149727396,0.0021075526972739456
128470.00600000002,0.2325253487,0.23469694811629377,0.0021715994162937735
128550.00600000002,0.2326187342,0.23481930133632517,0.00220056713632516
128620.00600000002,0.2327165753,0.23492638490491463,0.0022098096049146254
128700.00600000002,0.2327558547,0.2350487156569648,0.0022928609569648206
128770.00600000002,0.2328321934,0.2351557786577654,0.0023235852577654093
128840.00600000002,0.2329129875,0.23526282910819535,0.0023498416081953466
128920.00600000002,0.2330182344,0.23538519887226914,0.0023669644722691396
128990.00600000002,0.2331353277,0.2354922957898682,0.0023569680898681833
129070.00600000002,0.2332153916,0.23565068223470115,0.0024352906347011594
129140.00600000002,0.2332746983,0.23579846084947784,0.002523762549477837
129220.00600000002,0.2334058732,0.2359674113478533,0.0025615381478532873
129290.00600000002,0.233457759,0.2361151822929593,0.0026574232929593156
129360.00600000002,0.2335429937,0.23626299626383304,0.002720002563833035
129440.00600000002,0.233634159,0.2364319297654303,0.0027977707654302797
129510.00600000002,0.2337349504,0.2365797484359177,0.002844798035917695
129590.00600000002,0.2338431627,0.23674868707670663,0.0029055243767066308
129660.00600000002,0.2339476794,0.23689650688927605,0.0029488274892760513
129740.00600000002,0.2340284735,0.23706540308420201,0.003036929584202014
129810.00600000002,0.2341744751,0.23721326106756907,0.0030387859675690687
129880.00600000002,0.2342767864,0.23736972303477724,0.003092936634777249
129960.00600000002,0.2343768626,0.23760620469683796,0.0032293420968379505
130030.00600000002,0.2345139831,0.23781317112826478,0.003299188028264788
130110.00600000002,0.2346333116,0.23804968808058957,0.003416376480589567
130180.00600000002,0.2347355932,0.23825659322528403,0.0035210000252840212
130250.00600000002,0.2348682433,0.23846354901403388,0.0035953057140338807
130330.00600000002,0.2349875718,0.23870003887723523,0.003712467077235243
130400.00600000002,0.2351150662,0.2389069631233044,0.003791896923304394
130480.00600000002,0.2353025824,0.23914350607855056,0.003840923678550573
130550.00600000002,0.2354070991,0.2393504458403601,0.003943346740360121
130630.00600000002,0.2355523854,0.23962770192939917,0.004075316529399159
130700.00600000002,0.2357250899,0.23990568516071487,0.0041805952607148755
130770.00600000002,0.2358733267,0.2401836572076885,0.0043103305076885035
130850.00600000002,0.2360393554,0.24050133203996318,0.004461976639963172
130920.00600000002,0.2361779362,0.240779285575812,0.004601349375811997
131000.00600000002,0.2363647074,0.24109696007959408,0.004732252679594068
131070.00600000002,0.2365285307,0.24137491188029583,0.0048463811802958445
131150.00600000002,0.2367101163,0.24169258867736507,0.004982472377365071
131220.00600000002,0.236912474,0.24199767598643324,0.005085201986433224
131290.00600000002,0.2370948046,0.24236942321361896,0.00527461861361897
131370.00600000002,0.23732014,0.24279429998435706,0.0054741599843570465
131440.00600000002,0.2374980003,0.24316604231340944,0.0056680420134094245
131520.00600000002,0.2377381474,0.24359090934644864,0.0058527619464486536
131590.00600000002,0.2379323393,0.24396263730340637,0.006030298003406376
131670.00600000002,0.2381724864,0.2443874810130132,0.006214994613013197
131740.00600000002,0.2383911461,0.2447592066871346,0.0063680605871346
131810.00600000002,0.2386046201,0.2451308861288315,0.0065262660288314955
131890.00600000002,0.2388847917,0.24564626749173982,0.006761475791739829
131960.00600000002,0.2391471714,0.24614430501106563,0.006997133611065631
132040.00600000002,0.2394184321,0.24671339189513805,0.007294959795138056
132110.00600000002,0.2397112399,0.24721140868567384,0.007500168785673833
132180.00600000002,0.2399639636,0.2477094178807956,0.007745454280795594
132260.00600000002,0.2402915806,0.2482785530005934,0.0079869724005934
132330.00600000002,0.2405650765,0.24877654928459353,0.008211472784593526
132410.00600000002,0.2408926636,0.24934566136222894,0.008452997762228937
132480.00600000002,0.2411876768,0.2498439729084069,0.008656296108406902
132560.00600000002,0.2415768057,0.25054268444428557,0.00896587874428556
132630.00600000002,0.2418955117,0.2511540552855225,0.009258543585522472
132700.00600000002,0.2422327548,0.25176542647022626,0.009532671670226256
132780.00600000002,0.2426456064,0.2524641475194436,0.009818541119443636
132850.00600000002,0.2429962009,0.25315101887656266,0.010154817976562674
132930.00600000002,0.2434690446,0.25395006671998793,0.010481022119987943
133000.00600000002,0.2438278049,0.254649153656052,0.010821348756052007
133080.00600000002,0.2443333119,0.2554482165336291,0.011114904633629102
133150.00600000002,0.2447164804,0.25614735868662875,0.011430878286628754
133220.00600000002,0.2451864332,0.25687309445585454,0.011686661255854547
133300.00600000002,0.2456941456,0.25777705452043914,0.012082908920439145
133370.00600000002,0.2461529225,0.2585679712595913,0.01241504875959129
133450.00600000002,0.2467043847,0.25947188875133426,0.012767504051334255
133520.00600000002,0.2472076565,0.26030418780994663,0.013096531309946619
133590.00600000002,0.2477109283,0.26119091006527523,0.013479981765275234
133670.00600000002,0.2483239025,0.2622043300332375,0.01388042753323751
133740.00600000002,0.2488761097,0.26309113158402214,0.014215021884022155
133820.00600000002,0.2495216578,0.26410491311913226,0.014583255319132266
133890.00600000002,0.2501123846,0.2650880182582178,0.014975633658217802
133970.00600000002,0.2508083582,0.26621161255910525,0.015403254359105223
134040.00600000002,0.2514361739,0.26719473898102186,0.015758565081021858
134110.00600000002,0.2520713508,0.26822474350203984,0.01615339270203986
134190.00600000002,0.2528207302,0.2694724828107175,0.016651752610717496
134260.00600000002,0.2535011172,0.2705643028078564,0.017063185607856413
134340.00600000002,0.2542971671,0.27181212814015043,0.017514961040150434
134410.00600000002,0.2550094426,0.27290396182250554,0.01789451922250551
134490.00600000002,0.2558529377,0.2741517113602844,0.018298773660284373
134560.00600000002,0.2566171288,0.27538598662750685,0.01876885782750687
134630.00600000002,0.2574005425,0.2766433645053773,0.019242822005377302
134710.00600000002,0.2582833171,0.2780804063248835,0.01979708922488349
134780.00600000002,0.2591045797,0.27933778990240465,0.02023321020240465
134860.00600000002,0.2600666285,0.2807748439224959,0.0207082154224959
134930.00600000002,0.2609279156,0.2820321680228866,0.021104252422886605
135010.00600000002,0.2619856,0.28346933248246015,0.02148373248246016
135080.00600000002,0.2628594637,0.2847267594108959,0.021867295710895907
135150.00600000002,0.2638155818,0.28606358291487965,0.02224800111487968
135230.00600000002,0.2649133205,0.2876584788985764,0.02274515839857638
135300.00600000002,0.2659116983,0.28905408977455405,0.023142391474554047
135380.00600000002,0.2670242488,0.2906489247932716,0.023624675993271615
135450.00600000002,0.2680989802,0.29204458623502466,0.023945606035024658
135520.00600000002,0.2691455483,0.2934782280695573,0.02433267976955733
135600.00600000002,0.2703885436,0.2951736837639619,0.02478514016396194
135670.00600000002,0.2714788318,0.29665721987083693,0.025178388070836943
135750.00600000002,0.2727314532,0.29835246426781603,0.025621011067816057
135820.00600000002,0.2739121914,0.2998358375413874,0.02592364614138737
135900.00600000002,0.2752656043,0.30161024280336507,0.026344638503365048
135970.00600000002,0.2764455974,0.30320380790062745,0.026758210500627433
136040.00600000002,0.2776878476,0.30479750710498904,0.02710965950498906
136120.00600000002,0.2790864706,0.30661880147121034,0.02753233087121032
136190.00600000002,0.2803680003,0.30821241538068284,0.02784441508068286
136270.00600000002,0.2818526328,0.31003385224707525,0.028181219447075245
136340.00600000002,0.2831230462,0.3116274443328994,0.0285043981328994
136420.00600000002,0.2846654654,0.3134486373592109,0.02878317195921093
136490.00600000002,0.2860322297,0.3150423787908468,0.029010149090846815
136560.00600000002,0.2873878777,0.3167168355684511,0.029328957868451078
136640.00600000002,0.2889866531,0.31864554372329884,0.02965889062329885
136710.00600000002,0.2904216051,0.3203333602724655,0.029911755172465526
136790.00600000002,0.2920463085,0.3222622139376614,0.030215905437661394
136860.00600000002,0.2934923768,0.3239499781000225,0.030457601300022508
136930.00600000002,0.2949695885,0.3256378095392445,0.030668221039244492
137010.00600000002,0.2966461778,0.32758948167586477,0.030943303875864747
137080.00600000002,0.2981433868,0.32935629643294145,0.031212909632941432
137160.00600000002,0.299864471,0.3313754683913866,0.031510997391386575
137230.00600000002,0.3014054,0.33314231462683824,0.03173691462683825
137310.00600000002,0.3032013476,0.33516178582860723,0.031960438228607224
137380.00600000002,0.3047496974,0.3369839673887649,0.032234269988764885
137450.00600000002,0.3063432872,0.3388472179421568,0.032503930742156795
137530.00600000002,0.3081555068,0.34097655602035026,0.032821049220350285
137600.00600000002,0.3097572327,0.3428395265347906,0.03308229383479061
137680.00600000002,0.3116109967,0.3449686234339907,0.03335762673399073
137750.00600000002,0.3132549524,0.34683162774546106,0.03357667534546105
137830.00600000002,0.3151672482,0.3489610000105313,0.03379375181053129
137900.00600000002,0.3168119788,0.35082407815418126,0.03401209935418126
137970.00600000002,0.3184752166,0.35268716316029425,0.03421194656029425
138050.00600000002,0.3203815818,0.3548162778022379,0.03443469600223792
138120.00600000002,0.3220915198,0.3567729514901888,0.03468143169018878
138200.00600000002,0.3240631223,0.3590268710826175,0.03496374878261749
138270.00600000002,0.3257575333,0.3609990460384943,0.035241512738494296
138350.00600000002,0.3277491331,0.363252974118959,0.03550384101895904
138420.00600000002,0.3294701576,0.3652249592576629,0.03575480165766293
138490.00600000002,0.3312690556,0.367239176116985,0.035970120516985005
138570.00600000002,0.3333184719,0.3695770701173429,0.0362585982173429
138640.00600000002,0.3350529075,0.371622408174484,0.036569500674484
138720.00600000002,0.3371504843,0.37396015921558584,0.036809674915585844
138790.00600000002,0.3389219642,0.3760055827880645,0.037083618588064526
138860.00600000002,0.3407668173,0.37808440215434796,0.03731758485434794
138940.00600000002,0.342889607,0.38055432527015076,0.03766471827015078
139010.00600000002,0.3447566926,0.38271555902147925,0.03795886642147922
139090.00600000002,0.3468661606,0.38518528880640335,0.038319128206403374
139160.00600000002,0.3487450778,0.3873461035047788,0.0386010257047788
139240.00600000002,0.3509390652,0.3898159040989578,0.038876838898957766
139310.00600000002,0.3528009653,0.3919768636703886,0.039175898370388595
139380.00600000002,0.3547569811,0.39413784714556116,0.03938086604556118
139460.00600000002,0.3569768667,0.3966078029165578,0.03963093621655778
139530.00600000002,0.3589344025,0.3987689086226275,0.039834506122627455
139610.00600000002,0.3611869216,0.4013250591721462,0.04013813757214624
139680.00600000002,0.3631711006,0.4036254694833914,0.04045436888339138
139760.00600000002,0.3654376864,0.40615031708666366,0.04071263068666364
139830.00600000002,0.3674560189,0.40846113968567505,0.04100512078567503
139900.00600000002,0.3695054352,0.4107206219477386,0.04121518674773861
139980.00600000002,0.3718261421,0.413385640556015,0.04155949845601503
140050.00600000002,0.3738940954,0.4157013192483046,0.0418072238483046
140130.00600000002,0.3762555718,0.41839680077077235,0.042141228970772326
140200.00600000002,0.378357619,0.4206879099126146,0.04233029091261464
140270.00600000002,0.3804596663,0.42293165269591726,0.04247198639591726
140350.00600000002,0.3828789294,0.4255958249845643,0.04271689558456426
140420.00600000002,0.385021776,0.4280066447559268,0.04298486875592683
140500.00600000002,0.387485534,0.4307563580043412,0.04327082400434118
140570.00600000002,0.3896379769,0.4331800221442911,0.04354204524429106
140650.00600000002,0.3921024799,0.43598391454005886,0.043881434640058836
140720.00600000002,0.3943068385,0.438424988903948,0.04411815040394801
140790.00600000002,0.3965393305,0.44094520299572776,0.04440587249572775
140870.00600000002,0.3990846574,0.443842398653057,0.04475774125305704
140940.00600000002,0.4013334513,0.4463584114982984,0.045024960198298436
141020.00600000002,0.4039550722,0.449313976064313,0.045358903864313016
141090.00600000002,0.4061742425,0.4518495623296567,0.04567531982965667
141170.00600000002,0.4087373316,0.45473731296147,0.045999981361470044
141240.00600000002,0.4110358059,0.457386704005893,0.04635089810589299
141310.00600000002,0.4133743346,0.46003613625173656,0.046661801651736556
141390.00600000002,0.4160775244,0.4630918644218515,0.04701434002185151
141460.00600000002,0.4184071124,0.465820505626495,0.047413393226495015
141540.00600000002,0.4210606217,0.4689719524650034,0.04791133076500337
141610.00600000002,0.423270911,0.47179354208378255,0.04852263108378252
141690.00600000002,0.4259874225,0.4749394557501762,0.04895203325017622
141760.00600000002,0.4283822477,0.4778193750057199,0.04943712730571992
141830.00600000002,0.4307555854,0.48071401396275354,0.049958428562753565
141910.00600000002,0.4335388541,0.4840456093891565,0.05050675528915649
141980.00600000002,0.4360204041,0.4869782052385056,0.05095780113850562
142060.00600000002,0.4388659,0.4902593997521502,0.05139349975215024
142130.00600000002,0.441383779,0.49318671937289693,0.051802940372896955
142200.00600000002,0.4439350069,0.49622982968673135,0.052294822786731365
142280.00600000002,0.4467857182,0.49972473959276653,0.052939021392766517
142350.00600000002,0.449388057,0.5028109552995452,0.05342289829954522
142430.00600000002,0.4522506297,0.5064422980214291,0.05419166832142913
142500.00600000002,0.4548241198,0.5096857778524354,0.054861658052435425
142580.00600000002,0.4578348994,0.5133726907021824,0.05553779130218239
142650.00600000002,0.460524708,0.5166890316253854,0.05616432362538537
142720.00600000002,0.4632338285,0.5200344141233726,0.05680058562337259
142800.00600000002,0.4663439691,0.5238519189850055,0.057507949885005516
142870.00600000002,0.4691182971,0.5272749016228002,0.05815660452280019
142950.00600000002,0.472274363,0.5312643177801065,0.058989954780106546
143020.00600000002,0.4750850499,0.5348237736969872,0.05973872379698719
143100.00600000002,0.4783641696,0.5389061466338848,0.06054197703388481
143170.00600000002,0.4812526703,0.5425801066577546,0.06132743635775456
143240.00600000002,0.4842004478,0.5463019708107111,0.06210152301071109
143320.00600000002,0.4875921905,0.5506495496471414,0.06305735914714139
143390.00600000002,0.4904043376,0.5545052462165181,0.06410090861651807
143470.00600000002,0.4937850535,0.5589960233129552,0.06521096981295516
143540.00600000002,0.4968180954,0.5629972533620757,0.06617915796207574
143610.00600000002,0.4999415576,0.5670994524727333,0.06715789487273333
143690.00600000002,0.503518641,0.5718202226773944,0.06830158167739442
143760.00600000002,0.5066732168,0.5760747398564738,0.06940152305647385
143840.00600000002,0.5103837848,0.581046615319604,0.07066283051960398
143910.00600000002,0.5136413574,0.5854385140873373,0.07179715668733722
143990.00600000002,0.5174334049,0.5906055784865551,0.07317217358655514
144060.00600000002,0.5207569599,0.595168988633516,0.07441202873351593
144130.00600000002,0.5241584778,0.5998164292352821,0.07565795143528209
144210.00600000002,0.5280505419,0.6053103030853741,0.07725976118537414
144280.00600000002,0.5315809846,0.6101727020365958,0.07859171743659576
144360.00600000002,0.5356702209,0.6158201179572458,0.08014989705724573
144430.00600000002,0.5392406583,0.6209292882640935,0.08168862996409354
144510.00600000002,0.5434736609,0.6269396157304684,0.08346595483046837
144580.00600000002,0.5471923947,0.6322725334210231,0.08508013872102305
144650.00600000002,0.5510563254,0.6377137941824421,0.08665746878244207
144730.00600000002,0.5554724336,0.6441015819387573,0.08862914833875735
144800.00600000002,0.5594439507,0.649795353730763,0.09035140303076306
144880.00600000002,0.5640460849,0.6565167226310301,0.09247063773103015
144950.00600000002,0.5681762099,0.6625554830560849,0.09437927315608496
145030.00600000002,0.5729555488,0.6696514991663305,0.0966959503663305
145100.00600000002,0.5772004724,0.676014684689297,0.09881421228929699
145170.00600000002,0.5815551877,0.6825526161553784,0.1009974284553784
145250.00600000002,0.5866791606,0.6902790198488524,0.1035998592488524
145320.00600000002,0.5911886692,0.697230410393696,0.10604174119369603
145400.00600000002,0.5964439511,0.705522309358743,0.10907835825874301
145470.00600000002,0.6011298895,0.7130289036245478,0.11189901412454784
145540.00600000002,0.6059418917,0.7208968600554794,0.11495496835547936
145620.00600000002,0.6115766168,0.7301303320584428,0.11855371525844283
145690.00600000002,0.6165628433,0.7387158506359364,0.12215300733593637
145770.00600000002,0.6224636436,0.7490476369124383,0.1265839933124383
145840.00600000002,0.6277188659,0.7586049831636822,0.13088611726368216
145920.00600000002,0.6338458061,0.7701338330882481,0.13628802698824816
145990.00600000002,0.6393975019,0.7807654183001815,0.14136791640018154
146060.00600000002,0.6449708343,0.7918680422644795,0.14689720796447947
146140.00600000002,0.6515572667,0.8051838830399967,0.15362661633999664
146210.00600000002,0.6574937105,0.8172380380843012,0.15974432758430113
146290.00600000002,0.6644382477,0.8315795539377578,0.1671413062377578
146360.00600000002,0.6706985831,0.8446429473377074,0.17394436423770743
146440.00600000002,0.6780759096,0.8601676859099512,0.18209177630995121
146510.00600000002,0.6846609712,0.8743773729571751,0.18971640175717508
146580.00600000002,0.691496551,0.8891468173937134,0.19765026639371341
146660.00600000002,0.69956249,0.9067341031370423,0.20717161313704224
146730.00600000002,0.7069073319,0.922711555324754,0.21580422342475403
146810.00600000002,0.7156241536,0.9415186217938649,0.22589446819386494
146880.00600000002,0.7235093117,0.958399932733132,0.23489062103313196
146950.00600000002,0.7318310142,0.9754899237985034,0.24365890959850345
147030.00600000002,0.7417516112,0.9954420081362818,0.2536903969362818
147100.00600000002,0.7509969473,1.0139163942872065,0.2629194469872065
147180.00600000002,0.7621079683,1.0354455737614046,0.2733376054614045
147250.00600000002,0.7723627687,1.0542819168533808,0.2819191481533808
147330.00600000002,0.7846805453,1.07580811133449,0.29112756603448997
147400.00600000002,0.7960139513,1.0946441356538625,0.29863018435386257
147470.00600000002,0.8078306317,1.1134827122771913,0.3056520805771913
147550.00600000002,0.8217791319,1.1350106066854715,0.31323147478547153
147620.00600000002,0.8345024586,1.1538465235840625,0.3193440649840624
147700.00600000002,0.8496102095,1.1753730751882612,0.3257628656882612
147770.00600000002,0.8634171486,1.1942104259108963,0.33079327731089636
147850.00600000002,0.879861474,1.2157390144941826,0.3358775404941826
147920.00600000002,0.8948885202,1.234576230937945,0.3396877107379451
147990.00600000002,0.9104456306,1.2534135205524055,0.34296788995240546
148070.00600000002,0.9288868904,1.2749403103001913,0.34605341990019123
148140.00600000002,0.9455062151,1.2937776207314138,0.3482714056314138
148220.00600000002,0.9648837447,1.3153041246288923,0.3504203799288923
148290.00600000002,0.9821279645,1.3341393074950634,0.3520113429950634
148361.31100000002,1.0000014305,1.353326562735563,0.35332513223556306
