cycle,pulse_id,branch,step,SOC_start,SOC_end,I_A,pulse_time_s,relax_time_s,delta_V_pulse_V,delta_V_relax_V,capacity_increment_mAh,t_pulse_start_s,V_pulse_start_V,V_pulse_end_V,n_pulse_samples,n_relax_samples,relax_step,relax_coverage_s,V_relax_end_V,sqrt_t_slope_V_per_sqrt_s,sqrt_t_slope_stderr,sqrt_t_intercept_V,sqrt_t_r2,ir_skip_s,n_fit_samples
1,1,lithiation,4,0.0,0.009629646462066254,4.41545e-05,1799.9799999999996,9000.0,-2.3852299452,0.36327934269999995,0.022077004697222218,23400.02,2.9485411644,0.5633112192,1801,90811,3,8999.970000000001,0.9265905619,-0.015419963318562846,0.00014791300452051453,1.1591248324512808,0.8620619464842832,60.0,1741
1,2,lithiation,4,0.009629646462066254,0.019259358351075163,4.41548e-05,1799.9800000000032,9000.0,-0.49057793619999995,0.2637710572,0.022077154695555594,34200.02,0.9101910591,0.4196131229,1801,90811,3,8999.970000000001,0.6833841801,-0.005827271224196222,9.540997292127146e-06,0.669931514188739,0.9953597993672538,60.0,1741
1,3,lithiation,4,0.019259358351075163,0.028889048431103195,4.41547e-05,1799.9800000000032,9000.0,-0.33152711390000006,0.22281444069999995,0.02207710469611115,45000.02,0.6655469537,0.3340198398,1801,90811,3,8999.970000000001,0.5568342805,-0.006393123799614996,1.95739721352338e-05,0.59061976376362,0.9839598413873032,60.0,1741
1,4,lithiation,4,0.0288890484311032,0.0385187603201121,4.41548e-05,1799.9800000000032,9000.0,-0.26674443490000005,0.18492844700000005,0.022077154695555594,55800.02,0.5403915644,0.2736471295,1801,90811,3,8999.970000000001,0.4585755765,-0.005638670467354024,1.6095313506437205e-05,0.5010558444247806,0.9860287706885805,60.0,1741
1,5,lithiation,4,0.0385187603201121,0.048148472209120975,4.41548e-05,1799.979999999996,9000.0,-0.2114718557,0.15569442510000003,0.022077154695555504,66600.02,0.4415096641,0.2300378084,1801,90811,3,8999.970000000001,0.3857322335,-0.004509325584388359,1.4152770314618224e-05,0.4112914282151755,0.983158420672634,60.0,1741
1,6,lithiation,4,0.048148472209120975,0.05777818409812984,4.41548e-05,1799.979999999996,9000.0,-0.1742257178,0.13493016359999999,0.022077154695555504,77400.02,0.3679288626,0.1937031448,1801,90811,3,8999.970000000001,0.3286333084,-0.003676014129811924,1.2285186600677576e-05,0.3411433313436786,0.9809473903874788,60.0,1741
1,7,lithiation,4,0.05777818409812984,0.06740789598713871,4.41548e-05,1799.979999999996,9000.0,-0.14491724970000003,0.11541590089999998,0.022077154695555504,88200.02,0.3119567335,0.1670394838,1801,90811,3,8999.970000000001,0.2824553847,-0.002946788752547712,1.1742594807359681e-05,0.28401826675780684,0.9731280178590265,60.0,1741
1,8,lithiation,4,0.06740789598713871,0.07703758606716671,4.41547e-05,1799.979999999996,9000.0,-0.11817300320000002,0.09725531940000001,0.02207710469611106,99000.02,0.2652080953,0.1470350921,1801,90811,3,8999.970000000001,0.2442904115,-0.0022589637325818586,1.0840727467952472e-05,0.23619385453470076,0.9614926282972149,60.0,1741
1,9,lithiation,4,0.07703758606716671,0.08666723252923293,4.41545e-05,1799.979999999996,9000.0,-0.0935934186,0.08339113000000001,0.02207700469722217,109800.02,0.2267244756,0.133131057,1801,90811,3,8999.970000000001,0.216522187,-0.0016455939825607937,8.699463886162762e-06,0.1979351040224466,0.9536521928032922,60.0,1741
1,10,lithiation,4,0.08666723252923293,0.09629687899129917,4.41545e-05,1799.979999999996,9000.0,-0.07457396390000001,0.0824963749,0.02207700469722217,120600.02,0.2002979219,0.125723958,1801,90811,3,8999.970000000001,0.2082203329,-0.0011834829144813628,8.388725794258946e-06,0.17084001515341074,0.9196492703551,60.0,1741
1,11,lithiation,4,0.09629687899129917,0.10592652545336549,4.41545e-05,1799.9800000000105,9000.0,-0.06736695019999998,0.0821435675,0.02207700469722235,131400.02,0.1914342344,0.1240672842,1801,90811,3,8999.970000000001,0.2062108517,-0.0009840227805532355,8.533768996116647e-06,0.16105494441107002,0.8843383223794228,60.0,1741
1,12,lithiation,4,0.10592652545336549,0.11555619372441268,4.41546e-05,1799.9800000000105,9000.0,-0.06714900589999999,0.081345968,0.022077054696666792,142200.02,0.1902779043,0.1231288984,1801,90811,3,8999.970000000001,0.2044748664,-0.0009687072259809838,7.877960451297456e-06,0.15983258868305483,0.8968515600905259,60.0,1741
1,13,lithiation,4,0.11555619372441268,0.12518581837749812,4.41544e-05,1799.9800000000105,9000.0,-0.0654968097,0.08012885600000001,0.022076954697777904,153000.02,0.1878303587,0.122333549,1801,90811,3,8999.970000000001,0.202462405,-0.0009555664947331473,7.353901935725985e-06,0.15879986632710685,0.9066229534277237,60.0,1741
1,14,lithiation,4,0.12518581837749812,0.1348154866485453,4.41546e-05,1799.9800000000105,9000.0,-0.0648660138,0.0794884339,0.022077054696666792,163800.02,0.1851441264,0.1202781126,1801,90811,3,8999.970000000001,0.1997665465,-0.0009596659419586071,6.910476247785138e-06,0.1571865277375386,0.9172858049615406,60.0,1741
1,15,lithiation,4,0.1348154866485453,0.1444451549195925,4.41546e-05,1799.9800000000105,9000.0,-0.0653188899,0.0779889002,0.022077054696666792,174600.02,0.1833688617,0.1180499718,1801,90811,3,8999.970000000001,0.196038872,-0.0009480939958849141,6.5777202019601665e-06,0.15466431438938608,0.9227609721392508,60.0,1741
1,16,lithiation,4,0.1444451549195925,0.1540748231906397,4.41546e-05,1799.9800000000105,9000.0,-0.0633990392,0.0750758275,0.022077054696666792,185400.02,0.1791653037,0.1157662645,1801,90811,3,8999.970000000001,0.190842092,-0.0009258525647538909,6.1470762696186265e-06,0.151693952232268,0.9288007110347418,60.0,1741
1,17,lithiation,4,0.1540748231906397,0.163704469652706,4.41545e-05,1799.9800000000105,9000.0,-0.06025174999999999,0.07102865720000001,0.02207700469722235,196200.02,0.1737053692,0.1134536192,1801,90811,3,8999.970000000001,0.1844822764,-0.0008738544430277069,5.771740298818282e-06,0.14739800605466116,0.9294856303519372,60.0,1741
1,18,lithiation,4,0.163704469652706,0.1733341161147723,4.41545e-05,1799.9800000000105,9000.0,-0.058074764900000006,0.0667717382,0.02207700469722235,207000.02,0.168623507,0.1105487421,1801,90811,3,8999.970000000001,0.1773204803,-0.0008143256885227422,5.3840152708903275e-06,0.14222975339694516,0.9293525678515785,60.0,1741
1,19,lithiation,4,0.1733341161147723,0.18296374076785774,4.41544e-05,1799.9800000000105,9000.0,-0.054312229200000006,0.0634072721,0.022076954697777904,217800.02,0.1609694958,0.1066572666,1801,90811,3,8999.970000000001,0.1700645387,-0.0007461325372705057,5.085278781766805e-06,0.13566310321876815,0.9252587498657485,60.0,1741
1,20,lithiation,4,0.18296374076785774,0.19259340903890493,4.41546e-05,1799.9800000000105,9000.0,-0.051015943300000005,0.06057128310000001,0.022077054696666792,228600.02,0.1533703804,0.1023544371,1801,90811,3,8999.970000000001,0.1629257202,-0.0006813575545101363,4.763812910719376e-06,0.12884159432261919,0.921652352422835,60.0,1741
1,21,lithiation,4,0.19259340903890493,0.2022231209279139,4.41548e-05,1799.9800000000105,9000.0,-0.049059093,0.05835202340000001,0.022077154695555684,239400.02,0.1470862329,0.0980271399,1801,90811,3,8999.970000000001,0.1563791633,-0.0006176835472205316,4.596333163546271e-06,0.12193268878585208,0.912165679770919,60.0,1741
1,22,lithiation,4,0.2022231209279139,0.21185278919896108,4.41546e-05,1799.9800000000105,9000.0,-0.045667924,0.05648631600000001,0.022077054696666792,250200.02,0.1400393248,0.0943714008,1801,90811,3,8999.970000000001,0.1508577168,-0.0005503338554029156,4.516315467092671e-06,0.11547242848671527,0.8951623086618479,60.0,1741
1,23,lithiation,4,0.21185278919896108,0.22148245747000828,4.41546e-05,1799.9800000000105,9000.0,-0.04379481069999999,0.054234415300000005,0.022077054696666792,261000.02,0.1356964409,0.0919016302,1801,90811,3,8999.969999999972,0.1461360455,-0.0004891181759363437,4.1511760330361e-06,0.11069481280587709,0.8886830779258472,60.0,1741
1,24,lithiation,4,0.22148245747000828,0.23111210393207443,4.41545e-05,1799.9799999999814,9000.0,-0.04117828609999999,0.05122873189999999,0.022077004697221993,271800.02,0.1306397915,0.0894615054,1801,90811,3,8999.969999999972,0.1406902373,-0.0004631817103286373,3.590191785350068e-06,0.10746239330965465,0.9054036623972844,60.0,1741
1,25,lithiation,4,0.23111210393207443,0.24074172858515971,4.41544e-05,1799.9799999999814,9000.0,-0.0381251425,0.048112563799999994,0.022076954697777547,282600.02,0.1249552891,0.0868301466,1801,90811,3,8999.969999999972,0.1349427104,-0.00042177421290526577,3.2565943489696123e-06,0.10320707488168654,0.9060652392019346,60.0,1741
1,26,lithiation,4,0.24074172858515971,0.250371353238245,4.41544e-05,1799.9799999999814,9000.0,-0.03561977300000001,0.046783551600000015,0.022076954697777547,293400.02,0.1198748872,0.0842551142,1801,90811,3,8999.969999999972,0.1310386658,-0.00035784637594363846,3.1537718881177654e-06,0.09793150554701678,0.8810010047612649,60.0,1741
1,27,lithiation,4,0.250371353238245,0.26000097789133025,4.41544e-05,1799.9799999999814,9000.0,-0.0327712149,0.046748690300000006,0.022076954697777547,304200.02,0.1154949591,0.0827237442,1801,90811,3,8999.969999999972,0.1294724345,-0.00029234224303429214,3.478103225963495e-06,0.09351381893446736,0.8024710553602087,60.0,1741
1,28,lithiation,4,0.26000097789133025,0.26963058073543467,4.41543e-05,1799.9799999999814,9000.0,-0.03284016249999999,0.046563394300000005,0.022076904698333105,315000.02,0.1144995019,0.0816593394,1801,90811,3,8999.969999999972,0.1282227337,-0.00027778904813190105,3.4326612417729376e-06,0.09188789480656917,0.7901760349914921,60.0,1741
1,29,lithiation,4,0.26963058073543467,0.2792602053885199,4.41544e-05,1799.9799999999814,9000.0,-0.0322071389,0.046356573700000014,0.022076954697777547,325800.02,0.1127538905,0.0805467516,1801,90811,3,8999.969999999972,0.1269033253,-0.00027716051193239126,3.35684926199302e-06,0.09076525861082739,0.7967529569378594,60.0,1741
1,30,lithiation,4,0.2792602053885199,0.2888898082326243,4.41543e-05,1799.9799999999814,9000.0,-0.03234648699999999,0.045785076899999985,0.022076904698333105,336600.02,0.1121490523,0.0798025653,1801,90811,3,8999.969999999972,0.1255876422,-0.00026859559072526607,3.2968242499198178e-06,0.08965636543816671,0.7923960100147183,60.0,1741
1,31,lithiation,4,0.2888898082326243,0.29851947650367133,4.41546e-05,1799.9799999999814,9000.0,-0.03089441359999999,0.045153558299999993,0.02207705469666644,347400.02,0.1103886291,0.0794942155,1801,90811,3,8999.969999999972,0.1246477738,-0.0002538457554487952,3.2473210199794898e-06,0.08874484694279221,0.7784622364517378,60.0,1741
1,32,lithiation,4,0.29851947650367133,0.3081491011567566,4.41544e-05,1799.9799999999814,9000.0,-0.0303525776,0.044467180999999995,0.022076954697777547,358200.02,0.1102240756,0.079871498,1801,90811,3,8999.969999999972,0.124338679,-0.000237555119254506,3.1895465961306033e-06,0.08843948565939118,0.7613284071750993,60.0,1741
1,33,lithiation,4,0.3081491011567566,0.31777868219188016,4.41542e-05,1799.9799999999814,9000.0,-0.02871002260000001,0.043316796500000004,0.02207685469888866,369000.02,0.1096644476,0.080954425,1801,90811,3,8999.969999999972,0.1242712215,-0.0002288034760120412,3.071612281981432e-06,0.08915977179470065,0.7613792637095385,60.0,1741
1,34,lithiation,4,0.31777868219188016,0.3274082414180228,4.41541e-05,1799.9799999999814,9000.0,-0.02824155980000001,0.04223386940000001,0.022076804699444213,379800.02,0.1102552041,0.0820136443,1801,90811,3,8999.969999999972,0.1242475137,-0.0002308109914842443,2.8915005739118183e-06,0.09035811438301612,0.7855961727536561,60.0,1741
1,35,lithiation,4,0.3274082414180228,0.33703777883518454,4.4154e-05,1799.9799999999814,9000.0,-0.02837423230000001,0.04219531260000001,0.02207675469999977,390600.02,0.110396035,0.0820218027,1801,90811,3,8999.969999999972,0.1242171153,-0.00023849335898081173,2.829263312085898e-06,0.09069583174954246,0.803384705939113,60.0,1741
1,36,lithiation,4,0.33703777883518454,0.3466673598703081,4.41542e-05,1799.9799999999814,9000.0,-0.0287678465,0.042443640500000004,0.02207685469888866,401400.02,0.1105457768,0.0817779303,1801,90811,3,8999.969999999972,0.1242215708,-0.00024577640047896587,2.807176526016593e-06,0.09075067640009034,0.8150886685207595,60.0,1741
1,37,lithiation,4,0.3466673598703081,0.35629696271441247,4.41543e-05,1799.9799999999814,9000.0,-0.029371932199999992,0.042819425499999994,0.022076904698333105,412200.02,0.1107318178,0.0813598856,1801,90811,3,8999.969999999972,0.1241793111,-0.0002530474284858616,2.8009535792683343e-06,0.09063353184062502,0.8243596565913293,60.0,1741
1,38,lithiation,4,0.35629696271441247,0.36592665279444037,4.41547e-05,1799.9799999999814,9000.0,-0.02974996719999999,0.0442499891,0.02207710469611088,423000.02,0.1096422151,0.0798922479,1801,90811,3,8999.969999999972,0.124142237,-0.00027120583059561003,2.85053636243822e-06,0.0898848270936827,0.838847289610748,60.0,1741
1,39,lithiation,4,0.36592665279444037,0.37555634287446826,4.41547e-05,1799.9799999999814,9000.0,-0.031218327600000012,0.0454263166,0.02207710469611088,433800.02,0.109845303,0.0786269754,1801,90811,3,8999.969999999972,0.124053292,-0.00028388951676090957,2.9207222008423708e-06,0.08910738511981008,0.8445451588557602,60.0,1741
1,40,lithiation,4,0.37555634287446826,0.38518605476347706,4.41548e-05,1799.9799999999814,9000.0,-0.030957430600000002,0.0455345363,0.022077154695555327,444600.02,0.1092708632,0.0783134326,1801,90811,3,8999.969999999972,0.1238479689,-0.00028879848536059725,2.9097992984672e-06,0.08898222499449385,0.849951994599795,60.0,1741
1,41,lithiation,4,0.38518605476347706,0.39481574484350496,4.41547e-05,1799.9799999999814,9000.0,-0.029534995499999994,0.04409804939999999,0.02207710469611088,455400.02,0.1090255007,0.0794905052,1801,90811,3,8999.969999999972,0.1235885546,-0.00027645522332484873,2.8583329738377527e-06,0.08963073379137762,0.8432425671120665,60.0,1741
1,42,lithiation,4,0.39481574484350496,0.4044453694965902,4.41544e-05,1799.9799999999814,9000.0,-0.028753749999999995,0.04223311689999999,0.022076954697777547,466200.02,0.1098875627,0.0811338127,1801,90811,3,8999.969999999972,0.1233669296,-0.0002786916723171056,2.626792870648401e-06,0.09148895910482432,0.8661825667990759,60.0,1741
1,43,lithiation,4,0.4044453694965902,0.41407501595865637,4.41545e-05,1799.9799999999814,9000.0,-0.02889013289999999,0.0419432968,0.022077004697221993,477000.02,0.1101603284,0.0812701955,1801,90811,3,8999.969999999972,0.1232134923,-0.0002878911866971797,2.5474769597832913e-06,0.09202256701493326,0.8801543654608175,60.0,1741
1,44,lithiation,4,0.41407501595865637,0.4237046624207225,4.41545e-05,1799.9799999999814,9000.0,-0.0286106988,0.04223757230000001,0.022077004697221993,487800.02,0.1094339266,0.0808232278,1801,90811,3,8999.969999999972,0.1230608001,-0.00029952732826526464,2.5215235257904025e-06,0.09208398076707185,0.8902814521215098,60.0,1741
1,45,lithiation,4,0.4237046624207225,0.4333343306917696,4.41546e-05,1799.9799999999814,9000.0,-0.0292073786,0.0425592363,0.02207705469666644,498600.02,0.1095147207,0.0803073421,1801,90811,3,8999.969999999972,0.1228665784,-0.00031121295058660656,2.494702485611163e-06,0.09205839403794755,0.8994881585430031,60.0,1741
1,46,lithiation,4,0.4333343306917696,0.4429640207717975,4.41547e-05,1799.9799999999814,9000.0,-0.030828446100000004,0.044073566800000005,0.02207710469611088,509400.02,0.1094517186,0.0786232725,1801,90811,3,8999.969999999972,0.1226968393,-0.000335626545334608,2.511187065964403e-06,0.09136540978825558,0.911284576848068,60.0,1741
1,47,lithiation,4,0.4429640207717975,0.45259371085182537,4.41547e-05,1799.9799999999814,9000.0,-0.03123686469999999,0.045220248399999996,0.02207710469611088,520200.02,0.1084369794,0.0772001147,1801,90811,3,8999.969999999972,0.1224203631,-0.00035340636781838915,2.534317152809402e-06,0.09066115947821635,0.9179130167303651,60.0,1741
1,48,lithiation,4,0.45259371085182537,0.46222342274083417,4.41548e-05,1799.9799999999814,9000.0,-0.03227160870000001,0.045725777800000006,0.022077154695555327,531000.02,0.1086252406,0.0763536319,1801,90811,3,8999.969999999972,0.1220794097,-0.0003679978952368515,2.505735793930039e-06,0.09042583628282404,0.9253888508475518,60.0,1741
1,49,lithiation,4,0.46222342274083417,0.47185313462984296,4.41548e-05,1799.9799999999814,9000.0,-0.03160228579999999,0.0453558936,0.022077154695555327,541800.02,0.1079366431,0.0763343573,1801,90811,3,8999.969999999972,0.1216902509,-0.0003758306377448011,2.4201054805323237e-06,0.09075670818479012,0.9327417985737766,60.0,1741
1,50,lithiation,4,0.47185313462984296,0.48148278109190906,4.41545e-05,1799.9799999999814,9000.0,-0.03211151799999999,0.0450757071,0.022077004697221993,552600.02,0.1083161607,0.0762046427,1801,90811,3,8999.969999999972,0.1212803498,-0.00039264367174355865,2.2803225023132663e-06,0.09141662094726452,0.9445960114725932,60.0,1741
1,51,lithiation,4,0.48148278109190906,0.49111244936295606,4.41546e-05,1799.9799999999814,9000.0,-0.0319469572,0.0452877134,0.02207705469666644,563400.02,0.1074578092,0.075510852,1801,90811,3,8999.969999999972,0.1207985654,-0.00041320769261357887,2.1779304845666388e-06,0.09160156932163702,0.9539149089480555,60.0,1741
1,52,lithiation,4,0.49111244936295606,0.5007420740160414,4.41544e-05,1799.9799999999814,9000.0,-0.0330802873,0.045862145699999995,0.022076954697777547,574200.02,0.1074489132,0.0743686259,1801,90811,3,8999.969999999972,0.1202307716,-0.00043755982418654856,2.0855442538991506e-06,0.09151488017451284,0.9619953703188077,60.0,1741
1,53,lithiation,4,0.5007420740160414,0.5103717204781075,4.41545e-05,1799.9799999999814,9000.0,-0.0333908498,0.0466041192,0.022077004697221993,585000.02,0.1063466966,0.0729558468,1801,90811,3,8999.969999999972,0.119559966,-0.00046426912945852616,1.9862238468648643e-06,0.09126942164302641,0.9691532917161747,60.0,1741
1,54,lithiation,4,0.5103717204781075,0.5200013887491545,4.41546e-05,1799.9799999999814,9000.0,-0.0353261978,0.048031717599999996,0.02207705469666644,595800.02,0.1059130803,0.0705868825,1801,90811,3,8999.969999999972,0.1186186001,-0.000501348424110307,1.9152100006476394e-06,0.09048195850215954,0.9752503428591922,60.0,1741
1,55,lithiation,4,0.5200013887491545,0.5296310788291824,4.41547e-05,1799.9799999999814,9000.0,-0.0360726044,0.0489419326,0.02207710469611088,606600.02,0.1043757722,0.0683031678,1801,90811,3,8999.969999999972,0.1172451004,-0.0005333555814322534,1.832898029259338e-06,0.08956877030690523,0.9798760311441145,60.0,1741
1,56,lithiation,4,0.5296310788291824,0.5392607471002294,4.41546e-05,1799.9799999999814,9000.0,-0.037589155099999993,0.04885371769999999,0.02207705469666644,617400.02,0.1036627069,0.0660735518,1801,90811,3,8999.969999999972,0.1149272695,-0.0005657416458070624,1.7106043070603857e-06,0.08875913827435665,0.9843500848102805,60.0,1741
1,57,lithiation,4,0.5392607471002294,0.5488904153712765,4.41546e-05,1799.9799999999814,9000.0,-0.0373178572,0.04647731790000001,0.02207705469666644,628200.02,0.1011729166,0.0638550594,1801,90811,3,8999.969999999972,0.1103323773,-0.0005866293716611959,1.6202216781633194e-06,0.08745921875185046,0.986908252143888,60.0,1741
1,58,lithiation,4,0.5488904153712765,0.5585200618333426,4.41545e-05,1799.9799999999814,9000.0,-0.036915350699999995,0.0394793562,0.022077004697221993,639000.02,0.0974741802,0.0605588295,1801,90811,3,8999.969999999972,0.1000381857,-0.0005764039606723516,1.6962866163647835e-06,0.08377728804769696,0.9851627934727485,60.0,1741
1,59,lithiation,4,0.5585200618333426,0.5681497301043895,4.41546e-05,1799.9799999999814,9000.0,-0.030919548100000006,0.03293503450000001,0.02207705469666644,649800.02,0.0868420079,0.0559224598,1801,90811,3,8999.969999999972,0.0888574943,-0.0004094090317761822,1.9196572618848452e-06,0.07209792116867442,0.9631754424923399,60.0,1741
1,60,lithiation,4,0.5681497301043895,0.5777793983754366,4.41546e-05,1799.9799999999814,9000.0,-0.022324260299999996,0.0333553068,0.02207705469666644,660600.02,0.0761179179,0.0537936576,1801,90811,3,8999.969999999972,0.0871489644,-0.00015641436689297025,1.8037317754674103e-06,0.05948006938220082,0.812179765916427,60.0,1741
1,61,lithiation,4,0.5777793983754366,0.5874090666464835,4.41546e-05,1799.9799999999814,9000.0,-0.0200197882,0.033473160099999996,0.02207705469666644,671400.02,0.0739261135,0.0539063253,1801,90811,3,8999.969999999972,0.0873794854,-0.00010711707565743779,1.567454620251031e-06,0.05771217586108383,0.7286676354800853,60.0,1741
1,62,lithiation,4,0.5874090666464835,0.5970387785354924,4.41548e-05,1799.9799999999814,9000.0,-0.020993013000000005,0.03409653530000001,0.022077154695555327,682200.02,0.0744775832,0.0534845702,1801,90811,3,8999.969999999972,0.0875811055,-0.00011549255859445549,1.498519922506042e-06,0.057705072062834435,0.7735368166575106,60.0,1741
1,63,lithiation,4,0.5970387785354924,0.6066684468065393,4.41546e-05,1799.9799999999814,9000.0,-0.020694304199999992,0.034232180499999994,0.02207705469666644,693000.02,0.0741521865,0.0534578823,1801,90811,3,8999.969999999972,0.0876900628,-0.00011901650813183446,1.4677379750504276e-06,0.057827520628394885,0.7908429594603335,60.0,1741
1,64,lithiation,4,0.6066684468065393,0.6162981368865672,4.41547e-05,1799.9799999999814,9000.0,-0.020460818000000006,0.0343033336,0.02207710469611088,703800.02,0.0738935024,0.0534326844,1801,90811,3,8999.969999999972,0.087736018,-0.000124799754568926,1.4166155489622146e-06,0.05806862696687206,0.8169493553726224,60.0,1741
1,65,lithiation,4,0.6162981368865672,0.6259278051576143,4.41546e-05,1799.9799999999814,9000.0,-0.020503062800000006,0.0335791596,0.02207705469666644,714600.02,0.0746799335,0.0541768707,1801,90811,3,8999.969999999972,0.0877560303,-0.00012027185053373172,1.3647726787481743e-06,0.05863426823761859,0.8170470896060172,60.0,1741
1,66,lithiation,4,0.6259278051576143,0.6355574516196804,4.41545e-05,1799.9799999999814,9000.0,-0.019617300400000003,0.032733429200000004,0.022077004697221993,725400.02,0.0746554732,0.0550381728,1801,90811,3,8999.969999999972,0.087771602,-0.00012608310399393532,1.2347845325954595e-06,0.05977063539734763,0.8570527761628047,60.0,1741
1,67,lithiation,4,0.6355574516196804,0.6451870980817465,4.41545e-05,1799.9799999999814,9000.0,-0.020019795700000002,0.032556276700000004,0.022077004697221993,736200.02,0.0752321556,0.0552123599,1801,90811,3,8999.969999999972,0.0877686366,-0.0001319819744860296,1.1590358979893768e-06,0.06024974223460125,0.8817479753643861,60.0,1741
1,68,lithiation,4,0.6451870980817465,0.6548167881617744,4.41547e-05,1799.9799999999814,9000.0,-0.019643995900000003,0.0326252021,0.02207710469611088,747000.02,0.0747948363,0.0551508404,1801,90811,3,8999.969999999972,0.0877760425,-0.00013770211990998604,1.104262968699422e-06,0.06042384589769281,0.8994170305095107,60.0,1741
1,69,lithiation,4,0.6548167881617744,0.6644464564328214,4.41546e-05,1799.9799999999814,9000.0,-0.020170252800000003,0.03274972369999999,0.02207705469666644,757800.02,0.075195089,0.0550248362,1801,90811,3,8999.969999999972,0.0877745599,-0.00014284435355343164,1.0540483264181066e-06,0.060543215511150744,0.9135023804774689,60.0,1741
1,70,lithiation,4,0.6644464564328214,0.6740761465128493,4.41547e-05,1799.9799999999814,9000.0,-0.0204445012,0.033516895100000006,0.02207710469611088,768600.02,0.0746873468,0.0542428456,1801,90811,3,8999.969999999972,0.0877597407,-0.00015358210686486148,1.0196355065270368e-06,0.060235976350787625,0.9288075440845697,60.0,1741
1,71,lithiation,4,0.6740761465128493,0.6837058365928772,4.41547e-05,1799.9799999999814,9000.0,-0.020410414800000005,0.0339401402,0.02207710469611088,779400.02,0.0741840601,0.0537736453,1801,90811,3,8999.969999999972,0.0877137855,-0.00015745062380454543,9.943048891543944e-07,0.0599387749373399,0.9351470314352203,60.0,1741
1,72,lithiation,4,0.6837058365928772,0.6933354830549433,4.41545e-05,1799.9799999999814,9000.0,-0.0210322998,0.0340024047,0.022077004697221993,790200.02,0.0746903121,0.0536580123,1801,90811,3,8999.969999999972,0.087660417,-0.00016304682625629073,9.244335808010398e-07,0.06010199487124227,0.9470577064650951,60.0,1741
1,73,lithiation,4,0.6933354830549433,0.7029651731349712,4.41547e-05,1799.9799999999814,9000.0,-0.020403746499999993,0.03353914239999999,0.02207710469611088,801000.02,0.0745035261,0.0540997796,1801,90811,3,8999.969999999972,0.087638922,-0.00016083080620462125,8.827091979957493e-07,0.06047923606834594,0.9502237375641819,60.0,1741
1,74,lithiation,4,0.7029651731349712,0.7125948414060181,4.41546e-05,1799.9799999999814,9000.0,-0.020643893599999998,0.0329713486,0.02207705469666644,811800.02,0.0752744004,0.0546305068,1801,90811,3,8999.969999999972,0.0876018554,-0.00016661034814936153,7.851725071968969e-07,0.06130114262975295,0.9628149283755885,60.0,1741
1,75,lithiation,4,0.7125948414060181,0.7222245096770652,4.41546e-05,1799.9799999999814,9000.0,-0.02026513590000001,0.032909829099999996,0.02207705469666644,822600.02,0.074880071,0.0546149351,1801,90811,3,8999.969999999972,0.0875247642,-0.00017146736328017012,7.270940441303775e-07,0.061539836222420076,0.96967884515914,60.0,1741
1,76,lithiation,4,0.7222245096770652,0.7318541997570931,4.41547e-05,1799.9799999999814,9000.0,-0.0200027339,0.032967638199999996,0.02207710469611088,833400.02,0.0745079741,0.0545052402,1801,90811,3,8999.969999999972,0.0874728784,-0.00017670383443391108,6.725951876277727e-07,0.061670675402876136,0.9754241443635983,60.0,1741
1,77,lithiation,4,0.7318541997570931,0.7414838680281401,4.41546e-05,1799.9799999999814,9000.0,-0.020404484100000002,0.0328749903,0.02207705469666644,844200.02,0.0749504864,0.0545460023,1801,90811,3,8999.969999999972,0.0874209926,-0.00017966811736787512,6.267825890495349e-07,0.06187273562479051,0.9792749287778664,60.0,1741
1,78,lithiation,4,0.7414838680281401,0.7511135362991871,4.41546e-05,1799.9799999999814,9000.0,-0.01994640000000001,0.032649654800000004,0.02207705469666644,855000.02,0.0746599212,0.0547135212,1801,90811,3,8999.969999999972,0.087363176,-0.00018276688156406332,5.726586397744946e-07,0.062198137961352276,0.9832141121758381,60.0,1741
1,79,lithiation,4,0.7511135362991871,0.7607432045702341,4.41546e-05,1799.9799999999814,9000.0,-0.0201732181,0.032413203200000004,0.02207705469666644,865800.02,0.0750512928,0.0548780747,1801,90811,3,8999.969999999972,0.0872912779,-0.00018657802457368606,5.112627862234016e-07,0.06257493679315831,0.9871105976610698,60.0,1741
1,80,lithiation,4,0.7607432045702341,0.7703728728412811,4.41546e-05,1799.9799999999814,9000.0,-0.0197744407,0.03227682040000001,0.02207705469666644,876600.02,0.0747384951,0.0549640544,1801,90811,3,8999.969999999972,0.0872408748,-0.00019060704413362528,4.6524265953216715e-07,0.0628648326872404,0.9897457384910832,60.0,1741
1,81,lithiation,4,0.7703728728412811,0.7800025193033472,4.41545e-05,1799.9799999999814,9000.0,-0.020038317900000005,0.032011460500000005,0.022077004697221993,887400.02,0.0751609951,0.0551226772,1801,90811,3,8999.969999999972,0.0871341377,-0.00019385814791176464,4.20617949484456e-07,0.06319262402381598,0.991879811368333,60.0,1741
1,82,lithiation,4,0.7800025193033472,0.7896321875743942,4.41546e-05,1799.9799999999814,9000.0,-0.020378548600000004,0.0319721885,0.02207705469666644,898200.02,0.0754826888,0.0551041402,1801,90811,3,8999.969999999972,0.0870763287,-0.00019941841912919176,3.723278842295305e-07,0.06345165187792208,0.9939744679947712,60.0,1741
1,83,lithiation,4,0.7896321875743942,0.799261899463403,4.41548e-05,1799.9799999999814,9000.0,-0.020228076700000007,0.0322360583,0.022077154695555327,909000.02,0.0749897733,0.0547616966,1801,90811,3,8999.969999999972,0.0869977549,-0.00020530214030592953,3.4300305404407166e-07,0.06340721120239844,0.9951693497619424,60.0,1741
1,84,lithiation,4,0.799261899463403,0.8088915895434309,4.41547e-05,1799.9799999999814,9000.0,-0.020815122899999997,0.0324480496,0.02207710469611088,919800.02,0.0752573535,0.0544422306,1801,90811,3,8999.969999999972,0.0868902802,-0.00021089272518872923,3.2013577251885535e-07,0.06336253326325303,0.9960087589907202,60.0,1741
1,85,lithiation,4,0.8088915895434309,0.8185212578144779,4.41546e-05,1799.9799999999814,9000.0,-0.020553473399999994,0.03264744209999999,0.02207705469666644,930600.02,0.0746777132,0.0541242398,1801,90811,3,8999.969999999972,0.0867716819,-0.00021684893844530463,2.976933345446749e-07,0.0633133566324356,0.9967333530955422,60.0,1741
1,86,lithiation,4,0.8185212578144779,0.8281509478945058,4.41547e-05,1799.9799999999814,9000.0,-0.0210300796,0.032708209,0.02207710469611088,941400.02,0.0749882907,0.0539582111,1801,90811,3,8999.969999999972,0.0866664201,-0.000220527103954212,2.879810432849313e-07,0.06331813210547291,0.9970432308085064,60.0,1741
1,87,lithiation,4,0.8281509478945058,0.8377807034014764,4.4155e-05,1799.9799999999814,9000.0,-0.020545315,0.032502893299999995,0.022077254694444215,952200.02,0.0745769069,0.0540315919,1801,90811,3,8999.969999999972,0.0865344852,-0.00022310653137037347,2.7003262752440476e-07,0.06353904768020595,0.9974590123358492,60.0,1741
1,88,lithiation,4,0.8377807034014764,0.8474103716725234,4.41546e-05,1799.9799999999814,9000.0,-0.02074025940000001,0.032198984199999996,0.02207705469666644,963000.02,0.0749215856,0.0541813262,1801,90811,3,8999.969999999972,0.0863803104,-0.00022564467031499085,2.580100186768989e-07,0.06384423324468157,0.9977315132239996,60.0,1741
1,89,lithiation,4,0.8474103716725235,0.8570400399435705,4.41546e-05,1799.9799999999814,9000.0,-0.020044986100000002,0.031688291599999995,0.02207705469666644,973800.02,0.0746324956,0.0545875095,1801,90811,3,8999.969999999972,0.0862758011,-0.00022669375456924837,2.544186665127028e-07,0.0643226585829307,0.9978144125521244,60.0,1741
1,90,lithiation,4,0.8570400399435705,0.8666696645966558,4.41544e-05,1799.9799999999814,9000.0,-0.020145054900000008,0.03143330290000001,0.022076954697777547,984600.02,0.0748585761,0.0547135212,1801,90811,3,8999.969999999972,0.0861468241,-0.0002321303929751653,2.672450052296101e-07,0.06472324211455893,0.9977003862157823,60.0,1741
1,91,lithiation,4,0.8666696645966558,0.8762993110587219,4.41545e-05,1799.9799999999814,9000.0,-0.020623888899999998,0.031659375899999995,0.022077004697221993,995400.02,0.074915655,0.0542917661,1801,90811,3,8999.969999999972,0.085951142,-0.00024003241568911054,2.8969127414899713e-07,0.06465932600114174,0.9974734264077594,60.0,1741
1,92,lithiation,4,0.8762993110587219,0.885928957520788,4.41545e-05,1799.9799999999814,9000.0,-0.021098274800000004,0.03194030009999999,0.022077004697221993,1006200.02,0.0748882294,0.0537899546,1801,90811,3,8999.969999999972,0.0857302547,-0.00024701986706943894,3.1870535102409655e-07,0.06446789074859641,0.9971135824439009,60.0,1741
1,93,lithiation,4,0.885928957520788,0.8955585603648923,4.41543e-05,1799.9799999999814,9000.0,-0.0208321698,0.03218786790000001,0.022076904698333105,1017000.02,0.0741447732,0.0533126034,1801,90811,3,8999.969999999972,0.0855004713,-0.0002540776257214534,3.4406801623426765e-07,0.06434185442235876,0.9968211313740634,60.0,1741
1,94,lithiation,4,0.8955585603648923,0.9051882504449202,4.41547e-05,1799.9799999999814,9000.0,-0.0219729133,0.0331751816,0.02207710469611088,1027800.02,0.0739446431,0.0519717298,1801,90811,3,8999.969999999972,0.0851469114,-0.000270310060284566,4.043112023177226e-07,0.06373657083104793,0.9961245658410192,60.0,1741
1,95,lithiation,4,0.9051882504449202,0.9148179623339292,4.41548e-05,1799.9799999999814,9000.0,-0.022289414,0.03397718439999999,0.022077154695555327,1038600.02,0.0730433092,0.0507538952,1801,90811,3,8999.969999999972,0.0847310796,-0.0002835997145193859,4.5108501874740126e-07,0.06312061134840084,0.9956197558687818,60.0,1741
1,96,lithiation,4,0.9148179623339292,0.924447674222938,4.41548e-05,1799.9799999999814,9000.0,-0.023092906999999996,0.034470100000000004,0.022077154695555327,1049400.02,0.0728283525,0.0497354455,1801,90811,3,8999.969999999972,0.0842055455,-0.0002932814473384061,4.920697624687867e-07,0.06254594703321695,0.995128497600167,60.0,1741
1,97,lithiation,4,0.924447674222938,0.9340773206850042,4.41545e-05,1799.9799999999814,9000.0,-0.022622231399999998,0.03406020629999999,0.022077004697221993,1060200.02,0.0721968338,0.0495746024,1801,90811,3,8999.969999999972,0.0836348087,-0.00029731301011235437,5.249493017327833e-07,0.06258175131271732,0.9946078944984542,60.0,1741
1,98,lithiation,4,0.9340773206850042,0.9437069671470703,4.41545e-05,1799.9799999999814,9000.0,-0.022860903299999992,0.033485751599999995,0.022077004697221993,1071000.02,0.072220549,0.0493596457,1801,90811,3,8999.969999999972,0.0828453973,-0.00031162535144474245,6.145924494955028e-07,0.06304255390529018,0.9932813696089605,60.0,1741
1,99,lithiation,4,0.9437069671470703,0.9533366572270981,4.41547e-05,1799.9799999999814,9000.0,-0.0237207152,0.033499080699999996,0.02207710469611088,1081800.02,0.071852155,0.0481314398,1801,90811,3,8999.969999999972,0.0816305205,-0.000333307007913295,7.331242393334012e-07,0.06282452791227258,0.9916569030712956,60.0,1741
1,100,lithiation,4,0.9533366572270981,0.9629662818801835,4.41544e-05,1799.9799999999814,9000.0,-0.0243025832,0.033789638399999995,0.022076954697777547,1092600.02,0.0702058971,0.0459033139,1801,90811,3,8999.969999999972,0.0796929523,-0.00036488406187398055,8.577083178844613e-07,0.06202179353824168,0.9904826528270652,60.0,1741
1,101,lithiation,4,0.9629662818801835,0.9725959065332688,4.41544e-05,1799.9799999999814,9000.0,-0.0260926374,0.03400310509999999,0.022076954697777547,1103400.02,0.068446219,0.0423535816,1801,90811,3,8999.969999999972,0.0763566867,-0.0004137609322262851,1.037180368214865e-06,0.06065773697032849,0.9891909056130325,60.0,1741
1,102,lithiation,4,0.9725959065332688,0.9822255966132967,4.41547e-05,1799.9799999999814,9000.0,-0.0287262052,0.033998638399999996,0.02207710469611088,1114200.02,0.06468153,0.0359553248,1801,90811,3,8999.969999999972,0.0699539632,-0.000498634460866569,1.339231354364729e-06,0.058125436577441035,0.9876111159150266,60.0,1741
1,103,lithiation,4,0.9822255966132967,0.9918552430753628,4.41545e-05,1799.9799999999814,9000.0,-0.0338562038,0.0325910282,0.022077004697221993,1125000.02,0.0584441088,0.024587905,1801,90811,3,8999.969999999972,0.0571789332,-0.0006398204465177755,1.7968914245723223e-06,0.05315784582019596,0.9864695970704778,60.0,1741
1,104,lithiation,4,0.9918552430753628,0.999999999999999,4.41546e-05,1522.4199999999255,28800.0,-0.0354772238,0.0330112567,0.018672735036665753,1135800.02,0.0454719178,0.009994694,1524,92792,9,28799.949999999953,0.0430059507,-0.0007836045710391858,2.0311136309084403e-06,0.04187548385306475,0.9902730462467254,60.0,1464
1,105,delithiation,10,1.0,0.9903703535379338,-4.41545e-05,1799.9799999999814,9000.0,0.036406397800000004,-0.023918725599999996,0.022077004697221993,1166122.46,0.0542923585,0.0906987563,1801,90811,9,8999.969999999972,0.0667800307,0.0007480527876542656,4.4540901693629354e-07,0.05924646578936832,0.9993838514544229,60.0,1741
1,106,delithiation,10,0.9903703535379338,0.9807407070758677,-4.41545e-05,1799.9799999999814,9000.0,0.0220898167,-0.0205193684,0.022077004697221993,1176922.46,0.077447243,0.0995370597,1801,90811,9,8999.969999999972,0.0790176913,0.00031062075910060855,3.6451340439355066e-07,0.08658019345526238,0.9976109411988748,60.0,1741
1,107,delithiation,10,0.9807407070758677,0.9711110606138015,-4.41545e-05,1799.9799999999814,9000.0,0.015361770999999996,-0.0185150355,0.022077004697221993,1187722.46,0.0884284079,0.1037901789,1801,90811,9,8999.969999999972,0.0852751434,0.00017041147627285788,2.757158017713592e-07,0.09671026901497345,0.9954683882748273,60.0,1741
1,108,delithiation,10,0.9711110606138015,0.9614813923427545,-4.41546e-05,1799.9799999999814,9000.0,0.012869797599999996,-0.018181465499999994,0.02207705469666644,1198522.46,0.0932871029,0.1061569005,1801,90811,9,8999.969999999972,0.087975435,0.00010054940075102458,4.6473271351415646e-07,0.1021405809364365,0.9641816194945975,60.0,1741
1,109,delithiation,10,0.9614813923427545,0.9518517022627266,-4.41547e-05,1799.9799999999814,9000.0,0.01197589939999999,-0.0179746598,0.02207710469611088,1209322.46,0.0950549021,0.1070308015,1801,90811,9,8999.969999999972,0.0890561417,6.629453696167575e-05,5.894696491725908e-07,0.1045192558940999,0.8791296146538559,60.0,1741
1,110,delithiation,10,0.9518517022627266,0.9422219903737178,-4.41548e-05,1799.9799999999814,9000.0,0.011455558300000002,-0.017567724000000007,0.022077154695555327,1220122.46,0.0957005098,0.1071560681,1801,90811,9,8999.969999999972,0.0895883441,5.8932170209281495e-05,6.340656853316756e-07,0.10498121739756937,0.8324252888777013,60.0,1741
1,111,delithiation,10,0.9422219903737178,0.9325923439116517,-4.41545e-05,1799.9799999999814,9000.0,0.011301390800000005,-0.017069622800000003,0.022077004697221993,1230922.46,0.0956211984,0.1069225892,1801,90811,9,8999.969999999972,0.0898529664,5.3644015003556045e-05,6.460119594852643e-07,0.10496215793479764,0.7985970419864313,60.0,1741
1,112,delithiation,10,0.9325923439116517,0.9229627192585663,-4.41544e-05,1799.9799999999814,9000.0,0.010838858800000004,-0.016303189100000004,0.022076954697777547,1241722.46,0.0955693126,0.1064081714,1801,90811,9,8999.969999999972,0.0901049823,5.504755354205598e-05,6.141318415802164e-07,0.10438140888009953,0.8220678483459354,60.0,1741
1,113,delithiation,10,0.9229627192585663,0.9133330946054811,-4.41544e-05,1799.9799999999814,9000.0,0.010850712700000001,-0.015997804699999993,0.022076954697777547,1252522.46,0.0954351574,0.1062858701,1801,90811,9,8999.969999999972,0.0902880654,5.7295242352195874e-05,6.026098968646586e-07,0.10415399922122724,0.8386665870687109,60.0,1741
1,114,delithiation,10,0.9133330946054811,0.903703448143415,-4.41545e-05,1799.9799999999814,9000.0,0.011016018700000005,-0.015905149300000004,0.022077004697221993,1263322.46,0.0953550935,0.1063711122,1801,90811,9,8999.969999999972,0.0904659629,5.915857145869914e-05,6.265676365060907e-07,0.10416763376146229,0.836768029912159,60.0,1741
1,115,delithiation,10,0.903703448143415,0.8940737798723679,-4.41546e-05,1799.9799999999814,9000.0,0.010895930299999995,-0.0158540011,0.02207705469666644,1274122.46,0.0955804288,0.1064763591,1801,90811,9,8999.969999999972,0.090622358,6.0732006687443805e-05,6.490791045785363e-07,0.10422049260840889,0.834281119237023,60.0,1741
1,116,delithiation,10,0.8940737798723679,0.8844440679833592,-4.41548e-05,1799.9799999999814,9000.0,0.011288784400000001,-0.016101576399999998,0.022077154695555327,1284922.46,0.095568575,0.1068573594,1801,90811,9,8999.969999999972,0.090755783,6.577512954540939e-05,6.775303380083684e-07,0.10439572616491703,0.844226786673866,60.0,1741
1,117,delithiation,10,0.8844440679833592,0.8748143560943503,-4.41548e-05,1799.9799999999814,9000.0,0.01138143979999999,-0.016348399200000002,0.022077154695555327,1295722.46,0.095856905,0.1072383448,1801,90811,9,8999.969999999972,0.0908899456,6.824077086421131e-05,7.319324904519234e-07,0.10469790363519693,0.8332937411070709,60.0,1741
1,118,delithiation,10,0.8748143560943503,0.8651846223963606,-4.41549e-05,1799.9799999999814,9000.0,0.011684596499999991,-0.016453653599999993,0.022077204694999773,1306522.46,0.0957175568,0.1074021533,1801,90811,9,8999.969999999972,0.0909484997,7.080681123333199e-05,7.651615528429178e-07,0.10477279428415863,0.8312035921565847,60.0,1741
1,119,delithiation,10,0.8651846223963606,0.8555549105073519,-4.41548e-05,1799.9799999999814,9000.0,0.011480018500000008,-0.016375817300000012,0.022077154695555327,1317322.46,0.0958598703,0.1073398888,1801,90811,9,8999.969999999972,0.0909640715,7.074859305947902e-05,8.021331833772278e-07,0.10472001159994676,0.8173000398195481,60.0,1741
1,120,delithiation,10,0.8555549105073519,0.8459252422363048,-4.41546e-05,1799.9799999999814,9000.0,0.011397004200000005,-0.015863642100000006,0.02207705469666644,1328122.46,0.0954981595,0.1068951637,1801,90811,9,8999.969999999972,0.0910315216,7.276110405721668e-05,7.871243296823106e-07,0.10420892751598099,0.8309023145881338,60.0,1741
1,121,delithiation,10,0.8459252422363048,0.8362956175832196,-4.41544e-05,1799.9799999999814,9000.0,0.011305093799999999,-0.015812501300000004,0.022076954697777547,1338922.46,0.0955885872,0.106893681,1801,90811,9,8999.969999999972,0.0910811797,7.80375559947368e-05,7.95782570688956e-07,0.10397104972588278,0.8468587797794098,60.0,1741
1,122,delithiation,10,0.8362956175832196,0.8266659929301343,-4.41544e-05,1799.9799999999814,9000.0,0.011596389100000007,-0.0159525871,0.022076954697777547,1349722.46,0.0955181718,0.1071145609,1801,90811,9,8999.969999999972,0.0911619738,8.365231435707789e-05,8.257569467712401e-07,0.10397165755533033,0.8551009548438676,60.0,1741
1,123,delithiation,10,0.8266659929301343,0.8170362810411256,-4.41548e-05,1799.9799999999814,9000.0,0.011916600199999988,-0.0161141754,0.022077154695555327,1360522.46,0.0954425633,0.1073591635,1801,90811,9,8999.969999999972,0.0912449881,8.950168201976575e-05,8.634800164767901e-07,0.10401625752280683,0.8606882786358739,60.0,1741
1,124,delithiation,10,0.8170362810411256,0.8074065909610976,-4.41547e-05,1799.9799999999814,9000.0,0.012178257100000006,-0.016482569200000005,0.02207710469611088,1371322.46,0.0956693813,0.1078476384,1801,90811,9,8999.969999999972,0.0913650692,9.844272880521135e-05,8.979668815502825e-07,0.10412700822168519,0.8735952999690756,60.0,1741
1,125,delithiation,10,0.8074065909610976,0.7977768572631079,-4.41549e-05,1799.9799999999814,9000.0,0.012740097899999997,-0.016958422900000006,0.022077204694999773,1382122.46,0.0956412107,0.1083813086,1801,90811,9,8999.969999999972,0.0914228857,0.00010728452858589506,9.613621387804224e-07,0.1043357339929756,0.8774726588410386,60.0,1741
1,126,delithiation,10,0.7977768572631079,0.7881471235651183,-4.41549e-05,1799.9799999999814,9000.0,0.012886106999999994,-0.01727343349999999,0.022077204694999773,1392922.46,0.0958413407,0.1087274477,1801,90811,9,8999.969999999972,0.0914540142,0.00011532258645839491,9.989181041573714e-07,0.10437619820685348,0.8845831388676505,60.0,1741
1,127,delithiation,10,0.7881471235651183,0.7785174334850904,-4.41547e-05,1799.9799999999814,9000.0,0.013076603500000006,-0.017544709200000008,0.02207710469611088,1403722.46,0.0959725305,0.109049134,1801,90811,9,8999.969999999972,0.0915044248,0.0001236933995559093,1.0387902108525473e-06,0.1043514661106416,0.8907507590142247,60.0,1741
1,128,delithiation,10,0.7785174334850904,0.7688877434050625,-4.41547e-05,1799.9799999999814,9000.0,0.013318978199999998,-0.017510607799999994,0.02207710469611088,1414522.46,0.0957531333,0.1090721115,1801,90811,9,8999.969999999972,0.0915615037,0.0001329273817430711,1.0429777955467482e-06,0.10404751312427656,0.903294701689923,60.0,1741
1,129,delithiation,10,0.7688877434050625,0.7592580533250346,-4.41547e-05,1799.9799999999814,9000.0,0.013709612199999999,-0.017742626299999995,0.02207710469611088,1425322.46,0.0956241637,0.1093337759,1801,90811,9,8999.969999999972,0.0915911496,0.0001438976104208358,1.051257167914554e-06,0.10384891872728111,0.9150693644837958,60.0,1741
1,130,delithiation,10,0.7592580533250346,0.7496283632450067,-4.41547e-05,1799.9799999999814,9000.0,0.013885281999999999,-0.017996869999999998,0.02207710469611088,1436122.46,0.0957338661,0.1096191481,1801,90811,9,8999.969999999972,0.0916222781,0.00015586270664606511,1.0582559131915302e-06,0.10364197826566145,0.9257826252766455,60.0,1741
1,131,delithiation,10,0.7496283632450067,0.7399987167829405,-4.41545e-05,1799.9799999999814,9000.0,0.014413759100000006,-0.0182837099,0.022077004697221993,1446922.46,0.0955544934,0.1099682525,1801,90811,9,8999.969999999972,0.0916845426,0.00017023752001900974,1.0582378851265484e-06,0.10340827236464764,0.9370333385063361,60.0,1741
1,132,delithiation,10,0.7399987167829405,0.7303690703208743,-4.41545e-05,1799.9799999999814,9000.0,0.014697656000000003,-0.018694355999999995,0.022077004697221993,1457722.46,0.0957153365,0.1104129925,1801,90811,9,8999.969999999972,0.0917186365,0.0001858956337884573,1.0546474272410669e-06,0.10318286635479201,0.946994231923607,60.0,1741
1,133,delithiation,10,0.7303690703208743,0.7207393802408464,-4.41547e-05,1799.9799999999814,9000.0,0.015228368399999997,-0.019084230099999988,0.02207710469611088,1468522.46,0.0956160128,0.1108443812,1801,90811,9,8999.969999999972,0.0917601511,0.00020336197678281744,1.039516886696003e-06,0.10289734125645798,0.9565364980270898,60.0,1741
1,134,delithiation,10,0.7207393802408464,0.7111097337787803,-4.41545e-05,1799.9799999999814,9000.0,0.015603423100000013,-0.019532665600000013,0.022077004697221993,1479322.46,0.0957123712,0.1113157943,1801,90811,9,8999.969999999972,0.0917831287,0.00022206033830465558,1.0109971941448622e-06,0.10259356680071803,0.9652080768205636,60.0,1741
1,135,delithiation,10,0.7111097337787803,0.7014800436987524,-4.41547e-05,1799.9799999999814,9000.0,0.016300179099999992,-0.020050041399999996,0.02207710469611088,1490122.46,0.0955804288,0.1118806079,1801,90811,9,8999.969999999972,0.0918305665,0.00024377442508275232,9.619270077058756e-07,0.10222171846895224,0.9736364221441867,60.0,1741
1,136,delithiation,10,0.7014800436987524,0.6918503972366863,-4.41545e-05,1799.9799999999814,9000.0,0.01704288270000001,-0.020632647000000004,0.022077004697221993,1500922.46,0.0954833329,0.1125262156,1801,90811,9,8999.969999999972,0.0918935686,0.00026757018612003265,9.073960296304134e-07,0.10185412274703223,0.9803926927016087,60.0,1741
1,137,delithiation,10,0.6918503972366863,0.6822207725836009,-4.41544e-05,1799.9799999999814,9000.0,0.01775000989999999,-0.021468743699999987,0.022076954697777547,1511722.46,0.0956827179,0.1134327278,1801,90811,9,8999.969999999972,0.0919639841,0.0002973074724685663,8.160065803006691e-07,0.10144864663433074,0.9870692746396772,60.0,1741
1,138,delithiation,10,0.6822207725836009,0.6725911261215347,-4.41545e-05,1799.9799999999814,9000.0,0.0189804286,-0.02256352460000001,0.022077004697221993,1522522.46,0.0956434384,0.114623867,1801,90811,9,8999.969999999972,0.0920603424,0.00033145887681834213,7.21126127516024e-07,0.10113211619327979,0.9918360073318853,60.0,1741
1,139,delithiation,10,0.6725911261215347,0.6629615014684496,-4.41544e-05,1799.9799999999814,9000.0,0.0199884996,-0.0237702355,0.022076954697777547,1533322.46,0.0959517807,0.1159402803,1801,90811,9,8999.969999999972,0.0921700448,0.00036991495746771795,5.954139524636201e-07,0.10078912252238134,0.9955148028837816,60.0,1741
1,140,delithiation,10,0.6629615014684496,0.6533318550063834,-4.41545e-05,1799.9799999999814,9000.0,0.02132270480000001,-0.024989537899999997,0.022077004697221993,1544122.46,0.0959710479,0.1172937527,1801,90811,9,8999.969999999972,0.0923042148,0.0004092739652131276,4.596547473138638e-07,0.10041055410144964,0.9978113149677392,60.0,1741
1,141,delithiation,10,0.6533318550063834,0.6437021649263555,-4.41547e-05,1799.9799999999814,9000.0,0.022664301099999992,-0.0261665955,0.02207710469611088,1554922.46,0.0959666073,0.1186309084,1801,90811,9,8999.969999999972,0.0924643129,0.00045002935862409115,3.2302645286637134e-07,0.09991250112593814,0.9991048308142249,60.0,1741
1,142,delithiation,10,0.6437021649263555,0.6340724966553084,-4.41546e-05,1799.9799999999814,9000.0,0.0237509236,-0.0272976905,0.02207705469666644,1565722.46,0.0962260365,0.1199769601,1801,90811,9,8999.969999999972,0.0926792696,0.0004916088870638589,2.7205499678601594e-07,0.09937120956280655,0.9994677173426235,60.0,1741
1,143,delithiation,10,0.6340724966553084,0.6244428065752805,-4.41547e-05,1799.9799999999814,9000.0,0.0250013694,-0.0280974581,0.02207710469611088,1576522.46,0.0962423384,0.1212437078,1801,90811,9,8999.969999999972,0.0931462497,0.0005327874091111235,3.8393549435241446e-07,0.0987759274538488,0.9990977722212038,60.0,1741
1,144,delithiation,10,0.6244428065752805,0.6148131383042335,-4.41546e-05,1799.9799999999814,9000.0,0.0265001282,-0.029057346299999995,0.02207705469666644,1587322.46,0.0965988636,0.1230989918,1801,90811,9,8999.969999999972,0.0940416455,0.0005824003079956846,5.759273162515364e-07,0.09844470879246071,0.9983023278308664,60.0,1741
1,145,delithiation,10,0.6148131383042335,0.6051834264152247,-4.41548e-05,1799.9799999999814,9000.0,0.027932897199999987,-0.029781490599999988,0.022077154695555327,1598122.46,0.0976447314,0.1255776286,1801,90811,9,8999.969999999972,0.095796138,0.0006320538168378641,7.337524202046975e-07,0.0987833602460481,0.99766184164704,60.0,1741
1,146,delithiation,10,0.6051834264152247,0.5955537581441777,-4.41546e-05,1799.9799999999814,9000.0,0.02922337509999999,-0.028963148599999988,0.02207705469666644,1608922.46,0.0993717685,0.1285951436,1801,90811,9,8999.969999999972,0.099631995,0.0006694780375789788,7.41175752824827e-07,0.10035813407205557,0.9978731119065943,60.0,1741
1,147,delithiation,10,0.5955537581441777,0.5859240244461879,-4.41549e-05,1799.9799999999814,9000.0,0.02928417180000001,-0.024804823100000012,0.022077204694999773,1619722.46,0.1030786112,0.132362783,1801,90811,9,8999.969999999972,0.1075579599,0.0006632445346541777,6.6311013128934e-07,0.10482378163988076,0.9982647211558303,60.0,1741
1,148,delithiation,10,0.5859240244461879,0.5762943125571791,-4.41548e-05,1799.9799999999814,9000.0,0.025690011699999987,-0.018199674799999996,0.022077154695555327,1630522.46,0.1112401858,0.1369301975,1801,90811,9,8999.969999999972,0.1187305227,0.0005371279126021507,1.3295507452061512e-06,0.11525760262822134,0.9894573196324284,60.0,1741
1,149,delithiation,10,0.5762943125571791,0.5666646006681704,-4.41548e-05,1799.9799999999814,9000.0,0.018479414299999983,-0.014967113799999987,0.022077154695555327,1641322.46,0.1223555431,0.1408349574,1801,90811,9,8999.969999999972,0.1258678436,0.00027813038298517577,1.5519839568250778e-06,0.1298624781529888,0.9486339878615625,60.0,1741
1,150,delithiation,10,0.5666646006681704,0.5570348669701807,-4.41549e-05,1799.9799999999814,9000.0,0.013215273599999994,-0.014295548200000008,0.022077204694999773,1652122.46,0.1296002269,0.1428155005,1801,90811,9,8999.969999999972,0.1285199523,0.0001253164967742291,1.1197981424262677e-06,0.1379522334920936,0.8780746489059286,60.0,1741
1,151,delithiation,10,0.5570348669701807,0.547405133272191,-4.41549e-05,1799.9799999999814,9000.0,0.011394083499999985,-0.01390713460000001,0.022077204694999773,1662922.46,0.1320907474,0.1434848309,1801,90811,9,8999.969999999972,0.1295776963,7.904140235977197e-05,9.621158069122848e-07,0.14052979220704903,0.7951282070829974,60.0,1741
1,152,delithiation,10,0.547405133272191,0.5377753995742014,-4.41549e-05,1799.9799999999814,9000.0,0.010752886600000011,-0.013557255300000015,0.022077204694999773,1673722.46,0.1329631805,0.1437160671,1801,90811,9,8999.969999999972,0.1301588118,6.428262255674481e-05,8.750894876811864e-07,0.14134645419020644,0.7562762699710419,60.0,1741
1,153,delithiation,10,0.5377753995742014,0.5281456658762116,-4.41549e-05,1799.9799999999814,9000.0,0.010237783199999989,-0.013366758899999998,0.022077204694999773,1684522.46,0.1336784363,0.1439162195,1801,90811,9,8999.969999999972,0.1305494606,5.9439218624555726e-05,8.310361795705173e-07,0.14175116412692,0.7463060005693364,60.0,1741
1,154,delithiation,10,0.5281456658762116,0.5185159103692412,-4.4155e-05,1799.9799999999814,9000.0,0.010229617299999993,-0.013372689399999999,0.022077254694444215,1695322.46,0.1339608431,0.1441904604,1801,90811,9,8999.969999999972,0.130817771,5.86007412595517e-05,8.097641320694267e-07,0.14205877887351023,0.7507195755045536,60.0,1741
1,155,delithiation,10,0.5185159103692412,0.5088862202892133,-4.41547e-05,1799.9799999999814,9000.0,0.01007619500000001,-0.013420879800000007,0.02207710469611088,1706122.46,0.1343870461,0.1444632411,1801,90811,9,8999.969999999972,0.1310423613,5.9261565072829146e-05,8.02327468440416e-07,0.14231343962067564,0.7582911054704852,60.0,1741
1,156,delithiation,10,0.5088862202892133,0.4992565084002044,-4.41548e-05,1799.9799999999814,9000.0,0.010378599099999997,-0.01362764829999999,0.022077154695555327,1716922.46,0.1345352829,0.144913882,1801,90811,9,8999.969999999972,0.1312862337,6.335749738930177e-05,7.947617288516422e-07,0.14258043387765065,0.7851520501118188,60.0,1741
1,157,delithiation,10,0.4992565084002044,0.4896267747022147,-4.41549e-05,1799.9799999999814,9000.0,0.010541677499999985,-0.013796657299999987,0.022077204694999773,1727722.46,0.1346813142,0.1452229917,1801,90811,9,8999.969999999972,0.1314263344,6.351879872455053e-05,8.166149265028362e-07,0.14289621245720777,0.7767422328876089,60.0,1741
1,158,delithiation,10,0.4896267747022147,0.479997062813206,-4.41548e-05,1799.9799999999814,9000.0,0.010360062099999984,-0.013852983699999988,0.022077154695555327,1738522.46,0.134937048,0.1452971101,1801,90811,9,8999.969999999972,0.1314441264,6.57314841401949e-05,8.173071558900994e-07,0.14291645258388544,0.7881101209669206,60.0,1741
1,159,delithiation,10,0.479997062813206,0.4703673945421589,-4.41546e-05,1799.9799999999814,9000.0,0.010257035500000011,-0.013566881400000008,0.02207705469666644,1749322.46,0.1347672939,0.1450243294,1801,90811,9,8999.969999999972,0.131457448,6.798850647980341e-05,7.654862903260165e-07,0.14250485629499962,0.8193721841462684,60.0,1741
1,160,delithiation,10,0.4703673945421589,0.4607377480800928,-4.41545e-05,1799.9799999999814,9000.0,0.01010954380000001,-0.013397872499999991,0.022077004697221993,1760122.46,0.1348540187,0.1449635625,1801,90811,9,8999.969999999972,0.13156569,7.450277573805184e-05,7.273408308828572e-07,0.1421819469600707,0.8578232943357967,60.0,1741
1,161,delithiation,10,0.4607377480800928,0.45110812342700746,-4.41544e-05,1799.9799999999814,9000.0,0.010348945800000009,-0.013544648900000011,0.022076954697777547,1770922.46,0.1348769963,0.1452259421,1801,90811,9,8999.969999999972,0.1316812932,8.188138970721323e-05,7.129378469490631e-07,0.1421338548122449,0.8835205839975994,60.0,1741
1,162,delithiation,10,0.45110812342700746,0.44147847696494136,-4.41545e-05,1799.9799999999814,9000.0,0.01066914200000002,-0.013822585299999995,0.022077004697221993,1781722.46,0.1349659562,0.1456350982,1801,90811,9,8999.969999999972,0.1318125129,9.042109638621224e-05,6.896737122688953e-07,0.1421577850431907,0.9081258319514788,60.0,1741
1,163,delithiation,10,0.44147847696494136,0.4318488086938944,-4.41546e-05,1799.9799999999814,9000.0,0.011027157300000007,-0.014056056699999986,0.02207705469666644,1792522.46,0.1350207925,0.1460479498,1801,90811,9,8999.969999999972,0.1319918931,9.957324317748703e-05,6.674271634718836e-07,0.14220479518896334,0.9275312789694096,60.0,1741
1,164,delithiation,10,0.4318488086938944,0.4222191186138665,-4.41547e-05,1799.9799999999814,9000.0,0.011423707000000005,-0.014650553499999996,0.02207710469611088,1803322.46,0.1354092062,0.1468329132,1801,90811,9,8999.969999999972,0.1321823597,0.00011299582710641,6.344382378521875e-07,0.1423992837796698,0.948027409356439,60.0,1741
1,165,delithiation,10,0.4222191186138665,0.4125894721518003,-4.41545e-05,1799.9799999999814,9000.0,0.011793613399999986,-0.0150397122,0.022077004697221993,1814122.46,0.1355144382,0.1473080516,1801,90811,9,8999.969999999972,0.1322683394,0.00012224397256543464,5.905254687824283e-07,0.1424627275765964,0.9610016638665684,60.0,1741
1,166,delithiation,10,0.4125894721518003,0.40295980388075336,-4.41546e-05,1799.9799999999814,9000.0,0.012067109399999998,-0.015181273200000012,0.02207705469666644,1824922.46,0.1354833245,0.1475504339,1801,90811,9,8999.969999999972,0.1323691607,0.0001330875327035537,5.155038497661737e-07,0.14220327255400256,0.9745725485125133,60.0,1741
1,167,delithiation,10,0.40295980388075336,0.39333020103664895,-4.41543e-05,1799.9799999999814,9000.0,0.012254625600000013,-0.015286505200000022,0.022076904698333105,1835722.46,0.1354936957,0.1477483213,1801,90811,9,8999.969999999972,0.1324618161,0.00014436491167433668,4.249375433297961e-07,0.1418794339496942,0.9851566549208901,60.0,1741
1,168,delithiation,10,0.39333020103664895,0.3837006418105062,-4.41541e-05,1799.9799999999814,9000.0,0.012521475599999998,-0.015273928699999995,0.022076804699444213,1846522.46,0.1354959309,0.1480174065,1801,90811,9,8999.969999999972,0.1327434778,0.00015996317247490982,3.001215121700841e-07,0.1414177057421073,0.9939158009841269,60.0,1741
1,169,delithiation,10,0.3837006418105062,0.37407106077538277,-4.41542e-05,1799.9799999999814,9000.0,0.01307442789999999,-0.015544474099999983,0.02207685469888866,1857322.46,0.1357094049,0.1487838328,1801,90811,9,8999.969999999972,0.1332393587,0.00017728569945254713,2.042033319207876e-07,0.14136785858171522,0.9976981501728734,60.0,1741
1,170,delithiation,10,0.37407106077538277,0.3644414797402592,-4.41542e-05,1799.9799999999814,9000.0,0.013619214300000015,-0.01577124000000002,0.02207685469888866,1868122.46,0.1362267733,0.1498459876,1801,90811,9,8999.969999999972,0.1340747476,0.00019374301694096487,1.5045790284344912e-07,0.1416633617990041,0.9989523354705667,60.0,1741
1,171,delithiation,10,0.3644414797402592,0.35481185508717383,-4.41544e-05,1799.9799999999814,9000.0,0.014104723900000005,-0.0156393051,0.022076954697777547,1878922.46,0.1370547116,0.1511594355,1801,90811,9,8999.969999999972,0.1355201304,0.00020648112596528186,1.5736934557426038e-07,0.14243682599864615,0.998990884991069,60.0,1741
1,172,delithiation,10,0.35481185508717383,0.3451822522430694,-4.41543e-05,1799.9799999999814,9000.0,0.014539092799999986,-0.0156126023,0.022076904698333105,1889722.46,0.1385512352,0.153090328,1801,90811,9,8999.969999999972,0.1374777257,0.00021413113340330576,1.8583244476777837e-07,0.14414050173016682,0.9986919793710516,60.0,1741
1,173,delithiation,10,0.3451822522430694,0.3355526057810033,-4.41545e-05,1799.9799999999814,9000.0,0.014201849700000019,-0.015425801300000014,0.022077004697221993,1900522.46,0.1407800913,0.154981941,1801,90811,9,8999.969999999972,0.1395561397,0.0002024825410125661,3.928937206810228e-07,0.14671804243191772,0.9934951044917677,60.0,1741
1,174,delithiation,10,0.3355526057810033,0.3259229593189372,-4.41545e-05,1799.9799999999814,9000.0,0.013974279199999995,-0.014949887999999995,0.022077004697221993,1911322.46,0.1428132653,0.1567875445,1801,90811,9,8999.969999999972,0.1418376565,0.00018500657066520133,6.71383185095415e-07,0.14936854506123248,0.977611121996595,60.0,1741
1,175,delithiation,10,0.3259229593189372,0.31629333466585197,-4.41544e-05,1799.9799999999814,9000.0,0.013640731599999983,-0.014401346499999995,0.022076954697777547,1922122.46,0.1450317502,0.1586724818,1801,90811,9,8999.969999999972,0.1442711353,0.00016615291331199112,7.578875947668852e-07,0.151996056905376,0.9650813704865816,60.0,1741
1,176,delithiation,10,0.31629333466585197,0.3066637100127666,-4.41544e-05,1799.9799999999814,9000.0,0.013389438400000009,-0.01376089459999999,0.022076954697777547,1932922.46,0.1473310292,0.1607204676,1801,90811,9,8999.969999999972,0.146959573,0.0001602491568937144,6.501152889034253e-07,0.15414770117594248,0.972175117701432,60.0,1741
1,177,delithiation,10,0.3066637100127666,0.2970340635507005,-4.41545e-05,1799.9799999999814,9000.0,0.013716340100000002,-0.013545185299999984,0.022077004697221993,1943722.46,0.14995718,0.1636735201,1801,90811,9,8999.969999999972,0.1501283348,0.0001716438958482052,5.118897456913313e-07,0.15649434636163254,0.9847689424762603,60.0,1741
1,178,delithiation,10,0.2970340635507005,0.2874044170886344,-4.41545e-05,1799.9799999999814,9000.0,0.01437157389999999,-0.013322770599999978,0.022077004697221993,1954522.46,0.1531036794,0.1674752533,1801,90811,9,8999.969999999972,0.1541524827,0.0001892741750408387,4.222457151297645e-07,0.1594672337512824,0.9914196523651683,60.0,1741
1,179,delithiation,10,0.2874044170886344,0.2777747706265683,-4.41545e-05,1799.9799999999814,9000.0,0.014654010600000017,-0.013070702600000011,0.022077004697221993,1965322.46,0.1570973694,0.17175138,1801,90811,9,8999.969999999972,0.1586806774,0.00019392624653523076,4.191279242216709e-07,0.16354943123200227,0.9919423937102119,60.0,1741
1,180,delithiation,10,0.2777747706265683,0.2681451241645021,-4.41545e-05,1799.9799999999814,9000.0,0.014218896600000003,-0.013421982500000013,0.022077004697221993,1976122.46,0.1618819833,0.1761008799,1801,90811,9,8999.969999999972,0.1626788974,0.00017556287855236124,5.140725433067771e-07,0.16868485204700304,0.9853088631936865,60.0,1741
1,181,delithiation,10,0.2681451241645021,0.258515477702436,-4.41545e-05,1799.9799999999814,9000.0,0.01461917159999998,-0.014060914499999994,0.022077004697221993,1986922.46,0.1659164727,0.1805356443,1801,90811,9,8999.969999999972,0.1664747298,0.00017671488292631554,5.131800921337235e-07,0.17295593431334208,0.9855465976996958,60.0,1741
1,182,delithiation,10,0.258515477702436,0.24888576581342725,-4.41548e-05,1799.9799999999814,9000.0,0.016126096199999995,-0.014542639199999985,0.022077154695555327,1997722.46,0.169647038,0.1857731342,1801,90811,9,8999.969999999972,0.171230495,0.00021647681291523708,4.4809835971292066e-07,0.17638889778386715,0.9926039554065451,60.0,1741
1,183,delithiation,10,0.24888576581342725,0.23925607573339935,-4.41547e-05,1799.9799999999814,9000.0,0.017673760700000013,-0.014177858799999998,0.02207710469611088,2008522.46,0.1743278801,0.1920016408,1801,90811,9,8999.969999999972,0.177823782,0.0002628750985332638,3.94370788999865e-07,0.18056796319000354,0.9961013549711071,60.0,1741
1,184,delithiation,10,0.23925607573339935,0.22962647288929494,-4.41543e-05,1799.9799999999814,9000.0,0.017954707099999995,-0.013343185100000016,0.022076904698333105,2019322.46,0.1807706058,0.1987253129,1801,90811,9,8999.969999999972,0.1853821278,0.00028205735480369885,3.1722928820715085e-07,0.1865484332811836,0.9978050886080359,60.0,1741
1,185,delithiation,10,0.22962647288929494,0.21999684823620957,-4.41544e-05,1799.9799999999814,9000.0,0.016817688900000016,-0.01363959910000001,0.022076954697777547,2030122.46,0.1882680953,0.2050857842,1801,90811,9,8999.969999999972,0.1914461851,0.00023692292302136334,4.2363809494978606e-07,0.1948694678413883,0.9944707345795576,60.0,1741
1,186,delithiation,10,0.21999684823620957,0.21036724539210516,-4.41543e-05,1799.9799999999814,9000.0,0.017359554799999982,-0.014250308299999986,0.022076904698333105,2040922.46,0.1945551634,0.2119147182,1801,90811,9,8999.969999999972,0.1976644099,0.00025079245282099165,5.487992315885633e-07,0.20085888063679555,0.991741595066062,60.0,1741
1,187,delithiation,10,0.21036724539210516,0.2007376643569816,-4.41542e-05,1799.9799999999814,9000.0,0.020245879800000005,-0.014074534100000008,0.02207685469888866,2051722.46,0.200794071,0.2210399508,1801,90811,9,8999.969999999972,0.2069654167,0.00033836427174574913,7.067889455986622e-07,0.20607630127325466,0.9924694408565436,60.0,1741
1,188,delithiation,10,0.2007376643569816,0.19110810513083898,-4.41541e-05,1799.9799999999814,9000.0,0.018108189099999977,-0.013491809399999999,0.022076804699444213,2062522.46,0.2101172209,0.22822541,1801,90811,9,8999.969999999972,0.2147336006,0.00027357745830569466,7.908856757886782e-07,0.21720190972892003,0.985674821448822,60.0,1741
1,189,delithiation,10,0.19110810513083898,0.1814784804777536,-4.41544e-05,1799.9799999999814,9000.0,0.012167275000000005,-0.013792753200000007,0.022076954697777547,2073322.46,0.2178830504,0.2300503254,1801,90811,9,8999.969999999972,0.2162575722,7.099854333902445e-05,7.332457934403412e-07,0.2272196926027102,0.8435393251259318,60.0,1741
1,190,delithiation,10,0.1814784804777536,0.1718488776336492,-4.41543e-05,1799.9799999999814,9000.0,0.011736631399999975,-0.014290124099999996,0.022076904698333105,2084122.46,0.219353646,0.2310902774,1801,90811,9,8999.969999999972,0.2168001533,5.637163161403513e-05,7.038670737636664e-07,0.22883823372744977,0.7867085134072653,60.0,1741
1,191,delithiation,10,0.1718488776336492,0.1622192311715831,-4.41545e-05,1799.9799999999814,9000.0,0.012485235900000002,-0.015096575000000001,0.022077004697221993,2094922.46,0.2198880911,0.232373327,1801,90811,9,8999.969999999972,0.217276752,7.371459920535243e-05,8.049529823414589e-07,0.22938165494699814,0.8282505596996691,60.0,1741
1,192,delithiation,10,0.1622192311715831,0.15258967194544049,-4.41541e-05,1799.9799999999814,9000.0,0.014087051199999978,-0.016444861899999996,0.022076804699444213,2105722.46,0.2203053832,0.2343924344,1801,90811,9,8999.96999999974,0.2179475725,0.00011613618580637335,8.955727969880493e-07,0.22954069609159847,0.9062807103988854,60.0,1741
1,193,delithiation,10,0.15258967194544049,0.14296009091031692,-4.41542e-05,1799.9799999999814,9000.0,0.017951816399999987,-0.019377142200000003,0.02207685469888866,2116522.46,0.2209628522,0.2389146686,1801,90811,9,8999.96999999974,0.2195375264,0.00022452779266543286,9.000819167034653e-07,0.22918710911797718,0.9728135164311122,60.0,1741
1,194,delithiation,10,0.14296009091031692,0.13333048806621262,-4.41543e-05,1799.9799999999814,9000.0,0.02817040680000002,-0.02216035120000001,0.022076904698333105,2127322.46,0.2225742936,0.2507447004,1801,90811,9,8999.96999999974,0.2285843492,0.0005234498195183687,1.4616844371093322e-06,0.2269019598933372,0.9866215039114014,60.0,1741
1,195,delithiation,10,0.13333048806621262,0.12370084160414652,-4.41545e-05,1799.9799999999814,9000.0,0.05104404690000003,-0.01444667580000003,0.022077004697221993,2138122.46,0.2316580713,0.2827021182,1801,90811,9,8999.96999999974,0.2682554424,0.0012520112650843088,5.4824866510679985e-06,0.22519761423093734,0.967730466383435,60.0,1741
1,196,delithiation,10,0.12370084160414652,0.1140712387600421,-4.41543e-05,1799.9799999999814,9000.0,0.06645306940000001,-0.016217649,0.022076904698333105,2148922.46,0.2713620067,0.3378150761,1801,90811,9,8999.96999999974,0.3215974271,0.001695416241920673,7.088120479515131e-06,0.26042524147350843,0.9705011464556141,60.0,1741
1,197,delithiation,10,0.1140712387600421,0.10444157048899505,-4.41546e-05,1799.9799999999814,9000.0,0.08558547499999997,-0.019178867299999958,0.02207705469666644,2159722.46,0.3247144818,0.4102999568,1801,90811,9,8999.96999999974,0.3911210895,0.0022188741509872813,9.602429933239279e-06,0.30869217780860225,0.9684588371606558,60.0,1741
1,198,delithiation,10,0.10444157048899505,0.09481203307183328,-4.4154e-05,1799.9799999999814,9000.0,0.1172676385,-0.023160576900000007,0.02207675469999977,2170522.46,0.3942684233,0.5115360618,1801,90811,9,8999.96999999974,0.4883754849,0.003091966920434859,1.4239615613035241e-05,0.3689947209871324,0.964428950824334,60.0,1741
1,199,delithiation,10,0.09481203307183328,0.08518251746365235,-4.41539e-05,1799.9799999999814,9000.0,0.1868977249,-0.030664145899999995,0.022076704700555325,2181322.46,0.4916387498,0.6785364747,1801,90811,9,8999.96999999974,0.6478723288,0.00503680485232329,2.7360255499709798e-05,0.4414956920085993,0.9511912723448483,60.0,1741
1,200,delithiation,10,0.08518251746365235,0.07814661242333687,-4.4154e-05,1315.1710000000894,19800.0,0.34862327579999985,-0.11475896839999988,0.016130572315001094,2192122.46,0.6513842344,1.0000075102,1317,1981,13,5999.979999999981,0.8852485418,0.011574977040316608,9.830712641038633e-05,0.5205060466874545,0.9169886612395766,60.0,1257
2,1,lithiation,4,0.0,0.010110701073439147,4.41544e-05,1799.9799999999814,9000.0,-0.33480376,0.025514304600000037,0.022076954697777547,2222237.651,0.8756830096,0.5408792496,1801,90811,3,8999.970000000205,0.5663935542,-0.00860168335255228,9.26734998433824e-06,0.8996291606934845,0.9979854964423304,60.0,1741
2,2,lithiation,4,0.010110701073439147,0.02022137924836518,4.41543e-05,1799.9799999999814,9000.0,-0.1436884999,0.022151648999999995,0.022076904698333105,2233037.651,0.5630251169,0.419336617,1801,90811,3,8999.970000000205,0.441488266,-0.003723399486415111,7.1638709642864685e-06,0.5816238763305277,0.9936036971078707,60.0,1741
2,3,lithiation,4,0.02022137924836518,0.03033210322031744,4.41545e-05,1799.9799999999814,9000.0,-0.09888988729999998,0.02007746699999996,0.022077004697221993,2243837.651,0.4379108846,0.3390209973,1801,90811,3,8999.970000000205,0.3590984643,-0.0025008054507011344,5.711718070104903e-06,0.4488132440557326,0.9910101715432064,60.0,1741
2,4,lithiation,4,0.03033210322031744,0.0404428271922697,4.41545e-05,1799.9799999999814,9000.0,-0.07588699460000004,0.01856228710000002,0.022077004697221993,2254637.651,0.3556204438,0.2797334492,1801,90811,3,8999.970000000205,0.2982957363,-0.0018724696106119495,4.491838460048388e-06,0.36219819730293235,0.9900918229506102,60.0,1741
2,5,lithiation,4,0.0404428271922697,0.05055357406273507,4.41546e-05,1799.9799999999814,9000.0,-0.06112706660000003,0.01734805110000001,0.02207705469666644,2265437.651,0.2949629724,0.2338359058,1801,90811,3,8999.970000000205,0.2511839569,-0.0014704250415931448,3.5026171426762396e-06,0.29862222070797434,0.9902290943040488,60.0,1741
2,6,lithiation,4,0.05055357406273507,0.0606642522376611,4.41543e-05,1799.9799999999814,9000.0,-0.047433972399999996,0.01519319420000001,0.022076904698333105,2276237.651,0.2480469346,0.2006129622,1801,90811,3,8999.970000000205,0.2158061564,-0.0011287447628009508,2.0835144789333234e-06,0.24919155897833598,0.9941097265871857,60.0,1741
2,7,lithiation,4,0.060664252237661094,0.07077497620961336,4.41545e-05,1799.9799999999814,9000.0,-0.01947742699999999,0.015472620699999995,0.022077004697221993,2287037.651,0.2128099799,0.1933325529,1801,90811,3,8999.970000000205,0.2088051736,-0.00024307417675367325,1.801574524612191e-06,0.20272183658617046,0.9128026491558181,60.0,1741
2,8,lithiation,4,0.07077497620961336,0.08088570018156561,4.41545e-05,1799.9799999999814,9000.0,-0.014474868799999985,0.01624131199999998,0.022077004697221993,2297837.651,0.2058371902,0.1913623214,1801,90811,3,8999.970000000205,0.2076036334,-9.701288076334951e-05,1.074907953209782e-06,0.1952647336439413,0.8240674849948489,60.0,1741
2,9,lithiation,4,0.08088570018156561,0.09099642415351789,4.41545e-05,1799.9799999999814,9000.0,-0.015147894600000017,0.017182678000000007,0.022077004697221993,2308637.651,0.204377681,0.1892297864,1801,90811,3,8999.970000000205,0.2064124644,-0.0001173040166731644,1.230891892001859e-06,0.19395391361625142,0.8392953465779153,60.0,1741
2,10,lithiation,4,0.09099642415351789,0.10110714812547016,4.41545e-05,1799.9799999999814,9000.0,-0.016672611199999993,0.018270790499999995,0.022077004697221993,2319437.651,0.2031828165,0.1865102053,1801,90811,3,8999.970000000205,0.2047809958,-0.00015857951557169704,1.3079780287433681e-06,0.19292295745494523,0.8942097361868129,60.0,1741
2,11,lithiation,4,0.10110714812547016,0.11121791789444863,4.41547e-05,1799.9799999999814,9000.0,-0.018631666899999982,0.0192010403,0.02207710469611088,2330237.651,0.2015387416,0.1829070747,1801,90811,3,8999.970000000205,0.202108115,-0.00021340773925620433,1.2901089120186833e-06,0.19161080570816372,0.9402451572699416,60.0,1741
2,12,lithiation,4,0.11121791789444863,0.12132868766342711,4.41547e-05,1799.9799999999814,9000.0,-0.0206530392,0.019241839600000005,0.02207710469611088,2341037.651,0.1989095807,0.1782565415,1801,90811,3,8999.970000000205,0.1974983811,-0.00027595440373254156,1.1029299218995976e-06,0.18968384493111962,0.9729715643686744,60.0,1741
2,13,lithiation,4,0.12132868766342711,0.1314394574324056,4.41547e-05,1799.9799999999814,9000.0,-0.021718174199999996,0.01813659070000001,0.02207710469611088,2351837.651,0.1941345632,0.172416389,1801,90811,3,8999.970000000205,0.1905529797,-0.000319729409841119,8.805064700928036e-07,0.18581829612689918,0.9869830508653988,60.0,1741
2,14,lithiation,4,0.1314394574324056,0.14155022720138408,4.41547e-05,1799.9799999999814,9000.0,-0.0213979185,0.01654219629999998,0.02207710469611088,2362637.651,0.1873292625,0.165931344,1801,90811,3,8999.970000000205,0.1824735403,-0.00032426225892246395,6.706428771504388e-07,0.179687228318612,0.992616354566203,60.0,1741
2,15,lithiation,4,0.14155022720138408,0.15166095117333633,4.41545e-05,1799.9799999999814,9000.0,-0.0205343962,0.015818774699999982,0.022077004697221993,2373437.651,0.1793394983,0.1588051021,1801,90811,3,8999.970000000205,0.1746238768,-0.00030863346574804603,5.894746084866719e-07,0.17196228211263034,0.9936962727072459,60.0,1741
2,16,lithiation,4,0.15166095117333633,0.1617716980438017,4.41546e-05,1799.9799999999814,9000.0,-0.019885808199999994,0.015465170100000009,0.02207705469666644,2384237.651,0.1715276539,0.1516418457,1801,90811,3,8999.970000000205,0.1671070158,-0.00029495596609696757,5.552567962203757e-07,0.16429838315364692,0.9938750189078401,60.0,1741
2,17,lithiation,4,0.1617716980438017,0.17188244491426707,4.41546e-05,1799.9799999999814,9000.0,-0.019343942400000008,0.015103429500000015,0.02207705469666644,2395037.651,0.1640159786,0.1446720362,1801,90811,3,8999.970000000205,0.1597754657,-0.00028504268785662723,5.153550945589996e-07,0.15684596871506915,0.9943476224902198,60.0,1741
2,18,lithiation,4,0.17188244491426707,0.18199323758175867,4.41548e-05,1799.9799999999814,9000.0,-0.018193572699999994,0.014861822100000005,0.022077154695555327,2405837.651,0.1567659974,0.1385724247,1801,90811,3,8999.970000000205,0.1534342468,-0.00025322558365353613,5.800128513661462e-07,0.14925028669146054,0.9909590233074802,60.0,1741
2,19,lithiation,4,0.18199323758175867,0.19210403024925024,4.41548e-05,1799.9799999999814,9000.0,-0.016771852999999975,0.0153006017,0.022077154695555327,2416637.651,0.1502260864,0.1334542334,1801,90811,3,8999.970000000205,0.1487548351,-0.00020824170196909064,7.064238540518032e-07,0.14230582924305235,0.9803804285385667,60.0,1741
2,20,lithiation,4,0.19210403024925024,0.20221482291674184,4.41548e-05,1799.9799999999814,9000.0,-0.0176368653,0.015410303999999986,0.022077154695555327,2427437.651,0.1455340981,0.1278972328,1801,90811,3,8999.970000000205,0.1433075368,-0.00023829187130785433,5.626133347739845e-07,0.1381049639285848,0.9903991118244154,60.0,1741
2,21,lithiation,4,0.20221482291674184,0.21232561558423343,4.41548e-05,1799.9799999999814,9000.0,-0.01795335860000001,0.014813594599999994,0.022077154695555327,2438237.651,0.1401801705,0.1222268119,1801,90811,3,8999.970000000205,0.1370404065,-0.00025390239346076405,4.976736948306711e-07,0.13298709572109857,0.9933631286306042,60.0,1741
2,22,lithiation,4,0.21232561558423343,0.22243636245469878,4.41546e-05,1799.9799999999814,9000.0,-0.015935726400000003,0.013933755399999984,0.02207705469666644,2449037.651,0.1340783536,0.1181426272,1801,90811,3,8999.970000000205,0.1320763826,-0.00020542214996472185,6.967929316805987e-07,0.1265502379277464,0.980384076317526,60.0,1741
2,23,lithiation,4,0.22243636245469878,0.23254717802070352,4.41549e-05,1799.9799999999814,9000.0,-0.012663938100000008,0.014033056800000013,0.022077204694999773,2459837.651,0.1290202141,0.116356276,1801,90811,3,8999.970000000205,0.1303893328,-0.00010836509438370395,1.008869348767226e-06,0.12058456110112166,0.8690159649302435,60.0,1741
2,24,lithiation,4,0.23254717802070352,0.24265799358670823,4.41549e-05,1799.9799999999814,9000.0,-0.012510485899999993,0.0142561868,0.022077204694999773,2470637.651,0.127348721,0.1148382351,1801,90811,3,8999.970000000205,0.1290944219,-0.00010454628707871408,9.527699003078493e-07,0.11899059714222718,0.8737971822020862,60.0,1741
2,25,lithiation,4,0.24265799358670823,0.25276880915271294,4.41549e-05,1799.9799999999814,9000.0,-0.012992285199999995,0.0143962428,0.022077204694999773,2481437.651,0.1260752976,0.1130830124,1801,90811,3,8999.970000000205,0.1274792552,-0.0001219376782933504,8.91248771474794e-07,0.11793050613763743,0.9149957385589732,60.0,1741
2,26,lithiation,4,0.25276880915271294,0.26287964761723076,4.4155e-05,1799.9799999999814,9000.0,-0.013341411999999997,0.014411084399999982,0.022077254694444215,2492237.651,0.1244601533,0.1111187413,1801,90811,3,8999.970000000205,0.1255298257,-0.00013252387692670134,8.752933901698384e-07,0.11638471001521594,0.9294880952432467,60.0,1741
2,27,lithiation,4,0.26287964761723076,0.27299050898026167,4.41551e-05,1799.9799999999814,9000.0,-0.012872934399999994,0.014983311299999996,0.02207730469388866,2503037.651,0.122333549,0.1094606146,1801,90811,3,8999.970000000205,0.1244439259,-0.00011752888386584567,9.987374115387133e-07,0.1139447140397308,0.8884325614531923,60.0,1741
2,28,lithiation,4,0.27299050898026167,0.2831013474447795,4.4155e-05,1799.9799999999814,9000.0,-0.012350380500000008,0.0155674071,0.022077254694444215,2513837.651,0.1212787852,0.1089284047,1801,90811,3,8999.970000000205,0.1244958118,-9.692668401278043e-05,1.174064039305312e-06,0.1123950904933067,0.7967171989140893,60.0,1741
2,29,lithiation,4,0.2831013474447795,0.293212117213758,4.41547e-05,1799.9799999999814,9000.0,-0.012538641700000006,0.015624493400000009,0.02207710469611088,2524637.651,0.121392183,0.1088535413,1801,90811,3,8999.970000000205,0.1244780347,-0.00010092817044080304,1.1803135774340635e-06,0.11248392096086345,0.807864322757806,60.0,1741
2,30,lithiation,4,0.293212117213758,0.30332284118571023,4.41545e-05,1799.9799999999814,9000.0,-0.012111678700000003,0.015190854699999992,0.022077004697221993,2535437.651,0.1213254705,0.1092137918,1801,90811,3,8999.970000000205,0.1244046465,-0.00010221719950468544,1.1323161036958732e-06,0.11289290961826955,0.8241330191733541,60.0,1741
2,31,lithiation,4,0.30332284118571023,0.3134336109546887,4.41547e-05,1799.9799999999814,9000.0,-0.012179136300000004,0.015142679199999995,0.02207710469611088,2546237.651,0.1213632748,0.1091841385,1801,90811,3,8999.970000000205,0.1243268177,-0.00010409397724706004,1.136924101629122e-06,0.11300054342901789,0.8281923367425954,60.0,1741
2,32,lithiation,4,0.3134336109546887,0.3235444036221803,4.41548e-05,1799.9799999999814,9000.0,-0.012248829000000003,0.015203476000000007,0.022077154695555327,2557037.651,0.1212884113,0.1090395823,1801,90811,3,8999.970000000205,0.1242430583,-0.00010633073181939665,1.1682007321423922e-06,0.11290867051270106,0.8265131069387073,60.0,1741
2,33,lithiation,4,0.3235444036221803,0.33365517339115874,4.41547e-05,1799.9799999999814,9000.0,-0.012455627399999988,0.015370994799999996,0.02207710469611088,2567837.651,0.1212632135,0.1088075861,1801,90811,3,8999.970000000205,0.1241785809,-0.00010903184326182456,1.209098119768331e-06,0.11275686854841331,0.8238227769269687,60.0,1741
2,34,lithiation,4,0.33365517339115874,0.34376596605865034,4.41548e-05,1799.9799999999814,9000.0,-0.01280327140000001,0.015763089100000002,0.022077154695555327,2578637.651,0.1211727932,0.1083695218,1801,90811,3,8999.970000000205,0.1241326109,-0.00011370742095414687,1.262048050988804e-06,0.11252928688197478,0.823569388183667,60.0,1741
2,35,lithiation,4,0.34376596605865034,0.35387680452316816,4.4155e-05,1799.9799999999814,9000.0,-0.013262823199999996,0.016158163500000003,0.022077254694444215,2589437.651,0.1211275682,0.107864745,1801,90811,3,8999.970000000205,0.1240229085,-0.00011808313536102759,1.341607878669965e-06,0.11216981280938976,0.8166741045755528,60.0,1741
2,36,lithiation,4,0.35387680452316816,0.36398759719065976,4.41548e-05,1799.9799999999814,9000.0,-0.013343632199999997,0.016307905299999995,0.022077154695555327,2600237.651,0.1208399758,0.1074963436,1801,90811,3,8999.970000000205,0.1238042489,-0.00012213719556378676,1.404751556926546e-06,0.11194191321455299,0.8129819088031515,60.0,1741
2,37,lithiation,4,0.36398759719065976,0.3740983440611252,4.41546e-05,1799.9799999999814,9000.0,-0.013310268600000008,0.01612035930000001,0.02207705469666644,2611037.651,0.1207102612,0.1073999926,1801,90811,3,8999.970000000205,0.1235203519,-0.00012480015331053915,1.439906613433747e-06,0.11191181742411742,0.8120224329425554,60.0,1741
2,38,lithiation,4,0.3740983440611252,0.3842089993375381,4.41542e-05,1799.9799999999814,9000.0,-0.013055279899999994,0.015757173299999996,0.02207685469888866,2621837.651,0.1205716357,0.1075163558,1801,90811,3,8999.970000000205,0.1232735291,-0.00012659605942056022,1.4314334721070337e-06,0.11211123628824793,0.8181084848629807,60.0,1741
2,39,lithiation,4,0.3842089993375381,0.39431963171543793,4.41541e-05,1799.9799999999814,9000.0,-0.013021923599999999,0.015751980199999988,0.022076804699444213,2632637.651,0.1203537211,0.1073317975,1801,90811,3,8999.970000000205,0.1230837777,-0.00013084240507994896,1.4570801317603218e-06,0.11209700775611674,0.822598485461448,60.0,1741
2,40,lithiation,4,0.39431963171543793,0.40443028699185085,4.41542e-05,1799.9799999999814,9000.0,-0.013340651999999995,0.016078099600000006,0.02207685469888866,2643437.651,0.120183982,0.10684333,1801,90811,3,8999.970000000205,0.1229214296,-0.00013814694741950514,1.5076664041557442e-06,0.11190324821583751,0.8284162614222387,60.0,1741
2,41,lithiation,4,0.40443028699185085,0.41454096516677685,4.41543e-05,1799.9799999999814,9000.0,-0.013716466699999999,0.016468740999999995,0.022076904698333105,2654237.651,0.1199794039,0.1062629372,1801,90811,3,8999.970000000205,0.1227316782,-0.0001467420207873081,1.5686426835030247e-06,0.11165242404086015,0.8342241047243467,60.0,1741
2,42,lithiation,4,0.41454096516677685,0.424651666240216,4.41544e-05,1799.9799999999814,9000.0,-0.014267198800000006,0.016859374999999996,0.022076954697777547,2665037.651,0.1199045405,0.1056373417,1801,90811,3,8999.970000000205,0.1224967167,-0.00015683906750687998,1.6209846690369942e-06,0.11142751555612379,0.8433419861468889,60.0,1741
2,43,lithiation,4,0.424651666240216,0.43476229861811583,4.41541e-05,1799.9799999999814,9000.0,-0.014609649799999999,0.0171558708,0.022076804699444213,2675837.651,0.1196540073,0.1050443575,1801,90811,3,8999.970000000205,0.1222002283,-0.0001677132534815645,1.6592589892250068e-06,0.11125034797472613,0.8545451559177255,60.0,1741
2,44,lithiation,4,0.43476229861811583,0.4448728851989894,4.41539e-05,1799.9799999999814,9000.0,-0.014871291800000006,0.017339698900000006,0.022076704700555325,2686637.651,0.1193693653,0.1044980735,1801,90811,3,8999.970000000205,0.1218377724,-0.0001793726982442294,1.6805068913774817e-06,0.11115778371426331,0.8675737983085711,60.0,1741
2,45,lithiation,4,0.4448728851989894,0.45498342598283675,4.41537e-05,1799.9799999999814,9000.0,-0.01507365699999999,0.017529442899999997,0.022076604701666436,2697437.651,0.1189987585,0.1039251015,1801,90811,3,8999.970000000205,0.1214545444,-0.000191855627744021,1.6857384402985134e-06,0.11110477862897257,0.8816358657466843,60.0,1741
2,46,lithiation,4,0.45498342598283675,0.4650939896651972,4.41538e-05,1799.9799999999814,9000.0,-0.0154531673,0.017774797999999994,0.02207665470111088,2708237.651,0.1187674925,0.1033143252,1801,90811,3,8999.970000000205,0.1210891232,-0.00020687685642217115,1.6709266520216121e-06,0.1111193259690665,0.8981124214602186,60.0,1741
2,47,lithiation,4,0.4650939896651972,0.4752045533475577,4.41538e-05,1799.9799999999814,9000.0,-0.016091361600000006,0.018325537399999994,0.02207665470111088,2719037.651,0.118452467,0.1023611054,1801,90811,3,8999.970000000205,0.1206866428,-0.00022769963131520754,1.6629634650357928e-06,0.11101291895475421,0.9151176714350746,60.0,1741
2,48,lithiation,4,0.4752045533475577,0.4853151399284312,4.41539e-05,1799.9799999999814,9000.0,-0.016964524999999994,0.01923426989999999,0.022076704700555325,2729837.651,0.1179558411,0.1009913161,1801,90811,3,8999.970000000205,0.120225586,-0.0002553070417733267,1.6441052401457405e-06,0.11080739737795646,0.9327346606347249,60.0,1741
2,49,lithiation,4,0.4853151399284312,0.4954257265093048,4.41539e-05,1799.9799999999814,9000.0,-0.0182386935,0.020353525900000002,0.022076704700555325,2740637.651,0.1175118461,0.0992731526,1801,90811,3,8999.970000000205,0.1196266785,-0.0002901037815200136,1.588243432489443e-06,0.11057905095642435,0.9504594816832613,60.0,1741
2,50,lithiation,4,0.4954257265093048,0.5055363359886915,4.4154e-05,1799.9799999999814,9000.0,-0.01951212429999999,0.021572835699999987,0.02207675469999977,2751437.651,0.1167728379,0.0972607136,1801,90811,3,8999.970000000205,0.1188335493,-0.0003341670383615914,1.4705178476449925e-06,0.11044169764034675,0.9674216732204324,60.0,1741
2,51,lithiation,4,0.5055363359886915,0.515646922569565,4.41539e-05,1799.9799999999814,9000.0,-0.021241418999999997,0.022812910300000003,0.022076704700555325,2762237.651,0.116027914,0.094786495,1801,90811,3,8999.970000000205,0.1175994053,-0.00038765431918343573,1.28855896933116e-06,0.11030914489611574,0.9811481696744947,60.0,1741
2,52,lithiation,4,0.515646922569565,0.5257574633534123,4.41537e-05,1799.9799999999814,9000.0,-0.023028515299999996,0.023783169699999995,0.022076604701666436,2773037.651,0.1147048101,0.0916762948,1801,90811,3,8999.970000000205,0.1154594645,-0.00045195466818682815,1.0407992208093184e-06,0.11005904916948982,0.9908618797976396,60.0,1741
2,53,lithiation,4,0.5257574633534123,0.5358680270357729,4.41538e-05,1799.9799999999814,9000.0,-0.025407843299999996,0.0229552165,0.02207665470111088,2783837.651,0.1126864329,0.0872785896,1801,90811,3,8999.970000000205,0.1102338061,-0.0005259879060556387,8.121199208469427e-07,0.10898067277118256,0.9958715056145879,60.0,1741
2,54,lithiation,4,0.5358680270357729,0.5459786136166463,4.41539e-05,1799.9799999999814,9000.0,-0.02679541710000001,0.0162448511,0.022076704700555325,2794637.651,0.1075059846,0.0807105675,1801,90811,3,8999.970000000205,0.0969554186,-0.0005626564311253088,7.729536832085161e-07,0.10408000143149629,0.9967288761318757,60.0,1741
2,55,lithiation,4,0.5459786136166463,0.5560891772990069,4.41538e-05,1799.9799999999814,9000.0,-0.019689239499999997,0.012409731699999996,0.02207665470111088,2805437.651,0.0943247005,0.074635461,1801,90811,3,8999.970000000205,0.0870451927,-0.00033615192878131843,1.2588645566573313e-06,0.08793225087400379,0.9761920690512803,60.0,1741
2,56,lithiation,4,0.5560891772990069,0.5661997638798804,4.41539e-05,1799.9799999999814,9000.0,-0.010179281299999995,0.013140581600000006,0.022076704700555325,2816237.651,0.0842862502,0.0741069689,1801,90811,3,8999.970000000205,0.0872475505,-6.53615321869589e-05,1.072446806802449e-06,0.07627213985967655,0.6811184967278179,60.0,1741
2,57,lithiation,4,0.5661997638798804,0.576310373359267,4.4154e-05,1799.9799999999814,9000.0,-0.009856112299999997,0.012970842400000002,0.02207675469999977,2827037.651,0.0844900906,0.0746339783,1801,90811,3,8999.970000000205,0.0876048207,-6.0420477900983e-05,7.470515860995706e-07,0.07680841055062745,0.7899846238300596,60.0,1741
2,58,lithiation,4,0.576310373359267,0.58642102863568,4.41542e-05,1799.9799999999814,9000.0,-0.010153338299999995,0.013213962300000007,0.02207685469888866,2837837.651,0.0847257972,0.0745724589,1801,90811,3,8999.970000000205,0.0877864212,-6.850743463439386e-05,6.981653165065296e-07,0.07712463586585322,0.8470200833245787,60.0,1741
2,59,lithiation,4,0.58642102863568,0.5965317068106061,4.41543e-05,1799.9799999999814,9000.0,-0.010710738599999992,0.013724669799999992,0.022076904698333105,2848637.651,0.0848651454,0.0741544068,1801,90811,3,8999.970000000205,0.0878790766,-7.418705023095648e-05,7.198966492719718e-07,0.07694246787565345,0.8592904247569746,60.0,1741
2,60,lithiation,4,0.5965317068106061,0.606642362087019,4.41542e-05,1799.9799999999814,9000.0,-0.010906420700000002,0.013992249999999998,0.02207685469888866,2859437.651,0.0848510638,0.0739446431,1801,90811,3,8999.970000000205,0.0879368931,-7.72501887583412e-05,7.252683393089709e-07,0.0768553448983835,0.867088821362302,60.0,1741
2,61,lithiation,4,0.606642362087019,0.6167530402619451,4.41543e-05,1799.9799999999814,9000.0,-0.011076904900000004,0.0141857118,0.022076904698333105,2870237.651,0.0848073289,0.073730424,1801,90811,3,8999.970000000205,0.0879161358,-8.029757274529235e-05,7.334026509401714e-07,0.0767626056130028,0.8733085237211388,60.0,1741
2,62,lithiation,4,0.6167530402619451,0.6268636955383581,4.41542e-05,1799.9799999999814,9000.0,-0.010938294200000004,0.014047838800000004,0.02207685469888866,2881037.651,0.0848125219,0.0738742277,1801,90811,3,8999.970000000205,0.0879220665,-8.094780591323629e-05,6.997663925457681e-07,0.07695631025544987,0.8849903889573104,60.0,1741
2,63,lithiation,4,0.6268636955383581,0.6369743508147709,4.41542e-05,1799.9799999999814,9000.0,-0.010939039299999995,0.014081940000000001,0.02207685469888866,2891837.651,0.0847836137,0.0738445744,1801,90811,3,8999.970000000205,0.0879265144,-8.466972459812247e-05,6.698799606779331e-07,0.07709556664656868,0.9018334354335189,60.0,1741
2,64,lithiation,4,0.6369743508147709,0.6470850060911839,4.41542e-05,1799.9799999999814,9000.0,-0.0109597892,0.014163471799999994,0.02207685469888866,2902637.651,0.0847080052,0.073748216,1801,90811,3,8999.970000000205,0.0879116878,-8.776860569240731e-05,6.513118065304966e-07,0.07711930973298219,0.9126058553212456,60.0,1741
2,65,lithiation,4,0.6470850060911839,0.6571956155705706,4.4154e-05,1799.9799999999814,9000.0,-0.011234790100000003,0.014385104200000012,0.02207675469999977,2913437.651,0.0847836137,0.0735488236,1801,90811,3,8999.970000000205,0.0879339278,-9.157564783935055e-05,6.288845982426443e-07,0.0771113869213734,0.9242035069460325,60.0,1741
2,66,lithiation,4,0.6571956155705706,0.6673062937454967,4.41543e-05,1799.9799999999814,9000.0,-0.011491991500000007,0.014689005899999996,0.022076904698333105,2924237.651,0.0847183838,0.0732263923,1801,90811,3,8999.970000000205,0.0879153982,-9.742382055611468e-05,6.091965906891994e-07,0.07703350678399257,0.9363329807348951,60.0,1741
2,67,lithiation,4,0.6673062937454967,0.6774170406159621,4.41546e-05,1799.9799999999814,9000.0,-0.01179145270000001,0.015090756100000005,0.02207705469666644,2935037.651,0.0845842212,0.0727927685,1801,90811,3,8999.970000000205,0.0878835246,-0.00010215730366506829,6.067271710945339e-07,0.07678306957263636,0.9422046534278898,60.0,1741
2,68,lithiation,4,0.6774170406159621,0.6875277645879142,4.41545e-05,1799.9799999999814,9000.0,-0.012001961399999997,0.0154079944,0.022077004697221993,2945837.651,0.084449321,0.0724473596,1801,90811,3,8999.970000000205,0.087855354,-0.00010683418218236903,5.920513012491203e-07,0.07662984929745376,0.9493007398629588,60.0,1741
2,69,lithiation,4,0.6875277645879142,0.6976384427628403,4.41543e-05,1799.9799999999814,9000.0,-0.012210987500000006,0.0156288817,0.022076904698333105,2956637.651,0.084364824,0.0721538365,1801,90811,3,8999.970000000205,0.0877827182,-0.00010996052661159248,5.775489689261305e-07,0.07648044889516344,0.95422238261479,60.0,1741
2,70,lithiation,4,0.6976384427628403,0.7077490980392532,4.41542e-05,1799.9799999999814,9000.0,-0.012051619600000008,0.015491016199999999,0.02207685469888866,2967437.651,0.0842988491,0.0722472295,1801,90811,3,8999.970000000205,0.0877382457,-0.00011012474759545735,5.384779866458486e-07,0.07659947317875937,0.9600815419111958,60.0,1741
2,71,lithiation,4,0.7077490980392532,0.7178597991126925,4.41544e-05,1799.9799999999814,9000.0,-0.012104988100000005,0.015579216199999996,0.022076954697777547,2978237.651,0.0842039734,0.0720989853,1801,90811,3,8999.970000000205,0.0876782015,-0.00011374697323918639,4.971167308592992e-07,0.07664859843867254,0.9678525992348038,60.0,1741
2,72,lithiation,4,0.7178597991126925,0.7279705230846446,4.41545e-05,1799.9799999999814,9000.0,-0.0122576878,0.015851251799999994,0.022077004697221993,2989037.651,0.0840846375,0.0718269497,1801,90811,3,8999.970000000205,0.0876782015,-0.00011773433569667175,4.717306193647792e-07,0.07657545777222358,0.9728404201991311,60.0,1741
2,73,lithiation,4,0.7279705230846446,0.73808126995511,4.41546e-05,1799.9799999999814,9000.0,-0.0124689266,0.0161677524,0.02207705469666644,2999837.651,0.0839675218,0.0714985952,1801,90811,3,8999.970000000205,0.0876663476,-0.00012234054196878205,4.357868731515131e-07,0.07645719054300883,0.9784112008408808,60.0,1741
2,74,lithiation,4,0.73808126995511,0.7481920168255753,4.41546e-05,1799.9799999999814,9000.0,-0.012805446999999998,0.016592480199999995,0.02207705469666644,3010637.651,0.0838259459,0.0710204989,1801,90811,3,8999.970000000205,0.0876129791,-0.00012907734523292546,4.0351365418898423e-07,0.07629394560894917,0.9832891988421656,60.0,1741
2,75,lithiation,4,0.7481920168255753,0.7583027865945537,4.41547e-05,1799.9799999999814,9000.0,-0.012978151500000007,0.01710243530000001,0.02207710469611088,3021437.651,0.0834034458,0.0704252943,1801,90811,3,8999.970000000205,0.0875277296,-0.00013504496216002908,3.8564413162602554e-07,0.07593718804013201,0.9860169902803317,60.0,1741
2,76,lithiation,4,0.7583027865945537,0.7684135792620453,4.41548e-05,1799.9799999999814,9000.0,-0.013282798200000001,0.017569407800000006,0.022077154695555327,3032237.651,0.0831803381,0.0698975399,1801,90811,3,8999.970000000205,0.0874669477,-0.00013908543232328394,3.710213907764098e-07,0.07561374588682651,0.9877765749695019,60.0,1741
2,77,lithiation,4,0.7684135792620453,0.7785243261325108,4.41546e-05,1799.9799999999814,9000.0,-0.01355260609999999,0.017912596399999994,0.02207705469666644,3043037.651,0.0830031857,0.0694505796,1801,90811,3,8999.970000000205,0.087363176,-0.0001424123480574079,3.51343247024815e-07,0.07530263311599872,0.9895264259881762,60.0,1741
2,78,lithiation,4,0.7785243261325108,0.788635050104463,4.41545e-05,1799.9799999999814,9000.0,-0.01320718970000001,0.017798446100000004,0.022077004697221993,3053837.651,0.0826889053,0.0694817156,1801,90811,3,8999.970000000205,0.0872801617,-0.00014246591578477092,3.062057827381171e-07,0.0753828610871119,0.9920305298575094,60.0,1741
2,79,lithiation,4,0.788635050104463,0.7987457511779021,4.41544e-05,1799.9799999999814,9000.0,-0.013313919300000004,0.017991907900000007,0.022076954697777547,3064637.651,0.0825406536,0.0692267343,1801,90811,3,8999.970000000205,0.0872186422,-0.00014709878079688607,2.6565712592247077e-07,0.07535572051480356,0.9943601431169119,60.0,1741
2,80,lithiation,4,0.7987457511779021,0.8088564751498544,4.41545e-05,1799.9799999999814,9000.0,-0.013524435400000007,0.018360301800000006,0.022077004697221993,3075437.651,0.0822901204,0.068765685,1801,90811,3,8999.970000000205,0.0871259868,-0.00015212898001192127,2.2920865030994926e-07,0.07516320612235021,0.9960678813041011,60.0,1741
2,81,lithiation,4,0.8088564751498544,0.8189672220203197,4.41546e-05,1799.9799999999814,9000.0,-0.013811290200000007,0.018819115999999997,0.02207705469666644,3086237.651,0.0820373669,0.0682260767,1801,90811,3,8999.970000000205,0.0870451927,-0.00015717152275308643,2.0264677147566182e-07,0.07485841471343926,0.9971174453283003,60.0,1741
2,82,lithiation,4,0.8189672220203197,0.8290779459922719,4.41545e-05,1799.9799999999814,9000.0,-0.014287151400000003,0.019470654399999995,0.022077004697221993,3097037.651,0.0817275271,0.0674403757,1801,90811,3,8999.970000000205,0.0869110301,-0.00016623479069960642,1.768624213934287e-07,0.07448906193451697,0.9980354059621621,60.0,1741
2,83,lithiation,4,0.8290779459922719,0.8391886928627372,4.41546e-05,1799.9799999999814,9000.0,-0.014579199299999998,0.020337894600000003,0.02207705469666644,3107837.651,0.0810263306,0.0664471313,1801,90811,3,8999.970000000205,0.0867850259,-0.0001737145517318935,1.8086844343670747e-07,0.07381929450454847,0.9981183673874325,60.0,1741
2,84,lithiation,4,0.8391886928627372,0.8492995084287419,4.41549e-05,1799.9799999999814,9000.0,-0.015101023000000005,0.02114138,0.022077204694999773,3118637.651,0.0805823356,0.0654813126,1801,90811,3,8999.970000000205,0.0866226926,-0.0001805973486897982,1.8223606194282642e-07,0.07320567388345822,0.9982324278132112,60.0,1741
2,85,lithiation,4,0.8492995084287419,0.8594102781977204,4.41547e-05,1799.9799999999814,9000.0,-0.015266314200000006,0.021815896,0.02207710469611088,3129437.651,0.0798722357,0.0646059215,1801,90811,3,8999.970000000205,0.0864218175,-0.00018889434145558944,1.835193218337628e-07,0.07270129530445454,0.9983612489144527,60.0,1741
2,86,lithiation,4,0.8594102781977204,0.8695210479666989,4.41547e-05,1799.9799999999814,9000.0,-0.015418998900000008,0.0220856965,0.02207710469611088,3140237.651,0.0795638859,0.064144887,1801,90811,3,8999.970000000205,0.0862305835,-0.00019277063614187823,2.1623727186098748e-07,0.07245884435564882,0.9978166183268767,60.0,1741
2,87,lithiation,4,0.8695210479666989,0.8796318406341904,4.41548e-05,1799.9799999999814,9000.0,-0.015803694699999996,0.02265941349999999,0.022077154695555327,3151037.651,0.0792029053,0.0633992106,1801,90811,3,8999.970000000205,0.0860586241,-0.00020302817614619643,2.776820913344581e-07,0.0722150988323749,0.996757557853622,60.0,1741
2,88,lithiation,4,0.8796318406341904,0.8897426104031689,4.41547e-05,1799.9799999999814,9000.0,-0.0165797658,0.023626703800000003,0.02207710469611088,3161837.651,0.0787604004,0.0621806346,1801,90811,3,8999.970000000205,0.0858073384,-0.00021782290334820462,3.421154929816151e-07,0.07167660867445966,0.995728514609236,60.0,1741
2,89,lithiation,4,0.889742610403169,0.8998533572736344,4.41546e-05,1799.9799999999814,9000.0,-0.017161626399999998,0.0248801299,0.02207705469666644,3172637.651,0.0777990222,0.0606373958,1801,90811,3,8999.970000000205,0.0855175257,-0.00023704778930426005,4.455067389752463e-07,0.07101882365361738,0.9938951235598856,60.0,1741
2,90,lithiation,4,0.8998533572736344,0.9099641957381521,4.4155e-05,1799.9799999999814,9000.0,-0.018523257200000004,0.0265656821,0.022077254694444215,3183437.651,0.0771052316,0.0585819744,1801,90811,3,8999.970000000205,0.0851476565,-0.00026343424671434237,5.777432250411822e-07,0.07021075808441113,0.9917051713948701,60.0,1741
2,91,lithiation,4,0.9099641957381521,0.9200750113041568,4.41549e-05,1799.9799999999814,9000.0,-0.0204786099,0.0288923792,0.022077204694999773,3194237.651,0.0762335509,0.055754941,1801,90811,3,8999.970000000205,0.0846473202,-0.0003000047485628921,7.204108110245134e-07,0.06902657628431545,0.9900718013409833,60.0,1741
2,92,lithiation,4,0.9200750113041568,0.9301858497686746,4.4155e-05,1799.9799999999814,9000.0,-0.0221804716,0.031380672,0.022077254694444215,3205037.651,0.0747844577,0.0526039861,1801,90811,3,8999.970000000205,0.0839846581,-0.0003401208935392779,9.350880767085455e-07,0.0677579169127473,0.9870262153265479,60.0,1741
2,93,lithiation,4,0.9301858497686746,0.9402966653346793,4.41549e-05,1799.9799999999814,9000.0,-0.0243448354,0.0337266512,0.022077204694999773,3215837.651,0.0737319067,0.0493870713,1801,90811,3,8999.970000000205,0.0831137225,-0.0003816648073863483,1.1389777495945276e-06,0.06642132098189164,0.9847492400995315,60.0,1741
2,94,lithiation,4,0.9402966653346793,0.9504074809006839,4.41549e-05,1799.9799999999814,9000.0,-0.025609362799999993,0.035247635099999994,0.022077204694999773,3226637.651,0.0723532289,0.0467438661,1801,90811,3,8999.970000000205,0.0819915012,-0.0004249608642840036,1.3326833172468651e-06,0.06573824509414626,0.9831852282638531,60.0,1741
2,95,lithiation,4,0.9504074809006839,0.9605182964666887,4.41549e-05,1799.9799999999814,9000.0,-0.027449093800000005,0.0366055668,0.022077204694999773,3237437.651,0.0711398423,0.0436907485,1801,90811,3,8999.970000000205,0.0802963153,-0.0004707770207468532,1.4972828686000286e-06,0.06471439319878017,0.9827136317239924,60.0,1741
2,96,lithiation,4,0.9605182964666887,0.9706291349312064,4.4155e-05,1799.9799999999814,9000.0,-0.029882531600000005,0.037893805600000004,0.022077254694444215,3248237.651,0.0694705993,0.0395880677,1801,90811,3,8999.970000000205,0.0774818733,-0.0005345629194155335,1.7696646863998385e-06,0.06349332877823521,0.9812981372481643,60.0,1741
2,97,lithiation,4,0.9706291349312064,0.9807399504972112,4.41549e-05,1799.9799999999814,9000.0,-0.033204685899999996,0.03887294610000001,0.022077204694999773,3259037.651,0.06676808,0.0335633941,1801,90811,3,8999.970000000205,0.0724363402,-0.0006280710118875363,2.0488556179931155e-06,0.06160546764210149,0.9818305683533559,60.0,1741
2,98,lithiation,4,0.9807399504972112,0.9908507431647028,4.41548e-05,1799.9799999999814,9000.0,-0.037301430499999996,0.038169497600000005,0.022077154695555327,3269837.651,0.0612429865,0.023941556,1801,90811,3,8999.970000000205,0.0621110536,-0.0007673472951829459,2.3598799364007073e-06,0.05810499595358179,0.9838188052725536,60.0,1741
2,99,lithiation,4,0.9908507431647028,0.9999999999999994,4.41548e-05,1628.8020000001416,28800.0,-0.0411765063,0.036758155599999995,0.019977618486001734,3280637.651,0.0511763878,0.0099998815,1630,92792,9,28799.950000000186,0.0467580371,-0.0009392922155437291,2.3360156456806618e-06,0.04924642272912752,0.9903948428064581,60.0,1570
2,100,delithiation,10,1.0,0.9898892760280478,-4.41545e-05,1799.9799999999814,9000.0,0.032303772900000007,-0.020988665500000003,0.022077004697221993,3311066.473,0.0573268905,0.0896306634,1801,90811,9,8999.970000000205,0.0686419979,0.0005695693044742752,1.7363200279895027e-06,0.06671203407915227,0.9840961052688904,60.0,1741
2,101,delithiation,10,0.9898892760280478,0.9797785978531217,-4.41543e-05,1799.9799999999814,9000.0,0.019172362999999998,-0.0160453468,0.022076904698333105,3321866.473,0.0769313648,0.0961037278,1801,90811,9,8999.970000000205,0.080058381,0.0003024844070478104,1.532939995727922e-07,0.08340391133604406,0.9995535734806117,60.0,1741
2,102,delithiation,10,0.9797785978531217,0.9696678509826563,-4.41546e-05,1799.9799999999814,9000.0,0.013951972100000001,-0.014432393000000002,0.02207705469666644,3332666.473,0.0862655267,0.1002174988,1801,90811,9,8999.970000000205,0.0857851058,0.00017535643887282235,2.5807940273186007e-07,0.09293832832209717,0.9962474192467023,60.0,1741
2,103,delithiation,10,0.9696678509826563,0.9595571270107041,-4.41545e-05,1799.9799999999814,9000.0,0.011158317299999998,-0.014054350499999993,0.022077004697221993,3343466.473,0.091029346,0.1021876633,1801,90811,9,8999.970000000205,0.0881333128,9.820422003495895e-05,4.269987179130163e-07,0.09827884255206193,0.9681694745219007,60.0,1741
2,104,delithiation,10,0.9595571270107041,0.9494464259372649,-4.41544e-05,1799.9799999999814,9000.0,0.010123580699999996,-0.013798609399999995,0.022076954697777547,3354266.473,0.0928119719,0.1029355526,1801,90811,9,8999.970000000205,0.0891369432,6.743710662075399e-05,5.087354235957566e-07,0.10036798775252229,0.909946321759044,60.0,1741
2,105,delithiation,10,0.9494464259372649,0.9393357019653127,-4.41545e-05,1799.9799999999814,9000.0,0.009616583600000006,-0.013554006800000004,0.022077004697221993,3365066.473,0.0935480073,0.1031645909,1801,90811,9,8999.970000000205,0.0896105841,5.849993850764987e-05,5.231301920184725e-07,0.10095228095908086,0.8779153711448475,60.0,1741
2,106,delithiation,10,0.9393357019653127,0.9292249779933605,-4.41545e-05,1799.9799999999814,9000.0,0.009321577799999994,-0.013148561099999997,0.022077004697221993,3375866.473,0.0937118158,0.1030333936,1801,90811,9,8999.970000000205,0.0898848325,5.494035737993819e-05,5.182547536737511e-07,0.10099800716655394,0.8659956434708946,60.0,1741
2,107,delithiation,10,0.9292249779933605,0.9191142998184344,-4.41543e-05,1799.9799999999814,9000.0,0.0091088488,-0.012709751700000008,0.022076904698333105,3386666.473,0.0937162638,0.1028251126,1801,90811,9,8999.970000000205,0.0901153609,5.359580969157421e-05,5.044768645655452e-07,0.10082623047512497,0.866497943970884,60.0,1741
2,108,delithiation,10,0.9191142998184344,0.9090036674405346,-4.41541e-05,1799.9799999999814,9000.0,0.009012490599999992,-0.01248441639999999,0.022076804699444213,3397466.473,0.0937666669,0.1027791575,1801,90811,9,8999.970000000205,0.0902947411,5.426335570240167e-05,4.963447219855263e-07,0.10072619678229476,0.8729837560615883,60.0,1741
2,109,delithiation,10,0.9090036674405346,0.8988930350626347,-4.41541e-05,1799.9799999999814,9000.0,0.009016200899999993,-0.012377686799999996,0.022076804699444213,3408266.473,0.0938081741,0.102824375,1801,90811,9,8999.970000000205,0.0904466882,5.5137700514184594e-05,5.053137630169284e-07,0.10075748626967468,0.872556396572698,60.0,1741
2,110,delithiation,10,0.8988930350626347,0.8887823339891956,-4.41544e-05,1799.9799999999814,9000.0,0.009065113999999999,-0.012393996099999999,0.022076954697777547,3419066.473,0.0939060226,0.1029711366,1801,90811,9,8999.970000000205,0.0905771405,5.652513409513773e-05,5.241974014994174e-07,0.10084877844603718,0.8699004843806992,60.0,1741
2,111,delithiation,10,0.8887823339891956,0.8786716558142695,-4.41543e-05,1799.9799999999814,9000.0,0.00916072720000001,-0.012423627100000001,0.022076904698333105,3429866.473,0.0939675421,0.1031282693,1801,90811,9,8999.970000000205,0.0907046422,5.8245257192877356e-05,5.480413853433014e-07,0.10094736425160442,0.8665818945298598,60.0,1741
2,112,delithiation,10,0.8786716558142695,0.8685609089438042,-4.41546e-05,1799.9799999999814,9000.0,0.009385325,-0.012591153300000005,0.02207705469666644,3440666.473,0.0940364748,0.1034217998,1801,90811,9,8999.970000000205,0.0908306465,6.24723212310477e-05,5.648416544091152e-07,0.10104826109293119,0.8755339969762547,60.0,1741
2,113,delithiation,10,0.8685609089438042,0.8584501391748257,-4.41547e-05,1799.9799999999814,9000.0,0.009633637900000006,-0.01286540180000001,0.02207710469611088,3451466.473,0.0941847116,0.1038183495,1801,90811,9,8999.970000000205,0.0909529477,6.488411150264234e-05,6.174735669080755e-07,0.10138320261850021,0.863936558404466,60.0,1741
2,114,delithiation,10,0.8584501391748257,0.8483395525939521,-4.41539e-05,1799.9799999999814,9000.0,0.009784847499999999,-0.01314187800000001,0.022076704700555325,3462266.473,0.0943514854,0.1041363329,1801,90811,9,8999.970000000205,0.0909944549,7.281877330321113e-05,6.563902605933325e-07,0.10140527643611574,0.8761950729916915,60.0,1741
2,115,delithiation,10,0.8483395525939521,0.8382289660130785,-4.41539e-05,1799.9799999999814,9000.0,0.009888619200000004,-0.01325009760000001,0.022076704700555325,3473066.473,0.094357416,0.1042460352,1801,90811,9,8999.970000000205,0.0909959376,7.139674242801938e-05,6.8881417686981e-07,0.10156423426884728,0.8606868506670488,60.0,1741
2,116,delithiation,10,0.8382289660130785,0.8281184481277443,-4.41536e-05,1799.9799999999814,9000.0,0.009856738200000006,-0.013049222499999999,0.02207655470222199,3483866.473,0.0942432731,0.1041000113,1801,90811,9,8999.970000000205,0.0910507888,7.305515966988972e-05,6.976092452645453e-07,0.10134795262847282,0.8631326676582396,60.0,1741
2,117,delithiation,10,0.8281184481277443,0.818007907343897,-4.41537e-05,1799.9799999999814,9000.0,0.00994642820000001,-0.01302772760000001,0.022076604701666436,3494666.473,0.0942113996,0.1041578278,1801,90811,9,8999.970000000205,0.0911301002,7.742956133034881e-05,7.190183847159767e-07,0.10125819863438504,0.8695979335564819,60.0,1741
2,118,delithiation,10,0.818007907343897,0.8078973665600495,-4.41537e-05,1799.9799999999814,9000.0,0.010144338000000003,-0.013169303500000007,0.022076604701666436,3505466.473,0.0942225158,0.1043668538,1801,90811,9,8999.970000000205,0.0911975503,8.336126722676367e-05,7.430137244922479e-07,0.10123379433414852,0.8786154350329934,60.0,1741
2,119,delithiation,10,0.8078973665600495,0.7977868257762022,-4.41537e-05,1799.9799999999814,9000.0,0.010391160899999988,-0.0133768321,0.022076604701666436,3516266.473,0.0942736566,0.1046648175,1801,90811,9,8999.970000000205,0.0912879854,8.904613350313673e-05,7.848424613283236e-07,0.10129454085116903,0.8809846996496209,60.0,1741
2,120,delithiation,10,0.7977868257762022,0.7876762620938417,-4.41538e-05,1799.9799999999814,9000.0,0.010662443899999999,-0.013761527800000006,0.02207665470111088,3527066.473,0.0944760144,0.1051384583,1801,90811,9,8999.970000000205,0.0913769305,9.938051213826013e-05,8.132602093282996e-07,0.10135791603666577,0.8956925924784978,60.0,1741
2,121,delithiation,10,0.7876762620938417,0.7775656755129681,-4.41539e-05,1799.9799999999814,9000.0,0.011173151399999998,-0.014325596400000001,0.022076704700555325,3537866.473,0.0946027562,0.1057759076,1801,90811,9,8999.970000000205,0.0914503112,0.00010817137615920093,8.808583708431767e-07,0.10166476166620224,0.8966074200110312,60.0,1741
2,122,delithiation,10,0.7775656755129681,0.7674550660335814,-4.4154e-05,1799.9799999999814,9000.0,0.011583045100000008,-0.014679156200000001,0.02207675469999977,3548666.473,0.0946183279,0.106201373,1801,90811,9,8999.970000000205,0.0915222168,0.0001176742424931335,9.267039294642239e-07,0.10173958421856148,0.9026495550366255,60.0,1741
2,123,delithiation,10,0.7674550660335814,0.7573444336556816,-4.41541e-05,1799.9799999999814,9000.0,0.011873602900000002,-0.015126109100000007,0.022076804699444213,3559466.473,0.094783619,0.1066572219,1801,90811,9,8999.970000000205,0.0915311128,0.00012918768990198868,9.56763355223098e-07,0.10175695163874673,0.9129235355637811,60.0,1741
2,124,delithiation,10,0.7573444336556816,0.7472338699733211,-4.41538e-05,1799.9799999999814,9000.0,0.012100420800000011,-0.015215069000000012,0.02207665470111088,3570266.473,0.0946791098,0.1067795306,1801,90811,9,8999.970000000205,0.0915644616,0.00013660234351082386,9.757357126436269e-07,0.10156886697687396,0.9185053026282501,60.0,1741
2,125,delithiation,10,0.7472338699733211,0.7371233062909606,-4.41538e-05,1799.9799999999814,9000.0,0.012421369500000001,-0.015432983600000005,0.02207665470111088,3581066.473,0.0946153626,0.1070367321,1801,90811,9,8999.970000000205,0.0916037485,0.00014820701921433197,9.84755682453597e-07,0.10138642773962629,0.9286992462821289,60.0,1741
2,126,delithiation,10,0.7371233062909606,0.7270127197100871,-4.41539e-05,1799.9799999999814,9000.0,0.012732677100000006,-0.015803590399999998,0.022076704700555325,3591866.473,0.094730258,0.1074629351,1801,90811,9,8999.970000000205,0.0916593447,0.00016155011829811007,9.93290110603387e-07,0.10123449083635291,0.938314155789186,60.0,1741
2,127,delithiation,10,0.7270127197100871,0.7169021102307003,-4.4154e-05,1799.9799999999814,9000.0,0.013269327599999992,-0.016268342799999988,0.02207675469999977,3602666.473,0.0947146863,0.1079840139,1801,90811,9,8999.970000000205,0.0917156711,0.00017703617716923197,1.0030048675240076e-06,0.10112317552195256,0.9471320869573546,60.0,1741
2,128,delithiation,10,0.7169021102307003,0.7067915236498268,-4.41539e-05,1799.9799999999814,9000.0,0.013867482599999995,-0.016753092499999997,0.022076704700555325,3613466.473,0.0946850404,0.108552523,1801,90811,9,8999.970000000205,0.0917994305,0.00019519843355867464,9.894021978286757e-07,0.10094208944060501,0.9572328545769421,60.0,1741
2,129,delithiation,10,0.7067915236498268,0.6966809141704401,-4.4154e-05,1799.9799999999814,9000.0,0.01460649809999999,-0.01764849569999999,0.02207675469999977,3624266.473,0.0949185193,0.1095250174,1801,90811,9,8999.970000000205,0.0918765217,0.00021806611161615463,9.895781572561386e-07,0.10095342152029498,0.9654265543662794,60.0,1741
2,130,delithiation,10,0.6966809141704401,0.6865701901984878,-4.41545e-05,1799.9799999999814,9000.0,0.015414416799999997,-0.0184193552,0.022077004697221993,3635066.473,0.0949348286,0.1103492454,1801,90811,9,8999.970000000205,0.0919298902,0.00024072689253945518,9.777696853333064e-07,0.10084432465585136,0.9721105995750378,60.0,1741
2,131,delithiation,10,0.6865701901984878,0.6764594204295094,-4.41547e-05,1799.9799999999814,9000.0,0.01607039569999999,-0.019155383099999992,0.02207710469611088,3645866.473,0.0950778797,0.1111482754,1801,90811,9,8999.970000000205,0.0919928923,0.0002646076644865464,9.728674781545412e-07,0.10064478650775303,0.9770326343695215,60.0,1741
2,132,delithiation,10,0.6764594204295094,0.6663486735590439,-4.41546e-05,1799.9799999999814,9000.0,0.016668558099999994,-0.019618652799999997,0.02207705469666644,3656666.473,0.0949896798,0.1116582379,1801,90811,9,8999.970000000205,0.0920395851,0.0002858036426592519,8.646145646090928e-07,0.10023293149596652,0.9843342300554347,60.0,1741
2,133,delithiation,10,0.6663486735590439,0.6562379266885785,-4.41546e-05,1799.9799999999814,9000.0,0.0172956363,-0.020260550099999997,0.02207705469666644,3667466.473,0.0950823277,0.112377964,1801,90811,9,8999.970000000205,0.0921174139,0.0003114857639196014,7.78255226259925e-07,0.09980142315451579,0.9892606498413578,60.0,1741
2,134,delithiation,10,0.6562379266885785,0.6461271569196001,-4.41547e-05,1799.9799999999814,9000.0,0.01823402939999999,-0.021097391899999998,0.02207710469611088,3678266.473,0.0950808451,0.1133148745,1801,90811,9,8999.970000000205,0.0922174826,0.0003420582395193741,6.69679736312717e-07,0.09939882128207593,0.9933786187671436,60.0,1741
2,135,delithiation,10,0.6461271569196001,0.6360164100491348,-4.41546e-05,1799.9799999999814,9000.0,0.0191790909,-0.0221002624,0.02207705469666644,3689066.473,0.0952446535,0.1144237444,1801,90811,9,8999.970000000205,0.092323482,0.00037655286178277095,5.408212768975348e-07,0.09899015985689166,0.9964256250892095,60.0,1741
2,136,delithiation,10,0.6360164100491348,0.6259056631786692,-4.41546e-05,1799.9799999999814,9000.0,0.020395435399999995,-0.023185409599999998,0.02207705469666644,3699866.473,0.095306918,0.1157023534,1801,90811,9,8999.970000000205,0.0925169438,0.00041496779779404694,3.938240348675491e-07,0.09852411763128875,0.9984361484641197,60.0,1741
2,137,delithiation,10,0.6259056631786692,0.6157948934096908,-4.41547e-05,1799.9799999999814,9000.0,0.021769642800000003,-0.0246374533,0.02207710469611088,3710666.473,0.0955967382,0.117366381,1801,90811,9,8999.970000000205,0.0927289277,0.0004597585651881918,2.9508721833286997e-07,0.0981735999231882,0.9992841373316886,60.0,1741
2,138,delithiation,10,0.6157948934096908,0.6056841465392255,-4.41546e-05,1799.9799999999814,9000.0,0.023197233600000006,-0.025812275700000012,0.02207705469666644,3721466.473,0.0956916139,0.1188888475,1801,90811,9,8999.970000000205,0.0930765718,0.0005034233191833781,3.235699068004586e-07,0.09775186983840908,0.9992821110228332,60.0,1741
2,139,delithiation,10,0.6056841465392255,0.5955733538717338,-4.41548e-05,1799.9799999999814,9000.0,0.024641878899999997,-0.026963397900000005,0.022077154695555327,3732266.473,0.0959288031,0.120570682,1801,90811,9,8999.970000000205,0.0936072841,0.0005501767892828922,5.063111264896712e-07,0.09729656162554295,0.9985294125425239,60.0,1741
2,140,delithiation,10,0.5955733538717338,0.5854626527982947,-4.41544e-05,1799.9799999999814,9000.0,0.025627702399999994,-0.0273443684,0.022076954697777547,3743066.473,0.096500285,0.1221279874,1801,90811,9,8999.970000000205,0.094783619,0.0005921391309139541,7.212601100037765e-07,0.09694767819131891,0.9974265436446934,60.0,1741
2,141,delithiation,10,0.5854626527982947,0.5753519975218818,-4.41542e-05,1799.9799999999814,9000.0,0.027016758900000007,-0.026560127700000005,0.02207685469888866,3753866.473,0.0975350216,0.1245517805,1801,90811,9,8999.970000000205,0.0979916528,0.0006409931182715333,9.023574291678802e-07,0.09729717963125856,0.9965655601144653,60.0,1741
2,142,delithiation,10,0.5753519975218818,0.5652413193469558,-4.41543e-05,1799.9799999999814,9000.0,0.027810618300000006,-0.021887376900000005,0.022076904698333105,3764666.473,0.1007230133,0.1285336316,1801,90811,9,8999.970000000205,0.1066462547,0.0006663965426426832,7.765485876240428e-07,0.10055817217494056,0.997644153218808,60.0,1741
2,143,delithiation,10,0.5652413193469558,0.5551306182735166,-4.41544e-05,1799.9799999999814,9000.0,0.024457342900000012,-0.014159254700000012,0.022076954697777547,3775466.473,0.1093515679,0.1338089108,1801,90811,9,8999.970000000205,0.1196496561,0.0005408876272526492,1.1747374457709962e-06,0.11184578474459927,0.9918638457630186,60.0,1741
2,144,delithiation,10,0.5551306182735167,0.5450197798089988,-4.4155e-05,1799.9799999999814,9000.0,0.01579766719999999,-0.011830270199999993,0.022077254694444215,3786266.473,0.1225193515,0.1383170187,1801,90811,9,8999.970000000205,0.1264867485,0.0002447754810117137,1.2148510891042932e-06,0.1285500136561581,0.9589234653896196,60.0,1741
2,145,delithiation,10,0.5450197798089988,0.5349089871415073,-4.41548e-05,1799.9799999999814,9000.0,0.011372566200000017,-0.011985152900000018,0.022077154695555327,3797066.473,0.129424572,0.1407971382,1801,90811,9,8999.970000000205,0.1288119853,0.000111264178083844,9.156015741706572e-07,0.13645215227944568,0.894645541974216,60.0,1741
2,146,delithiation,10,0.5349089871415073,0.5247981715755026,-4.41549e-05,1799.9799999999814,9000.0,0.010030955000000008,-0.011879146099999988,0.022077204694999773,3807866.473,0.1316941977,0.1417251527,1801,90811,9,8999.970000000205,0.1298460066,7.373575404998026e-05,8.529987940080487e-07,0.13894662866913363,0.8112119487406633,60.0,1741
2,147,delithiation,10,0.5247981715755026,0.514687378908011,-4.41548e-05,1799.9799999999814,9000.0,0.0092971325,-0.011804252900000006,0.022077154695555327,3818666.473,0.1328238249,0.1421209574,1801,90811,9,8999.970000000205,0.1303167045,6.066178122048034e-05,7.91638814097962e-07,0.139905504815577,0.7715108986006401,60.0,1741
2,148,delithiation,10,0.514687378908011,0.5045766778345717,-4.41544e-05,1799.9799999999814,9000.0,0.008842766299999999,-0.011398822099999983,0.022076954697777547,3829466.473,0.1331292093,0.1419719756,1801,90811,9,8999.970000000205,0.1305731535,5.268023637720236e-05,7.430023476362161e-07,0.14008921132029029,0.7429823180791195,60.0,1741
2,149,delithiation,10,0.5045766778345717,0.4944659309641064,-4.41546e-05,1799.9799999999814,9000.0,0.008680462900000019,-0.011157184900000006,0.02207705469666644,3840266.473,0.1332863271,0.14196679,1801,90811,9,8999.970000000205,0.1308096051,5.241936023862718e-05,7.013464908944459e-07,0.14007073808209475,0.7626010452143,60.0,1741
2,150,delithiation,10,0.4944659309641064,0.4843552069921542,-4.41545e-05,1799.9799999999814,9000.0,0.008552938700000012,-0.011131227100000002,0.022077004697221993,3851066.473,0.1336191595,0.1421720982,1801,90811,9,8999.970000000205,0.1310408711,5.358389820424372e-05,6.833690063003378e-07,0.14021707862684743,0.7795201625056868,60.0,1741
2,151,delithiation,10,0.4843552069921542,0.47424448302020206,-4.41545e-05,1799.9799999999814,9000.0,0.00865897530000001,-0.011245369899999996,0.022077004697221993,3861866.473,0.1338170469,0.1424760222,1801,90811,9,8999.970000000205,0.1312306523,5.5693508914304656e-05,6.800893118009042e-07,0.1404295437666331,0.7940845002689308,60.0,1741
2,152,delithiation,10,0.47424448302020206,0.46413373614973663,-4.41546e-05,1799.9799999999814,9000.0,0.008718997299999975,-0.011353611999999985,0.02207705469666644,3872666.473,0.1340112686,0.1427302659,1801,90811,9,8999.970000000205,0.1313766539,5.787502193357115e-05,6.832158282558817e-07,0.1406206848289022,0.804929742133089,60.0,1741
2,153,delithiation,10,0.46413373614973663,0.4540230121777844,-4.41545e-05,1799.9799999999814,9000.0,0.008852392399999992,-0.011479586299999983,0.022077004697221993,3883466.473,0.1341202259,0.1429726183,1801,90811,9,8999.970000000205,0.131493032,6.136090410275328e-05,6.800626055843033e-07,0.140709464288803,0.8239905108063833,60.0,1741
2,154,delithiation,10,0.4540230121777844,0.4439122653073191,-4.41546e-05,1799.9799999999814,9000.0,0.008979171499999994,-0.011567801199999977,0.02207705469666644,3894266.473,0.1341498494,0.1431290209,1801,90811,9,8999.970000000205,0.1315612197,6.52052962996208e-05,6.738199209207881e-07,0.140721883593229,0.8433807276498552,60.0,1741
2,155,delithiation,10,0.4439122653073191,0.43380154133536686,-4.41545e-05,1799.9799999999814,9000.0,0.008896142199999985,-0.011621147399999976,0.022077004697221993,3905066.473,0.134324044,0.1432201862,1801,90811,9,8999.970000000205,0.1315990388,7.005008356795337e-05,6.588179577304456e-07,0.14061196161110262,0.8666862273757594,60.0,1741
2,156,delithiation,10,0.43380154133536686,0.42369081736341463,-4.41545e-05,1799.9799999999814,9000.0,0.008975475999999982,-0.011532962300000005,0.022077004697221993,3915866.473,0.1342602968,0.1432357728,1801,90811,9,8999.970000000205,0.1317028105,7.62162159040084e-05,6.300577313083426e-07,0.14035952133590046,0.8937822204436388,60.0,1741
2,157,delithiation,10,0.42369081736341463,0.4135800933914625,-4.41545e-05,1799.9799999999814,9000.0,0.00921487809999999,-0.0117108524,0.022077004697221993,3926666.473,0.134324789,0.1435396671,1801,90811,9,8999.970000000205,0.1318288147,8.525838335993192e-05,6.035428789211719e-07,0.14027486080185508,0.9198406386812723,60.0,1741
2,158,delithiation,10,0.4135800933914625,0.4034693694195103,-4.41545e-05,1799.9799999999814,9000.0,0.009512841699999997,-0.01202142240000001,0.022077004697221993,3937466.473,0.1345034242,0.1440162659,1801,90811,9,8999.970000000205,0.1319948435,9.559290224013897e-05,5.733205085803571e-07,0.14031513398162054,0.9411301499980286,60.0,1741
2,159,delithiation,10,0.4034693694195103,0.39335864544755805,-4.41545e-05,1799.9799999999814,9000.0,0.00988420840000001,-0.012392043999999991,0.022077004697221993,3948266.473,0.1346590817,0.1445432901,1801,90811,9,8999.970000000205,0.1321512461,0.00010654083624566128,5.339750371151765e-07,0.14035055623042417,0.9581456297590455,60.0,1741
2,160,delithiation,10,0.39335864544755805,0.38324789857709274,-4.41546e-05,1799.9799999999814,9000.0,0.010263711199999997,-0.01275524489999999,0.02207705469666644,3959066.473,0.1348147392,0.1450784504,1801,90811,9,8999.970000000205,0.1323232055,0.00011824993585359484,4.85540586172382e-07,0.14037559020362,0.9715161394620266,60.0,1741
2,161,delithiation,10,0.38324789857709274,0.3731371288081142,-4.41547e-05,1799.9799999999814,9000.0,0.0106810034,-0.013125836899999993,0.02207710469611088,3969866.473,0.1349496543,0.1456306577,1801,90811,9,8999.970000000205,0.1325048208,0.00013039694055287461,4.2420763782112185e-07,0.14037834532827953,0.9819281972720094,60.0,1741
2,162,delithiation,10,0.3731371288081142,0.3630263819376489,-4.41546e-05,1799.9799999999814,9000.0,0.011037528500000005,-0.01343342660000002,0.02207705469666644,3980666.473,0.1351201236,0.1461576521,1801,90811,9,8999.970000000205,0.1327242255,0.00014279535354414164,3.4945462521155685e-07,0.14034311956070208,0.9896925011392687,60.0,1741
2,163,delithiation,10,0.3630263819376489,0.3529156121686704,-4.41547e-05,1799.9799999999814,9000.0,0.01142445210000001,-0.013740301199999999,0.02207710469611088,3991466.473,0.135309875,0.1467343271,1801,90811,9,8999.970000000205,0.1329940259,0.0001556608072906819,2.7040042128170974e-07,0.1403269838472011,0.9947798529886488,60.0,1741
2,164,delithiation,10,0.3529156121686704,0.34280488819671817,-4.41545e-05,1799.9799999999814,9000.0,0.011873662499999993,-0.013961941000000005,0.022077004697221993,4002266.473,0.1355729997,0.1474466622,1801,90811,9,8999.970000000205,0.1334847212,0.00016950948962776388,1.8806005895360473e-07,0.14039008986589988,0.9978641237137529,60.0,1741
2,165,delithiation,10,0.34280488819671817,0.33269411842773977,-4.41547e-05,1799.9799999999814,9000.0,0.01242884990000001,-0.014374792599999991,0.02207710469611088,4013066.473,0.1360562742,0.1484851241,1801,90811,9,8999.970000000205,0.1341103315,0.00018451365660833278,1.3428943435638536e-07,0.14076911300397288,0.9990797064516561,60.0,1741
2,166,delithiation,10,0.33269411842773977,0.3225833257602482,-4.41548e-05,1799.9799999999814,9000.0,0.012614875999999997,-0.014320671499999993,0.022077154695555327,4023866.473,0.1368575394,0.1494724154,1801,90811,9,8999.970000000205,0.1351517439,0.00019508568509761786,1.1347582697900654e-07,0.14122929307637364,0.9994119692530911,60.0,1741
2,167,delithiation,10,0.3225833257602482,0.3124725330927566,-4.41548e-05,1799.9799999999814,9000.0,0.012912124400000002,-0.013922601899999998,0.022077154695555327,4034666.473,0.1378633678,0.1507754922,1801,90811,9,8999.970000000205,0.1368528903,0.00020421020817845093,1.4771788891406122e-07,0.1421728050092147,0.9990908911823245,60.0,1741
2,168,delithiation,10,0.3124725330927566,0.3023617175267519,-4.41549e-05,1799.9799999999814,9000.0,0.013115942500000005,-0.013149470100000005,0.022077204694999773,4045466.473,0.1395185292,0.1526344717,1801,90811,9,8999.970000000205,0.1394850016,0.00020680069356178495,2.0105183566840098e-07,0.144042517595487,0.9983590383196408,60.0,1741
2,169,delithiation,10,0.3023617175267519,0.29225085616372093,-4.41551e-05,1799.9799999999814,9000.0,0.012757927199999991,-0.012526810199999988,0.02207730469388866,4056266.473,0.142180264,0.1549381912,1801,90811,9,8999.970000000205,0.142411381,0.00017891294410506817,5.501165772805603e-07,0.14768775300523174,0.9838250334639022,60.0,1741
2,170,delithiation,10,0.29225085616372093,0.2821399490036638,-4.41553e-05,1799.9799999999814,9000.0,0.01206266880000001,-0.012313306299999993,0.02207740469277755,4067066.473,0.1451947987,0.1572574675,1801,90811,9,8999.970000000205,0.1449441612,0.00014382515238250154,6.490030691815314e-07,0.15138354809541246,0.9658011794008371,60.0,1741
2,171,delithiation,10,0.2821399490036638,0.2720290876406328,-4.41551e-05,1799.9799999999814,9000.0,0.01222202189999999,-0.012336254200000007,0.02207730469388866,4077866.473,0.1476230621,0.159845084,1801,90811,9,8999.970000000205,0.1475088298,0.00014478316864389862,5.272223680903843e-07,0.15381278712712476,0.9774601945468023,60.0,1741
2,172,delithiation,10,0.2720290876406328,0.26191829497314123,-4.41548e-05,1799.9799999999814,9000.0,0.012551128899999986,-0.012046426499999985,0.022077154695555327,4088666.473,0.1502692401,0.162820369,1801,90811,9,8999.970000000205,0.1507739425,0.0001630393004093163,4.229380645099847e-07,0.1559495732906971,0.9884331310091524,60.0,1741
2,173,delithiation,10,0.26191829497314123,0.25180747940713655,-4.41549e-05,1799.9799999999814,9000.0,0.013141155200000004,-0.011681675900000021,0.022077204694999773,4099466.473,0.1534342468,0.166575402,1801,90811,9,8999.970000000205,0.1548937261,0.00018192751055284384,3.3160142155730744e-07,0.15883116147625773,0.9942557450795869,60.0,1741
2,174,delithiation,10,0.25180747940713655,0.24169668673964495,-4.41548e-05,1799.9799999999814,9000.0,0.013262718899999998,-0.011400699600000008,0.022077154695555327,4110266.473,0.1575191319,0.1707818508,1801,90811,9,8999.970000000205,0.1593811512,0.00018521653143815524,3.362342456840332e-07,0.1629408901730115,0.9943017411035234,60.0,1741
2,175,delithiation,10,0.24169668673964495,0.23158587117364027,-4.41549e-05,1799.9799999999814,9000.0,0.012732744200000007,-0.011555582300000006,0.022077204694999773,4121066.473,0.1621154845,0.1748482287,1801,90811,9,8999.970000000205,0.1632926464,0.00016501065938765274,4.1129897243486133e-07,0.16782392936885204,0.9893113264606285,60.0,1741
2,176,delithiation,10,0.23158587117364027,0.2214750327091224,-4.4155e-05,1799.9799999999814,9000.0,0.013121157899999986,-0.012021034999999985,0.022077254694444215,4131866.473,0.1660054028,0.1791265607,1801,90811,9,8999.970000000205,0.1671055257,0.00017202725506253497,3.932906878445391e-07,0.17169826879388836,0.9909925311043547,60.0,1741
2,177,delithiation,10,0.2214750327091224,0.2113641942446045,-4.4155e-05,1799.9799999999814,9000.0,0.014658450999999989,-0.012404173599999985,0.022077254694444215,4142666.473,0.169816047,0.184474498,1801,90811,9,8999.970000000205,0.1720703244,0.00021302434638040228,3.650252957874668e-07,0.17519766836645984,0.9949198665004902,60.0,1741
2,178,delithiation,10,0.2113641942446045,0.20125337867859983,-4.41549e-05,1799.9799999999814,9000.0,0.016381829999999986,-0.012438953000000003,0.022077204694999773,4153466.473,0.174885273,0.191267103,1801,90811,9,8999.970000000205,0.17882815,0.00026362515709099215,3.665128005838822e-07,0.1797534423901489,0.9966499843380929,60.0,1741
2,179,delithiation,10,0.20125337867859983,0.19114254021408195,-4.4155e-05,1799.9799999999814,9000.0,0.016894042499999984,-0.01226022839999999,0.022077254694444215,4164266.473,0.1816089153,0.1985029578,1801,90811,9,8999.970000000205,0.1862427294,0.0002764030644863804,2.8484461803465283e-07,0.18658618540139843,0.9981565618248639,60.0,1741
2,180,delithiation,10,0.19114254021408195,0.18103174754659046,-4.41548e-05,1799.9799999999814,9000.0,0.015762895400000004,-0.012441754400000005,0.022077154695555327,4175066.473,0.1889092624,0.2046721578,1801,90811,9,8999.970000000205,0.1922304034,0.00023031099376124586,3.9061670514735186e-07,0.19469071231921722,0.9950225741144028,60.0,1741
2,181,delithiation,10,0.18103174754659046,0.17092095487909886,-4.41548e-05,1799.9799999999814,8999.999999999534,0.016379624600000003,-0.012707084399999985,0.022077154695555327,4185866.473,0.1949695349,0.2113491595,1801,90811,9,8999.96999999974,0.1986420751,0.00025224160605963005,5.24685537187375e-07,0.2001995935142729,0.992531922671891,60.0,1741
2,182,delithiation,10,0.17092095487909886,0.1608101851101229,-4.41547e-05,1799.9799999995157,9000.0,0.01910364619999999,-0.012188076900000011,0.02207710469610517,4196666.473,0.2013485134,0.2204521596,1801,90811,9,8999.969999998808,0.2082640827,0.00033728344446444145,7.040127906755694e-07,0.2055409341329171,0.9924804372551568,60.0,1741
2,183,delithiation,10,0.1608101851101229,0.15069941534114706,-4.41547e-05,1799.9799999995157,9000.0,0.01594233519999999,-0.011634320100000012,0.02207710469610517,4207466.473,0.2109251618,0.226867497,1801,90811,9,8999.969999998808,0.2152331769,0.00023748051532502832,8.178523722229594e-07,0.21738521004503145,0.9797918172723614,60.0,1741
2,184,delithiation,10,0.15069941534114706,0.1405886455721712,-4.41547e-05,1799.9799999995157,9000.0,0.010718166799999984,-0.011967867599999987,0.02207710469610517,4218266.473,0.217861563,0.2285797298,1801,90811,9,8999.969999998808,0.2166118622,6.296043569801599e-05,5.432166006082369e-07,0.2260299529429578,0.885384789561224,60.0,1741
2,185,delithiation,10,0.1405886455721712,0.13047785290468217,-4.41548e-05,1799.9799999995157,9000.0,0.010721117199999991,-0.012868404400000005,0.022077154695549613,4229066.473,0.2193832994,0.2301044166,1801,90811,9,8999.969999998808,0.2172360122,5.654303407973134e-05,5.731505055146914e-07,0.22778676600382738,0.8484058689443369,60.0,1741
2,186,delithiation,10,0.13047785290468217,0.12036701444016706,-4.4155e-05,1799.9799999995157,9000.0,0.011884123100000005,-0.014022529100000014,0.022077254694438504,4239866.473,0.219948858,0.2318329811,1801,90811,9,8999.969999998808,0.217810452,7.79562819119395e-05,6.884597785694613e-07,0.2285855191130698,0.880568802322733,60.0,1741
2,187,delithiation,10,0.12036701444016706,0.11025615307713876,-4.41551e-05,1799.9799999995157,9000.0,0.013872832000000002,-0.015956371999999996,0.022077304693882947,4250666.473,0.2206359804,0.2345088124,1801,90811,9,8999.969999998808,0.2185524404,0.00012967565849224223,8.261218798144144e-07,0.22903424010732035,0.9340746430734387,60.0,1741
2,188,delithiation,10,0.11025615307713876,0.10014536040964972,-4.41548e-05,1799.9799999995157,9000.0,0.017315834799999985,-0.018309772099999982,0.022077154695549613,4261466.473,0.2212830782,0.238598913,1801,90811,9,8999.969999998808,0.2202891409,0.00022943162844379531,8.584803216529763e-07,0.22873453107841674,0.9762312468573613,60.0,1741
2,189,delithiation,10,0.10014536040964972,0.09003454484364759,-4.41549e-05,1799.9799999995157,9000.0,0.0266627371,-0.0178322494,0.02207720469499406,4272266.473,0.2228744924,0.2495372295,1801,90811,9,8999.969999998808,0.2317049801,0.0005067589086018778,1.4040837027214016e-06,0.22640977406214585,0.9868258288034728,60.0,1741
2,190,delithiation,10,0.09003454484364759,0.07992375217615866,-4.41548e-05,1799.9799999995157,9000.0,0.05084395409999998,-0.012038379899999951,0.022077154695549613,4283066.473,0.2344109714,0.2852549255,1801,90811,9,8999.969999998808,0.2732165456,0.0012888292660820848,5.782523206266817e-06,0.2260855030482698,0.9661778923041417,60.0,1741
2,191,delithiation,10,0.07992375217615866,0.06981293661015653,-4.41549e-05,1799.9799999995157,9000.0,0.06562733649999997,-0.013375669699999981,0.02207720469499406,4293866.473,0.2758902013,0.3415175378,1801,90811,9,8999.969999998808,0.3281418681,0.0017134590724020645,7.337856929327875e-06,0.2632174437882104,0.9690930554965468,60.0,1741
2,192,delithiation,10,0.06981293661015653,0.059702098145641425,-4.4155e-05,1799.9799999995157,9000.0,0.08503258230000005,-0.015591919400000043,0.022077254694438504,4304666.473,0.3308466971,0.4158792794,1801,90811,9,8999.969999998808,0.40028736,0.0022554400862903456,1.0076420771774861e-05,0.31240907518094146,0.9664547445390489,60.0,1741
2,193,delithiation,10,0.059702098145641425,0.04959121388410004,-4.41552e-05,1799.9799999995157,9000.0,0.11833956829999998,-0.019282936999999944,0.022077354693327392,4315466.473,0.4032389224,0.5215784907,1801,90811,9,8999.969999998808,0.5022955537,0.0031866627666386916,1.5286352638907982e-05,0.3742277430856234,0.9615235458890555,60.0,1741
2,194,delithiation,10,0.04959121388410004,0.03948035252107163,-4.41551e-05,1799.9799999995157,9000.0,0.19828885789999995,-0.0280709267,0.022077304693882947,4326266.473,0.5052969456,0.7035858035,1801,90811,9,8999.969999998808,0.6755148768,0.005410016566849355,3.123647159457599e-05,0.44693722977674916,0.9452036389092464,60.0,1741
2,195,delithiation,10,0.03948035252107163,0.03331340564830476,-4.41551e-05,1097.86699999962,19800.0,0.32105660439999995,-0.12111163140000003,0.01346567421435645,4337066.473,0.6789433956,1.0,1099,1981,13,5999.979999999516,0.8788883686,0.012108015449501157,0.00010167197173102923,0.5513494729353606,0.9318623602923791,60.0,1039
3,1,lithiation,4,0.0,0.010052994319579294,4.41549e-05,1799.9799999995157,9000.0,-0.32546204329999995,0.02230608469999995,0.02207720469499406,4366964.36,0.8677356839,0.5422736406,1801,90811,3,8999.96999999974,0.5645797253,-0.008420111382519512,7.907225165647486e-06,0.8942430872834841,0.9984687482534177,60.0,1741
3,2,lithiation,4,0.010052994319579294,0.020106011406720786,4.4155e-05,1799.9799999995157,9000.0,-0.13947227590000005,0.018870860300000014,0.022077254694438504,4377764.36,0.5614403486,0.4219680727,1801,90811,3,8999.96999999974,0.440838933,-0.003700230752577459,7.87850244588469e-06,0.583549449724319,0.9921779804276957,60.0,1741
3,3,lithiation,4,0.020106011406720786,0.030159051261424465,4.41551e-05,1799.9799999995157,9000.0,-0.09562692050000005,0.016430527000000028,0.022077304693882947,4388564.36,0.4379783273,0.3423514068,1801,90811,3,8999.96999999974,0.3587819338,-0.002486123289531107,6.297413221797006e-06,0.45181453685439965,0.9889653209934629,60.0,1741
3,4,lithiation,4,0.030159051261424465,0.04021211388369035,4.41552e-05,1799.9799999995157,9000.0,-0.07312515380000001,0.015403091899999999,0.022077354693327392,4399364.36,0.3557857573,0.2826606035,1801,90811,3,8999.96999999974,0.2980636954,-0.0018623522859640737,4.9026649635134796e-06,0.3648733983832966,0.9880920298665836,60.0,1741
3,5,lithiation,4,0.04021211388369035,0.05026519927351843,4.41553e-05,1799.9799999995157,9000.0,-0.05885297059999997,0.014586210199999977,0.02207740469277184,4410164.36,0.2951950133,0.2363420427,1801,90811,3,8999.96999999974,0.2509282529,-0.0014630377613832721,3.8281938467825474e-06,0.3009426999730309,0.9882338045451796,60.0,1741
3,6,lithiation,4,0.05026519927351843,0.060318261895784306,4.41552e-05,1799.9799999995157,9000.0,-0.04566094280000002,0.01332381370000002,0.022077354693327392,4420964.36,0.2480647266,0.2024037838,1801,90811,3,8999.96999999974,0.2157275975,-0.0011222312292819912,2.270084825083315e-06,0.25075859015571167,0.9929345524504476,60.0,1741
3,7,lithiation,4,0.060318261895784306,0.0703712789829258,4.4155e-05,1799.9799999995157,9000.0,-0.017275243999999995,0.013322323600000019,0.022077254694438504,4431764.36,0.21307832,0.195803076,1801,90811,3,8999.96999999974,0.2091253996,-0.0002162020742831583,1.569652134314205e-06,0.20415521870665237,0.9160349159857921,60.0,1741
3,8,lithiation,4,0.0703712789829258,0.08042431883762949,4.41551e-05,1799.9799999995157,9000.0,-0.012106597400000002,0.013500213600000005,0.022077304693882947,4442564.36,0.2064761221,0.1943695247,1801,90811,3,8999.96999999974,0.2078697383,-8.288859534989271e-05,7.911716151989312e-07,0.19773407392061412,0.863233508080628,60.0,1741
3,9,lithiation,4,0.08042431883762949,0.09047733592477099,4.4155e-05,1799.9799999995157,9000.0,-0.012802630699999984,0.014160692700000005,0.022077254694438504,4453364.36,0.2052893937,0.192486763,1801,90811,3,8999.96999999974,0.2066474557,-0.00010087931968600803,8.9777589108593e-07,0.19659024656942248,0.8789425162789821,60.0,1741
3,10,lithiation,4,0.09047733592477099,0.10053037577947467,4.41551e-05,1799.9799999995157,9000.0,-0.014127939899999997,0.01501306890000001,0.022077304693882947,4464164.36,0.2041004598,0.1899725199,1801,90811,3,8999.96999999974,0.2049855888,-0.00013763945584467895,9.864192610567718e-07,0.19560973619906058,0.9180059615567793,60.0,1741
3,11,lithiation,4,0.10053037577947467,0.11058341563417835,4.41551e-05,1799.9799999995157,9000.0,-0.015840172800000024,0.015660166800000014,0.022077304693882947,4474964.36,0.2025023401,0.1866621673,1801,90811,3,8999.96999999974,0.2023223341,-0.00018953441163392353,9.72411804489525e-07,0.19447835303491864,0.9562290649951385,60.0,1741
3,12,lithiation,4,0.11058341563417834,0.12063647825644423,4.41552e-05,1799.9799999995157,9000.0,-0.017416059900000003,0.015437811600000018,0.022077354693327392,4485764.36,0.1997130811,0.1822970212,1801,90811,3,8999.96999999974,0.1977348328,-0.0002486793470178584,7.87031639634758e-07,0.19269866492203883,0.9828799509195505,60.0,1741
3,13,lithiation,4,0.12063647825644423,0.13068949534358573,4.4155e-05,1799.9799999995157,9000.0,-0.018631696700000006,0.014179915200000004,0.022077254694438504,4496564.36,0.1951507926,0.1765190959,1801,90811,3,8999.96999999974,0.1906990111,-0.0002942977881146278,5.352794563892288e-07,0.18901739078788912,0.994280007694725,60.0,1741
3,14,lithiation,4,0.13068949534358573,0.14074251243072722,4.4155e-05,1799.9799999995157,9000.0,-0.0187050104,0.013119906099999995,0.022077254694438504,4507364.36,0.1882298589,0.1695248485,1801,90811,3,8999.96999999974,0.1826447546,-0.00030381955875106065,4.044513406918186e-07,0.18259514241072844,0.9969276948815282,60.0,1741
3,15,lithiation,4,0.14074251243072722,0.1507955067503065,4.41549e-05,1799.9799999995157,9000.0,-0.017943799499999996,0.012486934700000007,0.02207720469499406,4518164.36,0.1802667975,0.162322998,1801,90811,3,8999.96999999974,0.1748099327,-0.0002902443367511431,3.7270823737934944e-07,0.17483655695249264,0.9971406555252604,60.0,1741
3,16,lithiation,4,0.1507955067503065,0.1608484783023236,4.41548e-05,1799.9799999995157,9000.0,-0.01719883080000001,0.012161493299999993,0.022077154695549613,4528964.36,0.1723511517,0.1551523209,1801,90811,3,8999.96999999974,0.1673138142,-0.00027753965933744883,3.9880603995655445e-07,0.1672213334456721,0.9964221977863064,60.0,1741
3,17,lithiation,4,0.1608484783023236,0.1709014726219029,4.41549e-05,1799.9799999995157,9000.0,-0.016776323300000007,0.01190575960000001,0.02207720469499406,4539764.36,0.1648713648,0.1480950415,1801,90811,3,8999.96999999974,0.1600008011,-0.00027099360174342627,3.3248264075475587e-07,0.15980342184084886,0.9973891369493257,60.0,1741
3,18,lithiation,4,0.1709014726219029,0.18095444417391998,4.41548e-05,1799.9799999995157,9000.0,-0.015585154300000015,0.011640399699999998,0.022077154695549613,4550564.36,0.1575657725,0.1419806182,1801,90811,3,8999.96999999974,0.1536210179,-0.00023832357053851915,3.290541502496458e-07,0.15214620640151288,0.9966958255149223,60.0,1741
3,19,lithiation,4,0.18095444417391998,0.19100734742325048,4.41545e-05,1799.9799999995157,9000.0,-0.014151603000000013,0.01193910840000001,0.02207700469721628,4561364.36,0.1512156427,0.1370640397,1801,90811,3,8999.96999999974,0.1490031481,-0.00019118563032391808,4.501805394551754e-07,0.14529523233457511,0.9904501806213377,60.0,1741
3,20,lithiation,4,0.19100734742325048,0.20106025067258101,4.41545e-05,1799.9799999995157,9000.0,-0.01490321750000001,0.011905014500000005,0.02207700469721628,4572164.36,0.1466192603,0.1317160428,1801,90811,3,8999.96999999974,0.1436210573,-0.00021977839466803895,3.661943593044232e-07,0.141256414822408,0.99519535582818,60.0,1741
3,21,lithiation,4,0.20106025067258101,0.2111132222245981,4.41548e-05,1799.9799999995157,9000.0,-0.01534643770000002,0.011481016900000002,0.022077154695549613,4582964.36,0.1412356794,0.1258892417,1801,90811,3,8999.96999999974,0.1373702586,-0.00024145154819954455,2.640697213174897e-07,0.13628823520893762,0.9979242531621911,60.0,1741
3,22,lithiation,4,0.2111132222245981,0.2211661482414908,4.41546e-05,1799.9799999995157,9000.0,-0.01366459569999999,0.010927312000000008,0.022077054696660724,4593764.36,0.1350382566,0.1213736609,1801,90811,3,8999.96999999974,0.1323009729,-0.00019772566552260834,4.3462971048799847e-07,0.12955017974526065,0.9916674416056879,60.0,1741
3,23,lithiation,4,0.2211661482414908,0.23121907425838353,4.41546e-05,1799.9799999995157,9000.0,-0.010523967499999995,0.011001430500000006,0.022077054696660724,4604564.36,0.1300467849,0.1195228174,1801,90811,3,8999.96999999974,0.1305242479,-9.589588878451475e-05,7.489374723720136e-07,0.12332545382844032,0.9041022782717103,60.0,1741
3,24,lithiation,4,0.23121907425838353,0.24127202304283846,4.41547e-05,1799.9799999995157,9000.0,-0.010257147199999997,0.011203043100000018,0.02207710469610517,4615364.36,0.1282997131,0.1180425659,1801,90811,3,8999.96999999974,0.129245609,-9.103144457966859e-05,7.022787393197956e-07,0.12172353684587103,0.906208420864507,60.0,1741
3,25,lithiation,4,0.24127202304283846,0.2513249490597312,4.41546e-05,1799.9799999995157,9000.0,-0.01077453040000001,0.011417247299999989,0.022077054696660724,4626164.36,0.1269677281,0.1161931977,1801,90811,3,8999.96999999974,0.127610445,-0.00011130051177864748,6.657843317781625e-07,0.1207206531150199,0.9414191805095321,60.0,1741
3,26,lithiation,4,0.2513249490597312,0.2613778523090617,4.41545e-05,1799.9799999995157,9000.0,-0.011073224300000004,0.01131349059999999,0.02207700469721628,4636964.36,0.1253243983,0.114251174,1801,90811,3,8999.96999999974,0.1255646646,-0.00012374480653358407,6.521377455815906e-07,0.11923021719396405,0.9539277139569958,60.0,1741
3,27,lithiation,4,0.2613778523090617,0.27143082386107875,4.41548e-05,1799.9799999995157,9000.0,-0.010547712399999992,0.011626303199999993,0.022077154695549613,4647764.36,0.1232326701,0.1126849577,1801,90811,3,8999.96999999974,0.1243112609,-0.00011044714329598775,7.357251082699371e-07,0.11696969278268121,0.9283626638066533,60.0,1741
3,28,lithiation,4,0.27143082386107875,0.28148384094822027,4.4155e-05,1799.9799999995157,9000.0,-0.010108888199999999,0.012621015299999996,0.022077254694438504,4658564.36,0.1219051257,0.1117962375,1801,90811,3,8999.96999999974,0.1244172528,-8.551346530462241e-05,9.628040749032688e-07,0.11489398792907358,0.819371163291015,60.0,1741
3,29,lithiation,4,0.28148384094822027,0.2915368352677995,4.41549e-05,1799.9799999995157,9000.0,-0.010331273099999996,0.012899726599999994,0.02207720469499406,4669364.36,0.1219859198,0.1116546467,1801,90811,3,8999.96999999974,0.1245543733,-8.972476477765614e-05,9.89265575153442e-07,0.11488541742137491,0.8254925818427618,60.0,1741
3,30,lithiation,4,0.2915368352677995,0.3015898295873788,4.41549e-05,1799.9799999995157,9000.0,-0.0105410368,0.012813001899999996,0.02207720469499406,4680164.36,0.1221578792,0.1116168424,1801,90811,3,8999.96999999974,0.1244298443,-9.332590595125621e-05,9.718500076511633e-07,0.11500959367846375,0.8413406992303772,60.0,1741
3,31,lithiation,4,0.3015898295873788,0.31164277837183374,4.41547e-05,1799.9799999995157,9000.0,-0.010205998999999993,0.012343064,0.02207710469610517,4690964.36,0.1220407709,0.1118347719,1801,90811,3,8999.96999999974,0.1241778359,-9.158345361071344e-05,9.788736678883073e-07,0.11516652694587037,0.8342622518691298,60.0,1741
3,32,lithiation,4,0.31164277837183374,0.32169563608603985,4.41543e-05,1799.9799999995157,9000.0,-0.010061457799999993,0.012069538199999993,0.022076904698327394,4701764.36,0.1220037118,0.111942254,1801,90811,3,8999.96999999974,0.1240117922,-9.280554959178256e-05,9.729865558532477e-07,0.11533706709398642,0.8395276007554748,60.0,1741
3,33,lithiation,4,0.32169563608603985,0.3317485165678082,4.41544e-05,1799.9799999995157,9000.0,-0.010090380999999995,0.012168869400000004,0.02207695469777184,4712564.36,0.12185473,0.111764349,1801,90811,3,8999.96999999974,0.1239332184,-9.47802654375942e-05,1.004178288195846e-06,0.11521043660847848,0.8366782973677295,60.0,1741
3,34,lithiation,4,0.3317485165678082,0.34180139704957646,4.41544e-05,1799.9799999995157,9000.0,-0.010265290800000007,0.012418657600000008,0.02207695469777184,4723364.36,0.1217212901,0.1114559993,1801,90811,3,8999.96999999974,0.1238746569,-9.713837319733606e-05,1.0505252521593657e-06,0.11500118525560876,0.8309853695156831,60.0,1741
3,35,lithiation,4,0.34180139704957646,0.3518543686015935,4.41548e-05,1799.9799999995157,9000.0,-0.010476544500000004,0.012737393400000005,0.022077154695549613,4734164.36,0.1216041818,0.1111276373,1801,90811,3,8999.96999999974,0.1238650307,-0.00010128393873178892,1.0936137983863526e-06,0.1148163705027742,0.8314326511964882,60.0,1741
3,36,lithiation,4,0.3518543686015935,0.36190734015361065,4.41548e-05,1799.9799999995157,9000.0,-0.0110354275,0.013362243799999993,0.022077154695549613,4744964.36,0.1214996651,0.1104642376,1801,90811,3,8999.96999999974,0.1238264814,-0.00010619976010416633,1.1913974241567995e-06,0.11433837447007775,0.8204389642453267,60.0,1741
3,37,lithiation,4,0.36190734015361065,0.3719603344731899,4.41549e-05,1799.9799999995157,9000.0,-0.011536508799999998,0.0138292312,0.02207720469499406,4755764.36,0.121418871,0.1098823622,1801,90811,3,8999.96999999974,0.1237115934,-0.00011235984159201418,1.274545133073195e-06,0.11397989618636231,0.8171518565380398,60.0,1741
3,38,lithiation,4,0.3719603344731899,0.3820133515603314,4.4155e-05,1799.9799999995157,9000.0,-0.011891543899999996,0.014093100999999997,0.022077254694438504,4766564.36,0.1213314012,0.1094398573,1801,90811,3,8999.96999999974,0.1235329583,-0.00011822465733506417,1.348477125094592e-06,0.11375993032267706,0.8155006179113591,60.0,1741
3,39,lithiation,4,0.3820133515603314,0.39206632311234846,4.41548e-05,1799.9799999995157,9000.0,-0.011950850499999999,0.014049366099999988,0.022077154695549613,4777364.36,0.1210860685,0.109135218,1801,90811,3,8999.96999999974,0.1231845841,-0.00012381122913815415,1.414022873715919e-06,0.11363110363315253,0.8151116725162851,60.0,1741
3,40,lithiation,4,0.39206632311234846,0.40211922636167896,4.41545e-05,1799.9799999995157,9000.0,-0.011726245299999993,0.013773605199999997,0.02207700469721628,4788164.36,0.120868139,0.1091418937,1801,90811,3,8999.96999999974,0.1229154989,-0.00012766419708657768,1.4153896674127277e-06,0.11377982612825753,0.8238904671022199,60.0,1741
3,41,lithiation,4,0.40211922636167896,0.4121721068434473,4.41544e-05,1799.9799999995157,9000.0,-0.011901199799999998,0.013970792300000007,0.02207695469777184,4798964.36,0.1206398532,0.1087386534,1801,90811,3,8999.96999999974,0.1227094457,-0.00013427572091610982,1.456598903995677e-06,0.11366857944066067,0.8301254618307848,60.0,1741
3,42,lithiation,4,0.4121721068434473,0.4222249873252156,4.41544e-05,1799.9799999995157,9000.0,-0.01222065089999999,0.014300629499999995,0.02207695469777184,4809764.36,0.1204182133,0.1081975624,1801,90811,3,8999.96999999974,0.1224981919,-0.00014329149321562598,1.5162688129786718e-06,0.11346774186542083,0.8370160133153803,60.0,1741
3,43,lithiation,4,0.4222249873252156,0.4322778905745461,4.41545e-05,1799.9799999995157,9000.0,-0.012752115699999997,0.014848410999999992,0.02207700469721628,4820564.36,0.1202781126,0.1075259969,1801,90811,3,8999.96999999974,0.1223744079,-0.0001558102132904698,1.5603234797462986e-06,0.1132909481866656,0.8515013905298469,60.0,1741
3,44,lithiation,4,0.4322778905745461,0.44233086212656314,4.41548e-05,1799.9799999995157,9000.0,-0.013620108300000003,0.0157304853,0.022077154695549613,4831364.36,0.1200438961,0.1064237878,1801,90811,3,8999.96999999974,0.1221542731,-0.0001728688528468465,1.6440816104728401e-06,0.11287359994302548,0.8640844856898415,60.0,1741
3,45,lithiation,4,0.4423308621265632,0.4523838336785803,4.41548e-05,1799.9799999995157,9000.0,-0.014310188599999996,0.016488768200000004,0.022077154695549613,4842164.36,0.1196932867,0.1053830981,1801,90811,3,8999.96999999974,0.1218718663,-0.00019263771377951431,1.6920749917242111e-06,0.11261552995835687,0.881701858689355,60.0,1741
3,46,lithiation,4,0.4523838336785803,0.46243680523059744,4.41548e-05,1799.9799999995157,9000.0,-0.015053637300000006,0.0171010122,0.022077154695549613,4852964.36,0.1193841919,0.1043305546,1801,90811,3,8999.96999999974,0.1214315668,-0.0002144415853743735,1.7106906719448226e-06,0.11244821995039544,0.9003585516246814,60.0,1741
3,47,lithiation,4,0.46243680523059744,0.4724897312474901,4.41546e-05,1799.9799999995157,9000.0,-0.015513941600000011,0.0173782408,0.022077054696660724,4863764.36,0.1190610155,0.1035470739,1801,90811,3,8999.96999999974,0.1209253147,-0.00023253108257981404,1.689929097399531e-06,0.11239574843536293,0.9158775458336798,60.0,1741
3,48,lithiation,4,0.4724897312474901,0.48254261172925844,4.41544e-05,1799.9799999995157,9000.0,-0.015790417799999998,0.017539814099999995,0.02207695469777184,4874564.36,0.1186370328,0.102846615,1801,90811,3,8999.96999999974,0.1203864291,-0.00025328507843660065,1.6128525806717784e-06,0.11253209758352536,0.9341315053897451,60.0,1741
3,49,lithiation,4,0.48254261172925844,0.4925955377461511,4.41546e-05,1799.9799999995157,9000.0,-0.016610235,0.01822768150000001,0.022077054696660724,4885364.36,0.1181693301,0.1015590951,1801,90811,3,8999.96999999974,0.1197867766,-0.00028144531420348323,1.5653584698758519e-06,0.11246912941760044,0.948951479557153,60.0,1741
3,50,lithiation,4,0.4925955377461511,0.5026484409954817,4.41545e-05,1799.9799999995157,9000.0,-0.01774133,0.0192186907,0.02207700469721628,4896164.36,0.1175489053,0.0998075753,1801,90811,3,8999.96999999974,0.119026266,-0.0003181182607476238,1.4872390324119804e-06,0.11229783837710057,0.9633829876944272,60.0,1741
3,51,lithiation,4,0.5026484409954817,0.5127013670123743,4.41546e-05,1799.9799999995157,9000.0,-0.019275672699999996,0.02053215359999999,0.022077054696660724,4906964.36,0.1167639419,0.0974882692,1801,90811,3,8999.96999999974,0.1180204228,-0.0003676613414682338,1.3381545492686184e-06,0.11213494350558915,0.9774822457654709,60.0,1741
3,52,lithiation,4,0.5127013670123743,0.5227543385643915,4.41548e-05,1799.9799999995157,9000.0,-0.021760284899999996,0.022172495700000003,0.022077154695549613,4917764.36,0.1156765744,0.0939162895,1801,90811,3,8999.96999999974,0.1160887852,-0.00043759576909194376,1.1557823214058145e-06,0.11162795707793041,0.9880141561611328,60.0,1741
3,53,lithiation,4,0.5227543385643915,0.5328073556515329,4.4155e-05,1799.9799999995157,9000.0,-0.0243827254,0.021887838899999998,0.022077254694438504,4928564.36,0.1136448458,0.0892621204,1801,90811,3,8999.96999999974,0.1111499593,-0.000516236247364477,9.023544925683365e-07,0.1105061909861291,0.994714871239969,60.0,1741
3,54,lithiation,4,0.5328073556515329,0.5428603955062365,4.41551e-05,1799.9799999995157,9000.0,-0.026338823100000006,0.015525862500000001,0.022077304693882947,4939364.36,0.1087712571,0.082432434,1801,90811,3,8999.96999999974,0.0979582965,-0.0005675357154369638,7.923632374531062e-07,0.10601611014023754,0.9966217469099892,60.0,1741
3,55,lithiation,4,0.5428603955062365,0.5529133442906915,4.41547e-05,1799.9799999995157,9000.0,-0.01958101990000001,0.011131107799999998,0.02207710469610517,4950164.36,0.095647797,0.0760667771,1801,90811,3,8999.96999999974,0.0871978849,-0.00035753034563448707,1.2253998943560164e-06,0.09027476552013741,0.9799807868892737,60.0,1741
3,56,lithiation,4,0.5529133442906915,0.5629663158427086,4.41548e-05,1799.9799999995157,9000.0,-0.009209007000000005,0.011569172099999997,0.022077154695549613,4960964.36,0.0849585384,0.0757495314,1801,90811,3,8999.96999999974,0.0873187035,-6.252872028080766e-05,1.071392819756884e-06,0.0777770653232136,0.6620106890004097,60.0,1741
3,57,lithiation,4,0.5629663158427086,0.5730192190920391,4.41545e-05,1799.9799999995157,9000.0,-0.008602686200000001,0.01119115200000001,0.02207700469721628,4971764.36,0.085097149,0.0764944628,1801,90811,3,8999.96999999974,0.0876856148,-5.527577179421573e-05,7.055901812912321e-07,0.07847702365541749,0.7792059882580794,60.0,1741
3,58,lithiation,4,0.5730192190920391,0.5830720995738075,4.41544e-05,1799.9799999995157,9000.0,-0.008720539499999999,0.0110896006,0.02207695469777184,4982564.36,0.0854900032,0.0767694637,1801,90811,3,8999.96999999974,0.0878590643,-6.051247919336258e-05,6.443451664711042e-07,0.07900025622012392,0.8353013552740353,60.0,1741
3,59,lithiation,4,0.5830720995738075,0.5931250255907001,4.41546e-05,1799.9799999995157,9000.0,-0.008839875499999997,0.011210419200000002,0.022077054696660724,4993364.36,0.0856367648,0.0767968893,1801,90811,3,8999.96999999974,0.0880073085,-6.550047320047122e-05,6.159223976637876e-07,0.07925162918266476,0.8667262410749197,60.0,1741
3,60,lithiation,4,0.5931250255907001,0.6031779743751551,4.41547e-05,1799.9799999995157,9000.0,-0.009254969700000004,0.011629954000000012,0.02207710469610517,5004164.36,0.0856619701,0.0764070004,1801,90811,3,8999.96999999974,0.0880369544,-7.118807102592461e-05,6.422895011065966e-07,0.07909091378692353,0.8759926966758225,60.0,1741
3,61,lithiation,4,0.6031779743751551,0.6132309459271722,4.41548e-05,1799.9799999995157,9000.0,-0.009465478299999996,0.011906437499999992,0.022077154695549613,5014964.36,0.085652329,0.0761868507,1801,90811,3,8999.96999999974,0.0880932882,-7.420212649807035e-05,6.483360232273129e-07,0.07899658810674874,0.8827995479930753,60.0,1741
3,62,lithiation,4,0.6132309459271722,0.6232839402467515,4.41549e-05,1799.9799999995157,9000.0,-0.009578145999999996,0.011922001799999998,0.02207720469499406,5025764.36,0.0856679007,0.0760897547,1801,90811,3,8999.96999999974,0.0880117565,-7.687977455187844e-05,6.468901544948585e-07,0.07901382398332271,0.8903750419270655,60.0,1741
3,63,lithiation,4,0.6232839402467515,0.6333368662636443,4.41546e-05,1799.9799999995157,9000.0,-0.0093224197,0.011625506000000008,0.022077054696660724,5036564.36,0.0856960639,0.0763736442,1801,90811,3,8999.96999999974,0.0879991502,-7.494201515370658e-05,6.232678511532015e-07,0.07920993880601013,0.8926329072402113,60.0,1741
3,64,lithiation,4,0.6333368662636443,0.6433897695129748,4.41545e-05,1799.9799999995157,9000.0,-0.009038522899999998,0.011280089699999996,0.02207700469721628,5047364.36,0.0857664794,0.0767279565,1801,90811,3,8999.96999999974,0.0880080462,-7.711780978852992e-05,5.644427154939813e-07,0.07967835202274426,0.9147790872624383,60.0,1741
3,65,lithiation,4,0.6433897695129748,0.6534426272271808,4.41543e-05,1799.9799999995157,9000.0,-0.009077809800000003,0.011260084900000009,0.022076904698327394,5058164.36,0.0857879743,0.0767101645,1801,90811,3,8999.96999999974,0.0879702494,-8.087956931860013e-05,5.368025877534003e-07,0.07984006262369957,0.9288466818724935,60.0,1741
3,66,lithiation,4,0.6534426272271808,0.6634954621738247,4.41542e-05,1799.9799999995157,9000.0,-0.009146750000000009,0.011377938099999999,0.022076854698882948,5068964.36,0.0857279375,0.0765811875,1801,90811,3,8999.96999999974,0.0879591256,-8.430127908225087e-05,5.221044898392591e-07,0.07983998301425516,0.9374679672438702,60.0,1741
3,67,lithiation,4,0.6634954621738247,0.6735482743529065,4.41541e-05,1799.9799999995157,9000.0,-0.009301669900000004,0.0115447194,0.022076804699438506,5079764.36,0.085674569,0.0763728991,1801,90811,3,8999.96999999974,0.0879176185,-8.772133725993205e-05,5.069479549508423e-07,0.07980358076774632,0.945109405939738,60.0,1741
3,68,lithiation,4,0.6735482743529065,0.6836011092995504,4.41542e-05,1799.9799999995157,9000.0,-0.009398773299999996,0.011598832899999995,0.022076854698882948,5090564.36,0.0856723487,0.0762735754,1801,90811,3,8999.96999999974,0.0878724083,-9.036675945743088e-05,4.8868069563585e-07,0.07980693181151846,0.951606192698781,60.0,1741
3,69,lithiation,4,0.6836011092995504,0.6936539442461943,4.41542e-05,1799.9799999995157,9000.0,-0.009400993600000004,0.011594377400000008,0.022076854698882948,5101364.36,0.0856219456,0.076220952,1801,90811,3,8999.96999999974,0.0878153294,-9.265272536196214e-05,4.666529655817811e-07,0.07986928520032852,0.9577503081677331,60.0,1741
3,70,lithiation,4,0.6936539442461943,0.703706756425276,4.41541e-05,1799.9799999995157,9000.0,-0.009387649600000006,0.0115069151,0.022076804699438506,5112164.36,0.0856315792,0.0762439296,1801,90811,3,8999.96999999974,0.0877508447,-9.382652449960475e-05,4.388061710198934e-07,0.07995595682296149,0.9633578119410092,60.0,1741
3,71,lithiation,4,0.703706756425276,0.7137595003016712,4.41538e-05,1799.9799999995157,9000.0,-0.0092223585,0.011383131099999999,0.02207665470110517,5122964.36,0.0855463371,0.0763239786,1801,90811,3,8999.96999999974,0.0877071097,-9.483681266677788e-05,4.066411407670833e-07,0.0801106632982416,0.9690186423487228,60.0,1741
3,72,lithiation,4,0.7137595003016712,0.7238122669456285,4.41539e-05,1799.9799999995157,9000.0,-0.00919048489999999,0.011311970699999993,0.022076704700549614,5133764.36,0.0855567157,0.0763662308,1801,90811,3,8999.96999999974,0.0876782015,-9.691853356312887e-05,3.673407920625254e-07,0.08025367409603318,0.9756270519258283,60.0,1741
3,73,lithiation,4,0.7238122669456285,0.7338650108220237,4.41538e-05,1799.9799999995157,9000.0,-0.009344652300000006,0.011446133299999994,0.02207665470110517,5144564.36,0.0855270624,0.0761824101,1801,90811,3,8999.96999999974,0.0876285434,-0.00010112064514027944,3.400324919200253e-07,0.08024854529087778,0.9807156998363857,60.0,1741
3,74,lithiation,4,0.7338650108220237,0.7439177546984188,4.41538e-05,1799.9799999995157,9000.0,-0.009547010100000003,0.011675171599999992,0.02207665470110517,5155364.36,0.0854292214,0.0758822113,1801,90811,3,8999.96999999974,0.0875573829,-0.0001051416967698992,3.1430811314888875e-07,0.08013522026096975,0.9846974566504106,60.0,1741
3,75,lithiation,4,0.7439177546984188,0.7539704758072518,4.41537e-05,1799.9799999995157,9000.0,-0.009716019000000006,0.0119449794,0.022076604701660726,5166164.36,0.085257262,0.075541243,1801,90811,3,8999.96999999974,0.0874862224,-0.00010940449536909348,2.9291243933676315e-07,0.08000323046838508,0.9876881106262094,60.0,1741
3,76,lithiation,4,0.7539704758072518,0.764023219683647,4.41538e-05,1799.9799999995157,9000.0,-0.0098264515,0.012108787900000001,0.02207665470110517,5176964.36,0.0851460695,0.075319618,1801,90811,3,8999.96999999974,0.0874284059,-0.00011196853326317718,2.722146970640022e-07,0.07988820768417086,0.9898260494738481,60.0,1741
3,77,lithiation,4,0.764023219683647,0.7740760090951665,4.4154e-05,1799.9799999995157,9000.0,-0.009902797599999999,0.0121903196,0.02207675469999406,5187764.36,0.0850430429,0.0751402453,1801,90811,3,8999.96999999974,0.0873305649,-0.0001144575572444581,2.4297245245705354e-07,0.07984960696848198,0.9922243875248493,60.0,1741
3,78,lithiation,4,0.7740760090951665,0.7841287302039994,4.41537e-05,1799.9799999995157,9000.0,-0.0099168793,0.012194767600000003,0.022076604701660726,5198564.36,0.0849689171,0.0750520378,1801,90811,3,8999.96999999974,0.0872468054,-0.00011611194456561777,2.1488988985382894e-07,0.07984046585330312,0.9940789513441312,60.0,1741
3,79,lithiation,4,0.7841287302039994,0.794181405777708,4.41535e-05,1799.9799999995157,9000.0,-0.009878337400000006,0.012170307300000002,0.022076504702771838,5209364.36,0.0848740414,0.074995704,1801,90811,3,8999.96999999974,0.0871660113,-0.00011703684172696799,1.8825291595474642e-07,0.07986473041544655,0.9955209262640717,60.0,1741
3,80,lithiation,4,0.794181405777708,0.8042340813514165,4.41535e-05,1799.9799999995157,9000.0,-0.009841270700000002,0.012181423600000005,0.022076504702771838,5220164.36,0.0847613737,0.074920103,1801,90811,3,8999.96999999974,0.0871015266,-0.00011948547595301794,1.5590953796773203e-07,0.07989021469668098,0.9970479022116605,60.0,1741
3,81,lithiation,4,0.8042340813514165,0.8142868252278117,4.41538e-05,1799.9799999995157,9000.0,-0.010015472799999994,0.012356363199999998,0.02207665470110517,5230964.36,0.0846538991,0.0746384263,1801,90811,3,8999.96999999974,0.0869947895,-0.00012356065540531833,1.290288505860588e-07,0.0798091524873078,0.9981072639727858,60.0,1741
3,82,lithiation,4,0.8142868252278117,0.8243395463366446,4.41537e-05,1799.9799999995157,9000.0,-0.010308250800000002,0.012643218100000006,0.022076604701660726,5241764.36,0.0845353007,0.0742270499,1801,90811,3,8999.96999999974,0.086870268,-0.00012837688058238506,1.0315639999951179e-07,0.07962475590612139,0.9988784182610151,60.0,1741
3,83,lithiation,4,0.8243395463366446,0.8343922902130397,4.41538e-05,1799.9799999995157,9000.0,-0.010551370700000007,0.013096109100000003,0.02207665470110517,5252564.36,0.0842810571,0.0737296864,1801,90811,3,8999.96999999974,0.0868257955,-0.0001340479923380108,8.494049647931925e-08,0.07941099367734063,0.9993022410658828,60.0,1741
3,84,lithiation,4,0.8343922902130397,0.8444451023921216,4.41541e-05,1799.9799999995157,9000.0,-0.011286675900000001,0.013989284599999999,0.022076804699438506,5263364.36,0.0839082226,0.0726215467,1801,90811,3,8999.96999999974,0.0866108313,-0.00014726622189692584,9.078802591947166e-08,0.07889177746077733,0.9993395141810363,60.0,1741
3,85,lithiation,4,0.8444451023921216,0.8544979601063276,4.41543e-05,1799.9799999995157,9000.0,-0.011778101299999996,0.014708273100000002,0.022076904698327394,5274164.36,0.0834938735,0.0717157722,1801,90811,3,8999.96999999974,0.0864240453,-0.00015531373181621326,1.1573744736897359e-07,0.07835199851566883,0.9990352639893658,60.0,1741
3,86,lithiation,4,0.8544979601063276,0.864550840588096,4.41544e-05,1799.9799999995157,9000.0,-0.012006402,0.015105567899999991,0.02207695469777184,5284964.36,0.0830684155,0.0710620135,1801,90811,3,8999.96999999974,0.0861675814,-0.00016040972759958223,1.2692471663413072e-07,0.07794040512432619,0.9989124280429461,60.0,1741
3,87,lithiation,4,0.864550840588096,0.8746036299996155,4.4154e-05,1799.9799999995157,9000.0,-0.0119797289,0.015198968400000012,0.02207675469999406,5295764.36,0.0827748924,0.0707951635,1801,90811,3,8999.96999999974,0.0859941319,-0.00016052072451234794,1.4947739530860583e-07,0.07770782827295251,0.9984943154320951,60.0,1741
3,88,lithiation,4,0.8746036299996155,0.8846563738760107,4.41538e-05,1799.9799999995157,9000.0,-0.011915229299999996,0.015173017999999996,0.02207665470110517,5306564.36,0.0825873539,0.0706721246,1801,90811,3,8999.96999999974,0.0858451426,-0.00016436003808693422,1.9370253909629856e-07,0.07778153751392546,0.9975904827493081,60.0,1741
3,89,lithiation,4,0.8846563738760107,0.8947091632875303,4.4154e-05,1799.9799999995157,9000.0,-0.012187257399999998,0.0154709965,0.02207675469999406,5317364.36,0.08230865,0.0701213926,1801,90811,3,8999.96999999974,0.0855923891,-0.0001726234028136589,2.5007583548589294e-07,0.07763115989010966,0.9963636842912676,60.0,1741
3,90,lithiation,4,0.8947091632875303,0.9047620210017363,4.41543e-05,1799.9799999995157,9000.0,-0.012577891300000005,0.015957981300000007,0.022076904698327394,5328164.36,0.0818802267,0.0693023354,1801,90811,3,8999.96999999974,0.0852603167,-0.00018235684267476425,3.130484688523041e-07,0.07727275304624033,0.9949013098075589,60.0,1741
3,91,lithiation,4,0.9047620210017363,0.9148148559483803,4.41542e-05,1799.9799999995157,9000.0,-0.013153076100000008,0.016792595300000004,0.022076854698882948,5338964.36,0.0813161507,0.0681630746,1801,90811,3,8999.96999999974,0.0849556699,-0.00019637968042438412,3.8957384770527377e-07,0.07680177461431739,0.9932028938874919,60.0,1741
3,92,lithiation,4,0.9148148559483803,0.924867668127462,4.41541e-05,1799.9799999995157,9000.0,-0.014378331599999988,0.018355853899999997,0.022076804699438506,5349764.36,0.0803028941,0.0659245625,1801,90811,3,8999.96999999974,0.0842804164,-0.00022254744895449952,4.979537492972419e-07,0.07575115281181684,0.9913688705068582,60.0,1741
3,93,lithiation,4,0.924867668127462,0.9349205941443546,4.41546e-05,1799.9799999995157,9000.0,-0.0158392787,0.020091794499999996,0.022077054696660724,5360564.36,0.0791777074,0.0633384287,1801,90811,3,8999.96999999974,0.0834302232,-0.0002540850015891204,6.437837108935029e-07,0.07462723706804768,0.9889592170384551,60.0,1741
3,94,lithiation,4,0.9349205941443546,0.9449735201612472,4.41546e-05,1799.9799999995157,9000.0,-0.017638232600000005,0.0221879818,0.022077054696660724,5371364.36,0.0776292831,0.0599910505,1801,90811,3,8999.96999999974,0.0821790323,-0.0002997056018920422,8.809459745730117e-07,0.07336569674928062,0.9851976127226192,60.0,1741
3,95,lithiation,4,0.9449735201612472,0.9550263095727668,4.4154e-05,1799.9799999995157,9000.0,-0.019619528199999993,0.024416845200000002,0.02207675469999406,5382164.36,0.0757465661,0.0561270379,1801,90811,3,8999.96999999974,0.0805438831,-0.000355365998115986,1.2515647632173603e-06,0.07221907172900335,0.9788852340795637,60.0,1741
3,96,lithiation,4,0.9550263095727668,0.9650790762167241,4.41539e-05,1799.9799999995157,9000.0,-0.023464258800000005,0.027707885999999994,0.022076704700549614,5392964.36,0.073743023,0.0502787642,1801,90811,3,8999.96999999974,0.0779866502,-0.0004666646410431963,1.8620862661101461e-06,0.07151170173666369,0.9730581038282057,60.0,1741
3,97,lithiation,4,0.9650790762167241,0.9751318656282436,4.4154e-05,1799.9799999995157,9000.0,-0.027835268499999996,0.030962590099999993,0.02207675469999406,5403764.36,0.0704779252,0.0426426567,1801,90811,3,8999.96999999974,0.0736052468,-0.0005827245137722271,2.115328779070795e-06,0.06886720967837304,0.9775978853681019,60.0,1741
3,98,lithiation,4,0.9751318656282436,0.9851846778073253,4.41541e-05,1799.9799999995157,9000.0,-0.032583542099999994,0.03225897989999999,0.022076804699438506,5414564.36,0.0655724853,0.0329889432,1801,90811,3,8999.96999999974,0.0652479231,-0.0007170584466021062,2.5459373565586598e-06,0.06518590122968819,0.9785479882785432,60.0,1741
3,99,lithiation,4,0.9851846778073253,0.9952374444512825,4.41539e-05,1799.9799999995157,9000.0,-0.039421306899999994,0.0309343654,0.022076704700549614,5425364.36,0.0569868572,0.0175655503,1801,90811,3,8999.96999999974,0.0484999157,-0.0009187544628798069,2.8002896934889797e-06,0.05839387189789373,0.9841018485398367,60.0,1741
3,100,lithiation,4,0.9952374444512825,0.9999999999999994,4.41542e-05,852.7450000001118,28800.0,-0.029257600199999997,0.030135304600000003,0.010458964799723592,5436164.36,0.0392567404,0.0099991402,854,92792,9,28799.950000001118,0.0401344448,-0.000936336955823538,2.3912136411631867e-06,0.03797279088372027,0.994861218959133,60.0,794
3,101,delithiation,10,1.0,0.9899472333560374,-4.41539e-05,1799.980000000447,9000.0,0.03130532799999999,-0.01653028279999999,0.022076704700561035,5465817.125,0.0498628393,0.0811681673,1801,90811,9,8999.97000000067,0.0646378845,0.0005854186435578994,1.2784069364950328e-06,0.056893773938847335,0.9917753386372453,60.0,1741
3,102,delithiation,10,0.9899472333560374,0.9798944667120749,-4.41539e-05,1799.980000000447,9000.0,0.019341349600000002,-0.012250326500000006,0.022076704700561035,5476617.125,0.0706361979,0.0899775475,1801,90811,9,8999.97000000067,0.077727221,0.00037348591873932486,1.8558735932110554e-07,0.07410068169758417,0.9995707982722395,60.0,1741
3,103,delithiation,10,0.9798944667120749,0.9698417228356746,-4.41538e-05,1799.980000000447,9000.0,0.013230025800000003,-0.010826379100000005,0.022076654701116593,5487417.125,0.0821443498,0.0953743756,1801,90811,9,8999.97000000067,0.0845479965,0.0002137941131071838,5.027619490045587e-08,0.08636793710909953,0.9999038407348767,60.0,1741
3,104,delithiation,10,0.9698417228356746,0.9597890472619608,-4.41535e-05,1799.980000000447,9000.0,0.009809300300000004,-0.010616578200000004,0.02207650470278326,5498217.125,0.0883409381,0.0981502384,1801,90811,9,8999.97000000067,0.0875336602,0.00011658033682354965,2.2841435519288898e-07,0.09335974541373594,0.993368585396692,60.0,1741
3,105,delithiation,10,0.9597890472619608,0.9497363033855605,-4.41538e-05,1799.980000000447,9000.0,0.008256442900000008,-0.010440148400000002,0.022076654701116593,5509017.125,0.0910100713,0.0992665142,1801,90811,9,8999.97000000067,0.0888263658,7.222048721584113e-05,3.518493285357914e-07,0.09640879253711652,0.9603606465169492,60.0,1741
3,106,delithiation,10,0.9497363033855605,0.9396834912064735,-4.41541e-05,1799.980000000447,9000.0,0.008090414099999998,-0.010829284800000005,0.022076804699449927,5519817.125,0.0921863839,0.100276798,1801,90811,9,8999.97000000067,0.0894475132,6.228295054027615e-05,3.882588213849708e-07,0.09787083851264405,0.9366999045217528,60.0,1741
3,107,delithiation,10,0.9396834912064735,0.9296306790273866,-4.41541e-05,1799.980000000447,9000.0,0.007986642399999994,-0.01098049429999999,0.022076804699449927,5530617.125,0.0928112343,0.1007978767,1801,90811,9,8999.97000000067,0.0898173824,5.657556479491069e-05,4.0190705251946284e-07,0.09863282867311107,0.9193210488467017,60.0,1741
3,108,delithiation,10,0.9296306790273866,0.9195778213131752,-4.41543e-05,1799.980000000447,9000.0,0.007856920399999995,-0.010991595699999995,0.022076904698338815,5541417.125,0.09312848,0.1009854004,1801,90811,9,8999.97000000067,0.0899938047,5.360165432056156e-05,4.126294970446838e-07,0.09896443757372966,0.9065741481601481,60.0,1741
3,109,delithiation,10,0.9195778213131752,0.9095251229718992,-4.41536e-05,1799.980000000447,9000.0,0.0076345726,-0.010643973899999992,0.0220765547022277,5552217.125,0.0930706561,0.1007052287,1801,90811,9,8999.97000000067,0.0900612548,4.859182412770149e-05,4.197225982454809e-07,0.09888609789489902,0.8851538023187538,60.0,1741
3,110,delithiation,10,0.9095251229718992,0.8994724701657477,-4.41534e-05,1799.980000000447,9000.0,0.007282488099999998,-0.009929440900000003,0.022076454703338817,5563017.125,0.0928497761,0.1001322642,1801,90811,9,8999.97000000067,0.0902028233,4.9107790899439794e-05,3.8392835892744125e-07,0.09828997258971862,0.9039207654268177,60.0,1741
3,111,delithiation,10,0.8994724701657477,0.8894198173595962,-4.41534e-05,1799.980000000447,9000.0,0.007255054999999996,-0.009755246299999992,0.022076454703338817,5573817.125,0.0928534865,0.1001085415,1801,90811,9,8999.97000000067,0.0903532952,5.1231459475239944e-05,3.756826648154556e-07,0.09816370385512141,0.9144845095892971,60.0,1741
3,112,delithiation,10,0.8894198173595962,0.8793671645534445,-4.41534e-05,1799.980000000447,9000.0,0.00725951050000001,-0.009766370100000005,0.022076454703338817,5584617.125,0.0929831937,0.1002427042,1801,90811,9,8999.97000000067,0.0904763341,5.208760639939363e-05,3.9137864465704886e-07,0.09827083594715598,0.910597158645481,60.0,1741
3,113,delithiation,10,0.8793671645534445,0.8693144662121686,-4.41536e-05,1799.980000000447,9000.0,0.007289148799999992,-0.009730040999999995,0.0220765547022277,5595417.125,0.0931040198,0.1003931686,1801,90811,9,8999.97000000067,0.0906631276,5.363388512504436e-05,4.0642043925286116e-07,0.09837277044373606,0.9092103161983882,60.0,1741
3,114,delithiation,10,0.8693144662121686,0.8592616768006438,-4.4154e-05,1799.980000000447,9000.0,0.007777616400000006,-0.01030818380000001,0.02207675470000548,5606217.125,0.0933604762,0.1011380926,1801,90811,9,8999.97000000067,0.0908299088,5.9304981285997514e-05,4.4186344727049597e-07,0.0988674373969915,0.9119620068516807,60.0,1741
3,115,delithiation,10,0.8592616768006438,0.849208864621557,-4.41541e-05,1799.980000000447,9000.0,0.0080755874,-0.010698810199999992,0.022076804699449927,5617017.125,0.0935502276,0.101625815,1801,90811,9,8999.97000000067,0.0909270048,6.0758375307311565e-05,4.887920232771074e-07,0.0993258765629166,0.8988381014865714,60.0,1741
3,116,delithiation,10,0.849208864621557,0.8391560524424699,-4.41541e-05,1799.980000000447,9000.0,0.008191213000000003,-0.0109434053,0.022076804699449927,5627817.125,0.0937058851,0.1018970981,1801,90811,9,8999.97000000067,0.0909536928,6.278306447319162e-05,5.305231460638166e-07,0.09952441894955402,0.889543692858259,60.0,1741
3,117,delithiation,10,0.8391560524424699,0.8291033313336318,-4.41537e-05,1799.980000000447,9000.0,0.007921420100000007,-0.010612830599999998,0.022076604701672147,5638617.125,0.093625091,0.1015465111,1801,90811,9,8999.97000000067,0.0909336805,6.0184728574392737e-05,5.518808665408659e-07,0.099325344237725,0.8724300819651076,60.0,1741
3,118,delithiation,10,0.8291033313336318,0.8190506557599181,-4.41535e-05,1799.980000000447,9000.0,0.007761307100000003,-0.010189585400000006,0.02207650470278326,5649417.125,0.0933953151,0.1011566222,1801,90811,9,8999.97000000067,0.0909670368,6.293019078718515e-05,5.271219932028222e-07,0.09879206279064176,0.8912557943914782,60.0,1741
3,119,delithiation,10,0.8190506557599181,0.8089979346510799,-4.41537e-05,1799.980000000447,9000.0,0.007852487199999994,-0.010164402399999994,0.022076604701672147,5660217.125,0.0933567733,0.1012092605,1801,90811,9,8999.97000000067,0.0910448581,6.729071336667574e-05,5.408726354190861e-07,0.09867489812359384,0.8989963089145246,60.0,1741
3,120,delithiation,10,0.8089979346510799,0.7989452135422418,-4.41537e-05,1799.980000000447,9000.0,0.007982939499999994,-0.010297074899999994,0.022076604701672147,5671017.125,0.0934227407,0.1014056802,1801,90811,9,8999.97000000067,0.0911086053,7.182053502380715e-05,5.657666049632448e-07,0.09869636935043194,0.9025973075843027,60.0,1741
3,121,delithiation,10,0.7989452135422418,0.7888924924334035,-4.41537e-05,1799.980000000447,9000.0,0.00822605189999999,-0.010515727099999997,0.022076604701672147,5681817.125,0.0934590623,0.1016851142,1801,90811,9,8999.97000000067,0.0911693871,7.71477947106393e-05,6.057379587621376e-07,0.09878160179977923,0.9031736848596905,60.0,1741
3,122,delithiation,10,0.7888924924334035,0.7788397940921277,-4.41536e-05,1799.980000000447,9000.0,0.008471399500000004,-0.0107180848,0.0220765547022277,5692617.125,0.0934850052,0.1019564047,1801,90811,9,8999.97000000067,0.0912383199,8.24024545206505e-05,6.441624365387176e-07,0.0988377174937928,0.9039385804642979,60.0,1741
3,123,delithiation,10,0.7788397940921277,0.7687870729832895,-4.41537e-05,1799.980000000447,9000.0,0.008560344600000006,-0.010870777100000006,0.022076604701672147,5703417.125,0.0935828462,0.1021431908,1801,90811,9,8999.97000000067,0.0912724137,8.805254896015407e-05,6.72356411508367e-07,0.09881127854952124,0.9079398080513987,60.0,1741
3,124,delithiation,10,0.7687870729832895,0.7587344201771379,-4.41534e-05,1799.980000000447,9000.0,0.008711554100000005,-0.011000484200000007,0.022076454703338817,5714217.125,0.0935776532,0.1022892073,1801,90811,9,8999.97000000067,0.0912887231,9.424772299280954e-05,7.007341987964561e-07,0.0987110221366547,0.9122995288795319,60.0,1741
3,125,delithiation,10,0.7587344201771379,0.7486818356736729,-4.41531e-05,1799.980000000447,9000.0,0.008827179599999999,-0.011065714000000004,0.022076304705005483,5725017.125,0.0935354084,0.102362588,1801,90811,9,8999.97000000067,0.091296874,9.993260934002671e-05,7.26790500779719e-07,0.09859144928410293,0.9157658751664686,60.0,1741
3,126,delithiation,10,0.7486818356736729,0.7386292739377702,-4.4153e-05,1799.980000000447,9000.0,0.009114034500000007,-0.01115465160000001,0.022076254705561037,5735817.125,0.0934308916,0.1025449261,1801,90811,9,8999.97000000067,0.0913902745,0.00010765859987611645,7.44403233613953e-07,0.09843908914206079,0.923240281416934,60.0,1741
3,127,delithiation,10,0.7386292739377702,0.728576666666743,-4.41532e-05,1799.980000000447,9000.0,0.009460926100000003,-0.0115467608,0.02207635470444993,5746617.125,0.0935435593,0.1030044854,1801,90811,9,8999.97000000067,0.0914577246,0.00011975847498060875,7.6996667013927e-07,0.09841795258616286,0.9329369625002571,60.0,1741
3,128,delithiation,10,0.728576666666743,0.7185240366281536,-4.41533e-05,1799.980000000447,9000.0,0.009941980200000006,-0.012033738200000005,0.02207640470389437,5757417.125,0.0936124921,0.1035544723,1801,90811,9,8999.97000000067,0.0915207341,0.0001330995175899778,8.004736190134783e-07,0.09844564430539852,0.9408235579625563,60.0,1741
3,129,delithiation,10,0.7185240366281536,0.7084713610544398,-4.41535e-05,1799.980000000447,9000.0,0.010497160199999994,-0.012654885599999999,0.02207650470278326,5768217.125,0.0937214494,0.1042186096,1801,90811,9,8999.97000000067,0.091563724,0.00014880257900969925,8.25287040566404e-07,0.0984573521354075,0.9492241175044858,60.0,1741
3,130,delithiation,10,0.7084713610544398,0.6984187082482882,-4.41534e-05,1799.980000000447,9000.0,0.010995261399999998,-0.013195976599999992,0.022076454703338817,5779017.125,0.0937903821,0.1047856435,1801,90811,9,8999.97000000067,0.0915896669,0.00016488670699700862,8.438489028491807e-07,0.09839372151471348,0.9564373586882934,60.0,1741
3,131,delithiation,10,0.6984187082482882,0.6883660554421367,-4.41534e-05,1799.980000000447,9000.0,0.011497803099999995,-0.013651825499999992,0.022076454703338817,5789817.125,0.0938081741,0.1053059772,1801,90811,9,8999.97000000067,0.0916541517,0.00018141343205098587,8.440100419625354e-07,0.09822169295271371,0.9637248684157542,60.0,1741
3,132,delithiation,10,0.6883660554421367,0.6783134254035472,-4.41533e-05,1799.980000000447,9000.0,0.011969223599999995,-0.014117315399999997,0.02207640470389437,5800617.125,0.0938148424,0.105784066,1801,90811,9,8999.97000000067,0.0916667506,0.00019899450999208207,8.2869105061614e-07,0.09798134307078014,0.9707248691020426,60.0,1741
3,133,delithiation,10,0.6783134254035472,0.6682608409000823,-4.41531e-05,1799.980000000447,9000.0,0.012442126800000008,-0.014533139700000003,0.022076304705005483,5811417.125,0.0937955678,0.1062376946,1801,90811,9,8999.97000000067,0.0917045549,0.00021757394735119045,8.017571185085011e-07,0.09765175392227535,0.9769306590147797,60.0,1741
3,134,delithiation,10,0.6682608409000823,0.6582082563966174,-4.41531e-05,1799.980000000447,9000.0,0.0131351725,-0.01508387180000001,0.022076304705005483,5822217.125,0.0937414616,0.1068766341,1801,90811,9,8999.97000000067,0.0917927623,0.00024083739898588238,7.403007718238567e-07,0.09728159075220237,0.9838344620681393,60.0,1741
3,135,delithiation,10,0.6582082563966174,0.6481556491255902,-4.41532e-05,1799.980000000447,9000.0,0.01406615230000001,-0.01604895290000001,0.02207635470444993,5833017.125,0.0938452333,0.1079113856,1801,90811,9,8999.97000000067,0.0918624327,0.00027151002919010485,6.681336340456523e-07,0.0969819154321106,0.9895791051107852,60.0,1741
3,136,delithiation,10,0.6481556491255902,0.6381029963194386,-4.41534e-05,1799.980000000447,9000.0,0.015157222799999995,-0.017142996199999996,0.022076454703338817,5843817.125,0.09397199,0.1091292128,1801,90811,9,8999.97000000067,0.0919862166,0.00030682288010888903,5.715963615865355e-07,0.09664708753743388,0.9940008494011959,60.0,1741
3,137,delithiation,10,0.6381029963194386,0.6280502979781626,-4.41536e-05,1799.980000000447,9000.0,0.016403205700000006,-0.01831485340000001,0.0220765547022277,5854617.125,0.0941113383,0.110514544,1801,90811,9,8999.97000000067,0.0921996906,0.0003471973535655738,4.498017795653195e-07,0.09626172987845999,0.9970897963559557,60.0,1741
3,138,delithiation,10,0.6280502979781626,0.6179975996368867,-4.41536e-05,1799.980000000447,9000.0,0.018629096400000003,-0.020603731200000003,0.0220765547022277,5865417.125,0.0944671184,0.1130962148,1801,90811,9,8999.97000000067,0.0924924836,0.00041066862905075256,3.323544452684182e-07,0.09601167839193818,0.9988623068745921,60.0,1741
3,139,delithiation,10,0.6179975996368867,0.6079448557604863,-4.41538e-05,1799.980000000447,9000.0,0.020665958499999998,-0.022616140499999993,0.022076654701116593,5876217.125,0.0948117897,0.1154777482,1801,90811,9,8999.97000000067,0.0928616077,0.00046813978787813433,3.8245861209473083e-07,0.09581157068377187,0.998840652651468,60.0,1741
3,140,delithiation,10,0.6079448557604863,0.5978920435813994,-4.41541e-05,1799.980000000447,9000.0,0.022420436099999996,-0.024240881199999995,0.022076804699449927,5887017.125,0.0952157453,0.1176361814,1801,90811,9,8999.97000000067,0.0933953002,0.0005225239028239562,5.770596280100924e-07,0.09550456452235602,0.9978835476107244,60.0,1741
3,141,delithiation,10,0.5978920435813994,0.5878393680076857,-4.41535e-05,1799.980000000447,9000.0,0.0236604884,-0.02499914169999999,0.02207650470278326,5897817.125,0.0956990272,0.1193595156,1801,90811,9,8999.97000000067,0.0943603739,0.0005655847542241062,7.825909347345653e-07,0.09527159194584178,0.9966815883836022,60.0,1741
3,142,delithiation,10,0.5878393680076857,0.577786715201534,-4.41534e-05,1799.980000000447,9000.0,0.024770848499999998,-0.02381761369999999,0.022076454703338817,5908617.125,0.0965247452,0.1212955937,1801,90811,9,8999.97000000067,0.09747798,0.0006126220825064199,1.0312538669086947e-06,0.09511306204298613,0.9950964495910986,60.0,1741
3,143,delithiation,10,0.577786715201534,0.5677340623953825,-4.41534e-05,1799.980000000447,9000.0,0.0257967115,-0.0179433301,0.022076454703338817,5919417.125,0.0995689332,0.1253656447,1801,90811,9,8999.97000000067,0.1074223146,0.0006493153884333299,9.347858399072616e-07,0.09796025695633533,0.9964087142837311,60.0,1741
3,144,delithiation,10,0.5677340623953825,0.5576814095892308,-4.41534e-05,1799.980000000447,9000.0,0.021694056699999992,-0.010118089599999991,0.022076454703338817,5930217.125,0.1095168665,0.1312109232,1801,90811,9,8999.97000000067,0.1210928336,0.0004960312070898524,1.1194374711651404e-06,0.11102363269721283,0.9912208656159567,60.0,1741
3,145,delithiation,10,0.557681409589231,0.5476287795506416,-4.41533e-05,1799.980000000447,9000.0,0.012220524300000007,-0.008854985300000007,0.02207640470389437,5941017.125,0.1231938675,0.1354143918,1801,90811,9,8999.97000000067,0.1265594065,0.00018420029958755976,7.630225265101807e-07,0.12795846931339866,0.9710249608862813,60.0,1741
3,146,delithiation,10,0.5476287795506416,0.5375760584418035,-4.41537e-05,1799.980000000447,9000.0,0.009097755000000013,-0.009254485400000012,0.022076604701672147,5951817.125,0.1287330091,0.1378307641,1801,90811,9,8999.97000000067,0.1285762787,9.048645891542198e-05,6.720642451366875e-07,0.13426717491678927,0.9124671229352527,60.0,1741
3,147,delithiation,10,0.5375760584418035,0.527523314565403,-4.41538e-05,1799.980000000447,9000.0,0.0081423521,-0.009526520900000002,0.022076654701116593,5962617.125,0.1308788359,0.139021188,1801,90811,9,8999.97000000067,0.1294946671,6.340722820581984e-05,6.773293495045943e-07,0.13661384507218083,0.8344204262125297,60.0,1741
3,148,delithiation,10,0.527523314565403,0.5174705934565649,-4.41537e-05,1799.980000000447,9000.0,0.007715374200000014,-0.009737014799999999,0.022076604701672147,5973417.125,0.1318802536,0.1395956278,1801,90811,9,8999.97000000067,0.129858613,5.323016347861601e-05,6.480499986985558e-07,0.137639803480376,0.7950696860128701,60.0,1741
3,149,delithiation,10,0.5174705934565649,0.5074179861855377,-4.41532e-05,1799.980000000447,9000.0,0.0071127712000000065,-0.009433120400000022,0.02207635470444993,5984217.125,0.132211566,0.1393243372,1801,90811,9,8999.97000000067,0.1298912168,4.328295551406036e-05,6.198035524621552e-07,0.13777512407168852,0.7371402844737154,60.0,1741
3,150,delithiation,10,0.5074179861855377,0.4973654472171971,-4.41529e-05,1799.980000000447,9000.0,0.006752520799999995,-0.008776366699999982,0.022076204706116594,5995017.125,0.1320396066,0.1387921274,1801,90811,9,8999.97000000067,0.1300157607,4.31345001731208e-05,5.539883469144996e-07,0.13723067343235587,0.7770927642775312,60.0,1741
3,151,delithiation,10,0.4973654472171971,0.4873129082488564,-4.41529e-05,1799.980000000447,9000.0,0.006624311199999983,-0.008544355599999998,0.022076204706116594,6005817.125,0.132121861,0.1387461722,1801,90811,9,8999.97000000067,0.1302018166,4.501478192038706e-05,5.339585361492413e-07,0.13711822890270212,0.8034172156097168,60.0,1741
3,152,delithiation,10,0.4873129082488564,0.4772603237453914,-4.41531e-05,1799.980000000447,9000.0,0.006693989099999992,-0.0085910857,0.022076304705005483,6016617.125,0.1322856843,0.1389796734,1801,90811,9,8999.97000000067,0.1303885877,4.692387612852945e-05,5.29179828552877e-07,0.13725747884308137,0.8188894801333464,60.0,1741
3,153,delithiation,10,0.4772603237453914,0.46720769370680204,-4.41533e-05,1799.980000000447,9000.0,0.006786614600000018,-0.008484333700000013,0.02207640470389437,6027417.125,0.132478416,0.1392650306,1801,90811,9,8999.97000000067,0.1307806969,4.904945932167695e-05,5.313977576694857e-07,0.13745327103955793,0.8304868714042057,60.0,1741
3,154,delithiation,10,0.46720769370680204,0.4571549725979639,-4.41537e-05,1799.980000000447,9000.0,0.007335126400000003,-0.009141027900000015,0.022076604701672147,6038217.125,0.1329498291,0.1402849555,1801,90811,9,8999.97000000067,0.1311439276,5.7857354105610535e-05,5.465860939042153e-07,0.13812588223832747,0.8656488582985503,60.0,1741
3,155,delithiation,10,0.4571549725979639,0.44710225148912575,-4.41537e-05,1799.980000000447,9000.0,0.007586419600000005,-0.009669512500000005,0.022076604701672147,6049017.125,0.1334464252,0.1410328448,1801,90811,9,8999.97000000067,0.1313633323,6.0846873476207704e-05,5.763967357563783e-07,0.13877922102925663,0.8650138708403254,60.0,1741
3,156,delithiation,10,0.44710225148912575,0.43704955314784977,-4.41536e-05,1799.980000000447,9000.0,0.007801353999999983,-0.010150581599999986,0.0220765547022277,6059817.125,0.1337162554,0.1415176094,1801,90811,9,8999.97000000067,0.1313670278,6.585621135468033e-05,5.822054097095881e-07,0.1390347947672295,0.8803497003436084,60.0,1741
3,157,delithiation,10,0.43704955314784977,0.4269969458768226,-4.41532e-05,1799.980000000447,9000.0,0.007566422199999978,-0.010106891399999984,0.02207635470444993,6070617.125,0.1336784363,0.1412448585,1801,90811,9,8999.97000000067,0.1311379671,6.321485370984446e-05,5.98489618243814e-07,0.13890055454883748,0.8651459674032445,60.0,1741
3,158,delithiation,10,0.4269969458768226,0.4169443841409197,-4.4153e-05,1799.980000000447,9000.0,0.0074070394000000095,-0.009537607400000009,0.022076254705561037,6081417.125,0.1332440972,0.1406511366,1801,90811,9,8999.97000000067,0.1311135292,7.070843917638223e-05,5.285056893367282e-07,0.13797049779935758,0.9114498702836682,60.0,1741
3,159,delithiation,10,0.4169443841409197,0.40689177686989264,-4.41532e-05,1799.980000000447,9000.0,0.007680565100000009,-0.009544283100000023,0.02207635470444993,6092217.125,0.1331306696,0.1408112347,1801,90811,9,8999.97000000067,0.1312669516,8.314759633512814e-05,4.825436280010342e-07,0.1375983847578221,0.944670865604168,60.0,1741
3,160,delithiation,10,0.40689177686989264,0.39683916959886545,-4.41532e-05,1799.980000000447,9000.0,0.008064508400000003,-0.009919345299999993,0.02207635470444993,6103017.125,0.1332885623,0.1413530707,1801,90811,9,8999.97000000067,0.1314337254,9.521778288290462e-05,4.501349479627657e-07,0.1376105504910777,0.9625897881867973,60.0,1741
3,161,delithiation,10,0.39683916959886545,0.3867865395602761,-4.41533e-05,1799.980000000447,9000.0,0.008501052799999992,-0.010133534599999994,0.02207640470389437,6113817.125,0.1334768534,0.1419779062,1801,90811,9,8999.97000000067,0.1318443716,0.0001081333775947253,4.00286085692278e-07,0.13766325859670586,0.9767248091000282,60.0,1741
3,162,delithiation,10,0.3867865395602761,0.3767337729163135,-4.41539e-05,1799.980000000447,9000.0,0.009430587299999987,-0.011207580599999989,0.022076704700561035,6124617.125,0.1340549886,0.1434855759,1801,90811,9,8999.97000000067,0.1322779953,0.0001309973534345525,3.2413377395635886e-07,0.13815977934142631,0.9894652638487563,60.0,1741
3,163,delithiation,10,0.3767337729163135,0.3666810062723509,-4.41539e-05,1799.980000000447,9000.0,0.0099701881,-0.012025892699999985,0.022076704700561035,6135417.125,0.1346383393,0.1446085274,1801,90811,9,8999.97000000067,0.1325826347,0.00014354656661215242,2.6397807347630326e-07,0.13870118364648065,0.9941534041057448,60.0,1741
3,164,delithiation,10,0.3666810062723509,0.3566281940932641,-4.41541e-05,1799.980000000447,9000.0,0.010553538800000012,-0.012609958700000007,0.022076804699449927,6146217.125,0.1348421574,0.1453956962,1801,90811,9,8999.97000000067,0.1327857375,0.00015719277998193872,1.8202517744848563e-07,0.13887605927532515,0.9976735924640329,60.0,1741
3,165,delithiation,10,0.3566281940932641,0.34657551851955026,-4.41535e-05,1799.980000000447,9000.0,0.010643213900000004,-0.012718915899999989,0.02207650470278326,6157017.125,0.13499856,0.1456417739,1801,90811,9,8999.97000000067,0.132922858,0.00016423360781009778,1.1035361446495685e-07,0.13875529372611956,0.9992154731879808,60.0,1741
3,166,delithiation,10,0.34657551851955026,0.33652284294583645,-4.41535e-05,1799.980000000447,9000.0,0.010789990400000005,-0.012437224400000002,0.02207650470278326,6167817.125,0.135060817,0.1458508074,1801,90811,9,8999.97000000067,0.133413583,0.00017938783247059404,7.919117836650813e-08,0.13823938753442372,0.9996612181993845,60.0,1741
3,167,delithiation,10,0.33652284294583645,0.32647016737212275,-4.41535e-05,1799.980000000447,9000.0,0.011233240300000003,-0.012200802499999996,0.02207650470278326,6178617.125,0.1354647875,0.1466980278,1801,90811,9,8999.97000000067,0.1344972253,0.0001956257628012824,1.8940890532803405e-07,0.13834185398406507,0.9983724255966531,60.0,1741
3,168,delithiation,10,0.32647016737212275,0.3164174690308468,-4.41536e-05,1799.980000000447,9000.0,0.011538595000000013,-0.011357963100000007,0.0220765547022277,6189417.125,0.1366122067,0.1481508017,1801,90811,9,8999.97000000067,0.1367928386,0.000208562693144712,2.7285396412450055e-07,0.1392239546440573,0.9970324628528863,60.0,1741
3,169,delithiation,10,0.3164174690308468,0.30636479345713297,-4.41535e-05,1799.980000000447,9000.0,0.011396288899999996,-0.009636074299999992,0.02207650470278326,6200217.125,0.1388862729,0.1502825618,1801,90811,9,8999.97000000067,0.1406464875,0.00020469032264016412,2.1636496761827903e-07,0.1417118682500599,0.9980607409725653,60.0,1741
3,170,delithiation,10,0.30636479345713297,0.29631202681317037,-4.41539e-05,1799.980000000447,9000.0,0.010338574699999992,-0.0093869865,0.022076704700561035,6211017.125,0.1428955495,0.1532341242,1801,90811,9,8999.97000000067,0.1438471377,0.00014841818323657572,4.540760971927659e-07,0.14714212779924052,0.9839833969530027,60.0,1741
3,171,delithiation,10,0.29631202681317037,0.28625921463408355,-4.41541e-05,1799.980000000447,9000.0,0.009950935800000005,-0.009876161800000005,0.022076804699449927,6221817.125,0.146093905,0.1560448408,1801,90811,9,8999.97000000067,0.146168679,0.00011711775162273596,3.632156718664237e-07,0.15108458815346737,0.9835494848507993,60.0,1741
3,172,delithiation,10,0.28625921463408355,0.27620637968743433,-4.41542e-05,1799.980000000447,9000.0,0.010551303600000006,-0.0102252662,0.02207685469889437,6232617.125,0.1485822201,0.1591335237,1801,90811,9,8999.97000000067,0.1489082575,0.00013532153031894792,3.309999074022716e-07,0.15335155722831434,0.9897026315938251,60.0,1741
3,173,delithiation,10,0.27620637968743433,0.26615361304347185,-4.41539e-05,1799.980000000447,9000.0,0.011271029799999999,-0.010076940099999987,0.022076704700561035,6243417.125,0.151253581,0.1625246108,1801,90811,9,8999.97000000067,0.1524476707,0.00015779774018683584,2.851376710526222e-07,0.15575966032493413,0.9943539047195664,60.0,1741
3,174,delithiation,10,0.26615361304347185,0.25610084639950925,-4.41539e-05,1799.980000000447,9000.0,0.011746913199999987,-0.009536564400000003,0.022076704700561035,6254217.125,0.1546276212,0.1663745344,1801,90811,9,8999.97000000067,0.15683797,0.00017684187699455858,2.235615650010333e-07,0.15878818093324612,0.997228478162193,60.0,1741
3,175,delithiation,10,0.25610084639950925,0.24604803422042232,-4.41541e-05,1799.980000000447,9000.0,0.011436373,-0.009260058399999993,0.022076804699449927,6265017.125,0.1590267718,0.1704631448,1801,90811,9,8999.97000000067,0.1612030864,0.00016940293356049437,2.475662975468356e-07,0.16323736630483116,0.9962997523271268,60.0,1741
3,176,delithiation,10,0.24604803422042232,0.23599524480889755,-4.4154e-05,1799.980000000447,9000.0,0.010992377999999997,-0.009466052000000003,0.02207675470000548,6275817.125,0.1634007394,0.1743931174,1801,90811,9,8999.97000000067,0.1649270654,0.00015229394201235033,2.919714707686941e-07,0.16782282249405694,0.9936489121197334,60.0,1741
3,177,delithiation,10,0.23599524480889755,0.22594243262981073,-4.41541e-05,1799.980000000447,9000.0,0.011651307299999997,-0.009815871700000006,0.022076804699449927,6286617.125,0.1671750546,0.1788263619,1801,90811,9,8999.97000000067,0.1690104902,0.00017092504431944598,3.1846376152660503e-07,0.17134402396355125,0.9939994045989485,60.0,1741
3,178,delithiation,10,0.22594243262981073,0.21588964321828596,-4.4154e-05,1799.980000000447,9000.0,0.0132998228,-0.009812861700000008,0.02207675470000548,6297417.125,0.1711724699,0.1844722927,1801,90811,9,8999.97000000067,0.174659431,0.0002185372746330497,3.768834257221315e-07,0.17485768556945738,0.9948545636447357,60.0,1741
3,179,delithiation,10,0.21588964321828596,0.20583683103919903,-4.41541e-05,1799.980000000447,9000.0,0.014666616900000012,-0.009551078099999999,0.022076804699449927,6308217.125,0.1768458188,0.1915124357,1801,90811,9,8999.97000000067,0.1819613576,0.0002617121761085252,4.5721744049335804e-07,0.1800137317062062,0.9947204325820355,60.0,1741
3,180,delithiation,10,0.20583683103919903,0.19578404162767438,-4.4154e-05,1799.980000000447,9000.0,0.014278233000000001,-0.00946354869999999,0.02207675470000548,6319017.125,0.1842039526,0.1984821856,1801,90811,9,8999.97000000067,0.1890186369,0.00024885315702544457,2.600130458154581e-07,0.18771326288733278,0.9981051281809481,60.0,1741
3,181,delithiation,10,0.19578404162767438,0.18573127498371178,-4.41539e-05,1799.980000000447,9000.0,0.013514757099999997,-0.009923040899999985,0.022076704700561035,6329817.125,0.1912337542,0.2047485113,1801,90811,9,8999.97000000067,0.1948254704,0.00021724182844028145,4.380074886533155e-07,0.19517021941310259,0.9929803347483139,60.0,1741
3,182,delithiation,10,0.18573127498371178,0.17567846280462485,-4.41541e-05,1799.980000000447,9000.0,0.015451610099999985,-0.010082334299999995,0.022076804699449927,6340617.125,0.1969841719,0.212435782,1801,90811,9,8999.97000000067,0.2023534477,0.00026990136572124947,6.99924321728356e-07,0.20035342547498936,0.9884404192209888,60.0,1741
3,183,delithiation,10,0.17567846280462485,0.1656256506255379,-4.41541e-05,1799.980000000447,9000.0,0.017378091900000003,-0.009333580800000019,0.022076804699449927,6351417.125,0.2045409679,0.2219190598,1801,90811,9,8999.97000000067,0.212585479,0.0003411734416157902,5.695000242657141e-07,0.20719377380058845,0.9951778872548706,60.0,1741
3,184,delithiation,10,0.1656256506255379,0.15557286121401326,-4.4154e-05,1799.980000000447,9000.0,0.010635137500000003,-0.009267538800000003,0.02207675470000548,6362217.125,0.2148099244,0.2254450619,1801,90811,9,8999.97000000067,0.2161775231,0.00011354558464069271,6.370740129326594e-07,0.22093516826259493,0.9480970938271944,60.0,1741
3,185,delithiation,10,0.15557286121401326,0.1455200718024886,-4.4154e-05,1799.980000000447,9000.0,0.008240967999999987,-0.009698182399999977,0.02207675470000548,6373017.125,0.2184493542,0.2266903222,1801,90811,9,8999.97000000067,0.2169921398,4.500371531171011e-05,3.092624852507718e-07,0.22480547562098777,0.9241105741067834,60.0,1741
3,186,delithiation,10,0.1455200718024886,0.13546728239096384,-4.4154e-05,1799.980000000447,9000.0,0.008666425899999997,-0.010396420999999989,0.02207675470000548,6383817.125,0.2192884386,0.2279548645,1801,90811,9,8999.97000000067,0.2175584435,5.122556655053114e-05,3.6991266179290905e-07,0.22577337112450302,0.9168569386171075,60.0,1741
3,187,delithiation,10,0.13546728239096384,0.12541449297943918,-4.4154e-05,1799.980000000447,9000.0,0.009881317599999995,-0.011556446499999984,0.02207675470000548,6394617.125,0.2198576927,0.2297390103,1801,90811,9,8999.97000000067,0.2181825638,7.825926525229528e-05,4.795186595771032e-07,0.2263915935303551,0.9387125307783252,60.0,1741
3,188,delithiation,10,0.12541449297943918,0.11536168080035225,-4.41541e-05,1799.980000000447,9000.0,0.012414097699999987,-0.013557761899999993,0.022076804699449927,6405417.125,0.2203958333,0.232809931,1801,90811,9,8999.97000000067,0.2192521691,0.00013965452205702317,6.284324105566061e-07,0.22677541742617877,0.9659844980903558,60.0,1741
3,189,delithiation,10,0.11536168080035214,0.1053088686212652,-4.41541e-05,1799.980000000447,9000.0,0.017690151900000006,-0.016441077,0.022076804699449927,6416217.125,0.2214817107,0.2391718626,1801,90811,9,8999.97000000067,0.2227307856,0.0002866347315512322,7.390607705805413e-07,0.22642448334438778,0.9885709508057678,60.0,1741
3,190,delithiation,10,0.1053088686212652,0.09525607920974055,-4.4154e-05,1799.980000000447,9000.0,0.03447529669999999,-0.010338991899999983,0.02207675470000548,6427017.125,0.2249788344,0.2594541311,1801,90811,9,8999.97000000067,0.2491151392,0.0007864915751727542,3.849187444128703e-06,0.22235336996094343,0.9600123065943813,60.0,1741
3,191,delithiation,10,0.09525607920974055,0.08520328979821579,-4.4154e-05,1799.980000000447,9000.0,0.05576357249999997,-0.010027140399999968,0.02207675470000548,6437817.125,0.251399219,0.3071627915,1801,90811,9,8999.97000000067,0.2971356511,0.0014783951390206654,6.44375307994035e-06,0.23955967277015514,0.9680198445037762,60.0,1741
3,192,delithiation,10,0.08520328979821579,0.07515047761912885,-4.41541e-05,1799.980000000447,9000.0,0.07107037310000003,-0.011293947700000029,0.022076804699449927,6448617.125,0.2994851172,0.3705554903,1801,90811,9,8999.97000000067,0.3592615426,0.0019141246472175908,8.498354473016914e-06,0.28287155265374453,0.9668570543182191,60.0,1741
3,193,delithiation,10,0.07515047761912885,0.06509761990491736,-4.41543e-05,1799.980000000447,9000.0,0.09465411299999998,-0.013457387599999981,0.022076904698338815,6459417.125,0.3617065847,0.4563606977,1801,90811,9,8999.97000000067,0.4429033101,0.0025853254131870053,1.2117112068514739e-05,0.337279543883364,0.963205218554319,60.0,1741
3,194,delithiation,10,0.06509761990491736,0.05504473942314392,-4.41544e-05,1799.980000000447,9000.0,0.14093926550000002,-0.018025815500000042,0.02207695469778326,6470217.125,0.4455600679,0.5864993334,1801,90811,9,8999.97000000067,0.5684735179,0.003891549003684924,2.02683954908071e-05,0.40491265855565195,0.9549520650789955,60.0,1741
3,195,delithiation,10,0.05504473942314392,0.044991881708932424,-4.41543e-05,1799.980000000447,9000.0,0.3262127638000001,-0.06627374890000004,0.022076904698338815,6481017.125,0.5713021755,0.8975149393,1801,90811,9,5999.970000000671,0.8312411904,0.008754603341762058,7.183475363906655e-05,0.45502191449807433,0.8951881962193196,60.0,1741
4,1,lithiation,4,0.0,0.010046367679708165,4.41544e-05,1799.980000000447,9000.0,-0.3235638141999999,0.020232856299999935,0.02207695469778326,6520973.539,0.8692004681,0.5456366539,1801,90811,3,8999.97000000067,0.5658695102,-0.008393279140133734,7.480013758184634e-06,0.8967765122503559,0.9986207543299248,60.0,1741
4,2,lithiation,4,0.010046367679708167,0.020092780865040592,4.41546e-05,1799.980000000447,9000.0,-0.13739684230000004,0.016919881100000034,0.02207705469667215,6531773.539,0.5628717542,0.4254749119,1801,90811,3,8999.97000000067,0.442394793,-0.003714983574073307,8.297667410187541e-06,0.5878600245154562,0.9913990517996614,60.0,1741
4,3,lithiation,4,0.020092780865040592,0.03013919405037302,4.41546e-05,1799.980000000447,9000.0,-0.09375381460000004,0.014796137800000053,0.02207705469667215,6542573.539,0.4396372437,0.3458834291,1801,90811,3,8999.97000000067,0.3606795669,-0.0024962020928437946,6.608226934765044e-06,0.4559332787992601,0.9879593736400211,60.0,1741
4,4,lithiation,4,0.030139194050373026,0.04018562998851758,4.41547e-05,1799.980000000447,9000.0,-0.07164117689999999,0.013475120100000015,0.022077104696116595,6553373.539,0.3580665588,0.2864253819,1801,90811,3,8999.97000000067,0.299900502,-0.0018725990019443244,5.178016743714397e-06,0.3692116205492121,0.9868779898061202,60.0,1741
4,5,lithiation,4,0.04018562998851758,0.05023208867947427,4.41548e-05,1799.980000000447,9000.0,-0.057653665600000015,0.012910246899999978,0.02207715469556104,6564173.539,0.2973505557,0.2396968901,1801,90811,3,8999.97000000067,0.252607137,-0.001472664630606011,4.043798238304917e-06,0.30480402517754224,0.9870576439637838,60.0,1741
4,6,lithiation,4,0.05023208867947427,0.06027854737043096,4.41548e-05,1799.980000000447,9000.0,-0.045121371800000004,0.011951804199999999,0.02207715469556104,6574973.539,0.2500216067,0.2049002349,1801,90811,3,8999.97000000067,0.2168520391,-0.0011387946097218713,2.5549490746643625e-06,0.254234416232242,0.991322626491913,60.0,1741
4,7,lithiation,4,0.06027854737043096,0.07032496055576339,4.41546e-05,1799.980000000447,9000.0,-0.016903162,0.011968851099999983,0.02207705469667215,6585773.539,0.2143673301,0.1974641681,1801,90811,3,8999.97000000067,0.2094330192,-0.00023239438287301286,1.599135034106332e-06,0.20644184626894022,0.9239228373879598,60.0,1741
4,8,lithiation,4,0.07032496055576339,0.08037135098828367,4.41545e-05,1799.980000000447,9000.0,-0.011040717300000003,0.012067437099999995,0.022077004697227703,6596573.539,0.2071291506,0.1960884333,1801,90811,3,8999.97000000067,0.2081558704,-7.630845375838953e-05,6.405517624187948e-07,0.1992310300458924,0.8908402422459542,60.0,1741
4,9,lithiation,4,0.08037135098828367,0.09041774142080397,4.41545e-05,1799.980000000447,9000.0,-0.011464714999999986,0.012632965999999995,0.022077004697227703,6607373.539,0.2057853043,0.1943205893,1801,90811,3,8999.97000000067,0.2069535553,-9.26410246154878e-05,7.288011631734081e-07,0.19817441597730387,0.9028330752702648,60.0,1741
4,10,lithiation,4,0.09041774142080397,0.10046415460613639,4.41546e-05,1799.980000000447,9000.0,-0.012677341699999983,0.013427555600000002,0.02207705469667215,6618173.539,0.2045970857,0.191919744,1801,90811,3,8999.97000000067,0.2053472996,-0.00012868087644243677,8.304386977448127e-07,0.19725038288042993,0.9324663986238833,60.0,1741
4,11,lithiation,4,0.10046415460613639,0.11051065880271735,4.4155e-05,1799.980000000447,9000.0,-0.01439180969999998,0.0141895712,0.02207725469444993,6628973.539,0.2030293643,0.1886375546,1801,90811,3,8999.97000000067,0.2028271258,-0.00018148717535224973,8.561061772260466e-07,0.19619748237883966,0.962745853549441,60.0,1741
4,12,lithiation,4,0.11051065880271735,0.12055711749367404,4.41548e-05,1799.980000000447,9000.0,-0.016422092900000018,0.014279991400000025,0.02207715469556104,6639773.539,0.2004802823,0.1840581894,1801,90811,3,8999.97000000067,0.1983381808,-0.00024598070815168543,7.052332847120184e-07,0.19439705781225863,0.9859071411498276,60.0,1741
4,13,lithiation,4,0.12055711749367404,0.13060359893744286,4.41549e-05,1799.980000000447,9000.0,-0.018023133299999994,0.013556540099999986,0.022077204695005483,6650573.539,0.1958838701,0.1778607368,1801,90811,3,8999.97000000067,0.1914172769,-0.0002966352232863893,4.868646294593996e-07,0.19045787024835192,0.9953372636847199,60.0,1741
4,14,lithiation,4,0.13060359893744286,0.14065008038121168,4.41549e-05,1799.980000000447,9000.0,-0.01856940980000002,0.012918323199999998,0.022077204695005483,6661373.539,0.1889681518,0.170398742,1801,90811,3,8999.97000000067,0.1833170652,-0.00031135116075774687,3.764475401343796e-07,0.1837908342929826,0.9974642591092643,60.0,1741
4,15,lithiation,4,0.14065008038121168,0.1506965618249805,4.41549e-05,1799.980000000447,9000.0,-0.017903029899999978,0.012513607699999985,0.022077204695005483,6672173.539,0.1807975173,0.1628944874,1801,90811,3,8999.97000000067,0.1754080951,-0.000297835914388517,3.483089538507863e-07,0.17574274399128012,0.9976272987844591,60.0,1741
4,16,lithiation,4,0.1506965618249805,0.1607430205159372,4.41548e-05,1799.980000000447,9000.0,-0.01695349810000002,0.011868000000000017,0.02207715469556104,6682973.539,0.173056066,0.1561025679,1801,90811,3,8999.97000000067,0.1679705679,-0.0002793910699677274,3.7146130003986923e-07,0.1682257144967782,0.9969354358125316,60.0,1741
4,17,lithiation,4,0.1607430205159372,0.17078947920689388,4.41548e-05,1799.980000000447,9000.0,-0.016406446699999994,0.0113468766,0.02207715469556104,6693773.539,0.165743798,0.1493373513,1801,90811,3,8999.97000000067,0.1606842279,-0.00027276527190827526,3.0759666859954777e-07,0.1611286960031832,0.9977933913879342,60.0,1741
4,18,lithiation,4,0.17078947920689388,0.18083600615628698,4.41551e-05,1799.980000000447,9000.0,-0.015049248900000006,0.01093250509999999,0.022077304693894375,6704573.539,0.1583596468,0.1433103979,1801,90811,3,8999.97000000067,0.154242903,-0.00024186563794168517,2.734401953292382e-07,0.15362098317479503,0.99778225440836,60.0,1741
4,19,lithiation,4,0.18083600615628698,0.19088251035286793,4.4155e-05,1799.980000000447,9000.0,-0.013584554199999987,0.01117417209999999,0.02207725469444993,6715373.539,0.1519531608,0.1383686066,1801,90811,3,8999.97000000067,0.1495427787,-0.00019326730592176118,3.9912463896184316e-07,0.14669811366526478,0.9926380848490901,60.0,1741
4,20,lithiation,4,0.19088251035286793,0.20092903730226103,4.41551e-05,1799.980000000447,9000.0,-0.014446586399999989,0.011469155600000003,0.022077304693894375,6726173.539,0.1473093331,0.1328627467,1801,90811,3,8999.97000000067,0.1443319023,-0.00021960205560907632,3.495950792646748e-07,0.14242060164561654,0.9956121920740049,60.0,1741
4,21,lithiation,4,0.20092903730226103,0.21097554149884198,4.4155e-05,1799.980000000447,9000.0,-0.015095889500000015,0.011306822300000019,0.02207725469444993,6736973.539,0.1419509649,0.1268550754,1801,90811,3,8999.97000000067,0.1381618977,-0.00024594162513252036,2.4629456769741767e-07,0.13744043631333863,0.9982590414802095,60.0,1741
4,22,lithiation,4,0.21097554149884198,0.2210220912010472,4.41552e-05,1799.980000000447,9000.0,-0.013872869300000007,0.010822065200000008,0.022077354693338814,6747773.539,0.1358498931,0.1219770238,1801,90811,3,8999.97000000067,0.132799089,-0.0002111624560788237,3.9346602623906883e-07,0.13073585420351547,0.9939984097595095,60.0,1741
4,23,lithiation,4,0.2210220912010472,0.2310686181504403,4.41551e-05,1799.980000000447,9000.0,-0.0107908174,0.010888777599999996,0.022077304693894375,6758573.539,0.1304515004,0.119660683,1801,90811,3,8999.97000000067,0.1305494606,-0.0001102590475086414,7.779816211583829e-07,0.12404632404496026,0.9203201150472687,60.0,1741
4,24,lithiation,4,0.2310686181504403,0.24111509959420913,4.41549e-05,1799.980000000447,9000.0,-0.009832434299999998,0.010847262999999996,0.022077204695005483,6769373.539,0.1283367872,0.1185043529,1801,90811,3,8999.97000000067,0.1293516159,-8.626692202098002e-05,6.602859282018024e-07,0.12202478176002696,0.9075425220347565,60.0,1741
4,25,lithiation,4,0.24111509959420913,0.2511615355323537,4.41547e-05,1799.980000000447,9000.0,-0.010212667300000006,0.010812439000000007,0.022077104696116595,6780173.539,0.127214551,0.1170018837,1801,90811,3,8999.97000000067,0.1278143227,-0.0001073652199332701,6.17045746792781e-07,0.1213778966430846,0.9456810035962866,60.0,1741
4,26,lithiation,4,0.2511615355323537,0.26120799422331037,4.41548e-05,1799.980000000447,9000.0,-0.010458759999999998,0.01071088760000001,0.02207715469556104,6790973.539,0.1256616712,0.1152029112,1801,90811,3,8999.97000000067,0.1259137988,-0.00012304324863054446,6.208942864532592e-07,0.12015652958101623,0.9575964835415395,60.0,1741
4,27,lithiation,4,0.26120799422331037,0.2712544074086428,4.41546e-05,1799.980000000447,9000.0,-0.009916186400000013,0.0108050108,0.02207705469667215,6801773.539,0.123728551,0.1138123646,1801,90811,3,8999.97000000067,0.1246173754,-0.00010920195889437135,7.495068484578621e-07,0.11803016453572716,0.9242827579571936,60.0,1741
4,28,lithiation,4,0.2712544074086428,0.28130084334678734,4.41547e-05,1799.980000000447,9000.0,-0.0093817561,0.011454328900000005,0.022077104696116595,6812573.539,0.122432135,0.1130503789,1801,90811,3,8999.97000000067,0.1245047078,-8.683494460469938e-05,8.829917833231255e-07,0.11623802154459173,0.8475911289655537,60.0,1741
4,29,lithiation,4,0.28130084334678734,0.29134734754336833,4.4155e-05,1799.980000000447,9000.0,-0.009360998799999992,0.011733025299999991,0.02207725469444993,6823373.539,0.1221816018,0.112820603,1801,90811,3,8999.97000000067,0.1245536283,-8.535648935478468e-05,9.342906059631033e-07,0.11590316935962973,0.8275757934305727,60.0,1741
4,30,lithiation,4,0.29134734754336833,0.30139378348151286,4.41547e-05,1799.980000000447,9000.0,-0.009402513500000001,0.011519566199999998,0.022077104696116595,6834173.539,0.1223224327,0.1129199192,1801,90811,3,8999.97000000067,0.1244394854,-8.762005099706295e-05,9.015129006299954e-07,0.11609255303382625,0.8445285024427682,60.0,1741
4,31,lithiation,4,0.30139378348151286,0.31144019666684525,4.41546e-05,1799.980000000447,9000.0,-0.0092883557,0.0112312138,0.02207705469667215,6844973.539,0.1223083511,0.1130199954,1801,90811,3,8999.97000000067,0.1242512092,-8.882706526419526e-05,8.938173616806613e-07,0.11625698705454836,0.8502833204405371,60.0,1741
4,32,lithiation,4,0.31144019666684525,0.3214866098521777,4.41546e-05,1799.980000000447,9000.0,-0.0091571659,0.011034786700000007,0.02207705469667215,6855773.539,0.122209765,0.1130525991,1801,90811,3,8999.97000000067,0.1240873858,-8.887997412149189e-05,9.080519415574768e-07,0.11628128010559637,0.8463707915039311,60.0,1741
4,33,lithiation,4,0.3214866098521777,0.331533000284698,4.41545e-05,1799.980000000447,9000.0,-0.0091853291,0.0110770315,0.022077004697227703,6866573.539,0.1220807955,0.1128954664,1801,90811,3,8999.97000000067,0.1239724979,-9.043808511933594e-05,9.326750013142889e-07,0.11620209795119289,0.8439164935127782,60.0,1741
4,34,lithiation,4,0.331533000284698,0.3415793907172183,4.41545e-05,1799.980000000447,9000.0,-0.009340241499999999,0.011221572799999996,0.022077004697227703,6877373.539,0.1219740584,0.1126338169,1801,90811,3,8999.97000000067,0.1238553897,-9.221130177790523e-05,9.757303474688216e-07,0.11599212009866854,0.8370223800066658,60.0,1741
4,35,lithiation,4,0.3415793907172183,0.3516258039025507,4.41546e-05,1799.980000000447,9000.0,-0.0095366687,0.011420220100000003,0.02207705469667215,6888173.539,0.1218562052,0.1123195365,1801,90811,3,8999.97000000067,0.1237397566,-9.461166825227892e-05,1.0253139799119686e-06,0.11576729392135043,0.8304047242144207,60.0,1741
4,36,lithiation,4,0.3516258039025507,0.36167228534631957,4.41549e-05,1799.980000000447,9000.0,-0.009677484599999994,0.011651486099999997,0.022077204695005483,6898973.539,0.1216694042,0.1119919196,1801,90811,3,8999.97000000067,0.1236434057,-9.77708137390743e-05,1.0828687671047572e-06,0.11555387502071587,0.8241844798661175,60.0,1741
4,37,lithiation,4,0.36167228534631957,0.371718698531652,4.41546e-05,1799.980000000447,9000.0,-0.009885042899999988,0.011838287099999997,0.02207705469667215,6909773.539,0.121525608,0.1116405651,1801,90811,3,8999.97000000067,0.1234788522,-0.00010138287211753056,1.1404544854900402e-06,0.11535503951127882,0.819636856600222,60.0,1741
4,38,lithiation,4,0.371718698531652,0.3817650889641723,4.41545e-05,1799.980000000447,9000.0,-0.010078504700000004,0.011956140399999995,0.022077004697227703,6920573.539,0.1214159057,0.111337401,1801,90811,3,8999.97000000067,0.1232935414,-0.0001055186536227207,1.198601153762414e-06,0.1151761359576541,0.8167377163725215,60.0,1741
4,39,lithiation,4,0.3817650889641723,0.39181147939669264,4.41545e-05,1799.980000000447,9000.0,-0.010178565900000006,0.012010246500000002,0.022077004697227703,6931373.539,0.1212180033,0.1110394374,1801,90811,3,8999.97000000067,0.1230496839,-0.00011003014177212383,1.2509808682910234e-06,0.11504708636721278,0.8164662942966104,60.0,1741
4,40,lithiation,4,0.39181147939669264,0.40185786982921295,4.41545e-05,1799.980000000447,9000.0,-0.010341644300000008,0.012168854500000006,0.022077004697227703,6942173.539,0.1210401133,0.110698469,1801,90811,3,8999.97000000067,0.1228673235,-0.00011582354886070774,1.3046133894630538e-06,0.11491971586605951,0.8192473903685132,60.0,1741
4,41,lithiation,4,0.40185786982921295,0.411904214756109,4.41543e-05,1799.980000000447,9000.0,-0.010591447300000001,0.012434974299999998,0.022076904698338815,6952973.539,0.1208355352,0.1102440879,1801,90811,3,8999.97000000067,0.1226790622,-0.00012293479797909624,1.3665483077525523e-06,0.11474126802015347,0.8231252564292588,60.0,1741
4,42,lithiation,4,0.411904214756109,0.4219505824358172,4.41544e-05,1799.980000000447,9000.0,-0.011026546299999995,0.012813732000000008,0.02207695469778326,6963773.539,0.1207147166,0.1096881703,1801,90811,3,8999.97000000067,0.1225019023,-0.0001320865041319285,1.431074890907029e-06,0.11452615719823374,0.8304749274646932,60.0,1741
4,43,lithiation,4,0.4219505824358172,0.4319969501155253,4.41544e-05,1799.980000000447,9000.0,-0.011477202199999995,0.013295531299999996,0.02207695469778326,6974573.539,0.1204923317,0.1090151295,1801,90811,3,8999.97000000067,0.1223106608,-0.0001435935883326129,1.4972507851859402e-06,0.11430994420642193,0.8409946253554786,60.0,1741
4,44,lithiation,4,0.4319969501155253,0.44204334054804567,4.41545e-05,1799.980000000447,9000.0,-0.012025699,0.013785481500000002,0.022077004697227703,6985373.539,0.1202810779,0.1082553789,1801,90811,3,8999.97000000067,0.1220408604,-0.00015749169900339545,1.5537740793448222e-06,0.11411058306040905,0.8552401652458996,60.0,1741
4,45,lithiation,4,0.44204334054804567,0.4520896854749417,4.41543e-05,1799.980000000447,9000.0,-0.01249641180000001,0.014225035900000002,0.022076904698338815,6996173.539,0.119980894,0.1074844822,1801,90811,3,8999.97000000067,0.1217095181,-0.0001735695962080238,1.6005330286723925e-06,0.11396035548075518,0.8711784084729285,60.0,1741
4,46,lithiation,4,0.4520896854749417,0.46213603040183776,4.41543e-05,1799.980000000447,9000.0,-0.012932986000000007,0.014578595799999997,0.022076904698338815,7006973.539,0.1196806952,0.1067477092,1801,90811,3,8999.97000000067,0.121326305,-0.00019087779588734225,1.6211141845237398e-06,0.11390230149274827,0.8885459481741406,60.0,1741
4,47,lithiation,4,0.46213603040183776,0.47218235257592167,4.41542e-05,1799.980000000447,9000.0,-0.013431824699999997,0.015003345900000006,0.02207685469889437,7017773.539,0.1193337813,0.1059019566,1801,90811,3,8999.97000000067,0.1209053025,-0.0002102576985859027,1.6184808632007498e-06,0.11385512224166307,0.9065844505824269,60.0,1741
4,48,lithiation,4,0.47218235257592167,0.4822286519971934,4.41541e-05,1799.980000000447,9000.0,-0.014039628200000001,0.015588156899999997,0.022076804699449927,7028573.539,0.1189305559,0.1048909277,1801,90811,3,8999.97000000067,0.1204790846,-0.00023311174175509068,1.5975864832860406e-06,0.11381094624287458,0.9244903559069496,60.0,1741
4,49,lithiation,4,0.4822286519971934,0.492274928665653,4.4154e-05,1799.980000000447,9000.0,-0.014992117799999996,0.0164301991,0.02207675470000548,7039373.539,0.1185258552,0.1035337374,1801,90811,3,8999.97000000067,0.1199639365,-0.000263381357247325,1.56803110324303e-06,0.11369699881760797,0.9419418795742273,60.0,1741
4,50,lithiation,4,0.492274928665653,0.502321273592549,4.41543e-05,1799.980000000447,9000.0,-0.0162603558,0.0175620467,0.022076904698338815,7050173.539,0.1179780737,0.1017177179,1801,90811,3,8999.97000000067,0.1192797646,-0.0003023735072317814,1.5024404971397764e-06,0.11354933848833927,0.9588329615640412,60.0,1741
4,51,lithiation,4,0.502321273592549,0.5123675957666329,4.41542e-05,1799.980000000447,9000.0,-0.017765067600000004,0.018968172399999997,0.02207685469889437,7060973.539,0.1172287092,0.0994636416,1801,90811,3,8999.97000000067,0.118431814,-0.0003505152672692284,1.3823876699774584e-06,0.1133732033862592,0.9736637221339937,60.0,1741
4,52,lithiation,4,0.5123675957666329,0.5224139861991532,4.41545e-05,1799.980000000447,9000.0,-0.020093999799999998,0.020615182799999993,0.022077004697227703,7071773.539,0.1163881496,0.0962941498,1801,90811,3,8999.97000000067,0.1169093326,-0.00041688366125220284,1.1903327034530176e-06,0.1131304832423781,0.9860204723705005,60.0,1741
4,53,lithiation,4,0.5224139861991532,0.5324603993844856,4.41546e-05,1799.980000000447,9000.0,-0.022814303600000002,0.021512061299999996,0.02207705469667215,7082573.539,0.1147604063,0.0919461027,1801,90811,3,8999.97000000067,0.113458164,-0.000495295494970852,9.729402936285228e-07,0.11225029352094831,0.9933344086391573,60.0,1741
4,54,lithiation,4,0.5324603993844856,0.5425068353226303,4.41547e-05,1799.980000000447,9000.0,-0.025237373999999993,0.017374500599999995,0.022077104696116595,7093373.539,0.1111476496,0.0859102756,1801,90811,3,8999.97000000067,0.1032847762,-0.0005659499506241503,7.922689686416374e-07,0.10942486132733145,0.9966036589172382,60.0,1741
4,55,lithiation,4,0.5425068353226303,0.552553294013587,4.41548e-05,1799.980000000447,9000.0,-0.022706791700000006,0.010683417299999998,0.02207715469556104,7104173.539,0.1010098457,0.078303054,1801,90811,3,8999.97000000067,0.0889864713,-0.00047303624551922266,9.575738722465017e-07,0.09767909919927525,0.9929242668761079,60.0,1741
4,56,lithiation,4,0.552553294013587,0.5625997299517316,4.41547e-05,1799.980000000447,9000.0,-0.010320864599999993,0.0106982365,0.022077104696116595,7114973.539,0.0868123621,0.0764914975,1801,90811,3,8999.97000000067,0.087189734,-0.00010900319897146727,1.2781900059908542e-06,0.08029842088246547,0.8070257642405718,60.0,1741
4,57,lithiation,4,0.5625997299517316,0.5726461203842519,4.41545e-05,1799.980000000447,9000.0,-0.007835522299999995,0.010374322499999991,0.022077004697227703,7125773.539,0.085114941,0.0772794187,1801,90811,3,8999.97000000067,0.0876537412,-5.2957922858584454e-05,6.797662230201032e-07,0.07914593227032957,0.7772899117602539,60.0,1741
4,58,lithiation,4,0.5726461203842519,0.58269248806396,4.41544e-05,1799.980000000447,9000.0,-0.007881470000000002,0.010214954600000006,0.02207695469778326,7136573.539,0.085554488,0.077673018,1801,90811,3,8999.97000000067,0.0878879726,-5.8015078833835916e-05,5.859942775088681e-07,0.07982168218599972,0.8493140185881298,60.0,1741
4,59,lithiation,4,0.58269248806396,0.5927389012492925,4.41546e-05,1799.980000000447,9000.0,-0.008017860400000007,0.010280184499999998,0.02207705469667215,7147373.539,0.0857523978,0.0777345374,1801,90811,3,8999.97000000067,0.0880147219,-6.219327350728047e-05,5.6252703658858e-07,0.08007608570730221,0.8754532221648056,60.0,1741
4,60,lithiation,4,0.5927389012492925,0.602785314434625,4.41546e-05,1799.980000000447,9000.0,-0.008340284200000006,0.010606311199999996,0.02207705469667215,7158173.539,0.0858324468,0.0774921626,1801,90811,3,8999.97000000067,0.0880984738,-6.859415787674622e-05,5.625411702018978e-07,0.08010052372720768,0.895287944319159,60.0,1741
4,61,lithiation,4,0.602785314434625,0.6128317503727696,4.41547e-05,1799.980000000447,9000.0,-0.008673846700000001,0.010964334000000006,0.022077104696116595,7168973.539,0.0857998356,0.0771259889,1801,90811,3,8999.97000000067,0.0880903229,-7.167076211113707e-05,5.956032397455468e-07,0.07984786633800278,0.8927803770244801,60.0,1741
4,62,lithiation,4,0.6128317503727696,0.6228782090637263,4.41548e-05,1799.980000000447,9000.0,-0.008755385899999996,0.011065885499999997,0.02207715469556104,7179773.539,0.0858176276,0.0770622417,1801,90811,3,8999.97000000067,0.0881281272,-7.374239717381596e-05,5.835934841612739e-07,0.07988016615330917,0.9017827292901023,60.0,1741
4,63,lithiation,4,0.6228782090637263,0.6329246450018708,4.41547e-05,1799.980000000447,9000.0,-0.008818387999999996,0.011114805899999997,0.022077104696116595,7190573.539,0.0857783407,0.0769599527,1801,90811,3,8999.97000000067,0.0880747586,-7.615137980645126e-05,5.865920634579734e-07,0.07986904875218342,0.9064663113028104,60.0,1741
4,64,lithiation,4,0.6329246450018708,0.6429710354343912,4.41545e-05,1799.980000000447,9000.0,-0.008545614800000004,0.010813124500000007,0.022077004697227703,7201373.539,0.0858228132,0.0772771984,1801,90811,3,8999.97000000067,0.0880903229,-7.588691951661465e-05,5.473371883285921e-07,0.08017162064271724,0.9170408436174704,60.0,1741
4,65,lithiation,4,0.6429710354343912,0.6530174486197237,4.41546e-05,1799.980000000447,9000.0,-0.008535236099999996,0.010738261099999993,0.02207705469667215,7212173.539,0.0858628377,0.0773276016,1801,90811,3,8999.97000000067,0.0880658627,-7.939172937882971e-05,5.175251355310428e-07,0.08037746151073813,0.9311901919903824,60.0,1741
4,66,lithiation,4,0.6530174486197237,0.663063839052244,4.41545e-05,1799.980000000447,9000.0,-0.008671618999999992,0.0108687133,0.022077004697227703,7222973.539,0.0858583897,0.0771867707,1801,90811,3,8999.97000000067,0.088055484,-8.294993840622768e-05,5.014377137406728e-07,0.08040520288166435,0.9402491115486828,60.0,1741
4,67,lithiation,4,0.663063839052244,0.6731102067319521,4.41544e-05,1799.980000000447,9000.0,-0.008802078700000007,0.011072553700000001,0.02207695469778326,7233773.539,0.0857924223,0.0769903436,1801,90811,3,8999.97000000067,0.0880628973,-8.668911072369632e-05,4.876925806466074e-07,0.08037396045467202,0.947833142718971,60.0,1741
4,68,lithiation,4,0.6731102067319521,0.6831566654229088,4.41548e-05,1799.980000000447,9000.0,-0.009177140899999991,0.011480972199999995,0.02207715469556104,7244573.539,0.0857190415,0.0765419006,1801,90811,3,8999.97000000067,0.0880228728,-9.415214574631548e-05,4.778720590247617e-07,0.08024488320345098,0.9571224542283349,60.0,1741
4,69,lithiation,4,0.6831566654229088,0.6932031013610533,4.41547e-05,1799.980000000447,9000.0,-0.009541086800000001,0.011917553799999994,0.022077104696116595,7255373.539,0.0856056362,0.0760645494,1801,90811,3,8999.97000000067,0.0879821032,-9.886765731885668e-05,4.77510560332315e-07,0.07996509050697434,0.9610158899307059,60.0,1741
4,70,lithiation,4,0.6932031013610533,0.7032495828048222,4.41549e-05,1799.980000000447,9000.0,-0.009719714599999998,0.012204401199999992,0.022077204695005483,7266173.539,0.0854559094,0.0757361948,1801,90811,3,8999.97000000067,0.087940596,-0.00010299945852177953,4.63074379776683e-07,0.07982205897363177,0.9660431246625936,60.0,1741
4,71,lithiation,4,0.7032495828048222,0.7132959959901546,4.41546e-05,1799.980000000447,9000.0,-0.009935416300000013,0.012454204300000007,0.02207705469667215,7276973.539,0.0853476897,0.0754122734,1801,90811,3,8999.97000000067,0.0878664777,-0.00010682832769896597,4.5517953887622514e-07,0.07966287225384201,0.9693949606062535,60.0,1741
4,72,lithiation,4,0.7132959959901546,0.7233424091754871,4.41546e-05,1799.980000000447,9000.0,-0.009859815300000005,0.012410469399999999,0.02207705469667215,7287773.539,0.0852631927,0.0754033774,1801,90811,3,8999.97000000067,0.0878138468,-0.00010796942692558943,4.181111566002663e-07,0.07972339555123478,0.9745843663272578,60.0,1741
4,73,lithiation,4,0.7233424091754871,0.7333888451136317,4.41547e-05,1799.980000000447,9000.0,-0.009991750100000002,0.012515723700000009,0.022077104696116595,7298573.539,0.0852513313,0.0752595812,1801,90811,3,8999.97000000067,0.0877753049,-0.00011129887848013125,3.8473459290305413e-07,0.07974501483673642,0.9796432505874446,60.0,1741
4,74,lithiation,4,0.7333888451136317,0.7434352810517763,4.41547e-05,1799.980000000447,9000.0,-0.010135553800000002,0.012629874099999994,0.022077104696116595,7309373.539,0.0852083415,0.0750727877,1801,90811,3,8999.97000000067,0.0877026618,-0.00011458933395271144,3.570650424564256e-07,0.07969911378751329,0.9833951889280325,60.0,1741
4,75,lithiation,4,0.7434352810517763,0.7534816487314845,4.41544e-05,1799.980000000447,9000.0,-0.010210402300000004,0.012863360300000001,0.02207695469778326,7320173.539,0.0850133896,0.0748029873,1801,90811,3,8999.97000000067,0.0876663476,-0.00011838341663207061,3.243098645809213e-07,0.07961514709234742,0.9871172991259253,60.0,1741
4,76,lithiation,4,0.7534816487314845,0.7635280846696291,4.41547e-05,1799.980000000447,9000.0,-0.010522469899999998,0.013217672700000002,0.022077104696116595,7330973.539,0.0848999843,0.0743775144,1801,90811,3,8999.97000000067,0.0875951871,-0.000124752957329798,2.90729019649479e-07,0.07948738473102916,0.9906439562312918,60.0,1741
4,77,lithiation,4,0.7635280846696291,0.7735745661133979,4.41549e-05,1799.980000000447,9000.0,-0.010775961,0.013653501900000004,0.022077204695005483,7341773.539,0.0846405551,0.0738645941,1801,90811,3,8999.97000000067,0.087518096,-0.00012938132424291003,2.7452609410540973e-07,0.07917513906311574,0.9922315088646709,60.0,1741
4,78,lithiation,4,0.7735745661133979,0.7836210703099789,4.4155e-05,1799.980000000447,9000.0,-0.01104725890000001,0.01397149260000001,0.02207725469444993,7352573.539,0.0844930559,0.073445797,1801,90811,3,8999.97000000067,0.0874172896,-0.00013433564279107972,2.441204829297451e-07,0.07899743928881539,0.9942899677016224,60.0,1741
4,79,lithiation,4,0.7836210703099789,0.7936675517537476,4.41549e-05,1799.980000000447,9000.0,-0.011105067999999996,0.014212392300000001,0.022077204695005483,7363373.539,0.0841906294,0.0730855614,1801,90811,3,8999.97000000067,0.0872979537,-0.0001367947777407898,2.3118803645017706e-07,0.07875949673794966,0.995057582009823,60.0,1741
4,80,lithiation,4,0.7936675517537476,0.8037140104447043,4.41548e-05,1799.980000000447,9000.0,-0.011033907499999995,0.014150865400000004,0.02207715469556104,7374173.539,0.0841009393,0.0730670318,1801,90811,3,8999.97000000067,0.0872178972,-0.00013654747753020726,1.9259216921277874e-07,0.07876992165642753,0.9965524574699643,60.0,1741
4,81,lithiation,4,0.8037140104447043,0.8137604236300368,4.41546e-05,1799.980000000447,9000.0,-0.011126570399999994,0.014280587499999997,0.02207705469667215,7384973.539,0.0839734524,0.072846882,1801,90811,3,8999.97000000067,0.0871274695,-0.00013988121008351865,1.6476042410215898e-07,0.0786989907091491,0.997593199444873,60.0,1741
4,82,lithiation,4,0.8137604236300368,0.8238068368153691,4.41546e-05,1799.980000000447,9000.0,-0.011269629000000003,0.014643043199999997,0.02207705469667215,7395773.539,0.0836354569,0.0723658279,1801,90811,3,8999.97000000067,0.0870088711,-0.0001448833540295382,1.3858007148989276e-07,0.07847861648408672,0.9984115492368679,60.0,1741
4,83,lithiation,4,0.8238068368153691,0.8338532955063258,4.41548e-05,1799.980000000447,9000.0,-0.011491991600000001,0.0150425733,0.02207715469556104,7406573.539,0.083316721,0.0718247294,1801,90811,3,8999.97000000067,0.0868673027,-0.0001487566427080015,1.2722206938676306e-07,0.0781342479969403,0.9987296607857207,60.0,1741
4,84,lithiation,4,0.8338532955063258,0.8438997541972825,4.41548e-05,1799.980000000447,9000.0,-0.011977493800000003,0.015694104099999995,0.02207715469556104,7417373.539,0.083005406,0.0710279122,1801,90811,3,8999.97000000067,0.0867220163,-0.0001576972227141755,1.1512864922292169e-07,0.07773764345480975,0.9990739893890576,60.0,1741
4,85,lithiation,4,0.8438997541972825,0.8539462356410513,4.41549e-05,1799.980000000447,9000.0,-0.012305118099999998,0.016367137399999995,0.022077204695005483,7428173.539,0.0824005678,0.0700954497,1801,90811,3,8999.97000000067,0.0864625871,-0.00016436720101565048,1.2864687051928054e-07,0.07711119220858302,0.9989358439672603,60.0,1741
4,86,lithiation,4,0.8539462356410513,0.8639926715791959,4.41547e-05,1799.980000000447,9000.0,-0.0125119239,0.016810394800000003,0.022077104696116595,7438973.539,0.0819699168,0.0694579929,1801,90811,3,8999.97000000067,0.0862683877,-0.00016921727412044153,1.335422833792667e-07,0.07669696359902552,0.9989181235169682,60.0,1741
4,87,lithiation,4,0.8639926715791959,0.8740391075173405,4.41547e-05,1799.980000000447,9000.0,-0.012681655600000008,0.0172551274,0.022077104696116595,7449773.539,0.0814221427,0.0687404871,1801,90811,3,8999.97000000067,0.0859956145,-0.0001770976749641538,1.7348571778508369e-07,0.07638877758840255,0.99833399164199,60.0,1741
4,88,lithiation,4,0.8740391075173405,0.8840854979498608,4.41545e-05,1799.980000000447,9000.0,-0.012868449099999998,0.017639830699999998,0.022077004697227703,7460573.539,0.0809788853,0.0681104362,1801,90811,3,8999.97000000067,0.0857502669,-0.00018308632220624565,1.865815311228164e-07,0.07603830877513312,0.9981972253434099,60.0,1741
4,89,lithiation,4,0.8840854979498608,0.8941318883823811,4.41545e-05,1799.980000000447,9000.0,-0.013242021199999995,0.01818981019999999,0.022077004697227703,7471373.539,0.0804711506,0.0672291294,1801,90811,3,8999.97000000067,0.0854189396,-0.00019272484154844732,2.6755459948981453e-07,0.07559663000566155,0.9966596198601234,60.0,1741
4,90,lithiation,4,0.8941318883823811,0.9041783015677136,4.41546e-05,1799.980000000447,9000.0,-0.013505905799999995,0.0189695879,0.02207705469667215,7482173.539,0.0795587003,0.0660527945,1801,90811,3,8999.97000000067,0.0850223824,-0.00020412965924713233,3.1334153906829854e-07,0.07496126657108479,0.9959191803493317,60.0,1741
4,91,lithiation,4,0.9041783015677136,0.9142247375058581,4.41547e-05,1799.980000000447,9000.0,-0.014196723699999997,0.0199391097,0.022077104696116595,7492973.539,0.0787841156,0.0645873919,1801,90811,3,8999.97000000067,0.0845265016,-0.0002207682292537074,4.187537366205646e-07,0.07427955861654957,0.9937822243392264,60.0,1741
4,92,lithiation,4,0.9142247375058581,0.9242711506911906,4.41546e-05,1799.980000000447,9000.0,-0.015032082799999999,0.020992390900000005,0.02207705469667215,7503773.539,0.0779317021,0.0628996193,1801,90811,3,8999.97000000067,0.0838920102,-0.00023904014692206492,5.106094378601736e-07,0.07344464490221386,0.992127672973953,60.0,1741
4,93,lithiation,4,0.9242711506911906,0.934317563876523,4.41546e-05,1799.980000000447,9000.0,-0.015809629099999993,0.022165749199999994,0.02207705469667215,7514573.539,0.0766768083,0.0608671792,1801,90811,3,8999.97000000067,0.0830329284,-0.00026346895833885244,6.756783138458648e-07,0.07259585232520581,0.9886921067292167,60.0,1741
4,94,lithiation,4,0.934317563876523,0.9443639543090432,4.41545e-05,1799.980000000447,9000.0,-0.017234999699999996,0.023609656799999997,0.022077004697227703,7525373.539,0.0754960254,0.0582610257,1801,90811,3,8999.97000000067,0.0818706825,-0.00030033923060528774,8.935225183080398e-07,0.07173244253143377,0.984841617869901,60.0,1741
4,95,lithiation,4,0.9443639543090432,0.9544103447415635,4.41545e-05,1799.980000000447,9000.0,-0.0202562399,0.026352923400000006,0.022077004697227703,7536173.539,0.0739216655,0.0536654256,1801,90811,3,8999.97000000067,0.080018349,-0.00038226854678196596,1.4406530439692507e-06,0.0710146243717845,0.9758962343904084,60.0,1741
4,96,lithiation,4,0.9544103447415635,0.9644567579268959,4.41546e-05,1799.980000000447,9000.0,-0.027162976600000006,0.0327526629,0.02207705469667215,7546973.539,0.0711865351,0.0440235585,1801,90811,3,8999.97000000067,0.0767762214,-0.0005665314922850123,2.4402702443098504e-06,0.06998238345933301,0.9687437946471246,60.0,1741
4,97,lithiation,4,0.9644567579268959,0.9745031483594161,4.41545e-05,1799.980000000447,9000.0,-0.032462723500000006,0.0383222103,0.022077004697227703,7557773.539,0.0664834529,0.0340207294,1801,90811,3,8999.97000000067,0.0723429397,-0.0006957735046779807,2.483380086844887e-06,0.06529681549744426,0.9783262575984584,60.0,1741
4,98,lithiation,4,0.9745031483594161,0.9845495387919364,4.41545e-05,1799.980000000447,9000.0,-0.0369167272,0.0406125766,0.022077004697227703,7568573.539,0.0619375072,0.02502078,1801,90811,3,8999.97000000067,0.0656333566,-0.0008246631037724122,2.8772027736957117e-06,0.061946115702473964,0.9792704420870586,60.0,1741
4,99,lithiation,4,0.9845495387919364,0.9945959519772688,4.41546e-05,1799.980000000447,9000.0,-0.041897728100000003,0.0392746246,0.02207705469667215,7579373.539,0.0552946366,0.0133969085,1801,90811,3,8999.97000000067,0.0526715331,-0.0009783596515041436,2.9652988297756087e-06,0.05670460548134068,0.9842762384940126,60.0,1741
4,100,lithiation,4,0.9945959519772688,1.0000000000000007,4.41546e-05,968.2240000003949,28800.0,-0.0324811907,0.0337702715,0.01187542873067151,7590173.539,0.0424803309,0.0099991402,970,92792,9,28799.950000001118,0.0437694117,-0.0009881373569901293,3.0402516217360213e-06,0.04170376683931806,0.9914777700008756,60.0,910
4,101,delithiation,10,1.0,0.9899536095674797,-4.41545e-05,1799.980000000447,9000.0,0.030092708799999993,-0.01701946559999999,0.022077004697227703,7619941.783,0.0539424941,0.0840352029,1801,90811,9,8999.97000000067,0.0670157373,0.0005323524504366689,1.902380384674993e-06,0.0621980854792117,0.9782751489760748,60.0,1741
4,102,delithiation,10,0.9899536095674797,0.9799072191349594,-4.41545e-05,1799.980000000447,9000.0,0.0185074955,-0.013448871700000004,0.022077004697227703,7630741.783,0.0741317794,0.0926392749,1801,90811,9,8999.97000000067,0.0791904032,0.0003443973780316427,1.4393946817666495e-07,0.07802317676911309,0.9996963258723351,60.0,1741
4,103,delithiation,10,0.9799072191349594,0.9698608287024391,-4.41545e-05,1799.980000000447,9000.0,0.0130417496,-0.012279897900000003,0.022077004697227703,7641541.783,0.0846437439,0.0976854935,1801,90811,9,8999.97000000067,0.0854055956,0.00019746252177407913,8.685385531796258e-08,0.08937546857147373,0.9996636725333532,60.0,1741
4,104,delithiation,10,0.9698608287024391,0.9598144610227309,-4.41544e-05,1799.980000000447,9000.0,0.009984225,-0.012033790400000008,0.02207695469778326,7652341.783,0.0900716931,0.1000559181,1801,90811,9,8999.97000000067,0.0880221277,0.00010904702980644745,2.953685858467607e-07,0.09561925361887631,0.9874022031827019,60.0,1741
4,105,delithiation,10,0.9598144610227309,0.9497680705902106,-4.41545e-05,1799.980000000447,9000.0,0.008784197199999996,-0.011851429900000002,0.022077004697227703,7663141.783,0.0922108442,0.1009950414,1801,90811,9,8999.97000000067,0.0891436115,7.347261341801155e-05,3.91216454242666e-07,0.09809893238605072,0.9530125938788265,60.0,1741
4,106,delithiation,10,0.9497680705902106,0.9397215663936297,-4.4155e-05,1799.980000000447,9000.0,0.0084239542,-0.011876627799999998,0.02207725469444993,7673941.783,0.0931477547,0.1015717089,1801,90811,9,8999.97000000067,0.0896950811,6.578949177692505e-05,4.0810188334417263e-07,0.09902779001580396,0.9372817573124421,60.0,1741
4,107,delithiation,10,0.9397215663936297,0.929675107702673,-4.41548e-05,1799.980000000447,9000.0,0.008450649699999993,-0.012018196299999992,0.02207715469556104,7684741.783,0.0936221257,0.1020727754,1801,90811,9,8999.97000000067,0.0900545791,6.072239730732248e-05,4.2803841154894767e-07,0.0997411555033116,0.9204622614797452,60.0,1741
4,108,delithiation,10,0.929675107702673,0.9196286262589042,-4.41549e-05,1799.980000000447,9000.0,0.008363179900000003,-0.011927023600000003,0.022077204695005483,7695541.783,0.0938719213,0.1022351012,1801,90811,9,8999.97000000067,0.0903080776,5.8436268414543976e-05,4.3445555844932426e-07,0.10000299210573153,0.9123067371334025,60.0,1741
4,109,delithiation,10,0.9196286262589042,0.9095821903207596,-4.41547e-05,1799.980000000447,9000.0,0.008372813399999998,-0.011831402800000002,0.022077104696116595,7706341.783,0.0939052776,0.102278091,1801,90811,9,8999.97000000067,0.0904466882,5.7902901817632136e-05,4.469574096383648e-07,0.10007079179095256,0.9061114121704862,60.0,1741
4,110,delithiation,10,0.9095821903207596,0.8995357771354272,-4.41546e-05,1799.980000000447,9000.0,0.008071884500000001,-0.011431887700000004,0.02207705469667215,7717141.783,0.0939297378,0.1020016223,1801,90811,9,8999.97000000067,0.0905697346,5.545255220562525e-05,4.4372649751180114e-07,0.09990213845962337,0.8998071624013332,60.0,1741
4,111,delithiation,10,0.8995357771354272,0.8894893639500948,-4.41546e-05,1799.980000000447,9000.0,0.008053354999999998,-0.011180609500000008,0.02207705469667215,7727941.783,0.0938229933,0.1018763483,1801,90811,9,8999.97000000067,0.0906957388,5.647968200732792e-05,4.381534858337835e-07,0.0997108136008444,0.9052585012819246,60.0,1741
4,112,delithiation,10,0.8894893639500948,0.879442905259138,-4.41548e-05,1799.980000000447,9000.0,0.008082993299999994,-0.0110827535,0.02207715469556104,7738741.783,0.0938141048,0.1018970981,1801,90811,9,8999.97000000067,0.0908143446,5.783126416983487e-05,4.462777922911528e-07,0.0996966995494026,0.9061596768306961,60.0,1741
4,113,delithiation,10,0.879442905259138,0.8693964920738056,-4.41546e-05,1799.980000000447,9000.0,0.008071884500000001,-0.011066459099999995,0.02207705469667215,7749541.783,0.0939297378,0.1020016223,1801,90811,9,8999.97000000067,0.0909351632,5.958340532475875e-05,4.628815335662683e-07,0.09973363265406456,0.9050170977759386,60.0,1741
4,114,delithiation,10,0.8693964920738056,0.8593500788884731,-4.41546e-05,1799.980000000447,9000.0,0.008299432699999998,-0.011193945999999996,0.02207705469667215,7760341.783,0.0939556807,0.1022551134,1801,90811,9,8999.97000000067,0.0910611674,6.313573717973023e-05,4.803705504725223e-07,0.09983614778371484,0.9085371920151846,60.0,1741
4,115,delithiation,10,0.8593500788884731,0.8493036201975165,-4.41548e-05,1799.980000000447,9000.0,0.008511424100000012,-0.0115445406,0.02207715469556104,7771141.783,0.0941869393,0.1026983634,1801,90811,9,8999.97000000067,0.0911538228,6.600319435749963e-05,5.279904311443218e-07,0.10017451803054868,0.8998622540247421,60.0,1741
4,116,delithiation,10,0.8493036201975165,0.8392571842593719,-4.41547e-05,1799.980000000447,9000.0,0.00867079200000001,-0.011675000200000007,0.022077104696116595,7781941.783,0.0942151025,0.1028858945,1801,90811,9,8999.97000000067,0.0912108943,6.782764671550686e-05,5.655977159972215e-07,0.10031458924807768,0.8921236087715784,60.0,1741
4,117,delithiation,10,0.8392571842593719,0.8292107255684152,-4.41548e-05,1799.980000000447,9000.0,0.008747875700000005,-0.0118002668,0.02207715469556104,7792741.783,0.0943136886,0.1030615643,1801,90811,9,8999.97000000067,0.0912612975,7.089882616089932e-05,5.900322178797655e-07,0.10036354550817232,0.8925060297076458,60.0,1741
4,118,delithiation,10,0.8292107255684152,0.8191643351358949,-4.41545e-05,1799.980000000447,9000.0,0.0086707845,-0.011574193800000007,0.022077004697227703,7803541.783,0.0941773057,0.1028480902,1801,90811,9,8999.97000000067,0.0912738964,7.194624177164297e-05,6.016277103373811e-07,0.10013211621868841,0.8915822405455762,60.0,1741
4,119,delithiation,10,0.8191643351358949,0.8091179902089989,-4.41543e-05,1799.980000000447,9000.0,0.00875603409999999,-0.01149488239999999,0.022076904698338815,7814341.783,0.0940942839,0.102850318,1801,90811,9,8999.97000000067,0.0913554356,7.583779650962125e-05,6.139335999322101e-07,0.09996534783234999,0.8976943821686452,60.0,1741
4,120,delithiation,10,0.8091179902089989,0.7990715997764786,-4.41545e-05,1799.980000000447,9000.0,0.008840523599999997,-0.011583082300000005,0.022077004697227703,7825141.783,0.0941654444,0.103005968,1801,90811,9,8999.97000000067,0.0914228857,8.09667526330916e-05,6.394705332295169e-07,0.0999325973953363,0.9021408249815923,60.0,1741
4,121,delithiation,10,0.7990715997764786,0.7890252320967704,-4.41544e-05,1799.980000000447,9000.0,0.009115517099999998,-0.011779494599999996,0.02207695469778326,7835941.783,0.094161734,0.1032772511,1801,90811,9,8999.97000000067,0.0914977565,8.713370929926463e-05,6.723754722221561e-07,0.09996309955815591,0.9061663064399248,60.0,1741
4,122,delithiation,10,0.7890252320967704,0.7789788416642501,-4.41545e-05,1799.980000000447,9000.0,0.009406819900000002,-0.012098222899999997,0.022077004697227703,7846741.783,0.094277367,0.1036841869,1801,90811,9,8999.97000000067,0.091585964,9.593647787827006e-05,7.005880760202975e-07,0.10000536957727232,0.9151324830908215,60.0,1741
4,123,delithiation,10,0.7789788416642502,0.7689323829732935,-4.41548e-05,1799.980000000447,9000.0,0.009884908800000008,-0.012617081400000008,0.02207715469556104,7857541.783,0.0943855867,0.1042704955,1801,90811,9,8999.97000000067,0.0916534141,0.00010538674878284445,7.630287137421101e-07,0.10026587210911463,0.9164549976913576,60.0,1741
4,124,delithiation,10,0.7689323829732935,0.7588859925407732,-4.41545e-05,1799.980000000447,9000.0,0.010195478800000005,-0.012954331900000005,0.022077004697227703,7868341.783,0.0944700837,0.1046655625,1801,90811,9,8999.97000000067,0.0917112306,0.00011388305575903946,8.05308820757975e-07,0.10033266738007482,0.9199993033285807,60.0,1741
4,125,delithiation,10,0.7588859925407732,0.7488395793554408,-4.41546e-05,1799.980000000447,9000.0,0.010617241299999997,-0.013429462899999994,0.02207705469667215,7879141.783,0.0945293754,0.1051466167,1801,90811,9,8999.97000000067,0.0917171538,0.00012582270924580685,8.275018350039438e-07,0.10032545847696632,0.9300443034123625,60.0,1741
4,126,delithiation,10,0.7488395793554408,0.7387932116757325,-4.41544e-05,1799.980000000447,9000.0,0.010683946399999991,-0.013424269899999994,0.02207695469778326,7889941.783,0.0945012122,0.1051851586,1801,90811,9,8999.97000000067,0.0917608887,0.00013180478733339443,8.582637355746383e-07,0.10013494231713563,0.9313277493895511,60.0,1741
4,127,delithiation,10,0.7387932116757325,0.7287468667488366,-4.41543e-05,1799.980000000447,9000.0,0.011027872600000002,-0.013633295899999995,0.022076904698338815,7900741.783,0.094384104,0.1054119766,1801,90811,9,8999.97000000067,0.0917786807,0.00014321127205904388,8.652438527206592e-07,0.09990401006264901,0.9403110729046382,60.0,1741
4,128,delithiation,10,0.7287468667488366,0.7187004763163163,-4.41545e-05,1799.980000000447,9000.0,0.011385135300000002,-0.014000192300000006,0.022077004697227703,7911541.783,0.0944508091,0.1058359444,1801,90811,9,8999.97000000067,0.0918357521,0.00015695068801054808,8.782678208914402e-07,0.09975823435646425,0.9483584133292362,60.0,1741
4,129,delithiation,10,0.7187004763163163,0.708654108636608,-4.41544e-05,1799.980000000447,9000.0,0.011896587900000005,-0.014453828299999999,0.02207695469778326,7922341.783,0.094463408,0.1063599959,1801,90811,9,8999.97000000067,0.0919061676,0.00017294023554361896,8.885592612900756e-07,0.0996375800854791,0.9561078196070797,60.0,1741
4,130,delithiation,10,0.708654108636608,0.6986076954512757,-4.41546e-05,1799.980000000447,9000.0,0.012533299600000006,-0.015105366700000011,0.02207705469667215,7933141.783,0.0945575461,0.1070908457,1801,90811,9,8999.97000000067,0.091985479,0.0001943824849765849,8.781851989157362e-07,0.09948619413162887,0.9657224421373795,60.0,1741
4,131,delithiation,10,0.6986076954512757,0.6885612595131311,-4.41547e-05,1799.980000000447,9000.0,0.013465754699999999,-0.016064509799999988,0.022077104696116595,7943941.783,0.0946427882,0.1081085429,1801,90811,9,8999.97000000067,0.0920440331,0.00021880159512841424,8.773957966116581e-07,0.09948485185962654,0.9727972964735968,60.0,1741
4,132,delithiation,10,0.6885612595131311,0.6785148463277987,-4.41546e-05,1799.980000000447,9000.0,0.014129869700000006,-0.016781255600000003,0.02207705469667215,7954741.783,0.0947473049,0.1088771746,1801,90811,9,8999.97000000067,0.092095919,0.00024142906117040133,8.583895546781385e-07,0.09931065941040516,0.9784897421440071,60.0,1741
4,133,delithiation,10,0.6785148463277987,0.6684684103896541,-4.41547e-05,1799.980000000447,9000.0,0.014885932200000007,-0.017518781100000005,0.022077104696116595,7965541.783,0.0947220996,0.1096080318,1801,90811,9,8999.97000000067,0.0920892507,0.00026643808469318587,7.994264321430148e-07,0.09897822020117994,0.9845859201614987,60.0,1741
4,134,delithiation,10,0.6684684103896541,0.6584220427099459,-4.41544e-05,1799.980000000447,9000.0,0.015270620600000007,-0.017782650900000002,0.02207695469778326,7976341.783,0.0946183279,0.1098889485,1801,90811,9,8999.97000000067,0.0921062976,0.0002837854367309866,7.393405849691983e-07,0.09849835168553578,0.9883342593724512,60.0,1741
4,135,delithiation,10,0.6584220427099459,0.6483756295246135,-4.41546e-05,1799.980000000447,9000.0,0.015882134399999998,-0.018299288999999996,0.02207705469667215,7987141.783,0.0946035013,0.1104856357,1801,90811,9,8999.97000000067,0.0921863467,0.00030980317494630743,6.365241309233497e-07,0.0979107146389351,0.9927124579977463,60.0,1741
4,136,delithiation,10,0.6483756295246135,0.6383292163392811,-4.41546e-05,1799.980000000447,9000.0,0.016887210299999997,-0.019243582999999995,0.02207705469667215,7997941.783,0.0946435332,0.1115307435,1801,90811,9,8999.97000000067,0.0922871605,0.00034367050760842775,5.250903083535822e-07,0.09746563518028932,0.9959568154388453,60.0,1741
4,137,delithiation,10,0.6383292163392811,0.6282828031539487,-4.41546e-05,1799.980000000447,9000.0,0.018166571899999998,-0.020399890899999995,0.02207705469667215,8008741.783,0.0946642831,0.112830855,1801,90811,9,8999.97000000067,0.0924309641,0.0003825330656883712,4.078322902239265e-07,0.09702082388728636,0.9980272718344747,60.0,1741
4,138,delithiation,10,0.6282828031539487,0.6182363217101798,-4.41549e-05,1799.980000000447,9000.0,0.01957563309999999,-0.02179412539999999,0.022077204695005483,8019541.783,0.0949155539,0.114491187,1801,90811,9,8999.97000000067,0.0926970616,0.00043060453335373223,3.2395751901865473e-07,0.09653049382933238,0.9990166881832588,60.0,1741
4,139,delithiation,10,0.6182363217101798,0.608189840266411,-4.41549e-05,1799.980000000447,9000.0,0.021509476,-0.023641981199999995,0.022077204695005483,8030341.783,0.0952231586,0.1167326346,1801,90811,9,8999.97000000067,0.0930906534,0.0004860969729154587,3.9330257884586694e-07,0.09628885982851323,0.9988628619203365,60.0,1741
4,140,delithiation,10,0.608189840266411,0.5981433815754543,-4.41548e-05,1799.980000000447,9000.0,0.023287668799999994,-0.02524450419999999,0.02207715469556104,8041141.783,0.0956916139,0.1189792827,1801,90811,9,8999.97000000067,0.0937347785,0.0005408963798895894,5.57395382788067e-07,0.09610287507202744,0.9981566963169761,60.0,1741
4,141,delithiation,10,0.5981433815754543,0.5880969001316855,-4.41549e-05,1799.980000000447,9000.0,0.025019891599999997,-0.026360020100000006,0.022077204695005483,8051941.783,0.0963179469,0.1213378385,1801,90811,9,8999.97000000067,0.0949778184,0.0005947303711888325,7.888739288206748e-07,0.09606513685418959,0.9969496632614052,60.0,1741
4,142,delithiation,10,0.5880969001316855,0.5780504414407288,-4.41548e-05,1799.980000000447,9000.0,0.026274047800000006,-0.025820382000000003,0.02207715469556104,8062741.783,0.09754318,0.1238172278,1801,90811,9,8999.97000000067,0.0979968458,0.0006386021580267373,9.169324542484892e-07,0.09666395178505069,0.9964276067589397,60.0,1741
4,143,delithiation,10,0.5780504414407288,0.5680040510082085,-4.41545e-05,1799.980000000447,9000.0,0.02701007570000001,-0.02116096760000001,0.022077004697227703,8073541.783,0.1004821137,0.1274921894,1801,90811,9,8999.97000000067,0.1063312218,0.0006638122058683278,8.092924941672745e-07,0.09962298786459974,0.9974219042613629,60.0,1741
4,144,delithiation,10,0.5680040510082085,0.5579576833285003,-4.41544e-05,1799.980000000447,9000.0,0.023867331399999983,-0.013201586899999992,0.02207695469778326,8084341.783,0.1088401154,0.1327074468,1801,90811,9,8999.97000000067,0.1195058599,0.0005478516826368554,1.1207142630556559e-06,0.11040329267800875,0.9927753904045549,60.0,1741
4,145,delithiation,10,0.5579576833285003,0.5479112473903557,-4.41547e-05,1799.980000000447,9000.0,0.01516687130000001,-0.010703593499999997,0.022077104696116595,8095141.783,0.1219864264,0.1371532977,1801,90811,9,8999.97000000067,0.1264497042,0.0002474124388289885,1.1673318934973591e-06,0.12724370877970057,0.9627307983708854,60.0,1741
4,146,delithiation,10,0.5479112473903557,0.5378647659465869,-4.41549e-05,1799.980000000447,9000.0,0.010163635000000004,-0.01035666469999999,0.022077204695005483,8105941.783,0.1290087402,0.1391723752,1801,90811,9,8999.97000000067,0.1288157105,0.00010768588908296015,8.228904958504355e-07,0.1349502019136314,0.9078143885680928,60.0,1741
4,147,delithiation,10,0.5378647659465869,0.5278183072556302,-4.41548e-05,1799.980000000447,9000.0,0.008721202600000005,-0.010178029499999991,0.02207715469556104,8116741.783,0.1312917173,0.1400129199,1801,90811,9,8999.97000000067,0.1298348904,7.067301634065832e-05,7.551211041335235e-07,0.1373401424902046,0.8343556094602432,60.0,1741
4,148,delithiation,10,0.5278183072556302,0.5177718713174857,-4.41547e-05,1799.980000000447,9000.0,0.00802370899999999,-0.0099993944,0.022077104696116595,8127541.783,0.1323642731,0.1403879821,1801,90811,9,8999.97000000067,0.1303885877,5.739214157277543e-05,6.973564536115046e-07,0.13825427032624332,0.7957054795163131,60.0,1741
4,149,delithiation,10,0.5177718713174857,0.5077254808849654,-4.41545e-05,1799.980000000447,9000.0,0.007797658499999999,-0.009891182199999987,0.022077004697227703,8138341.783,0.1328356862,0.1406333447,1801,90811,9,8999.97000000067,0.1307421625,5.298968070820268e-05,6.546835942517327e-07,0.13866798685387177,0.790233806342568,60.0,1741
4,150,delithiation,10,0.5077254808849654,0.4976790449468207,-4.41547e-05,1799.980000000447,9000.0,0.007547140100000016,-0.009774804100000006,0.022077104696116595,8149141.783,0.133204788,0.1407519281,1801,90811,9,8999.97000000067,0.130977124,5.0197557943131564e-05,6.305823125700487e-07,0.13891464786796637,0.7846698129805123,60.0,1741
4,151,delithiation,10,0.4976790449468207,0.48763256350305195,-4.41549e-05,1799.980000000447,9000.0,0.007535994099999999,-0.009723633600000003,0.022077204695005483,8159941.783,0.133374542,0.1409105361,1801,90811,9,8999.97000000067,0.1311869025,5.090823796574477e-05,6.062606686642838e-07,0.13904248683352552,0.8021639691851864,60.0,1741
4,152,delithiation,10,0.48763256350305195,0.47758612756490726,-4.41547e-05,1799.980000000447,9000.0,0.007486343400000012,-0.009751051700000013,0.022077104696116595,8170741.783,0.1336391568,0.1411255002,1801,90811,9,8999.97000000067,0.1313744485,5.217448457103701e-05,5.944292782638998e-07,0.1392019777791418,0.8158423109614755,60.0,1741
4,153,delithiation,10,0.47758612756490726,0.46753962336832633,-4.4155e-05,1799.980000000447,9000.0,0.007550090600000003,-0.009778499600000018,0.02207725469444993,8181541.783,0.1337814927,0.1413315833,1801,90811,9,8999.97000000067,0.1315530837,5.381766468815158e-05,5.978349115679413e-07,0.13936114044116005,0.8233221083198041,60.0,1741
4,154,delithiation,10,0.46753962336832633,0.45749316467736967,-4.41548e-05,1799.980000000447,9000.0,0.007567137500000015,-0.009882271300000023,0.02207715469556104,8192341.783,0.1339934766,0.1415606141,1801,90811,9,8999.97000000067,0.1316783428,5.659111254069319e-05,5.943857105879499e-07,0.13947538647957003,0.8390385879654081,60.0,1741
4,155,delithiation,10,0.45749316467736967,0.4474467287392251,-4.41547e-05,1799.980000000447,9000.0,0.007728725699999994,-0.009987533100000001,0.022077104696116595,8203141.783,0.1340557337,0.1417844594,1801,90811,9,8999.97000000067,0.1317969263,5.97771854035136e-05,5.948591910381842e-07,0.13955741540242653,0.8530898552214763,60.0,1741
4,156,delithiation,10,0.4474467287392251,0.4374002700482684,-4.41548e-05,1799.980000000447,9000.0,0.007764279899999976,-0.010114252599999984,0.02207715469556104,8213941.783,0.1342284381,0.141992718,1801,90811,9,8999.97000000067,0.1318784654,6.463671188110242e-05,5.867536325933614e-07,0.1395680553961003,0.8746594394581245,60.0,1741
4,157,delithiation,10,0.4374002700482684,0.42735383411012384,-4.41547e-05,1799.980000000447,9000.0,0.0079503655,-0.0102039575,0.022077104696116595,8224741.783,0.1342417598,0.1421921253,1801,90811,9,8999.97000000067,0.1319881678,7.066414613243462e-05,5.757551223234702e-07,0.13953430955305404,0.8965027954054751,60.0,1741
4,158,delithiation,10,0.42735383411012384,0.4173073754191672,-4.41548e-05,1799.980000000447,9000.0,0.008131951099999979,-0.01039001349999999,0.02207715469556104,8235541.783,0.1343729794,0.1425049305,1801,90811,9,8999.97000000067,0.132114917,7.853711107360985e-05,5.609363511965053e-07,0.13950371240292206,0.9185175003437056,60.0,1741
4,159,delithiation,10,0.4173073754191672,0.4072609394810226,-4.41547e-05,1799.980000000447,9000.0,0.00840917229999999,-0.010616809099999985,0.022077104696116595,8246341.783,0.1344626546,0.1428718269,1801,90811,9,8999.97000000067,0.1322550178,8.764136567127643e-05,5.291452860764448e-07,0.1394868462453561,0.940387411624748,60.0,1741
4,160,delithiation,10,0.4072609394810226,0.397214503542878,-4.41547e-05,1799.980000000447,9000.0,0.00878721469999999,-0.01096889370000001,0.022077104696116595,8257141.783,0.1345523298,0.1433395445,1801,90811,9,8999.97000000067,0.1323706508,9.909715067530789e-05,4.952109669456765e-07,0.1394594215110887,0.9583806042204108,60.0,1741
4,161,delithiation,10,0.397214503542878,0.3871680903575455,-4.41546e-05,1799.980000000447,9000.0,0.009127408199999992,-0.01130688190000001,0.02207705469667215,8267941.783,0.1347369254,0.1438643336,1801,90811,9,8999.97000000067,0.1325574517,0.00011145704148660959,4.4297430482414193e-07,0.13942818185749872,0.9732654464769447,60.0,1741
4,162,delithiation,10,0.3871680903575455,0.377121677172213,-4.41546e-05,1799.980000000447,9000.0,0.009712249099999987,-0.011727154299999987,0.02207705469667215,8278741.783,0.1348725557,0.1445848048,1801,90811,9,8999.97000000067,0.1328576505,0.00012783348090508048,3.691936689703796e-07,0.13942817427201754,0.9857023508880074,60.0,1741
4,163,delithiation,10,0.377121677172213,0.36707519572844427,-4.41549e-05,1799.980000000447,9000.0,0.010171800799999992,-0.01230087869999999,0.022077204695005483,8289541.783,0.1353224814,0.1454942822,1801,90811,9,8999.97000000067,0.1331934035,0.00014186407200589363,3.033552710727485e-07,0.13970606230642363,0.9921110695809193,60.0,1741
4,164,delithiation,10,0.36707519572844427,0.35702878254311177,-4.41546e-05,1799.980000000447,9000.0,0.010724008100000015,-0.012803375700000008,0.02207705469667215,8300341.783,0.1355796754,0.1463036835,1801,90811,9,8999.97000000067,0.1335003078,0.00015603642491235725,2.2302103614137776e-07,0.1398532511727241,0.9964600335794969,60.0,1741
4,165,delithiation,10,0.35702878254311177,0.346982301099343,-4.41549e-05,1799.980000000447,9000.0,0.011084973800000009,-0.013214767000000016,0.022077204695005483,8311141.783,0.1359577179,0.1470426917,1801,90811,9,8999.97000000067,0.1338279247,0.00016842479661000745,1.452493430147175e-07,0.14002445299427962,0.9987083211733268,60.0,1741
4,166,delithiation,10,0.346982301099343,0.3369358879140105,-4.41546e-05,1799.980000000447,9000.0,0.011297732599999999,-0.013100653900000009,0.02207705469667215,8321941.783,0.1361385584,0.147436291,1801,90811,9,8999.97000000067,0.1343356371,0.00017771023738133042,7.531334606890455e-08,0.13995814323606134,0.9996877640171743,60.0,1741
4,167,delithiation,10,0.3369358879140105,0.32688947472867813,-4.41546e-05,1799.980000000447,9000.0,0.011534154400000024,-0.012959778300000002,0.02207705469667215,8332741.783,0.1366685331,0.1482026875,1801,90811,9,8999.97000000067,0.1352429092,0.0001901620333095143,1.0651659396542451e-07,0.14012912554535306,0.999454682285905,60.0,1741
4,168,delithiation,10,0.32688947472867813,0.3168430615433456,-4.41546e-05,1799.980000000447,9000.0,0.011830657699999997,-0.012486845299999993,0.02207705469667215,8343541.783,0.137500912,0.1493315697,1801,90811,9,8999.97000000067,0.1368447244,0.00019955275625360537,1.6472915403758804e-07,0.14087587855571024,0.9988163843070013,60.0,1741
4,169,delithiation,10,0.3168430615433456,0.30679660285238897,-4.41548e-05,1799.980000000447,9000.0,0.011698722799999978,-0.011466920399999997,0.02207715469556104,8354341.783,0.139197588,0.1508963108,1801,90811,9,8999.97000000067,0.1394293904,0.00020046233241418422,1.9079901860130212e-07,0.14257652010129282,0.9984270944140977,60.0,1741
4,170,delithiation,10,0.30679660285238897,0.2967501214086201,-4.41549e-05,1799.980000000447,9000.0,0.011235475599999989,-0.010298699199999983,0.022077204695005483,8365141.783,0.1417636871,0.1529991627,1801,90811,9,8999.97000000067,0.1427004635,0.00017682840073976737,4.5146801278876417e-07,0.14582485585600502,0.9887913279324255,60.0,1741
4,171,delithiation,10,0.2967501214086201,0.28670366271766357,-4.41548e-05,1799.980000000447,9000.0,0.010417163399999985,-0.010275721500000001,0.02207715469556104,8375941.783,0.1451362669,0.1555534303,1801,90811,9,8999.97000000067,0.1452777088,0.00013186608707337137,5.148952598627174e-07,0.15009347277806945,0.9741710732657645,60.0,1741
4,172,delithiation,10,0.28670366271766357,0.27665715852108264,-4.4155e-05,1799.980000000447,9000.0,0.010683238499999997,-0.010435760099999997,0.02207725469444993,8386741.783,0.14764902,0.1583322585,1801,90811,9,8999.97000000067,0.1478964984,0.00013421668790511703,3.997264894149547e-07,0.15266363480579656,0.9848097560596382,60.0,1741
4,173,delithiation,10,0.27665715852108264,0.266610699830126,-4.41548e-05,1799.980000000447,9000.0,0.011377036600000001,-0.010528385700000004,0.02207715469556104,8397541.783,0.1503188908,0.1616959274,1801,90811,9,8999.97000000067,0.1511675417,0.00015666608396026218,3.290439277502274e-07,0.15500228478354847,0.9923873026136018,60.0,1741
4,174,delithiation,10,0.266610699830126,0.2565642183863571,-4.41549e-05,1799.980000000447,9000.0,0.01191517709999998,-0.01007914539999999,0.022077204695005483,8408341.783,0.1534935534,0.1654087305,1801,90811,9,8999.97000000067,0.1553295851,0.00017625286172146071,2.637266091967445e-07,0.15786298033724766,0.9961216454654241,60.0,1741
4,175,delithiation,10,0.2565642183863571,0.24651775969540046,-4.41548e-05,1799.980000000447,9000.0,0.011849939900000023,-0.009701073200000021,0.02207715469556104,8419141.783,0.1576762795,0.1695262194,1801,90811,9,8999.97000000067,0.1598251462,0.00017790247370592563,2.6369614608672903e-07,0.16196052635411629,0.9961938401350182,60.0,1741
4,176,delithiation,10,0.24651775969540046,0.23647132375725588,-4.41547e-05,1799.980000000447,9000.0,0.01136669509999999,-0.009816676400000002,0.022077104696116595,8429941.783,0.1621332467,0.1734999418,1801,90811,9,8999.97000000067,0.1636832654,0.00015750207874110344,3.220988421751708e-07,0.16673856057298203,0.9927796508983958,60.0,1741
4,177,delithiation,10,0.23647132375725588,0.2264248878191113,-4.41547e-05,1799.980000000447,9000.0,0.011700242700000002,-0.010205775499999986,0.022077104696116595,8440741.783,0.1659764946,0.1776767373,1801,90811,9,8999.97000000067,0.1674709618,0.00016443830760025797,3.292828185073997e-07,0.17050941210516657,0.9930750950505196,60.0,1741
4,178,delithiation,10,0.2264248878191113,0.21637836086971818,-4.41551e-05,1799.980000000447,9000.0,0.013104111000000002,-0.010414719599999983,0.022077304693894375,8451541.783,0.1697915792,0.1828956902,1801,90811,9,8999.97000000067,0.1724809706,0.00020689100093922638,3.4863975532493215e-07,0.17381599540319612,0.9950860488565734,60.0,1741
4,179,delithiation,10,0.21637836086971818,0.20633181116751298,-4.41552e-05,1799.980000000447,9000.0,0.0148763955,-0.01044949890000002,0.022077354693338814,8462341.783,0.1748971343,0.1897735298,1801,90811,9,8999.97000000067,0.1793240309,0.0002575703341277081,4.1085729849940666e-07,0.17844356409748796,0.9955947303105134,60.0,1741
4,180,delithiation,10,0.20633181116751298,0.19628528421811986,-4.41551e-05,1799.980000000447,9000.0,0.015361159999999985,-0.010327845799999985,0.022077304693894375,8473141.783,0.1816763878,0.1970375478,1801,90811,9,8999.97000000067,0.186709702,0.00026841584134982367,2.8445487885151216e-07,0.18542040794870948,0.998050771718496,60.0,1741
4,181,delithiation,10,0.19628528421811986,0.18623878002153893,-4.4155e-05,1799.980000000447,9000.0,0.014301955700000007,-0.010810315600000009,0.02207725469444993,8483941.783,0.1891256869,0.2034276426,1801,90811,9,8999.97000000067,0.192617327,0.0002258893373015023,3.633026905927574e-07,0.19356073922081168,0.9955218755836678,60.0,1741
4,182,delithiation,10,0.18623878002153893,0.17619232133058227,-4.41548e-05,1799.980000000447,9000.0,0.015049844999999978,-0.010936975500000001,0.02207715469556104,8494741.783,0.1950473487,0.2100971937,1801,90811,9,8999.97000000067,0.1991602182,0.00024907860718371207,5.507416783824753e-07,0.19904239905933954,0.9915696455271935,60.0,1741
4,183,delithiation,10,0.17619232133058227,0.16614583988681353,-4.41549e-05,1799.980000000447,9000.0,0.01776054499999999,-0.010409861800000003,0.022077204695005483,8505541.783,0.2014908195,0.2192513645,1801,90811,9,8999.97000000067,0.2088415027,0.0003334685631748742,7.976719973454067e-07,0.20444153491363096,0.9901476812814148,60.0,1741
4,184,delithiation,10,0.16614583988681353,0.15609935844304468,-4.41549e-05,1799.980000000447,9000.0,0.0140840411,-0.009721189699999994,0.022077204695005483,8516341.783,0.2112387121,0.2253227532,1801,90811,9,8999.97000000067,0.2156015635,0.000221898418783505,7.695889627643246e-07,0.2164493598080392,0.9795111209285196,60.0,1741
4,185,delithiation,10,0.15609935844304468,0.14605287699927594,-4.41549e-05,1799.980000000447,9000.0,0.008965879700000012,-0.00996503230000001,0.022077204695005483,8527141.783,0.2179497778,0.2269156575,1801,90811,9,8999.97000000067,0.2169506252,5.7102792063734665e-05,3.968190077184596e-07,0.2245782822560924,0.9225272402380242,60.0,1741
4,186,delithiation,10,0.14605287699927594,0.136006372802695,-4.4155e-05,1799.980000000447,9000.0,0.008794695200000008,-0.010506153099999999,0.02207725469444993,8537941.783,0.2193662524,0.2281609476,1801,90811,9,8999.97000000067,0.2176547945,5.000436046403816e-05,3.875267686812624e-07,0.22606143502056197,0.9054322214470224,60.0,1741
4,187,delithiation,10,0.136006372802695,0.12595986860611408,-4.4155e-05,1799.980000000447,9000.0,0.009891658999999997,-0.011648327099999994,0.02207725469444993,8548741.783,0.2200393081,0.2299309671,1801,90811,9,8999.97000000067,0.21828264,6.954835052249547e-05,4.797964797071489e-07,0.22696053000635763,0.9235625253406701,60.0,1741
4,188,delithiation,10,0.12595986860611408,0.11591334165672096,-4.41551e-05,1799.980000000447,9000.0,0.011801093799999995,-0.013474732599999983,0.022077304693894375,8559541.783,0.2207531035,0.2325541973,1801,90811,9,8999.97000000067,0.2190794647,0.00011429473568676783,6.265330872893696e-07,0.22763031571743872,0.9503391911940935,60.0,1741
4,189,delithiation,10,0.11591334165672085,0.10586686021295211,-4.41549e-05,1799.980000000447,9000.0,0.01575407379999999,-0.016442596899999995,0.022077204695005483,8570341.783,0.2215751112,0.237329185,1801,90811,9,8999.97000000067,0.2208865881,0.00022401687142234626,7.34170744104418e-07,0.22750080869261557,0.9816643920856587,60.0,1741
4,190,delithiation,10,0.10586686021295211,0.09582031051074691,-4.41552e-05,1799.980000000447,9000.0,0.02550196640000002,-0.015407681400000012,0.022077354693338814,8581141.783,0.223261416,0.2487633824,1801,90811,9,8999.97000000067,0.233355701,0.0005123268737663098,1.535267311186571e-06,0.225274842809691,0.9846239874164961,60.0,1741
4,191,delithiation,10,0.09582031051074691,0.08577380631416587,-4.4155e-05,1799.980000000447,9000.0,0.04967874289999996,-0.009896934099999977,0.02207725469444993,8591941.783,0.2357325852,0.2854113281,1801,90811,9,8999.97000000067,0.275514394,0.001296306628433242,5.888493247921239e-06,0.22589100096665032,0.9653597014180375,60.0,1741
4,192,delithiation,10,0.08577380631416587,0.07572730211758483,-4.4155e-05,1799.980000000447,9000.0,0.0640507341,-0.0107887089,0.02207725469444993,8602741.783,0.2778589129,0.341909647,1801,90811,9,8999.97000000067,0.3311209381,0.00171591538041755,7.495468612219466e-06,0.263406596207028,0.9678834782788873,60.0,1741
4,193,delithiation,10,0.07572730211758483,0.06568079792100379,-4.4155e-05,1799.980000000447,9000.0,0.0830023587,-0.012248903599999972,0.02207725469444993,8613541.783,0.3335336745,0.4165360332,1801,90811,9,8999.97000000067,0.4042871296,0.0022591351509713515,1.0310603600365165e-05,0.3127638311810862,0.9650433225891976,60.0,1741
4,194,delithiation,10,0.06568079792100379,0.05563427097161078,-4.41551e-05,1799.980000000447,9000.0,0.11616110810000002,-0.015057742600000035,0.022077304693894375,8624341.783,0.4067227244,0.5228838325,1801,90811,9,8999.97000000067,0.5078260899,0.0032045814434959376,1.5808602511267723e-05,0.3743885127122032,0.9593984218808354,60.0,1741
4,195,delithiation,10,0.05563427097161078,0.04558776677502974,-4.4155e-05,1799.980000000447,9000.0,0.1994726658,-0.02470993999999993,0.02207725469444993,8635141.783,0.5104968548,0.7099695206,1801,90811,9,8999.97000000067,0.6852595806,0.00553665671730068,3.3063996057779414e-05,0.44611503183044376,0.9416039666721033,60.0,1741
4,196,delithiation,10,0.04558776677502974,0.03970468964490159,-4.41551e-05,1054.0380000006407,19800.0,0.3116826414999999,-0.13472819329999997,0.012928098137174524,8645941.783,0.6883277297,1.0000103712,1056,1981,13,5999.980000000447,0.8652821779,0.01237420120818322,9.935217904589044e-05,0.5572171920577071,0.9397810062569656,60.0,996
5,1,lithiation,4,0.0,0.010121259863760024,4.41546e-05,1799.980000000447,9000.0,-0.3108566999000001,0.018834769700000087,0.02207705469667215,8675795.841,0.8527937531,0.5419370532,1801,90811,3,8999.97000000067,0.5607718229,-0.008095099776850839,5.678216853267341e-06,0.8816390429035198,0.9991451150175064,60.0,1741
5,2,lithiation,4,0.010121259863760026,0.020242565572165295,4.41548e-05,1799.980000000447,9000.0,-0.13510033480000005,0.01586654780000002,0.02207715469556104,8686595.841,0.5579334497,0.4228331149,1801,90811,3,8999.97000000067,0.4386996627,-0.0036682762228006493,8.367857895171658e-06,0.5832737070747159,0.9910320779419178,60.0,1741
5,3,lithiation,4,0.0202425655721653,0.030363848358247944,4.41547e-05,1799.980000000447,9000.0,-0.09244102239999996,0.014031141999999996,0.022077104696116595,8697395.841,0.4361251891,0.3436841667,1801,90811,3,8999.97000000067,0.3577153087,-0.0024706869880280194,6.633998500717136e-06,0.45262366853198355,0.9876176322278256,60.0,1741
5,4,lithiation,4,0.030363848358247944,0.04048517698897583,4.41549e-05,1799.980000000447,9000.0,-0.07028692959999999,0.012718349600000012,0.022077204695005483,8708195.841,0.3551564217,0.2848694921,1801,90811,3,8999.97000000067,0.2975878417,-0.001849776283553488,5.2095699741234065e-06,0.36670652843737245,0.9863944673977172,60.0,1741
5,5,lithiation,4,0.04048517698897583,0.05060652854202633,4.4155e-05,1799.980000000447,9000.0,-0.05620822309999998,0.011781364599999983,0.02207725469444993,8718995.841,0.2951935232,0.2389853001,1801,90811,3,8999.97000000067,0.2507666647,-0.0014544785459882088,4.1051589917484604e-06,0.30336011492435366,0.9863362501905105,60.0,1741
5,6,lithiation,4,0.05060652854202633,0.06072785717275422,4.41549e-05,1799.980000000447,9000.001000000164,-0.043309777899999985,0.010796189299999981,0.022077204695005483,8729795.841,0.248344928,0.2050351501,1801,90811,3,8999.97000000067,0.2158313394,-0.0011140352191917487,2.4962978108506235e-06,0.25311597273693276,0.9913439670691198,60.0,1741
5,7,lithiation,4,0.06072785717275422,0.07084918580348211,4.41549e-05,1799.980000000447,9000.0,-0.014933705399999997,0.010747283699999999,0.022077204695005483,8740595.842,0.2136164606,0.1986827552,1801,90811,3,8999.97000000067,0.2094300389,-0.00019671944939223977,1.3181267209507749e-06,0.20631710433414166,0.9275781182662202,60.0,1741
5,8,lithiation,4,0.07084918580348211,0.08097051443421,4.41549e-05,1799.980000000447,9000.0,-0.010160118400000001,0.0112246275,0.022077204695005483,8751395.842,0.2071461976,0.1969860792,1801,90811,3,8999.97000000067,0.2082107067,-7.120585572816263e-05,5.280704763322114e-07,0.1999631788428083,0.9127062847205469,60.0,1741
5,9,lithiation,4,0.08097051443421,0.09109184306493787,4.41549e-05,1799.980000000447,9000.0,-0.010925799600000008,0.01190283889999999,0.022077204695005483,8762195.842,0.20596838,0.1950425804,1801,90811,3,8999.97000000067,0.2069454193,-8.858182189636982e-05,6.233889939783249e-07,0.19875762919854983,0.9207044411360483,60.0,1741
5,10,lithiation,4,0.09109184306493787,0.10121319461798838,4.4155e-05,1799.980000000447,9000.0,-0.012141436299999975,0.01281678679999998,0.02207725469444993,8772995.842,0.2046319246,0.1924904883,1801,90811,3,8999.97000000067,0.2053072751,-0.00012489759409535302,7.380629125693815e-07,0.1977305588919533,0.9427500929297306,60.0,1741
5,11,lithiation,4,0.10121319461798838,0.11133450032639364,4.41548e-05,1799.980000000447,9000.0,-0.0139478445,0.013595104199999986,0.02207715469556104,8783795.842,0.2030375302,0.1890896857,1801,90811,3,8999.97000000067,0.2026847899,-0.0001791744690372232,7.801526233139764e-07,0.1966161577950724,0.9680832129966097,60.0,1741
5,12,lithiation,4,0.11133450032639365,0.12145580603479891,4.41548e-05,1799.980000000447,9000.0,-0.01576974989999999,0.0134379268,0.02207715469556104,8794595.842,0.2003475726,0.1845778227,1801,90811,3,8999.97000000067,0.1980157495,-0.0002429085819444863,6.438749209055141e-07,0.19482807343489758,0.9879290173579388,60.0,1741
5,13,lithiation,4,0.12145580603479891,0.1315771346655268,4.41549e-05,1799.980000000447,9000.0,-0.017195165099999993,0.012321621099999985,0.022077204695005483,8805395.842,0.1957400739,0.1785449088,1801,90811,3,8999.97000000067,0.1908665299,-0.0002907279148031943,4.1962880820066155e-07,0.1909891073513999,0.9963901750456431,60.0,1741
5,14,lithiation,4,0.1315771346655268,0.14169848621857734,4.4155e-05,1799.980000000447,9000.0,-0.017318218899999988,0.011466264700000006,0.02207725469444993,8816195.842,0.1885745525,0.1712563336,1801,90811,3,8999.97000000067,0.1827225983,-0.0003014833429568404,3.5130605461105785e-07,0.18431546332346654,0.9976443002671589,60.0,1741
5,15,lithiation,4,0.14169848621857734,0.1518197919269826,4.41548e-05,1799.980000000447,9000.0,-0.016658514700000016,0.011031895800000024,0.02207715469556104,8826995.842,0.1804639697,0.163805455,1801,90811,3,8999.97000000067,0.1748373508,-0.00028830810139971163,3.435011063051373e-07,0.17628521167156688,0.9975375273660808,60.0,1741
5,16,lithiation,4,0.1518197919269826,0.16194112055771048,4.41549e-05,1799.980000000447,9000.0,-0.016157388699999997,0.010842829999999998,0.022077204695005483,8837795.842,0.1726861894,0.1565288007,1801,90811,3,8999.97000000067,0.1673716307,-0.00027414937138973874,4.0239608977607885e-07,0.168479583313021,0.99626742530461,60.0,1741
5,17,lithiation,4,0.16194112055771048,0.17206242626611576,4.41548e-05,1799.980000000447,9000.0,-0.01566001779999998,0.010598242300000005,0.02207715469556104,8848595.842,0.165147841,0.1494878232,1801,90811,3,8999.97000000067,0.1600860655,-0.0002669296934738937,3.2618219016836334e-07,0.1610680303371276,0.9974099985155996,60.0,1741
5,18,lithiation,4,0.17206242626611576,0.18218373197452103,4.41548e-05,1799.980000000447,9000.0,-0.014471083899999987,0.010287672299999995,0.02207715469556104,8859395.842,0.1579460204,0.1434749365,1801,90811,3,8999.97000000067,0.1537626088,-0.00023494063416693522,2.4537222053472956e-07,0.15348595927853334,0.9981067364155277,60.0,1741
5,19,lithiation,4,0.18218373197452103,0.1923050376829263,4.41548e-05,1799.980000000447,9000.0,-0.012963414199999995,0.010538935700000002,0.02207715469556104,8870195.842,0.1515499353,0.1385865211,1801,90811,3,8999.97000000067,0.1491254568,-0.00018736986243249443,3.7366681868751984e-07,0.14671168820726094,0.9931312796367876,60.0,1741
5,20,lithiation,4,0.1923050376829263,0.2024263433913316,4.41548e-05,1799.980000000447,9000.0,-0.013748377599999972,0.010552257299999979,0.02207715469556104,8880995.842,0.1470002532,0.1332518756,1801,90811,3,8999.97000000067,0.1438041329,-0.00021504948794656662,3.384962200936254e-07,0.1426345514668557,0.9957099411839379,60.0,1741
5,21,lithiation,4,0.2024263433913316,0.21254774078902736,4.41552e-05,1799.980000000447,9000.0,-0.014468103700000012,0.01044848570000001,0.022077354693338814,8891795.842,0.1416129768,0.1271448731,1801,90811,3,8999.97000000067,0.1375933588,-0.00024193720420245015,2.4344690822294233e-07,0.1375969715187095,0.9982423242019811,60.0,1741
5,22,lithiation,4,0.21254774078902736,0.22266909234207788,4.4155e-05,1799.980000000447,9000.0,-0.013097561900000013,0.010179407900000007,0.02207725469444993,8902595.842,0.1353392005,0.1222416386,1801,90811,3,8999.97000000067,0.1324210465,-0.00020305442615327736,3.492149144394731e-07,0.1307050108355344,0.9948828028231959,60.0,1741
5,23,lithiation,4,0.22266909234207785,0.23279044389512835,4.4155e-05,1799.980000000447,9000.0,-0.010155625700000004,0.010255016399999983,0.02207725469444993,8913395.842,0.1302380562,0.1200824305,1801,90811,3,8999.97000000067,0.1303374469,-0.00010128310407028761,7.036481542278021e-07,0.12413398671199284,0.9225655998197222,60.0,1741
5,24,lithiation,4,0.23279044389512835,0.24291174960353362,4.41548e-05,1799.980000000447,9000.0,-0.009435869700000002,0.010416604600000004,0.02207715469556104,8924195.842,0.1281470358,0.1187111661,1801,90811,3,8999.97000000067,0.1291277707,-8.328167523586228e-05,6.15251866546416e-07,0.12212816940471306,0.913318063699901,60.0,1741
5,25,lithiation,4,0.24291174960353362,0.2530330094672936,4.41546e-05,1799.980000000447,9000.0,-0.009850211399999989,0.010405488300000001,0.02207705469667215,8934995.842,0.127001822,0.1171516106,1801,90811,3,8999.97000000067,0.1275570989,-0.00010473606615309649,5.741645803497436e-07,0.12144389021863673,0.9503343320439962,60.0,1741
5,26,lithiation,4,0.2530330094672936,0.2631542693310537,4.41546e-05,1799.980000000447,9000.0,-0.01005923010000001,0.010308377499999993,0.02207705469667215,8945795.842,0.1254192889,0.1153600588,1801,90811,3,8999.97000000067,0.1256684363,-0.00011887777331309641,5.983321616078589e-07,0.1201447632661813,0.9578050872411666,60.0,1741
5,27,lithiation,4,0.2631542693310537,0.27327557503945893,4.41548e-05,1799.980000000447,9000.0,-0.009492203599999999,0.010570049299999995,0.02207715469556104,8956595.842,0.123586975,0.1140947714,1801,90811,3,8999.97000000067,0.1246648207,-0.00010170074437182406,7.573712428633541e-07,0.11799493867585482,0.9120404421992302,60.0,1741
5,28,lithiation,4,0.27327557503945893,0.28339690367018683,4.41549e-05,1799.980000000447,9000.0,-0.008848056199999996,0.010962888599999998,0.022077204695005483,8967395.842,0.1224832758,0.1136352196,1801,90811,3,8999.97000000067,0.1245981082,-8.279892755326295e-05,8.702042282032054e-07,0.11666338547296058,0.8388666407820887,60.0,1741
5,29,lithiation,4,0.28339690367018683,0.2935182323009147,4.41549e-05,1799.980000000447,9000.0,-0.008962959000000006,0.0112149119,0.022077204695005483,8978195.842,0.1224099025,0.1134469435,1801,90811,3,8999.97000000067,0.1246618554,-8.446515316307135e-05,8.98245769033612e-07,0.1164852052693586,0.8356533192518856,60.0,1741
5,30,lithiation,4,0.2935182323009147,0.3036396067762879,4.41551e-05,1799.980000000447,9000.0,-0.009151235199999996,0.011296451099999993,0.022077304693894375,8988995.842,0.1225025579,0.1133513227,1801,90811,3,8999.97000000067,0.1246477738,-8.723904117882074e-05,8.754355252455558e-07,0.11650730836775579,0.8509797250937242,60.0,1741
5,31,lithiation,4,0.3036396067762879,0.3137609354070158,4.41549e-05,1799.980000000447,9000.0,-0.009286120499999995,0.011328309699999997,0.022077204695005483,8999795.842,0.1224981025,0.113211982,1801,90811,3,8999.97000000067,0.1245402917,-8.828184157779986e-05,8.913662243221801e-07,0.11642923733000927,0.8494128281422216,60.0,1741
5,32,lithiation,4,0.3137609354070158,0.3238822411154211,4.41548e-05,1799.980000000447,9000.0,-0.009216442799999988,0.011212676799999988,0.02207715469556104,9010595.842,0.1223706082,0.1131541654,1801,90811,3,8999.97000000067,0.1243668422,-8.835963778433541e-05,9.18252155222221e-07,0.11638996743861961,0.8418864282492946,60.0,1741
5,33,lithiation,4,0.3238822411154211,0.3340035468238263,4.41548e-05,1799.980000000447,9000.0,-0.009212002100000005,0.011120036200000002,0.02207715469556104,9021395.842,0.1222957447,0.1130837426,1801,90811,3,8999.97000000067,0.1242037788,-8.942263431035787e-05,9.357096593680409e-07,0.11635262622817519,0.8400475929609824,60.0,1741
5,34,lithiation,4,0.3340035468238263,0.344124829609909,4.41547e-05,1799.980000000447,9000.0,-0.009232774299999996,0.011209711400000003,0.022077104696116595,9032195.842,0.1221074834,0.1128747091,1801,90811,3,8999.97000000067,0.1240844205,-9.091096812585366e-05,9.7397354529103e-07,0.11618136933511267,0.8336109477503522,60.0,1741
5,35,lithiation,4,0.344124829609909,0.3542461353183143,4.41548e-05,1799.980000000447,9000.0,-0.009425491100000002,0.011365383900000012,0.02207715469556104,9042995.842,0.1220111176,0.1125856265,1801,90811,3,8999.97000000067,0.1239510104,-9.306705115127946e-05,1.0218302789962654e-06,0.11596142614650996,0.8266951884861085,60.0,1741
5,36,lithiation,4,0.3542461353183143,0.3643674181043969,4.41547e-05,1799.980000000447,9000.0,-0.009589284700000006,0.011641115000000007,0.022077104696116595,9053795.842,0.1218243167,0.112235032,1801,90811,3,8999.97000000067,0.123876147,-9.595188255721068e-05,1.0719244473073988e-06,0.11572567975702969,0.8216720394616304,60.0,1741
5,37,lithiation,4,0.3643674181043969,0.37448879257977,4.41551e-05,1799.980000000447,9000.0,-0.0099880844,0.011999875300000004,0.022077304693894375,9064595.842,0.1217450127,0.1117569283,1801,90811,3,8999.97000000067,0.1237568036,-0.00010034922685307925,1.1426028265704462e-06,0.11541778151965444,0.8160226627784763,60.0,1741
5,38,lithiation,4,0.37448879257977,0.3846101212104979,4.41549e-05,1799.980000000447,9000.0,-0.010312736000000003,0.012317851200000007,0.022077204695005483,9075395.842,0.1216041818,0.1112914458,1801,90811,3,8999.97000000067,0.123609297,-0.0001054369380303533,1.2170539235471267e-06,0.11514690413119393,0.8118833316992662,60.0,1741
5,39,lithiation,4,0.3846101212104979,0.3947314727635484,4.4155e-05,1799.980000000447,9000.0,-0.01053065060000001,0.0125164985,0.02207725469444993,9086195.842,0.1213766262,0.1108459756,1801,90811,3,8999.97000000067,0.1233624741,-0.00011179591662348252,1.2819926741368152e-06,0.1149217109829474,0.8138848414890402,60.0,1741
5,40,lithiation,4,0.3947314727635484,0.40485284723892156,4.41551e-05,1799.980000000447,9000.0,-0.0106507391,0.0125120581,0.022077304693894375,9096995.842,0.1212217137,0.1105709746,1801,90811,3,8999.97000000067,0.1230830327,-0.00011661246390857017,1.3410542725840401e-06,0.11481683099368556,0.813017052432223,60.0,1741
5,41,lithiation,4,0.40485284723892156,0.41497410710268157,4.41546e-05,1799.980000000447,9000.0,-0.010794535300000005,0.012588411600000002,0.02207705469667215,9107795.842,0.1210519597,0.1102574244,1801,90811,3,8999.97000000067,0.122845836,-0.00012337359067016913,1.3787735293229066e-06,0.11477483297942696,0.821564010742313,60.0,1741
5,42,lithiation,4,0.41497410710268157,0.4250953898887642,4.41547e-05,1799.980000000447,9000.0,-0.011008009299999996,0.012893035999999997,0.022077104696116595,9118595.842,0.1207569614,0.1097489521,1801,90811,3,8999.97000000067,0.1226419881,-0.00013203245841497137,1.4302403535730845e-06,0.11459098043316174,0.8305239355874523,60.0,1741
5,43,lithiation,4,0.4250953898887642,0.43521667267484687,4.41547e-05,1799.980000000447,9000.0,-0.011487588300000004,0.013331875199999996,0.022077104696116595,9129395.842,0.1205582991,0.1090707108,1801,90811,3,8999.97000000067,0.122402586,-0.00014351576654078152,1.4964804763565324e-06,0.11437733581033026,0.8409872728685677,60.0,1741
5,44,lithiation,4,0.43521667267484687,0.44533800130557477,4.41549e-05,1799.980000000447,9000.0,-0.012010142200000004,0.0139633864,0.022077204695005483,9140195.842,0.120290719,0.1082805768,1801,90811,3,8999.97000000067,0.1222439632,-0.00015791961903067553,1.5588199998756637e-06,0.11417221419610751,0.8551091675305917,60.0,1741
5,45,lithiation,4,0.4453380013055747,0.4554593299363026,4.41549e-05,1799.980000000447,9000.0,-0.012859597800000011,0.014764666600000004,0.022077204695005483,9150995.842,0.1200653836,0.1072057858,1801,90811,3,8999.97000000067,0.1219704524,-0.00017905163754563483,1.6165092333738473e-06,0.11392567008555748,0.8758544122813983,60.0,1741
5,46,lithiation,4,0.4554593299363026,0.4655806814893531,4.4155e-05,1799.980000000447,9000.0,-0.013654202300000001,0.015523672099999997,0.02207725469444993,9161795.842,0.119739987,0.1060857847,1801,90811,3,8999.97000000067,0.1216094568,-0.00020258236367675422,1.6551755339462653e-06,0.11374358373525363,0.8959873184563595,60.0,1741
5,47,lithiation,4,0.4655806814893531,0.47570201012008095,4.41549e-05,1799.980000000447,9000.0,-0.014513298800000005,0.016212284499999993,0.022077204695005483,9172595.842,0.1194368377,0.1049235389,1801,90811,3,8999.97000000067,0.1211358234,-0.000229833402288951,1.6506656821259773e-06,0.11368361147080172,0.9176839242330125,60.0,1741
5,48,lithiation,4,0.47570201012008095,0.48582329290616366,4.41547e-05,1799.980000000447,9000.0,-0.015170007999999999,0.016793414999999992,0.022077104696116595,9183395.842,0.1189446375,0.1037746295,1801,90811,3,8999.97000000067,0.1205680445,-0.00025683847293109805,1.6128841520767373e-06,0.11367748587086425,0.9358229894872137,60.0,1741
5,49,lithiation,4,0.48582329290616366,0.4959445527699237,4.41546e-05,1799.980000000447,9000.0,-0.01599945130000001,0.01746495070000001,0.02207705469667215,9194195.842,0.118479155,0.1024797037,1801,90811,3,8999.97000000067,0.1199446544,-0.0002906569046112482,1.5172456660204803e-06,0.11378350783114904,0.9547578393173003,60.0,1741
5,50,lithiation,4,0.4959445527699237,0.5060658126336838,4.41546e-05,1799.980000000447,9000.0,-0.017364039999999997,0.018621996000000002,0.02207705469667215,9204995.842,0.1179321185,0.1005680785,1801,90811,3,8999.97000000067,0.1191900745,-0.00033302992512914076,1.421289663085915e-06,0.11371396474338621,0.9692987601402893,60.0,1741
5,51,lithiation,4,0.5060658126336838,0.5161870724974439,4.41546e-05,1799.980000000447,9000.0,-0.01898067440000001,0.019914709000000003,0.02207705469667215,9215795.842,0.1170997247,0.0981190503,1801,90811,3,8999.97000000067,0.1180337593,-0.00038665074577181046,1.2633480521390187e-06,0.11359446767773776,0.981772843484628,60.0,1741
5,52,lithiation,4,0.5161870724974439,0.5263083094388813,4.41545e-05,1799.980000000447,9000.0,-0.021047227099999996,0.0211962983,0.022077004697227703,9226595.842,0.1159448996,0.0948976725,1801,90811,3,8999.97000000067,0.1160939708,-0.00045134382157855285,1.0619882120346292e-06,0.1132261009339532,0.9904640777854158,60.0,1741
5,53,lithiation,4,0.5263083094388813,0.5364296151472865,4.41548e-05,1799.980000000447,9000.0,-0.023713409899999996,0.02075822649999999,0.02207715469556104,9237395.842,0.1139835939,0.090270184,1801,90811,3,8999.97000000067,0.1110284105,-0.0005291884823585113,8.431229946229515e-07,0.11209663567690774,0.9956051121069569,60.0,1741
5,54,lithiation,4,0.5364296151472865,0.5465508979333692,4.41547e-05,1799.980000000447,9000.0,-0.02526923260000001,0.014153107999999998,0.022077104696116595,9248195.842,0.108842425,0.0835731924,1801,90811,3,8999.97000000067,0.0977263004,-0.0005694695018741978,7.721868161499512e-07,0.1072726472588943,0.996812743701689,60.0,1741
5,55,lithiation,4,0.5465508979333692,0.5566721348748066,4.41545e-05,1799.980000000447,9000.0,-0.018346138299999995,0.009806543599999995,0.022077004697227703,9258995.842,0.0956403837,0.0772942454,1801,90811,3,8999.97000000067,0.087100789,-0.0003528494249641956,1.0881834204900018e-06,0.09140168514379728,0.9837295088667112,60.0,1741
5,56,lithiation,4,0.5566721348748066,0.5667933488939214,4.41544e-05,1799.980000000447,9000.0,-0.008084565399999993,0.010363936399999996,0.02207695469778326,9269795.842,0.0850682408,0.0769836754,1801,90811,3,8999.97000000067,0.0873476118,-5.602232325955639e-05,9.976163323175668e-07,0.07877625859925558,0.6445592070677022,60.0,1741
5,57,lithiation,4,0.5667933488939214,0.5769145629130362,4.41544e-05,1799.980000000447,9000.0,-0.0075375438000000045,0.009994804900000001,0.02207695469778326,9280595.842,0.0852802396,0.0777426958,1801,90811,3,8999.97000000067,0.0877375007,-5.269480292343103e-05,6.1913155698467e-07,0.07963223158501283,0.8064089652646853,60.0,1741
5,58,lithiation,4,0.5769145629130362,0.5870358227767963,4.41546e-05,1799.980000000447,9000.0,-0.007677636999999987,0.0099406987,0.02207705469667215,9291395.842,0.0856693834,0.0779917464,1801,90811,3,8999.97000000067,0.0879324451,-5.7976519456820354e-05,5.597451588559976e-07,0.08015518023969032,0.8605130837120154,60.0,1741
5,59,lithiation,4,0.5870358227767963,0.5971570826405563,4.41546e-05,1799.980000000447,9000.0,-0.007809579400000002,0.009997032599999997,0.02207705469667215,9302195.842,0.0858635828,0.0780540034,1801,90811,3,8999.97000000067,0.088051036,-6.14789833233421e-05,5.459802308549586e-07,0.08035836492404526,0.8793904227504975,60.0,1741
5,60,lithiation,4,0.5971570826405563,0.607278365426639,4.41547e-05,1799.980000000447,9000.0,-0.007988214400000013,0.010129712500000013,0.022077104696116595,9312995.842,0.0859599411,0.0779717267,1801,90811,3,8999.97000000067,0.0881014392,-6.466111395304318e-05,5.408507875225381e-07,0.08043271570344918,0.891531230890604,60.0,1741
5,61,lithiation,4,0.607278365426639,0.6173996482127218,4.41547e-05,1799.980000000447,9000.0,-0.008152768000000005,0.010280922100000006,0.022077104696116595,9323795.842,0.0859999731,0.0778472051,1801,90811,3,8999.97000000067,0.0881281272,-6.82238009588762e-05,5.429973434079687e-07,0.0804336742441088,0.9007712162091762,60.0,1741
5,62,lithiation,4,0.6173996482127218,0.6275208622318366,4.41544e-05,1799.980000000447,9000.0,-0.008206874199999992,0.0104010031,0.02207695469778326,9334595.842,0.0859458596,0.0777389854,1801,90811,3,8999.97000000067,0.0881399885,-7.068562282261124e-05,5.38742132479519e-07,0.08045981066912547,0.9082502648649508,60.0,1741
5,63,lithiation,4,0.6275208622318366,0.6376420762509513,4.41544e-05,1799.980000000447,9000.0,-0.008288405900000004,0.010436579599999996,0.02207695469778326,9345395.842,0.0859680921,0.0776796862,1801,90811,3,8999.97000000067,0.0881162658,-7.303689826174378e-05,5.307854120067404e-07,0.08050106524398405,0.9158813823716258,60.0,1741
5,64,lithiation,4,0.6376420762509513,0.6477633361147114,4.41546e-05,1799.980000000447,9000.0,-0.008298039500000007,0.010421007900000001,0.02207705469667215,9356195.842,0.0859947801,0.0776967406,1801,90811,3,8999.97000000067,0.0881177485,-7.449301267319276e-05,5.177181918373254e-07,0.08058206756508024,0.9225131638884193,60.0,1741
5,65,lithiation,4,0.6477633361147114,0.6578845730561488,4.41545e-05,1799.980000000447,9000.0,-0.008321017,0.010448440900000008,0.022077004697227703,9366995.842,0.0859777257,0.0776567087,1801,90811,3,8999.97000000067,0.0881051496,-7.802420077342448e-05,4.963576168187466e-07,0.08067508621968321,0.934250331638987,60.0,1741
5,66,lithiation,4,0.6578845730561488,0.668005764152941,4.41543e-05,1799.980000000447,9000.0,-0.008451476599999994,0.010627076,0.022076904698338815,9377795.842,0.0858976766,0.0774462,1801,90811,3,8999.97000000067,0.088073276,-8.167624801950638e-05,4.909412271143577e-07,0.08061679343152546,0.940884246677264,60.0,1741
5,67,lithiation,4,0.668005764152941,0.6781269781720558,4.41544e-05,1799.980000000447,9000.0,-0.0086227059,0.010876133999999996,0.02207695469778326,9388595.842,0.0858161449,0.077193439,1801,90811,3,8999.97000000067,0.088069573,-8.560112628711198e-05,4.842239276598556e-07,0.08053517623322261,0.9472873495077508,60.0,1741
5,68,lithiation,4,0.6781269781720558,0.6882482380358158,4.41546e-05,1799.980000000447,9000.0,-0.008832462099999994,0.011054016599999994,0.02207705469667215,9399395.842,0.0857835263,0.0769510642,1801,90811,3,8999.97000000067,0.0880050808,-8.898593127617742e-05,4.770739274598335e-07,0.08043372964222659,0.9523957532469521,60.0,1741
5,69,lithiation,4,0.6882482380358158,0.6983694978995759,4.41546e-05,1799.980000000447,9000.0,-0.008956991100000006,0.011245995800000005,0.02207705469667215,9410195.842,0.0857049599,0.0767479688,1801,90811,3,8999.97000000067,0.0879939646,-9.238288300164679e-05,4.580639771958256e-07,0.08038369770653635,0.9589996750463615,60.0,1741
5,70,lithiation,4,0.6983694978995759,0.7084907577633359,4.41546e-05,1799.980000000447,9000.0,-0.008935496200000004,0.011215612299999997,0.02207705469667215,9420995.842,0.0856352821,0.0766997859,1801,90811,3,8999.97000000067,0.0879153982,-9.380355247634592e-05,4.416723208760154e-07,0.08039445557147411,0.9628778951305312,60.0,1741
5,71,lithiation,4,0.7084907577633359,0.7186119947047733,4.41545e-05,1799.980000000447,9000.0,-0.008915483900000007,0.011182256000000002,0.022077004697227703,9431795.842,0.0855982229,0.076682739,1801,90811,3,8999.97000000067,0.087864995,-9.59527410629809e-05,4.1380971312321014e-07,0.0804894743946015,0.96866988635215,60.0,1741
5,72,lithiation,4,0.7186119947047733,0.7287332087238881,4.41544e-05,1799.980000000447,9000.0,-0.008988872199999998,0.0112586021,0.02207695469778326,9442595.842,0.0855685771,0.0765797049,1801,90811,3,8999.97000000067,0.087838307,-9.839594258365263e-05,3.877566720918516e-07,0.08051374056136087,0.9737039396844103,60.0,1741
5,73,lithiation,4,0.7287332087238881,0.738854422743003,4.41544e-05,1799.980000000447,9000.0,-0.00914526730000001,0.0114038885,0.02207695469778326,9453395.842,0.0855270624,0.0763817951,1801,90811,3,8999.97000000067,0.0877856836,-0.00010253566281357301,3.6126370923308833e-07,0.08049218611350623,0.9788688621634172,60.0,1741
5,74,lithiation,4,0.738854422743003,0.7489757055290857,4.41547e-05,1799.980000000447,9000.0,-0.009350590399999997,0.011656641999999995,0.022077104696116595,9464195.842,0.0854388624,0.076088272,1801,90811,3,8999.97000000067,0.087744914,-0.00010632662445614014,3.4081649128152694e-07,0.08037570393832039,0.9824464238716462,60.0,1741
5,75,lithiation,4,0.7489757055290857,0.7590969424705231,4.41545e-05,1799.980000000447,9000.0,-0.0095336736,0.0119079203,0.022077004697227703,9474995.842,0.0852980316,0.075764358,1801,90811,3,8999.97000000067,0.0876722783,-0.0001107233598975514,3.1788383683518627e-07,0.08026021910827848,0.9858688628028833,60.0,1741
5,76,lithiation,4,0.7590969424705231,0.769218271101251,4.41549e-05,1799.980000000447,9000.0,-0.009733065999999999,0.012190327,0.022077204695005483,9485795.842,0.0851912946,0.0754582286,1801,90811,3,8999.97000000067,0.0876485556,-0.0001145705254276751,2.841051147848686e-07,0.08012116433001662,0.9894198338161969,60.0,1741
5,77,lithiation,4,0.769218271101251,0.779339530965011,4.41546e-05,1799.980000000447,9000.0,-0.010150365600000003,0.012633584500000003,0.02207705469667215,9496595.842,0.0850593448,0.0749089792,1801,90811,3,8999.97000000067,0.0875425637,-0.00012157825474330602,2.6843475773798113e-07,0.07988780416215485,0.9915938123923305,60.0,1741
5,78,lithiation,4,0.779339530965011,0.7894608137510937,4.41547e-05,1799.980000000447,9000.0,-0.010231167100000008,0.012864105400000006,0.022077104696116595,9507395.842,0.0848377198,0.0746065527,1801,90811,3,8999.97000000067,0.0874706581,-0.0001240374291898882,2.454834294184184e-07,0.07970792260537603,0.9932346496094947,60.0,1741
5,79,lithiation,4,0.7894608137510937,0.7995821653041442,4.4155e-05,1799.980000000447,9000.0,-0.010440185600000013,0.013062000200000007,0.02207725469444993,9518195.842,0.0847413614,0.0743011758,1801,90811,3,8999.97000000067,0.087363176,-0.00012828675913797964,2.1410621831625674e-07,0.07963108179965417,0.9951794579153919,60.0,1741
5,80,lithiation,4,0.7995821653041442,0.8097034480902269,4.41547e-05,1799.980000000447,9000.0,-0.010423883800000006,0.013124264799999993,0.022077104696116595,9528995.842,0.0845753327,0.0741514489,1801,90811,3,8999.97000000067,0.0872757137,-0.00012923209397987234,1.916236767717657e-07,0.07950339021558582,0.9961910978698374,60.0,1741
5,81,lithiation,4,0.8097034480902269,0.8198246850316643,4.41545e-05,1799.980000000447,9000.0,-0.010416470499999997,0.013176150600000006,0.022077004697227703,9539795.842,0.0843803883,0.0739639178,1801,90811,3,8999.97000000067,0.0871400684,-0.0001324234019154941,1.5383912548408712e-07,0.07949278979483744,0.9976585459852747,60.0,1741
5,82,lithiation,4,0.8198246850316643,0.8299459219731017,4.41545e-05,1799.980000000447,9000.0,-0.010556563800000002,0.013389632200000001,0.022077004697227703,9550595.842,0.0842010081,0.0736444443,1801,90811,3,8999.97000000067,0.0870340765,-0.0001358818683376657,1.2476324503124136e-07,0.0793650911402143,0.9985360924389022,60.0,1741
5,83,lithiation,4,0.8299459219731017,0.8400671359922165,4.41544e-05,1799.980000000447,9000.0,-0.010757438799999991,0.01367055619999999,0.02207695469778326,9561395.842,0.0839979127,0.0732404739,1801,90811,3,8999.97000000067,0.0869110301,-0.00014073429880042803,1.0207318601756045e-07,0.07919125985511133,0.9990860426959042,60.0,1741
5,84,lithiation,4,0.8400671359922165,0.8501883729336539,4.41545e-05,1799.980000000447,9000.0,-0.010995373200000005,0.0140167177,0.022077004697227703,9572195.842,0.0837614611,0.0727660879,1801,90811,3,8999.97000000067,0.0867828056,-0.00014589138741156872,9.491482612054846e-08,0.07896232989402961,0.9992644895618626,60.0,1741
5,85,lithiation,4,0.8501883729336539,0.8603097244867044,4.4155e-05,1799.980000000447,9000.0,-0.011586122199999993,0.014757931200000005,0.02207725469444993,9582995.842,0.0833982527,0.0718121305,1801,90811,3,8999.97000000067,0.0865700617,-0.00015577934781875387,1.0602258200763796e-07,0.07846797879383913,0.999195127887161,60.0,1741
5,86,lithiation,4,0.8603097244867044,0.8704310301951097,4.41548e-05,1799.980000000447,9000.0,-0.0119018927,0.015392430100000007,0.02207715469556104,9593795.842,0.0828023106,0.0709004179,1801,90811,3,8999.97000000067,0.086292848,-0.00016422648912746017,1.29912137893623e-07,0.07794639888774854,0.9989129731337659,60.0,1741
5,87,lithiation,4,0.8704310301951097,0.8805523129811924,4.41547e-05,1799.980000000447,9000.0,-0.012095346999999992,0.015765264599999995,0.022077104696116595,9604595.842,0.0823383033,0.0702429563,1801,90811,3,8999.97000000067,0.0860082209,-0.00016969446577355828,1.579696058967154e-07,0.07752189285540632,0.9984952744085207,60.0,1741
5,88,lithiation,4,0.8805523129811924,0.8906735728449524,4.41546e-05,1799.980000000447,9000.0,-0.012361451999999995,0.0161625594,0.02207705469667215,9615395.842,0.0819372982,0.0695758462,1801,90811,3,8999.97000000067,0.0857384056,-0.00017685138303093534,2.1061191910977145e-07,0.07724713726429056,0.9975397527012236,60.0,1741
5,89,lithiation,4,0.8906735728449525,0.9007948785533577,4.41548e-05,1799.980000000447,9000.0,-0.012657940399999998,0.016885995899999992,0.02207715469556104,9626195.842,0.0811604932,0.0685025528,1801,90811,3,8999.97000000067,0.0853885487,-0.00018838020300631871,2.645633275441365e-07,0.07670838252170702,0.9965817699487072,60.0,1741
5,90,lithiation,4,0.9007948785533577,0.9109162530287309,4.41551e-05,1799.980000000447,9000.0,-0.013560011999999996,0.01810308549999999,0.022077304693894375,9636995.842,0.0803584829,0.0667984709,1801,90811,3,8999.97000000067,0.0849015564,-0.00020700409615945477,3.357361361318565e-07,0.07586235173719781,0.9954463908013933,60.0,1741
5,91,lithiation,4,0.9109162530287309,0.921037627504104,4.41551e-05,1799.980000000447,9000.0,-0.014258980699999993,0.019346125399999997,0.022077304693894375,9647795.842,0.0791851133,0.0649261326,1801,90811,3,8999.97000000067,0.084272258,-0.00022582132264673544,4.230384285609901e-07,0.07483804094831942,0.9939342155962319,60.0,1741
5,92,lithiation,4,0.921037627504104,0.9311589561348319,4.41549e-05,1799.980000000447,9000.0,-0.0152841061,0.020726293300000004,0.022077204695005483,9658595.842,0.0780562311,0.062772125,1801,90811,3,8999.97000000067,0.0834984183,-0.0002486850758158029,5.239447288028026e-07,0.07373630055418068,0.9923399507323898,60.0,1741
5,93,lithiation,4,0.9311589561348319,0.941280330610205,4.41551e-05,1799.980000000447,9000.0,-0.016235824599999997,0.02217463029999999,0.022077304693894375,9669395.842,0.0765374526,0.060301628,1801,90811,3,8999.97000000067,0.0824762583,-0.00027700964797861807,7.109609751243026e-07,0.07263407055396472,0.9886745705050212,60.0,1741
5,94,lithiation,4,0.941280330610205,0.9514016592409329,4.41549e-05,1799.980000000447,9000.0,-0.0177864768,0.0238275789,0.022077204695005483,9680195.842,0.0750512928,0.057264816,1801,90811,3,8999.97000000067,0.0810923949,-0.00031460863950294996,9.60180219637002e-07,0.07135120081693243,0.9840601060228239,60.0,1741
5,95,lithiation,4,0.9514016592409329,0.9615229878716607,4.41549e-05,1799.980000000447,9000.0,-0.020262908200000006,0.026214312800000007,0.022077204695005483,9690995.842,0.0729358345,0.0526729263,1801,90811,3,8999.97000000067,0.0788872391,-0.0003926303428786195,1.3798993260140343e-06,0.07039196687585507,0.9789720487910196,60.0,1741
5,96,lithiation,4,0.9615229878716607,0.9716443165023886,4.41549e-05,1799.980000000447,9000.0,-0.0272178203,0.032198965600000004,0.022077204695005483,9701795.842,0.0699257031,0.0427078828,1801,90811,3,8999.97000000067,0.0749068484,-0.0005771299392099485,2.630824014177988e-06,0.06931766678286695,0.9651245878921293,60.0,1741
5,97,lithiation,4,0.9716443165023886,0.9817656222107939,4.41548e-05,1799.980000000447,9000.0,-0.0345937367,0.03945405590000001,0.02207715469556104,9712595.842,0.064095214,0.0295014773,1801,90811,3,8999.97000000067,0.0689555332,-0.0007613490944560946,2.7642340368900617e-06,0.06383157025512522,0.9775901803190862,60.0,1741
5,98,lithiation,4,0.9817656222107939,0.9918869508415218,4.41549e-05,1799.980000000447,9000.0,-0.0401128736,0.0418281686,0.022077204695005483,9723395.842,0.0580779426,0.017965069,1801,90811,3,8999.97000000067,0.0597932376,-0.0009187253541688158,3.1564265821634054e-06,0.05903757157715468,0.9798861511361535,60.0,1741
5,99,lithiation,4,0.9918869508415218,1.0000000000000009,4.41549e-05,1442.8269999995828,28800.0,-0.0388038447,0.0392746171,0.017696633861744884,9734195.842,0.0487992801,0.0099954354,1444,92792,9,28799.950000001118,0.0492700525,-0.0010151319967159308,3.213327171350907e-06,0.05006668777999254,0.9863415868135677,60.0,1384
5,100,delithiation,10,1.0,0.9898787630585626,-4.41545e-05,1799.980000000447,9000.0,0.027210116400000005,-0.0174315498,0.022077004697227703,9764438.689,0.0601865128,0.0873966292,1801,90811,9,8999.97000000067,0.0699650794,0.00046570355864520376,1.827607080319124e-06,0.06858495478813535,0.9739163836136167,60.0,1741
5,101,delithiation,10,0.9898787630585626,0.9797575719617704,-4.41543e-05,1799.980000000447,9000.0,0.0168671757,-0.012982629200000012,0.022076904698338815,9775238.689,0.0768342614,0.0937014371,1801,90811,9,8999.97000000067,0.0807188079,0.0003011473333499808,1.1480161566169009e-07,0.08093523770751465,0.9997473450577087,60.0,1741
5,102,delithiation,10,0.9797575719617704,0.9696363579426557,-4.41544e-05,1799.980000000447,9000.0,0.012191578800000005,-0.011934474200000003,0.02207695469778326,9786038.689,0.0859023258,0.0980939046,1801,90811,9,8999.97000000067,0.0861594304,0.00017707183226157015,9.20394947138404e-08,0.09066508845853825,0.9995303816367299,60.0,1741
5,103,delithiation,10,0.9696363579426557,0.9595151210012183,-4.41545e-05,1799.980000000447,9000.0,0.0095461607,-0.012127906100000002,0.022077004697227703,9796838.689,0.0909389183,0.100485079,1801,90811,9,8999.97000000067,0.0883571729,0.00010033831988535845,3.1399918415928824e-07,0.09641328012328433,0.9832548489762273,60.0,1741
5,104,delithiation,10,0.9595151210012183,0.9493938382151356,-4.41547e-05,1799.980000000447,9000.0,0.008716002099999995,-0.012134574299999992,0.022077104696116595,9807638.689,0.0927007943,0.1014167964,1801,90811,9,8999.97000000067,0.0892822221,7.279646939713547e-05,3.946315497132489e-07,0.09857160478988763,0.9513798277300899,60.0,1741
5,105,delithiation,10,0.9493938382151356,0.9392726012736982,-4.41545e-05,1799.980000000447,9000.0,0.008387640099999996,-0.01199743889999999,0.022077004697227703,9818438.689,0.0934138447,0.1018014848,1801,90811,9,8999.97000000067,0.0898040459,6.436299385847802e-05,4.160726667992675e-07,0.09931646325352761,0.9322516618155297,60.0,1741
5,106,delithiation,10,0.9392726012736982,0.9291513184876156,-4.41547e-05,1799.980000000447,9000.0,0.008294999599999991,-0.01188551639999999,0.022077104696116595,9829238.689,0.0936866105,0.1019816101,1801,90811,9,8999.97000000067,0.0900960937,6.055845219754578e-05,4.2307275233108746e-07,0.09966857557740397,0.9217651183464614,60.0,1741
5,107,delithiation,10,0.9291513184876156,0.9190300357015329,-4.41547e-05,1799.980000000447,9000.0,0.008286096199999995,-0.011757284399999998,0.022077104696116595,9840038.689,0.0938052088,0.102091305,1801,90811,9,8999.97000000067,0.0903340206,5.9163531004764576e-05,4.187958031225137e-07,0.09983499245612219,0.9198483807692261,60.0,1741
5,108,delithiation,10,0.9190300357015329,0.9089087070708051,-4.41549e-05,1799.980000000447,9000.0,0.008124507900000008,-0.011558636999999997,0.022077204695005483,9850838.689,0.0939445645,0.1020690724,1801,90811,9,8999.97000000067,0.0905104354,5.762596129097906e-05,4.271363214766073e-07,0.09986853944808667,0.9127898517011599,60.0,1741
5,109,delithiation,10,0.9089087070708051,0.8987874013623998,-4.41548e-05,1799.980000000447,9000.0,0.0081504508,-0.011378519200000006,0.02207715469556104,9861638.689,0.0938874856,0.1020379364,1801,90811,9,8999.97000000067,0.0906594172,5.864713734352801e-05,4.211379812917259e-07,0.09980781959410284,0.9177077100380506,60.0,1741
5,110,delithiation,10,0.8987874013623998,0.8886660956539945,-4.41548e-05,1799.980000000447,9000.0,0.00809856510000001,-0.011328846200000006,0.02207715469556104,9872438.689,0.0940231308,0.1021216959,1801,90811,9,8999.97000000067,0.0907928497,5.890698116859227e-05,4.3580898222700795e-07,0.09985788950602903,0.9130895908879296,60.0,1741
5,111,delithiation,10,0.8886660956539945,0.8785447899455892,-4.41548e-05,1799.980000000447,9000.0,0.008200116499999993,-0.011282891099999998,0.02207715469556104,9883238.689,0.0940023735,0.10220249,1801,90811,9,8999.97000000067,0.0909195989,6.063828205618972e-05,4.491908701220373e-07,0.09989239701665234,0.9128866891040259,60.0,1741
5,112,delithiation,10,0.8785447899455892,0.868423484237184,-4.41548e-05,1799.980000000447,9000.0,0.00829202679999999,-0.011372581100000001,0.02207715469556104,9894038.689,0.0941276401,0.1024196669,1801,90811,9,8999.97000000067,0.0910470858,6.286969535179285e-05,4.7272861214117437e-07,0.09999599780686312,0.9104816918703882,60.0,1741
5,113,delithiation,10,0.868423484237184,0.8583021556064561,-4.41549e-05,1799.980000000447,9000.0,0.0083706006,-0.01148747650000001,0.022077204695005483,9904838.689,0.094268471,0.1026390716,1801,90811,9,8999.97000000067,0.0911515951,6.509020017506953e-05,5.009361202134507e-07,0.10015092152239108,0.9066191249094997,60.0,1741
5,114,delithiation,10,0.8583021556064561,0.8481807352864377,-4.41553e-05,1799.980000000447,9000.0,0.008605562099999992,-0.01164090629999999,0.02207740469278326,9915638.689,0.0942721814,0.1028777435,1801,90811,9,8999.97000000067,0.0912368372,6.76464598275741e-05,5.326043510630624e-07,0.10029598945525595,0.9026899971461649,60.0,1741
5,115,delithiation,10,0.8481807352864377,0.8380593608110646,-4.41551e-05,1799.980000000447,9000.0,0.008684873499999995,-0.0117394849,0.022077304693894375,9926438.689,0.0943692774,0.1030541509,1801,90811,9,8999.97000000067,0.091314666,7.028599999935955e-05,5.590437969698672e-07,0.10037104458954854,0.9008883795705561,60.0,1741
5,116,delithiation,10,0.8380593608110646,0.8279379634133688,-4.41552e-05,1799.980000000447,9000.0,0.008812360500000005,-0.011864006499999996,0.022077354693338814,9937238.689,0.0944107845,0.103223145,1801,90811,9,8999.97000000067,0.0913591385,7.391469117418105e-05,5.873706637418448e-07,0.1004051540641573,0.9010508941015044,60.0,1741
5,117,delithiation,10,0.8279379634133688,0.8178166118603183,-4.4155e-05,1799.980000000447,9000.0,0.008832372800000002,-0.0118336156,0.02207725469444993,9948038.689,0.0944055989,0.1032379717,1801,90811,9,8999.97000000067,0.0914043561,7.616619650029098e-05,6.138650365212606e-07,0.10034854078151065,0.8985056947855276,60.0,1741
5,118,delithiation,10,0.8178166118603183,0.8076952832295904,-4.41549e-05,1799.980000000447,9000.0,0.008967272900000003,-0.01178914310000001,0.022077204695005483,9958838.689,0.0943018273,0.1032691002,1801,90811,9,8999.97000000067,0.0914799571,8.045588683143377e-05,6.327903162641579e-07,0.10022711157991877,0.902874964778552,60.0,1741
5,119,delithiation,10,0.8076952832295904,0.7975740233658304,-4.41546e-05,1799.980000000447,9000.0,0.009125903300000002,-0.011941827899999993,0.02207705469667215,9969638.689,0.0943759456,0.1035018489,1801,90811,9,8999.97000000067,0.091560021,8.636384683373928e-05,6.559515817865314e-07,0.1002223027283013,0.9088281127181393,60.0,1741
5,120,delithiation,10,0.7975740233658304,0.7874526718127799,-4.4155e-05,1799.980000000447,9000.0,0.0094587057,-0.012301318300000003,0.02207725469444993,9980438.689,0.0944693387,0.1039280444,1801,90811,9,8999.97000000067,0.0916267261,9.363026559509439e-05,7.02011544341784e-07,0.10034988007350186,0.9109469748127569,60.0,1741
5,121,delithiation,10,0.7874526718127799,0.7773312973374067,-4.41551e-05,1799.980000000447,9000.0,0.009743332899999999,-0.012600027,0.022077304693894375,9991238.689,0.0945634767,0.1043068096,1801,90811,9,8999.97000000067,0.0917067826,0.0001015068413450257,7.433566360536509e-07,0.10044348018737548,0.9146940625209887,60.0,1741
5,122,delithiation,10,0.7773312973374067,0.7672099457843562,-4.4155e-05,1799.980000000447,9000.0,0.010120615399999991,-0.012910604499999992,0.02207725469444993,10002038.689,0.0945605114,0.1046811268,1801,90811,9,8999.97000000067,0.0917705223,0.00011044635118144205,7.764543580438681e-07,0.10047817805263398,0.9208555927887558,60.0,1741
5,123,delithiation,10,0.7672099457843562,0.7570885942313057,-4.4155e-05,1799.980000000447,9000.0,0.01048233359999999,-0.013270094999999996,0.02207725469444993,10012838.689,0.0946086869,0.1050910205,1801,90811,9,8999.97000000067,0.0918209255,0.00011999788327695561,8.17438096598037e-07,0.10048695182606435,0.9253279872809909,60.0,1741
5,124,delithiation,10,0.7570885942313057,0.74696719683361,-4.41552e-05,1799.980000000447,9000.0,0.010724701000000003,-0.013540633100000005,0.022077354693338814,10023638.689,0.0946376026,0.1053623036,1801,90811,9,8999.97000000067,0.0918216705,0.0001293316449325382,8.471353468416668e-07,0.10039094068066413,0.9305703766918091,60.0,1741
5,125,delithiation,10,0.74696719683361,0.736845868202882,-4.41549e-05,1799.980000000447,9000.001000000164,0.010883331199999999,-0.013659238800000001,0.022077204695005483,10034438.689,0.0946168453,0.1055001765,1801,90811,9,8999.97000000067,0.0918409377,0.00013869966636794682,8.656026922736049e-07,0.10018007073098929,0.9365656941177957,60.0,1741
5,126,delithiation,10,0.736845868202882,0.7267245395721541,-4.41549e-05,1799.980000000447,9000.0,0.0111094043,-0.013721495899999991,0.022077204695005483,10045238.69,0.0945071429,0.1056165472,1801,90811,9,8999.97000000067,0.0918950513,0.00014846880155573326,8.657463156146487e-07,0.09988245619214228,0.9441708436347129,60.0,1741
5,127,delithiation,10,0.7267245395721541,0.7166032109414262,-4.41549e-05,1799.980000000447,9000.0,0.01162677999999999,-0.0142262727,0.022077204695005483,10056038.69,0.0945619941,0.1061887741,1801,90811,9,8999.97000000067,0.0919625014,0.00016650026872449161,8.652925743147677e-07,0.09972450682559564,0.955139662401729,60.0,1741
5,128,delithiation,10,0.7166032109414262,0.7064817676990853,-4.41554e-05,1799.980000000447,9000.0,0.012484371699999997,-0.0150801614,0.022077454692227706,10066838.69,0.0946161076,0.1071004793,1801,90811,9,8999.97000000067,0.0920203179,0.00018736838741525893,8.879668303446178e-07,0.09977132431284017,0.9624109803133,60.0,1741
5,129,delithiation,10,0.7064817676990853,0.6963603473790669,-4.41553e-05,1799.980000000447,9000.0,0.013192243899999997,-0.0158310235,0.02207740469278326,10077638.69,0.0947384089,0.1079306528,1801,90811,9,8999.97000000067,0.0920996293,0.00020935222727359371,8.901568979550932e-07,0.09970031701730885,0.9695186837581908,60.0,1741
5,130,delithiation,10,0.6963603473790669,0.686238949981371,-4.41552e-05,1799.980000000447,9000.0,0.013993494200000012,-0.016647093,0.022077354693338814,10088438.69,0.0948236436,0.1088171378,1801,90811,9,8999.97000000067,0.0921700448,0.00023381900039648747,8.689800695987135e-07,0.09955685136807871,0.9765441330321357,60.0,1741
5,131,delithiation,10,0.686238949981371,0.676117575505998,-4.41551e-05,1799.980000000447,9000.0,0.01472211629999999,-0.0174416825,0.022077304693894375,10099238.69,0.0948925763,0.1096146926,1801,90811,9,8999.97000000067,0.0921730101,0.000258483629236633,8.365635003507018e-07,0.09933261786717061,0.982110764065211,60.0,1741
5,132,delithiation,10,0.676117575505998,0.6659963156422379,-4.41546e-05,1799.980000000447,9000.0,0.015186853699999989,-0.017887897799999997,0.02207705469667215,10110038.69,0.0948421806,0.1100290343,1801,90811,9,8999.97000000067,0.0921411365,0.0002773671873010837,7.872442650491663e-07,0.09891578320424586,0.9861845002093953,60.0,1741
5,133,delithiation,10,0.6659963156422379,0.6558751016231232,-4.41544e-05,1799.980000000447,9000.0,0.015283212099999999,-0.017820447700000006,0.02207695469778326,10120838.69,0.0946620628,0.1099452749,1801,90811,9,8999.97000000067,0.0921248272,0.00029131318585107554,7.107039417170712e-07,0.09821389984683383,0.9897556423756985,60.0,1741
5,134,delithiation,10,0.6558751016231232,0.6457539334486536,-4.41542e-05,1799.980000000447,9000.0,0.0157687143,-0.018039844900000004,0.02207685469889437,10131638.69,0.0945012122,0.1102699265,1801,90811,9,8999.97000000067,0.0922300816,0.00031345931967587093,6.126658676111849e-07,0.09755278832674014,0.9934005313758137,60.0,1741
5,135,delithiation,10,0.6457539334486536,0.6356326965072162,-4.41545e-05,1799.980000000447,9000.0,0.017016932400000004,-0.0191175789,0.022077004697227703,10142438.69,0.0945345685,0.1115515009,1801,90811,9,8999.97000000067,0.092433922,0.00035336499992253973,4.854191941238959e-07,0.09705174596538745,0.9967291279234383,60.0,1741
5,136,delithiation,10,0.6356326965072162,0.6255113678764883,-4.41549e-05,1799.980000000447,9000.0,0.018771410000000002,-0.021035865,0.022077204695005483,10153238.69,0.094894059,0.113665469,1801,90811,9,8999.97000000067,0.092629604,0.0004056640351151626,3.8174370470474864e-07,0.09687201128136722,0.9984624046596466,60.0,1741
5,137,delithiation,10,0.6255113678764883,0.6153900392457604,-4.41549e-05,1799.980000000447,9000.0,0.020482897700000002,-0.0227421597,0.022077204695005483,10164038.69,0.0951757208,0.1156586185,1801,90811,9,8999.97000000067,0.0929164588,0.0004558314959609113,3.4112208018339275e-07,0.09661661897518091,0.9990270560196765,60.0,1741
5,138,delithiation,10,0.6153900392457604,0.6052687106150325,-4.41549e-05,1799.980000000447,9000.0,0.022157304000000003,-0.024280182999999997,0.022077204695005483,10174838.69,0.0954232961,0.1175806001,1801,90811,9,8999.97000000067,0.0933004171,0.0005054555265580654,4.409453631857842e-07,0.09629486995520746,0.9986783122584018,60.0,1741
5,139,delithiation,10,0.6052687106150325,0.5951474049066272,-4.41548e-05,1799.980000000447,9000.0,0.0237657577,-0.025700345700000002,0.02207715469556104,10185638.69,0.0958665386,0.1196322963,1801,90811,9,8999.97000000067,0.0939319506,0.0005560674512677878,6.209981914869221e-07,0.09606732511782906,0.9978358646829246,60.0,1741
5,140,delithiation,10,0.5951474049066272,0.5850260991982219,-4.41548e-05,1799.980000000447,9000.0,0.025094024899999998,-0.026277005699999995,0.02207715469556104,10196438.69,0.0964580327,0.1215520576,1801,90811,9,8999.97000000067,0.0952750519,0.0006017356492930723,8.10352845597131e-07,0.09598642137392405,0.9968560987820126,60.0,1741
5,141,delithiation,10,0.5850260991982219,0.5749048164121393,-4.41547e-05,1799.980000000447,9000.0,0.026354096800000004,-0.025340065300000006,0.022077104696116595,10207238.69,0.0977514684,0.1241055652,1801,90811,9,8999.97000000067,0.0987654999,0.0006458688150984502,9.31343724590779e-07,0.09667578415378826,0.996397007564074,60.0,1741
5,142,delithiation,10,0.5749048164121393,0.5647835565483792,-4.41546e-05,1799.980000000447,9000.0,0.026654303100000012,-0.019528038800000008,0.02207705469667215,10218038.69,0.1011343896,0.1277886927,1801,90811,9,8999.97000000067,0.1082606539,0.0006570732531823804,7.764843286416442e-07,0.10028753712096493,0.9975773872982963,60.0,1741
5,143,delithiation,10,0.5647835565483792,0.5546622737622966,-4.41547e-05,1799.980000000447,9000.0,0.02245972310000001,-0.01163979620000001,0.022077104696116595,10228838.69,0.1106412932,0.1331010163,1801,90811,9,8999.97000000067,0.1214612201,0.0005051579879048102,1.2280293930335657e-06,0.11261734812181148,0.9898276281387615,60.0,1741
5,144,delithiation,10,0.5546622737622966,0.5445409680538914,-4.41548e-05,1799.980000000447,9000.0,0.013591043600000005,-0.010273665200000004,0.02207715469556104,10239638.69,0.1238594726,0.1374505162,1801,90811,9,8999.97000000067,0.127176851,0.00020580883543693285,9.893570777004283e-07,0.12918500451115578,0.9613662766843482,60.0,1741
5,145,delithiation,10,0.5445409680538914,0.5344196623454862,-4.41548e-05,1799.980000000447,9000.0,0.009727805899999997,-0.010183960200000008,0.02207715469556104,10250438.69,0.129638046,0.1393658519,1801,90811,9,8999.97000000067,0.1291818917,9.868792241817252e-05,7.903958324024731e-07,0.1354898758236626,0.8996464535242173,60.0,1741
5,146,delithiation,10,0.5344196623454862,0.5242983337147583,-4.41549e-05,1799.980000000447,9000.0,0.008535176499999991,-0.010083168799999986,0.022077204695005483,10261238.69,0.1317134798,0.1402486563,1801,90811,9,8999.97000000067,0.1301654875,6.927789950701719e-05,7.487090091057084e-07,0.13761260220000215,0.8311775878528349,60.0,1741
5,147,delithiation,10,0.5242983337147583,0.5141770280063531,-4.41548e-05,1799.980000000447,9000.0,0.00803261999999999,-0.010107606699999994,0.02207715469556104,10272038.69,0.1326422095,0.1406748295,1801,90811,9,8999.97000000067,0.1305672228,5.809338396104077e-05,6.99412659582841e-07,0.13851892561251708,0.798680334209082,60.0,1741
5,148,delithiation,10,0.5141770280063531,0.5040557452202704,-4.41547e-05,1799.980000000447,9000.0,0.0074959993,-0.009782224899999997,0.022077104696116595,10282838.69,0.1329928041,0.1404888034,1801,90811,9,8999.97000000067,0.1307065785,5.0560238254063726e-05,6.512599779544874e-07,0.1386546717017432,0.776078501502503,60.0,1741
5,149,delithiation,10,0.5040557452202704,0.4939345312011556,-4.41544e-05,1799.980000000447,9000.0,0.007170587799999989,-0.009335249699999992,0.02207695469778326,10293638.69,0.1329987347,0.1401693225,1801,90811,9,8999.97000000067,0.1308340728,4.791297951962946e-05,6.066219723222664e-07,0.13842602764270032,0.7820079458253502,60.0,1741
5,150,delithiation,10,0.4939345312011556,0.4838132713373955,-4.41546e-05,1799.980000000447,9000.0,0.006931155900000013,-0.008942395399999997,0.02207705469667215,10304438.69,0.1331039965,0.1400351524,1801,90811,9,8999.97000000067,0.131092757,4.8895930567995984e-05,5.671008151517211e-07,0.13825539798283154,0.8104227152680938,60.0,1741
5,151,delithiation,10,0.4838132713373955,0.4736920343959581,-4.41545e-05,1799.980000000447,9000.0,0.007116466799999999,-0.009055048300000007,0.022077004697227703,10315238.69,0.1333411932,0.14045766,1801,90811,9,8999.97000000067,0.1314026117,5.306626653609144e-05,5.602172036730411e-07,0.13848399053799917,0.8376544788197369,60.0,1741
5,152,delithiation,10,0.4736920343959581,0.4635707516098754,-4.41547e-05,1799.980000000447,9000.0,0.0072832405999999905,-0.009370803900000002,0.022077104696116595,10326038.69,0.1337800026,0.1410632432,1801,90811,9,8999.97000000067,0.1316924393,5.5519006332100915e-05,5.735196294347913e-07,0.13899958154986777,0.8434746082010318,60.0,1741
5,153,delithiation,10,0.4635707516098754,0.4534494917461154,-4.41546e-05,1799.980000000447,9000.0,0.007506370499999998,-0.00971844790000001,0.02207705469667215,10336838.69,0.1340764761,0.1415828466,1801,90811,9,8999.97000000067,0.1318643987,5.7837526122983086e-05,5.866434082073453e-07,0.13944146609582947,0.8482429683944248,60.0,1741
5,154,delithiation,10,0.4534494917461154,0.4433281860377102,-4.41548e-05,1799.980000000447,9000.0,0.007602691600000017,-0.0099170804,0.02207715469556104,10347638.69,0.1343329549,0.1419356465,1801,90811,9,8999.97000000067,0.1320185661,6.195827050340026e-05,5.845833494544385e-07,0.13963020321015512,0.8659446835999192,60.0,1741
5,155,delithiation,10,0.4433281860377102,0.43320694909627266,-4.41545e-05,1799.980000000447,9000.0,0.0077895223999999985,-0.01011428239999998,0.022077004697227703,10358438.69,0.1343996525,0.1421891749,1801,90811,9,8999.97000000067,0.1320748925,6.553544424367516e-05,5.894124458868184e-07,0.13974152871199583,0.8766816744427822,60.0,1741
5,156,delithiation,10,0.43320694909627266,0.42308566631018996,-4.41547e-05,1799.980000000447,9000.0,0.007716119300000018,-0.010092765100000012,0.022077104696116595,10369238.69,0.134458214,0.1421743333,1801,90811,9,8999.97000000067,0.1320815682,6.887957088544835e-05,5.768987229829647e-07,0.1395853088467523,0.8912749598182617,60.0,1741
5,157,delithiation,10,0.42308566631018996,0.41296442936875255,-4.41545e-05,1799.980000000447,9000.0,0.00784882910000001,-0.010052025399999998,0.022077004697227703,10380038.69,0.1343462765,0.1421951056,1801,90811,9,8999.97000000067,0.1321430802,7.646295239067113e-05,5.463761726538505e-07,0.13929425369367304,0.9184478420675453,60.0,1741
5,158,delithiation,10,0.41296442936875255,0.40284316950499255,-4.41546e-05,1799.980000000447,9000.0,0.00799113509999999,-0.010125368800000006,0.02207705469667215,10390838.69,0.1344152093,0.1424063444,1801,90811,9,8999.97000000067,0.1322809756,8.599279234090037e-05,5.141495328670158e-07,0.1390893103629682,0.9414722417452173,60.0,1741
5,159,delithiation,10,0.40284316950499255,0.39272184087426465,-4.41549e-05,1799.980000000447,9000.0,0.008491456500000022,-0.010513037500000016,0.022077204695005483,10401638.69,0.1345894039,0.1430808604,1801,90811,9,8999.97000000067,0.1325678229,0.00010007584544394649,4.758462213668727e-07,0.1391502647239256,0.9621708576416544,60.0,1741
5,160,delithiation,10,0.39272184087426465,0.38260048932121415,-4.4155e-05,1799.980000000447,9000.0,0.009125202799999982,-0.01116532079999999,0.02207725469444993,10412438.69,0.1348599494,0.1439851522,1801,90811,9,8999.97000000067,0.1328198314,0.00011413636649846055,4.292093747343701e-07,0.13942038420146505,0.975998464358267,60.0,1741
5,161,delithiation,10,0.38260048932121415,0.37247913776816366,-4.4155e-05,1799.980000000447,9000.0,0.009572893400000004,-0.011673808100000016,0.02207725469444993,10423238.69,0.1352024078,0.1447753012,1801,90811,9,8999.97000000067,0.1331014931,0.00012846542318160125,3.617608421617072e-07,0.13961007465661682,0.9863973943812503,60.0,1741
5,162,delithiation,10,0.37247913776816366,0.36235780913743587,-4.41549e-05,1799.980000000447,9000.0,0.010092496800000017,-0.0122348964,0.022077204695005483,10434038.69,0.1355196238,0.1456121206,1801,90811,9,8999.97000000067,0.1333772242,0.00014350810088349522,2.827085760467482e-07,0.1397493486318889,0.9932964692551778,60.0,1741
5,163,delithiation,10,0.36235780913743587,0.35223648050670797,-4.41549e-05,1799.980000000447,9000.0,0.010512769199999994,-0.01271519069999999,0.022077204695005483,10444838.69,0.135868758,0.1463815272,1801,90811,9,8999.97000000067,0.1336663365,0.00015668643896598683,2.0824525572739414e-07,0.13989234068482762,0.9969376488351094,60.0,1741
5,164,delithiation,10,0.35223648050670797,0.3421151518759801,-4.41549e-05,1799.980000000447,9000.0,0.01087149979999999,-0.012913078099999975,0.022077204695005483,10455638.69,0.1360473931,0.1469188929,1801,90811,9,8999.97000000067,0.1340058148,0.0001680198344567797,1.3007404241939902e-07,0.13990046878827297,0.9989588642561323,60.0,1741
5,165,delithiation,10,0.3421151518759801,0.33199389201222007,-4.41546e-05,1799.980000000447,9000.0,0.011093139700000004,-0.012887150100000022,0.02207705469667215,10466438.69,0.1363483369,0.1474414766,1801,90811,9,8999.97000000067,0.1345543265,0.00017952435607987912,7.020657207345184e-08,0.13986514936867694,0.9997341155882449,60.0,1741
5,166,delithiation,10,0.33199389201222007,0.32187263214845996,-4.41546e-05,1799.980000000447,9000.0,0.0113065839,-0.012612134200000014,0.02207705469667215,10477238.69,0.1368746161,0.1481812,1801,90811,9,8999.97000000067,0.1355690658,0.00019103893208130717,1.12814467753581e-07,0.1400880966878981,0.999393930925829,60.0,1741
5,167,delithiation,10,0.32187263214845996,0.31175137228469996,-4.41546e-05,1799.980000000447,9000.0,0.011625349499999993,-0.01218000059999999,0.02207705469667215,10488038.69,0.1378782094,0.1495035589,1801,90811,9,8999.97000000067,0.1373235583,0.00020054548842795395,1.6390624582520512e-07,0.14103824077648963,0.9988397258878189,60.0,1741
5,168,delithiation,10,0.31175137228469996,0.30163006657629465,-4.41548e-05,1799.980000000447,9000.0,0.011586040200000008,-0.011260062399999993,0.02207715469556104,10498838.69,0.1396571398,0.15124318,1801,90811,9,8999.97000000067,0.1399831176,0.00019779136451517318,2.233127008339199e-07,0.14306949077233155,0.9977881782151445,60.0,1741
5,169,delithiation,10,0.30163006657629465,0.29150878379021194,-4.41547e-05,1799.980000000447,9000.0,0.010991603099999997,-0.010214954599999992,0.022077104696116595,10509638.69,0.142375201,0.1533668041,1801,90811,9,8999.97000000067,0.1431518495,0.00016896865980344783,5.096812520925941e-07,0.14652723687243047,0.9844236174245604,60.0,1741
5,170,delithiation,10,0.29150878379021194,0.28138750100412935,-4.41547e-05,1799.980000000447,9000.0,0.010329693500000015,-0.010088920600000023,0.022077104696116595,10520438.69,0.1454816759,0.1558113694,1801,90811,9,8999.97000000067,0.1457224488,0.0001302539655166624,4.903716603571291e-07,0.15040158699451261,0.9759456279691627,60.0,1741
5,171,delithiation,10,0.28138750100412935,0.27126617237340145,-4.41549e-05,1799.980000000447,9000.0,0.010549098199999996,-0.010219305699999987,0.022077204695005483,10531238.69,0.1481278241,0.1586769223,1801,90811,9,8999.97000000067,0.1484576166,0.0001370854282343161,3.766279604989332e-07,0.15287207236146497,0.9870437736658128,60.0,1741
5,172,delithiation,10,0.27126617237340145,0.26114486666499626,-4.41548e-05,1799.980000000447,9000.0,0.011282175799999988,-0.01025190949999999,0.02207715469556104,10542038.69,0.1508503556,0.1621325314,1801,90811,9,8999.97000000067,0.1518806219,0.00015922417583490793,3.128904465680261e-07,0.155314387612172,0.9933294830052687,60.0,1741
5,173,delithiation,10,0.26114486666499626,0.25102360680123614,-4.41546e-05,1799.980000000447,9000.0,0.011814385699999985,-0.009945005199999996,0.02207705469667215,10552838.69,0.1542636752,0.1660780609,1801,90811,9,8999.97000000067,0.1561330557,0.00017909882505340858,2.587346508192807e-07,0.1584048665961178,0.9963838206188689,60.0,1741
5,174,delithiation,10,0.25102360680123614,0.24090234693747614,-4.41546e-05,1799.980000000447,9000.0,0.011595696200000005,-0.009569853600000011,0.02207705469667215,10563638.69,0.1585271955,0.1701228917,1801,90811,9,8999.97000000067,0.1605530381,0.00017427962512800858,2.794613586177078e-07,0.16271463173318299,0.9955484395433787,60.0,1741
5,175,delithiation,10,0.24090234693747614,0.23078104122907084,-4.41548e-05,1799.980000000447,9000.0,0.011265903699999996,-0.0098151863,0.02207715469556104,10574438.69,0.1628574133,0.174123317,1801,90811,9,8999.97000000067,0.1643081307,0.00015656743509078621,3.2268114328422253e-07,0.16738298829631193,0.9926675735130356,60.0,1741
5,176,delithiation,10,0.23078104122907084,0.22065968967602034,-4.4155e-05,1799.980000000447,9000.0,0.011879622899999998,-0.010326594100000003,0.02207725469444993,10585238.69,0.1666598916,0.1785395145,1801,90811,9,8999.97000000067,0.1682129204,0.00017097515011994812,3.363920332161437e-07,0.17107855706963318,0.9933133090263723,60.0,1741
5,177,delithiation,10,0.22065968967602034,0.21053838396761515,-4.41548e-05,1799.980000000447,9000.0,0.01341542599999998,-0.010544419299999996,0.02207715469556104,10596038.69,0.1705809832,0.1839964092,1801,90811,9,8999.97000000067,0.1734519899,0.0002167312246053426,3.539556103304734e-07,0.17448445993836795,0.9953831634062158,60.0,1741
5,178,delithiation,10,0.21053838396761515,0.20041705533688725,-4.41549e-05,1799.980000000447,9000.0,0.014973491500000019,-0.01035982370000002,0.022077204695005483,10606838.69,0.1759037375,0.190877229,1801,90811,9,8999.97000000067,0.1805174053,0.000264315774139681,4.0340001162581993e-07,0.1792918213580625,0.9959656868425728,60.0,1741
5,179,delithiation,10,0.20041705533688725,0.19029568086151416,-4.41551e-05,1799.980000000447,9000.0,0.015112102099999997,-0.010223299300000016,0.022077304693894375,10617638.69,0.1828371286,0.1979492307,1801,90811,9,8999.97000000067,0.1877259314,0.0002629323241358432,2.4926149290173254e-07,0.1865922780308187,0.9984395717995065,60.0,1741
5,180,delithiation,10,0.19029568086151416,0.18017439807543145,-4.41547e-05,1799.980000000447,9000.0,0.014020293999999989,-0.010520488099999975,0.022077104696116595,10628438.69,0.1900781691,0.2040984631,1801,90811,9,8999.97000000067,0.193577975,0.0002220478334863467,3.835694012209685e-07,0.19436129430684976,0.994837659719668,60.0,1741
5,181,delithiation,10,0.18017439807543145,0.17005311528934874,-4.41547e-05,1799.980000000447,9000.0,0.015123248099999986,-0.010559677999999989,0.022077104696116595,10639238.69,0.1958827078,0.2110059559,1801,90811,9,8999.97000000067,0.2004462779,0.00025830723123198245,5.927060447784552e-07,0.19950799926592605,0.9909270845174889,60.0,1741
5,182,delithiation,10,0.17005311528934874,0.15993183250326604,-4.41547e-05,1799.980000000447,9000.0,0.017530024000000005,-0.009770929800000022,0.022077104696116595,10650038.69,0.2027783394,0.2203083634,1801,90811,9,8999.97000000067,0.2105374336,0.0003416825656020273,7.710230976348109e-07,0.20522389247802164,0.9912227196939093,60.0,1741
5,183,delithiation,10,0.15993183250326604,0.14981052679486084,-4.41548e-05,1799.980000000447,9000.0,0.01248005029999999,-0.009387642099999982,0.02207715469556104,10660838.69,0.2129071951,0.2253872454,1801,90811,9,8999.97000000067,0.2159996033,0.0001772048700755731,7.897816792262676e-07,0.21835152485334158,0.966610204350223,60.0,1741
5,184,delithiation,10,0.14981052679486084,0.13968917524181035,-4.4155e-05,1799.980000000447,9000.0,0.008598983199999993,-0.009767144899999997,0.02207725469444993,10671638.69,0.2183478177,0.2269468009,1801,90811,9,8999.97000000067,0.217179656,5.3579419016568604e-05,3.630291092290766e-07,0.22474524715471988,0.9260684879811346,60.0,1741
5,185,delithiation,10,0.13968917524181035,0.12956784661108245,-4.41549e-05,1799.980000000447,9000.0,0.008693128900000013,-0.010375678599999993,0.022077204695005483,10682438.69,0.2195486128,0.2282417417,1801,90811,9,8999.97000000067,0.2178660631,5.092670107135291e-05,3.8671267700109545e-07,0.2260932208945961,0.9088650967307318,60.0,1741
5,186,delithiation,10,0.12956784661108245,0.11944647213570936,-4.41551e-05,1799.980000000447,9000.0,0.0096137523,-0.011386722300000013,0.022077304693894375,10693238.69,0.2202935219,0.2299072742,1801,90811,9,8999.97000000067,0.2185205519,7.047993515905772e-05,4.72846226993757e-07,0.2268882636753762,0.9274094691855763,60.0,1741
5,187,delithiation,10,0.11944647213570936,0.10932516642730417,-4.41548e-05,1799.980000000447,9000.0,0.011667668800000003,-0.013219744000000005,0.02207715469556104,10704038.69,0.2209784389,0.2326461077,1801,90811,9,8999.97000000067,0.2194263637,0.00012047117909355014,6.094732764880864e-07,0.2274230336505732,0.9573881261338281,60.0,1741
5,188,delithiation,10,0.10932516642730417,0.09920381487425367,-4.4155e-05,1799.980000000447,9000.0,0.016123950499999984,-0.016451507799999987,0.02207725469444993,10714838.69,0.2219079435,0.238031894,1801,90811,9,8999.97000000067,0.2215803862,0.00024361803296934793,7.447504474219069e-07,0.22725333180947774,0.9840080684386052,60.0,1741
5,189,delithiation,10,0.09920381487425367,0.08908248624352577,-4.41549e-05,1799.980000000447,9000.0,0.02808815240000001,-0.013594597600000008,0.022077204695005483,10725638.69,0.2239314616,0.252019614,1801,90811,9,8999.97000000067,0.2384250164,0.0005953145856965684,2.1074571751238886e-06,0.22447302940476432,0.9786714673132086,60.0,1741
5,190,delithiation,10,0.08908248624352577,0.07896122637976577,-4.41546e-05,1799.980000000447,9000.0,0.05173936490000003,-0.009667813800000036,0.02207705469667215,10736438.69,0.2407722175,0.2925115824,1801,90811,9,8999.97000000067,0.2828437686,0.0013678480376276801,6.065580032530722e-06,0.229853520004182,0.9669351982522385,60.0,1741
5,191,delithiation,10,0.07896122637976577,0.06883992067136036,-4.41548e-05,1799.980000000447,9000.0,0.06603950260000002,-0.010747104900000026,0.02207715469556104,10747238.69,0.2851993442,0.3512388468,1801,90811,9,8999.97000000067,0.3404917419,0.0017818934900652313,7.832551769811357e-06,0.2696702973608831,0.9674920159849212,60.0,1741
5,192,delithiation,10,0.06883992067136036,0.05871863788527787,-4.41547e-05,1799.980000000447,9000.0,0.08645507690000004,-0.012278378000000034,0.022077104696116595,10758038.69,0.3428999484,0.4293550253,1801,90811,9,8999.97000000067,0.4170766473,0.0023642318133893668,1.0902863810434096e-05,0.3206659780351921,0.9643360814571386,60.0,1741
5,193,delithiation,10,0.05871863788527787,0.04859728633222726,-4.4155e-05,1799.980000000447,9000.0,0.12307706480000002,-0.015337765200000075,0.02207725469444993,10768838.69,0.4196092188,0.5426862836,1801,90811,9,8999.97000000067,0.5273485184,0.003411421187685398,1.7154075877145782e-05,0.3842422322087598,0.9578812733030846,60.0,1741
5,194,delithiation,10,0.04859728633222726,0.03847598062382185,-4.41548e-05,1799.980000000447,9000.0,0.2287647128,-0.030555129000000014,0.02207715469556104,10779638.69,0.5300376415,0.7588023543,1801,90811,9,8999.97000000067,0.7282472253,0.006280585496005277,4.0789554946566414e-05,0.45349638648953167,0.931662972048956,60.0,1741
5,195,delithiation,10,0.03847598062382185,0.03399291212042277,-4.41548e-05,797.2719999998808,19800.0,0.2686614394999999,-0.13546794659999994,0.009778718251554094,10790438.69,0.7313392758,1.0000007153,799,1981,13,5999.979999998584,0.8645327687,0.012593402299244355,9.145074430644608e-05,0.6187255940478303,0.9625892156079879,60.0,739
