time_s,voltage_exp_V,voltage_sim_V,residual_V
0.0,0.0824038908,0.08009750995166146,-0.002306380848338549
59.99900000001071,0.0966956839,0.08011087591008884,-0.01658480798991116
129.9990000000107,0.1093002856,0.08011310099666051,-0.029187184603339494
209.9990000000107,0.1107856184,0.08011500263561817,-0.03067061576438182
279.9990000000107,0.1114801168,0.0801164120965166,-0.0313637047034834
359.9990000000107,0.1120612025,0.08011782960449358,-0.03194337289550642
429.9990000000107,0.1124718189,0.08011896864332131,-0.032352850256678695
509.9990000000107,0.1129113585,0.08012017687610166,-0.03279118162389834
579.9990000000107,0.1132307947,0.08012117826325496,-0.03310961643674504
649.9990000000107,0.1134968847,0.08012213497699973,-0.033374749723000266
729.9990000000107,0.1137874275,0.0801231819239675,-0.033664245576032495
799.9990000000107,0.1140431464,0.08012406813113064,-0.03391907826886936
879.9990000000107,0.1142677218,0.08012504763719944,-0.03414267416280056
949.9990000000107,0.1144448668,0.08012588304959498,-0.03431898375040503
1029.9990000000107,0.1146568358,0.08012681367121413,-0.034530022128785864
1099.9990000000107,0.1147717237,0.08012761105370239,-0.0346441126462976
1169.9990000000107,0.1149229258,0.08012839421249782,-0.03479453158750219
1249.9990000000107,0.115021497,0.08012927148710768,-0.034892225512892325
1319.9990000000107,0.1151504666,0.08013002850444284,-0.03502043809555716
1399.9990000000107,0.1152082831,0.08013087903365328,-0.035077404066346726
1469.9990000000107,0.1152987182,0.08013161447728694,-0.03516710372271306
1549.9990000000107,0.1153202057,0.08013244295976768,-0.03518776274023232
1619.9990000000107,0.1153557897,0.08013316059951918,-0.03522262910048082
1689.9990000000107,0.1154150814,0.08013387137662543,-0.03528121002337456
1769.9990000000107,0.1153780222,0.08013467429568244,-0.03524334790431756
1839.9990000000107,0.1153928488,0.08013537133405456,-0.035257477465945444
1919.9990000000107,0.1154143363,0.0801361610473016,-0.0352781752526984
1989.9990000000107,0.1153913587,0.08013684671113033,-0.03525451198886967
2069.9990000000107,0.1153305918,0.08013762370015812,-0.03519296809984189
2139.9990000000107,0.1152809262,0.08013829960139611,-0.035142626598603885
2209.9990000000107,0.1152720302,0.08013897159439747,-0.035133058605602535
2289.9990000000107,0.115261659,0.08013973532747594,-0.035121923672524064
2359.9990000000107,0.115189746,0.08014039935325971,-0.03504934664674028
2439.9990000000107,0.1151297092,0.08014115421566756,-0.03498855498433244
2509.9990000000107,0.1151059866,0.08014181223461558,-0.03496417436538442
2589.9990000000107,0.1150163114,0.08014255989935937,-0.034873751500640635
2659.9990000000107,0.1149673909,0.08014321185115761,-0.034824179048842385
2729.9990000000107,0.1149132848,0.08014386138108166,-0.03476942341891834
2809.9990000000107,0.1148406565,0.08014460080591489,-0.03469605569408511
2879.9990000000107,0.1148213744,0.08014524608414128,-0.034676128315858715
2959.9990000000107,0.1147628278,0.08014598069220233,-0.034616847107797666
3029.9990000000107,0.1146894544,0.08014662135883359,-0.03454283304116641
3109.9990000000107,0.1146620214,0.08014735210500068,-0.034514669294999314
3179.9990000000107,0.114623487,0.08014798954120858,-0.034475497458791415
3249.9990000000107,0.1145397276,0.08014862518962178,-0.034391102410378224
3329.9990000000107,0.114473775,0.0801493502074402,-0.0343244247925598
3399.9990000000107,0.114447087,0.08014998362783261,-0.03429710337216739
3479.9990000000107,0.1143655628,0.08015070511236147,-0.03421485768763853
3549.9990000000107,0.1143084913,0.08015133566495895,-0.03415715563504104
3629.9990000000107,0.1142365932,0.08015205463825986,-0.03408453856174014
3699.9990000000107,0.1142180562,0.08015268324215545,-0.03406537295784455
3769.9990000000107,0.1141602546,0.08015331049158475,-0.034006944108415246
3849.9990000000107,0.1141128093,0.08015402641203588,-0.033958782887964126
3919.9990000000107,0.1140720546,0.08015465190219516,-0.03391740269780484
3999.9990000000107,0.1140201688,0.08015536566893212,-0.03386480313106788
4069.9990000000107,0.1139653176,0.08015598935350068,-0.03380932824649932
4149.999000000011,0.1139408648,0.0801567018803023,-0.0337841629196977
4219.999000000011,0.1138956398,0.08015732430057441,-0.03373831549942559
4289.999000000011,0.1138481945,0.08015794611637984,-0.033690248383620156
4369.999000000011,0.1138304174,0.08015865633190539,-0.03367176106809461
4439.999000000011,0.1137837172,0.08015927694246984,-0.033624440257530155
4519.999000000011,0.1137036681,0.08015998508189717,-0.03354368301810283
4589.999000000011,0.1136777252,0.08016060461159505,-0.03351712058840495
4669.999000000011,0.1136399359,0.0801613122650565,-0.0334786236349435
4739.999000000011,0.1135991663,0.08016193070375581,-0.03343723559624419
4809.999000000011,0.1135917455,0.08016254926582159,-0.03342919623417841
4889.999000000011,0.1135361642,0.08016325497724797,-0.03337290922275203
4959.999000000011,0.11349985,0.08016387247507174,-0.033335977524928256
5039.999000000011,0.1134605706,0.08016457739449963,-0.03329599320550038
5109.999000000011,0.1134338826,0.08016519421340665,-0.033268688386593345
5189.999000000011,0.1134071946,0.08016589866139776,-0.03324129593860224
5259.999000000011,0.1133560538,0.08016651442395788,-0.03318953937604212
5339.999000000011,0.1133345664,0.0801672180523512,-0.0331673483476488
5409.999000000011,0.1133100986,0.0801678336210377,-0.033142264978962305
5479.999000000011,0.113252297,0.08016844807850862,-0.03308384892149138
5559.999000000011,0.1132396907,0.08016915110574241,-0.0330705395942576
5629.999000000011,0.1132218987,0.0801697658614516,-0.03305213283854841
5709.999000000011,0.1131351888,0.08017046737571591,-0.03296472142428408
5779.999000000011,0.1131737232,0.08017108163401822,-0.03300264156598179
5859.999000000011,0.1131248176,0.08017178353040237,-0.032953034069597625
5929.999000000011,0.1130936742,0.08017239703833956,-0.032921277161660434
5999.999000000011,0.1130469888,0.0801730099334088,-0.0328739788665912
6079.999000000011,0.1130462438,0.08017371104499812,-0.032872532755001876
6149.999000000011,0.1129906625,0.0801743241568221,-0.0328163383431779
6229.999000000011,0.1129587889,0.08017502453470836,-0.03278376436529164
6299.999000000011,0.1129402518,0.0801756369302545,-0.032764614869745495
6379.999000000011,0.1129321009,0.08017633719436033,-0.032755763705639665
6449.999000000011,0.1128928214,0.0801769490358377,-0.03271587236416229
6519.999000000011,0.1128579825,0.08017756107819657,-0.03268042142180343
6599.999000000011,0.1128402054,0.0801782605048867,-0.0326619448951133
6669.999000000011,0.1127994359,0.0801788720332652,-0.0326205638667348
6750.0,0.1127860993,0.08017957115510055,-0.03260652814489945
6820.0,0.1127645969,0.08018018274891095,-0.03258441415108905
6900.0,0.1127445847,0.08018088113010614,-0.032563703569893854
6970.0,0.112756446,0.08018149265501893,-0.03257495334498106
7040.0,0.1127134562,0.08018210354879458,-0.03253135265120542
7120.0,0.1127171665,0.08018280210804697,-0.03253436439195302
7190.0,0.112694934,0.08018341284176705,-0.03251152115823294
7270.0,0.1126845479,0.08018411084163839,-0.032500437058361614
7340.0,0.1126712114,0.08018472145264126,-0.03248648994735874
7420.0,0.112604484,0.0801854185964091,-0.03241906540359091
7490.0,0.1126393378,0.08018602941306749,-0.032453308386932514
7560.0,0.1126185805,0.08018663952755684,-0.03243194097244316
7640.0,0.1125896722,0.08018733647545061,-0.0324023357245494
7710.0,0.1125540882,0.08018794602221987,-0.032366142177780124
7790.0,0.1125466824,0.08018864294617255,-0.03235803945382745
7860.0,0.1125496477,0.08018925302002068,-0.032360394679979324
7940.0,0.1125370413,0.08018994981879657,-0.03234709148120343
8010.0,0.1124962717,0.08019055885881796,-0.03230571284118204
8080.0,0.1124992371,0.08019116846618699,-0.03230806863381301
8160.0,0.1124836802,0.08019186406415063,-0.032291816135849374
8230.0,0.1124940515,0.08019247339755724,-0.03230157810244276
8310.0,0.1124681085,0.08019316940009369,-0.03227493909990631
8380.0,0.1124414355,0.08019377823635729,-0.03224765726364272
8460.0,0.1124480963,0.08019447414406364,-0.03225362215593636
8530.0,0.1124110371,0.08019508253375342,-0.03221595456624658
8600.0,0.1124214232,0.08019569133702291,-0.032225731862977086
8680.0,0.1124021411,0.08019638669098719,-0.03220575440901281
8750.0,0.1124103069,0.08019699509917513,-0.03221331180082487
8830.0,0.1123591661,0.08019768982119603,-0.032161476278803974
8900.0,0.1123680472,0.08019829789721364,-0.03216974930278636
8980.0,0.1123717576,0.08019899318229044,-0.032172764417709554
9050.0,0.1123673171,0.08019960119425845,-0.03216771590574155
9120.0,0.1123465598,0.08020020895070876,-0.03214635084929124
9200.0,0.1123191416,0.08020090317216981,-0.032118238427830195
9270.0,0.1123228371,0.08020151102648229,-0.03212132607351771
9350.0,0.1123117208,0.08020220549622409,-0.03210951530377591
9420.0,0.1123013496,0.08020281277672539,-0.03209853682327461
9500.0,0.1122761518,0.08020350693290634,-0.03207264486709366
9570.0,0.1122843027,0.08020411430550116,-0.032080188394498846
9640.0,0.1122309417,0.0802047208215502,-0.03202622087844981
9720.0,0.112233907,0.08020541488140547,-0.03202849211859453
9790.0,0.1122131497,0.08020602192170048,-0.03200712777829952
9870.0,0.1121990681,0.08020671518266043,-0.03199235291733957
9940.0,0.1121746004,0.08020732195917611,-0.03196727844082389
10020.0,0.1121560782,0.08020801512149854,-0.031948063078501454
10090.0,0.1121405065,0.08020862135663963,-0.03193188514336037
10170.0,0.1121575534,0.08020931477581972,-0.03194823862418028
10240.0,0.1121464372,0.0802099208507639,-0.03193651634923611
10310.0,0.1121419966,0.0802105273788786,-0.0319314692211214
10390.0,0.1121056825,0.08021121975885835,-0.031894462741141646
10460.0,0.1121204942,0.0802118260825004,-0.03190866811749961
10540.0,0.1121027172,0.08021251842348907,-0.03189019877651092
10610.0,0.1120723188,0.08021312391755926,-0.03185919488244074
10690.0,0.1120626926,0.0802138161018525,-0.031848876498147494
10760.0,0.1120797396,0.0802144222371202,-0.0318653173628798
10830.0,0.1120500863,0.08021502737122213,-0.03183505892877787
10910.0,0.1120560169,0.08021571930890489,-0.03184029759109511
10980.0,0.1120411903,0.08021632458420828,-0.03182486571579171
11060.0,0.11203897,0.08021701634168456,-0.031821953658315444
11130.0,0.1120241433,0.08021762155627285,-0.031806521743727154
11210.0,0.1120115519,0.0802183129595066,-0.03179323894049341
11280.0,0.1119848639,0.08021891756855358,-0.031765946331446415
11350.0,0.1119915396,0.08021952228723159,-0.03177201731276841
11430.0,0.1119907945,0.0802202137703605,-0.03177058072963951
11500.0,0.1119641066,0.08022081801818286,-0.031743288581817145
11580.0,0.1119863391,0.0802215092095142,-0.031764829890485805
11650.0,0.1119633764,0.08022211343828443,-0.03174126296171556
11730.0,0.111977458,0.08022280446079333,-0.03175465353920667
11800.0,0.111968562,0.08022340876377286,-0.03174515323622713
11870.0,0.1119396538,0.08022401256366742,-0.03171564123633258
11950.0,0.1119433641,0.08022470308850425,-0.031718661011495744
12020.0,0.1119211167,0.08022530667077057,-0.03169581002922943
12100.0,0.1119351983,0.08022599714244015,-0.031709201157559846
12170.0,0.1119344682,0.0802266009470455,-0.03170786725295449
12250.0,0.1119114906,0.0802272907302325,-0.03168419986976749
12320.0,0.111906305,0.08022789428114484,-0.03167841071885516
12390.0,0.1119300127,0.08022849808580113,-0.03170151461419887
12470.0,0.1118781418,0.08022918706530875,-0.031648954734691245
12540.0,0.111906305,0.08022979071546532,-0.031676514284534676
12620.0,0.1118685007,0.08023047963587729,-0.03163802106412271
12690.0,0.111879617,0.08023108284858396,-0.03164853415141604
12770.0,0.1118677557,0.0802317720174998,-0.0316359836825002
12840.0,0.1118877679,0.0802323751449263,-0.0316553927550737
12910.0,0.1118581295,0.08023297762444458,-0.031625151875555424
12990.0,0.111879617,0.08023366686099373,-0.03164595013900627
13060.0,0.1118729413,0.08023426934726771,-0.03163867195273229
13140.0,0.1118314415,0.08023495757752731,-0.03159648392247269
13210.0,0.1118551642,0.08023556027918538,-0.031619603920814615
13290.0,0.1118558943,0.0802362487756856,-0.0316196455243144
13360.0,0.1118299514,0.08023685070120241,-0.03159310069879759
13430.0,0.1118136495,0.08023745248041188,-0.03157619701958812
13510.0,0.1118403375,0.08023814100175111,-0.031602196498248886
13580.0,0.1118284762,0.08023874273716489,-0.03158973346283511
13660.0,0.1118255109,0.08023943055373405,-0.03158608034626595
13730.0,0.1117988229,0.08024003211861105,-0.03155879078138894
13810.0,0.1118306965,0.08024071985249269,-0.031589976647507303
13880.0,0.1117832661,0.08024132107603141,-0.03154194502396859
13950.0,0.1118017882,0.0802419225625906,-0.031559865637409396
14030.0,0.1118084639,0.08024261000771951,-0.03156585389228049
14100.0,0.1117669642,0.0802432108896649,-0.03152375331033509
14180.0,0.1117751151,0.08024389788902446,-0.03153121721097554
14250.0,0.1117906719,0.08024449908945387,-0.03154617281054613
14330.0,0.1117610335,0.08024518582372427,-0.03151584767627573
14400.0,0.1117551029,0.08024578647458096,-0.03150931642541904
14470.0,0.1117980927,0.08024638775441477,-0.031551704945585235
14550.0,0.1117810458,0.08024707425119518,-0.03153397154880483
14620.0,0.1117536128,0.08024767428612282,-0.031505938513877174
14700.0,0.1117810458,0.08024836091234996,-0.03153268488765004
14770.0,0.1117840111,0.08024896136517543,-0.03153504973482457
14850.0,0.1117758453,0.0802496474804634,-0.0315261978195366
14920.0,0.1117654741,0.08025024752684318,-0.03151522657315682
15000.0,0.1117261946,0.08025093285129202,-0.031475261748707975
15070.0,0.1117254496,0.08025153273214858,-0.03147391686785142
15140.0,0.1117380559,0.08025213272048476,-0.031485923179515235
15220.0,0.1117899418,0.08025281874323548,-0.031537123056764524
15290.0,0.1117943823,0.08025341853003003,-0.03154096376996997
15370.0,0.1117699295,0.08025410355205331,-0.03151582594794669
15440.0,0.1117462069,0.08025470264392681,-0.031491504256073194
15520.0,0.1117587984,0.080255387989271,-0.031503410410729
15590.0,0.1117625087,0.08025598730552064,-0.03150652139447936
15660.0,0.1117424965,0.08025658633969031,-0.03148591016030969
15740.0,0.1117491722,0.08025727124117533,-0.03149190095882466
15810.0,0.1117669642,0.0802578704937672,-0.031509093706232796
15890.0,0.1117091477,0.08025855435814121,-0.03145059334185879
15960.0,0.1117187887,0.08025915315141459,-0.03145963554858541
16040.0,0.1117180437,0.08025983739726868,-0.03145820630273133
16110.0,0.1117380559,0.08026043618578564,-0.03147761971421435
16180.0,0.1117484272,0.08026103494671619,-0.031487392253283814
16260.0,0.1117150784,0.08026171850404813,-0.03145335989595187
16330.0,0.111721009,0.08026231687471465,-0.03145869212528535
16410.0,0.1117187887,0.08026300078869786,-0.031455787911302144
16480.0,0.1117469519,0.08026359911201487,-0.03148335278798513
16560.0,0.111729905,0.08026428245057114,-0.03146562254942886
16630.0,0.1117476821,0.08026488068637455,-0.031482801413625444
16700.0,0.1117417514,0.08026547862786088,-0.03147627277213913
16780.0,0.1117046922,0.08026616113880651,-0.031438531061193487
16850.0,0.1117054373,0.08026675886761517,-0.031438678432384834
16930.0,0.111729905,0.08026744238100665,-0.03146246261899335
17000.0,0.1117350906,0.08026803986104673,-0.03146705073895327
17080.0,0.1117284149,0.0802687225623229,-0.031459692337677106
17150.0,0.111702472,0.08026931940368917,-0.031433152596310826
17220.00100000002,0.111721009,0.08026991671235298,-0.03145109228764702
17300.00100000002,0.1117165536,0.08027059919282846,-0.031445954407171545
17370.00100000002,0.1117269397,0.08027119632348557,-0.031455743376514425
17450.00100000002,0.1116995066,0.0802718781126069,-0.0314276284873931
17520.00100000002,0.1117432415,0.08027247546857794,-0.03147076603142207
17600.00100000002,0.1117387861,0.0802731574258506,-0.0314656286741494
17670.00100000002,0.1116913557,0.08027375354604548,-0.03141760215395452
17740.00100000002,0.1117084026,0.08027435032937551,-0.0314340522706245
17820.00100000002,0.1116972864,0.08027503175127225,-0.03142225464872775
17890.00100000002,0.1116980314,0.08027562808911401,-0.031422403310885985
17970.00100000002,0.1117313802,0.08027630992899559,-0.0314550702710044
18040.00100000002,0.1116972864,0.0802769055922392,-0.0314203808077608
18120.00100000002,0.1117402762,0.08027758727774724,-0.03146268892225276
18190.00100000002,0.1117098927,0.080278182869849,-0.03143170983015099
18260.00100000002,0.1117276698,0.08027877919922441,-0.03144889060077559
18340.00100000002,0.111720264,0.08027945972214572,-0.031440804277854284
18410.00100000002,0.1117269397,0.08028005568220015,-0.03144688401779985
18490.00100000002,0.1117076576,0.08028073599442401,-0.03142692160557599
18560.00100000002,0.1117387861,0.08028133175217772,-0.03145745434782228
18640.00100000002,0.1117158234,0.08028201193050762,-0.03143381146949238
18710.00100000002,0.111729905,0.0802826073784685,-0.031447297621531506
18780.00100000002,0.1117336005,0.0802832026467455,-0.0314503978532545
18860.00100000002,0.1117106229,0.08028388242986696,-0.03142674047013304
18930.00100000002,0.1117454618,0.08028447773614876,-0.03146098406385124
19010.00100000002,0.1117476821,0.08028515774998736,-0.031462524350012636
19080.00100000002,0.1117573231,0.08028575255871237,-0.03147157054128763
19160.00100000002,0.111720264,0.08028643177725601,-0.031433832222743985
19230.00100000002,0.1117536128,0.08028702677635877,-0.03146658602364123
19300.00100000002,0.1117676944,0.08028762145523938,-0.03148007294476063
19380.00100000002,0.1117565781,0.08028830081587335,-0.031468277284126656
19450.00100000002,0.1117373109,0.08028889480344459,-0.03144841609655541
19530.00100000002,0.1117684394,0.08028957437020577,-0.03147886502979423
19600.00100000002,0.1117350906,0.08029016799976538,-0.031444922600234626
19680.00100000002,0.1117343456,0.08029084682323999,-0.03144349877676002
19750.00100000002,0.1117684394,0.0802914411682204,-0.0314769982317796
19830.00100000002,0.1117373109,0.08029211961137582,-0.03144519128862418
19900.00100000002,0.1117336005,0.08029271332025872,-0.03144088717974128
19970.00100000002,0.1117417514,0.0802933072491992,-0.03144844415080081
20050.00100000002,0.1117587984,0.08029398567927092,-0.03146481272072908
20120.00100000002,0.1117350906,0.08029457886909148,-0.03144051173090852
20200.00100000002,0.1117484272,0.0802952568284547,-0.0314531703715453
20270.00100000002,0.1117617637,0.08029585053499418,-0.03146591316500583
20350.00100000002,0.1117462069,0.08029652806172306,-0.03144967883827694
20420.00100000002,0.1117676944,0.08029712139365659,-0.031470573006343414
20490.00100000002,0.1117639989,0.08029771434657285,-0.03146628455342715
20570.00100000002,0.1117610335,0.08029839173003249,-0.031462641769967506
20640.00100000002,0.1117928922,0.08029898500207258,-0.03149390719792741
20720.00100000002,0.1117973477,0.0802996624432411,-0.03149768525675889
20790.00100000002,0.1117617637,0.08030025453801733,-0.031461509161982676
20870.00100000002,0.1117758453,0.08030093173842638,-0.031474913561573614
20940.00100000002,0.1117847413,0.08030152441691076,-0.03148321688308925
21010.00100000002,0.1118017882,0.08030211668083823,-0.031499671519161776
21090.00100000002,0.1117840111,0.08030279327326853,-0.03148121782673147
21160.00100000002,0.1117884517,0.08030338538051668,-0.03148506631948332
21240.00100000002,0.111800313,0.08030406210117874,-0.03149625089882126
21310.00100000002,0.1118314415,0.08030465438821918,-0.03152678711178082
21390.00100000002,0.1118284762,0.08030533097109711,-0.031523145228902885
21460.00100000002,0.1118306965,0.08030592247191036,-0.03152477402808963
21530.00100000002,0.1118203253,0.08030651416693986,-0.031513811133060135
21610.00100000002,0.1118195802,0.08030719012983703,-0.031512390070162974
21680.00100000002,0.1118299514,0.08030778171866382,-0.031522169681336185
21760.00100000002,0.1118433028,0.08030845765861017,-0.031534845141389836
21830.00100000002,0.1118418127,0.08030904893129627,-0.03153276376870373
21910.00100000002,0.1118351519,0.08030972439910011,-0.031525427500899886
21980.00100000002,0.1118388474,0.08031031535196355,-0.03152853204803645
22050.00100000002,0.111871466,0.0803109068522733,-0.03156055914772671
22130.00100000002,0.1118670106,0.08031158214473164,-0.03155542845526836
22200.00100000002,0.111861825,0.08031217270748178,-0.031549652292518215
22280.00100000002,0.1118677557,0.08031284779388391,-0.03155490790611609
22350.00100000002,0.1118833274,0.08031343849851032,-0.03156988890148968
22430.00100000002,0.1118699759,0.08031411329905408,-0.03155586260094592
22500.00100000002,0.1118492335,0.0803147033506516,-0.0315345301493484
22570.00100000002,0.111888513,0.08031529415625836,-0.03157321884374163
22650.00100000002,0.111879617,0.0803159685689553,-0.0315636484310447
22720.00100000002,0.1118766516,0.08031655849667291,-0.031560093103327094
22800.00100000002,0.1118899882,0.0803172331823995,-0.0315727550176005
22870.00100000002,0.1119025946,0.08031782316777432,-0.03158477143222568
22950.00100000002,0.1119218618,0.0803184974760808,-0.03160336432391919
23020.00100000002,0.1119277924,0.0803190870960145,-0.031608705303985504
23090.00100000002,0.1119255722,0.08031967668447325,-0.031605895515526755
23170.00100000002,0.1119203866,0.08032035042101246,-0.031600036178987545
23240.00100000002,0.1119470596,0.08032094035876423,-0.03162611924123576
23320.00100000002,0.1119337231,0.08032161366996415,-0.03161210943003584
23390.00100000002,0.1119448394,0.08032220286990727,-0.03162263653009273
23470.00100000002,0.1119841188,0.08032287673287482,-0.031661242067125187
23540.00100000002,0.1119648516,0.08032346534696747,-0.03164138625303253
23610.00100000002,0.1119937599,0.0803240547630793,-0.0316697051369207
23690.00100000002,0.1119767129,0.08032472758167933,-0.03165198531832067
23760.00100000002,0.1119804233,0.08032531621623988,-0.031655107083760126
23840.00100000002,0.1120115519,0.08032598939751022,-0.031685562502489786
23910.00100000002,0.1120256335,0.08032657819081522,-0.03169905530918478
23990.00100000002,0.1120034009,0.08032725035407448,-0.03167615054592551
24060.00100000002,0.1120137721,0.08032783882484985,-0.03168593327515015
24130.00100000002,0.1120523065,0.08032842759865944,-0.03172387890134057
24210.00100000002,0.1120174825,0.0803290993580414,-0.0316883831419586
24280.00100000002,0.1120508313,0.08032968784914161,-0.031721143450858386
24360.00100000002,0.1120367497,0.08033035967241114,-0.03170639002758885
24430.00100000002,0.1120530516,0.08033094768603209,-0.0317221039139679
24510.00100000002,0.1120797396,0.08033161985572232,-0.031748119744277686
24580.00100000002,0.1120678782,0.08033220737099869,-0.031735670829001306
24650.00100000002,0.1120967865,0.08033279529742407,-0.031763991202575934
24730.00100000002,0.1120723188,0.0803334665559918,-0.0317388522440082
24800.00100000002,0.1121219844,0.08033405450043367,-0.03178792989956633
24880.00100000002,0.1120945513,0.0803347254760323,-0.03175982582396769
24950.00100000002,0.1121382862,0.0803353133283756,-0.03180297287162441
25030.00100000002,0.1121316105,0.08033598423443855,-0.031795626265561455
25100.00100000002,0.112127915,0.08033657115880519,-0.03179134384119481
25180.00100000002,0.1121264249,0.08033724190693851,-0.03178918299306148
25250.00100000002,0.1121657044,0.08033782921687051,-0.03182787518312949
25320.00100000002,0.1121545881,0.08033841598178072,-0.03181617211821927
25400.00100000002,0.1121820211,0.0803390866332552,-0.0318429344667448
25470.00100000002,0.1121909171,0.08033967328100962,-0.03185124381899038
25550.00100000002,0.1122138947,0.0803403437172113,-0.0318735509827887
25620.00100000002,0.1122272313,0.08034093023843435,-0.03188630106156565
25700.00100000002,0.1121998131,0.08034159980852199,-0.03185821329147802
25770.00100000002,0.1122487187,0.08034218645446967,-0.031906532245530334
25840.00100000002,0.1122450233,0.08034277278628214,-0.03190225051371785
25920.00100000002,0.112259835,0.08034344254964822,-0.031916392450351785
25990.00100000002,0.1122613251,0.08034402837563738,-0.03191729672436262
26070.00100000002,0.1122850478,0.0803446981517657,-0.03194034964823429
26140.00100000002,0.1122843027,0.08034528379360227,-0.031939018906397734
26220.00100000002,0.112295419,0.08034595329283274,-0.03194946570716725
26290.00100000002,0.1123020947,0.08034653882993081,-0.03195555587006918
26360.00100000002,0.1123161763,0.08034712447883545,-0.03196905182116455
26440.00100000002,0.1123324782,0.08034779347204386,-0.03198468472795614
26510.00100000002,0.1123421192,0.08034837887440174,-0.03199374032559826
26590.00100000002,0.1123606414,0.0803490479596911,-0.032011593440308905
26660.00100000002,0.1123806536,0.08034963318322307,-0.03203102041677694
26740.00100000002,0.1123739779,0.08035030154804675,-0.03202367635195326
26810.00100000002,0.1123806536,0.08035088655955608,-0.03202976704044393
26880.00100000002,0.1124014109,0.08035147140662403,-0.032049939493375965
26960.00100000002,0.1124340147,0.08035214007271185,-0.03208187462728815
27030.00100000002,0.1124154925,0.08035272437818632,-0.03206276812181369
27110.00100000002,0.1124243885,0.08035339236187428,-0.032070996138125724
27180.00100000002,0.1124584824,0.08035397713904349,-0.03210450526095651
27260.00100000002,0.1124429107,0.08035464471032147,-0.032088265989678524
27330.00100000002,0.1124896109,0.08035522932642705,-0.03213438157357294
27400.00100000002,0.1124873757,0.08035581351321382,-0.032131562186786186
27480.00100000002,0.1124918312,0.08035648100403839,-0.032135350195961615
27550.00100000002,0.1125066578,0.08035706500090586,-0.03214959279909414
27630.00100000002,0.1125274003,0.08035773250780229,-0.03216966779219771
27700.00100000002,0.1125489026,0.08035831621491892,-0.032190586385081085
27780.00100000002,0.1125489026,0.08035898334629683,-0.03218991925370317
27850.00100000002,0.1125629842,0.0803595669949386,-0.032203417205061396
27920.00100000002,0.1125985533,0.08036015077250826,-0.032238402527491744
28000.00100000002,0.112614885,0.08036081784995339,-0.03225406715004661
28070.00100000002,0.1126296967,0.08036140121953576,-0.03226829548046424
28150.00100000002,0.1126482338,0.0803620678045216,-0.0322861659954784
28220.00100000002,0.1126474887,0.08036265098386998,-0.03228483771613003
28300.00100000002,0.1126534194,0.08036331736477963,-0.03229010203522037
28370.00100000002,0.1126801074,0.08036390040778921,-0.0323162069922108
28440.00100000002,0.1127023399,0.08036448342978447,-0.03233785647021553
28520.00100000002,0.1126934439,0.08036514919623025,-0.032328294703769744
28590.00100000002,0.1127119809,0.08036573183531694,-0.03234624906468306
28670.00100000002,0.1127193868,0.08036639773444512,-0.03235298906555488
28740.00100000002,0.1127201319,0.08036698020058122,-0.03235315169941878
28820.00100000002,0.1127860993,0.08036764633290316,-0.032418452967096834
28890.00100000002,0.1127883196,0.08036822849393119,-0.03242009110606882
28960.00100000002,0.112783134,0.08036881066986136,-0.032414323330138634
29040.00100000002,0.1128231585,0.08036947634316445,-0.032453682156835556
29110.00100000002,0.1127986908,0.08037005787928735,-0.03242863292071266
29190.00100000002,0.1128483564,0.08037072341388408,-0.03247763298611592
29260.00100000002,0.1128676236,0.08037130533200253,-0.03249631826799747
29340.00100000002,0.1128676236,0.08037196973062302,-0.03249565386937697
29410.00100000002,0.1129031926,0.08037255189486024,-0.03253064070513975
29480.00100000002,0.1128817052,0.0803731330810086,-0.0325085721189914
29560.00100000002,0.112897262,0.08037379759217884,-0.032523464407821154
29630.00100000002,0.1129195094,0.08037437919367933,-0.032545130206320674
29710.00100000002,0.1129506379,0.08037504366550233,-0.03257559423449767
29780.00100000002,0.1129550785,0.08037562466618471,-0.03257945383381529
29860.00100000002,0.1129632294,0.08037628870011114,-0.032586940699888864
29930.00100000002,0.112985462,0.08037687001783969,-0.032608591982160304
30010.00100000002,0.1130432785,0.08037753407517911,-0.03266574442482088
30080.00100000002,0.1130521744,0.08037811492521758,-0.03267405947478241
30150.00100000002,0.1130632907,0.08037869561547538,-0.03268459508452462
30230.00100000002,0.1130603254,0.08037935920997655,-0.03268096619002345
30300.00100000002,0.1130973846,0.08037993990863344,-0.03271744469136656
30380.00100000002,0.11310184,0.08038060330756706,-0.03272123669243293
30450.00100000002,0.1131292582,0.08038118376891343,-0.03274807443108657
30530.00100000002,0.1131463051,0.08038184676571004,-0.03276445833428995
30600.00100000002,0.1131492704,0.08038242710576908,-0.03276684329423092
30670.00100000002,0.113144815,0.0803830067726064,-0.03276180822739359
30750.00100000002,0.1132218987,0.08038367018382409,-0.03283822851617592
30820.00100000002,0.1132233888,0.08038425006036676,-0.03283913873963325
30900.00100000002,0.1132493317,0.0803849129332415,-0.032864418766758496
30970.00100000002,0.113252297,0.08038549237563038,-0.032866804624369625
31050.00100000002,0.1132589579,0.08038615462093045,-0.03287280327906955
31120.00100000002,0.1132982522,0.080386734658204,-0.032911517541796
31190.00100000002,0.1133241802,0.08038731420451349,-0.03293686599548651
31270.00100000002,0.1133427173,0.08038797613970176,-0.03295474116029824
31340.00100000002,0.1133605093,0.08038855566135657,-0.03297195363864343
31420.00100000002,0.1133997887,0.08038921766105889,-0.03301057103894112
31490.00100000002,0.1133760661,0.08038979626609671,-0.03298626983390329
31570.00100000002,0.1134027541,0.08039045805086298,-0.033012296049137024
31640.00100000002,0.1134487092,0.08039103734002512,-0.03305767185997488
31710.00100000002,0.1134538949,0.08039161574579265,-0.033062279154207355
31790.00100000002,0.1134672314,0.08039227714033406,-0.03307495425966593
31860.00100000002,0.1135042906,0.08039285599866028,-0.03311143460133972
31940.00100000002,0.1135028154,0.08039351689579291,-0.03310929850420709
32010.00100000002,0.1135146767,0.08039409518795748,-0.033120581512042516
32090.00100000002,0.1135746986,0.08039475667823531,-0.03317994192176468
32160.00100000002,0.1136013865,0.08039533479938527,-0.03320605170061473
32230.00100000002,0.1136073172,0.08039591276146543,-0.03321140443853457
32310.00100000002,0.1136443764,0.08039657361083676,-0.03324780278916324
32380.00100000002,0.1136532724,0.08039715154506091,-0.03325612085493909
32460.00100000002,0.113694042,0.08039781220894097,-0.03329622979105902
32530.00100000002,0.1136925519,0.08039838982161285,-0.033294162078387146
32610.00100000002,0.1137222052,0.08039904985700314,-0.03332315534299686
32680.00100000002,0.1137303561,0.08039962746604434,-0.033330728633955656
32750.00100000002,0.1137622297,0.08040020503045085,-0.03336202466954914
32830.00100000002,0.1137688905,0.08040086481575415,-0.03336802568424585
32900.00100000002,0.1137918681,0.08040144194198391,-0.03339042615801609
32980.00100000002,0.1138378233,0.08040210187415282,-0.03343572142584718
33050.00100000002,0.1138630211,0.08040267902329282,-0.033460342076707186
33130.00100000002,0.1138852537,0.08040333860436435,-0.03348191509563564
33200.00100000002,0.1139327139,0.08040391584992942,-0.03352879805007057
33270.00100000002,0.1139438301,0.0804044927704317,-0.033539337329568306
33350.00100000002,0.113969028,0.08040515167498605,-0.03356387632501395
33420.00100000002,0.1139890403,0.080405728560908,-0.033583311739092
33500.00100000002,0.1140149832,0.08040638755059257,-0.033608595649407436
33570.00100000002,0.1140357256,0.08040696406900948,-0.03362876153099052
33650.00100000002,0.114066124,0.08040762280648608,-0.03365850119351392
33720.00100000002,0.1140950322,0.08040819909938546,-0.033686833100614544
33790.00100000002,0.1141068786,0.08040877530062919,-0.03369810329937081
33870.00100000002,0.1141320914,0.08040943370936691,-0.03372265769063308
33940.00100000002,0.1141572893,0.08041000968664373,-0.033747279613356274
34020.00100000002,0.1141795218,0.08041066787027812,-0.033768853929721884
34090.00100000002,0.1142158359,0.08041124383581266,-0.033804592064187344
34170.00100000002,0.1142395586,0.08041190179657814,-0.033827656803421854
34240.00100000002,0.1142751276,0.08041247749294793,-0.03386265010705207
34310.00100000002,0.1142840236,0.08041305307714772,-0.03387097052285229
34390.00100000002,0.1143225729,0.08041371062423522,-0.033908862275764784
34460.00100000002,0.1143685281,0.08041428639683425,-0.03395424170316576
34540.00100000002,0.1143633276,0.08041494346487607,-0.033948384135123924
34610.00100000002,0.1144085526,0.08041551900649993,-0.033993033593500074
34690.00100000002,0.1144493073,0.08041617631473819,-0.03403313098526181
34760.00100000002,0.114464134,0.08041675117549474,-0.03404738282450526
34840.00100000002,0.1145026684,0.0804174083526302,-0.034085260047369795
34910.00100000002,0.1145249158,0.08041798314070044,-0.034106932659299566
34980.00100000002,0.1145501137,0.08041855798360288,-0.034131555716397116
35060.00100000002,0.1145456582,0.08041921428377903,-0.034126443916220967
35130.00100000002,0.1145856827,0.08041978888576655,-0.03416589381423345
35210.00100000002,0.1146338582,0.08042044561251487,-0.03421341258748513
35280.00100000002,0.11469464,0.08042102030474345,-0.03427361969525655
35360.00100000002,0.1147065014,0.08042167640469401,-0.03428482499530598
35430.00100000002,0.1147331744,0.08042225053245773,-0.03431092386754227
35500.00100000002,0.1147695035,0.08042282475053512,-0.03434667874946487
35580.00100000002,0.114782095,0.08042348043454528,-0.03435861456545472
35650.00100000002,0.1148176789,0.08042405440593829,-0.034393624494061706
35730.00100000002,0.1148584336,0.08042471034504677,-0.03443372325495324
35800.00100000002,0.1148791909,0.08042528408632517,-0.03445390681367483
35880.00100000002,0.1149095744,0.080425939524252,-0.034483634875748
35950.00100000002,0.1149495989,0.08042651326639481,-0.03452308563360519
36020.00100000002,0.1149748117,0.08042708656070494,-0.03454772513929506
36100.00100000002,0.1150044501,0.08042774182106559,-0.034576708278934415
36170.00100000002,0.1150266826,0.0804283150234493,-0.0345983675765507
36250.00100000002,0.1150637418,0.08042897003652072,-0.034634771763479275
36320.00100000002,0.1150867194,0.0804295429532084,-0.0346571764467916
36400.00100000002,0.1151526868,0.08043019835422388,-0.03472248844577612
36470.00100000002,0.1151830703,0.08043077124848338,-0.03475229905151661
36540.00100000002,0.1152001172,0.08043134369632772,-0.03476877350367227
36620.00100000002,0.1152319908,0.08043199813561706,-0.03479999266438294
36690.00100000002,0.1152920425,0.08043257128232746,-0.034859471217672536
36770.00100000002,0.1152972281,0.08043322520449507,-0.034864002895504925
36840.00100000002,0.1153506041,0.08043379795847884,-0.034916806141521164
36920.00100000002,0.1153787673,0.08043445186014062,-0.03494431543985939
36990.00100000002,0.1154261976,0.08043502441233752,-0.03499117318766248
37060.00100000002,0.1154669672,0.08043559674458049,-0.035031370455419514
37140.00100000002,0.1154943854,0.08043625032263804,-0.035058135077361954
37210.00100000002,0.1155284792,0.08043682255269091,-0.035091656647309094
37290.00100000002,0.1155818403,0.08043747612809825,-0.035144364171901754
37360.00100000002,0.1155899912,0.08043804758719311,-0.035151943612806894
37440.00100000002,0.1156455874,0.08043870133863458,-0.03520688606136542
37510.00100000002,0.1156448424,0.08043927238175885,-0.03520557001824115
37580.00100000002,0.1157085896,0.08043984418613433,-0.03526874541386567
37660.00100000002,0.1157419384,0.08044049710807463,-0.03530144129192536
37730.00100000002,0.1157827079,0.08044106855610264,-0.03534163934389736
37810.00100000002,0.1158175319,0.08044172126397278,-0.035375810636027225
37880.00100000002,0.1158694178,0.08044229252554219,-0.03542712527445781
37960.00100000002,0.1158961058,0.08044294505173057,-0.03545316074826943
38030.00100000002,0.1159442812,0.08044351619252457,-0.03550076500747543
38100.00100000002,0.1159894913,0.08044408697267022,-0.03554540432732978
38180.00100000002,0.1160317361,0.0804447395503623,-0.035586996549637706
38250.00100000002,0.1160739809,0.08044531040485321,-0.035628670495146786
38330.00100000002,0.1160895526,0.08044596217233374,-0.035643590427666266
38400.00100000002,0.1161510646,0.08044653300159742,-0.03570453159840259
38480.00100000002,0.1161681116,0.08044718451909622,-0.03572092708090378
38550.00100000002,0.1162377894,0.0804477551832331,-0.035790034216766894
38620.00100000002,0.1162629873,0.08044832527702261,-0.03581466202297738
38700.00100000002,0.1163007915,0.08044897681508,-0.035851814684920005
38770.00100000002,0.1163504422,0.08044954698872459,-0.035900895211275416
38850.00100000002,0.1164090037,0.08045019858165395,-0.03595880511834605
38920.00100000002,0.1164527237,0.08045076849412092,-0.03600195520587908
39000.00100000002,0.1164660752,0.08045141918007814,-0.03601465601992186
39070.00100000002,0.1165357381,0.08045198937111044,-0.03608374872888956
39140.00100000002,0.116562441,0.08045255871878779,-0.036109882281212216
39220.00100000002,0.1166165471,0.08045320954963486,-0.03616333755036513
39290.00100000002,0.1166536063,0.0804537789313337,-0.03619982736866631
39370.00100000002,0.1166988164,0.0804544295505061,-0.036244386849493895
39440.00100000002,0.1167455018,0.08045499904979825,-0.03629050275020175
39520.00100000002,0.1167936921,0.08045564947373572,-0.03633804262626428
39590.00100000002,0.1168492734,0.08045621863244774,-0.03639305476755225
39670.00100000002,0.1168944836,0.08045686893406045,-0.03643761466593955
39740.00100000002,0.1169263572,0.08045743773787002,-0.036468919462129976
39810.00100000002,0.1169760078,0.08045800643900743,-0.03651800136099258
39890.00100000002,0.1170293838,0.08045865652410475,-0.03657072727589525
39960.00100000002,0.1170634776,0.08045922490205862,-0.036604252697941375
40040.00100000002,0.1171123981,0.08045987463701043,-0.03665252346298957
40110.00100000002,0.1171546429,0.08046044304639008,-0.036694199853609916
40190.00100000002,0.1172035635,0.08046109243031548,-0.03674247106968452
40260.00100000002,0.1172665507,0.080461661067964,-0.036804889632036
40330.00100000002,0.1173028797,0.08046222901816867,-0.03684065068183133
40410.00100000002,0.1173621714,0.08046287831617441,-0.0368992930838256
40480.00100000002,0.1174088567,0.08046344632429628,-0.036945410375703716
40560.00100000002,0.1174570322,0.0804640952149059,-0.03699293698509411
40630.00100000002,0.1175244898,0.08046466326535678,-0.03705982653464322
40710.00100000002,0.1175430119,0.08046531156816958,-0.037077700331830415
40780.00100000002,0.1175978631,0.0804658791515966,-0.037131983948403405
40850.00100000002,0.1176749468,0.0804664470009172,-0.037208499799082806
40930.00100000002,0.1177016348,0.08046709517432558,-0.03723453962567441
41000.00100000002,0.1177757531,0.08046766287187224,-0.03730809022812777
41080.00100000002,0.1178246737,0.08046831121627585,-0.03735636248372415
41150.00100000002,0.117863968,0.08046887815034813,-0.03739508984965187
41230.00100000002,0.1179151088,0.08046952589069092,-0.03744558290930908
41300.00100000002,0.1179995984,0.08047009356449004,-0.03752950483550996
41370.00100000002,0.1180040389,0.0804706598173317,-0.037533379082668294
41450.00100000002,0.1180633307,0.08047130755014523,-0.03759202314985477
41520.00100000002,0.1181241125,0.0804718742451831,-0.03765223825481691
41600.00100000002,0.1182063818,0.0804725222652619,-0.037733859534738096
41670.00100000002,0.1182271391,0.08047308828146768,-0.03775405081853232
41750.00100000002,0.1182945818,0.08047373563287188,-0.03782084616712812
41820.00100000002,0.1183568388,0.08047430206035544,-0.03788253673964456
41890.00100000002,0.1184257716,0.08047486872764435,-0.03795090287235564
41970.00100000002,0.1184776574,0.08047551548256386,-0.038002141917436144
42040.00100000002,0.1185458452,0.0804760817202041,-0.038069763479795904
42120.00100000002,0.1185962409,0.08047672844549324,-0.03811951245450676
42190.00100000002,0.1186273694,0.08047729396012504,-0.03815007543987496
42270.00100000002,0.1187103838,0.08047794091925847,-0.03823244288074153
42340.00100000002,0.1187741309,0.08047850666314536,-0.03829562423685463
42410.00100000002,0.1188408285,0.08047907241092064,-0.03836175608907935
42490.00100000002,0.1189038306,0.0804797187204521,-0.03842411187954789
42560.00100000002,0.118933484,0.08048028371093549,-0.038453200289064515
42640.00100000002,0.1190112978,0.08048093009376024,-0.03853036770623976
42710.00100000002,0.1190965474,0.08048149562309487,-0.038615051776905135
42790.00100000002,0.1191543639,0.08048214137937322,-0.038672222520626784
42860.00100000002,0.1192017943,0.08048270632942386,-0.03871908797057613
42930.00100000002,0.119227007,0.08048327090302028,-0.03874373609697972
43010.00100000002,0.1193189025,0.08048391654032208,-0.03883498595967792
43080.00100000002,0.1193878353,0.08048448151711447,-0.03890335378288552
43160.00100000002,0.1194575131,0.08048512692790948,-0.03897238617209052
43230.00100000002,0.1195079088,0.0804856913314071,-0.03902221746859291
43310.00100000002,0.1195901781,0.08048633668111546,-0.03910384141888454
43380.00100000002,0.1196309477,0.08048690108658273,-0.03914404661341728
43450.00100000002,0.119686529,0.08048746509485478,-0.039199063905145215
43530.00100000002,0.1197947413,0.08048811045482668,-0.039306630845173315
43600.00100000002,0.1198221743,0.08048867416850258,-0.03933350013149742
43680.00100000002,0.1199177802,0.08048931898599403,-0.03942846121400598
43750.00100000002,0.1199726313,0.08048988296057231,-0.03948274833942768
43830.00100000002,0.1200608313,0.08049052752037014,-0.03957030377962986
43900.00100000002,0.1201267987,0.0804910912970379,-0.0396357074029621
43970.00100000002,0.1201690435,0.08049165482828022,-0.039677388671719785
44050.00100000002,0.1202705801,0.0804922990913642,-0.0397782810086358
44120.00100000002,0.1203039289,0.08049286219690466,-0.03981106670309534
44200.00100000002,0.1204136461,0.08049350661216063,-0.03992013948783936
44270.00100000002,0.1204766482,0.08049407001784378,-0.03998257818215621
44350.00100000002,0.1205492765,0.08049471357753779,-0.040054562922462206
44420.00100000002,0.1206360012,0.08049527685311911,-0.04014072434688089
44490.00100000002,0.1207056642,0.08049584003377759,-0.040209824166222416
44570.00100000002,0.1207597703,0.08049648316233371,-0.04026328713766629
44640.00100000002,0.1208531559,0.08049704639545557,-0.04035610950454442
44720.00100000002,0.1209117174,0.08049768923633924,-0.040414028163660756
44790.00100000002,0.1210073233,0.08049825225178321,-0.040509071048216785
44870.00100000002,0.1210614294,0.08049889490606878,-0.04056253449393123
44940.00100000002,0.1211355478,0.08049945752477801,-0.040636090275222
45020.00100000002,0.1212407947,0.08050010039750237,-0.04074069430249763
45090.00100000002,0.1212986112,0.08050066269137289,-0.04079794850862711
45160.00100000002,0.1213653088,0.08050122470688993,-0.04086408409311007
45240.00100000002,0.1214394271,0.0805018671756298,-0.040937559924370204
45310.00100000002,0.121535778,0.08050242923004107,-0.04103334876995893
45390.00100000002,0.1216291934,0.08050307169457052,-0.04112612170542948
45460.00100000002,0.121704787,0.08050363375465534,-0.04120115324534465
45540.00100000002,0.1217833608,0.08050427560308837,-0.04127908519691163
45610.00100000002,0.1218693256,0.08050483739512047,-0.04136448820487952
45680.00100000002,0.1219256669,0.08050539884689212,-0.041420268053107875
45760.00100000002,0.1220331341,0.08050604067129306,-0.04152709342870693
45830.00100000002,0.1221079826,0.08050660211370514,-0.04160138048629486
45910.00100000002,0.1222228706,0.08050724393634022,-0.041715626663659786
45980.00100000002,0.1222755015,0.08050780484227796,-0.04176769665772204
46060.00100000002,0.1223822236,0.08050844652002119,-0.041873777079978816
46130.00100000002,0.1224207729,0.08050900726954509,-0.041911765630454914
46200.00100000002,0.1225482523,0.08050956856981424,-0.04203868373018575
46280.00100000002,0.1226134747,0.08051020923445573,-0.04210326546554427
46350.00100000002,0.1227090806,0.08051077028637782,-0.04219831031362219
46430.00100000002,0.1228172928,0.0805114112218372,-0.0423058815781628
46500.00100000002,0.1228981018,0.08051197193795785,-0.042386129862042154
46580.00100000002,0.1230122447,0.08051261277302783,-0.04249963192697216
46650.00100000002,0.1230507791,0.08051317260657809,-0.042537606493421906
46720.00100000002,0.1231426895,0.08051373318740064,-0.04262895631259936
46800.00100000002,0.1232234836,0.08051437316246841,-0.04270911043753159
46870.00100000002,0.12332353,0.0805149336321618,-0.042808596367838195
46950.00100000002,0.123439163,0.08051557375239583,-0.04292358924760417
47020.00100000002,0.1235043854,0.08051613348972614,-0.04298825191027386
47100.00100000002,0.1235999912,0.0805167733811337,-0.0430832178188663
47170.00100000002,0.123686716,0.08051733311994212,-0.04316938288005788
47240.00100000002,0.1238171607,0.080517893373514,-0.04329926732648599
47320.00100000002,0.1238749772,0.08051853256836457,-0.04335644463163543
47390.00100000002,0.1240076423,0.08051909267374885,-0.04348854962625115
47470.00100000002,0.1240587831,0.08051973139525123,-0.04353905170474877
47540.00100000002,0.1241848022,0.0805202911994637,-0.043664511000536296
47620.00100000002,0.1242581755,0.08052092992259377,-0.04373724557740623
47690.00100000002,0.1243693531,0.08052148949290272,-0.043847863607097276
47760.00100000002,0.1244494021,0.08052204835673184,-0.04392735374326816
47840.00100000002,0.1245576143,0.08052268727294812,-0.044034927027051876
47910.00100000002,0.1246383935,0.08052324607266077,-0.04411514742733923
47990.00100000002,0.1247673631,0.08052388505609695,-0.04424347804390305
48060.00100000002,0.1248866916,0.08052444404263646,-0.04436224755736354
48140.00100000002,0.1249719262,0.08052508244061639,-0.04444684375938361
48210.00100000002,0.1250919998,0.08052564130087934,-0.04456635849912065
48280.00100000002,0.125137955,0.0805261991476508,-0.044611755852349194
48360.00100000002,0.1252646893,0.0805268375290531,-0.04473785177094691
48430.00100000002,0.1253736615,0.08052739589484659,-0.044846265605153424
48510.00100000002,0.1254707575,0.0805280337096836,-0.0449427237903164
48580.00100000002,0.1255841553,0.08052859209070597,-0.04505556320929403
48660.00100000002,0.1256864369,0.08052922969039536,-0.045157207209604644
48730.00100000002,0.1257776022,0.0805297875082943,-0.045247814691705704
48800.00100000002,0.1259013861,0.08053034574005678,-0.04537104035994323
48880.00100000002,0.1259873658,0.08053098283659146,-0.04545638296340854
48950.00100000002,0.1260881573,0.08053154055101774,-0.04555661674898226
49030.00100000002,0.1262149066,0.0805321777237784,-0.045682728876221615
49100.00100000002,0.1263283044,0.08053273556892698,-0.045795568831073025
49180.00100000002,0.1264565289,0.08053337274392755,-0.04592315615607245
49250.00100000002,0.1265262067,0.08053392974169483,-0.04599227695830517
49320.00100000002,0.1266418397,0.08053448713778404,-0.04610735256221597
49400.00100000002,0.1267389208,0.08053512355154659,-0.0462037972484534
49470.00100000002,0.1268389821,0.08053568063055955,-0.04630330146944045
49550.00100000002,0.1269768476,0.08053631744928974,-0.04644053015071026
49620.00100000002,0.1270657927,0.08053687414023736,-0.046528918559762655
49700.00100000002,0.12721847,0.08053751079200709,-0.04668095920799291
49770.00100000002,0.1273140758,0.08053806758645748,-0.046776008213542525
49850.00100000002,0.1274326742,0.08053870344188752,-0.046893970758112496
49920.00100000002,0.1275179088,0.08053925955302917,-0.04697864924697083
49990.00100000002,0.127652064,0.08053981643355798,-0.04711224756644203
50070.00100000002,0.1277313828,0.08054045166581553,-0.04719093113418446
50140.00100000002,0.1278521866,0.08054100821067996,-0.047311178389320044
50220.00100000002,0.1279819012,0.08054164376098534,-0.04744025743901466
50290.00100000002,0.1281160563,0.0805422002414464,-0.047573856058553604
50370.00100000002,0.1282183379,0.08054283551830281,-0.047675502381697196
50440.00100000002,0.1283258051,0.08054339129808356,-0.04778241380191643
50510.00100000002,0.128431052,0.08054394712613612,-0.04788710487386387
50590.00100000002,0.128554821,0.08054458216801334,-0.04801023883198667
50660.00100000002,0.128670454,0.0805451378154759,-0.04812531618452409
50740.00100000002,0.1287801415,0.08054577264974341,-0.04823436885025659
50810.00100000002,0.1288906038,0.08054632799467179,-0.04834427580532821
50890.00100000002,0.1290432811,0.08054696303226636,-0.048496318067733635
50960.00100000002,0.129157424,0.08054751809134106,-0.048609905908658935
51030.00100000002,0.1292767525,0.08054807362514582,-0.04872867887485419
51110.00100000002,0.1294109076,0.0805487078216282,-0.04886219977837182
51180.00100000002,0.1294946522,0.08054926282489751,-0.0489453893751025
51260.00100000002,0.1296013892,0.08054989686061795,-0.04905149233938205
51330.00100000002,0.1297273934,0.08055045163573656,-0.049176941764263446
51410.00100000002,0.1298615336,0.08055108575116894,-0.049310447848831054
51480.00100000002,0.1299742013,0.08055164037247861,-0.0494225609275214
51550.00100000002,0.1300757527,0.08055219487270085,-0.04952355782729914
51630.00100000002,0.130211398,0.08055282863575551,-0.049658569364244495
51700.00100000002,0.1303070039,0.08055338293220113,-0.04975362096779887
51780.00100000002,0.1304255873,0.08055401609017869,-0.049871571209821317
51850.00100000002,0.1305567771,0.08055457060342544,-0.05000220649657455
51930.00100000002,0.1307087243,0.08055520413455786,-0.05015352016544214
52000.00100000002,0.1308110058,0.08055575804712616,-0.050255247752873836
52070.00100000002,0.1309029162,0.08055631190406831,-0.050346604295931685
52150.00100000002,0.1310526282,0.08055694502279646,-0.05049568317720353
52220.00100000002,0.1311326772,0.08055749819871837,-0.050575179001281625
52300.00100000002,0.1312927902,0.08055813137508644,-0.05073465882491357
52370.00100000002,0.1313891411,0.08055868478912044,-0.050830456310879554
52450.00100000002,0.1315269917,0.08055931748312543,-0.05096767421687458
52520.00100000002,0.1316411346,0.0805598708607507,-0.05108126373924929
52590.00100000002,0.1317463815,0.0805604239968115,-0.05118595750318851
52670.00100000002,0.1318998039,0.08056105662601978,-0.05133874727398022
52740.00100000002,0.1320013553,0.08056160964804684,-0.05143974565195317
52820.00100000002,0.1321347654,0.08056224183003428,-0.05157252356996571
52890.00100000002,0.1322481632,0.08056279474940242,-0.05168536845059757
52970.00100000002,0.1323934495,0.08056342682422846,-0.05183002267577155
53040.00100000002,0.1324705333,0.08056397909997479,-0.05190655420002521
53110.00100000002,0.132609874,0.08056453192834864,-0.052045342071651346
53190.00100000002,0.1327366084,0.08056516340865613,-0.05217144499134388
53260.00100000002,0.1328596473,0.08056571612129132,-0.052293931178708675
53340.00100000002,0.132963419,0.08056634724181837,-0.05239707175818163
53410.00100000002,0.1330908984,0.08056689976929807,-0.052523998630701924
53490.00100000002,0.1332169026,0.08056753120307812,-0.05264937139692187
53560.00100000002,0.133316949,0.08056808311001105,-0.052748865889988936
53630.00100000002,0.1334155351,0.08056863493933596,-0.052846900160664054
53710.00100000002,0.133574903,0.08056926623174858,-0.053005636768251416
53780.00100000002,0.1336831152,0.08056981808075273,-0.05311329711924728
53860.00100000002,0.1337883621,0.08057044837104148,-0.053217913728958524
53930.00100000002,0.1339062005,0.08057099999461372,-0.053335200505386274
54010.00100000002,0.1340373904,0.08057163054392551,-0.053465759856074505
54080.00100000002,0.1341344863,0.0805721821992247,-0.053562304100775296
54150.00100000002,0.1342604905,0.08057273357740986,-0.05368775692259013
54230.00100000002,0.134370923,0.08057336373621993,-0.053797559263780076
54300.00100000002,0.1344791353,0.08057391507454799,-0.05390522022545201
54380.00100000002,0.1346125454,0.08057454498339037,-0.05403800041660964
54450.00100000002,0.1347296685,0.08057509620525222,-0.054154572294747794
54530.00100000002,0.1348430663,0.08057572583038838,-0.054267340469611625
54600.00100000002,0.1349564642,0.08057627677972273,-0.054380187420277254
54680.00100000002,0.1350587457,0.0805769061227074,-0.05448183957729261
54750.00100000002,0.1351780891,0.08057745690392297,-0.05460063219607704
54820.00100000002,0.1352618337,0.08057800728552389,-0.05468382641447611
54900.00100000002,0.1354315728,0.08057863700949737,-0.05485293579050264
54970.00100000002,0.1355071664,0.0805791872011019,-0.054927979198898094
55050.00100000002,0.1356472522,0.08057981675141011,-0.0550674354485899
55120.00100000002,0.1357391477,0.08058036681702159,-0.05515878088297842
55200.00100000002,0.1358570158,0.08058099527089818,-0.05527602052910183
55270.00100000002,0.1359681934,0.08058154577251879,-0.0553866476274812
55340.00100000002,0.1360630691,0.08058209575345789,-0.0554809733465421
55420.00100000002,0.1361890584,0.08058272431078833,-0.05560633408921167
55490.00100000002,0.1362802237,0.08058327400593464,-0.05569694969406537
55570.00100000002,0.1363951117,0.08058390233289829,-0.0558112093671017
55640.00100000002,0.136487022,0.08058445189206186,-0.05590257010793816
55720.00100000002,0.1366167217,0.08058508016149248,-0.05603164153850752
55790.00100000002,0.1367227137,0.08058562979765997,-0.056137083902340026
55860.00100000002,0.1368086934,0.08058617891494027,-0.056222514485059716
55940.00100000002,0.1369102299,0.08058680654035946,-0.05632342335964055
56010.00100000002,0.1370340288,0.08058735619443,-0.056446672605570014
56090.00100000002,0.1371466815,0.08058798389877644,-0.05655869760122356
56160.00100000002,0.1372044981,0.08058853260645388,-0.05661596549354611
56240.00100000002,0.1373267919,0.08058915994389876,-0.05673763195610124
56310.00100000002,0.1374223977,0.0805897088966801,-0.0568326888033199
56380.00100000002,0.1375187486,0.08059025775491709,-0.056928490845082905
56460.00100000002,0.137619555,0.0805908847693268,-0.057028670230673206
56530.00100000002,0.1377121955,0.0805914333243032,-0.057120762175696796
56610.00100000002,0.1378367245,0.08059206057181627,-0.05724466392818374
56680.00100000002,0.1379219592,0.0805926088471277,-0.0573293503528723
56760.00100000002,0.1380257159,0.08059323541832948,-0.05743248048167053
56830.00100000002,0.1381346881,0.08059378412164075,-0.05754090397835926
56900.00100000002,0.1382036209,0.08059433206226478,-0.05760928883773521
56980.00100000002,0.1383118331,0.08059495851910993,-0.057716874580890073
57050.00100000002,0.1383941025,0.08059550641837314,-0.057798596081626866
57130.00100000002,0.1385186166,0.0805961330330804,-0.057922483566919605
57200.00100000002,0.1386075616,0.08059668086016396,-0.058010880739836054
57280.00100000002,0.1386861205,0.08059730664727945,-0.058088813852720564
57350.00100000002,0.1387743205,0.08059785432891732,-0.05817646617108267
57420.00100000002,0.1388514042,0.08059840178724192,-0.058253002412758076
57500.00100000002,0.1389566511,0.08059902744121267,-0.05835762365878733
57570.00100000002,0.1390581876,0.08059957515643154,-0.05845861244356845
57650.00100000002,0.1391160041,0.08060020020633084,-0.05851580389366916
57720.00100000002,0.1392197907,0.08060074759831613,-0.05861904310168388
57800.00100000002,0.1392879784,0.08060137261967126,-0.05868660578032875
57870.00100000002,0.1393657923,0.0806019196261294,-0.05876387267387061
57940.00100000002,0.1394888312,0.0806024671873099,-0.058886364012690096
58020.00100000002,0.1395436823,0.08060309173820124,-0.05894059056179876
58090.00100000002,0.1396622658,0.08060363894737836,-0.05905862685262163
58170.00100000002,0.1397482455,0.08060426376523727,-0.059143981734762735
58240.00100000002,0.1398238391,0.0806048104641892,-0.059219028635810814
58320.00100000002,0.139877215,0.08060543451659467,-0.059271780483405326
58390.00100000002,0.1399490982,0.08060598095717131,-0.0593431172428287
58460.00100000002,0.1400691718,0.08060652769810486,-0.05946264410189514
58540.00100000002,0.1401232779,0.08060715164143996,-0.05951612625856005
58610.00100000002,0.1402300149,0.08060769832548247,-0.05962231657451754
58690.00100000002,0.1403026581,0.08060832224129512,-0.059694335858704886
58760.00100000002,0.1403493583,0.08060886791670778,-0.059740490383292225
58840.00100000002,0.1404331028,0.08060949182997963,-0.059823610970020355
58910.00100000002,0.1405124068,0.08061003760076534,-0.059902369199234654
58980.00100000002,0.1405791193,0.08061058337781674,-0.059968535922183264
59060.00100000002,0.1406769603,0.08061120733359085,-0.06006575296640913
59130.00100000002,0.140725866,0.08061175260714866,-0.060114113392851345
59210.00100000002,0.1408170313,0.08061237607785554,-0.060204655222144465
59280.00100000002,0.1408711374,0.08061292122436899,-0.06025821617563103
59360.00100000002,0.1409504563,0.08061354444365769,-0.06033691185634231
59430.00100000002,0.1410238296,0.08061408972422404,-0.06040973987577597
59510.00100000002,0.1411149949,0.08061471289863711,-0.0605002820013629
59580.00100000002,0.1411727965,0.08061525804136187,-0.060557538458638135
59650.00100000002,0.1412424743,0.08061580280950267,-0.06062667149049733
59730.00100000002,0.1413262337,0.08061642562125547,-0.06070980807874453
59800.00100000002,0.1413699687,0.08061697019714523,-0.06075299850285476
59880.00100000002,0.1414507627,0.08061759285478583,-0.06083316984521418
59950.00100000002,0.141532287,0.08061813776152371,-0.060914149238476295
60030.00100000002,0.141576767,0.08061875968676586,-0.06095800731323413
60100.00100000002,0.1416508704,0.0806193044166831,-0.061031565983316896
60170.00100000002,0.1417072117,0.08061984852109207,-0.061087363178907936
60250.00100000002,0.1417472363,0.08062047017359421,-0.06112676612640579
60320.00100000002,0.1418443322,0.08062101479190818,-0.061223317408091824
60400.00100000002,0.1419184357,0.08062163681093842,-0.06129679888906159
60470.00100000002,0.1419606954,0.08062218069564395,-0.061338514704356056
60550.00100000002,0.1419970095,0.08062280188509276,-0.061374207614907236
60620.00100000002,0.1420503706,0.08062334553246582,-0.06142702506753418
60690.00100000002,0.1421230137,0.08062388942131005,-0.06149912427868995
60770.00100000002,0.1421912014,0.0806245107757364,-0.06156669062426359
60840.00100000002,0.1422771662,0.08062505468559861,-0.06165211151440139
60920.00100000002,0.1423223913,0.08062567584187302,-0.061696715458126966
60990.00100000002,0.1423661113,0.0806262190149261,-0.061739892285073886
61070.00100000002,0.142417267,0.08062683960611863,-0.06179042739388135
61140.00100000002,0.1424988061,0.0806273832722234,-0.06187142282777659
61210.00100000002,0.1425380856,0.08062792622336655,-0.06191015937663345
61290.00100000002,0.1425892264,0.08062854670855459,-0.061960679691445406
61360.00100000002,0.1426455528,0.08062908966634462,-0.06201646313365537
61440.00100000002,0.1427167058,0.0806297101867352,-0.062086995613264806
61510.00100000002,0.1427530199,0.08063025269651389,-0.06212276720348611
61590.00100000002,0.1428078711,0.08063087295926738,-0.06217699814073263
61660.00100000002,0.1428819895,0.0806314157798405,-0.062250573720159505
61730.00100000002,0.1429101527,0.08063195804606894,-0.06227819465393104
61810.00100000002,0.1429716647,0.0806325779949465,-0.062339086705053504
61880.00100000002,0.1430361569,0.08063312077047714,-0.062403036129522846
61960.00100000002,0.1430865526,0.08063374030198853,-0.06245281229801147
62030.00100000002,0.1431117505,0.08063428217206947,-0.062477468327930524
62110.00100000002,0.1431473345,0.08063490149333927,-0.06251243300666073
62180.00100000002,0.1432370096,0.08063544400020509,-0.0626015655997949
62250.00100000002,0.1432711035,0.08063598582953956,-0.06263511767046044
62330.00100000002,0.1433237344,0.08063660491137867,-0.06268712948862135
62400.00100000002,0.143381536,0.08063714680921648,-0.06274438919078353
62480.00100000002,0.1434074789,0.08063776560482674,-0.06276971329517325
62550.00100000002,0.1434504688,0.08063830719842552,-0.06281216160157449
62630.00100000002,0.1435179412,0.08063892610123916,-0.06287901509876084
62700.00100000002,0.1435468346,0.08063946739718393,-0.06290736720281608
62770.00100000002,0.1435994655,0.0806400088646667,-0.0629594566353333
62850.00100000002,0.1436372697,0.08064062707586968,-0.06299664262413031
62920.00100000002,0.1436995268,0.08064116846377718,-0.06305835833622282
63000.00100000002,0.1437247247,0.08064178659575466,-0.06308293810424534
63070.00100000002,0.1437551081,0.0806423273164354,-0.0631127807835646
63150.00100000002,0.1438277513,0.08064294575785524,-0.06318480554214476
63220.00100000002,0.1438447982,0.08064348624703063,-0.06320131195296938
63290.00100000002,0.1438833326,0.0806440270523581,-0.0632393055476419
63370.00100000002,0.1439604163,0.08064464530324542,-0.06331577099675459
63440.00100000002,0.1439871043,0.0806451856311888,-0.0633419186688112
63520.00100000002,0.1440248936,0.0806458032063808,-0.0633790903936192
63590.00100000002,0.1440634429,0.0806463435130633,-0.06341709938693671
63670.00100000002,0.1441138387,0.08064696102910503,-0.06346687767089497
63740.00100000002,0.1441694349,0.08064750126205877,-0.06352193363794123
63810.00100000002,0.1441775858,0.08064804106220386,-0.06352954473779615
63890.00100000002,0.1442502141,0.0806486585006656,-0.06360155559933439
63960.00100000002,0.1442479938,0.08064919795563477,-0.06359879584436523
64040.00100000002,0.1443139613,0.08064981517145023,-0.06366414612854976
64110.00100000002,0.1443421245,0.08065035488304188,-0.06369176961695812
64190.00100000002,0.1444147527,0.0806509718641603,-0.06376378083583971
64260.00100000002,0.1444229186,0.08065151106770191,-0.0637714075322981
64330.00100000002,0.1444399655,0.08065205036464623,-0.06378791513535376
64410.00100000002,0.1445044428,0.08065266709558494,-0.06385177570441505
64480.00100000002,0.1445014775,0.08065320593281262,-0.06384827156718738
64560.00100000002,0.1445555836,0.08065382235236332,-0.06390176124763669
64630.00100000002,0.1446126699,0.08065436167375639,-0.0639583082262436
64710.00100000002,0.1446601003,0.08065497782673245,-0.06400512247326756
64780.00100000002,0.1446890086,0.08065551703831202,-0.06403349156168799
64860.00100000002,0.1447216272,0.08065613245300682,-0.06406549474699319
64930.00100000002,0.1447675675,0.08065667158945376,-0.06411089591054624
65000.00100000002,0.1447912902,0.08065721017308687,-0.06413408002691313
65080.00100000002,0.1448224187,0.08065782567283909,-0.06416459302716092
65150.00100000002,0.1448491067,0.08065836419320076,-0.06419074250679925
65230.00100000002,0.1448846757,0.08065897954748828,-0.06422569615251171
65300.00100000002,0.1449143291,0.08065951792579983,-0.06425481117420016
65380.00100000002,0.1449536085,0.08066013302608828,-0.06429347547391172
65450.00100000002,0.1449699104,0.08066067104690876,-0.06430923935309125
65520.00100000002,0.145002529,0.08066120899616037,-0.06434132000383962
65600.00100000002,0.1450351328,0.0806618239411255,-0.06437330885887449
65670.00100000002,0.1451018453,0.08066236208585828,-0.06443948321414172
65750.00100000002,0.1451159269,0.08066297677488464,-0.06445295012511536
65820.00100000002,0.1451277882,0.08066351417672789,-0.06446427402327211
65900.00100000002,0.145161882,0.08066412862819501,-0.06449775337180498
65970.00100000002,0.1452033818,0.08066466635145472,-0.06453871544854528
66040.00100000002,0.1452137679,0.08066520357650109,-0.06454856432349892
66120.00100000002,0.1452471167,0.08066581779867048,-0.06458129890132953
66190.00100000002,0.1453071535,0.08066635548250108,-0.06464079801749893
66270.00100000002,0.1453279108,0.08066696937837062,-0.06466094142162937
66340.00100000002,0.1453716308,0.08066750673722593,-0.06470412406277408
66420.00100000002,0.1453627348,0.08066811997854191,-0.0646946148214581
66490.003,0.1454198062,0.0806686573275188,-0.0647511488724812
66560.003,0.1454346329,0.08066919405798764,-0.06476543884201236
66640.003,0.1454768777,0.08066980759239865,-0.06480707010760135
66710.003,0.1454931945,0.08067034421634908,-0.06482285028365092
66790.003,0.145515427,0.0806709576097449,-0.06484446939025511
66860.003,0.1455332041,0.0806714941846605,-0.0648617099153395
66940.003,0.1456028819,0.08067210719074518,-0.06493077470925483
67010.003,0.1456251293,0.08067264378729987,-0.06495248551270012
67080.003,0.1456147432,0.08067317983316882,-0.06494156336683118
67160.003,0.1456332803,0.08067379270338952,-0.06495948759661048
67230.003,0.1456799805,0.08067432875611665,-0.06500565174388336
67310.003,0.1457096338,0.08067494137678882,-0.06503469242321117
67380.003,0.145720005,0.08067547713396302,-0.065044527866037
67460.003,0.145746693,0.0806760898072332,-0.06507060319276681
67530.003,0.145789668,0.08067662544264055,-0.06511304255735946
67600.003,0.1458141357,0.0806771612073861,-0.06513697449261391
67680.003,0.1458474845,0.08067777335572186,-0.06516971114427815
67750.003,0.1458497047,0.08067830887451077,-0.06517139582548923
67830.003,0.1458778679,0.08067892058241123,-0.06519894731758878
67900.003,0.1458978802,0.08067945592546423,-0.06521842427453577
67980.003,0.1459349394,0.08068006753382542,-0.06525487186617457
68050.003,0.1459393948,0.08068060276256366,-0.06525879203743636
68120.003,0.1459831148,0.08068113807565426,-0.06530197672434575
68200.003,0.1460216641,0.08068174961943377,-0.06533991448056624
68270.003,0.1459957212,0.0806822839652091,-0.06531343723479091
68350.003,0.1460424215,0.08068289533565579,-0.0653595261643442
68420.003,0.1460616887,0.08068343008596908,-0.06537825861403092
68500.003,0.14607355,0.0806840408600533,-0.06538950913994669
68570.003,0.1461039335,0.08068457552829801,-0.065419357971702
68640.003,0.1461232007,0.08068511002584564,-0.06543809067415438
68720.003,0.1461565644,0.08068572093303761,-0.06547084346696239
68790.003,0.1461676806,0.0806862551663954,-0.06548142543360459
68870.003,0.1462091804,0.08068686597319955,-0.06552231442680045
68940.003,0.1462010294,0.08068739963699613,-0.06551362976300386
69020.003,0.1462536454,0.08068801047050855,-0.06556563492949144
69090.003,0.1462514251,0.08068854420550686,-0.06556288089449314
69160.003,0.1462877393,0.08068907798881722,-0.06559866131118278
69240.003,0.1462892294,0.08068968811030029,-0.0655995412896997
69310.003,0.1463485211,0.08069022205466674,-0.06565829904533325
69390.003,0.1463529617,0.08069083191354874,-0.06566212978645126
69460.003,0.1463374048,0.08069136499370631,-0.06564603980629367
69540.003,0.1464033723,0.0806919750760676,-0.0657113972239324
69610.003,0.1464048475,0.08069250826025934,-0.06571233923974065
69690.003,0.1464330107,0.08069311795088566,-0.06573989274911435
69760.003,0.1464307904,0.08069365084195662,-0.06573713955804339
69830.003,0.1464671046,0.08069418413359461,-0.0657729204664054
69910.003,0.1464596987,0.08069479298392422,-0.06576490571607578
69980.003,0.1464834213,0.08069532612089776,-0.06578809517910224
70060.003,0.1465123296,0.08069593503850118,-0.0658163945614988
70130.003,0.1465249211,0.08069646785595304,-0.06582845324404697
70210.003,0.1465493739,0.08069707666425756,-0.06585229723574244
70280.003,0.1465649456,0.0806976091430029,-0.06586733645699709
70350.003,0.1465975642,0.08069814181924516,-0.06589942238075484
70430.003,0.1466116458,0.0806987502017577,-0.0659128955982423
70500.003,0.1466205269,0.08069928241649138,-0.06592124448350861
70580.003,0.1466538906,0.08069989077238356,-0.06595399982761645
70650.003,0.1466635168,0.08070042293545258,-0.06596309386454742
70730.003,0.146684289,0.0807010308722753,-0.0659832581277247
70800.003,0.1466924399,0.08070156290115711,-0.06599087699884289
70870.003,0.1467206031,0.08070209521843794,-0.06601850788156208
70950.003,0.1467472911,0.08070270292502577,-0.06604458817497424
71020.003,0.1467517316,0.08070323450282026,-0.06604849709717973
71100.003,0.1467850953,0.08070384236560071,-0.06608125293439929
71170.003,0.1467880607,0.08070437378647866,-0.06608368691352134
71250.003,0.1468162239,0.08070498116337704,-0.06611124273662294
71320.003,0.1468162239,0.08070551258629995,-0.06611071131370004
71390.003,0.1468332708,0.08070604387571907,-0.06612722692428093
71470.003,0.1468599439,0.08070665099437606,-0.06615329290562395
71540.00399999999,0.1468555033,0.08070718190878517,-0.06614832139121482
71620.00399999999,0.1468992382,0.08070778921526092,-0.06619144898473908
71690.00399999999,0.1468984932,0.08070832007225982,-0.06619017312774018
71770.00399999999,0.146922946,0.08070892692282577,-0.06621401907717422
71840.00399999999,0.146931842,0.08070945747656068,-0.06622238452343933
71910.00399999999,0.1469474137,0.08070998844137238,-0.06623742525862762
71990.00399999999,0.1469644606,0.08071059463599245,-0.06625386596400756
72060.00399999999,0.1469933689,0.08071112546020857,-0.06628224343979143
72140.00399999999,0.1469896585,0.08071173125423935,-0.06627792724576066
72210.00399999999,0.1470000297,0.0807122615260394,-0.0662877681739606
72290.00399999999,0.1470593214,0.08071286812468831,-0.06634645327531169
72360.00399999999,0.1470274627,0.08071339778663694,-0.06631406491336306
72430.00399999999,0.1470585912,0.08071392806901756,-0.06634466313098245
72510.00399999999,0.1470830441,0.08071453405879488,-0.06636851004120513
72580.00399999999,0.1470867544,0.08071506385931962,-0.06637169054068037
72660.00399999999,0.1471334398,0.0807156695633877,-0.06641777023661229
72730.00399999999,0.1471304744,0.0807161993013009,-0.06641427509869909
72810.00399999999,0.1471319646,0.08071680449205652,-0.06641516010794347
72880.00399999999,0.1471497566,0.08071733422846918,-0.06643242237153081
72950.00399999999,0.14718014,0.08071786388171022,-0.06646227611828977
73030.00399999999,0.1471912563,0.08071846898302658,-0.06647278731697341
73100.00399999999,0.1472045928,0.08071899826750059,-0.06648559453249941
73180.00399999999,0.147206828,0.0807196030010392,-0.06648722499896081
73250.00399999999,0.1472372115,0.0807201323167786,-0.06651707918322139
73330.00399999999,0.1472461075,0.08072073707170643,-0.06652537042829357
73400.00399999999,0.1472698152,0.08072126604127826,-0.06654854915872173
73470.00399999999,0.1472816765,0.08072179518599042,-0.0665598813140096
73550.00399999999,0.1472876072,0.08072239935311781,-0.06656520784688219
73620.00399999999,0.1473002136,0.08072292807564628,-0.06657728552435373
73700.00399999999,0.147330597,0.08072353241663335,-0.06660706458336665
73770.00399999999,0.1473461688,0.08072406114105615,-0.06662210765894386
73850.00399999999,0.1473357826,0.08072466503072531,-0.06661111756927468
73920.00399999999,0.1473646909,0.08072519363063364,-0.06663949726936637
73990.00399999999,0.1473928541,0.08072572214849172,-0.06666713195150828
74070.00399999999,0.147392109,0.08072632556187796,-0.06666578343812203
74140.00399999999,0.1474136114,0.08072685377832903,-0.06668675762167098
74220.00399999999,0.1474321336,0.08072745739653149,-0.0667046762034685
74290.00399999999,0.1474321336,0.08072798523522758,-0.06670414836477241
74370.00399999999,0.1474395543,0.08072858843422875,-0.06671096586577124
74440.00399999999,0.1474855095,0.08072911680195581,-0.06675639269804419
74520.00399999999,0.1474899501,0.08072971965063405,-0.06676023044936594
74590.00399999999,0.1474869847,0.08073024715818497,-0.06675673754181502
74660.00399999999,0.1475262642,0.08073077492379661,-0.06679548927620339
74740.00399999999,0.147525534,0.08073137776166392,-0.0667941562383361
74810.00399999999,0.1475470215,0.08073190532564403,-0.06681511617435595
74890.00399999999,0.1475210786,0.0807325076254375,-0.06678857097456249
74960.00399999999,0.147568509,0.08073303500945245,-0.06683547399054754
75040.00399999999,0.1475855559,0.08073363756303117,-0.06685191833696882
75110.00399999999,0.1476144642,0.08073416491117236,-0.06688029928882763
75180.00399999999,0.1476359665,0.08073469186032875,-0.06690127463967124
75260.00399999999,0.1476344764,0.08073529400620715,-0.06689918239379285
75330.00399999999,0.1476322562,0.08073582054455294,-0.06689643565544706
75410.00399999999,0.1476715356,0.08073642273350115,-0.06693511286649884
75480.00399999999,0.1476670951,0.08073694922093681,-0.0669301458790632
75560.00399999999,0.1476893276,0.0807375511721541,-0.0669517764278459
75630.00399999999,0.1476996988,0.08073807757887899,-0.06696162122112101
75700.00399999999,0.1477219462,0.08073860403754485,-0.06698334216245516
75780.00399999999,0.1477212012,0.08073920546143804,-0.06698199573856198
75850.00399999999,0.1477508545,0.08073973171588784,-0.06701112278411216
75930.00399999999,0.147756055,0.08074033302575628,-0.06701572197424371
76000.00399999999,0.1477760673,0.08074085908689158,-0.06703520821310843
76080.00399999999,0.1478079259,0.08074146020248775,-0.06706646569751225
76150.00399999999,0.1478108913,0.080741986123141,-0.067068905176859
76220.00399999999,0.1478249729,0.08074251179163768,-0.06708246110836232
76300.00399999999,0.1478486955,0.08074311278042917,-0.06710558271957082
76370.00399999999,0.1478627771,0.08074363825706936,-0.06711913884293065
76450.00399999999,0.1478575915,0.08074423884461333,-0.06711335265538666
76520.00399999999,0.147870928,0.08074476444721924,-0.06712616355278077
76600.00399999999,0.147879824,0.0807453646893885,-0.06713445931061149
76670.00399999999,0.1479042768,0.08074588996573771,-0.0671583868342623
76740.00399999999,0.1479346752,0.0807464152269584,-0.0671882599730416
76820.00399999999,0.1479450464,0.08074701558128031,-0.0671980308187197
76890.00399999999,0.1479635835,0.08074754056502646,-0.06721604293497353
76970.00399999999,0.1479791403,0.08074814029170815,-0.06723100000829185
77040.00399999999,0.1480102688,0.0807486654954263,-0.06726160330457372
77120.00399999999,0.1480043381,0.08074926508446333,-0.06725507301553667
77190.00399999999,0.1480310261,0.08074978978425217,-0.06728123631574782
77260.00399999999,0.148056224,0.08075031449634576,-0.06730590950365423
77340.00399999999,0.1480732709,0.08075091410361533,-0.06732235679638467
77410.00399999999,0.1480695605,0.08075143826160741,-0.06731812223839259
77490.00399999999,0.1481029242,0.08075203775230927,-0.06735088644769074
77560.00399999999,0.1481029242,0.0807525619677629,-0.06735036223223712
77640.00399999999,0.1481125504,0.080753160849203,-0.06735938955079698
77710.00399999999,0.1481496096,0.08075368520424081,-0.0673959243957592
77780.00399999999,0.148144424,0.08075420899433788,-0.06739021500566211
77860.00399999999,0.1481807381,0.08075480803579195,-0.06742593006420804
77930.00399999999,0.1481829733,0.08075533177606072,-0.06742764152393928
78010.00399999999,0.1482000202,0.08075593025956809,-0.06744408994043191
78080.00399999999,0.1482444853,0.08075645411393771,-0.0674880311860623
78160.00399999999,0.1482526362,0.08075705262838064,-0.06749558357161937
78230.00399999999,0.1482622772,0.08075757608690386,-0.06750470111309613
78300.00399999999,0.1482719034,0.08075809942045815,-0.06751380397954183
78380.00399999999,0.1483074874,0.08075869780173553,-0.06754878959826446
78450.00399999999,0.1483400911,0.08075922131566182,-0.06758086978433817
78530.00399999999,0.1483260095,0.08075981892647083,-0.06756619057352917
78600.00399999999,0.1483400911,0.08076034196390676,-0.06757974913609323
78680.00399999999,0.1483875364,0.08076093986762979,-0.0676265965323702
78750.00399999999,0.1483912319,0.0807614628241071,-0.06762976907589291
78820.00399999999,0.1484179199,0.0807619857867037,-0.0676559341132963
78900.00399999999,0.1484371871,0.08076258327321167,-0.06767460382678833
78970.00399999999,0.148454234,0.08076310583831736,-0.06769112816168263
79050.00399999999,0.1484764665,0.08076370318973232,-0.06771276331026767
79120.00399999999,0.1484964788,0.08076422569709528,-0.06773225310290472
79200.00399999999,0.1484883279,0.08076482251347666,-0.06772350538652333
79270.00399999999,0.1485231668,0.08076534510301928,-0.06775782169698072
79350.00399999999,0.1485498548,0.08076594211989666,-0.06778391268010334
79420.00399999999,0.1485705972,0.08076646415783043,-0.06780413304216956
79490.00399999999,0.1485794932,0.0807669861746194,-0.0678125070253806
79570.00399999999,0.1485913545,0.08076758272909787,-0.06782377177090212
79640.00399999999,0.1486165524,0.08076810459722698,-0.06784844780277301
79720.00399999999,0.148640275,0.08076870092342593,-0.06787157407657406
79790.00399999999,0.1486751139,0.0807692231117135,-0.06790589078828649
79870.00399999999,0.1487054974,0.08076981931563391,-0.06793567808436608
79940.00399999999,0.148720324,0.08077034088121243,-0.06794998311878755
80010.00399999999,0.148728475,0.08077086229765594,-0.06795761270234406
80090.00399999999,0.1487536728,0.0807714583677863,-0.06798221443221368
80160.00399999999,0.1487751901,0.08077197971109258,-0.06800321038890743
80240.00399999999,0.1488115042,0.08077257563705832,-0.06803892856294168
80310.00399999999,0.1488211304,0.08077309665245878,-0.06804803374754122
80390.00399999999,0.1488507837,0.0807736921372849,-0.06807709156271509
80460.00399999999,0.1488641202,0.08077421317832194,-0.06808990702167807
80530.00399999999,0.1488774717,0.08077473408939796,-0.06810273761060205
80610.00399999999,0.1489122957,0.0807753294082217,-0.0681369662917783
80680.00399999999,0.1489197165,0.08077585009844257,-0.06814386640155742
80760.00399999999,0.1489493549,0.08077644524957057,-0.06817290965042942
80830.00399999999,0.1489812285,0.08077696591895377,-0.06820426258104624
80910.00399999999,0.1489893794,0.08077756078460972,-0.06821181861539029
80980.00399999999,0.1490079165,0.0807780810217314,-0.06822983547826861
81050.00399999999,0.1490338594,0.08077860138438474,-0.06825525801561526
81130.00399999999,0.149091661,0.0807791963493071,-0.06831246465069289
81200.00399999999,0.149091661,0.08077971631881511,-0.06831194468118487
81280.00399999999,0.1491057426,0.08078031057135272,-0.06832543202864728
81350.00399999999,0.1491353959,0.08078083071542448,-0.06835456518457551
81430.00399999999,0.1491509527,0.08078142475721498,-0.06836952794278503
81500.00399999999,0.1492058039,0.08078194502482709,-0.0684238588751729
81570.00399999999,0.1491850615,0.08078246437715789,-0.06840259712284211
81650.00399999999,0.1492473185,0.080783058651545,-0.068464259848455
81720.00399999999,0.1492465734,0.08078357802575076,-0.06846299537424924
81800.00399999999,0.1492880732,0.08078417192366483,-0.06850390127633518
81870.00399999999,0.1493088305,0.08078469120139617,-0.06852413929860382
81950.00399999999,0.1493540406,0.08078528505521798,-0.068568755544782
82020.00399999999,0.1493733078,0.08078580441957094,-0.06858750338042906
82090.00399999999,0.1494037062,0.08078632367589007,-0.06861738252410994
82170.00399999999,0.1493925899,0.08078691648118878,-0.06860567341881123
82240.00399999999,0.1494148225,0.08078743534537013,-0.06862738715462986
82320.00399999999,0.1494844854,0.08078802904149139,-0.06869645635850861
82390.00399999999,0.149490416,0.08078854760944583,-0.06870186839055416
82470.00399999999,0.1495289654,0.08078914060199241,-0.06873982479800758
82540.00399999999,0.1495549083,0.08078965924655107,-0.06876524905344894
82610.00399999999,0.1495704651,0.08079017780169856,-0.06878028729830143
82690.00399999999,0.149577871,0.08079077019297073,-0.06878710080702927
82760.00399999999,0.1496090144,0.08079128863293279,-0.0688177257670672
82840.00399999999,0.1496586651,0.08079188125469607,-0.06886678384530394
82910.00399999999,0.1496920139,0.08079239972116235,-0.06889961417883765
82990.00399999999,0.1497046202,0.08079299157074497,-0.06891162862925503
83060.00399999999,0.1497490853,0.08079350996599124,-0.06895557533400876
83130.00399999999,0.149773553,0.08079402796119899,-0.06897952503880102
83210.00399999999,0.1497972608,0.08079461973343724,-0.06900264106656276
83280.00399999999,0.1498069167,0.0807951374904395,-0.06901177920956049
83360.00399999999,0.1498521268,0.08079572938383252,-0.0690563974161675
83430.00399999999,0.1498699188,0.0807962469097801,-0.0690736718902199
83510.00399999999,0.1499091983,0.08079683840978205,-0.06911235989021794
83580.00399999999,0.1499373615,0.08079735594401949,-0.06914000555598052
83650.00399999999,0.1499766409,0.0807978734946586,-0.06917876740534142
83730.00399999999,0.149986282,0.08079846450976108,-0.06918781749023892
83800.00399999999,0.1500470638,0.08079898210167044,-0.06924808169832955
83880.00399999999,0.150065586,0.0807995730618218,-0.0692660129381782
83950.00399999999,0.1501041353,0.08080009028250218,-0.06930404501749782
84030.00399999999,0.1501152515,0.08080068095088712,-0.06931457054911287
84100.00399999999,0.1501411945,0.08080119778233777,-0.06933999671766222
84180.00399999999,0.1502027065,0.08080178876503756,-0.06940091773496244
84250.00399999999,0.1502027065,0.08080230530173556,-0.06940040119826445
84320.00399999999,0.1502738595,0.08080282241008689,-0.0694710370899131
84400.00399999999,0.1502723694,0.08080341235162135,-0.06946895704837865
84470.00399999999,0.1503079534,0.08080392898279766,-0.06950402441720234
84550.00399999999,0.1503390819,0.08080451916661997,-0.06953456273338003
84620.00399999999,0.1503731757,0.0808050354869039,-0.0695681402130961
84700.00399999999,0.1504154205,0.08080562564786227,-0.06960979485213774
84770.00399999999,0.1504369229,0.08080614179276191,-0.06963078110723808
84840.00399999999,0.1504984349,0.08080665810797709,-0.06969177679202292
84920.00399999999,0.1505206674,0.08080724777279624,-0.06971341962720376
84990.00399999999,0.1505421698,0.08080776357918297,-0.06973440622081702
85070.00399999999,0.1505977511,0.08080835355649088,-0.06978939754350913
85140.00399999999,0.1506177634,0.08080886889703331,-0.06980889450296668
85220.00399999999,0.1506748348,0.08080945866504147,-0.06986537613495852
85290.00399999999,0.1507104188,0.08080997429191826,-0.06990044450808174
85360.00399999999,0.150746733,0.08081048994184357,-0.06993624305815642
85440.00399999999,0.1507815719,0.08081107901308536,-0.06997049288691463
85510.00399999999,0.1508156657,0.0808115946062373,-0.0700040710937627
85590.00399999999,0.150845319,0.08081218321200735,-0.07003313578799265
85660.00399999999,0.1508616209,0.08081269820317238,-0.07004892269682761
85740.00399999999,0.1509320438,0.08081328713822682,-0.07011875666177318
85810.00399999999,0.1509564966,0.08081380216367655,-0.07014269443632344
85880.00399999999,0.1509957761,0.08081431727607565,-0.07018145882392436
85960.00399999999,0.1510187536,0.08081490538970292,-0.07020384821029708
86030.00399999999,0.1510387659,0.08081542001088941,-0.0702233458891106
86110.00399999999,0.1510980576,0.0808160084392309,-0.0702820491607691
86180.00399999999,0.15111956,0.08081652298418128,-0.07030303701581873
86260.00399999999,0.1511773765,0.08081711113731231,-0.07036026536268768
86330.00399999999,0.1511973888,0.08081762537441836,-0.07037976342558164
86400.00399999999,0.1512359232,0.08081813984292549,-0.07041778335707452
86480.00399999999,0.1512900293,0.08081872772394545,-0.07047130157605454
86550.00399999999,0.1513241231,0.08081924197987221,-0.0705048811201278
86630.00399999999,0.1513819396,0.08081982957305807,-0.07056211002694192
86700.00399999999,0.1514034271,0.08082034357332295,-0.07058308352667704
86780.00399999999,0.1514604986,0.08082093113621386,-0.07063956746378613
86850.00399999999,0.1514975578,0.08082144504455271,-0.07067611275544727
86920.00399999999,0.1515249759,0.08082195875435572,-0.07070301714564428
87000.00399999999,0.1515798271,0.08082254586541861,-0.0707572812345814
87070.00399999999,0.1516205966,0.08082305956464032,-0.07079753703535967
87150.00399999999,0.1516546905,0.08082364647014681,-0.07083104402985319
87220.00399999999,0.151712507,0.08082416006392423,-0.07088834693607576
87300.00399999999,0.1517680883,0.0808247468501962,-0.0709433414498038
87370.00399999999,0.1517955065,0.08082526012198436,-0.07097024637801565
87440.00399999999,0.1518518478,0.0808257735349735,-0.0710260742650265
87520.00399999999,0.1518689096,0.08082635968145657,-0.07104254991854342
87590.00399999999,0.1519044787,0.08082687260904212,-0.0710776060909579
87670.00399999999,0.1519585848,0.08082745913037367,-0.07113112566962632
87740.00399999999,0.1519800872,0.08082797167642933,-0.07115211552357067
87820.00399999999,0.1520549357,0.08082855802489705,-0.07122637767510295
87890.00399999999,0.1520549357,0.08082907025792789,-0.07122586544207211
87960.00399999999,0.1521475911,0.08082958359485491,-0.0713180075051451
88040.00399999999,0.1521631479,0.08083016899747728,-0.07133297890252271
88110.00399999999,0.152235046,0.0808306819201528,-0.07140436407984721
88190.00399999999,0.1522861868,0.08083126752644731,-0.07145491927355269
88260.00399999999,0.1522847116,0.08083177927435299,-0.07145293232564702
88340.00399999999,0.1523462236,0.08083236487916322,-0.07151385872083678
88410.00399999999,0.1523862481,0.0808328768008627,-0.07155337129913732
88480.00399999999,0.1524499804,0.08083338915550894,-0.07161659124449105
88560.00399999999,0.152500391,0.0808339744273763,-0.07166641657262371
88630.00399999999,0.1525670886,0.0808344865378861,-0.07173260206211392
88710.00399999999,0.1525722742,0.08083507101530382,-0.07173720318469617
88780.00399999999,0.1526426971,0.08083558300755525,-0.07180711409244475
88860.00399999999,0.1526990235,0.0808361678415254,-0.0718628556584746
88930.00399999999,0.1527538747,0.08083667944162132,-0.07191719525837867
89000.00399999999,0.1527768523,0.08083719084608255,-0.07193966145391743
89080.00399999999,0.1528531909,0.08083777549706889,-0.0720154154029311
89150.00399999999,0.1528954506,0.08083828691782292,-0.07205716368217709
89230.00399999999,0.152952522,0.08083887118442254,-0.07211365081557747
89300.00399999999,0.1530029178,0.08083938251580564,-0.07216353528419436
89380.00399999999,0.1530192196,0.08083996616818447,-0.07217925343181554
89450.00399999999,0.1530592442,0.08084047721989972,-0.07221876698010028
89530.00399999999,0.1531244665,0.08084106117597807,-0.07228340532402193
89600.00399999999,0.1531689465,0.08084157201631201,-0.072327374483688
89670.00399999999,0.1532215625,0.08084208266492887,-0.07237947983507112
89750.00399999999,0.1532727033,0.08084266636776102,-0.07243003693223898
89820.00399999999,0.1533075422,0.0808431768808176,-0.0724643653191824
89900.00399999999,0.1534090787,0.08084376077511192,-0.07256531792488809
89970.00399999999,0.1534261256,0.08084427109435814,-0.07258185450564185
90050.00399999999,0.1534935832,0.08084485425591426,-0.07264872894408575
90120.00399999999,0.1535298973,0.0808453645233326,-0.0726845327766674
90190.00399999999,0.1535995752,0.08084587477415776,-0.07275370042584224
90270.00399999999,0.1536410749,0.08084645768266568,-0.07279461721733432
90340.00399999999,0.1536885053,0.08084696779242972,-0.07284153750757028
90420.00399999999,0.1537537277,0.08084755068666671,-0.0729061770133333
90490.00399999999,0.1538004279,0.08084806039974295,-0.07295236750025706
90570.00399999999,0.1538560092,0.08084864296819766,-0.07300736623180235
90640.00399999999,0.1538864225,0.08084915245861968,-0.07303727004138033
90710.00399999999,0.1539597958,0.08084966241622173,-0.07311013338377827
90790.00399999999,0.1540220529,0.08085024469295095,-0.07317180820704906
90860.00399999999,0.1540843099,0.08085075441318906,-0.07323355548681093
90940.00399999999,0.1541332304,0.08085133628792769,-0.0732818941120723
91010.00399999999,0.1541865915,0.08085184556681452,-0.07333474593318548
91090.00399999999,0.1542592347,0.08085242774458931,-0.07340680695541069
91160.00399999999,0.1542822123,0.08085293664538215,-0.07342927565461785
91230.00399999999,0.1543533653,0.08085344579451213,-0.07349991950548786
91310.00399999999,0.1544007957,0.08085402725091882,-0.07354676844908119
91380.00399999999,0.1544615775,0.08085453622360411,-0.07360704127639589
91460.00399999999,0.1545230895,0.08085511771070214,-0.07366797178929785
91530.00399999999,0.1545860916,0.08085562657167648,-0.07373046502832352
91610.00399999999,0.1546253711,0.0808562076925138,-0.0737691634074862
91680.00399999999,0.1547091305,0.08085671663200215,-0.07385241386799786
91750.00399999999,0.154758051,0.0808572250184105,-0.07390082598158951
91830.00399999999,0.1548173428,0.08085780600311468,-0.07395953679688533
91900.00399999999,0.1548625529,0.08085831420979678,-0.07400423869020323
91980.00399999999,0.154944092,0.08085889538168729,-0.07408519661831271
92050.00399999999,0.1549930125,0.08085940337823727,-0.07413360912176273
92130.00399999999,0.155050084,0.0808599838892756,-0.07419010011072441
92200.00399999999,0.1551049352,0.0808604919187625,-0.07424444328123748
92270.00399999999,0.1551745981,0.08086099991453408,-0.07431359818546593
92350.00399999999,0.1552464962,0.08086158027581081,-0.0743849159241892
92420.00399999999,0.155298382,0.08086208814180432,-0.0744362938581957
92500.00399999999,0.1553732306,0.08086266835523685,-0.07451056224476314
92570.00399999999,0.155386582,0.08086317558515174,-0.07452340641484825
92650.00399999999,0.1554925591,0.0808637559433869,-0.0746288031566131
92720.00399999999,0.1555288881,0.08086426322364801,-0.074664624876352
92790.00399999999,0.1555881798,0.0808647706197108,-0.0747234091802892
92870.00399999999,0.1556474715,0.08086535015347933,-0.07478212134652067
92940.00399999999,0.1557253003,0.0808658574511497,-0.07485944284885031
93020.00399999999,0.1557979286,0.08086643702461249,-0.0749314915753875
93090.00399999999,0.1558512896,0.08086694410302031,-0.07498434549697969
93170.00399999999,0.155926168,0.08086752352759392,-0.07505864447240608
93240.00399999999,0.1559995413,0.08086803048249669,-0.0751315108175033
93310.00399999999,0.156024009,0.08086853691545241,-0.07515547208454758
93390.00399999999,0.156094417,0.080869115869473,-0.07522530113052701
93460.00399999999,0.1561826169,0.08086962275933623,-0.07531299414066375
93540.00399999999,0.1562485844,0.0808702015871829,-0.0753783828128171
93610.00399999999,0.1563138068,0.08087070806273615,-0.07544309873726386
93690.00399999999,0.1563738436,0.0808712867134915,-0.0755025568865085
93760.00399999999,0.1564442515,0.08087179316214949,-0.0755724583378505
93830.00399999999,0.156510964,0.08087229919265505,-0.07563866480734495
93910.00399999999,0.1565798819,0.08087287780706202,-0.07570700409293797
93980.00399999999,0.156651035,0.08087338367262503,-0.07577765132737496
94060.00399999999,0.1567296088,0.08087396204152024,-0.07585564675847976
94130.00399999999,0.1567911208,0.08087446793314232,-0.07591665286685767
94210.00399999999,0.1568607986,0.0808750457678208,-0.07598575283217919
94280.00399999999,0.1569223255,0.08087555154222352,-0.07604677395777647
94360.00399999999,0.1569964439,0.08087612928814002,-0.07612031461185999
94430.00399999999,0.1570653766,0.08087663478947478,-0.07618874181052522
94500.00399999999,0.1571328193,0.08087714041341426,-0.07625567888658574
94580.00399999999,0.1572113931,0.08087771807195844,-0.07633367502804157
94650.00399999999,0.1572847664,0.0808782234517696,-0.07640654294823039
94730.00399999999,0.1573544294,0.08087880064611551,-0.07647562875388449
94800.00399999999,0.1574263275,0.08087930599925862,-0.07654702150074137
94880.00399999999,0.1574937701,0.08087988306739409,-0.07661388703260592
94950.00399999999,0.1575745642,0.0808803880961936,-0.07669417610380638
95020.00399999999,0.1576479375,0.08088089306136148,-0.07676704443863852
95100.00399999999,0.1577272415,0.0808814700726153,-0.0768457714273847
95170.00399999999,0.1577895135,0.08088197474666424,-0.07690753875333577
95250.00399999999,0.1578665972,0.08088255150258707,-0.07698404569741292
95320.00399999999,0.1579473913,0.08088305616905546,-0.07706433513094453
95400.00399999999,0.1580237299,0.08088363264073559,-0.0771400972592644
95470.00399999999,0.1581193507,0.0808841373636227,-0.0772352133363773
95540.00399999999,0.1581919789,0.08088464166440652,-0.07730733723559348
95620.00399999999,0.1582357138,0.0808852175256694,-0.0773504962743306
95690.00399999999,0.1583135277,0.08088572171104334,-0.07742780598895667
95770.00399999999,0.1584254503,0.08088629822308425,-0.07753915207691574
95840.00399999999,0.158492893,0.0808868022251465,-0.07760609077485349
95920.00399999999,0.1585447788,0.08088737785843823,-0.07765740094156177
95990.00399999999,0.1586107463,0.08088788139880757,-0.07772286490119243
96060.00399999999,0.1587293297,0.08088838573485892,-0.07784094396514109
96140.00399999999,0.1587797403,0.08088896109554222,-0.07789077920445778
96210.00399999999,0.158883512,0.08088946499885723,-0.07799404700114278
96290.00399999999,0.1589591205,0.0808900404145838,-0.0780690800854162
96360.00399999999,0.1590206325,0.08089054364854621,-0.0781300888514538
96440.00399999999,0.1591169834,0.0808911188416663,-0.07822586455833369
96510.00399999999,0.1592074037,0.08089162249972669,-0.07831578120027331
96580.00399999999,0.159290418,0.08089212580861833,-0.07839829219138165
96660.00399999999,0.1593385935,0.0808927002830221,-0.07844589321697788
96730.00399999999,0.159467563,0.08089320381209125,-0.07857435918790875
96810.00399999999,0.1595387161,0.0808937785368714,-0.07864493756312861
96880.00399999999,0.1596098691,0.08089428123247719,-0.07871558786752281
96960.00399999999,0.1597254872,0.08089485612715808,-0.07883063107284191
97030.00399999999,0.1597936749,0.08089535890625804,-0.07889831599374195
97100.00399999999,0.159866333,0.08089586149311416,-0.07897047150688584
97180.00399999999,0.1599656492,0.0808964358907177,-0.07906921330928231
97250.00399999999,0.1600293964,0.08089693827449283,-0.07913245812550716
97330.00399999999,0.1601398289,0.08089751244292695,-0.07924231645707305
97400.00399999999,0.1602102369,0.08089801462167451,-0.07931222227832549
97480.00399999999,0.160299927,0.0808985885004831,-0.0794013384995169
97550.00399999999,0.1604022086,0.08089909091409955,-0.07950311768590046
97620.00399999999,0.1604866982,0.08089959304730968,-0.07958710515269032
97700.00399999999,0.1605652571,0.08090016658390968,-0.07966509051609032
97770.00399999999,0.1606749594,0.08090066882688442,-0.0797742905731156
97850.00399999999,0.1607542634,0.08090124211794462,-0.07985302128205539
97920.00399999999,0.1608513743,0.08090174391954509,-0.0799496303804549
98000.00399999999,0.1609314233,0.08090231695249642,-0.08002910634750357
98070.00399999999,0.1610455662,0.08090281898310009,-0.0801427472168999
98140.00399999999,0.1611233801,0.08090332043149809,-0.0802200596685019
98220.00399999999,0.1612182558,0.08090389345886187,-0.08031436234113812
98290.00399999999,0.1613094211,0.08090439490162676,-0.08040502619837323
98370.00399999999,0.1613983661,0.08090496754875388,-0.08049339855124611
98440.00399999999,0.1614739597,0.08090546860509709,-0.08056849109490291
98520.00399999999,0.1616133004,0.08090604172451353,-0.08070725867548646
98590.00399999999,0.1616666615,0.08090654268629684,-0.08076011881370317
98660.00399999999,0.1617659926,0.0809070435981267,-0.08085894900187329
98740.00399999999,0.1618808806,0.08090761602954519,-0.08097326457045481
98810.00399999999,0.1619765013,0.08090811693994408,-0.08106838436005591
98890.00399999999,0.1620624661,0.08090868897811974,-0.08115377712188025
98960.00399999999,0.1621477008,0.08090918942397096,-0.08123851137602903
99040.00399999999,0.1622633338,0.0809097614989761,-0.0813535723010239
99110.00399999999,0.1623396724,0.08091026195145533,-0.08142941044854467
99190.00399999999,0.1624656767,0.08091083389320299,-0.08155484280679702
99260.00399999999,0.1625738889,0.08091133442552269,-0.0816625544744773
99330.00399999999,0.1626435518,0.08091183435211986,-0.08173171744788015
99410.00399999999,0.1627717912,0.08091240623558875,-0.08185938496441124
99480.00399999999,0.1628614813,0.08091290636080613,-0.08194857493919387
99560.00399999999,0.1629704237,0.08091347768815627,-0.08205694601184374
99630.00399999999,0.1630623341,0.08091397754111512,-0.08214835655888489
99710.00399999999,0.1631668359,0.08091454873760363,-0.08225228716239637
99780.00399999999,0.1632935852,0.08091504873029286,-0.08237853646970715
99850.00399999999,0.1633765996,0.0809155484918237,-0.08246105110817631
99930.00399999999,0.1634699851,0.08091611914657638,-0.08255386595342361
100000.00399999999,0.1635856032,0.08091661896948946,-0.08266898423051056
100080.00399999999,0.1636960506,0.08091718961575403,-0.08277886098424597
100150.00399999999,0.1637894511,0.08091768902202115,-0.08287176207797886
100230.00399999999,0.1638932079,0.08091825945668306,-0.08297494844331695
100300.00399999999,0.1639917791,0.0809187585733991,-0.08307302052660091
100370.00399999999,0.1641125977,0.08091925792085464,-0.08319333977914536
100450.00399999999,0.1642356366,0.08091982827152076,-0.08331580832847925
100520.00399999999,0.1643134505,0.08092032698717051,-0.0833931235128295
100600.00399999999,0.1644157469,0.08092089709767415,-0.08349484980232584
100670.00399999999,0.1645350754,0.08092139604058175,-0.08361367935941826
100750.00399999999,0.1646662802,0.08092196623777245,-0.08374431396222753
100820.00399999999,0.1647366881,0.0809224643469675,-0.0838142237530325
100890.00399999999,0.1648545265,0.080922963154123,-0.08393156334587698
100970.00399999999,0.1649731249,0.0809235328487809,-0.08404959205121909
101040.00399999999,0.1650761515,0.08092403118999966,-0.08415212031000033
101120.00399999999,0.1651932448,0.08092460068349136,-0.08426864411650864
101190.00399999999,0.1653214693,0.08092509902350739,-0.0843963702764926
101270.00399999999,0.1654222757,0.08092566835456153,-0.08449660734543848
101340.00399999999,0.1655119509,0.08092616612594725,-0.08458578477405276
101410.00399999999,0.1656038761,0.08092666408138316,-0.08467721201861683
101490.00399999999,0.1657713801,0.08092723369459001,-0.08484414640540999
101560.00399999999,0.1658573598,0.08092773117380327,-0.08492962862619673
101640.00399999999,0.1659707576,0.08092830004258855,-0.08504245755741144
101710.00399999999,0.1660767496,0.0809287976255383,-0.08514795197446169
101790.00399999999,0.1661886722,0.08092936628336976,-0.08525930591663024
101860.00399999999,0.1663035452,0.08092986369850733,-0.08537368150149269
101930.00399999999,0.1664258391,0.08093036150393196,-0.08549547759606804
102010.00399999999,0.1665466726,0.08093092978565501,-0.08561574281434499
102080.00399999999,0.1666667461,0.08093142723105073,-0.08573531886894928
102160.00399999999,0.1667779237,0.08093199528646729,-0.08584592841353271
102230.00399999999,0.1668624133,0.08093249214088732,-0.08592992115911269
102310.00399999999,0.1669965684,0.08093306018989889,-0.0860635082101011
102380.00399999999,0.1671277583,0.08093355748661446,-0.08619420081338555
102450.00399999999,0.1672248542,0.08093405423516985,-0.08629079996483015
102530.00399999999,0.1673204601,0.08093462174708187,-0.08638583835291815
102600.00399999999,0.1674412787,0.08093511870766183,-0.08650615999233817
102680.00399999999,0.167586565,0.08093568651012266,-0.08665087848987733
102750.00399999999,0.1676895767,0.08093618290902377,-0.08675339379097624
102830.00399999999,0.1678207666,0.08093675042251043,-0.08688401617748957
102900.00399999999,0.1679060012,0.08093724647280788,-0.08696875472719211
102970.00399999999,0.1680572033,0.08093774314405018,-0.08711946015594983
103050.00399999999,0.1681594849,0.08093831011231382,-0.08722117478768616
103120.00399999999,0.1682565808,0.08093880601242469,-0.08731777478757531
103200.00399999999,0.1683937162,0.08093937319757138,-0.0874543430024286
103270.00399999999,0.1685256511,0.08093986937638793,-0.08758578172361207
103350.00399999999,0.1686457098,0.08094043609076473,-0.08770527370923525
103420.00399999999,0.1687450409,0.08094093165936177,-0.08780410924063824
103490.00399999999,0.168851763,0.08094142744500345,-0.08791033555499654
103570.00399999999,0.1689814627,0.08094199395259447,-0.08803946874740554
103640.00399999999,0.1691022813,0.08094248974391338,-0.08815979155608661
103720.00399999999,0.1692275405,0.08094305588207379,-0.0882844846179262
103790.00399999999,0.1693313271,0.08094355122654176,-0.08838777587345825
103870.00399999999,0.1694536209,0.08094411718763944,-0.08850950371236055
103940.00399999999,0.1696048081,0.08094461301911149,-0.08866019508088852
104020.00399999999,0.1697145104,0.08094517874685174,-0.08876933165314825
104090.00399999999,0.169807151,0.08094567375415095,-0.08886147724584904
104160.00399999999,0.1699590981,0.08094616906364988,-0.08901292903635014
104240.00399999999,0.1700902879,0.08094673483181683,-0.08914355306818317
104310.00399999999,0.1701814532,0.08094722944117515,-0.08923422375882485
104390.00399999999,0.1703386009,0.08094779527847354,-0.08939080562152646
104460.00399999999,0.1704230905,0.08094828985076095,-0.08947480064923906
104540.00399999999,0.1705542803,0.08094885507658608,-0.08960542522341391
104610.00399999999,0.1706587821,0.08094934946679516,-0.08970943263320483
104680.00399999999,0.1707914621,0.08094984398393328,-0.08984161811606674
104760.00399999999,0.1709085554,0.08095040895433786,-0.08995814644566213
104830.00399999999,0.1710597575,0.0809509036574884,-0.09010885384251159
104910.00399999999,0.1711939275,0.0809514686224557,-0.09024245887754431
104980.00399999999,0.17130436,0.08095196269166093,-0.09035239730833906
105060.00399999999,0.171410352,0.08095252703689716,-0.09045782496310283
105130.00399999999,0.1715452522,0.0809530212886982,-0.0905922309113018
105200.00399999999,0.171649754,0.08095351498979787,-0.09069623901020211
105280.00399999999,0.1717972457,0.08095407950829875,-0.09084316619170124
105350.00399999999,0.1719076782,0.08095457325888056,-0.09095310494111944
105430.00399999999,0.1720247865,0.08095513716653402,-0.09106964933346598
105500.00399999999,0.1721552461,0.08095563092977266,-0.09119961517022733
105580.00399999999,0.1722857058,0.0809561949919592,-0.09132951080804079
105650.00399999999,0.1724094748,0.08095668838777154,-0.09145278641222845
105720.00399999999,0.1725369543,0.08095718192315228,-0.09157977237684771
105800.00399999999,0.1726725996,0.08095774573995113,-0.09171485386004888
105870.00399999999,0.1727934033,0.08095823888958846,-0.09183516441041155
105950.00399999999,0.1729638875,0.08095880278769713,-0.09200508471230287
106020.00399999999,0.1730513573,0.08095929558561703,-0.09209206171438299
106100.00399999999,0.1731877327,0.08095985886411823,-0.09222787383588178
106170.00399999999,0.1733122468,0.08096035179864715,-0.09235189500135287
106240.00399999999,0.1734523326,0.0809608449257584,-0.0924914876742416
106320.00399999999,0.1735894531,0.08096140799695616,-0.09262804510304386
106390.00399999999,0.1737065464,0.08096190061961678,-0.09274464578038322
106470.00399999999,0.173854053,0.08096246349467212,-0.09289158950532789
106540.00399999999,0.1739837676,0.08096295618973101,-0.093020811410269
106620.00399999999,0.1741260737,0.08096351882277093,-0.09316255487722906
106690.00399999999,0.1742780209,0.08096401152784115,-0.09331400937215885
106760.00399999999,0.1743788123,0.0809645036593717,-0.09341430864062829
106840.00399999999,0.174500376,0.08096506581014394,-0.09353531018985607
106910.00399999999,0.174659729,0.08096555835738597,-0.09369417064261404
106990.00399999999,0.1747709066,0.08096612025113646,-0.09380478634886354
107060.00399999999,0.174916178,0.08096661222202449,-0.09394956577797552
107140.00399999999,0.1750599742,0.08096717445859769,-0.0940927997414023
107210.00399999999,0.1751919091,0.08096766636877616,-0.09422424273122383
107280.00399999999,0.1753223538,0.08096815791236446,-0.09435419588763554
107360.00399999999,0.1754705906,0.08096871971281569,-0.09450187088718431
107430.00399999999,0.1755943596,0.08096921122761501,-0.09462514837238499
107510.00399999999,0.1757455766,0.08096977307020749,-0.09477580352979252
107580.00399999999,0.1759071499,0.08097026473402606,-0.09493688516597394
107660.00399999999,0.1760657728,0.08097082620997882,-0.09509494659002117
107730.00399999999,0.1761858314,0.08097131730451358,-0.09521451409548641
107800.00399999999,0.1763081253,0.08097180835313045,-0.09533631694686956
107880.00399999999,0.1764704436,0.08097236971717171,-0.09549807388282829
107950.00399999999,0.176634267,0.0809728610695856,-0.09566140593041442
108030.00399999999,0.1767728627,0.08097342188471864,-0.09579944081528137
108100.00399999999,0.1769218445,0.08097391270281376,-0.09594793179718625
108180.00399999999,0.1770767421,0.08097447352445218,-0.09610226857554781
108250.00399999999,0.1772146076,0.08097496423595632,-0.09623964336404367
108320.00399999999,0.1773858219,0.08097545524356993,-0.09641036665643006
108400.00399999999,0.177493304,0.08097601536009985,-0.09651728863990014
108470.00399999999,0.1776341349,0.08097650589044658,-0.09665762900955341
108550.00399999999,0.1778601855,0.0809770667394644,-0.09688311876053558
108620.00399999999,0.1780121326,0.08097755701257693,-0.09703457558742308
108700.00399999999,0.1781262755,0.08097811729742142,-0.09714815820257856
108770.00399999999,0.178297475,0.08097860757563854,-0.09731886742436147
108840.00399999999,0.1784190536,0.0809790972096747,-0.0974399563903253
108920.00399999999,0.1786147207,0.08097965754938369,-0.09763506315061632
108990.00399999999,0.1787466556,0.08098014713337247,-0.09776650846662753
109070.00399999999,0.1789163798,0.08098070685236078,-0.09793567294763922
109140.00399999999,0.1790779531,0.08098119683004877,-0.09809675626995122
109220.00399999999,0.1792477071,0.08098175639354832,-0.09826595070645167
109290.00399999999,0.1794181764,0.08098224615446024,-0.09843593024553975
109370.00399999999,0.1795886457,0.08098280565765047,-0.09860584004234953
109440.00399999999,0.1797279865,0.08098329481057091,-0.09874469168942908
109510.00399999999,0.1799088269,0.08098378414506618,-0.09892504275493383
109590.00399999999,0.1801067442,0.08098434361676199,-0.09912240058323801
109660.00399999999,0.1802609116,0.08098483271501276,-0.09927607888498723
109740.00399999999,0.180458799,0.08098539188680062,-0.09947340711319938
109810.00399999999,0.180574432,0.08098588051631755,-0.09958855148368245
109890.00399999999,0.1807938069,0.08098643965123084,-0.09980736724876915
109960.00399999999,0.1809502244,0.08098692842490199,-0.09996329597509801
110030.00399999999,0.1811088324,0.08098741706744998,-0.10012141533255002
110110.00399999999,0.1813296974,0.08098797601342919,-0.1003417213865708
110180.00399999999,0.1814994365,0.08098846465718679,-0.10051097184281321
110260.00399999999,0.1816669405,0.08098902271777045,-0.10067791778222956
110330.00399999999,0.1818559468,0.08098951148996131,-0.1008664353100387
110410.00399999999,0.1820338368,0.08099006951550138,-0.10104376728449861
110480.00399999999,0.1822517365,0.08099055820570639,-0.10126117829429362
110550.00399999999,0.182415545,0.08099104629862769,-0.10142449870137232
110630.00399999999,0.1826089919,0.08099160417321694,-0.10161738772678305
110700.00399999999,0.182814315,0.08099209258446471,-0.10182222241553529
110780.00399999999,0.1829751432,0.08099264985079326,-0.10198249334920674
110850.00399999999,0.1831611842,0.0809931377289706,-0.1021680464710294
110930.00399999999,0.1833724231,0.08099369528787198,-0.102378727812128
111000.00399999999,0.1835725456,0.08099418319943567,-0.10257836240056432
111070.00399999999,0.1837593317,0.08099467097813824,-0.10276466072186176
111150.00399999999,0.1839587092,0.08099522812238229,-0.1029634810776177
111220.00399999999,0.1841654927,0.08099571588593968,-0.10316977681406031
111300.00399999999,0.1843670905,0.08099627291791064,-0.10337081758208935
111370.00399999999,0.1845620424,0.08099676031682014,-0.10356528208317985
111450.00399999999,0.184788838,0.08099731714389209,-0.10379152085610792
111520.00399999999,0.1849874705,0.08099780445422476,-0.10398966604577524
111590.00399999999,0.1851705462,0.08099829143082768,-0.10417225476917233
111670.00399999999,0.1854181141,0.08099884840934825,-0.10441926569065176
111740.00399999999,0.1856404692,0.08099933567201828,-0.10464113352798171
111820.00399999999,0.1858272403,0.0809998918898526,-0.1048273484101474
111890.00399999999,0.1860155016,0.08100037859410987,-0.10501512300589012
111970.00399999999,0.1862363815,0.08100093479679937,-0.10523544670320062
112040.00399999999,0.186471343,0.08100142182544914,-0.10546992117455087
112110.00399999999,0.1866714507,0.08100190839889229,-0.1056695423011077
112190.00399999999,0.1868982613,0.08100246440408894,-0.10589579689591107
112260.00399999999,0.1871102452,0.0810029508971464,-0.1061072943028536
112340.00399999999,0.1873429865,0.08100350668994309,-0.10633947981005691
112410.00399999999,0.1875534803,0.08100399287937808,-0.10654948742062191
112490.00399999999,0.187816605,0.08100454888178547,-0.10681205611821452
112560.00399999999,0.1880145073,0.08100503492863242,-0.10700947237136757
112630.00399999999,0.1882279664,0.08100552100879421,-0.10722244539120579
112710.00399999999,0.1884555072,0.08100607616069971,-0.1074494310393003
112780.00399999999,0.1887141913,0.08100656248670521,-0.10770762881329479
112860.00399999999,0.1889372766,0.08100711750063877,-0.10793015909936124
112930.00399999999,0.1891529709,0.08100760330425677,-0.10814536759574322
113010.00399999999,0.1894146055,0.08100815848380208,-0.10840644701619792
113080.00399999999,0.1896436363,0.08100864424466846,-0.10863499205533154
113150.00399999999,0.1898652464,0.08100912970001753,-0.10885611669998246
113230.00399999999,0.1901254058,0.08100968457080246,-0.10911572122919755
113300.00399999999,0.1903381348,0.08101016985370889,-0.10932796494629111
113380.00399999999,0.1906116307,0.0810107246733292,-0.1096009060266708
113450.00399999999,0.1908221245,0.08101120984025457,-0.10981091465974542
113530.00399999999,0.191065982,0.0810117642439154,-0.1100542177560846
113600.00399999999,0.1912927926,0.08101224922648174,-0.11028054337351827
113670.00399999999,0.1915425658,0.08101273445700323,-0.11052983134299678
113750.00399999999,0.1917834431,0.08101328848420396,-0.11077015461579605
113820.00399999999,0.1920287907,0.08101377342336025,-0.11101501727663976
113900.00399999999,0.1922741234,0.08101432719646126,-0.11125979620353874
113970.00399999999,0.1925276071,0.08101481206989458,-0.11151279503010542
114050.00399999999,0.1927536726,0.08101536580538822,-0.11173830679461179
114120.00399999999,0.192996785,0.08101585032105443,-0.11198093467894557
114200.00399999999,0.19326213,0.08101640407832379,-0.11224572592167621
114270.00399999999,0.1934844851,0.08101688826433712,-0.11246759683566288
114340.00399999999,0.1937261224,0.08101737253684486,-0.11270874986315514
114420.00399999999,0.1939810812,0.0810179259927995,-0.11296315520720049
114490.00399999999,0.1942404956,0.0810184101581969,-0.11322208544180311
114570.00399999999,0.1944902986,0.08101896328787471,-0.11347133531212529
114640.00399999999,0.1947119087,0.08101944722923193,-0.11369246147076806
114720.00399999999,0.1949690878,0.0810200003569269,-0.1139490874430731
114790.00399999999,0.1951966286,0.08102048421455138,-0.11417614438544862
114860.00399999999,0.1954204887,0.08102096780687523,-0.11439952089312477
114940.00399999999,0.1956910193,0.08102152069114721,-0.11466949860885278
115010.00399999999,0.1959281862,0.08102200437431552,-0.11490618182568448
115090.00399999999,0.1961601973,0.08102255678655072,-0.11513764051344928
115160.00399999999,0.1963981092,0.08102304034317494,-0.11537506885682507
115240.00399999999,0.1966760606,0.08102359290231131,-0.1156524676976887
115310.00399999999,0.196866557,0.08102407579558746,-0.11584248120441254
115380.00399999999,0.1971081793,0.08102455898580674,-0.11608362031419325
115460.00399999999,0.1973712891,0.08102511110405823,-0.11634617799594178
115530.00399999999,0.1975803077,0.08102559418940412,-0.11655471351059589
115610.00399999999,0.1978612244,0.08102614645313687,-0.11683507794686314
115680.00399999999,0.1980813593,0.0810266294661824,-0.11705472983381761
115760.00399999999,0.1983429939,0.08102718126962165,-0.11731581263037834
115830.00399999999,0.1985772252,0.0810276641681974,-0.11754956103180261
115900.00399999999,0.1987595558,0.08102814615910627,-0.11773140964089372
115980.00399999999,0.1990285963,0.08102869810037407,-0.11799989819962593
116050.00399999999,0.1992442906,0.08102918047056812,-0.1182151101294319
116130.00399999999,0.1994992644,0.08102973180907712,-0.11846953259092287
116200.00399999999,0.199725315,0.08103021432064893,-0.11869510067935106
116280.00399999999,0.1999773234,0.08103076543160158,-0.11894655796839841
116350.00399999999,0.2001885772,0.08103124740950775,-0.11915732979049225
116420.00399999999,0.200399071,0.08103172947367439,-0.11936734152632562
116500.00399999999,0.2006651461,0.08103228049175072,-0.11963286560824928
116570.00399999999,0.2009112388,0.08103276284437992,-0.11987847595562008
116650.00399999999,0.2011736035,0.08103331361175407,-0.12014028988824592
116720.00399999999,0.2013892978,0.08103379532023985,-0.12035550247976015
116800.00399999999,0.2016057372,0.08103434538197515,-0.12057139181802484
116870.00399999999,0.201851055,0.0810348275207908,-0.1208162274792092
116940.00399999999,0.2020734102,0.08103530911690074,-0.12103810108309926
117020.00399999999,0.202302441,0.08103585921063317,-0.12126658178936683
117090.00399999999,0.2025396377,0.0810363407030127,-0.1215032969969873
117170.00399999999,0.2027990371,0.08103689087504841,-0.12176214622495159
117240.00399999999,0.2030147314,0.08103737201962927,-0.12197735938037074
117320.00399999999,0.2032719254,0.08103792199543637,-0.12223400340456363
117390.00399999999,0.2035165131,0.08103840338558853,-0.12247810971441146
117460.00399999999,0.2037069947,0.08103888400526303,-0.12266811069473697
117540.00399999999,0.2039842159,0.08103943379882445,-0.12294478210117554
117610.00399999999,0.2042087913,0.08103991465818312,-0.12316887664181687
117690.00399999999,0.2044652402,0.08104046411984782,-0.12342477608015219
117760.00399999999,0.2046994567,0.08104094495174163,-0.12365851174825837
117840.00399999999,0.2049522102,0.08104149389361781,-0.1239107163063822
117910.00399999999,0.2052182853,0.08104197482695287,-0.12417631047304713
117980.00399999999,0.2054495364,0.08104245541109438,-0.12440708098890561
118060.00399999999,0.2057178617,0.0810430044392798,-0.12467485726072021
118130.00399999999,0.205950588,0.08104348482178038,-0.12490710317821961
118210.00399999999,0.2062218636,0.08104403357614791,-0.12517783002385208
118280.00399999999,0.206482023,0.08104451405750655,-0.12543750894249345
118360.00399999999,0.2067407072,0.08104506252844823,-0.12569564467155178
118430.00399999999,0.206986025,0.08104554271506752,-0.1259404822849325
118500.00399999999,0.2072469443,0.08104602278024708,-0.12620092151975293
118580.00399999999,0.2074944973,0.08104657081042695,-0.12644792648957304
118650.00399999999,0.2077768892,0.08104705106496264,-0.12672983813503735
118730.00399999999,0.2080288976,0.08104759888471083,-0.12698129871528918
118800.00399999999,0.2083142549,0.08104807895771719,-0.1272661759422828
118880.00399999999,0.2085788697,0.08104862673439944,-0.12753024296560056
118950.00399999999,0.2088538408,0.08104910650666514,-0.12780473429333486
119030.00399999999,0.2091140002,0.0810496540367024,-0.1280643461632976
119100.00399999999,0.2093838006,0.0810501333645684,-0.1283336672354316
119170.00399999999,0.2096365392,0.08105061255661614,-0.12858592664338386
119250.00399999999,0.2099545151,0.08105116036742496,-0.12890335473257503
119320.00399999999,0.2102272809,0.08105163951754525,-0.12917564138245474
119400.00399999999,0.2105719298,0.0810521872444576,-0.12951974255554238
119470.00399999999,0.2108313292,0.08105266602742076,-0.12977866317257924
119550.00399999999,0.2111456096,0.08105321331641803,-0.130092396283582
119620.00399999999,0.2114161402,0.08105369206678337,-0.13036244813321662
119690.00399999999,0.2117229998,0.08105417109184379,-0.13066882870815621
119770.00399999999,0.212017253,0.08105471765046143,-0.13096253534953856
119840.00399999999,0.2123137265,0.08105519625886172,-0.13125853024113826
119920.00399999999,0.2126517147,0.08105574309327333,-0.13159597160672665
119990.00399999999,0.2129489183,0.08105622158127455,-0.13189269671872544
120070.00399999999,0.2132824659,0.08105676806694956,-0.13222569783305044
120140.00399999999,0.2135915458,0.08105724630129932,-0.1325342994987007
120210.00399999999,0.2139310092,0.08105772498896897,-0.132873284211031
120290.00399999999,0.2142363787,0.0810582710087177,-0.1331781076912823
120360.00399999999,0.2145929039,0.0810587494774781,-0.1335341544225219
120440.00399999999,0.2149620056,0.08105929575083592,-0.13390270984916408
120510.00399999999,0.2152392119,0.0810597732844942,-0.1341794386155058
120590.00399999999,0.2156342715,0.08106031975110171,-0.1345739517488983
120660.00399999999,0.2159618735,0.08106079750210847,-0.13490107599789153
120730.00399999999,0.2162650228,0.08106127483581183,-0.1352037479641882
120810.00399999999,0.2166371047,0.08106182063518828,-0.13557528406481173
120880.00399999999,0.2169854641,0.08106229831668804,-0.13592316578331196
120960.00399999999,0.2173805237,0.0810628439154264,-0.1363176797845736
121030.00399999999,0.2177103609,0.08106332137861338,-0.13664703952138663
121110.00399999999,0.2181009501,0.08106386683043677,-0.1370370832695632
121180.00399999999,0.2184471041,0.08106434398366272,-0.1373827601163373
121250.00399999999,0.2187695205,0.08106482110964,-0.13770469939036
121330.00399999999,0.2191341817,0.08106536598106928,-0.13806881571893073
121400.00399999999,0.2195129246,0.08106584342017867,-0.13844708117982132
121480.00399999999,0.2198916823,0.08106638835902424,-0.13882529394097576
121550.00399999999,0.220217064,0.08106686515702083,-0.13915019884297916
121630.00399999999,0.22058025,0.0810674096507711,-0.1395128403492289
121700.00399999999,0.22093454,0.08106788656156558,-0.13986665343843444
121770.00399999999,0.221236214,0.081068362893656,-0.140167851106344
121850.00399999999,0.2216097713,0.08106890762997304,-0.14054086367002697
121920.00399999999,0.2219166309,0.081069383961196,-0.140847246938804
122000.00399999999,0.2222761065,0.08106992870719816,-0.1412061777928018
122070.00399999999,0.2225933224,0.08107040497625216,-0.14152291742374784
122150.00399999999,0.2229038924,0.08107094895731665,-0.14183294344268335
122220.00399999999,0.2232055515,0.08107142538280412,-0.14213412611719586
122290.00399999999,0.2234597951,0.0810719013377929,-0.1423878937622071
122370.00399999999,0.223794058,0.08107244553460441,-0.14272161246539558
122440.00399999999,0.2240371704,0.08107292128437883,-0.14296424911562117
122520.00500000003,0.2243284732,0.08107346503395747,-0.14325500816604253
122590.00500000003,0.2245574892,0.08107394077594421,-0.14348354842405578
122670.00500000003,0.2247998714,0.08107448409609613,-0.14372538730390386
122740.00500000003,0.225079298,0.08107496007562896,-0.14400433792437106
122810.00500000003,0.2252853364,0.08107543557959102,-0.144209900820409
122890.00500000003,0.2255091965,0.08107597865912881,-0.1444332178408712
122960.00500000003,0.2257426679,0.08107645428835013,-0.14466621361164989
123040.00500000003,0.2259383351,0.08107699728541967,-0.14486133781458033
123110.00500000003,0.2261184454,0.08107747247886067,-0.14504097292113932
123190.00500000003,0.2263133824,0.08107801545006409,-0.14523536694993594
123260.00500000003,0.2265357375,0.08107849084724239,-0.1454572466527576
123330.00500000003,0.226663962,0.08107896550143977,-0.14558499649856022
123410.00500000003,0.2268373966,0.08107950824934396,-0.14575788835065603
123480.00500000003,0.2269915789,0.0810799831505198,-0.1459115957494802
123560.00500000003,0.2271435261,0.08108052554047485,-0.14606300055952515
123630.00500000003,0.2273162156,0.08108100062251641,-0.1462352149774836
123710.00500000003,0.2274303585,0.08108154255998312,-0.1463488159400169
123780.00500000003,0.2275719196,0.0810820171148809,-0.14648990248511912
123860.00500000003,0.2277090549,0.08108255950951974,-0.14662649539048028
123930.00500000003,0.2278135568,0.08108303383968904,-0.14673052296031097
124000.00500000003,0.2279684693,0.08108350846092136,-0.14688496083907865
124080.00500000003,0.228081122,0.08108405045872291,-0.14699707154127709
124150.00500000003,0.2281922996,0.08108452455277305,-0.14710777504722694
124230.00500000003,0.2282827199,0.08108506595006185,-0.14719765394993814
124300.00500000003,0.228435427,0.081085540511901,-0.147349886488099
124380.00500000003,0.2285176963,0.08108608182305341,-0.14743161447694658
124450.00500000003,0.2286310941,0.0810865558878288,-0.14754453821217117
124520.00500000003,0.2286896408,0.08108702925651147,-0.14760261154348853
124600.00500000003,0.2288023084,0.08108757094764225,-0.14771473745235775
124670.00500000003,0.2288793921,0.08108804424431103,-0.14779134785568898
124750.00500000003,0.2289890796,0.08108858549906174,-0.14790049410093825
124820.00500000003,0.2290617377,0.08108905898227654,-0.14797267871772346
124900.00500000003,0.2291640192,0.08108960004638482,-0.1480744191536152
124970.00500000003,0.2292485088,0.08109007338784441,-0.1481584354121556
125040.00500000003,0.2293285578,0.08109054668662236,-0.14823801111337764
125120.00500000003,0.2294063866,0.08109108745762605,-0.14831529914237396
125190.00500000003,0.2294753045,0.08109156055200473,-0.14838374394799528
125270.00500000003,0.2295575738,0.08109210103306501,-0.148465472766935
125340.00500000003,0.2296198457,0.08109257384699459,-0.1485272718530054
125420.00500000003,0.2297028601,0.08109311430861002,-0.14860974579138997
125490.00500000003,0.2297651321,0.08109358692304416,-0.14867154517695583
125560.00500000003,0.2298481315,0.08109406003027901,-0.14875407146972097
125640.00500000003,0.2299192846,0.08109460004267642,-0.14882468455732356
125710.00500000003,0.229984507,0.08109507256880523,-0.1488894344311948
125790.00500000003,0.2300682664,0.08109561281288626,-0.14897265358711376
125860.00500000003,0.2301097661,0.08109608496098783,-0.14901368113901217
125940.00500000003,0.2301883399,0.08109662482241764,-0.14909171507758237
126010.00500000003,0.2302468866,0.08109709702217771,-0.1491497895778223
126080.00500000003,0.2302943319,0.08109756914057699,-0.149196762759423
126160.00500000003,0.230374366,0.08109810875317111,-0.1492762572468289
126230.00500000003,0.2304514647,0.08109858078300206,-0.14935288391699794
126310.00500000003,0.2305078059,0.08109912012836444,-0.14940868577163557
126380.00500000003,0.2305730283,0.08109959210540275,-0.14947343619459724
126460.00500000003,0.230641216,0.08110013137299185,-0.14954108462700816
126530.00500000003,0.2306997627,0.08110060295069856,-0.14959915974930144
126600.00500000003,0.2307605445,0.0811010746411044,-0.1496594698588956
126680.00500000003,0.2308116853,0.08110161347553159,-0.14971007182446844
126750.00500000003,0.2308731973,0.08110208492964976,-0.14977111237035023
126830.00500000003,0.2309384197,0.08110262367883556,-0.14983579602116445
126900.00500000003,0.2309865952,0.08110309493100813,-0.1498835002689919
126980.00500000003,0.2310607135,0.08110363360543285,-0.14995707989456714
127050.00500000003,0.2311207652,0.08110410487706463,-0.15001666032293537
127120.00500000003,0.2311882228,0.08110457606093145,-0.15008364673906854
127200.00500000003,0.2312527001,0.08110511435823621,-0.1501475857417638
127270.00500000003,0.2313053161,0.08110558529962998,-0.15019973080037002
127350.00500000003,0.2313809246,0.0811061235121337,-0.1502748010878663
127420.00500000003,0.231428355,0.08110659428067067,-0.15032176071932934
127500.00500000003,0.2315032184,0.08110713231778997,-0.15039608608221
127570.00500000003,0.2315587997,0.08110760298705368,-0.15045119671294632
127640.00500000003,0.231615141,0.08110807350271304,-0.15050706749728696
127720.00500000003,0.2316899896,0.08110861119680897,-0.15058137840319102
127790.00500000003,0.2317500263,0.081109081679638,-0.15064094462036198
127870.00500000003,0.2318234146,0.08110961929309733,-0.15071379530690265
127940.00500000003,0.2318923473,0.08111008961514626,-0.15078225768485373
128020.00500000003,0.2319709212,0.08111062706423865,-0.15086029413576135
128090.00500000003,0.2320361435,0.08111109732185894,-0.15092504617814106
128160.00500000003,0.2320961803,0.08111156736192753,-0.15098461293807247
128240.00500000003,0.232154727,0.08111210423527762,-0.15104262276472238
128310.00500000003,0.2322399616,0.08111257441127605,-0.15112738718872393
128390.00500000003,0.2323089093,0.08111311102114119,-0.15119579827885882
128460.00500000003,0.2323748767,0.08111358103390091,-0.15126129566609908
128540.00500000003,0.2324134111,0.0811141174338951,-0.1512992936661049
128610.00500000003,0.2325023711,0.08111458709606062,-0.15138778400393937
128680.00500000003,0.2326053977,0.0811150570700068,-0.1514903406299932
128760.00500000003,0.2326883972,0.08111559358062934,-0.15157280361937067
128830.00500000003,0.2327677161,0.08111606296082216,-0.15165165313917783
128910.00500000003,0.2328484952,0.08111659938466269,-0.1517318958153373
128980.00500000003,0.2329315096,0.0811170684259364,-0.15181444117406362
129060.00500000003,0.2329848707,0.0811176042618896,-0.1518672664381104
129130.00500000003,0.2330834568,0.08111807341745995,-0.15196538338254006
129210.00500000003,0.2331753671,0.08111860934813399,-0.152056757751866
129280.00500000003,0.2332613468,0.08111907819755712,-0.15214226860244287
129350.00500000003,0.2333680838,0.08111954739905743,-0.15224853640094255
129430.00500000003,0.2334851921,0.08112008332586862,-0.15236510877413137
129500.00500000003,0.2335348427,0.08112055172528082,-0.15241429097471917
129580.00500000003,0.2335793078,0.08112108716282733,-0.15245822063717268
129650.00500000003,0.2337001413,0.08112155595202204,-0.15257858534797797
129730.00500000003,0.2338239104,0.08112209146005472,-0.15270181893994528
129800.00500000003,0.233890608,0.08112255967207191,-0.1527680483279281
129870.00500000003,0.2340358943,0.08112302838510003,-0.15291286591489994
129950.00500000003,0.2340959162,0.08112356308367667,-0.15297235311632335
130020.00500000003,0.2342034131,0.08112403121726383,-0.15307938188273618
130100.00500000003,0.2343479544,0.08112456643322313,-0.15322338796677687
130170.00500000003,0.2344368845,0.0811250341914712,-0.15331185030852879
130250.00500000003,0.2346021682,0.08112556957545301,-0.153476598624547
130320.00500000003,0.2346955687,0.08112603723603659,-0.1535695314639634
130390.00500000003,0.2348082215,0.08112650477662185,-0.15368171672337816
130470.00500000003,0.2349512726,0.0811270393380604,-0.1538242332619396
130540.00500000003,0.2350943238,0.08112750711311216,-0.15396681668688783
130620.00500000003,0.2352202982,0.08112804128556926,-0.15409225691443074
130690.00500000003,0.2353707701,0.0811285090526565,-0.15424226104734348
130770.00500000003,0.2355308682,0.0811290432066868,-0.15440182499331317
130840.00500000003,0.2356783897,0.08112951074811925,-0.15454887895188074
130910.00500000003,0.2358266264,0.08112997790434187,-0.15469664849565812
130990.00500000003,0.2359941453,0.08113051206738332,-0.1548636332326167
131060.00500000003,0.2361342162,0.08113097896845045,-0.15500323723154955
131140.00500000003,0.2363224775,0.08113151278017039,-0.1551909647198296
131210.00500000003,0.2364892513,0.08113197981483525,-0.15535727148516476
131290.00500000003,0.2366752774,0.08113251337740972,-0.15554276402259026
131360.00500000003,0.2368664891,0.08113298055116161,-0.15573350854883838
131430.00500000003,0.2370118052,0.08113344683573606,-0.15587835836426395
131510.00500000003,0.2372593433,0.08113398061879294,-0.15612536268120708
131580.00500000003,0.2374394685,0.08113444719954194,-0.15630502130045806
131660.00500000003,0.2376529127,0.08113498008012153,-0.15651793261987845
131730.00500000003,0.2378500849,0.0811354465036167,-0.1567146383963833
131810.00500000003,0.2381087393,0.08113597965141738,-0.15697275964858265
131880.00500000003,0.2383474261,0.0811364461564453,-0.1572109799435547
131950.00500000003,0.2385579199,0.08113691237733092,-0.15742100752266908
132030.00500000003,0.2388284653,0.08113744512529181,-0.15769102017470818
132100.00500000003,0.2390500754,0.08113791100916634,-0.15791216439083366
132180.00500000003,0.2393509895,0.08113844367240516,-0.15821254582759484
132250.00500000003,0.2396267205,0.08113890977103505,-0.15848781072896495
132330.00500000003,0.2399113327,0.0811394420260577,-0.15877189067394232
132400.00500000003,0.2401759475,0.08113990750697134,-0.15903603999302865
132470.00500000003,0.2404746264,0.08114037329991852,-0.15933425310008148
132550.00500000003,0.2407933623,0.08114090552332856,-0.15965245677667145
132620.00500000003,0.2411254197,0.08114137129822595,-0.15998404840177405
132700.00500000003,0.2414626628,0.08114190310512792,-0.16032075969487208
132770.00500000003,0.2417932302,0.08114236836931701,-0.16065086183068297
132850.00500000003,0.2421919852,0.08114290039055337,-0.16104908480944663
132920.00500000003,0.2425247878,0.08114336556458485,-0.16138142223541516
132990.00500000003,0.2429094762,0.08114383074747254,-0.16176564545252747
133070.00500000003,0.2433504611,0.08114436251771985,-0.16220609858228013
133140.00500000003,0.243724063,0.08114482758895582,-0.1625792354110442
133220.00500000003,0.2441850752,0.08114535881246807,-0.16303971638753192
133290.00500000003,0.2446193844,0.08114582390011332,-0.16347356049988668
133370.00500000003,0.2450937778,0.0811463548805251,-0.1639474229194749
133440.00500000003,0.2455725819,0.08114682001963061,-0.1644257618803694
133510.00500000003,0.2459950596,0.08114728421715935,-0.16484777538284068
133590.00500000003,0.2465665191,0.08114781531346779,-0.1654187037865322
133660.00500000003,0.247070536,0.08114828002074993,-0.1659222559792501
133740.00500000003,0.2476419955,0.08114881076738978,-0.1664931847326102
133810.00500000003,0.2481667548,0.08114927506328609,-0.1670174797367139
133890.00500000003,0.2487923056,0.08114980559752898,-0.16764250000247105
133960.00500000003,0.2493593544,0.08115026980117401,-0.168209084598826
134040.00500000003,0.2500197291,0.08115080013260577,-0.1688689289673942
134110.00500000003,0.2506356835,0.0811512644143475,-0.16948441908565248
134180.00500000003,0.2512597442,0.0811517284877977,-0.17010801571220233
134260.00500000003,0.2519705594,0.08115225852121433,-0.1708183008787857
134330.00500000003,0.2526368797,0.08115272248548283,-0.17148415721451715
134410.00500000003,0.2533973455,0.08115325239271569,-0.17224409310728428
134480.00500000003,0.2541029751,0.08115371618287287,-0.17294925891712715
134560.00500000003,0.2549116015,0.0811542461020598,-0.17375735539794018
134630.00500000003,0.2556365132,0.08115470953201431,-0.1744818036679857
134700.00500000003,0.2564014196,0.08115517299790104,-0.17524624660209898
134780.00500000003,0.25729087,0.08115570259424146,-0.17613516740575855
134850.00500000003,0.2580483556,0.08115616586494055,-0.17689218973505944
134930.00500000003,0.2589986026,0.08115669549720939,-0.17784190710279063
135000.00500000003,0.2598287165,0.08115715862185366,-0.17867155787814634
135080.00500000003,0.2608233988,0.08115768793954571,-0.1796657108604543
135150.00500000003,0.2616831958,0.08115815063656923,-0.18052504516343076
135220.00500000003,0.2626126409,0.08115861399569736,-0.18145402690430268
135300.00500000003,0.2636814415,0.08115914289438257,-0.18252229860561742
135370.00500000003,0.2646487057,0.08115960578149636,-0.18348909991850362
135450.00500000003,0.2657434642,0.0811601343700908,-0.18458332982990922
135520.00500000003,0.2667789161,0.08116059734040047,-0.1856183187595995
135600.00500000003,0.2679351866,0.081161125916512,-0.18677406068348798
135670.00500000003,0.2690024972,0.08116158853239017,-0.18784090866760986
135740.00500000003,0.2700742781,0.08116205101980992,-0.1889122270801901
135820.00500000003,0.2712905705,0.08116257897843512,-0.19012799152156487
135890.00500000003,0.2724142373,0.0811630413384113,-0.19125119596158868
135970.00500000003,0.2737128139,0.08116356945836313,-0.1925492444416369
136040.00500000003,0.2748965025,0.08116403153942736,-0.1937324709605726
136120.00500000003,0.2762862444,0.08116455995430953,-0.19512168444569045
136190.00500000003,0.2775010467,0.08116502187572884,-0.19633602482427115
136260.00500000003,0.2787514627,0.08116548406218062,-0.1975859786378194
136340.00500000003,0.2802019715,0.08116601183167454,-0.19903595966832544
136410.00500000003,0.2814597785,0.08116647329955036,-0.20029330520044963
136490.00500000003,0.2829607129,0.08116700117502812,-0.2017937117249719
136560.00500000003,0.2842793167,0.08116746260679211,-0.2031118540932079
136640.00500000003,0.2858335972,0.08116799006279615,-0.20466560713720386
136710.00500000003,0.2872166634,0.08116845170564224,-0.20604821169435777
136780.00500000003,0.2885715961,0.08116891278569757,-0.20740268331430242
136860.00500000003,0.2901977599,0.08116944007208463,-0.2090283198279154
136930.00500000003,0.2916349471,0.08116990147136637,-0.2104650456286336
137010.00500000003,0.2932752073,0.08117042838829881,-0.2121047789117012
137080.00500000003,0.294733882,0.08117088952436305,-0.21356299247563695
137160.00500000003,0.2964297533,0.08117141646196516,-0.21525833683803483
137230.00500000003,0.2979440093,0.0811718774717244,-0.2167721318282756
137300.00500000003,0.2994745672,0.081172338576121,-0.218302228623879
137380.00500000003,0.3012304902,0.08117286539544444,-0.22005762480455554
137450.00500000003,0.3027654886,0.08117332599566454,-0.22159216260433548
137530.00500000003,0.3045495749,0.08117385257973068,-0.2233757223202693
137600.00500000003,0.3061305583,0.0811743130363914,-0.22495624526360863
137680.00500000003,0.3079509139,0.08117483933217005,-0.22677607456782994
137750.00500000003,0.3095504344,0.08117529995647786,-0.22837513444352214
137820.00500000003,0.3111692071,0.08117576015001449,-0.22999344694998552
137900.00500000003,0.3130185008,0.08117628578839794,-0.23184221501160204
137970.00500000003,0.3146573007,0.081176746019963,-0.23348055468003698
138050.00500000003,0.3165992498,0.08117727218637523,-0.23542197761362477
138120.00500000003,0.3182595372,0.08117773238805825,-0.23708180481194174
138200.00500000003,0.3201577365,0.08117825781077165,-0.23897947868922836
138270.00500000003,0.3218506575,0.08117871772729843,-0.2406719397727016
138340.00500000003,0.3235501945,0.08117917772259493,-0.24237101677740508
138420.00500000003,0.3255010545,0.08117970298508269,-0.2443213515149173
138490.00500000003,0.3272413909,0.08118016297643324,-0.24606122792356674
138570.00500000003,0.3292604089,0.08118068846596688,-0.24807972043403315
138640.00500000003,0.3309970498,0.08118114751647852,-0.24981590228352146
138720.00500000003,0.3330219984,0.08118167251743497,-0.25184032588256505
138790.00500000003,0.3348016441,0.0811821318539334,-0.2536195122460666
138870.00500000003,0.3368769884,0.08118265724415785,-0.25569433115584217
138940.00500000003,0.3386692107,0.0811831160480327,-0.2574860946519673
139010.00500000003,0.3405170441,0.0811835754683563,-0.2593334686316437
139090.00500000003,0.3425923884,0.08118409994038882,-0.26140828845961117
139160.00500000003,0.3444802463,0.08118455931194375,-0.2632956869880563
139240.00500000003,0.3465881944,0.08118508372088204,-0.2654031106791179
139310.00500000003,0.3484790027,0.08118554260422235,-0.26729346009577765
139390.00500000003,0.3506381214,0.08118606682692683,-0.2694520545730732
139460.00500000003,0.3525504172,0.08118652572793682,-0.2713638914720632
139530.00500000003,0.354454577,0.08118698417569285,-0.2732675928243071
139610.00500000003,0.3567078412,0.08118750867720852,-0.27552033252279146
139680.00500000003,0.3586268127,0.08118796698248561,-0.2774388457175144
139760.00500000003,0.3608978391,0.08118849101409116,-0.27970934808590886
139830.00500000003,0.3628902137,0.08118894945069581,-0.2817012642493042
139910.00500000003,0.3651560545,0.08118947302563105,-0.28396658147436893
139980.00500000003,0.3671743274,0.0811899312545626,-0.2859843961454374
140050.00500000003,0.3691993058,0.08119038953254665,-0.28800891626745334
140130.00500000003,0.3715451956,0.08119091299014829,-0.2903542826098517
140200.00500000003,0.3735857606,0.08119137107201568,-0.2923943895279843
140280.00500000003,0.3759672344,0.08119189435621121,-0.2947753400437888
140350.00500000003,0.3780692816,0.08119235234115191,-0.29687692925884807
140430.00500000003,0.3804596663,0.08119287525173849,-0.2992667910482615
140500.00500000003,0.3825832009,0.08119333316492323,-0.30138986773507676
140570.00500000003,0.3847185969,0.08119379071869923,-0.30352480618130073
140650.00500000003,0.3871653378,0.08119431383070043,-0.3059710239692996
140720.00500000003,0.3893511593,0.08119477153356607,-0.30815638776643395
140800.00500000003,0.3917986155,0.08119529403272845,-0.31060332146727154
140870.00500000003,0.3939851522,0.08119575125556022,-0.3127894009444398
140950.00500000003,0.3965393305,0.08119627401069643,-0.3153430564893036
141020.00500000003,0.3987414539,0.08119673098677459,-0.3175447229132254
141090.00500000003,0.4010021389,0.08119718821610562,-0.3198049506838944
141170.00500000003,0.4035919011,0.08119771032679901,-0.322394190773201
141240.00500000003,0.4058570266,0.08119816766180585,-0.32465885893819413
141320.00500000003,0.4084630907,0.08119868988270937,-0.3272644008172906
141390.00500000003,0.4107170999,0.08119914660477939,-0.3295179532952206
141470.00500000003,0.4133743346,0.08119966858152043,-0.33217466601847956
141540.00500000003,0.4157402515,0.0812001252606174,-0.33454012623938256
141610.00500000003,0.4180750549,0.08120058195176325,-0.3368744729482368
141690.00500000003,0.4207389355,0.08120110388551159,-0.3395378316144884
141760.00500000003,0.4229180813,0.08120156001912661,-0.34171652128087343
141840.00500000003,0.4256220162,0.08120208172947335,-0.34441993447052666
141910.00500000003,0.4280087054,0.08120253787074248,-0.3468061675292575
141990.00500000003,0.4307555854,0.08120305918244658,-0.3495525262175534
142060.00500000003,0.4332334697,0.08120351584660186,-0.35202995385339814
142130.00500000003,0.4356794655,0.0812039717780881,-0.3544754937219119
142210.00500000003,0.438475281,0.08120449282100656,-0.35727078817899344
142280.00500000003,0.4409968555,0.08120494875832955,-0.35979190674167044
142360.00500000003,0.4439350069,0.0812054700722909,-0.3627295368277091
142430.00500000003,0.4464224875,0.08120592555688082,-0.3652165619431192
142510.00500000003,0.449388057,0.08120644670411234,-0.3681816102958877
142580.00500000003,0.4518978298,0.08120690234991225,-0.37069092745008775
142650.00500000003,0.454488337,0.08120735821881646,-0.37328097878118355
142730.00500000003,0.4574998617,0.08120787869033666,-0.3762919830096634
142800.00500000003,0.4601363242,0.08120833393570612,-0.3789279902642939
142880.00500000003,0.4632338285,0.0812088544155793,-0.3820249740844207
142950.00500000003,0.4659363031,0.08120930966485117,-0.3847269934351488
143030.00500000003,0.4691182971,0.08120983012640942,-0.3879084669735906
143100.00500000003,0.4719163477,0.08121028528303079,-0.39070606241696926
143170.00500000003,0.4746832848,0.08121074006865116,-0.39347254473134885
143250.00500000003,0.4779853821,0.0812112604331396,-0.39677412166686044
143320.00500000003,0.4808464646,0.08121171517737909,-0.39963474942262095
143400.00500000003,0.4842004478,0.08121223513871499,-0.402988212661285
143470.00500000003,0.4871712029,0.08121268989324663,-0.40595851300675334
143550.00500000003,0.4904043376,0.08121320922818898,-0.40919112837181104
143620.00500000003,0.4933610857,0.08121366400028565,-0.4121474216997143
143700.00500000003,0.4968180954,0.08121418334556813,-0.41560391205443187
143770.00500000003,0.4999415576,0.08121463814681615,-0.41872691945318385
143840.00500000003,0.5030798912,0.08121509273840616,-0.4218647984615938
143920.00500000003,0.5066732168,0.08121561164783235,-0.42545760515216763
143990.00500000003,0.5098827481,0.08121606575802459,-0.4286666823419754
144070.00500000003,0.5136413574,0.08121658506555868,-0.4324247723344414
144140.00500000003,0.51694417,0.08121703913337669,-0.43572713086662335
144220.00500000003,0.5207569599,0.08121755799370792,-0.43953940190629215
144290.00500000003,0.5241584778,0.08121801227545414,-0.4429404655245459
144360.00500000003,0.5275502801,0.08121846584331938,-0.44633181425668067
144440.00500000003,0.5315809846,0.08121898476393087,-0.45036199983606917
144510.00500000003,0.5351336002,0.08121943847938105,-0.45391416172061894
144590.00500000003,0.5392406583,0.08121995685583473,-0.4580207014441653
144660.00500000003,0.5429496765,0.08122041063912078,-0.46172926586087926
144740.00500000003,0.5471923947,0.08122092860373778,-0.4659714660962623
144810.00500000003,0.5510563254,0.08122138256888893,-0.4698349428311111
144880.00500000003,0.5549017787,0.08122183551269521,-0.4736799431873048
144960.00500000003,0.5594439507,0.08122235375439245,-0.4782215969456075
145030.00500000003,0.5634509325,0.08122280691167212,-0.4822281255883279
145110.00500000003,0.5681762099,0.08122332505164373,-0.4869528848483562
145180.00500000003,0.5723388791,0.08122377808365473,-0.4911151010163453
145260.00500000003,0.5772004724,0.08122429565159812,-0.49597617674840194
145330.00500000003,0.5815551877,0.08122474858369873,-0.5003304391163013
145400.00500000003,0.5860238671,0.08122520156192949,-0.5047986655380705
145480.00500000003,0.5911886692,0.08122571938958736,-0.5099629498104127
145550.00500000003,0.5957865119,0.08122617213522668,-0.5145603397647733
145630.00500000003,0.6011298895,0.08122668908116314,-0.5199032004188369
145700.00500000003,0.6059418917,0.08122714165719358,-0.5247147500428064
145780.00500000003,0.6115766168,0.08122765917258859,-0.5303489576274114
145850.00500000003,0.6165628433,0.08122811146090574,-0.5353347318390943
145920.00500000003,0.6216816902,0.08122856362672164,-0.5404531265732784
146000.00500000003,0.6277188659,0.081229080878519,-0.546489785021481
146070.00500000003,0.6330727339,0.08122953284193628,-0.5518432010580637
146150.00500000003,0.6393975019,0.08123004990681335,-0.5581674519931866
146220.00500000003,0.6449708343,0.08123050195983685,-0.5637403323401632
146300.00500000003,0.6515572667,0.08123101837864623,-0.5703262483213538
146370.00500000003,0.6574937105,0.08123147030241105,-0.576262240197589
146440.00500000003,0.6635754704,0.08123192237534539,-0.5823435480246546
146520.00500000003,0.6706985831,0.08123243854215602,-0.589466144557844
146590.00500000003,0.6771168113,0.08123289017535815,-0.5958839211246418
146670.00500000003,0.6846609712,0.08123340640764527,-0.6034275647923547
146740.00500000003,0.691496551,0.08123385817080508,-0.6102626928291949
146820.00500000003,0.69956249,0.08123437416066649,-0.6183281158393336
146890.00500000003,0.7069073319,0.08123482573520709,-0.6256725061647929
146960.00500000003,0.7145137787,0.08123527700447256,-0.6332785016955275
147040.00500000003,0.7235093117,0.08123579250720753,-0.6422735191927924
147110.00500000003,0.7318310142,0.08123624413150886,-0.6505947700684911
147190.00500000003,0.7417516112,0.08123675942049889,-0.6605148517795011
147260.00500000003,0.7509969473,0.08123721085481886,-0.6697597364451812
147340.00500000003,0.7621079683,0.08123772629267785,-0.6808702420073222
147410.00500000003,0.7723627687,0.08123817708957706,-0.691124591610423
147480.00500000003,0.7831054926,0.08123862804865892,-0.7018668645513411
147560.00500000003,0.7960139513,0.08123914310019675,-0.7147748081998032
147630.00500000003,0.8078306317,0.08123959416778881,-0.7265910375322112
147710.00500000003,0.8217791319,0.08124010888642173,-0.7405390230135782
147780.00500000003,0.8345024586,0.08124055948542518,-0.7532618991145749
147860.00500000003,0.8496102095,0.08124107418327481,-0.7683691353167252
147930.00500000003,0.8634171486,0.08124152489489679,-0.7821756237051032
148000.00500000003,0.8777526617,0.08124197503231625,-0.7965106866676838
148080.00500000003,0.8948885202,0.08124248985582584,-0.8136460303441742
148150.00500000003,0.9104456306,0.08124294007164831,-0.8292026905283517
148230.00500000003,0.9288868904,0.08124345432241029,-0.8476434360775897
148300.00500000003,0.9455062151,0.08124390465132941,-0.8642623104486706
148380.00500000003,0.9648837447,0.08124441852536861,-0.8836393261746315
148450.00500000003,0.9821279645,0.08124486849807473,-0.9008830960019252
148521.31000000003,1.0000014305,0.08124532669959826,-0.9187561038004017
