time_s,voltage_exp_V,voltage_sim_V,residual_V
0.0,0.0824038908,0.10984888941714693,0.02744499861714693
59.99900000001071,0.0966956839,0.11640784747720954,0.01971216357720955
129.9990000000107,0.1093002856,0.11650174982916654,0.007201464229166538
209.9990000000107,0.1107856184,0.11674908295980364,0.0059634645598036495
279.9990000000107,0.1114801168,0.11684589673194123,0.005365779931941234
359.9990000000107,0.1120612025,0.11698681100711139,0.0049256085071113925
429.9990000000107,0.1124718189,0.11712453920606733,0.004652720306067323
509.9990000000107,0.1129113585,0.11721923590628333,0.004307877406283328
579.9990000000107,0.1132307947,0.11725787235546525,0.004027077655465255
649.9990000000107,0.1134968847,0.1173036913569481,0.003806806656948103
729.9990000000107,0.1137874275,0.1173630217627201,0.003575594262720097
799.9990000000107,0.1140431464,0.11741983455527912,0.0033766881552791117
879.9990000000107,0.1142677218,0.11742921259556459,0.0031614907955645893
949.9990000000107,0.1144448668,0.11739121185747266,0.0029463450574726546
1029.9990000000107,0.1146568358,0.11735214735253657,0.002695311552536578
1099.9990000000107,0.1147717237,0.11732115728317336,0.0025494335831733606
1169.9990000000107,0.1149229258,0.11729287696714619,0.002369951167146181
1249.9990000000107,0.115021497,0.11726326806065324,0.002241771060653236
1319.9990000000107,0.1151504666,0.11723971884974196,0.002089252249741963
1399.9990000000107,0.1152082831,0.11721487486160442,0.0020065917616044204
1469.9990000000107,0.1152987182,0.11719499300474298,0.001896274804742984
1549.9990000000107,0.1153202057,0.11711816065177573,0.001797954951775732
1619.9990000000107,0.1153557897,0.1170490268313017,0.001693237131301692
1689.9990000000107,0.1154150814,0.1169811876441022,0.0015661062441022083
1769.9990000000107,0.1153780222,0.11690495575621611,0.001526933556216109
1839.9990000000107,0.1153928488,0.11683945891923171,0.0014466101192317088
1919.9990000000107,0.1154143363,0.11676581040871037,0.0013514741087103654
1989.9990000000107,0.1153913587,0.11670228720179193,0.0013109285017919303
2069.9990000000107,0.1153305918,0.11661918598657446,0.0012885941865744543
2139.9990000000107,0.1152809262,0.11654687266987422,0.0012659464698742268
2209.9990000000107,0.1152720302,0.11647527995855321,0.0012032497585532098
2289.9990000000107,0.115261659,0.11639432409708965,0.0011326650970896468
2359.9990000000107,0.115189746,0.11632405488285166,0.0011343088828516673
2439.9990000000107,0.1151297092,0.1162444840818818,0.0011147748818818026
2509.9990000000107,0.1151059866,0.11617549397806184,0.001069507378061843
2589.9990000000107,0.1150163114,0.1160971819832203,0.001080870583220303
2659.9990000000107,0.1149673909,0.11602921579338084,0.0010618248933808444
2729.9990000000107,0.1149132848,0.11596169655650262,0.0010484117565026235
2809.9990000000107,0.1148406565,0.1158871020810806,0.0010464455810806073
2879.9990000000107,0.1148213744,0.115829067878613,0.0010076934786130004
2959.9990000000107,0.1147628278,0.11576316616028834,0.0010003383602883442
3029.9990000000107,0.1146894544,0.11570586228146924,0.0010164078814692418
3109.9990000000107,0.1146620214,0.11564086851775807,0.000978847117758072
3179.9990000000107,0.114623487,0.11558429992421124,0.0009608129242112406
3249.9990000000107,0.1145397276,0.11552801505781983,0.000988287457819828
3329.9990000000107,0.114473775,0.11546409236874901,0.000990317368749008
3399.9990000000107,0.114447087,0.1154084884309895,0.0009614014309894947
3479.9990000000107,0.1143655628,0.11534518197805753,0.000979619178057528
3549.9990000000107,0.1143084913,0.11529010980074439,0.000981618500744394
3629.9990000000107,0.1142365932,0.1152305080177995,0.0009939148177994933
3699.9990000000107,0.1142180562,0.11518180960233149,0.0009637534023314853
3769.9990000000107,0.1141602546,0.11513328808137466,0.0009730334813746605
3849.9990000000107,0.1141128093,0.11507811884295636,0.000965309542956358
3919.9990000000107,0.1140720546,0.11503005394276497,0.0009579993427649702
3999.9990000000107,0.1140201688,0.11497535786417909,0.0009551890641790878
4069.9990000000107,0.1139653176,0.11492769177971468,0.0009623741797146756
4149.999000000011,0.1139408648,0.11487349462993612,0.0009326298299361241
4219.999000000011,0.1138956398,0.11482621564394074,0.0009305758439407397
4289.999000000011,0.1138481945,0.11477910726439232,0.0009309127643923193
4369.999000000011,0.1138304174,0.11472549271562141,0.0008950753156214131
4439.999000000011,0.1137837172,0.11473436893542405,0.0009506517354240518
4519.999000000011,0.1137036681,0.11469143438215658,0.000987766282156577
4589.999000000011,0.1136777252,0.11465406333914017,0.0009763381391401788
4669.999000000011,0.1136399359,0.11461153692061252,0.0009716010206125142
4739.999000000011,0.1135991663,0.11457443832940988,0.0009752720294098766
4809.999000000011,0.1135917455,0.1145375166872176,0.0009457711872176006
4889.999000000011,0.1135361642,0.11449540512706684,0.0009592409270668401
4959.999000000011,0.11349985,0.11445872421069334,0.0009588742106933362
5039.999000000011,0.1134605706,0.11441691384912356,0.0009563432491235535
5109.999000000011,0.1134338826,0.1143804826338705,0.0009466000338705094
5189.999000000011,0.1134071946,0.11433896768730845,0.000931773087308449
5259.999000000011,0.1133560538,0.11430709393789099,0.0009510401378909905
5339.999000000011,0.1133345664,0.11427197946905424,0.0009374130690542326
5409.999000000011,0.1133100986,0.11424137266728612,0.000931274067286117
5479.999000000011,0.113252297,0.11421078960554562,0.0009584926055456189
5559.999000000011,0.1132396907,0.11417605299203885,0.0009363622920388476
5629.999000000011,0.1132218987,0.11414573396074545,0.0009238352607454509
5709.999000000011,0.1131351888,0.11411112800643292,0.0009759392064329214
5779.999000000011,0.1131737232,0.1140810002272244,0.0009072770272243874
5859.999000000011,0.1131248176,0.11404667369131499,0.0009218560913149959
5929.999000000011,0.1130936742,0.11401668354808747,0.0009230093480874779
5999.999000000011,0.1130469888,0.11398674292364534,0.0009397541236453449
6079.999000000011,0.1130462438,0.11395675004381792,0.0009105062438179157
6149.999000000011,0.1129906625,0.11393071279945949,0.0009400502994594828
6229.999000000011,0.1129587889,0.11390103441980637,0.0009422455198063728
6299.999000000011,0.1129402518,0.11387512084699054,0.0009348690469905413
6379.999000000011,0.1129321009,0.11384563751864982,0.0009135366186498184
6449.999000000011,0.1128928214,0.11381984918244073,0.0009270277824407341
6519.999000000011,0.1128579825,0.11379416056468489,0.0009361780646848922
6599.999000000011,0.1128402054,0.11376488789286025,0.0009246824928602487
6669.999000000011,0.1127994359,0.1137393135236689,0.0009398776236688999
6750.0,0.1127860993,0.11371019217705002,0.0009240928770500173
6820.0,0.1127645969,0.11368796448440072,0.0009233675844007166
6900.0,0.1127445847,0.11367417545083827,0.0009295907508382745
6970.0,0.112756446,0.1136622171228844,0.0009057711228844106
7040.0,0.1127134562,0.11365026807300432,0.0009368118730043173
7120.0,0.1127171665,0.11363672134660857,0.0009195548466085779
7190.0,0.112694934,0.11362488953292466,0.0009299555329246589
7270.0,0.1126845479,0.11361144376991963,0.0009268958699196334
7340.0,0.1126712114,0.11359972901633844,0.0009285176163384423
7420.0,0.112604484,0.11358635784962581,0.0009818738496258084
7490.0,0.1126393378,0.11357478400453491,0.0009354462045349093
7560.0,0.1126185805,0.113563202443759,0.0009446219437590081
7640.0,0.1125896722,0.11354587386569397,0.000956201665693962
7710.0,0.1125540882,0.11352818000151742,0.0009740918015174183
7790.0,0.1125466824,0.11350804670723155,0.000961364307231552
7860.0,0.1125496477,0.11349049963344379,0.000940851933443787
7940.0,0.1125370413,0.11347046627898019,0.0009334249789801907
8010.0,0.1124962717,0.11345293962848509,0.0009566679284850887
8080.0,0.1124992371,0.11343550717538606,0.0009362700753860614
8160.0,0.1124836802,0.11341555672423984,0.0009318765242398303
8230.0,0.1124940515,0.11339820512776495,0.0009041536277649559
8310.0,0.1124681085,0.11337839432704822,0.0009102858270482184
8380.0,0.1124414355,0.1133610935786605,0.0009196580786604985
8460.0,0.1124480963,0.1133408224778317,0.0008927261778317042
8530.0,0.1124110371,0.11332299313534934,0.00091195603534934
8600.0,0.1124214232,0.11330523768257782,0.0008838144825778216
8680.0,0.1124021411,0.11328495980934206,0.0008828187093420509
8750.0,0.1124103069,0.11326725740149893,0.0008569505014989209
8830.0,0.1123591661,0.11324703103658358,0.0008878649365835767
8900.0,0.1123680472,0.11322939180039011,0.0008613446003901126
8980.0,0.1123717576,0.11320929954296582,0.0008375419429658276
9050.0,0.1123673171,0.11319172696774304,0.0008244098677430423
9120.0,0.1123465598,0.11317417254101422,0.0008276127410142275
9200.0,0.1123191416,0.1131547027755993,0.0008355611755992975
9270.0,0.1123228371,0.1131431369678039,0.0008202998678038947
9350.0,0.1123117208,0.11312994013699398,0.0008182193369939833
9420.0,0.1123013496,0.11311840107044341,0.0008170514704434056
9500.0,0.1122761518,0.11310526504378594,0.0008291132437859422
9570.0,0.1122843027,0.11309380366703359,0.0008095009670335829
9640.0,0.1122309417,0.1130823136129449,0.0008513719129449038
9720.0,0.112233907,0.11306929092889281,0.0008353839288928189
9790.0,0.1122131497,0.1130579057136008,0.0008447560136008031
9870.0,0.1121990681,0.11304489639430071,0.0008458282943007156
9940.0,0.1121746004,0.11303356030572995,0.0008589599057299419
10020.0,0.1121560782,0.11302049556980513,0.0008644173698051372
10090.0,0.1121405065,0.1130088620321381,0.0008683555321380987
10170.0,0.1121575534,0.11299564324143802,0.0008380898414380167
10240.0,0.1121464372,0.11298405687516921,0.00083761967516921
10310.0,0.1121419966,0.11297253255364173,0.0008305359536417284
10390.0,0.1121056825,0.11295933783059806,0.0008536553305980576
10460.0,0.1121204942,0.11294785859504364,0.0008273643950436338
10540.0,0.1121027172,0.11293472721307773,0.0008320100130777414
10610.0,0.1120723188,0.11292324750023329,0.0008509287002332888
10690.0,0.1120626926,0.11291017655092676,0.000847483950926764
10760.0,0.1120797396,0.11289879757835564,0.0008190579783556307
10830.0,0.1120500863,0.1128909667653519,0.0008408804653518981
10910.0,0.1120560169,0.11288578916959237,0.0008297722695923687
10980.0,0.1120411903,0.11288127298243933,0.0008400826824393332
11060.0,0.11203897,0.11287614267665595,0.0008371726766559506
11130.0,0.1120241433,0.11287167366950979,0.000847530369509783
11210.0,0.1120115519,0.11286657652383983,0.0008550246238398229
11280.0,0.1119848639,0.11286211809564907,0.0008772541956490743
11350.0,0.1119915396,0.11285769364398222,0.0008661540439822285
11430.0,0.1119907945,0.11285268951931723,0.0008618950193172298
11500.0,0.1119641066,0.11284827814880925,0.0008841715488092511
11580.0,0.1119863391,0.11284250919436745,0.0008561700943674477
11650.0,0.1119633764,0.11283480426968195,0.0008714278696819594
11730.0,0.111977458,0.11282605896576821,0.0008486009657682064
11800.0,0.111968562,0.11281840391562153,0.0008498419156215409
11870.0,0.1119396538,0.11281073792286707,0.0008710841228670718
11950.0,0.1119433641,0.11280203777016465,0.0008586736701646502
12020.0,0.1119211167,0.1127944044031183,0.0008732877031183001
12100.0,0.1119351983,0.11278575277743419,0.0008505544774341928
12170.0,0.1119344682,0.11277817688822711,0.0008437086882271128
12250.0,0.1119114906,0.11276952587956363,0.0008580352795636292
12320.0,0.111906305,0.1127619785168594,0.0008556735168594037
12390.0,0.1119300127,0.11275394559155608,0.0008239328915560784
12470.0,0.1118781418,0.11274375544698385,0.0008656136469838566
12540.0,0.111906305,0.11273491675044106,0.0008286117504410634
12620.0,0.1118685007,0.11272477173207615,0.000856271032076153
12690.0,0.111879617,0.1127159454369845,0.0008363284369845014
12770.0,0.1118677557,0.11270586419746775,0.0008381084974677516
12840.0,0.1118877679,0.11269706895377075,0.0008093010537707501
12910.0,0.1118581295,0.11268824868671186,0.0008301191867118585
12990.0,0.111879617,0.1126782380814658,0.0007986210814658057
13060.0,0.1118729413,0.11266945592743814,0.0007965146274381413
13140.0,0.1118314415,0.11265942397554139,0.0008279824755413889
13210.0,0.1118551642,0.11265412332142596,0.0007989591214259684
13290.0,0.1118558943,0.11265000448535112,0.000794110185351124
13360.0,0.1118299514,0.11264638621022019,0.0008164348102201874
13430.0,0.1118136495,0.11264277951622537,0.0008291300162253656
13510.0,0.1118403375,0.11263872940095979,0.0007983919009597884
13580.0,0.1118284762,0.11263515270308969,0.0008066765030896872
13660.0,0.1118255109,0.11263109610491924,0.0008055852049192458
13730.0,0.1117988229,0.11262754678117866,0.0008287238811786612
13810.0,0.1118306965,0.11262352641927588,0.0007928299192758864
13880.0,0.1117832661,0.11261999020151003,0.0008367241015100335
13950.0,0.1118017882,0.11261648977207508,0.0008147015720750828
14030.0,0.1118084639,0.11261510880313799,0.0008066449031379902
14100.0,0.1117669642,0.11261432610731807,0.0008473619073180727
14180.0,0.1117751151,0.11261347249401477,0.0008383573940147632
14250.0,0.1117906719,0.1126127462886841,0.0008220743886841048
14330.0,0.1117610335,0.1126119111075631,0.0008508776075631108
14400.0,0.1117551029,0.11261118238797752,0.0008560794879775152
14470.0,0.1117980927,0.11261050968987807,0.0008124169898780648
14550.0,0.1117810458,0.11260971082890223,0.0008286650289022202
14620.0,0.1117536128,0.1126089885984846,0.0008553757984846033
14700.0,0.1117810458,0.11260824108651682,0.0008271952865168131
14770.0,0.1117840111,0.11260735076671587,0.0008233396667158693
14850.0,0.1117758453,0.11260393344120068,0.0008280881412006807
14920.0,0.1117654741,0.11260093991446987,0.000835465814469874
15000.0,0.1117261946,0.11259751189371928,0.0008713172937192815
15070.0,0.1117254496,0.11259454486144214,0.000869095261442146
15140.0,0.1117380559,0.11259159785220965,0.0008535419522096577
15220.0,0.1117899418,0.11258826334671038,0.000798321546710376
15290.0,0.1117943823,0.11258532651389824,0.0007909442138982481
15370.0,0.1117699295,0.11258196098976775,0.000812031489767745
15440.0,0.1117462069,0.11257901536345072,0.0008328084634507127
15520.0,0.1117587984,0.11257570955139806,0.0008169111513980643
15590.0,0.1117625087,0.11257156481229583,0.0008090561122958279
15660.0,0.1117424965,0.11256541494616702,0.0008229184461670258
15740.0,0.1117491722,0.11255842195911071,0.0008092497591107167
15810.0,0.1117669642,0.11255231281405881,0.000785348614058809
15890.0,0.1117091477,0.11254528645822144,0.0008361387582214441
15960.0,0.1117187887,0.11253918276414826,0.0008203940641482582
16040.0,0.1117180437,0.11253221599145827,0.0008141722914582622
16110.0,0.1117380559,0.11252613730854083,0.0007880814085408361
16180.0,0.1117484272,0.11252006756385902,0.0007716403638590164
16260.0,0.1117150784,0.11251310078114891,0.0007980223811489134
16330.0,0.111721009,0.11250703731943557,0.0007860283194355694
16410.0,0.1117187887,0.11250471364191456,0.0007859249419145536
16480.0,0.1117469519,0.1125055377222613,0.0007585858222612929
16560.0,0.111729905,0.11250646607344139,0.0007765610734413869
16630.0,0.1117476821,0.11250731211526792,0.0007596300152679231
16700.0,0.1117417514,0.11250815018969502,0.0007663987896950192
16780.0,0.1117046922,0.11250907301705565,0.0008043808170556527
16850.0,0.1117054373,0.112509930490998,0.0008044931909979985
16930.0,0.111729905,0.1125109455454616,0.0007810405454615893
17000.0,0.1117350906,0.11251180630963095,0.0007767157096309485
17080.0,0.1117284149,0.11251279812707982,0.0007843832270798129
17150.0,0.111702472,0.11251186120334758,0.0008093892033475825
17220.00100000002,0.111721009,0.11251088118928718,0.0007898721892871802
17300.00100000002,0.1117165536,0.11250976397929195,0.0007932103792919476
17370.00100000002,0.1117269397,0.11250879545024824,0.0007818557502482365
17450.00100000002,0.1116995066,0.11250766389023707,0.0008081572902370743
17520.00100000002,0.1117432415,0.1125067355341306,0.0007634940341305907
17600.00100000002,0.1117387861,0.1125056388024277,0.0007668527024276978
17670.00100000002,0.1116913557,0.1125046575679444,0.0008133018679443993
17740.00100000002,0.1117084026,0.11250373118201876,0.0007953285820187506
17820.00100000002,0.1116972864,0.11250264628858044,0.0008053598885804369
17890.00100000002,0.1116980314,0.1125021993607278,0.0008041679607278113
17970.00100000002,0.1117313802,0.11250687383962751,0.0007754936396275197
18040.00100000002,0.1116972864,0.11251091664800508,0.0008136302480050844
18120.00100000002,0.1117402762,0.11251560984052064,0.0007753336405206396
18190.00100000002,0.1117098927,0.11251967188192522,0.0008097791819252215
18260.00100000002,0.1117276698,0.1125237917486005,0.0007961219486005006
18340.00100000002,0.111720264,0.11252845029319938,0.0008081862931993838
18410.00100000002,0.1117269397,0.11253257066125424,0.0008056309612542445
18490.00100000002,0.1117076576,0.1125372438923601,0.0008295862923601016
18560.00100000002,0.1117387861,0.11254137543236542,0.0008025893323654193
18640.00100000002,0.1117158234,0.11254606686666555,0.0008302434666655478
18710.00100000002,0.111729905,0.11254804337840991,0.0008181383784099105
18780.00100000002,0.1117336005,0.11254653487870339,0.0008129343787033894
18860.00100000002,0.1117106229,0.11254479331226047,0.000834170412260471
18930.00100000002,0.1117454618,0.11254331144044674,0.0007978496404467406
19010.00100000002,0.1117476821,0.11254160698528962,0.0007939248852896208
19080.00100000002,0.1117573231,0.11254011428706767,0.0007827911870676718
19160.00100000002,0.111720264,0.11253838970018287,0.0008181257001828729
19230.00100000002,0.1117536128,0.11253693384722982,0.0007833210472298208
19300.00100000002,0.1117676944,0.11253546517175284,0.0007677707717528293
19380.00100000002,0.1117565781,0.11253378244197915,0.000777204341979143
19450.00100000002,0.1117373109,0.11253229540063125,0.0007949845006312573
19530.00100000002,0.1117684394,0.11253229968207351,0.0007638602820735085
19600.00100000002,0.1117350906,0.11253327625340369,0.0007981856534036852
19680.00100000002,0.1117343456,0.11253443211862188,0.0008000865186218731
19750.00100000002,0.1117684394,0.11253547482587854,0.00076703542587854
19830.00100000002,0.1117373109,0.11253662792521948,0.000799317025219487
19900.00100000002,0.1117336005,0.11253765349479175,0.0008040529947917485
19970.00100000002,0.1117417514,0.11253870115743439,0.0007969497574343842
20050.00100000002,0.1117587984,0.11253988756050709,0.0007810891605070924
20120.00100000002,0.1117350906,0.11254091102198377,0.0008058204219837661
20200.00100000002,0.1117484272,0.11254209703742896,0.0007936698374289564
20270.00100000002,0.1117617637,0.11254317340637159,0.000781409706371583
20350.00100000002,0.1117462069,0.112546148187917,0.0007999412879169943
20420.00100000002,0.1117676944,0.11254910296969232,0.0007814085696923184
20490.00100000002,0.1117639989,0.1125520428750666,0.0007880439750665991
20570.00100000002,0.1117610335,0.11255539922250382,0.0007943657225038259
20640.00100000002,0.1117928922,0.11255837912939988,0.0007654869293998862
20720.00100000002,0.1117973477,0.11256175803022897,0.0007644103302289762
20790.00100000002,0.1117617637,0.11256468700633918,0.0008029233063391733
20870.00100000002,0.1117758453,0.11256808006092249,0.0007922347609224945
20940.00100000002,0.1117847413,0.11257106462371383,0.0007863233237138251
21010.00100000002,0.1118017882,0.1125740322449652,0.0007722440449652035
21090.00100000002,0.1117840111,0.11257728191292182,0.0007932708129218258
21160.00100000002,0.1117884517,0.11257883621524828,0.0007903845152482797
21240.00100000002,0.111800313,0.11258062422813776,0.0007803112281377644
21310.00100000002,0.1118314415,0.11258220579786292,0.0007507642978629159
21390.00100000002,0.1118284762,0.11258400312492783,0.0007555269249278351
21460.00100000002,0.1118306965,0.11258555626218644,0.0007548597621864495
21530.00100000002,0.1118203253,0.11258713183252972,0.0007668065325297235
21610.00100000002,0.1118195802,0.11258892816907579,0.0007693479690757815
21680.00100000002,0.1118299514,0.11259051667490713,0.0007605652749071296
21760.00100000002,0.1118433028,0.11259233214680212,0.0007490293468021131
21830.00100000002,0.1118418127,0.11259391969405255,0.000752106994052551
21910.00100000002,0.1118351519,0.11259770198498709,0.0007625500849870875
21980.00100000002,0.1118388474,0.11260444325231597,0.0007655958523159756
22050.00100000002,0.111871466,0.11261122457390532,0.0007397585739053192
22130.00100000002,0.1118670106,0.11261894060806628,0.0007519300080662816
22200.00100000002,0.111861825,0.1126256842070223,0.0007638592070223077
22280.00100000002,0.1118677557,0.11263341277273,0.0007656570727299916
22350.00100000002,0.1118833274,0.11264018421323092,0.0007568568132309272
22430.00100000002,0.1118699759,0.11264791600757004,0.000777940107570041
22500.00100000002,0.1118492335,0.11265466837583343,0.0008054348758334273
22570.00100000002,0.111888513,0.11266147383448175,0.0007729608344817507
22650.00100000002,0.111879617,0.1126686727340672,0.0007890557340671928
22720.00100000002,0.1118766516,0.11267463653214083,0.0007979849321408244
22800.00100000002,0.1118899882,0.11268149055939548,0.0007915023593954851
22870.00100000002,0.1119025946,0.11268747362724847,0.0007848790272484696
22950.00100000002,0.1119218618,0.11269432364256676,0.0007724618425667684
23020.00100000002,0.1119277924,0.11270030299354658,0.000772510593546577
23090.00100000002,0.1119255722,0.1127062902185737,0.0007807180185736978
23170.00100000002,0.1119203866,0.11271313892165541,0.0007927523216554044
23240.00100000002,0.1119470596,0.11271916354403916,0.0007721039440391625
23320.00100000002,0.1119337231,0.11272600484635023,0.0007922817463502374
23390.00100000002,0.1119448394,0.11273200487534737,0.0007871654753473789
23470.00100000002,0.1119841188,0.1127396431294169,0.0007555243294168901
23540.00100000002,0.1119648516,0.11274640419611118,0.0007815525961111791
23610.00100000002,0.1119937599,0.11275322192945764,0.0007594620294576332
23690.00100000002,0.1119767129,0.11276097536030331,0.0007842624603033171
23760.00100000002,0.1119804233,0.11276776529691457,0.0007873419969145617
23840.00100000002,0.1120115519,0.1127755609093494,0.0007640090093493923
23910.00100000002,0.1120256335,0.11278237457274058,0.0007567410727405827
23990.00100000002,0.1120034009,0.11279012975749736,0.0007867288574973652
24060.00100000002,0.1120137721,0.11279694510393845,0.0007831730039384449
24130.00100000002,0.1120523065,0.11280378406048588,0.0007514775604858803
24210.00100000002,0.1120174825,0.11281202863024294,0.0007945461302429346
24280.00100000002,0.1120508313,0.11282386196664157,0.0007730306666415693
24360.00100000002,0.1120367497,0.11283735117582562,0.0008006014758256269
24430.00100000002,0.1120530516,0.11284917335184136,0.0007961217518413638
24510.00100000002,0.1120797396,0.11286270148512115,0.0007829618851211417
24580.00100000002,0.1120678782,0.11287450965807463,0.0008066314580746359
24650.00100000002,0.1120967865,0.1128863504990974,0.0007895639990973952
24730.00100000002,0.1120723188,0.1128998539127149,0.0008275351127148972
24800.00100000002,0.1121219844,0.11291171225471111,0.0007897278547111114
24880.00100000002,0.1120945513,0.1129252172685221,0.0008306659685221041
24950.00100000002,0.1121382862,0.11293708620839367,0.000798800008393663
25030.00100000002,0.1121316105,0.11294961198926848,0.0008180014892684717
25100.00100000002,0.112127915,0.11295885058075167,0.0008309355807516738
25180.00100000002,0.1121264249,0.11296941849006842,0.0008429935900684249
25250.00100000002,0.1121657044,0.11297869606140128,0.00081299166140128
25320.00100000002,0.1121545881,0.11298794811483052,0.0008333600148305309
25400.00100000002,0.1121820211,0.11299853541966481,0.0008165143196648128
25470.00100000002,0.1121909171,0.11300779739351453,0.0008168802935145381
25550.00100000002,0.1122138947,0.1130183906579873,0.0008044959579873029
25620.00100000002,0.1122272313,0.11302766115981189,0.0008004298598118936
25700.00100000002,0.1121998131,0.11303822471076186,0.000838411610761855
25770.00100000002,0.1122487187,0.11304752110704905,0.0007988024070490485
25840.00100000002,0.1122450233,0.11305571315113142,0.0008106898511314187
25920.00100000002,0.112259835,0.11306394009423512,0.0008041050942351191
25990.00100000002,0.1122613251,0.11307113526099147,0.0008098101609914643
26070.00100000002,0.1122850478,0.11307938238715422,0.0007943345871542218
26140.00100000002,0.1122843027,0.11308658260932067,0.0008022799093206634
26220.00100000002,0.112295419,0.11309483192124553,0.0007994129212455375
26290.00100000002,0.1123020947,0.11310204189147133,0.0007999471914713341
26360.00100000002,0.1123161763,0.1131092655494477,0.0007930892494476954
26440.00100000002,0.1123324782,0.1131175115033917,0.0007850333033916912
26510.00100000002,0.1123421192,0.11312473656927408,0.000782617369274069
26590.00100000002,0.1123606414,0.11313300450799063,0.0007723631079906285
26660.00100000002,0.1123806536,0.11314716848584166,0.0007665148858416598
26740.00100000002,0.1123739779,0.11316518187993652,0.0007912039799365111
26810.00100000002,0.1123806536,0.11318096337593203,0.000800309775932026
26880.00100000002,0.1124014109,0.113196742339681,0.0007953314396809963
26960.00100000002,0.1124340147,0.11321479876797055,0.0007807840679705524
27030.00100000002,0.1124154925,0.11323056097237338,0.0008150684723733786
27110.00100000002,0.1124243885,0.11324859775315316,0.0008242092531531575
27180.00100000002,0.1124584824,0.1132644038271299,0.000805921427129902
27260.00100000002,0.1124429107,0.1132824333063407,0.0008395226063407091
27330.00100000002,0.1124896109,0.11329824524071214,0.0008086343407121416
27400.00100000002,0.1124873757,0.1133125768719134,0.0008252011719133978
27480.00100000002,0.1124918312,0.11332856812092029,0.0008367369209202891
27550.00100000002,0.1125066578,0.11334256512353846,0.0008359073235384568
27630.00100000002,0.1125274003,0.11335857455005934,0.0008311742500593383
27700.00100000002,0.1125489026,0.11337256950325615,0.0008236669032561511
27780.00100000002,0.1125489026,0.11338857513958597,0.0008396725395859728
27850.00100000002,0.1125629842,0.11340258228216421,0.0008395980821642168
27920.00100000002,0.1125985533,0.11341660316719598,0.0008180498671959829
28000.00100000002,0.112614885,0.1134326284025759,0.000817743402575899
28070.00100000002,0.1126296967,0.11344663921095707,0.0008169425109570694
28150.00100000002,0.1126482338,0.1134623765002617,0.0008141427002616997
28220.00100000002,0.1126474887,0.11347353698823072,0.000826048288230713
28300.00100000002,0.1126534194,0.1134862943182482,0.000832874918248197
28370.00100000002,0.1126801074,0.11349746204544718,0.0008173546454471742
28440.00100000002,0.1127023399,0.11350863503783484,0.0008062951378348393
28520.00100000002,0.1126934439,0.11352138259973535,0.0008279386997353533
28590.00100000002,0.1127119809,0.11353255056857502,0.0008205696685750219
28670.00100000002,0.1127193868,0.11354532345957663,0.0008259366595766288
28740.00100000002,0.1127201319,0.1135564956826364,0.0008363637826363929
28820.00100000002,0.1127860993,0.11356929634348599,0.000783197043485992
28890.00100000002,0.1127883196,0.11358046347876943,0.0007921438787694274
28960.00100000002,0.112783134,0.11359304074250207,0.0008099067425020728
29040.00100000002,0.1128231585,0.1136125111848747,0.0007893526848746918
29110.00100000002,0.1127986908,0.11362950254734362,0.0008308117473436183
29190.00100000002,0.1128483564,0.11364898282167872,0.0008006264216787184
29260.00100000002,0.1128676236,0.11366600972905337,0.0007983861290533772
29340.00100000002,0.1128676236,0.11368544189329485,0.0008178182932948586
29410.00100000002,0.1129031926,0.11370249887874598,0.0007993062787459843
29480.00100000002,0.1128817052,0.11371950611128706,0.0008378009112870594
29560.00100000002,0.112897262,0.11373896980774156,0.0008417078077415652
29630.00100000002,0.1129195094,0.11375601590549043,0.000836506505490428
29710.00100000002,0.1129506379,0.11377549177750855,0.0008248538775085523
29780.00100000002,0.1129550785,0.11379347194939055,0.0008383934493905454
29860.00100000002,0.1129632294,0.11381501642373074,0.0008517870237307323
29930.00100000002,0.112985462,0.1138338908286097,0.0008484288286097069
30010.00100000002,0.1130432785,0.11385545084217949,0.000812172342179493
30080.00100000002,0.1130521744,0.11387431145518204,0.0008221370551820401
30150.00100000002,0.1130632907,0.1138931700277114,0.0008298793277114053
30230.00100000002,0.1130603254,0.11391472831268068,0.0008544029126806851
30300.00100000002,0.1130973846,0.11393360169244338,0.0008362170924433726
30380.00100000002,0.11310184,0.11395516438486465,0.0008533243848646566
30450.00100000002,0.1131292582,0.11397403801034817,0.0008447798103481674
30530.00100000002,0.1131463051,0.11399559436900392,0.0008492892690039194
30600.00100000002,0.1131492704,0.11401126585425582,0.0008619954542558178
30670.00100000002,0.113144815,0.114026160406367,0.0008813454063670012
30750.00100000002,0.1132218987,0.11404324284276918,0.0008213441427691731
30820.00100000002,0.1132233888,0.11405816116899614,0.0008347723689961367
30900.00100000002,0.1132493317,0.11407522726896767,0.0008258955689676717
30970.00100000002,0.113252297,0.11409013542366042,0.0008378384236604197
31050.00100000002,0.1132589579,0.11410718456860669,0.0008482266686066914
31120.00100000002,0.1132982522,0.11412214061738482,0.000823888417384816
31190.00100000002,0.1133241802,0.11413707360981137,0.0008128934098113744
31270.00100000002,0.1133427173,0.11415412605925475,0.000811408759254742
31340.00100000002,0.1133605093,0.11416907242684854,0.0008085631268485438
31420.00100000002,0.1133997887,0.11420043196307603,0.000800643263076023
31490.00100000002,0.1133760661,0.11422836269037046,0.0008522965903704494
31570.00100000002,0.1134027541,0.11426032240241313,0.0008575683024131253
31640.00100000002,0.1134487092,0.11428830634505312,0.0008395971450531198
31710.00100000002,0.1134538949,0.11431624577077897,0.0008623508707789607
31790.00100000002,0.1134672314,0.11434820595524767,0.0008809745552476739
31860.00100000002,0.1135042906,0.11437436719241498,0.0008700765924149756
31940.00100000002,0.1135028154,0.11439765754903297,0.0008948421490329733
32010.00100000002,0.1135146767,0.11441804470644726,0.000903368006447261
32090.00100000002,0.1135746986,0.11444138374508009,0.0008666851450800928
32160.00100000002,0.1136013865,0.11446177274101006,0.0008603862410100638
32230.00100000002,0.1136073172,0.11448216012474483,0.0008748429247448231
32310.00100000002,0.1136443764,0.11450548587736972,0.0008611094773697259
32380.00100000002,0.1136532724,0.11452588484528899,0.0008726124452889811
32460.00100000002,0.113694042,0.11454921462258597,0.0008551726225859702
32530.00100000002,0.1136925519,0.11456960857228554,0.0008770566722855477
32610.00100000002,0.1137222052,0.1145929196266459,0.0008707144266459077
32680.00100000002,0.1137303561,0.11461510075131318,0.0008847446513131768
32750.00100000002,0.1137622297,0.11463888424904901,0.0008766545490490191
32830.00100000002,0.1137688905,0.1146660567609949,0.0008971662609948972
32900.00100000002,0.1137918681,0.11468982937902876,0.0008979612790287611
32980.00100000002,0.1138378233,0.11471702569386143,0.0008792023938614252
33050.00100000002,0.1138630211,0.1147408120475017,0.0008777909475016915
33130.00100000002,0.1138852537,0.11476800274748256,0.0008827490474825617
33200.00100000002,0.1139327139,0.11479180696222996,0.0008590930622299625
33270.00100000002,0.1139438301,0.11481559848914702,0.0008717683891470152
33350.00100000002,0.113969028,0.11484277289506196,0.0008737448950619647
33420.00100000002,0.1139890403,0.11486657684289694,0.0008775365428969478
33500.00100000002,0.1140149832,0.11489566607186844,0.0008806828718684323
33570.00100000002,0.1140357256,0.11492179734843619,0.0008860717484361902
33650.00100000002,0.114066124,0.11495166140117775,0.0008855374011777495
33720.00100000002,0.1140950322,0.11497779339798385,0.0008827611979838473
33790.00100000002,0.1141068786,0.11500392648869943,0.0008970478886994315
33870.00100000002,0.1141320914,0.11503379448376645,0.0009017030837664558
33940.00100000002,0.1141572893,0.11505992830169108,0.0009026390016910746
34020.00100000002,0.1141795218,0.11508979887935342,0.0009102770793534137
34090.00100000002,0.1142158359,0.11511594508615847,0.0009001091861584598
34170.00100000002,0.1142395586,0.11514581763209808,0.0009062590320980807
34240.00100000002,0.1142751276,0.11517196157206931,0.0008968339720693136
34310.00100000002,0.1142840236,0.11519822842929348,0.000914204829293469
34390.00100000002,0.1143225729,0.11522824734216489,0.0009056744421648832
34460.00100000002,0.1143685281,0.11525454358872372,0.0008860154887237182
34540.00100000002,0.1143633276,0.11528455005098365,0.0009212224509836525
34610.00100000002,0.1144085526,0.11531084646787466,0.0009022938678746595
34690.00100000002,0.1144493073,0.1153408806664386,0.0008915733664386083
34760.00100000002,0.114464134,0.11536715132242743,0.0009030173224274379
34840.00100000002,0.1145026684,0.11539719342313265,0.0008945250231326557
34910.00100000002,0.1145249158,0.1154234730477763,0.0008985572477762938
34980.00100000002,0.1145501137,0.11544976170116673,0.0008996480011667363
35060.00100000002,0.1145456582,0.11548021295278568,0.0009345547527856851
35130.00100000002,0.1145856827,0.11550831839059356,0.0009226356905935595
35210.00100000002,0.1146338582,0.11554044766681365,0.0009065894668136565
35280.00100000002,0.11469464,0.11556856956931999,0.0008739295693199894
35360.00100000002,0.1147065014,0.11560067723645845,0.0008941758364584551
35430.00100000002,0.1147331744,0.11562878064112486,0.0008956062411248633
35500.00100000002,0.1147695035,0.1156568951491467,0.0008873916491467099
35580.00100000002,0.114782095,0.1156890019295457,0.0009069069295457033
35650.00100000002,0.1148176789,0.11571711595545825,0.000899437055458252
35730.00100000002,0.1148584336,0.11574925138763761,0.00089081778763761
35800.00100000002,0.1148791909,0.1157773644561211,0.0008981735561211096
35880.00100000002,0.1149095744,0.11581508591185455,0.0009055115118545426
35950.00100000002,0.1149495989,0.11585386130141405,0.0009042624014140438
36020.00100000002,0.1149748117,0.11589261703799253,0.0009178053379925305
36100.00100000002,0.1150044501,0.11593692052525224,0.0009324704252522409
36170.00100000002,0.1150266826,0.11597568402440803,0.0009490014244080275
36250.00100000002,0.1150637418,0.11601998822825432,0.0009562464282543287
36320.00100000002,0.1150867194,0.11605874834322158,0.000972028943221584
36400.00100000002,0.1151526868,0.11610246351493446,0.0009497767149344583
36470.00100000002,0.1151830703,0.11613480027362147,0.0009517299736214735
36540.00100000002,0.1152001172,0.1161671181144008,0.0009670009144008007
36620.00100000002,0.1152319908,0.11620407291610085,0.0009720821161008503
36690.00100000002,0.1152920425,0.11623644314433469,0.0009444006443346947
36770.00100000002,0.1152972281,0.11627338248673205,0.000976154386732056
36840.00100000002,0.1153506041,0.11630574290653084,0.0009551388065308364
36920.00100000002,0.1153787673,0.11634269552417213,0.0009639282241721281
36990.00100000002,0.1154261976,0.11637505702139653,0.0009488594213965251
37060.00100000002,0.1154669672,0.11640741157088169,0.0009404443708816851
37140.00100000002,0.1154943854,0.11644436649081896,0.000949981090818966
37210.00100000002,0.1155284792,0.11647853521239263,0.0009500560123926194
37290.00100000002,0.1155818403,0.11652410252986245,0.0009422622298624478
37360.00100000002,0.1155899912,0.11656395639028748,0.0009739651902874735
37440.00100000002,0.1156455874,0.11660954835012469,0.0009639609501246871
37510.00100000002,0.1156448424,0.11664939145243153,0.0010045490524315248
37580.00100000002,0.1157085896,0.11668928384200658,0.0009806942420065856
37660.00100000002,0.1157419384,0.11673485012537307,0.0009929117253730801
37730.00100000002,0.1157827079,0.11677473470163144,0.0009920268016314349
37810.00100000002,0.1158175319,0.11682030292737969,0.0010027710273796814
37880.00100000002,0.1158694178,0.11686018940977251,0.0009907716097725117
37960.00100000002,0.1158961058,0.1169057615798168,0.0010096557798168065
38030.00100000002,0.1159442812,0.11694562002688295,0.0010013388268829554
38100.00100000002,0.1159894913,0.11698543346550527,0.0009959421655052758
38180.00100000002,0.1160317361,0.11703095608769587,0.0009992199876958652
38250.00100000002,0.1160739809,0.11707078594380846,0.0009968050438084602
38330.00100000002,0.1160895526,0.11711627673572239,0.0010267241357223844
38400.00100000002,0.1161510646,0.11715611768697619,0.001005053086976182
38480.00100000002,0.1161681116,0.11720160883341577,0.0010334972334157672
38550.00100000002,0.1162377894,0.11724145291268198,0.001003663512681982
38620.00100000002,0.1162629873,0.11728127047568959,0.0010182831756895966
38700.00100000002,0.1163007915,0.11732678336346372,0.001025991863463721
38770.00100000002,0.1163504422,0.11736661783504379,0.0010161756350437895
38850.00100000002,0.1164090037,0.11741493696352245,0.0010059332635224544
38920.00100000002,0.1164527237,0.11745820570768217,0.0010054820076821763
39000.00100000002,0.1164660752,0.11750762621835048,0.0010415510183504756
39070.00100000002,0.1165357381,0.11755092338556078,0.0010151852855607851
39140.00100000002,0.116562441,0.11759417840356917,0.001031737403569169
39220.00100000002,0.1166165471,0.11764362784400831,0.001027080744008313
39290.00100000002,0.1166536063,0.11768689708826907,0.0010332907882690673
39370.00100000002,0.1166988164,0.11773634885500983,0.0010375324550098292
39440.00100000002,0.1167455018,0.11777963708445574,0.0010341352844557422
39520.00100000002,0.1167936921,0.11782909164185054,0.001035399541850543
39590.00100000002,0.1168492734,0.1178723724922314,0.0010230990922314026
39670.00100000002,0.1168944836,0.1179251059420137,0.001030622342013704
39740.00100000002,0.1169263572,0.11797136088856056,0.0010450036885605585
39810.00100000002,0.1169760078,0.11801761575714072,0.0010416079571407139
39890.00100000002,0.1170293838,0.11807049361807498,0.0010411098180749812
39960.00100000002,0.1170634776,0.11811674240389942,0.0010532648038994313
40040.00100000002,0.1171123981,0.11816961423773154,0.0010572161377315342
40110.00100000002,0.1171546429,0.118215877201612,0.0010612343016120074
40190.00100000002,0.1172035635,0.11826874314323457,0.0010651796432345761
40260.00100000002,0.1172665507,0.11831503137391056,0.0010484806739105568
40330.00100000002,0.1173028797,0.11836128606427912,0.0010584063642791186
40410.00100000002,0.1173621714,0.11841485283919156,0.0010526814391915579
40480.00100000002,0.1174088567,0.11846397857397811,0.0010551218739781182
40560.00100000002,0.1174570322,0.11852011415715843,0.0010630819571584293
40630.00100000002,0.1175244898,0.11856925452790526,0.0010447647279052535
40710.00100000002,0.1175430119,0.11862537047362626,0.001082358573626263
40780.00100000002,0.1175978631,0.1186744959449955,0.0010766328449954982
40850.00100000002,0.1176749468,0.11872364295389273,0.0010486961538927336
40930.00100000002,0.1177016348,0.11877977210909971,0.001078137309099711
41000.00100000002,0.1177757531,0.11882892221710262,0.001053169117102612
41080.00100000002,0.1178246737,0.11888507518085445,0.001060401480854456
41150.00100000002,0.117863968,0.1189341936396663,0.0010702256396663001
41230.00100000002,0.1179151088,0.11899402995185529,0.0010789211518552888
41300.00100000002,0.1179995984,0.11905024953114993,0.001050651131149924
41370.00100000002,0.1180040389,0.11910639264040823,0.001102353740408235
41450.00100000002,0.1180633307,0.1191705956734153,0.0011072649734153034
41520.00100000002,0.1181241125,0.11922677613171567,0.0011026636317156696
41600.00100000002,0.1182063818,0.11929101126986905,0.00108462946986905
41670.00100000002,0.1182271391,0.11934716486096429,0.0011200257609642883
41750.00100000002,0.1182945818,0.11941137397665663,0.0011167921766566252
41820.00100000002,0.1183568388,0.11946787457703793,0.0011110357770379303
41890.00100000002,0.1184257716,0.11952728561848977,0.001101514018489777
41970.00100000002,0.1184776574,0.11959514033382518,0.001117482933825173
42040.00100000002,0.1185458452,0.11965453773163807,0.0011086925316380752
42120.00100000002,0.1185962409,0.11972240446378088,0.0011261635637808826
42190.00100000002,0.1186273694,0.11978177163354378,0.0011544022335437804
42270.00100000002,0.1187103838,0.11984966537727848,0.001139281577278481
42340.00100000002,0.1187741309,0.119909059311054,0.0011349284110540037
42410.00100000002,0.1188408285,0.11996845885841541,0.001127630358415413
42490.00100000002,0.1189038306,0.12003633594491674,0.00113250534491674
42560.00100000002,0.118933484,0.120095702871897,0.0011622188718969917
42640.00100000002,0.1190112978,0.12016454066554634,0.0011532428655463417
42710.00100000002,0.1190965474,0.1202264154695727,0.001129868069572701
42790.00100000002,0.1191543639,0.12029710344652175,0.0011427395465217483
42860.00100000002,0.1192017943,0.12035895574735193,0.001157161447351937
42930.00100000002,0.119227007,0.1204207911314685,0.001193784131468506
43010.00100000002,0.1193189025,0.12049149099185147,0.0011725884918514645
43080.00100000002,0.1193878353,0.12055336286798629,0.0011655275679862964
43160.00100000002,0.1194575131,0.12062406475536622,0.0011665516553662214
43230.00100000002,0.1195079088,0.12068591507315055,0.0011780062731505392
43310.00100000002,0.1195901781,0.1207566265750305,0.0011664484750305015
43380.00100000002,0.1196309477,0.1208184896220695,0.0011875419220694905
43450.00100000002,0.119686529,0.12088522975777388,0.0011987007577738823
43530.00100000002,0.1197947413,0.12096660313036692,0.0011718618303669243
43600.00100000002,0.1198221743,0.12103775353131471,0.0012155792313147118
43680.00100000002,0.1199177802,0.121119107804563,0.001201327604562999
43750.00100000002,0.1199726313,0.12119028581049784,0.001217654510497851
43830.00100000002,0.1200608313,0.12127343729345533,0.0012126059934553235
43900.00100000002,0.1201267987,0.12134730353567635,0.0012205048356763587
43970.00100000002,0.1201690435,0.12142116013451629,0.0012521166345162843
44050.00100000002,0.1202705801,0.12150558828789215,0.001235008187892156
44120.00100000002,0.1203039289,0.12157943144467187,0.0012755025446718748
44200.00100000002,0.1204136461,0.1216638825010074,0.0012502364010074096
44270.00100000002,0.1204766482,0.12173775800924935,0.0012611098092493583
44350.00100000002,0.1205492765,0.12182217283328192,0.0012728963332819254
44420.00100000002,0.1206360012,0.12189605127170747,0.001260050071707472
44490.00100000002,0.1207056642,0.1219699304927186,0.0012642662927185994
44570.00100000002,0.1207597703,0.12205433992217588,0.0012945696221758757
44640.00100000002,0.1208531559,0.12212739265126563,0.001274236751265631
44720.00100000002,0.1209117174,0.12221061487559101,0.0012988974755910182
44790.00100000002,0.1210073233,0.12228347125675995,0.0012761479567599543
44870.00100000002,0.1210614294,0.12236669615942719,0.0013052667594271872
44940.00100000002,0.1211355478,0.12243954063283216,0.0013039928328321543
45020.00100000002,0.1212407947,0.12252279251460975,0.0012819978146097477
45090.00100000002,0.1212986112,0.12259563082230439,0.001297019622304385
45160.00100000002,0.1213653088,0.1226684574009449,0.001303148600944895
45240.00100000002,0.1214394271,0.12275170416379538,0.0013122770637953862
45310.00100000002,0.121535778,0.12282454539415794,0.0012887673941579386
45390.00100000002,0.1216291934,0.12290923335850462,0.0012800399585046196
45460.00100000002,0.121704787,0.12299676594754606,0.0012919789475460686
45540.00100000002,0.1217833608,0.12309677855136408,0.0013134177513640793
45610.00100000002,0.1218693256,0.12318324201299471,0.00131391641299472
45680.00100000002,0.1219256669,0.12326632421213397,0.0013406573121339804
45760.00100000002,0.1220331341,0.12336129186691183,0.001328157766911836
45830.00100000002,0.1221079826,0.12344438604678074,0.0013364034467807373
45910.00100000002,0.1222228706,0.12353936921247108,0.0013164986124710731
45980.00100000002,0.1222755015,0.12362244345470622,0.0013469419547062211
46060.00100000002,0.1223822236,0.1237174306500367,0.001335207050036688
46130.00100000002,0.1224207729,0.1238005077932847,0.0013797348932847037
46200.00100000002,0.1225482523,0.12388362313654937,0.0013353708365493738
46280.00100000002,0.1226134747,0.12397857001004456,0.0013650953100445562
46350.00100000002,0.1227090806,0.12406168217666765,0.0013526015766676391
46430.00100000002,0.1228172928,0.12416143403453589,0.0013441412345358839
46500.00100000002,0.1228981018,0.12425361959077189,0.001355517790771879
46580.00100000002,0.1230122447,0.12435898339077756,0.0013467386907775603
46650.00100000002,0.1230507791,0.1244511255638148,0.0014003464638148028
46720.00100000002,0.1231426895,0.12454331738407193,0.0014006278840719283
46800.00100000002,0.1232234836,0.12464864590443378,0.0014251623044337774
46870.00100000002,0.12332353,0.1247408444708312,0.0014173144708311963
46950.00100000002,0.123439163,0.1248461980950042,0.0014070350950041999
47020.00100000002,0.1235043854,0.12493836431484537,0.0014339789148453685
47100.00100000002,0.1235999912,0.12504371489679528,0.0014437236967952821
47170.00100000002,0.123686716,0.1251358931984921,0.0014491771984921076
47240.00100000002,0.1238171607,0.12522789337708443,0.001410732677084428
47320.00100000002,0.1238749772,0.12533285344698147,0.0014578762469814738
47390.00100000002,0.1240076423,0.12542474862517144,0.0014171063251714466
47470.00100000002,0.1240587831,0.12552969300296168,0.001470909902961684
47540.00100000002,0.1241848022,0.1256215800756533,0.0014367778756533
47620.00100000002,0.1242581755,0.12572653799578426,0.0014683624957842617
47690.00100000002,0.1243693531,0.12581842343209307,0.001449070332093072
47760.00100000002,0.1244494021,0.12591027301430002,0.0014608709143000276
47840.00100000002,0.1245576143,0.1260152621048063,0.0014576478048062974
47910.00100000002,0.1246383935,0.12610711857476398,0.0014687250747639768
47990.00100000002,0.1247673631,0.12621212711886587,0.0014447640188658684
48060.00100000002,0.1248866916,0.12631205594466483,0.0014253643446648229
48140.00100000002,0.1249719262,0.12642668117566797,0.0014547549756679656
48210.00100000002,0.1250919998,0.12652700071206385,0.0014350009120638607
48280.00100000002,0.125137955,0.1266272611894639,0.0014893061894639126
48360.00100000002,0.1252646893,0.12674190117461936,0.0014772118746193552
48430.00100000002,0.1253736615,0.1268422070689852,0.00146854556898518
48510.00100000002,0.1254707575,0.12695682860281624,0.0014860711028162332
48580.00100000002,0.1255841553,0.12705714729746584,0.001472991997465839
48660.00100000002,0.1256864369,0.12717177088504428,0.0014853339850442737
48730.00100000002,0.1257776022,0.12727206576915737,0.0014944635691573616
48800.00100000002,0.1259013861,0.12737351171399328,0.0014721256139932637
48880.00100000002,0.1259873658,0.1275012901851212,0.0015139243851212125
48950.00100000002,0.1260881573,0.1276131160467504,0.0015249587467504044
49030.00100000002,0.1262149066,0.12774091181982533,0.0015260052198253216
49100.00100000002,0.1263283044,0.1278527613655635,0.0015244569655634976
49180.00100000002,0.1264565289,0.12798057658288198,0.0015240476828819738
49250.00100000002,0.1265262067,0.12809238472542378,0.0015661780254237756
49320.00100000002,0.1266418397,0.12819951313688382,0.0015576734368838163
49400.00100000002,0.1267389208,0.1283192458337277,0.0015803250337277086
49470.00100000002,0.1268389821,0.12842403020343923,0.001585048103439235
49550.00100000002,0.1269768476,0.12854380396822315,0.0015669563682231546
49620.00100000002,0.1270657927,0.12864857955553097,0.0015827868555309543
49700.00100000002,0.12721847,0.12876835712966245,0.0015498871296624472
49770.00100000002,0.1273140758,0.12887315365185548,0.001559077851855467
49850.00100000002,0.1274326742,0.128992895415247,0.0015602212152469874
49920.00100000002,0.1275179088,0.12909765616114463,0.0015797473611446344
49990.00100000002,0.127652064,0.12920247160113518,0.001550407601135173
50070.00100000002,0.1277313828,0.12932219335162892,0.001590810551628935
50140.00100000002,0.1278521866,0.1294328765830874,0.0015806899830873855
50220.00100000002,0.1279819012,0.12955967351525338,0.001577772315253384
50290.00100000002,0.1281160563,0.1296706518747166,0.0015545955747165996
50370.00100000002,0.1282183379,0.1297974484120225,0.0015791105120225024
50440.00100000002,0.1283258051,0.12990839331282825,0.001582588212828251
50510.00100000002,0.128431052,0.13001934660879488,0.0015882946087948935
50590.00100000002,0.128554821,0.1301461457851645,0.001591324785164494
50660.00100000002,0.128670454,0.13025710024181675,0.0015866462418167582
50740.00100000002,0.1287801415,0.13038390036311043,0.0016037588631104271
50810.00100000002,0.1288906038,0.1304948472990957,0.0016042434990956866
50890.00100000002,0.1290432811,0.13062220490418924,0.0015789238041892528
50960.00100000002,0.129157424,0.13073535481591553,0.0015779308159155347
51030.00100000002,0.1292767525,0.13084854018237,0.001571787682369985
51110.00100000002,0.1294109076,0.1309778589203667,0.0015669513203666885
51180.00100000002,0.1294946522,0.13109102177236331,0.0015963695723633098
51260.00100000002,0.1296013892,0.1312203414233804,0.0016189522233804043
51330.00100000002,0.1297273934,0.13133350108802394,0.0016061076880239389
51410.00100000002,0.1298615336,0.1314628405002679,0.0016013069002679126
51480.00100000002,0.1299742013,0.13157600494254612,0.0016018036425461124
51550.00100000002,0.1300757527,0.13168916652856083,0.001613413828560839
51630.00100000002,0.130211398,0.13181850451063026,0.0016071065106302573
51700.00100000002,0.1303070039,0.13193114447796805,0.0016241405779680584
51780.00100000002,0.1304255873,0.13205889861459608,0.0016333113145960698
51850.00100000002,0.1305567771,0.13217072209421793,0.0016139449942179362
51930.00100000002,0.1307087243,0.1322985198436783,0.0015897955436783018
52000.00100000002,0.1308110058,0.13241032134782027,0.0015993155478202792
52070.00100000002,0.1309029162,0.13252212275246442,0.0016192065524644195
52150.00100000002,0.1310526282,0.13264991246183264,0.0015972842618326433
52220.00100000002,0.1311326772,0.13276168154590318,0.0016290043459031844
52300.00100000002,0.1312927902,0.13288948543065912,0.001596695230659112
52370.00100000002,0.1313891411,0.13300128453885807,0.0016121434388580713
52450.00100000002,0.1315269917,0.1331290743978813,0.0016020826978812852
52520.00100000002,0.1316411346,0.13324218260804566,0.001601048008045669
52590.00100000002,0.1317463815,0.13335592410640826,0.0016095426064082485
52670.00100000002,0.1318998039,0.13348595305329047,0.0015861491532904726
52740.00100000002,0.1320013553,0.1335997028160989,0.0015983475160988858
52820.00100000002,0.1321347654,0.13372971795296212,0.0015949525529621311
52890.00100000002,0.1322481632,0.1338434726988142,0.0015953094988142014
52970.00100000002,0.1323934495,0.13397349629236732,0.0015800467923673123
53040.00100000002,0.1324705333,0.13408722108706522,0.001616687787065224
53110.00100000002,0.132609874,0.1342009838599374,0.0015911098599374063
53190.00100000002,0.1327366084,0.13433098790280773,0.001594379502807719
53260.00100000002,0.1328596473,0.13444475882012408,0.0015851115201240829
53340.00100000002,0.132963419,0.13456869260298915,0.001605273602989149
53410.00100000002,0.1330908984,0.1346761097326752,0.001585211332675196
53490.00100000002,0.1332169026,0.13479888062198142,0.0015819780219814283
53560.00100000002,0.133316949,0.13490627333317762,0.0015893243331776274
53630.00100000002,0.1334155351,0.13501366333914674,0.0015981282391467344
53710.00100000002,0.133574903,0.1351364432858521,0.0015615402858520921
53780.00100000002,0.1336831152,0.13524385128474087,0.0015607360847408602
53860.00100000002,0.1337883621,0.13536658123599896,0.001578219135998954
53930.00100000002,0.1339062005,0.13547398147793954,0.0015677809779395535
54010.00100000002,0.1340373904,0.13559674110541772,0.0015593507054177114
54080.00100000002,0.1341344863,0.13570385652810718,0.0015693702281071864
54150.00100000002,0.1342604905,0.1358081478389952,0.0015476573389952009
54230.00100000002,0.134370923,0.13592734470346024,0.0015564217034602368
54300.00100000002,0.1344791353,0.136031645452726,0.0015525101527260055
54380.00100000002,0.1346125454,0.1361508412756422,0.0015382958756421927
54450.00100000002,0.1347296685,0.13625514708134756,0.0015254785813475502
54530.00100000002,0.1348430663,0.13637433925987952,0.0015312729598795094
54600.00100000002,0.1349564642,0.13647863930470125,0.0015221751047012622
54680.00100000002,0.1350587457,0.1365978261956305,0.0015390804956304793
54750.00100000002,0.1351780891,0.13670212672528842,0.0015240376252884102
54820.00100000002,0.1352618337,0.13680640751030904,0.0015445738103090356
54900.00100000002,0.1354315728,0.13692427370146115,0.0014927009014611414
54970.00100000002,0.1355071664,0.137024992153518,0.0015178257535179984
55050.00100000002,0.1356472522,0.1371401522061197,0.0014929000061196795
55120.00100000002,0.1357391477,0.13724087609102495,0.0015017283910249424
55200.00100000002,0.1358570158,0.1373559793505088,0.0014989635505087973
55270.00100000002,0.1359681934,0.1374567383985018,0.0014885449985018173
55340.00100000002,0.1360630691,0.13755747354932296,0.0014944044493229725
55420.00100000002,0.1361890584,0.1376726050945032,0.0014835466945031794
55490.00100000002,0.1362802237,0.13777333246431928,0.0014931087643192675
55570.00100000002,0.1363951117,0.13788846180033212,0.0014933501003321359
55640.00100000002,0.136487022,0.1379891920020539,0.001502170002053882
55720.00100000002,0.1366167217,0.13809110706408773,0.001474385364087727
55790.00100000002,0.1367227137,0.13817207410150745,0.001449360401507449
55860.00100000002,0.1368086934,0.13825631719858997,0.001447623798589981
55940.00100000002,0.1369102299,0.13835868671874468,0.00144845681874467
56010.00100000002,0.1370340288,0.13844829689514065,0.0014142680951406417
56090.00100000002,0.1371466815,0.13855068931799086,0.0014040078179908544
56160.00100000002,0.1372044981,0.13864025392229176,0.0014357558222917732
56240.00100000002,0.1373267919,0.1387426326954888,0.0014158407954888153
56310.00100000002,0.1374223977,0.13883222305637488,0.0014098253563748775
56380.00100000002,0.1375187486,0.13892181389335978,0.0014030652933597898
56460.00100000002,0.137619555,0.13902419446980388,0.0014046394698038756
56530.00100000002,0.1377121955,0.13911377759817375,0.0014015820981737592
56610.00100000002,0.1378367245,0.13921618609511882,0.0013794615951188138
56680.00100000002,0.1379219592,0.13930086714424816,0.0013789079442481644
56760.00100000002,0.1380257159,0.13939487109312027,0.0013691551931202528
56830.00100000002,0.1381346881,0.13947715862493199,0.0013424705249319713
56900.00100000002,0.1382036209,0.1395594069040697,0.0013557860040697145
56980.00100000002,0.1383118331,0.13965342360040778,0.0013415905004077744
57050.00100000002,0.1383941025,0.13973567934749165,0.0013415768474916434
57130.00100000002,0.1385186166,0.13982971973897768,0.0013111031389776706
57200.00100000002,0.1386075616,0.13991198481102135,0.0013044232110213383
57280.00100000002,0.1386861205,0.14000598855467328,0.0013198680546732677
57350.00100000002,0.1387743205,0.14008825380864146,0.0013139333086414628
57420.00100000002,0.1388514042,0.14017051131050126,0.0013191071105012608
57500.00100000002,0.1389566511,0.14026130769716383,0.0013046565971638335
57570.00100000002,0.1390581876,0.1403402205603227,0.0012820329603226988
57650.00100000002,0.1391160041,0.14043035908672546,0.001314354986725469
57720.00100000002,0.1392197907,0.1405092623338118,0.001289471633811795
57800.00100000002,0.1392879784,0.14059941121231978,0.0013114328123197683
57870.00100000002,0.1393657923,0.14067830263474912,0.0013125103347491063
57940.00100000002,0.1394888312,0.1407572344622034,0.0012684032622033992
58020.00100000002,0.1395436823,0.14084737645852952,0.001303694158529517
58090.00100000002,0.1396622658,0.14092629764040343,0.00126403184040344
58170.00100000002,0.1397482455,0.14101646881298863,0.00126822331298862
58240.00100000002,0.1398238391,0.14109410852862025,0.001270269428620241
58320.00100000002,0.139877215,0.14116936875996816,0.001292153759968162
58390.00100000002,0.1399490982,0.14123524841038787,0.0012861502103878597
58460.00100000002,0.1400691718,0.14130115222559975,0.0012319804255997435
58540.00100000002,0.1401232779,0.14137642540752893,0.0012531475075289178
58610.00100000002,0.1402300149,0.14144233654780686,0.0012123216478068521
58690.00100000002,0.1403026581,0.14151762144496888,0.0012149633449688724
58760.00100000002,0.1403493583,0.14158348512315205,0.0012341268231520486
58840.00100000002,0.1404331028,0.1416587798768716,0.0012256770768716008
58910.00100000002,0.1405124068,0.14172466012202914,0.0012122533220291498
58980.00100000002,0.1405791193,0.14178995966570188,0.0012108403657018763
59060.00100000002,0.1406769603,0.14185836372461913,0.001181403424619143
59130.00100000002,0.140725866,0.141918183773178,0.0011923177731779921
59210.00100000002,0.1408170313,0.14198657180288965,0.0011695405028896433
59280.00100000002,0.1408711374,0.14204639484499235,0.0011752574449923336
59360.00100000002,0.1409504563,0.14211478079810486,0.0011643244981048573
59430.00100000002,0.1410238296,0.14217462231413178,0.0011507927141317653
59510.00100000002,0.1411149949,0.1422430189614151,0.0011280240614151005
59580.00100000002,0.1411727965,0.1423028640614125,0.0011300675614124844
59650.00100000002,0.1412424743,0.14236269255036546,0.0011202182503654567
59730.00100000002,0.1413262337,0.1424310861964912,0.0011048524964911988
59800.00100000002,0.1413699687,0.14249054170415262,0.0011205730041526363
59880.00100000002,0.1414507627,0.14255782549200807,0.0011070627920080622
59950.00100000002,0.141532287,0.1426167097337755,0.0010844227337754864
60030.00100000002,0.141576767,0.14268396522203683,0.001107198222036837
60100.00100000002,0.1416508704,0.1427428492456104,0.0010919788456104085
60170.00100000002,0.1417072117,0.14280170356825952,0.0010944918682595228
60250.00100000002,0.1417472363,0.14286896055258624,0.001121724252586248
60320.00100000002,0.1418443322,0.14292785397058566,0.0010835217705856548
60400.00100000002,0.1419184357,0.14299514561370796,0.0010767099137079517
60470.00100000002,0.1419606954,0.14305400901886922,0.0010933136188692183
60550.00100000002,0.1419970095,0.14312126443428175,0.0011242549342817543
60620.00100000002,0.1420503706,0.14317164354816503,0.0011212729481650252
60690.00100000002,0.1421230137,0.14321783258565557,0.001094818885655574
60770.00100000002,0.1421912014,0.1432706133588249,0.0010794119588249107
60840.00100000002,0.1422771662,0.14331681402478347,0.0010396478247834684
60920.00100000002,0.1423223913,0.14336959582962666,0.0010472045296266719
60990.00100000002,0.1423661113,0.14341576613034185,0.0010496548303418618
61070.00100000002,0.142417267,0.1434685285512144,0.0010512615512144052
61140.00100000002,0.1424988061,0.14351473647356716,0.0010159303735671754
61210.00100000002,0.1425380856,0.14356065999027384,0.0010225743902738393
61290.00100000002,0.1425892264,0.1436128893579459,0.0010236629579458978
61360.00100000002,0.1426455528,0.14365859718161253,0.0010130443816125378
61440.00100000002,0.1427167058,0.14371084056360586,0.0009941347636058528
61510.00100000002,0.1427530199,0.1437565342583495,0.0010035143583494999
61590.00100000002,0.1428078711,0.1438087751213783,0.001000904021378285
61660.00100000002,0.1428819895,0.1438544963851879,0.0009725068851879071
61730.00100000002,0.1429101527,0.1439001919999131,0.0009900392999131202
61810.00100000002,0.1429716647,0.14395243297635346,0.0009807682763534609
61880.00100000002,0.1430361569,0.14399816696194076,0.0009620100619407712
61960.00100000002,0.1430865526,0.14405039746672765,0.0009638448667276533
62030.00100000002,0.1431117505,0.14409251584774074,0.0009807653477407474
62110.00100000002,0.1431473345,0.14413970840592571,0.0009923739059257142
62180.00100000002,0.1432370096,0.14418103972919075,0.0009440301291907538
62250.00100000002,0.1432711035,0.14422233911241605,0.000951235612416057
62330.00100000002,0.1433237344,0.1442695357499016,0.000945801349901576
62400.00100000002,0.143381536,0.1443108487861426,0.0009293127861425832
62480.00100000002,0.1434074789,0.14435804178722933,0.0009505628872293337
62550.00100000002,0.1434504688,0.14439934855948067,0.0009488797594806586
62630.00100000002,0.1435179412,0.14444655889544994,0.0009286176954499403
62700.00100000002,0.1435468346,0.14448785986296164,0.0009410252629616367
62770.00100000002,0.1435994655,0.14452917483279815,0.0009297093327981509
62850.00100000002,0.1436372697,0.14457693150477496,0.0009396618047749772
62920.00100000002,0.1436995268,0.1446187687679771,0.0009192419679771024
63000.00100000002,0.1437247247,0.14466655656184607,0.0009418318618460708
63070.00100000002,0.1437551081,0.14470836793769298,0.0009532598376929824
63150.00100000002,0.1438277513,0.1447561838167039,0.0009284325167039087
63220.00100000002,0.1438447982,0.14479799299526339,0.0009531947952633735
63290.00100000002,0.1438833326,0.1448398238172381,0.0009564912172380924
63370.00100000002,0.1439604163,0.14488764651749347,0.0009272302174934688
63440.00100000002,0.1439871043,0.14492946172019716,0.0009423574201971596
63520.00100000002,0.1440248936,0.1449772592349334,0.0009523656349333942
63590.00100000002,0.1440634429,0.14501560538292824,0.0009521624829282316
63670.00100000002,0.1441138387,0.14504683735461005,0.000932998654610051
63740.00100000002,0.1441694349,0.14507416519090388,0.0009047302909038768
63810.00100000002,0.1441775858,0.14510147522213018,0.0009238894221301752
63890.00100000002,0.1442502141,0.14513271960855673,0.0008825055085567302
63960.00100000002,0.1442479938,0.1451600216159143,0.0009120278159142903
64040.00100000002,0.1443139613,0.14519544570951898,0.00088148440951899
64110.00100000002,0.1443421245,0.14523072391187397,0.0008885994118739693
64190.00100000002,0.1444147527,0.1452710560678776,0.0008563033678775922
64260.00100000002,0.1444229186,0.1453063169335737,0.0008833983335737039
64330.00100000002,0.1444399655,0.14534158765462413,0.0009016221546241376
64410.00100000002,0.1445044428,0.14538192362960234,0.0008774808296023451
64480.00100000002,0.1445014775,0.14541718000041562,0.0009157025004156161
64560.00100000002,0.1445555836,0.1454575108325185,0.0009019272325185013
64630.00100000002,0.1446126699,0.14549280284178343,0.0008801329417834347
64710.00100000002,0.1446601003,0.1455331305421207,0.0008730302421206815
64780.00100000002,0.1446890086,0.14556842618438576,0.0008794175843857555
64860.00100000002,0.1447216272,0.14560478025500462,0.0008831530550046096
64930.00100000002,0.1447675675,0.14563521828584636,0.0008676507858463578
65000.00100000002,0.1447912902,0.1456656317343712,0.0008743415343711869
65080.00100000002,0.1448224187,0.14570039441678923,0.0008779757167892144
65150.00100000002,0.1448491067,0.14573081461780263,0.000881707917802621
65230.00100000002,0.1448846757,0.14576558106700127,0.0008809053670012779
65300.00100000002,0.1449143291,0.14579600361909728,0.0008816745190972919
65380.00100000002,0.1449536085,0.14583076795696193,0.000877159456961929
65450.00100000002,0.1449699104,0.1458611817081669,0.0008912713081668799
65520.00100000002,0.145002529,0.14589159658397088,0.0008890675839708928
65600.00100000002,0.1450351328,0.14592636963646066,0.0008912368364606682
65670.00100000002,0.1451018453,0.1459525359243841,0.0008506906243840873
65750.00100000002,0.1451159269,0.1459821933622223,0.0008662664622222926
65820.00100000002,0.1451277882,0.14600812538960165,0.0008803371896016488
65900.00100000002,0.145161882,0.1460377825904452,0.0008759005904452055
65970.00100000002,0.1452033818,0.14606374138996703,0.0008603595899670247
66040.00100000002,0.1452137679,0.1460896787414199,0.0008759108414198857
66120.00100000002,0.1452471167,0.1461193401981462,0.0008722234981461963
66190.00100000002,0.1453071535,0.1461453108020716,0.000838157302071596
66270.00100000002,0.1453279108,0.14617496535768343,0.000847054557683441
66340.00100000002,0.1453716308,0.14620092819140112,0.0008292973914011126
66420.00100000002,0.1453627348,0.1462135268093994,0.000850792009399387
66490.003,0.1454198062,0.14622382739926176,0.0008040211992617619
66560.003,0.1454346329,0.1462469834579509,0.0008123505579508972
66640.003,0.1454768777,0.1462734597390461,0.0007965820390460898
66710.003,0.1454931945,0.14629662011592626,0.000803425615926251
66790.003,0.145515427,0.1463231001409445,0.0008076731409444871
66860.003,0.1455332041,0.14634626735017803,0.00081306325017802
66940.003,0.1456028819,0.14637273828729402,0.0007698563872940156
67010.003,0.1456251293,0.14639591614397313,0.0007707868439731369
67080.003,0.1456147432,0.1464190700483073,0.0008043268483072796
67160.003,0.1456332803,0.14644555018892563,0.0008122698889256319
67230.003,0.1456799805,0.14646871437804662,0.0007887338780466213
67310.003,0.1457096338,0.14649682758244886,0.0007871937824488751
67380.003,0.145720005,0.14652147657188036,0.0008014715718803467
67460.003,0.145746693,0.1465496717177695,0.0008029787177694925
67530.003,0.145789668,0.14657432365844658,0.0007846556584465703
67600.003,0.1458141357,0.14659898684950715,0.000784851149507132
67680.003,0.1458474845,0.1466271707323804,0.0007796862323803944
67750.003,0.1458497047,0.14665183064828458,0.0008021259482845766
67830.003,0.1458778679,0.14668000308234314,0.0008021351823431222
67900.003,0.1458978802,0.14670466407075466,0.0008067838707546682
67980.003,0.1459349394,0.14673284265631512,0.0007979032563151245
68050.003,0.1459393948,0.14675579587378118,0.00081640107378117
68120.003,0.1459831148,0.14677333387845948,0.0007902190784594698
68200.003,0.1460216641,0.1467933695769547,0.0007717054769547094
68270.003,0.1459957212,0.1468108681021631,0.000815146902163083
68350.003,0.1460424215,0.14683090790821413,0.0007884864082141341
68420.003,0.1460616887,0.14684843686623889,0.0007867481662388875
68500.003,0.14607355,0.14686845690426037,0.0007949069042603729
68570.003,0.1461039335,0.14688599149140164,0.0007820579914016301
68640.003,0.1461232007,0.1469035213367037,0.0007803206367036908
68720.003,0.1461565644,0.14692356293324724,0.0007669985332472429
68790.003,0.1461676806,0.14694108813343804,0.0007734075334380475
68870.003,0.1462091804,0.14696113563873903,0.0007519552387390271
68940.003,0.1462010294,0.14697864287766582,0.0007776134776658339
69020.003,0.1462536454,0.14699870392975933,0.0007450585297593404
69090.003,0.1462514251,0.14701622376389706,0.0007647986638970594
69160.003,0.1462877393,0.14703375117784798,0.0007460118778479796
69240.003,0.1462892294,0.14705379218115822,0.0007645627811582179
69310.003,0.1463485211,0.14707133661897653,0.000722815518976544
69390.003,0.1463529617,0.1470913738134504,0.0007384121134503818
69460.003,0.1463374048,0.14710888424057206,0.0007714794405720704
69540.003,0.1464033723,0.14712894473700683,0.0007255724370068273
69610.003,0.1464048475,0.14714646939847698,0.0007416218984769851
69690.003,0.1464330107,0.147167257368174,0.0007342466681739823
69760.003,0.1464307904,0.14718568544420912,0.000754895044209114
69830.003,0.1464671046,0.14720413866642496,0.0007370340664249464
69910.003,0.1464596987,0.14722520179234394,0.0007655030923439388
69980.003,0.1464834213,0.14724365685437243,0.0007602355543724348
70060.003,0.1465123296,0.14726473378462446,0.0007524041846244667
70130.003,0.1465249211,0.147283181493809,0.000758260393808996
70210.003,0.1465493739,0.1473042633675058,0.0007548894675057927
70280.003,0.1465649456,0.1473227032209572,0.0007577576209572001
70350.003,0.1465975642,0.147341157491845,0.0007435932918450072
70430.003,0.1466116458,0.14736223341810167,0.000750587618101678
70500.003,0.1466205269,0.14737584558337058,0.0007553186833705872
70580.003,0.1466538906,0.14739114822187704,0.000737257621877041
70650.003,0.1466635168,0.14740453492925581,0.0007410181292558105
70730.003,0.146684289,0.14741982712131457,0.0007355381213145773
70800.003,0.1466924399,0.14743321684734068,0.0007407769473406767
70870.003,0.1467206031,0.14744662433378614,0.0007260212337861227
70950.003,0.1467472911,0.14746191869178488,0.0007146275917848666
71020.003,0.1467517316,0.1474752985005211,0.0007235669005211109
71100.003,0.1467850953,0.1474906122831956,0.0007055169831955976
71170.003,0.1467880607,0.1475039931227311,0.0007159324227311026
71250.003,0.1468162239,0.1475199467752386,0.0007037228752386215
71320.003,0.1468162239,0.14753606135736244,0.0007198374573624544
71390.003,0.1468332708,0.14755217347747956,0.0007189026774795659
71470.003,0.1468599439,0.14757058919890065,0.0007106452989006362
71540.00399999999,0.1468555033,0.14758669195186166,0.0007311886518616695
71620.00399999999,0.1468992382,0.14760512791974728,0.0007058897197472769
71690.00399999999,0.1468984932,0.1476212362294856,0.0007227430294855786
71770.00399999999,0.146922946,0.14763965916729715,0.0007167131672971561
71840.00399999999,0.146931842,0.1476557619007277,0.0007239199007277042
71910.00399999999,0.1469474137,0.14767188993286645,0.00072447623286645
71990.00399999999,0.1469644606,0.1476902956522254,0.0007258350522253987
72060.00399999999,0.1469933689,0.14770543262530478,0.0007120637253047735
72140.00399999999,0.1469896585,0.14772086379247074,0.0007312052924707269
72210.00399999999,0.1470000297,0.1477343820899125,0.0007343523899124849
72290.00399999999,0.1470593214,0.14774986422479175,0.0006905428247917511
72360.00399999999,0.1470274627,0.1477633594068814,0.0007358967068814004
72430.00399999999,0.1470585912,0.14777689127290083,0.0007183000729008293
72510.00399999999,0.1470830441,0.14779235787084255,0.0007093137708425457
72580.00399999999,0.1470867544,0.1478058733889548,0.0007191189889547978
72660.00399999999,0.1471334398,0.14782133619763504,0.0006878963976350572
72730.00399999999,0.1471304744,0.14783485783350975,0.0007043834335097587
72810.00399999999,0.1471319646,0.14785030578305558,0.0007183411830555819
72880.00399999999,0.1471497566,0.14786396798265172,0.000714211382651736
72950.00399999999,0.14718014,0.1478776944722624,0.0006975544722624127
73030.00399999999,0.1471912563,0.1478933759585016,0.0007021196585016154
73100.00399999999,0.1472045928,0.14790709313074,0.0007025003307399857
73180.00399999999,0.147206828,0.1479227676602518,0.0007159396602517965
73250.00399999999,0.1472372115,0.1479364962473546,0.0006992847473546171
73330.00399999999,0.1472461075,0.14795218174834032,0.0007060742483403215
73400.00399999999,0.1472698152,0.14796590153834227,0.0006960863383422833
73470.00399999999,0.1472816765,0.1479796342309645,0.0006979577309644824
73550.00399999999,0.1472876072,0.1479953054062591,0.0007076982062590997
73620.00399999999,0.1473002136,0.14800902693224272,0.0007088133322427081
73700.00399999999,0.147330597,0.14802453261436718,0.0006939356143671749
73770.00399999999,0.1473461688,0.14803806816408843,0.0006918993640884219
73850.00399999999,0.1473357826,0.1480535242497475,0.0007177416497474998
73920.00399999999,0.1473646909,0.14806706292767755,0.0007023720276775336
73990.00399999999,0.1473928541,0.14808060103924936,0.0006877469392493618
74070.00399999999,0.147392109,0.14809604840741158,0.0007039394074115912
74140.00399999999,0.1474136114,0.14810958192508045,0.0006959705250804415
74220.00399999999,0.1474321336,0.14812505068505194,0.0006929170850519528
74290.00399999999,0.1474321336,0.14813857406301129,0.0007064404630112986
74370.00399999999,0.1474395543,0.14815403309530412,0.0007144787953041187
74440.00399999999,0.1474855095,0.14816773677667336,0.0006822272766733584
74520.00399999999,0.1474899501,0.14818489142082397,0.000694941320823983
74590.00399999999,0.1474869847,0.14819990841089672,0.0007129237108967346
74660.00399999999,0.1475262642,0.14821494270984148,0.0006886785098414727
74740.00399999999,0.147525534,0.14823211310734058,0.0007065791073405658
74810.00399999999,0.1475470215,0.1482471456896829,0.0007001241896829047
74890.00399999999,0.1475210786,0.14826429964399312,0.0007432210439931308
74960.00399999999,0.147568509,0.1482793333872537,0.0007108243872537001
75040.00399999999,0.1475855559,0.1482965106558416,0.0007109547558415974
75110.00399999999,0.1476144642,0.14831155034518778,0.0006970861451877919
75180.00399999999,0.1476359665,0.1483265738071639,0.0006906073071639152
75260.00399999999,0.1476344764,0.1483423050002779,0.0007078286002779044
75330.00399999999,0.1476322562,0.1483535567897038,0.0007213005897037938
75410.00399999999,0.1476715356,0.14836644308050234,0.0006949074805023547
75480.00399999999,0.1476670951,0.14837770126791416,0.0007106061679141573
75560.00399999999,0.1476893276,0.148390585664271,0.0007012580642709876
75630.00399999999,0.1476996988,0.14840184866112782,0.000702149861127821
75700.00399999999,0.1477219462,0.14841311865274015,0.0006911724527401408
75780.00399999999,0.1477212012,0.1484259917191726,0.0007047905191725767
75850.00399999999,0.1477508545,0.14843726083345254,0.0006864063334525439
75930.00399999999,0.147756055,0.14845013869884238,0.0006940836988423849
76000.00399999999,0.1477760673,0.148461407109655,0.000685339809654989
76080.00399999999,0.1478079259,0.14847875149121337,0.0006708255912133698
76150.00399999999,0.1478108913,0.14849670170110654,0.0006858104011065458
76220.00399999999,0.1478249729,0.1485146435747366,0.0006896706747366033
76300.00399999999,0.1478486955,0.1485351653561312,0.0006864698561312166
76370.00399999999,0.1478627771,0.14855310659344645,0.0006903294934464399
76450.00399999999,0.1478575915,0.14857361878762373,0.0007160272876237384
76520.00399999999,0.147870928,0.14859157586929034,0.0007206478692903251
76600.00399999999,0.147879824,0.14861208071069137,0.0007322567106913813
76670.00399999999,0.1479042768,0.14863003083008677,0.0007257540300867615
76740.00399999999,0.1479346752,0.14864798434202411,0.00071330914202411
76820.00399999999,0.1479450464,0.14866851019698046,0.0007234637969804614
76890.00399999999,0.1479635835,0.14868398433262076,0.00072040083262076
76970.00399999999,0.1479791403,0.14870100525347824,0.0007218649534782295
77040.00399999999,0.1480102688,0.14871592550522653,0.000705656705226515
77120.00399999999,0.1480043381,0.14873294926325614,0.0007286111632561487
77190.00399999999,0.1480310261,0.14874785325266093,0.0007168271526609427
77260.00399999999,0.148056224,0.14876276196894728,0.0007065379689472906
77340.00399999999,0.1480732709,0.14877980199039925,0.0007065310903992539
77410.00399999999,0.1480695605,0.14879469176647997,0.000725131266479967
77490.00399999999,0.1481029242,0.14881173729250957,0.0007088130925095582
77560.00399999999,0.1481029242,0.14882663901460738,0.000723714814607368
77640.00399999999,0.1481125504,0.14884409251451677,0.0007315421145167866
77710.00399999999,0.1481496096,0.14886342063854918,0.0007138110385491725
77780.00399999999,0.148144424,0.14888272405102543,0.0007383000510254312
77860.00399999999,0.1481807381,0.14890481222327212,0.0007240741232721337
77930.00399999999,0.1481829733,0.14892412205235717,0.0007411487523571736
78010.00399999999,0.1482000202,0.14894619230807876,0.0007461721080787576
78080.00399999999,0.1482444853,0.14896551763487165,0.0007210323348716408
78160.00399999999,0.1482526362,0.1489875994212707,0.0007349632212707014
78230.00399999999,0.1482622772,0.14900691318797493,0.0007446359879749453
78300.00399999999,0.1482719034,0.14902622530689236,0.000754321906892369
78380.00399999999,0.1483074874,0.1490483161014376,0.0007408287014376014
78450.00399999999,0.1483400911,0.14906674307485512,0.0007266519748551359
78530.00399999999,0.1483260095,0.14908450660876704,0.0007584971087670478
78600.00399999999,0.1483400911,0.14910006211481486,0.0007599710148148697
78680.00399999999,0.1483875364,0.14911785230804686,0.0007303159080468691
78750.00399999999,0.1483912319,0.1491334120807855,0.0007421801807855066
78820.00399999999,0.1484179199,0.14914897628524942,0.0007310563852494234
78900.00399999999,0.1484371871,0.14916675963097176,0.0007295725309717505
78970.00399999999,0.148454234,0.14918231305167873,0.0007280790516787372
79050.00399999999,0.1484764665,0.14920010071742124,0.0007236342174212484
79120.00399999999,0.1484964788,0.14921566039196837,0.0007191815919683764
79200.00399999999,0.1484883279,0.14923343164046166,0.0007451037404616612
79270.00399999999,0.1485231668,0.14927252885640185,0.0007493620564018588
79350.00399999999,0.1485498548,0.149319235632312,0.000769380832312011
79420.00399999999,0.1485705972,0.14933725382966972,0.0007666566296697375
79490.00399999999,0.1485794932,0.14935527582608046,0.0007757826260804679
79570.00399999999,0.1485913545,0.1493758760853317,0.00078452158533171
79640.00399999999,0.1486165524,0.149393900005867,0.000777347605867007
79720.00399999999,0.148640275,0.149414499354653,0.0007742243546530192
79790.00399999999,0.1486751139,0.1494325482966266,0.0007574343966266217
79870.00399999999,0.1487054974,0.14945315007968707,0.0007476526796870719
79940.00399999999,0.148720324,0.14947117590401937,0.000750851904019384
80010.00399999999,0.148728475,0.14948919883986028,0.0007607238398602834
80090.00399999999,0.1487536728,0.14950981030165889,0.0007561375016588989
80160.00399999999,0.1487751901,0.14952926887355472,0.0007540787735547116
80240.00399999999,0.1488115042,0.14955232842237284,0.0007408242223728434
80310.00399999999,0.1488211304,0.14957248850119492,0.0007513581011949211
80390.00399999999,0.1488507837,0.14959553648461146,0.0007447527846114743
80460.00399999999,0.1488641202,0.14961570778042071,0.0007515875804207095
80530.00399999999,0.1488774717,0.14963587664331604,0.0007584049433160267
80610.00399999999,0.1489122957,0.14965893159203578,0.0007466358920357741
80680.00399999999,0.1489197165,0.14967909825761821,0.0007593817576182216
80760.00399999999,0.1489493549,0.14970215519378105,0.000752800293781053
80830.00399999999,0.1489812285,0.14972232978836253,0.0007411012883625223
80910.00399999999,0.1489893794,0.1497453821519622,0.0007560027519621926
80980.00399999999,0.1490079165,0.14977340391829325,0.0007654874182932425
81050.00399999999,0.1490338594,0.1498018131776503,0.0007679537776502932
81130.00399999999,0.149091661,0.14983430002530623,0.0007426390253062465
81200.00399999999,0.149091661,0.149862697364683,0.0007710363646830087
81280.00399999999,0.1491057426,0.14989515737257753,0.000789414772577518
81350.00399999999,0.1491353959,0.1499235739386298,0.0007881780386297943
81430.00399999999,0.1491509527,0.1499560337494441,0.0008050810494441007
81500.00399999999,0.1492058039,0.14998446601312077,0.000778662113120776
81570.00399999999,0.1491850615,0.1500128543458526,0.000827792845852604
81650.00399999999,0.1492473185,0.15004534232906722,0.0007980238290672126
81720.00399999999,0.1492465734,0.15007343883805763,0.0008268654380576279
81800.00399999999,0.1492880732,0.1501023605303322,0.0008142873303322029
81870.00399999999,0.1493088305,0.1501276515536752,0.0008188210536752005
81950.00399999999,0.1493540406,0.15015658156811867,0.0008025409681186868
82020.00399999999,0.1493733078,0.1501818858586026,0.0008085780586025992
82090.00399999999,0.1494037062,0.15020718877451528,0.000803482574515263
82170.00399999999,0.1493925899,0.15023607922933807,0.0008434893293380596
82240.00399999999,0.1494148225,0.1502613726107003,0.0008465501107003115
82320.00399999999,0.1494844854,0.15029032143216914,0.0008058360321691327
82390.00399999999,0.149490416,0.15031560720332093,0.0008251912033209463
82470.00399999999,0.1495289654,0.15034452911242804,0.0008155637124280524
82540.00399999999,0.1495549083,0.15037059871551692,0.0008156904155169065
82610.00399999999,0.1495704651,0.150397908781328,0.000827443681328005
82690.00399999999,0.149577871,0.1504291130957075,0.0008512420957074995
82760.00399999999,0.1496090144,0.15045642704420195,0.0008474126442019614
82840.00399999999,0.1496586651,0.15048765439463666,0.0008289892946366506
82910.00399999999,0.1496920139,0.150514978220591,0.0008229643205910075
82990.00399999999,0.1497046202,0.15054617482354435,0.0008415546235443494
83060.00399999999,0.1497490853,0.15057350489404947,0.0008244195940494692
83130.00399999999,0.149773553,0.15060081792765376,0.0008272649276537536
83210.00399999999,0.1497972608,0.15063202658080754,0.0008347657808075448
83280.00399999999,0.1498069167,0.1506593370092501,0.0008524203092501181
83360.00399999999,0.1498521268,0.15069307778049806,0.0008409509804980508
83430.00399999999,0.1498699188,0.1507241455386914,0.0008542267386913993
83510.00399999999,0.1499091983,0.1507596593707561,0.00085046107075612
83580.00399999999,0.1499373615,0.1507907372589541,0.0008533757589540836
83650.00399999999,0.1499766409,0.1508218203158896,0.0008451794158895742
83730.00399999999,0.149986282,0.1508573239881354,0.0008710419881353959
83800.00399999999,0.1500470638,0.15088841881538168,0.000841355015381684
83880.00399999999,0.150065586,0.1509239302238946,0.0008583442238946082
83950.00399999999,0.1501041353,0.15095501450639215,0.0008508792063921522
84030.00399999999,0.1501152515,0.15099052129237,0.0008752697923700148
84100.00399999999,0.1501411945,0.15102159469493498,0.0008804001949349882
84180.00399999999,0.1502027065,0.15105651110921187,0.0008538046092118612
84250.00399999999,0.1502027065,0.15108692978400418,0.0008842232840041708
84320.00399999999,0.1502738595,0.15111738331942504,0.0008435238194250405
84400.00399999999,0.1502723694,0.1511521370531353,0.0008797676531352994
84470.00399999999,0.1503079534,0.15118257508503546,0.0008746216850354649
84550.00399999999,0.1503390819,0.15121735331896224,0.0008782714189622398
84620.00399999999,0.1503731757,0.15124778413870973,0.0008746084387097341
84700.00399999999,0.1504154205,0.15128257189662891,0.0008671513966289068
84770.00399999999,0.1504369229,0.15131300258447003,0.000876079684470038
84840.00399999999,0.1504984349,0.15134344671184355,0.0008450118118435435
84920.00399999999,0.1505206674,0.15137885059588496,0.0008581831958849595
84990.00399999999,0.1505421698,0.15141574071875064,0.0008735709187506491
85070.00399999999,0.1505977511,0.151457932849491,0.0008601817494909847
85140.00399999999,0.1506177634,0.15149480714403116,0.000877043744031164
85220.00399999999,0.1506748348,0.1515369988674853,0.0008621640674853215
85290.00399999999,0.1507104188,0.151573898379111,0.0008634795791110095
85360.00399999999,0.150746733,0.15161080349114753,0.0008640704911475339
85440.00399999999,0.1507815719,0.15165297309986703,0.0008714011998670335
85510.00399999999,0.1508156657,0.15168988487473659,0.0008742191747365957
85590.00399999999,0.150845319,0.1517320401423094,0.0008867211423093935
85660.00399999999,0.1508616209,0.15176910774957886,0.0009074868495788646
85740.00399999999,0.1509320438,0.15181339322175946,0.0008813494217594642
85810.00399999999,0.1509564966,0.15185213163669925,0.0008956350366992605
85880.00399999999,0.1509957761,0.15189087919726513,0.0008951030972651208
85960.00399999999,0.1510187536,0.15193513545305615,0.0009163818530561474
86030.00399999999,0.1510387659,0.15197386600797586,0.0009351001079758448
86110.00399999999,0.1510980576,0.15201815122901274,0.0009200936290127415
86180.00399999999,0.15111956,0.15205688735611964,0.0009373273561196216
86260.00399999999,0.1511773765,0.1521011682635641,0.000923791763564108
86330.00399999999,0.1511973888,0.1521398971254608,0.0009425083254608058
86400.00399999999,0.1512359232,0.1521786432293388,0.0009427200293387894
86480.00399999999,0.1512900293,0.15222290110837652,0.0009328718083765342
86550.00399999999,0.1513241231,0.1522615814396028,0.0009374583396027925
86630.00399999999,0.1513819396,0.15230578600112346,0.0009238464011234737
86700.00399999999,0.1514034271,0.1523444619931808,0.0009410348931808143
86780.00399999999,0.1514604986,0.15238867612578008,0.0009281775257800884
86850.00399999999,0.1514975578,0.15242735675377717,0.0009297989537771778
86920.00399999999,0.1515249759,0.1524660309811633,0.0009410550811632945
87000.00399999999,0.1515798271,0.15251023654729068,0.0009304094472906699
87070.00399999999,0.1516205966,0.15254892007254692,0.0009283234725469269
87150.00399999999,0.1516546905,0.15259312546986098,0.0009384349698609851
87220.00399999999,0.151712507,0.15263181288681757,0.000919305886817573
87300.00399999999,0.1517680883,0.15268048790567523,0.0009123996056752404
87370.00399999999,0.1517955065,0.15272584553337826,0.0009303390333782469
87440.00399999999,0.1518518478,0.15277121573564892,0.0009193679356489237
87520.00399999999,0.1518689096,0.15282303866558083,0.0009541290655808443
87590.00399999999,0.1519044787,0.15286839140635422,0.0009639127063542086
87670.00399999999,0.1519585848,0.15292024704566298,0.000961662245662992
87740.00399999999,0.1519800872,0.15296558851261308,0.000985501312613074
87820.00399999999,0.1520549357,0.1530174455593105,0.0009625098593104842
87890.00399999999,0.1520549357,0.15306277931097628,0.0010078436109762778
87960.00399999999,0.1521475911,0.15310817953492034,0.0009605884349203342
88040.00399999999,0.1521631479,0.1531600001913896,0.0009968522913895994
88110.00399999999,0.152235046,0.1532043883300842,0.0009693423300841941
88190.00399999999,0.1522861868,0.1532548251498842,0.0009686383498841988
88260.00399999999,0.1522847116,0.15329892514694035,0.0010142135469403402
88340.00399999999,0.1523462236,0.1533493730494076,0.0010031494494076032
88410.00399999999,0.1523862481,0.15339349303532954,0.0010072449353295265
88480.00399999999,0.1524499804,0.15343764174144703,0.000987661341447038
88560.00399999999,0.152500391,0.15348808775867512,0.000987696758675105
88630.00399999999,0.1525670886,0.15353223255492687,0.0009651439549268614
88710.00399999999,0.1525722742,0.1535826448216807,0.0010103706216807173
88780.00399999999,0.1526426971,0.15362679289699266,0.0009840957969926567
88860.00399999999,0.1526990235,0.15367768392908526,0.0009786604290852596
88930.00399999999,0.1527538747,0.15372642249844903,0.0009725477984490472
89000.00399999999,0.1527768523,0.15377515453216042,0.0009983022321604362
89080.00399999999,0.1528531909,0.1538308648328744,0.000977673932874401
89150.00399999999,0.1528954506,0.15387960802657386,0.000984157426573845
89230.00399999999,0.152952522,0.15393530792008375,0.0009827859200837452
89300.00399999999,0.1530029178,0.15398405596313136,0.000981138163131362
89380.00399999999,0.1530192196,0.15403973216014616,0.0010205125601461529
89450.00399999999,0.1530592442,0.1540884739781715,0.001029229778171492
89530.00399999999,0.1531244665,0.1541441791829057,0.0010197126829057102
89600.00399999999,0.1531689465,0.15419291932599813,0.0010239728259981151
89670.00399999999,0.1532215625,0.15424176259832179,0.001020200098321794
89750.00399999999,0.1532727033,0.15429799157977958,0.0010252882797795737
89820.00399999999,0.1533075422,0.15434718405279763,0.0010396418527976181
89900.00399999999,0.1534090787,0.1544034357194941,0.000994357019494102
89970.00399999999,0.1534261256,0.1544526274441102,0.0010265018441102114
90050.00399999999,0.1534935832,0.1545088483066952,0.0010152651066951957
90120.00399999999,0.1535298973,0.15455804678164914,0.0010281494816491432
90190.00399999999,0.1535995752,0.15460724911466744,0.0010076739146674396
90270.00399999999,0.1536410749,0.1546634726103333,0.0010223977103333004
90340.00399999999,0.1536885053,0.15471267687922352,0.0010241715792235206
90420.00399999999,0.1537537277,0.15476891113673963,0.0010151834367396195
90490.00399999999,0.1538004279,0.15482274589013445,0.0010223179901344415
90570.00399999999,0.1538560092,0.15488906709632597,0.0010330578963259618
90640.00399999999,0.1538864225,0.15494708818982153,0.0010606656898215217
90710.00399999999,0.1539597958,0.15500514153048084,0.0010453457304808456
90790.00399999999,0.1540220529,0.155071463647535,0.001049410747534979
90860.00399999999,0.1540843099,0.15512951379195122,0.0010452038919512296
90940.00399999999,0.1541332304,0.15519322593364498,0.0010599955336449973
91010.00399999999,0.1541865915,0.15524631797823737,0.0010597264782373772
91090.00399999999,0.1542592347,0.15530700932644143,0.0010477746264414278
91160.00399999999,0.1542822123,0.155360090075509,0.0010778777755089952
91230.00399999999,0.1543533653,0.15541318958151584,0.0010598242815158532
91310.00399999999,0.1544007957,0.15547385590568297,0.0010730602056829575
91380.00399999999,0.1544615775,0.1555269553524658,0.0010653778524657986
91460.00399999999,0.1545230895,0.1555876352092962,0.0010645457092962052
91530.00399999999,0.1545860916,0.15564073862205197,0.0010546470220519633
91610.00399999999,0.1546253711,0.15570140878606298,0.0010760376860629861
91680.00399999999,0.1547091305,0.15575452689732566,0.0010453963973256486
91750.00399999999,0.154758051,0.15581260333250568,0.001054552332505676
91830.00399999999,0.1548173428,0.15588180476621633,0.001064461966216318
91900.00399999999,0.1548625529,0.15594235208359464,0.001079799183594632
91980.00399999999,0.154944092,0.1560115767539078,0.0010674847539078047
92050.00399999999,0.1549930125,0.15607212259527836,0.0010791100952783628
92130.00399999999,0.155050084,0.15614131942443016,0.0010912354244301536
92200.00399999999,0.1551049352,0.15620187679408146,0.0010969415940814686
92270.00399999999,0.1551745981,0.15626243728297273,0.0010878391829727274
92350.00399999999,0.1552464962,0.15633164319936216,0.0010851469993621576
92420.00399999999,0.155298382,0.15639220650797322,0.0010938245079732123
92500.00399999999,0.1553732306,0.15646141574092554,0.0010881851409255405
92570.00399999999,0.155386582,0.15652306600607646,0.0011364840060764658
92650.00399999999,0.1554925591,0.1565936298946612,0.0011010707946611797
92720.00399999999,0.1555288881,0.15665534758750346,0.0011264594875034506
92790.00399999999,0.1555881798,0.1567170763470851,0.0011288965470850898
92870.00399999999,0.1556474715,0.15678760880758083,0.0011401373075808352
92940.00399999999,0.1557253003,0.156849341976752,0.00112404167675198
93020.00399999999,0.1557979286,0.15691988907629392,0.0011219604762939261
93090.00399999999,0.1558512896,0.15698162007448171,0.0011303304744817166
93170.00399999999,0.155926168,0.15705217027445467,0.0011260022744546683
93240.00399999999,0.1559995413,0.15711390452113322,0.00111436322113323
93310.00399999999,0.156024009,0.15717620714122127,0.0011521981412212778
93390.00399999999,0.156094417,0.15725373912843477,0.0011593221284347532
93460.00399999999,0.1561826169,0.15732160417666186,0.001138987276661868
93540.00399999999,0.1562485844,0.157399142365944,0.001150557965943988
93610.00399999999,0.1563138068,0.15746699310420514,0.0011531863042051338
93690.00399999999,0.1563738436,0.1575445320956066,0.0011706884956065866
93760.00399999999,0.1564442515,0.1576123959411136,0.0011681444411136
93830.00399999999,0.156510964,0.15768027670614665,0.0011693127061466468
93910.00399999999,0.1565798819,0.15775787816105463,0.0011779962610546368
93980.00399999999,0.156651035,0.15782575949243088,0.0011747244924308897
94060.00399999999,0.1567296088,0.1579033580409837,0.001173749240983707
94130.00399999999,0.1567911208,0.1579712516255577,0.001180130825557707
94210.00399999999,0.1568607986,0.158048829838486,0.0011880312384860148
94280.00399999999,0.1569223255,0.15811672598009802,0.001194400480098029
94360.00399999999,0.1569964439,0.15819431086362953,0.0011978669636295292
94430.00399999999,0.1570653766,0.1582622009654684,0.0011968243654683908
94500.00399999999,0.1571328193,0.1583301038055169,0.001197284505516899
94580.00399999999,0.1572113931,0.15840881907055063,0.001197425970550614
94650.00399999999,0.1572847664,0.15847963643153185,0.0011948700315318472
94730.00399999999,0.1573544294,0.1585605528288206,0.0012061234288205935
94800.00399999999,0.1574263275,0.15863137862563045,0.001205051125630463
94880.00399999999,0.1574937701,0.15871229986570592,0.0012185297657059113
94950.00399999999,0.1575745642,0.15878311644166687,0.0012085522416668826
95020.00399999999,0.1576479375,0.15885393451512392,0.0012059970151239163
95100.00399999999,0.1577272415,0.15893487017283436,0.00120762867283436
95170.00399999999,0.1577895135,0.15900568123622083,0.0012161677362208245
95250.00399999999,0.1578665972,0.15908661302080437,0.0012200158208043876
95320.00399999999,0.1579473913,0.15915743424078438,0.0012100429407843893
95400.00399999999,0.1580237299,0.15924144120938072,0.0012177113093807257
95470.00399999999,0.1581193507,0.15931688329184665,0.0011975325918466562
95540.00399999999,0.1581919789,0.1593923052374488,0.0012003263374487927
95620.00399999999,0.1582357138,0.1594784758828523,0.001242762082852289
95690.00399999999,0.1583135277,0.15955389855113317,0.0012403708511331546
95770.00399999999,0.1584254503,0.1596401228419806,0.0012146725419805993
95840.00399999999,0.158492893,0.15971554790047732,0.0012226549004773213
95920.00399999999,0.1585447788,0.1598017294503825,0.0012569506503825045
95990.00399999999,0.1586107463,0.15987713395414146,0.001266387654141471
96060.00399999999,0.1587293297,0.15995259345027568,0.0012232637502756771
96140.00399999999,0.1587797403,0.16003877745749584,0.0012590371574958403
96210.00399999999,0.158883512,0.1601201428937444,0.0012366308937444004
96290.00399999999,0.1589591205,0.16021468175601844,0.0012555612560184448
96360.00399999999,0.1590206325,0.16029739153262654,0.0012767590326265288
96440.00399999999,0.1591169834,0.16039192613619274,0.0012749427361927468
96510.00399999999,0.1592074037,0.16047467372594262,0.001267270025942624
96580.00399999999,0.159290418,0.16055740625448656,0.0012669882544865674
96660.00399999999,0.1593385935,0.16065191497473952,0.0013133214747395316
96730.00399999999,0.159467563,0.1607346694428659,0.0012671064428659007
96810.00399999999,0.1595387161,0.1608292086500638,0.0012904925500638043
96880.00399999999,0.1596098691,0.1609119223828851,0.0013020532828851017
96960.00399999999,0.1597254872,0.16100729975790015,0.0012818125579001638
97030.00399999999,0.1597936749,0.16109077555755924,0.0012971006575592525
97100.00399999999,0.159866333,0.16117424370324612,0.0013079107032461235
97180.00399999999,0.1599656492,0.1612696425438997,0.0013039933438996898
97250.00399999999,0.1600293964,0.16135310838976774,0.0013237119897677452
97330.00399999999,0.1601398289,0.16144850468339556,0.001308675783395552
97400.00399999999,0.1602102369,0.16153196792827929,0.0013217310282792882
97480.00399999999,0.160299927,0.16162735744976264,0.0013274304497626344
97550.00399999999,0.1604022086,0.16171084667220076,0.0013086380722007462
97620.00399999999,0.1604866982,0.16179432465386628,0.001307626453866284
97700.00399999999,0.1605652571,0.16189234510629313,0.0013270880062931367
97770.00399999999,0.1606749594,0.16198680080263772,0.001311841402637709
97850.00399999999,0.1607542634,0.1620947121528743,0.0013404487528742848
97920.00399999999,0.1608513743,0.1621891495528559,0.0013377752528559161
98000.00399999999,0.1609314233,0.1622970545284953,0.001365631228495312
98070.00399999999,0.1610455662,0.16239151803438237,0.0013459518343823806
98140.00399999999,0.1611233801,0.16248595166320887,0.0013625715632088753
98220.00399999999,0.1612182558,0.1625938764216748,0.0013756206216748168
98290.00399999999,0.1613094211,0.16268831922343607,0.0013788981234360842
98370.00399999999,0.1613983661,0.1627962318127085,0.0013978657127085015
98440.00399999999,0.1614739597,0.16289065859291382,0.0014166988929138202
98520.00399999999,0.1616133004,0.1629976938385176,0.0013843934385175949
98590.00399999999,0.1616666615,0.16309037840449697,0.0014237169044969689
98660.00399999999,0.1617659926,0.1631830632702556,0.0014170706702556213
98740.00399999999,0.1618808806,0.16328899256411736,0.001408111964117359
98810.00399999999,0.1619765013,0.1633816889576738,0.0014051876576738065
98890.00399999999,0.1620624661,0.16348760588175462,0.0014251397817546252
98960.00399999999,0.1621477008,0.16358028146409437,0.0014325806640943795
99040.00399999999,0.1622633338,0.16368621138188474,0.0014228775818847517
99110.00399999999,0.1623396724,0.16377889911671772,0.0014392267167177286
99190.00399999999,0.1624656767,0.16388483444616003,0.0014191577461600269
99260.00399999999,0.1625738889,0.1639775397646074,0.0014036508646074197
99330.00399999999,0.1626435518,0.16408229959327955,0.0014387477932795434
99410.00399999999,0.1627717912,0.16420890911230057,0.001437117912300584
99480.00399999999,0.1628614813,0.16431727225454007,0.0014557909545400705
99560.00399999999,0.1629704237,0.16443239144798533,0.001461967747985321
99630.00399999999,0.1630623341,0.16453312154364647,0.001470787443646454
99710.00399999999,0.1631668359,0.16464824375863601,0.0014814078586360135
99780.00399999999,0.1632935852,0.16474899543678523,0.0014554102367852206
99850.00399999999,0.1633765996,0.1648497388833286,0.001473139283328595
99930.00399999999,0.1634699851,0.16496484558086638,0.001494860480866389
100000.00399999999,0.1635856032,0.1650656020476808,0.0014799988476807968
100080.00399999999,0.1636960506,0.16518072261574185,0.0014846720157418447
100150.00399999999,0.1637894511,0.1652814634032707,0.0014920123032707011
100230.00399999999,0.1638932079,0.16539658133455093,0.0015033734345509253
100300.00399999999,0.1639917791,0.16549860908420647,0.0015068299842064536
100370.00399999999,0.1641125977,0.1656018268025014,0.0014892291025014048
100450.00399999999,0.1642356366,0.16571977624345904,0.0014841396434590315
100520.00399999999,0.1643134505,0.16582296330868762,0.0015095128086876075
100600.00399999999,0.1644157469,0.16594090626734964,0.0015251593673496489
100670.00399999999,0.1645350754,0.16604411994395574,0.0015090445439557287
100750.00399999999,0.1646662802,0.16616208537044996,0.0014958051704499764
100820.00399999999,0.1647366881,0.16626525542860915,0.0015285673286091483
100890.00399999999,0.1648545265,0.16636847481661937,0.0015139483166193846
100970.00399999999,0.1649731249,0.16648642538276914,0.0015133004827691532
101040.00399999999,0.1650761515,0.16658962760836243,0.0015134761083624437
101120.00399999999,0.1651932448,0.16671010383624552,0.0015168590362455159
101190.00399999999,0.1653214693,0.16681643164066842,0.0014949623406684265
101270.00399999999,0.1654222757,0.1669379430545898,0.0015156673545898003
101340.00399999999,0.1655119509,0.16704424319023212,0.0015322922902321068
101410.00399999999,0.1656038761,0.16715055920965324,0.0015466831096532518
101490.00399999999,0.1657713801,0.16727210953805924,0.001500729438059234
101560.00399999999,0.1658573598,0.167378410347455,0.001521050547454994
101640.00399999999,0.1659707576,0.1674999208269934,0.0015291632269933964
101710.00399999999,0.1660767496,0.16760623703312486,0.0015294874331248653
101790.00399999999,0.1661886722,0.1677277468881052,0.001539074688105213
101860.00399999999,0.1663035452,0.16783406292339664,0.0015305177233966294
101930.00399999999,0.1664258391,0.16794486851124213,0.0015190294112421288
102010.00399999999,0.1665466726,0.16807171200702145,0.0015250394070214501
102080.00399999999,0.1666667461,0.16818271827646772,0.0015159721764677059
102160.00399999999,0.1667779237,0.1683095586291341,0.001531634929134107
102230.00399999999,0.1668624133,0.16842053427124798,0.0015581209712479671
102310.00399999999,0.1669965684,0.16854738358056137,0.0015508151805613823
102380.00399999999,0.1671277583,0.1686584021097972,0.0015306438097971997
102450.00399999999,0.1672248542,0.16876939127528495,0.0015445370752849574
102530.00399999999,0.1673204601,0.1688962255629512,0.0015757654629511841
102600.00399999999,0.1674412787,0.1690072373627057,0.001565958662705702
102680.00399999999,0.167586565,0.16913431077136792,0.001547745771367931
102750.00399999999,0.1676895767,0.16924614319985637,0.00155656649985636
102830.00399999999,0.1678207666,0.16937397059075254,0.0015532039907525386
102900.00399999999,0.1679060012,0.16948578888097254,0.0015797876809725553
102970.00399999999,0.1680572033,0.16959765433051016,0.0015404510305101482
103050.00399999999,0.1681594849,0.16972546531711047,0.0015659804171104796
103120.00399999999,0.1682565808,0.16983728955912203,0.0015807087591220292
103200.00399999999,0.1683937162,0.16996512567113087,0.0015714094711308801
103270.00399999999,0.1685256511,0.17007698368189658,0.001551332581896575
103350.00399999999,0.1686457098,0.17020480459724407,0.0015590947972440872
103420.00399999999,0.1687450409,0.17031663094948418,0.0015715900494841784
103490.00399999999,0.168851763,0.17043802696477067,0.0015862639647706844
103570.00399999999,0.1689814627,0.17057444855323797,0.0015929858532379715
103640.00399999999,0.1691022813,0.17069383163467583,0.0015915503346758397
103720.00399999999,0.1692275405,0.17083024292276744,0.0016027024227674436
103790.00399999999,0.1693313271,0.17094960471759296,0.0016182776175929503
103870.00399999999,0.1694536209,0.17108601413704222,0.001632393237042229
103940.00399999999,0.1696048081,0.17120542357751675,0.001600615477516748
104020.00399999999,0.1697145104,0.17134183640252576,0.0016273260025257696
104090.00399999999,0.169807151,0.1714611992744379,0.0016540482744379081
104160.00399999999,0.1699590981,0.17158059001083917,0.0016214919108391568
104240.00399999999,0.1700902879,0.17171702566537544,0.0016267377653754467
104310.00399999999,0.1701814532,0.17183470836799827,0.0016532551679982743
104390.00399999999,0.1703386009,0.17196752672202598,0.0016289258220259784
104460.00399999999,0.1704230905,0.172083713536442,0.0016606230364419883
104540.00399999999,0.1705542803,0.172216502080422,0.0016622217804219963
104610.00399999999,0.1706587821,0.17233268480602784,0.0016739027060278522
104680.00399999999,0.1707914621,0.17244888102315625,0.0016574189231562397
104760.00399999999,0.1709085554,0.17258167113712702,0.0016731157371270289
104830.00399999999,0.1710597575,0.17269789472939232,0.0016381372293923224
104910.00399999999,0.1711939275,0.17283070367610873,0.0016367761761087174
104980.00399999999,0.17130436,0.1729468968352147,0.001642536835214703
105060.00399999999,0.171410352,0.17307967174490574,0.0016693197449057506
105130.00399999999,0.1715452522,0.17319967738290487,0.0016544251829048728
105200.00399999999,0.171649754,0.17332053204696812,0.0016707780469681355
105280.00399999999,0.1717972457,0.17345867693380235,0.0016614312338023574
105350.00399999999,0.1719076782,0.17357954695074657,0.001671868750746569
105430.00399999999,0.1720247865,0.17371766268033684,0.0016928761803368386
105500.00399999999,0.1721552461,0.17383854223641834,0.0016832961364183496
105580.00399999999,0.1722857058,0.17397668379097614,0.0016909779909761447
105650.00399999999,0.1724094748,0.17409755207987593,0.001688077279875938
105720.00399999999,0.1725369543,0.17421843613591398,0.0016814818359139894
105800.00399999999,0.1726725996,0.17435658238764445,0.0016839827876444502
105870.00399999999,0.1727934033,0.17447745226331846,0.0016840489633184463
105950.00399999999,0.1729638875,0.17462237534577502,0.0016584878457750196
106020.00399999999,0.1730513573,0.1747493917959975,0.0016980344959974802
106100.00399999999,0.1731877327,0.17489456121285638,0.001706828512856362
106170.00399999999,0.1733122468,0.1750215957518395,0.0017093489518394955
106240.00399999999,0.1734523326,0.17514865182706651,0.0016963192270665062
106320.00399999999,0.1735894531,0.17529383272863464,0.0017043796286346224
106390.00399999999,0.1737065464,0.17542086548153926,0.0017143190815392673
106470.00399999999,0.173854053,0.1755660430862339,0.0017119900862339055
106540.00399999999,0.1739837676,0.1756930928629503,0.0017093252629502842
106620.00399999999,0.1741260737,0.17583826856497448,0.0017121948649744811
106690.00399999999,0.1742780209,0.17597202459763894,0.001694003697638946
106760.00399999999,0.1743788123,0.17612692399162233,0.0017481116916223394
106840.00399999999,0.174500376,0.17629167256327333,0.0017912965632733147
106910.00399999999,0.174659729,0.17642827632398084,0.0017685473239808236
106990.00399999999,0.1747709066,0.17658433053814593,0.0018134239381459305
107060.00399999999,0.174916178,0.1767209025806334,0.0018047245806333823
107140.00399999999,0.1750599742,0.1768769939140865,0.0018170197140865152
107210.00399999999,0.1751919091,0.1770135786845169,0.001821669584516905
107280.00399999999,0.1753223538,0.17715014228805676,0.0018277884880567585
107360.00399999999,0.1754705906,0.17730622159578407,0.001835630995784071
107430.00399999999,0.1755943596,0.17744279292891507,0.0018484333289150723
107510.00399999999,0.1757455766,0.17759889145847518,0.0018533148584751746
107580.00399999999,0.1759071499,0.1777354901569918,0.0018283402569918006
107660.00399999999,0.1760657728,0.17789776990575246,0.0018319971057524642
107730.00399999999,0.1761858314,0.1780408240245211,0.0018549926245211013
107800.00399999999,0.1763081253,0.17818387782945894,0.0018757525294589295
107880.00399999999,0.1764704436,0.17834738825069718,0.001876944650697182
107950.00399999999,0.176634267,0.17849048112446042,0.0018562141244604091
108030.00399999999,0.1767728627,0.17865397038227177,0.0018811076822717598
108100.00399999999,0.1769218445,0.17879703342457876,0.0018751889245787468
108180.00399999999,0.1770767421,0.17896053329414996,0.0018837911941499696
108250.00399999999,0.1772146076,0.17910360134679382,0.0018889937467938267
108320.00399999999,0.1773858219,0.17924669949821725,0.0018608775982172643
108400.00399999999,0.177493304,0.1794114873872828,0.001918183387282807
108470.00399999999,0.1776341349,0.179568112043439,0.001933977143439014
108550.00399999999,0.1778601855,0.17974714417822651,0.0018869586782265246
108620.00399999999,0.1780121326,0.1799037732146311,0.001891640614631096
108700.00399999999,0.1781262755,0.18008277940847622,0.001956503908476237
108770.00399999999,0.178297475,0.18023941896427564,0.001941943964275633
108840.00399999999,0.1784190536,0.18039601349041529,0.0019769598904152974
108920.00399999999,0.1786147207,0.18057504119202542,0.001960320492025408
108990.00399999999,0.1787466556,0.1807316455603898,0.001984989960389788
109070.00399999999,0.1789163798,0.18091063750161118,0.001994257701611185
109140.00399999999,0.1790779531,0.18106728118297716,0.0019893280829771653
109220.00399999999,0.1792477071,0.18125247302881786,0.0020047659288178754
109290.00399999999,0.1794181764,0.18142528510029607,0.0020071087002960786
109370.00399999999,0.1795886457,0.18162277737301583,0.002034131673015832
109440.00399999999,0.1797279865,0.1817955551420342,0.0020675686420341954
109510.00399999999,0.1799088269,0.18196834775432125,0.002059520854321234
109590.00399999999,0.1801067442,0.1821658553654292,0.0020591111654292005
109660.00399999999,0.1802609116,0.18234112973771927,0.0020802181377192752
109740.00399999999,0.180458799,0.18254402109074197,0.002085222090741967
109810.00399999999,0.180574432,0.18272150405086812,0.002147072050868115
109890.00399999999,0.1807938069,0.1829244029413949,0.0021305960413949
109960.00399999999,0.1809502244,0.1831019137055846,0.0021516893055845976
110030.00399999999,0.1811088324,0.18327941621165095,0.0021705838116509446
110110.00399999999,0.1813296974,0.18348232638528317,0.002152628985283178
110180.00399999999,0.1814994365,0.18365985007646946,0.0021604135764694554
110260.00399999999,0.1816669405,0.18386270549271172,0.0021957649927117073
110330.00399999999,0.1818559468,0.184040245677619,0.0021842988776190064
110410.00399999999,0.1820338368,0.18424311488708378,0.0022092780870837936
110480.00399999999,0.1822517365,0.18443725800450012,0.002185521504500104
110550.00399999999,0.182415545,0.18463521723719073,0.0022196722371907174
110630.00399999999,0.1826089919,0.18486146206225879,0.002252470162258796
110700.00399999999,0.182814315,0.18505945792799888,0.0022451429279988777
110780.00399999999,0.1829751432,0.18528567097670773,0.0023105277767077326
110850.00399999999,0.1831611842,0.18548362779929894,0.002322443599298951
110930.00399999999,0.1833724231,0.18570987392794971,0.0023374508279497275
111000.00399999999,0.1835725456,0.18590785301252155,0.0023353074125215534
111070.00399999999,0.1837593317,0.1861058312662199,0.002346499566219906
111150.00399999999,0.1839587092,0.1863328854247808,0.0023741762247808107
111220.00399999999,0.1841654927,0.18653299825676162,0.0023675055567616288
111300.00399999999,0.1843670905,0.18676167547346717,0.002394584973467173
111370.00399999999,0.1845620424,0.18696177218534205,0.0023997297853420585
111450.00399999999,0.184788838,0.18719044506446003,0.0024016070644600207
111520.00399999999,0.1849874705,0.18739054726855175,0.002403076768551754
111590.00399999999,0.1851705462,0.1875906279478916,0.0024200817478916004
111670.00399999999,0.1854181141,0.18781933743297324,0.00240122333297324
111740.00399999999,0.1856404692,0.188019464897525,0.002378995697525005
111820.00399999999,0.1858272403,0.18824813515527905,0.002420894855279049
111890.00399999999,0.1860155016,0.18844821994689914,0.0024327183468991487
111970.00399999999,0.1862363815,0.1886996486767451,0.0024632671767451098
112040.00399999999,0.186471343,0.18893381941069975,0.002462476410699743
112110.00399999999,0.1866714507,0.18916796619772192,0.002496515497721924
112190.00399999999,0.1868982613,0.1894216387206429,0.0025233774206429027
112260.00399999999,0.1871102452,0.1896411999343448,0.002530954734344809
112340.00399999999,0.1873429865,0.1898921182198005,0.002549131719800507
112410.00399999999,0.1875534803,0.19011166507965882,0.0025581847796588286
112490.00399999999,0.187816605,0.19036261666011467,0.002546011660114672
112560.00399999999,0.1880145073,0.1905821735421342,0.002567666242134198
112630.00399999999,0.1882279664,0.19080173561023805,0.0025737692102380527
112710.00399999999,0.1884555072,0.19105263776152578,0.0025971305615257734
112780.00399999999,0.1887141913,0.19127223109079905,0.0025580397907990493
112860.00399999999,0.1889372766,0.19152314538960613,0.0025858687896061217
112930.00399999999,0.1891529709,0.19174370474675778,0.0025907338467577867
113010.00399999999,0.1894146055,0.1920063590411445,0.0025917535411444925
113080.00399999999,0.1896436363,0.1922361907253704,0.0025925544253704025
113150.00399999999,0.1898652464,0.19246600402219652,0.0026007576221965256
113230.00399999999,0.1901254058,0.1927286576817246,0.002603251881724583
113300.00399999999,0.1903381348,0.19295846754251567,0.002620332742515663
113380.00399999999,0.1906116307,0.19322113308342934,0.0026095023834293296
113450.00399999999,0.1908221245,0.19345095043947985,0.0026288259394798563
113530.00399999999,0.191065982,0.19371359713440167,0.0026476151344016763
113600.00399999999,0.1912927926,0.19394340818273353,0.002650615582733523
113670.00399999999,0.1915425658,0.19417324857609697,0.0026306827760969598
113750.00399999999,0.1917834431,0.19443621447798184,0.0026527713779818385
113820.00399999999,0.1920287907,0.19466688609497407,0.0026380953949740604
113900.00399999999,0.1922741234,0.19493048231032817,0.0026563589103281715
113970.00399999999,0.1925276071,0.19516116023527957,0.002633553135279576
114050.00399999999,0.1927536726,0.1954247720147539,0.0026710994147538802
114120.00399999999,0.192996785,0.19565543637288116,0.0026586513728811545
114200.00399999999,0.19326213,0.1959190655980961,0.0026569355980960996
114270.00399999999,0.1934844851,0.19614971866584915,0.002665233565849162
114340.00399999999,0.1937261224,0.1963803805735302,0.002654258173530183
114420.00399999999,0.1939810812,0.19664400578768176,0.0026629245876817753
114490.00399999999,0.1942404956,0.1968746785340047,0.002634182934004692
114570.00399999999,0.1944902986,0.197130835918722,0.0026405373187219916
114640.00399999999,0.1947119087,0.1973503448502547,0.0026384361502547193
114720.00399999999,0.1949690878,0.1976012266326119,0.002632138832611902
114790.00399999999,0.1951966286,0.19782074741419953,0.002624118814199522
114860.00399999999,0.1954204887,0.19804025045374626,0.002619761753746258
114940.00399999999,0.1956910193,0.19829113426680203,0.002600114966802042
115010.00399999999,0.1959281862,0.19851066229581504,0.0025824760958150506
115090.00399999999,0.1961601973,0.19876152662294833,0.0026013293229483203
115160.00399999999,0.1963981092,0.1989810534812168,0.0025829442812168035
115240.00399999999,0.1966760606,0.1992319502651943,0.002555889665194294
115310.00399999999,0.196866557,0.19945143900392892,0.0025848820039289233
115380.00399999999,0.1971081793,0.19967394804060856,0.0025657687406085705
115460.00399999999,0.1973712891,0.19992904627185532,0.0025577571718553016
115530.00399999999,0.1975803077,0.20015226417151533,0.002571956471515313
115610.00399999999,0.1978612244,0.20040739886751,0.0025461744675099873
115680.00399999999,0.1980813593,0.20063063717792928,0.0025492778779292735
115760.00399999999,0.1983429939,0.20088575492265232,0.002542761022652329
115830.00399999999,0.1985772252,0.20110899567807838,0.002531770478078371
115900.00399999999,0.1987595558,0.2013321607990175,0.0025726049990175137
115980.00399999999,0.1990285963,0.2015872961489692,0.002558699848969198
116050.00399999999,0.1992442906,0.20181051224923585,0.002566221649235839
116130.00399999999,0.1994992644,0.20206578558096983,0.0025665211809698385
116200.00399999999,0.199725315,0.2022907131278845,0.002565398127884505
116280.00399999999,0.1999773234,0.2025477562622362,0.0025704328622362105
116350.00399999999,0.2001885772,0.20277264988128652,0.00258407268128652
116420.00399999999,0.200399071,0.20299755297300787,0.0025984819730078546
116500.00399999999,0.2006651461,0.20325460549641017,0.002589459396410171
116570.00399999999,0.2009112388,0.20347955973037116,0.002568320930371154
116650.00399999999,0.2011736035,0.20373662419507987,0.0025630206950798817
116720.00399999999,0.2013892978,0.2039615386096813,0.0025722408096812976
116800.00399999999,0.2016057372,0.20421854118001587,0.002612803980015871
116870.00399999999,0.201851055,0.20444349465274642,0.0025924396527464144
116940.00399999999,0.2020734102,0.204670511612558,0.002597101412558006
117020.00399999999,0.202302441,0.2049374780337554,0.002635037033755394
117090.00399999999,0.2025396377,0.20517109090874608,0.002631453208746082
117170.00399999999,0.2027990371,0.20543808184517526,0.002639044745175262
117240.00399999999,0.2030147314,0.20567168315888934,0.002656951758889331
117320.00399999999,0.2032719254,0.20593866982025733,0.0026667444202573276
117390.00399999999,0.2035165131,0.20617231037067152,0.0026557972706715283
117460.00399999999,0.2037069947,0.2064058913797645,0.002698896679764501
117540.00399999999,0.2039842159,0.20667288175837933,0.0026886658583793466
117610.00399999999,0.2042087913,0.20690649468402775,0.00269770338402775
117690.00399999999,0.2044652402,0.20717347936347896,0.0027082391634789538
117760.00399999999,0.2046994567,0.20742107440172167,0.0027216177017216625
117840.00399999999,0.2049522102,0.20771654126791184,0.002764331067911824
117910.00399999999,0.2052182853,0.20797191200319043,0.0027536267031904316
117980.00399999999,0.2054495364,0.2082272741597639,0.002777737759763893
118060.00399999999,0.2057178617,0.2085191019555418,0.0028012402555417926
118130.00399999999,0.205950588,0.20877445534618072,0.0028238673461807307
118210.00399999999,0.2062218636,0.2090662720962665,0.002844408496266493
118280.00399999999,0.206482023,0.20932164926803645,0.002839626268036466
118360.00399999999,0.2067407072,0.20961346393484037,0.0028727567348403593
118430.00399999999,0.206986025,0.20986882746664076,0.0028828024666407714
118500.00399999999,0.2072469443,0.21012419508758656,0.0028772507875865494
118580.00399999999,0.2074944973,0.21041598916955362,0.002921491869553622
118650.00399999999,0.2077768892,0.2106845080226528,0.00290761882265278
118730.00399999999,0.2080288976,0.21100484084054094,0.002975943240540929
118800.00399999999,0.2083142549,0.21128519874778767,0.002970943847787677
118880.00399999999,0.2085788697,0.21160554773321183,0.003026678033211827
118950.00399999999,0.2088538408,0.21188589620421208,0.003032055404212086
119030.00399999999,0.2091140002,0.21220623524209398,0.003092235042093966
119100.00399999999,0.2093838006,0.2124865497800682,0.0031027491800681983
119170.00399999999,0.2096365392,0.21276686370222225,0.0031303245022222537
119250.00399999999,0.2099545151,0.21308725018345975,0.0031327350834597645
119320.00399999999,0.2102272809,0.21336758530359062,0.003140304403590616
119400.00399999999,0.2105719298,0.21368799309042485,0.003116063290424853
119470.00399999999,0.2108313292,0.21399628216026975,0.0031649529602697513
119550.00399999999,0.2111456096,0.21435604508561754,0.00321043548561753
119620.00399999999,0.2114161402,0.21467083471537285,0.003254694515372858
119690.00399999999,0.2117229998,0.21498566327821453,0.0032626634782145225
119770.00399999999,0.212017253,0.2153453874682984,0.0033281344682984104
119840.00399999999,0.2123137265,0.21566017421023437,0.0033464477102343737
119920.00399999999,0.2126517147,0.21603201487651494,0.0033803001765149443
119990.00399999999,0.2129489183,0.21636488498693734,0.003415966686937333
120070.00399999999,0.2132824659,0.2167452804610574,0.0034628145610574035
120140.00399999999,0.2135915458,0.21707813463609665,0.003486588836096649
120210.00399999999,0.2139310092,0.21741105576450098,0.003480046564500988
120290.00399999999,0.2142363787,0.21779144851572696,0.0035550698157269522
120360.00399999999,0.2145929039,0.21812435974129002,0.0035314558412900265
120440.00399999999,0.2149620056,0.21850480660759064,0.0035428010075906347
120510.00399999999,0.2152392119,0.2188376457629297,0.003598433862929684
120590.00399999999,0.2156342715,0.21921811117918313,0.0035838396791831317
120660.00399999999,0.2159618735,0.219551003318291,0.003589129818290987
120730.00399999999,0.2162650228,0.2198773776806841,0.0036123548806840933
120810.00399999999,0.2166371047,0.22024868335608483,0.0036115786560848295
120880.00399999999,0.2169854641,0.22057360444405433,0.0035881403440543302
120960.00399999999,0.2173805237,0.22094492678591193,0.003564403085911938
121030.00399999999,0.2177103609,0.22126984703209307,0.0035594861320930593
121110.00399999999,0.2181009501,0.2216411756980335,0.003540225598033492
121180.00399999999,0.2184471041,0.2219660817191017,0.003518977619101693
121250.00399999999,0.2187695205,0.22229099118878287,0.003521470688782863
121330.00399999999,0.2191341817,0.22266227706834926,0.003528095368349249
121400.00399999999,0.2195129246,0.22298723001998066,0.003474305419980672
121480.00399999999,0.2198916823,0.2233521728490429,0.003460490549042905
121550.00399999999,0.220217064,0.22361136207258236,0.0033942980725823746
121630.00399999999,0.22058025,0.2238965434862006,0.0033162934862006055
121700.00399999999,0.22093454,0.2241393004612383,0.0032047604612382985
121770.00399999999,0.221236214,0.22438201967665455,0.0031458056766545672
121850.00399999999,0.2216097713,0.22465944798821225,0.0030496766882122384
121920.00399999999,0.2219166309,0.22490218227410858,0.0029855513741085804
122000.00399999999,0.2222761065,0.22517963704971256,0.0029035305497125685
122070.00399999999,0.2225933224,0.2254223903609951,0.0028290679609951075
122150.00399999999,0.2229038924,0.22569979255849934,0.0027959001584993426
122220.00399999999,0.2232055515,0.22594256585944839,0.0027370143594483975
122290.00399999999,0.2234597951,0.22618531198548897,0.002725516885488971
122370.00399999999,0.223794058,0.2264627645740217,0.002668706574021712
122440.00399999999,0.2240371704,0.22662418160777018,0.0025870112077701624
122520.00500000003,0.2243284732,0.22680362562761874,0.002475152427618754
122590.00500000003,0.2245574892,0.22696064192685012,0.0024031527268501274
122670.00500000003,0.2247998714,0.22714006424992675,0.002340192849926759
122740.00500000003,0.225079298,0.22729711180215512,0.0022178138021551053
122810.00500000003,0.2252853364,0.22745413504166828,0.0021687986416682736
122890.00500000003,0.2255091965,0.22763356407882898,0.002124367578828973
122960.00500000003,0.2257426679,0.2277906048487273,0.0020479369487272914
123040.00500000003,0.2259383351,0.2279700459510664,0.002031710851066404
123110.00500000003,0.2261184454,0.22812706594449267,0.002008620544492662
123190.00500000003,0.2263133824,0.22830651798655135,0.0019931355865513423
123260.00500000003,0.2265357375,0.2284358337636267,0.0019000962636266938
123330.00500000003,0.226663962,0.22854008815691348,0.001876126156913488
123410.00500000003,0.2268373966,0.22865926057372074,0.0018218639737207498
123480.00500000003,0.2269915789,0.22876354426874784,0.001771965368747852
123560.00500000003,0.2271435261,0.22888270715760456,0.0017391810576045663
123630.00500000003,0.2273162156,0.2289870175948043,0.001670801994804294
123710.00500000003,0.2274303585,0.22910616420901736,0.0016758057090173473
123780.00500000003,0.2275719196,0.229210446672179,0.0016385270721789857
123860.00500000003,0.2277090549,0.22932964063765554,0.0016205857376555277
123930.00500000003,0.2278135568,0.22937723054769077,0.001563673747690758
124000.00500000003,0.2279684693,0.22945665815853228,0.0014881888585322745
124080.00500000003,0.228081122,0.229547411365789,0.001466289365788992
124150.00500000003,0.2281922996,0.22962681533078116,0.0014345157307811551
124230.00500000003,0.2282827199,0.22971753908663023,0.0014348191866302429
124300.00500000003,0.228435427,0.22979698758624093,0.0013615605862409286
124380.00500000003,0.2285176963,0.22988772223379694,0.0013700259337969534
124450.00500000003,0.2286310941,0.2299671491848449,0.0013360550848449115
124520.00500000003,0.2286896408,0.23004653388649263,0.0013568930864926165
124600.00500000003,0.2288023084,0.23013731463875098,0.001335006238750991
124670.00500000003,0.2288793921,0.2302167074101268,0.001337315310126791
124750.00500000003,0.2289890796,0.2303018840067289,0.0013128044067289013
124820.00500000003,0.2290617377,0.23036670867190212,0.0013049709719021307
124900.00500000003,0.2291640192,0.23044079720654853,0.001276778006548518
124970.00500000003,0.2292485088,0.23050562503149263,0.0012571162314926332
125040.00500000003,0.2293285578,0.23057045594357944,0.0012418981435794452
125120.00500000003,0.2294063866,0.23064454610510862,0.0012381595051086103
125190.00500000003,0.2294753045,0.23070937586845824,0.0012340713684582394
125270.00500000003,0.2295575738,0.23078346062775013,0.0012258868277501278
125340.00500000003,0.2296198457,0.23084828365756918,0.0012284379575691895
125420.00500000003,0.2297028601,0.23092238154204203,0.001219521442042043
125490.00500000003,0.2297651321,0.23098720378598087,0.0012220716859808745
125560.00500000003,0.2298481315,0.23104896378254614,0.0012008322825461382
125640.00500000003,0.2299192846,0.23111631022993123,0.0011970256299312365
125710.00500000003,0.229984507,0.23117524539130063,0.0011907383913006275
125790.00500000003,0.2300682664,0.23124262214453756,0.0011743557445375585
125860.00500000003,0.2301097661,0.23130154474803316,0.0011917786480331594
125940.00500000003,0.2301883399,0.23136890979122537,0.0011805698912253637
126010.00500000003,0.2302468866,0.2314278486819082,0.0011809620819081823
126080.00500000003,0.2302943319,0.23148678791725108,0.00119245601725107
126160.00500000003,0.230374366,0.23155415780062105,0.001179791800621055
126230.00500000003,0.2304514647,0.23161310404349925,0.001161639343499249
126310.00500000003,0.2305078059,0.23168047049627347,0.001172664596273465
126380.00500000003,0.2305730283,0.2317405308274778,0.0011675025274777984
126460.00500000003,0.230641216,0.2318094627206564,0.0011682467206563796
126530.00500000003,0.2306997627,0.2318697651976228,0.0011700024976228074
126600.00500000003,0.2307605445,0.23193008135837173,0.0011695368583717336
126680.00500000003,0.2308116853,0.2319990051979709,0.0011873198979708843
126750.00500000003,0.2308731973,0.23205931816211703,0.0011861208621170294
126830.00500000003,0.2309384197,0.2321282509867757,0.0011898312867756888
126900.00500000003,0.2309865952,0.23218856316074243,0.0012019679607424283
126980.00500000003,0.2310607135,0.23225750586221297,0.001196792362212984
127050.00500000003,0.2311207652,0.23231783267870124,0.0011970674787012414
127120.00500000003,0.2311882228,0.23237815966008982,0.0011899368600898075
127200.00500000003,0.2312527001,0.23244852329338273,0.0011958231933827113
127270.00500000003,0.2313053161,0.2325101450728803,0.0012048289728802952
127350.00500000003,0.2313809246,0.23258057720398825,0.0011996526039882438
127420.00500000003,0.231428355,0.23264220034962774,0.0012138453496277346
127500.00500000003,0.2315032184,0.23271263550040244,0.0012094171004024545
127570.00500000003,0.2315587997,0.23277426511957777,0.0012154654195777603
127640.00500000003,0.231615141,0.23283589020940793,0.0012207492094079286
127720.00500000003,0.2316899896,0.23290632376536952,0.0012163341653695092
127790.00500000003,0.2317500263,0.23296795992946967,0.0012179336294696752
127870.00500000003,0.2318234146,0.23303840338403004,0.0012149887840300355
127940.00500000003,0.2318923473,0.23310655819797166,0.0012142108979716626
128020.00500000003,0.2319709212,0.23320801704814875,0.0012370958481487393
128090.00500000003,0.2320361435,0.23329680019224358,0.001260656692243567
128160.00500000003,0.2320961803,0.23338557415653582,0.0012893938565358143
128240.00500000003,0.232154727,0.23347282074099002,0.0013180937409900118
128310.00500000003,0.2322399616,0.23354868326705724,0.0013087216670572555
128390.00500000003,0.2323089093,0.2336353386584611,0.0013264293584610842
128460.00500000003,0.2323748767,0.2337112031100202,0.0013363264100201833
128540.00500000003,0.2324134111,0.23379785896506639,0.0013844478650663905
128610.00500000003,0.2325023711,0.23387371149811478,0.0013713403981147898
128680.00500000003,0.2326053977,0.2339495943032278,0.001344196603227793
128760.00500000003,0.2326883972,0.23403628323134823,0.0013478860313482222
128830.00500000003,0.2327677161,0.23411213755537824,0.0013444214553782474
128910.00500000003,0.2328484952,0.23419883549803405,0.0013503402980340473
128980.00500000003,0.2329315096,0.23428396978147203,0.0013524601814720316
129060.00500000003,0.2329848707,0.23441481712972329,0.0014299464297232722
129130.00500000003,0.2330834568,0.23452754595469832,0.0014440891546983192
129210.00500000003,0.2331753671,0.23464989106373385,0.001474523963733848
129280.00500000003,0.2332613468,0.23475694295489147,0.0014955961548914765
129350.00500000003,0.2333680838,0.2348640300437752,0.0014959462437752202
129430.00500000003,0.2334851921,0.23498640400287849,0.0015012119028784965
129500.00500000003,0.2335348427,0.23509344576678878,0.0015586030667887885
129580.00500000003,0.2335793078,0.2352157936015195,0.0016364858015195105
129650.00500000003,0.2337001413,0.2353228783503391,0.001622737050339107
129730.00500000003,0.2338239104,0.23544525288384932,0.0016213424838493196
129800.00500000003,0.233890608,0.23555230947924188,0.0016617014792418838
129870.00500000003,0.2340358943,0.23565941150140277,0.0016235172014027743
129950.00500000003,0.2340959162,0.2358332458418407,0.0017373296418407014
130020.00500000003,0.2342034131,0.2359810400512514,0.0017776269512513876
130100.00500000003,0.2343479544,0.23614997807903326,0.00180202367903326
130170.00500000003,0.2344368845,0.2362977621669835,0.001860877666983507
130250.00500000003,0.2346021682,0.2364667353348222,0.0018645671348222204
130320.00500000003,0.2346955687,0.23661453244603403,0.0019189637460340359
130390.00500000003,0.2348082215,0.23676231956496752,0.001954098064967519
130470.00500000003,0.2349512726,0.2369312456710188,0.001979973071018798
130540.00500000003,0.2350943238,0.23707906929052536,0.0019847454905253525
130620.00500000003,0.2352202982,0.23724798392939295,0.0020276857293929362
130690.00500000003,0.2353707701,0.23739582251886618,0.002025052418866191
130770.00500000003,0.2355308682,0.23760428239174694,0.0020734141917469473
130840.00500000003,0.2356783897,0.2378112367875308,0.002132847087530809
130910.00500000003,0.2358266264,0.23801816584367966,0.0021915394436796687
130990.00500000003,0.2359941453,0.23825468925663873,0.0022605439566387164
131060.00500000003,0.2361342162,0.2384616116450498,0.0023273954450498124
131140.00500000003,0.2363224775,0.23869811761100085,0.0023756401110008596
131210.00500000003,0.2364892513,0.23890506723778093,0.002415815937780924
131290.00500000003,0.2366752774,0.23914157380082357,0.0024662964008235755
131360.00500000003,0.2368664891,0.239348556623531,0.002482067523531001
131430.00500000003,0.2370118052,0.23955546692280172,0.00254366172280171
131510.00500000003,0.2372593433,0.23985979624940196,0.002600452949401949
131580.00500000003,0.2374394685,0.24013776542536264,0.0026982969253626365
131660.00500000003,0.2376529127,0.24045540704741036,0.002802494347410367
131730.00500000003,0.2378500849,0.24073336049143662,0.0028832755914366126
131810.00500000003,0.2381087393,0.24105104880352807,0.0029423095035280566
131880.00500000003,0.2383474261,0.24132904371963942,0.002981617619639415
131950.00500000003,0.2385579199,0.24160702128577366,0.0030491013857736615
132030.00500000003,0.2388284653,0.2419247084570389,0.003096243157038908
132100.00500000003,0.2390500754,0.24226536404335203,0.003215288643352021
132180.00500000003,0.2393509895,0.24269020151304993,0.0033392120130499303
132250.00500000003,0.2396267205,0.2430619565547743,0.0034352360547743044
132330.00500000003,0.2399113327,0.24348678196524337,0.0035754492652433634
132400.00500000003,0.2401759475,0.24385847337940852,0.003682525879408538
132470.00500000003,0.2404746264,0.2442302050659112,0.0037555786659111967
132550.00500000003,0.2407933623,0.24465505395526008,0.003861691655260069
132620.00500000003,0.2411254197,0.24502682359400113,0.003901403894001121
132700.00500000003,0.2414626628,0.2454639391029103,0.004001276302910306
132770.00500000003,0.2417932302,0.24596188273482944,0.004168652534829453
132850.00500000003,0.2421919852,0.246531020987507,0.004339035787507023
132920.00500000003,0.2425247878,0.24702899175202242,0.0045042039520224175
132990.00500000003,0.2429094762,0.24752696638708882,0.0046174901870888185
133070.00500000003,0.2433504611,0.24809612356503818,0.004745662465038186
133140.00500000003,0.243724063,0.24859412612703902,0.004870063127039026
133220.00500000003,0.2441850752,0.24916323619969627,0.0049781609996962795
133290.00500000003,0.2446193844,0.24966125204422335,0.005041867644223347
133370.00500000003,0.2450937778,0.25028997397391206,0.0051961961739120655
133440.00500000003,0.2455725819,0.2509014032130703,0.005328821313070303
133510.00500000003,0.2459950596,0.25151270978802354,0.005517650188023526
133590.00500000003,0.2465665191,0.25221141501261335,0.005644895912613357
133660.00500000003,0.247070536,0.25284390474049523,0.005773368740495222
133740.00500000003,0.2476419955,0.2536429380789966,0.0060009425789966375
133810.00500000003,0.2481667548,0.25434207573147893,0.006175320931478934
133890.00500000003,0.2487923056,0.25514108165841115,0.0063487760584111375
133960.00500000003,0.2493593544,0.2558402211626838,0.006480866762683779
134040.00500000003,0.2500197291,0.2566392204973463,0.0066194913973463
134110.00500000003,0.2506356835,0.2574128863388669,0.0067772028388669026
134180.00500000003,0.2512597442,0.2582038458825898,0.006944101682589798
134260.00500000003,0.2519705594,0.2591077393907817,0.007137179990781672
134330.00500000003,0.2526368797,0.2598986872548623,0.007261807554862332
134410.00500000003,0.2533973455,0.2608940710097438,0.00749672550974384
134480.00500000003,0.2541029751,0.2617808613776185,0.007677886277618506
134560.00500000003,0.2549116015,0.26279435017665065,0.007882748676650675
134630.00500000003,0.2556365132,0.2636811138350136,0.008044600635013555
134700.00500000003,0.2564014196,0.2646047897180618,0.00820337011806177
134780.00500000003,0.25729087,0.2657283490557892,0.008437479055789177
134850.00500000003,0.2580483556,0.2667114531673641,0.008663097567364109
134930.00500000003,0.2589986026,0.26783507407781026,0.008836471477810248
135000.00500000003,0.2598287165,0.26892195771771454,0.009093241217714543
135080.00500000003,0.2608233988,0.2701697734057775,0.00934637460577753
135150.00500000003,0.2616831958,0.27126150752936085,0.009578311729360856
135220.00500000003,0.2626126409,0.27235340480906856,0.009740763909068528
135300.00500000003,0.2636814415,0.2736012184935068,0.009919776993506824
135370.00500000003,0.2646487057,0.27473285815301757,0.01008415245301758
135450.00500000003,0.2657434642,0.2761698286389094,0.010426364438909375
135520.00500000003,0.2667789161,0.2774273126845075,0.010648396584507502
135600.00500000003,0.2679351866,0.2788643748706528,0.010929188270652812
135670.00500000003,0.2690024972,0.280121834016296,0.011119336816295955
135740.00500000003,0.2700742781,0.2813792997473071,0.011305021647307067
135820.00500000003,0.2712905705,0.282816217664428,0.011525647164427999
135890.00500000003,0.2724142373,0.2840735997546986,0.011659362454698619
135970.00500000003,0.2737128139,0.28552404374104867,0.011811229841048654
136040.00500000003,0.2748965025,0.2869195418035849,0.012023039303584948
136120.00500000003,0.2762862444,0.28851456548398086,0.012228321083980864
136190.00500000003,0.2775010467,0.28991015284840427,0.012409106148404292
136260.00500000003,0.2787514627,0.2913058265189019,0.012554363818901904
136340.00500000003,0.2802019715,0.29290081462450757,0.012698843124507586
136410.00500000003,0.2814597785,0.294380183286311,0.012920404786311013
136490.00500000003,0.2829607129,0.296075583151997,0.01311487025199698
136560.00500000003,0.2842793167,0.29755898302983097,0.013279666329830964
136640.00500000003,0.2858335972,0.29925430867068437,0.013420711470684354
136710.00500000003,0.2872166634,0.3007485389596371,0.013531875559637085
136780.00500000003,0.2885715961,0.30234209713244775,0.013770501032447757
136860.00500000003,0.2901977599,0.30416337945656835,0.013965619556568332
136930.00500000003,0.2916349471,0.30575708383425704,0.014122136734257051
137010.00500000003,0.2932752073,0.30757837955974215,0.014303172259742147
137080.00500000003,0.294733882,0.3091720375206407,0.014438155520640705
137160.00500000003,0.2964297533,0.3109933919828453,0.014563638682845326
137230.00500000003,0.2979440093,0.31258709724488365,0.01464308794488367
137300.00500000003,0.2994745672,0.31418087978084164,0.014706312580841652
137380.00500000003,0.3012304902,0.3160384048668292,0.014807914666829236
137450.00500000003,0.3027654886,0.31772612286028346,0.014960634260283434
137530.00500000003,0.3045495749,0.3196549961538835,0.015105421253883478
137600.00500000003,0.3061305583,0.32134269281194255,0.015212134511942532
137680.00500000003,0.3079509139,0.32327150157518886,0.015320587675188846
137750.00500000003,0.3095504344,0.3249592986147535,0.01540886421475346
137820.00500000003,0.3111692071,0.32664699852701395,0.015477791427013943
137900.00500000003,0.3130185008,0.3286399351415138,0.015621434341513807
137970.00500000003,0.3146573007,0.3304067705660466,0.01574946986604664
138050.00500000003,0.3165992498,0.33242619857756417,0.015826948777564187
138120.00500000003,0.3182595372,0.33419324923221183,0.015933712032211833
138200.00500000003,0.3201577365,0.3362219082328868,0.016064171732886767
138270.00500000003,0.3218506575,0.3380849441124138,0.016234286612413773
138340.00500000003,0.3235501945,0.33994807499156565,0.016397880491565653
138420.00500000003,0.3255010545,0.3420772578388416,0.016576203338841577
138490.00500000003,0.3272413909,0.34394045393419403,0.01669906303419405
138570.00500000003,0.3292604089,0.3460698850173369,0.016809476117336852
138640.00500000003,0.3309970498,0.3479328287463652,0.01693577894636522
138720.00500000003,0.3330219984,0.35006193058055823,0.017039932180558215
138790.00500000003,0.3348016441,0.3519249367054746,0.01712329260547457
138870.00500000003,0.3368769884,0.35405434398111313,0.017177355581113107
138940.00500000003,0.3386692107,0.35595904917821997,0.017289838478219965
139010.00500000003,0.3405170441,0.35793108861774126,0.017414044517741256
139090.00500000003,0.3425923884,0.36018473269457174,0.017592344294571738
139160.00500000003,0.3444802463,0.3621568647924718,0.017676618492471763
139240.00500000003,0.3465881944,0.3644106222730838,0.0178224278730838
139310.00500000003,0.3484790027,0.36638979556677465,0.01791079286677466
139390.00500000003,0.3506381214,0.36872741906685175,0.018089297666851745
139460.00500000003,0.3525504172,0.37077295342121697,0.018222536221216945
139530.00500000003,0.354454577,0.37281836036219884,0.01836378336219885
139610.00500000003,0.3567078412,0.3751562240343126,0.018448382834312604
139680.00500000003,0.3586268127,0.3772017063169328,0.018574893616932764
139760.00500000003,0.3608978391,0.3796497163531313,0.018751877253131266
139830.00500000003,0.3628902137,0.3818108022003912,0.01892058850039119
139910.00500000003,0.3651560545,0.3842804788395744,0.019124424339574397
139980.00500000003,0.3671743274,0.3864414735891785,0.01926714618917852
140050.00500000003,0.3691993058,0.3886025569170303,0.019403251117030285
140130.00500000003,0.3715451956,0.3910723200124494,0.019527124412449415
140200.00500000003,0.3735857606,0.39323340298392423,0.019647642383924246
140280.00500000003,0.3759672344,0.39570316523705606,0.019735930837056048
140350.00500000003,0.3780692816,0.39786428315282285,0.019795001552822877
140430.00500000003,0.3804596663,0.40037241834343484,0.019912752043434845
140500.00500000003,0.3825832009,0.40265124510469663,0.020068044204696656
140570.00500000003,0.3847185969,0.40491529061146325,0.020196693711463265
140650.00500000003,0.3871653378,0.407485318414358,0.02031998061435797
140720.00500000003,0.3893511593,0.409769322700002,0.020418163400001965
140800.00500000003,0.3917986155,0.41240232480490724,0.020603709304907236
140870.00500000003,0.3939851522,0.4147179816936243,0.02073282949362426
140950.00500000003,0.3965393305,0.41740815813223875,0.02086882763223874
141020.00500000003,0.3987414539,0.4197339671110043,0.020992513211004316
141090.00500000003,0.4010021389,0.42198203351475705,0.020979894614757022
141170.00500000003,0.4035919011,0.42458675956928776,0.02099485846928778
141240.00500000003,0.4058570266,0.4269652335883472,0.0211082069883472
141320.00500000003,0.4084630907,0.42971780228264445,0.02125471158264447
141390.00500000003,0.4107170999,0.43211938655936644,0.021402286659366443
141470.00500000003,0.4133743346,0.434945677584476,0.021571342984475994
141540.00500000003,0.4157402515,0.4373831137275791,0.021642862227579107
141610.00500000003,0.4180750549,0.43985181457787603,0.021776759677876012
141690.00500000003,0.4207389355,0.4427681713160756,0.022029235816075576
141760.00500000003,0.4229180813,0.44528463236473875,0.022366551064738727
141840.00500000003,0.4256220162,0.4482044192154706,0.022582403015470598
141910.00500000003,0.4280087054,0.4507860211627551,0.0227773157627551
141990.00500000003,0.4307555854,0.45364538620930905,0.02288980080930908
142060.00500000003,0.4332334697,0.4562519209349003,0.023018451234900317
142130.00500000003,0.4356794655,0.4588749643135758,0.0231954988135758
142210.00500000003,0.438475281,0.461962728716239,0.023487447716239007
142280.00500000003,0.4409968555,0.4646417782702035,0.02364492277020347
142360.00500000003,0.4439350069,0.4677801325798032,0.023845125679803236
142430.00500000003,0.4464224875,0.4705572601446836,0.024134772644683555
142510.00500000003,0.449388057,0.47374568539023076,0.024357628390230757
142580.00500000003,0.4518978298,0.4765607623283238,0.0246629325283238
142650.00500000003,0.454488337,0.47947170377300163,0.024983366773001614
142730.00500000003,0.4574998617,0.48277542471127877,0.025275563011278757
142800.00500000003,0.4601363242,0.48568490282699006,0.02554857862699006
142880.00500000003,0.4632338285,0.48901163236029954,0.025777803860299542
142950.00500000003,0.4659363031,0.49191506831149956,0.025978765211499555
143030.00500000003,0.4691182971,0.4953405338228828,0.026222236722882764
143100.00500000003,0.4719163477,0.49837970373653206,0.02646335603653205
143170.00500000003,0.4746832848,0.5014800603720077,0.02679677557200766
143250.00500000003,0.4779853821,0.5050636509455061,0.02707826884550607
143320.00500000003,0.4808464646,0.5082410209903012,0.027394556390301195
143400.00500000003,0.4842004478,0.5119485648907487,0.027748117090748703
143470.00500000003,0.4871712029,0.5152351819099265,0.028063979009926465
143550.00500000003,0.4904043376,0.519041124813787,0.02863678721378693
143620.00500000003,0.4933610857,0.5223971934443603,0.02903610774436033
143700.00500000003,0.4968180954,0.5262674242438463,0.029449328843846323
143770.00500000003,0.4999415576,0.5296882424889797,0.029746684888979746
143840.00500000003,0.5030798912,0.5332246550397888,0.030144763839788813
143920.00500000003,0.5066732168,0.5373083780770576,0.030635161277057565
143990.00500000003,0.5098827481,0.5409202930311819,0.031037544931181937
144070.00500000003,0.5136413574,0.5451579868156989,0.03151662941569888
144140.00500000003,0.51694417,0.5489340588296784,0.03198988882967835
144220.00500000003,0.5207569599,0.5533385656776862,0.03258160577768621
144290.00500000003,0.5241584778,0.557258237074635,0.03309975927463493
144360.00500000003,0.5275502801,0.5612450872391022,0.03369480713910211
144440.00500000003,0.5315809846,0.5658704452976624,0.034289460697662366
144510.00500000003,0.5351336002,0.5699940094038665,0.03486040920386646
144590.00500000003,0.5392406583,0.5747954360812966,0.035554777781296565
144660.00500000003,0.5429496765,0.5790753910969704,0.03612571459697034
144740.00500000003,0.5471923947,0.5841006203946522,0.03690822569465213
144810.00500000003,0.5510563254,0.5885819023639812,0.03752557696398118
144880.00500000003,0.5549017787,0.5931032074097016,0.03820142870970156
144960.00500000003,0.5594439507,0.5983686664796908,0.03892471577969081
145030.00500000003,0.5634509325,0.6031040818815423,0.039653149381542296
145110.00500000003,0.5681762099,0.6086664446872925,0.04049023478729252
145180.00500000003,0.5723388791,0.6136070914707759,0.041268212370775825
145260.00500000003,0.5772004724,0.619343629907097,0.04214315750709696
145330.00500000003,0.5815551877,0.6245342988764806,0.04297911117648057
145400.00500000003,0.5860238671,0.6298084961664083,0.04378462906640834
145480.00500000003,0.5911886692,0.6360329802709053,0.04484431107090525
145550.00500000003,0.5957865119,0.6415836716329189,0.04579715973291887
145630.00500000003,0.6011298895,0.6480037380221174,0.0468738485221174
145700.00500000003,0.6059418917,0.653836768550576,0.04789487685057603
145780.00500000003,0.6115766168,0.6606411567108987,0.04906453991089876
145850.00500000003,0.6165628433,0.666768050618399,0.05020520731839906
145920.00500000003,0.6216816902,0.6730803930926403,0.05139870289264037
146000.00500000003,0.6277188659,0.6804645534997018,0.052745687599701774
146070.00500000003,0.6330727339,0.6871588769393553,0.05408614303935533
146150.00500000003,0.6393975019,0.6950260226332778,0.05562852073327784
146220.00500000003,0.6449708343,0.702152822375623,0.057181988075623025
146300.00500000003,0.6515572667,0.7106149951011518,0.059057728401151754
146370.00500000003,0.6574937105,0.7183578029238371,0.06086409242383706
146440.00500000003,0.6635754704,0.7263131402472573,0.06273766984725737
146520.00500000003,0.6706985831,0.7359418639648265,0.06524328086482656
146590.00500000003,0.6771168113,0.7447869896414255,0.06767017834142552
146670.00500000003,0.6846609712,0.7554878939066911,0.07082692270669111
146740.00500000003,0.691496551,0.7653620612382119,0.07386551023821197
146820.00500000003,0.69956249,0.7772963616451598,0.07773387164515977
146890.00500000003,0.7069073319,0.7882201876165369,0.0813128557165369
146960.00500000003,0.7145137787,0.7996482779641728,0.08513449926417282
147040.00500000003,0.7235093117,0.8132693726885458,0.08976006098854583
147110.00500000003,0.7318310142,0.8256594119518103,0.09382839775181029
147190.00500000003,0.7417516112,0.8403797269607193,0.09862811576071928
147260.00500000003,0.7509969473,0.8537790434034295,0.10278209610342948
147340.00500000003,0.7621079683,0.8697162420520056,0.10760827375200555
147410.00500000003,0.7723627687,0.8842676130767186,0.11190484437671866
147480.00500000003,0.7831054926,0.899446510715879,0.11634101811587905
147560.00500000003,0.7960139513,0.917432704993378,0.12141875369337807
147630.00500000003,0.8078306317,0.933703506014472,0.12587287431447203
147710.00500000003,0.8217791319,0.9528265717374639,0.13104743983746392
147780.00500000003,0.8345024586,0.9698630034845501,0.13536054488455007
147860.00500000003,0.8496102095,0.9897198925650509,0.1401096830650509
147930.00500000003,0.8634171486,1.0077475495979065,0.1443304009979065
148000.00500000003,0.8777526617,1.02658393867562,0.14883127697561993
148080.00500000003,0.8948885202,1.048111808108749,0.15322328790874906
148150.00500000003,0.9104456306,1.066948938288492,0.15650330768849197
148230.00500000003,0.9288868904,1.0884759272243745,0.15958903682437442
148300.00500000003,0.9455062151,1.1073130956797188,0.16180688057971881
148380.00500000003,0.9648837447,1.128839734176971,0.16395598947697088
148450.00500000003,0.9821279645,1.1476755203385165,0.16554755583851655
148521.31000000003,1.0000014305,1.1668629097459002,0.16686147924590022
