time_s,voltage_exp_V,voltage_sim_V,residual_V
0.0,3.0160996914,1.0769184976090176,-1.9391811937909824
70.02000000000044,1.2847762108,0.7322431282814953,-0.5525330825185047
150.02000000000044,1.1034879684,0.6117089925628247,-0.49177897583717534
230.02000000000044,0.9563981891,0.5354414569227001,-0.4209567321772999
310.02000000000044,0.8753169775,0.477839660015524,-0.397477317484476
390.02000000000044,0.8065068722,0.4325718924193605,-0.37393497978063944
470.02000000000044,0.7577255964,0.4027103662820204,-0.35501523011797964
550.0200000000004,0.7269951701,0.38018655938392476,-0.34680861071607527
630.0200000000004,0.7066518068,0.35956057630627386,-0.3470912304937261
710.0200000000004,0.6915127039,0.33702095373115504,-0.35449175016884493
790.0200000000004,0.6789465547,0.3221703610166595,-0.35677619368334046
870.0200000000004,0.6677412391,0.3044979749503921,-0.36324326414960795
960.0200000000004,0.6559622288,0.28813831538262197,-0.367823913417378
1040.0200000000004,0.6461623907,0.2747738092707297,-0.37138858142927034
1120.0200000000004,0.6363824606,0.26264132302653975,-0.3737411375734603
1200.0200000000004,0.6270896792,0.2513707077860099,-0.37571897141399013
1280.0200000000004,0.6179020405,0.2410157242387465,-0.37688631626125346
1360.0200000000004,0.6095260382,0.2316144986614186,-0.37791153953858136
1440.0200000000004,0.6001324654,0.2229318781448601,-0.3772005872551399
1520.0200000000004,0.5915697217,0.21489565963083096,-0.37667406206916904
1600.0200000000004,0.5834258199,0.20741604732257132,-0.3760097725774286
1680.0200000000004,0.5752137303,0.20047390044087599,-0.374739829859124
1760.0200000000004,0.5676487684,0.19421982863201406,-0.37342893976798597
1840.0200000000004,0.5585923791,0.18866535750255387,-0.36992702159744617
1930.0200000000004,0.5493432879,0.18303828103863679,-0.3663050068613632
2010.0200000000004,0.5420066118,0.17847226686138826,-0.3635343449386117
2090.0200000000004,0.5342252254,0.174299234267639,-0.35992599113236096
2170.0200000000004,0.5302929878,0.17045056825490773,-0.3598424195450923
2250.0200000000004,0.5199002624,0.1666740114359091,-0.3532262509640909
2330.0200000000004,0.5121892095,0.16331333906825785,-0.3488758704317422
2410.0200000000004,0.5051593781,0.16012409265139665,-0.34503528544860335
2490.0200000000004,0.4996780455,0.15718241890386375,-0.34249562659613625
2570.0200000000004,0.4959340394,0.15437805903345958,-0.34155598036654045
2650.0200000000004,0.4867072403,0.15178502008553826,-0.3349222202144617
2730.0200000000004,0.4815661311,0.1492312425381591,-0.3323348885618409
2810.0200000000004,0.476505816,0.1467923412845991,-0.3297134747154009
2900.0200000000004,0.4692625701,0.1442496526037978,-0.3250129174962022
2980.0200000000004,0.4660723209,0.14211648758469636,-0.32395583331530364
3060.0200000000004,0.460134387,0.14017138495842738,-0.3199630020415726
3140.0200000000004,0.4541868269,0.13829488139679638,-0.31589194550320365
3220.0200000000004,0.447776705,0.13652995541821328,-0.3112467495817867
3300.0200000000004,0.4395098388,0.1349826144518331,-0.3045272243481669
3380.0200000000004,0.4424072802,0.1334537636319404,-0.3089535165680596
3460.0200000000004,0.4307900965,0.13196070663703385,-0.29882938986296614
3540.0200000000004,0.4274761081,0.13065064082133096,-0.296825467278669
3620.0200000000004,0.4299539924,0.12942972676611347,-0.3005242656338865
3700.0200000000004,0.4335489273,0.1282762450226102,-0.3052726822773898
3780.0200000000004,0.4246298075,0.12726649678749283,-0.2973633107125072
3870.0200000000004,0.415821135,0.12614289607448834,-0.2896782389255117
3950.0200000000004,0.4138354063,0.12525885106383305,-0.28857655523616693
4030.0200000000004,0.4058539569,0.12443205485411839,-0.2814219020458816
4110.02,0.4021841586,0.12361309291952433,-0.2785710656804757
4190.02,0.3968651593,0.12285110175714688,-0.27401405754285313
4270.02,0.3929478228,0.12219130766641341,-0.2707565151335866
4350.02,0.3930775225,0.12153731080422628,-0.2715402116957737
4430.02,0.3905410767,0.12088900947210036,-0.26965206722789964
4510.02,0.3877637386,0.12030707710190135,-0.26745666149809866
4590.02,0.383942008,0.1197814719762326,-0.26416053602376743
4670.02,0.3803055882,0.11926009010191353,-0.26104549809808647
4750.02,0.3777624667,0.11874288630016128,-0.25901958039983874
4840.02,0.3746826947,0.11820839738123126,-0.2564742973187687
4920.02,0.3693726361,0.11775191120206771,-0.2516207248979323
5000.02,0.3649638593,0.11729882813691282,-0.2476650311630872
5080.02,0.3630107641,0.11684911098321411,-0.2461616531167859
5160.02,0.3610332012,0.11643578610265268,-0.2445974150973473
5240.02,0.3588910401,0.11602570735820047,-0.24286533274179953
5320.02,0.3554525375,0.11563538810795006,-0.23981714939204996
5400.02,0.3534475565,0.11526483316410446,-0.23818272333589552
5480.02,0.3494427502,0.11489672355894291,-0.23454602664105706
5560.02,0.3471724391,0.11453109025313922,-0.23264134884686077
5640.02,0.3433952034,0.11417089103823505,-0.22922431236176496
5720.02,0.3400389552,0.11381612524990074,-0.22622282995009924
5810.02,0.338234812,0.11341961001067938,-0.22481520198932062
5890.02,0.3365240991,0.11306950399737545,-0.22345459510262453
5970.02,0.3331693709,0.11273267806710777,-0.22043669283289222
6050.02,0.3297998011,0.11240822650944912,-0.2173915745905509
6130.02,0.3266347945,0.11208563529042966,-0.21454915920957035
6210.02,0.3239567876,0.11176493479584303,-0.21219185280415698
6290.02,0.3232185543,0.1114452908025328,-0.21177326349746722
6370.02,0.3189780712,0.11112559365392,-0.20785247754608
6450.02,0.316241473,0.11080769445058576,-0.20543377854941425
6530.02,0.3133685291,0.11049150670448141,-0.2028770223955186
6610.02,0.3131750822,0.11017701851234757,-0.20299806368765244
6690.02,0.3098351657,0.1098484284368183,-0.19998673726318172
6780.02,0.3058644831,0.10948064075164601,-0.19638384234835396
6860.02,0.3031086624,0.10915551251222393,-0.19395314988777607
6940.02,0.3010717928,0.10883204967448021,-0.1922397431255198
7020.02,0.2981158495,0.10851331625586182,-0.18960253324413817
7100.02,0.2955090106,0.10819750984825369,-0.18731150075174632
7180.02,0.2933869064,0.10788322027773888,-0.1855036861222611
7260.02,0.2908712327,0.10757043238886597,-0.183300800311134
7340.02,0.288841784,0.10725778365294777,-0.18158400034705222
7420.02,0.2862690091,0.10694037503084948,-0.17932863406915056
7500.02,0.2840580046,0.1066244213078473,-0.17743358329215272
7580.02,0.2816505134,0.10630988269812582,-0.17534063070187422
7660.02,0.2792956829,0.10599677723622236,-0.17329890566377765
7750.02,0.2768712044,0.10563913224191265,-0.17123207215808736
7830.02,0.27456972,0.10531870047436843,-0.1692510195256316
7910.02,0.2723698318,0.10499965628573926,-0.16737017551426076
7990.02,0.2701669633,0.1046819662954433,-0.1654849970045567
8070.02,0.2680715322,0.10436563190189557,-0.16370590029810445
8150.02,0.2658597529,0.10410525444482958,-0.16175449845517043
8230.02,0.263741374,0.10378411217300372,-0.15995726182699627
8310.02,0.2615422308,0.10346428037253884,-0.15807795042746114
8390.02,0.2594149411,0.10314575980272662,-0.1562691812972734
8470.02,0.2573499084,0.10282849839964817,-0.15452141000035183
8550.02,0.2552523017,0.10251164928339183,-0.15274065241660817
8630.02,0.2532302737,0.10219458661652087,-0.15103568708347914
8720.02,0.2509302795,0.10183939016026494,-0.14909088933973508
8800.02,0.2489297837,0.10152491622614428,-0.14740486747385573
8880.02,0.2469040602,0.10121166668974779,-0.1456923935102522
8960.02,0.2449613661,0.10090186718661785,-0.14405949891338216
9040.02,0.2429934293,0.10059493922097629,-0.14239849007902372
9120.02,0.2410981804,0.10028911575315537,-0.14080906464684462
9200.02,0.2391902655,0.09998439632102325,-0.13920586917897676
9280.02,0.2373105735,0.09968074226832814,-0.13762983123167188
9360.02,0.2354656905,0.0993753596609407,-0.1360903308390593
9440.02,0.2336304635,0.09906886792237704,-0.13456159557762296
9520.02,0.2317967117,0.09876345602556127,-0.13303325567443872
9610.02,0.2297724634,0.09842112770584056,-0.1313513356941594
9690.02,0.2279587239,0.09811796241576266,-0.12984076148423734
9770.02,0.2262354195,0.0978182334711508,-0.12841718602884922
9850.02,0.2244735509,0.09752123149298356,-0.12695231940701646
9930.02,0.222746551,0.0972252157631135,-0.12552133523688647
10010.02,0.2210210115,0.09693016877293721,-0.12409084272706279
10090.02,0.2193280905,0.09663608345066557,-0.12269200704933442
10170.02,0.2176359147,0.09634404537041086,-0.12129186932958913
10250.02,0.2159933895,0.0960546346043336,-0.1199387548956664
10330.02,0.2143694013,0.09576610530673223,-0.11860329599326778
10410.02,0.2127691358,0.09547849071905225,-0.11729064508094776
10490.02,0.2111510783,0.09519175989635013,-0.11595931840364986
10580.02,0.2093677372,0.0948702807185836,-0.11449745648141639
10660.02,0.2078215778,0.09458551729959314,-0.11323606050040685
10740.02,0.2062642872,0.09430160954433885,-0.11196267765566116
10820.02,0.2047426105,0.09401853393128805,-0.11072407656871196
10900.02,0.2032364756,0.09373628589241888,-0.10950018970758112
10980.02,0.2017206997,0.09345488802125879,-0.10826581167874122
11060.02,0.200270161,0.09318010743979206,-0.10709005356020794
11140.02,0.198815167,0.09290698912793711,-0.10590817787206287
11220.019999999997,0.1973898262,0.09263466740650955,-0.10475515879349045
11300.019999999997,0.1959792972,0.09236314090603846,-0.10361615629396155
11380.019999999997,0.1946214139,0.09209234678783756,-0.10252906711216245
11460.019999999997,0.1933761835,0.09182019894504753,-0.10155598455495246
11550.019999999997,0.1919241548,0.09151160916976403,-0.10041254563023597
11630.019999999997,0.1906374246,0.09123810011981705,-0.09939932448018295
11710.019999999997,0.1893499494,0.09096538378641848,-0.09838456561358151
11790.019999999997,0.1881314069,0.09070216520922537,-0.09742924169077462
11870.019999999997,0.1869588345,0.09045735628958902,-0.09650147821041098
11950.019999999997,0.1857365668,0.09021324038679732,-0.09552332641320269
12030.019999999997,0.184568435,0.08996975442788198,-0.09459868057211802
12110.019999999997,0.1834440231,0.08972685867740349,-0.0937171644225965
12190.019999999997,0.1823107153,0.0894845850739816,-0.0928261302260184
12270.019999999997,0.1811981797,0.08924101380613736,-0.09195716589386263
12350.019999999997,0.1800811738,0.08899735894858478,-0.09108381485141522
12430.019999999997,0.1790071577,0.08875431274393066,-0.09025284495606935
12520.019999999997,0.177804932,0.0884816072288473,-0.08932332477115269
12600.019999999997,0.1767464876,0.08823985182167216,-0.08850663577832785
12680.019999999997,0.1757369787,0.08800225777176676,-0.08773472092823323
12760.019999999997,0.1747266948,0.0877819380720784,-0.0869447567279216
12840.019999999997,0.1737149507,0.08756215640514733,-0.08615279429485267
12920.019999999997,0.172698766,0.0873429263402473,-0.0853558396597527
13000.019999999997,0.1717277765,0.08712422385843509,-0.08460355264156492
13080.019999999997,0.1707827449,0.08690599215276631,-0.08387675274723369
13160.019999999997,0.1698302925,0.08668354430161387,-0.08314674819838613
13240.019999999997,0.1689089835,0.08645500166980091,-0.08245398183019909
13320.019999999997,0.1679757982,0.0862269920393728,-0.0817488061606272
13400.019999999997,0.167052269,0.08599952495385005,-0.08105274404614995
13490.019999999997,0.1660494059,0.08575724403279102,-0.08029216186720899
13570.019999999997,0.1651555151,0.08555888371452074,-0.07959663138547927
13650.019999999997,0.1642890424,0.08536093117781518,-0.07892811122218482
13730.019999999997,0.1634144336,0.0851634249672217,-0.0782510086327783
13810.019999999997,0.1625561118,0.08496635932421912,-0.0775897524757809
13890.019999999997,0.1617111415,0.08476971629660505,-0.07694142520339493
13970.019999999997,0.16090101,0.08457290921069684,-0.07632810078930317
14050.019999999997,0.1600997597,0.0843760877376138,-0.0757236719623862
14130.019999999997,0.1592903733,0.08417970028991822,-0.07511067301008179
14210.019999999997,0.1584654003,0.083983731281792,-0.074481669018208
14290.019999999997,0.1576715708,0.08378819348309456,-0.07388337731690543
14370.019999999997,0.1568799764,0.08359305782417639,-0.07328691857582362
14460.019999999997,0.1560157388,0.08338803218283967,-0.07262770661716032
14540.019999999997,0.1552975029,0.08321290317006245,-0.07208459972993754
14620.019999999997,0.1544984728,0.08303817647169695,-0.07146029632830306
14700.019999999997,0.1538024843,0.08286376751838825,-0.07093871678161173
14780.019999999997,0.1530390531,0.08268973231882831,-0.07034932078117168
14860.019999999997,0.1522867233,0.082516061893845,-0.06977066140615501
14940.019999999997,0.1515655369,0.08233202089255554,-0.06923351600744446
15020.019999999997,0.1508480608,0.08214342934479188,-0.06870463145520811
15100.019999999997,0.1501453966,0.08196922526715754,-0.06817617133284247
15180.019999999997,0.1494471729,0.08180670151721178,-0.06764047138278823
15260.019999999997,0.1487496942,0.08164450043993901,-0.067105193760061
15340.019999999997,0.1480485201,0.08148260004121133,-0.06656592005878867
15430.019999999997,0.1473132521,0.081300799673286,-0.06601245242671398
15510.019999999997,0.1466513425,0.08113952777697805,-0.06551181472302195
15590.019999999997,0.1459494382,0.08098387850282647,-0.06496555969717353
15670.019999999997,0.1452942044,0.08083305397967668,-0.06446115042032331
15750.019999999997,0.1446426958,0.08068251725467403,-0.06396017854532597
15830.019999999997,0.1440030336,0.08053226304998852,-0.06347077055001148
15910.019999999997,0.1433959752,0.08038226140907961,-0.06301371379092038
15990.019999999997,0.1427622586,0.08023254122474113,-0.06252971737525886
16070.019999999997,0.1421796679,0.0800856183172543,-0.0620940495827457
16150.019999999997,0.1415652186,0.07994438223457571,-0.06162083636542427
16230.019999999997,0.1409507543,0.0798034265560938,-0.0611473277439062
16310.019999999997,0.140399307,0.07966268268607418,-0.06073662431392582
16400.019999999997,0.1397537142,0.07950465085448756,-0.06024906334551243
16480.019999999997,0.1391770691,0.07936443500532955,-0.05981263409467044
16560.019999999997,0.1385855824,0.0792331636507057,-0.05935241874929428
16640.019999999997,0.1380459964,0.07910900515506311,-0.0589369912449369
16720.019999999997,0.1375041604,0.07898506073898663,-0.05851909966101336
16800.019999999997,0.1370016336,0.07886130302155012,-0.05814033057844989
16880.019999999997,0.1364887208,0.07873774654149347,-0.05775097425850652
16960.019999999997,0.1359720975,0.0786144058496635,-0.057357691650336495
17040.019999999997,0.135453254,0.07849513802070106,-0.05695811597929894
17120.019999999997,0.1349870414,0.07839075571000434,-0.05659628568999567
17200.019999999997,0.1344741136,0.07828657608236475,-0.05618753751763525
17280.019999999997,0.134008646,0.07818256387489984,-0.055826082125100165
17370.019999999997,0.1334846169,0.0780657489656327,-0.05541886793436729
17450.019999999997,0.1330413818,0.07796208749168103,-0.05507929430831897
17530.019999999997,0.1326144487,0.07785858896615842,-0.054755859733841575
17610.019999999997,0.1321778744,0.07775410677343057,-0.05442376762656943
17690.019999999997,0.1317494661,0.0776496939611824,-0.05409977213881759
17770.019999999997,0.1313306838,0.07754542542298304,-0.05378525837701695
17850.019999999997,0.1309282035,0.07744132548314607,-0.053486878016853937
17930.019999999997,0.1305190623,0.07733739555298874,-0.05318166674701125
18010.019999999997,0.1301544011,0.07723360576876803,-0.05292079533123198
18090.019999999997,0.1297519207,0.0770922096608314,-0.0526597110391686
18170.019999999997,0.1293887347,0.0769962670692735,-0.05239246763072651
18250.019999999997,0.1290403754,0.07690689520332693,-0.05213348019667306
18340.019999999997,0.1286149174,0.07680651453773779,-0.05180840286226221
18420.019999999997,0.1282502413,0.07671743809825966,-0.05153280320174035
18500.019999999997,0.1278996617,0.0766285082639377,-0.0512711534360623
18580.019999999997,0.1275735199,0.0765396848989604,-0.051033835001039585
18660.019999999997,0.1272599995,0.07645452143445046,-0.05080547806554954
18740.019999999997,0.1268871725,0.07637295973983077,-0.050514212760169236
18820.019999999997,0.126609236,0.07629148241017253,-0.050317753589827485
18900.019999999997,0.1262756735,0.07621013933332464,-0.05006553416667535
18980.019999999997,0.1259747595,0.07612891313376659,-0.04984584636623342
19060.019999999997,0.1256619692,0.07604781015602041,-0.04961415904397959
19140.019999999997,0.1253736466,0.07596681897512189,-0.04940682762487811
19230.019999999997,0.1250756681,0.07587896416869162,-0.049196703931308386
19310.019999999997,0.1247843876,0.0758013220969176,-0.0489830655030824
19390.019999999997,0.1244716123,0.07572381721682277,-0.04874779508317724
19470.019999999997,0.1241951361,0.07564640593942824,-0.04854873016057176
19550.019999999997,0.1239386722,0.07556909075646671,-0.04836958144353329
19630.019999999997,0.1237014905,0.07549188229864472,-0.04820960820135528
19710.019999999997,0.1234472618,0.07541605520257781,-0.04803120659742219
19790.019999999997,0.1231848821,0.07534303387310234,-0.04784184822689766
19870.019999999997,0.1229113862,0.07527012457509609,-0.04764126162490391
19950.019999999997,0.1227156892,0.07519727337173089,-0.047518415828269114
20030.019999999997,0.1224792525,0.07512453638134554,-0.04735471611865445
20110.019999999997,0.1222502217,0.07505188519876868,-0.047198336501231314
20200.019999999997,0.1219752356,0.0749702957766092,-0.047004939823390796
20280.019999999997,0.1217521355,0.07490230402723297,-0.04684983147276703
20360.019999999997,0.1215557083,0.0748362860639937,-0.046719422236006294
20440.019999999997,0.121295549,0.07477037888680188,-0.04652517011319812
20520.019999999997,0.1211109981,0.07470453752951105,-0.04640646057048896
20600.019999999997,0.1209138408,0.0746387828677937,-0.04627505793220631
20680.019999999997,0.1207114831,0.07457311269448688,-0.04613837040551312
20760.019999999997,0.120498769,0.07450753256723706,-0.04599123643276294
20840.019999999997,0.120276399,0.07443593561217056,-0.04584046338782945
20920.019999999997,0.1200955436,0.07436366318487209,-0.04573188041512791
21000.019999999997,0.1198724434,0.0742915197830685,-0.0455809236169315
21080.019999999997,0.1196960434,0.07421944202633146,-0.04547660137366853
21170.019999999997,0.1194914654,0.07413894453712166,-0.04535252086287833
21250.019999999997,0.1192913428,0.07407946673200749,-0.04521187606799251
21330.019999999997,0.1191238388,0.07402005616392757,-0.04510378263607244
21410.019999999997,0.1189229563,0.07396073013462226,-0.04496222616537773
21490.019999999997,0.1187465563,0.07390146779331443,-0.044845088506685574
21570.019999999997,0.1185723767,0.07384227925842346,-0.044730097441576536
21650.019999999997,0.1184026375,0.07378315903692333,-0.04461947846307668
21730.019999999997,0.1182395741,0.07372493363359303,-0.04451464046640696
21810.019999999997,0.1180520579,0.07367256995570955,-0.04437948794429045
21890.019999999997,0.1178749129,0.07362028906900814,-0.044254623830991865
21970.019999999997,0.1177555695,0.07356802902794178,-0.04418754047205822
22050.019999999997,0.1175673082,0.07351585522192845,-0.044051452978071545
22140.019999999997,0.1173960939,0.07345722117704395,-0.043938872722956046
22220.019999999997,0.1172226444,0.07340517214146165,-0.043817472258538354
22300.019999999997,0.1170758978,0.07334997456584959,-0.04372592323415041
22380.019999999997,0.116883181,0.07328653773158107,-0.04359664326841893
22460.019999999997,0.1167423502,0.07322314851860795,-0.04351920168139205
22540.019999999997,0.116555579,0.07315986080009784,-0.043395718199902164
22620.019999999997,0.1164184436,0.07309661528083536,-0.043321828319164646
22700.019999999997,0.1162716821,0.07303345728678,-0.04323822481322
22780.019999999997,0.1161367819,0.07297034634791418,-0.043166435552085825
22860.019999999997,0.1159915105,0.07291153726268092,-0.04307997323731909
22940.019999999997,0.1157958433,0.0728657081474467,-0.04293013515255331
23020.019999999997,0.1156802103,0.07281989178785411,-0.04286031851214589
23110.019999999997,0.1154971346,0.07276843421531938,-0.042728700384680615
23190.019999999997,0.115332596,0.07272275313466046,-0.04260984286533953
23270.019999999997,0.1151858196,0.072677113516207,-0.04250870608379301
23350.019999999997,0.1150553748,0.07263151113710094,-0.04242386366289906
23430.019999999997,0.1149026826,0.07258588007302451,-0.04231680252697549
23510.019999999997,0.1147529557,0.07254007288267204,-0.04221288281732796
23590.019999999997,0.1146306619,0.07249430954923111,-0.04213635235076889
23670.019999999997,0.1144609377,0.07244860624329151,-0.04201233145670849
23750.019999999997,0.1143460497,0.07240292461163571,-0.041943125088364286
23830.019999999997,0.1141770557,0.0723573248197364,-0.0418197308802636
23910.019999999997,0.1140725538,0.07231173682066783,-0.04176081697933218
23990.019999999997,0.1138709262,0.07226608124253593,-0.04160484495746407
24080.019999999997,0.1137226894,0.07221365948179967,-0.041509029918200324
24160.019999999997,0.1135840788,0.07216711394320183,-0.041416964856798175
24240.019999999997,0.113443993,0.07212061317152088,-0.041323379828479126
24320.019999999997,0.1133083627,0.07207415391200919,-0.041234208787990806
24400.019999999997,0.113143824,0.07202775327936912,-0.04111607072063088
24480.019999999997,0.1130504236,0.07198136928719882,-0.04106905431280118
24560.019999999997,0.1128784642,0.07193570629496475,-0.04094275790503525
24640.019999999997,0.1127606258,0.07189906182259849,-0.04086156397740151
24720.019999999997,0.1126079187,0.07186247006576514,-0.04074544863423486
24800.019999999997,0.1124441102,0.07182592384528215,-0.04061818635471785
24880.019999999997,0.1123514697,0.07178940104637743,-0.040562068653622566
24960.019999999997,0.1122121289,0.07175291597911952,-0.04045921292088048
25050.019999999997,0.1120505407,0.07171191259253949,-0.040338628107460514
25130.019999999997,0.1119008139,0.07167550375358982,-0.04022531014641019
25210.019999999997,0.1117733344,0.07159806678006304,-0.04017526761993695
25290.019999999997,0.1116236076,0.07156468381645545,-0.040058923783544545
25370.019999999997,0.1114716753,0.07153133348881531,-0.03994034181118469
25450.019999999997,0.1113160178,0.07149801784736154,-0.03981799995263846
25530.019999999997,0.1112085357,0.07146471433526103,-0.039743821364738974
25610.019999999997,0.1110639945,0.07143144573139788,-0.039632548768602116
25690.019999999997,0.1109305844,0.07139821337315806,-0.03953237102684194
25770.019999999997,0.1107912436,0.07136501860511546,-0.039426224994884546
25850.019999999997,0.1106978431,0.07133434497645148,-0.039363498123548515
25930.019999999997,0.1105236635,0.07130374290766707,-0.039219920592332924
26020.019999999997,0.1103769168,0.0712693336226667,-0.0391075831773333
26100.019999999997,0.1102301553,0.07123877630065786,-0.03899137899934213
26180.019999999997,0.1100819185,0.07120825782471235,-0.03887366067528765
26260.019999999997,0.1099410877,0.07117775273565943,-0.03876333496434056
26340.019999999997,0.1097787544,0.07114729223112401,-0.03863146216887599
26420.019999999997,0.1096468195,0.07111783565638208,-0.03852898384361793
26500.019999999997,0.1095193401,0.07108870587259013,-0.038430634227409874
26580.019999999997,0.1093807295,0.0710596169121394,-0.0383211125878606
26660.019999999997,0.1092147008,0.071030566094325,-0.038184134705675
26740.019999999997,0.1090768501,0.07100153145064213,-0.03807531864935787
26820.019999999997,0.1089145169,0.07097253010181306,-0.03794198679818693
26900.019999999997,0.1087766662,0.07094354464641554,-0.03783312155358445
26990.019999999997,0.1086291596,0.07091007766036304,-0.03771908193963695
27070.019999999997,0.1084609032,0.07087926674239121,-0.037581636457608786
27150.019999999997,0.1083386093,0.07084847262156098,-0.03749013667843902
27230.019999999997,0.1082177982,0.07081768912102496,-0.03740010907897505
27310.019999999997,0.1080495343,0.07078695822263131,-0.037262576077368686
27390.019999999997,0.1079294533,0.07075622995358948,-0.03717322334641053
27470.019999999997,0.1077619493,0.07072554280209044,-0.03703640649790957
27550.019999999997,0.1075914726,0.07069491001871078,-0.03689656258128922
27630.019999999997,0.1074965894,0.07066593262533578,-0.03683065677466421
27710.019999999997,0.1073268577,0.07063700172644313,-0.03668985597355687
27790.019999999997,0.1071660221,0.07060811004001086,-0.03655791205998914
27870.019999999997,0.1069985107,0.07057923937321071,-0.03641927132678928
27960.019999999997,0.1068643555,0.07054676723220914,-0.03631758826779086
28040.019999999997,0.1067057326,0.0705179412193556,-0.0361877913806444
28120.019999999997,0.1065678671,0.07048912995397512,-0.036078737146024886
28200.019999999997,0.1064337119,0.07046263893942006,-0.03597107296057994
28280.019999999997,0.1062498987,0.07043763670157,-0.03581226199843
28360.019999999997,0.1061320454,0.07041262391768624,-0.03571942148231376
28440.019999999997,0.1059867665,0.0703876422198287,-0.0355991242801713
28520.019999999997,0.1058185175,0.07036267860462303,-0.03545583889537697
28600.019999999997,0.1056784317,0.07033773471035813,-0.03534069698964187
28680.019999999997,0.1055450141,0.07031280915387826,-0.03523220494612174
28760.019999999997,0.1054056659,0.07028760321013973,-0.03511806268986027
28850.019999999997,0.1052055433,0.0702532511032482,-0.03495229219675179
28930.019999999997,0.1050921381,0.07022271232114197,-0.03486942577885803
29010.019999999997,0.1049105451,0.07019222403728688,-0.03471832106271312
29090.019999999997,0.104751192,0.07016176093618114,-0.03458943106381887
29170.019999999997,0.1046296284,0.07013130738982587,-0.034498321010174124
29250.019999999997,0.1044524834,0.07010090250710112,-0.034351580892898886
29330.019999999997,0.1043494567,0.0700704813001638,-0.034278975399836195
29410.019999999997,0.1041537821,0.07004233899071226,-0.03411144310928774
29490.019999999997,0.1040448248,0.07001585295552672,-0.03402897184447329
29570.019999999997,0.1038891673,0.06998939336814146,-0.03389977393185854
29650.019999999997,0.1037216559,0.06996297975060255,-0.033758676149397454
29730.019999999997,0.1035860181,0.06993654896460212,-0.033649469135397875
29820.019999999997,0.1033851579,0.0699068827216219,-0.03347827517837809
29900.019999999997,0.1032406166,0.06988051020008969,-0.033360106399910314
29980.019999999997,0.1031101644,0.06985408613675936,-0.03325607826324063
30060.019999999997,0.1029315367,0.06982603462786588,-0.03310550207213413
30140.019999999997,0.1027625427,0.06979799557187451,-0.03296454712812549
30220.019999999997,0.1026365459,0.06976995908514524,-0.032866586814854756
30300.019999999997,0.1024697646,0.06974196637103465,-0.03272779822896535
30380.019999999997,0.1023074463,0.0697139977576458,-0.0325934485423542
30460.019999999997,0.1021554992,0.06968604033126263,-0.032469458868737366
30540.019999999997,0.1020102277,0.06965809688807117,-0.03235213081192882
30620.019999999997,0.1018330753,0.06963076610920035,-0.03220230919079965
30700.019999999997,0.1016878039,0.06960459776340149,-0.03208320613659851
30790.019999999997,0.1015484557,0.06957515968952081,-0.031973296010479185
30870.019999999997,0.1014098525,0.06954901959815699,-0.03186083290184301
30950.019999999997,0.1012126952,0.06952292231756102,-0.031689772882438974
31030.019999999997,0.1010911316,0.06949681186804313,-0.031594319731956866
31110.019999999997,0.1009228826,0.0694707359248654,-0.0314521466751346
31190.019999999997,0.1007687151,0.0694446722788674,-0.0313240428211326
31270.019999999997,0.1006086171,0.06941700336794736,-0.031191613732052648
31350.019999999997,0.1004507393,0.06938869277194396,-0.03106204652805604
31430.019999999997,0.1002810001,0.06936041065408118,-0.030920589445918828
31510.019999999997,0.1001275778,0.0693321484247347,-0.030795429375265304
31590.019999999997,0.099974148,0.06930390215083213,-0.030670245849167874
31670.019999999997,0.099801451,0.06927568305334374,-0.030525767946656263
31760.019999999997,0.0996346697,0.06924395388828633,-0.030390715811713667
31840.019999999997,0.0994612351,0.0692157083630055,-0.030245526736994502
31920.019999999997,0.0993463472,0.0691860049561018,-0.0301603422438982
32000.019999999997,0.0991803184,0.06915634956843433,-0.03002396883156566
32080.019999999997,0.0990291163,0.06912670747934,-0.029902408820660004
32160.019999999997,0.0988578945,0.06909709381582714,-0.02976080068417286
32240.019999999997,0.0987044722,0.06906749407616869,-0.029636978123831315
32320.019999999997,0.0985591933,0.06903791239748,-0.02952128090252
32400.019999999997,0.0983961299,0.06900834280669811,-0.029387787093301893
32480.019999999997,0.0982642025,0.0689796432573615,-0.029284559242638494
32560.019999999997,0.0980633274,0.06895419021387744,-0.029109137186122555
32640.019999999997,0.0979425162,0.06892872712368558,-0.02901378907631441
32730.019999999997,0.0977342427,0.06890013596791791,-0.028834106732082088
32810.02,0.0976252854,0.06887469747252555,-0.028750587927474452
32890.02,0.0974740833,0.06884929161813172,-0.02862479168186828
32970.02,0.0972843245,0.06882392546129797,-0.02846039903870204
33050.02,0.0971249714,0.06879856121124057,-0.02832641018875942
33130.02,0.0970034152,0.06876925165504547,-0.028234163544954533
33210.02,0.096806258,0.06873531666031592,-0.02807094133968409
33290.02,0.0966632068,0.06870137179451953,-0.027961835005480468
33370.02,0.0965290442,0.06866744747942,-0.02786159672058
33450.02,0.0963644981,0.06863357019252497,-0.027730927907475028
33530.02,0.0962325633,0.06859968329286241,-0.027632880007137595
33610.02,0.0960643142,0.06856584361328719,-0.027498470586712814
33700.02,0.0959145948,0.0685277800774923,-0.027386814722507702
33780.02,0.0957507864,0.06850156034669358,-0.027249226053306416
33860.02,0.095583275,0.06847926414334683,-0.027104010856653163
33940.02,0.0954365209,0.06845695906517996,-0.026979561834820046
34020.02,0.0953008831,0.06843466921227867,-0.026866213887721327
34100.02,0.0951541215,0.06841240022781937,-0.02674172127218062
34180.02,0.0949777141,0.06837804340831853,-0.026599670691681468
34260.02,0.0948146507,0.06834046850640611,-0.02647418219359389
34340.02,0.0946597382,0.06830292259130982,-0.026356815608690173
34420.02,0.0945115015,0.06826539261409496,-0.026246108885905034
34500.02,0.0943780839,0.06822788069854951,-0.026150203201450492
34580.02,0.0942009315,0.06819041124147625,-0.026010520258523753
34670.02,0.0940519571,0.06814826034838647,-0.025903696751613525
34750.02,0.093913354,0.06811081952084856,-0.025802534479151443
34830.02,0.0937643722,0.06807751895328074,-0.025686853246719266
34910.02,0.0936183557,0.06804455845739832,-0.025573797242601684
34990.02,0.0934375003,0.06801164275961755,-0.025425857540382457
35070.02,0.0933233574,0.0679787230530849,-0.0253446343469151
35150.02,0.0931817889,0.06794582162429195,-0.02523596727570805
35230.02,0.0929987133,0.06791296823523851,-0.02508574506476148
35310.02,0.0928749293,0.06788010210512876,-0.02499482719487124
35390.02,0.0927237198,0.06784726890844389,-0.024876450891556115
35470.02,0.0925695524,0.06781016158103027,-0.02475939081896973
35550.02,0.0924324319,0.06777257985328454,-0.02465985204671546
35640.02,0.0922478735,0.0677303323041426,-0.02451754119585739
35720.02,0.0921255797,0.06769279035371753,-0.02443278934628247
35800.02,0.0919439793,0.06765528772097984,-0.024288691579020166
35880.02,0.0918187201,0.06761779138856758,-0.024200928711432423
35960.02,0.091675669,0.06758032914549428,-0.024095339854505723
36040.02,0.0915370658,0.06754287947411283,-0.023994186325887165
36120.02,0.0913673267,0.06750756844791002,-0.023859758252089983
36200.02,0.0912361369,0.06747236433043612,-0.023763772569563885
36280.02,0.091104202,0.06743718179748565,-0.02366702020251435
36360.02,0.0909700394,0.06740201231034135,-0.023568027089658647
36440.02,0.0908055007,0.067366883504133,-0.023438617195866998
36520.02,0.0906572565,0.06733176573293254,-0.02332549076706747
36610.02,0.0905305147,0.06729226135263246,-0.023238253347367538
36690.02,0.0903570652,0.06725719574138818,-0.023099869458611824
36770.02,0.090218462,0.06721786746830498,-0.02300059453169502
36850.02,0.0901198834,0.0671784340665195,-0.02294144933348051
36930.02,0.0899709091,0.06713903476269463,-0.022831874337305366
37010.02,0.089815259,0.06709966300162687,-0.022715595998373125
37090.02,0.0897063017,0.06706030920640577,-0.02264599249359424
37170.02,0.0895335972,0.06702100852930172,-0.022512588670698275
37250.02,0.0894061103,0.0669816958802667,-0.022424414419733293
37330.02,0.0892749205,0.06694240332842162,-0.022332517171578373
37410.02,0.0891496539,0.06689747594187377,-0.02225217795812623
37490.02,0.0890192091,0.06685142564014611,-0.022167783459853888
37580.02,0.0888435468,0.0667996682612865,-0.022043878538713507
37660.02,0.0887279138,0.06675365789271677,-0.021974255907283233
37740.02,0.0885663331,0.06670770227236533,-0.021858630827634673
37820.02,0.0884403288,0.06666177102775306,-0.021778557772246937
37900.02,0.0883313715,0.06661583076257492,-0.021715540737425085
37980.02,0.0882135257,0.06656993690653008,-0.02164358879346992
38060.02,0.0880830735,0.06652735146827776,-0.021555722031722235
38140.02,0.0879444629,0.06648574823098856,-0.021458714669011447
38220.02,0.0877947435,0.06644417697956051,-0.021350566520439485
38300.02,0.0876702219,0.06640262161969719,-0.021267600280302806
38380.02,0.087550886,0.06636108580008356,-0.02118980019991644
38470.02,0.0874204412,0.06631436885727733,-0.021106072342722673
38550.02,0.0872455165,0.06627290602017645,-0.020972610479823545
38630.02,0.0871543437,0.06623142590164931,-0.02092291779835069
38710.02,0.0870149955,0.06619312280317723,-0.02082187269682277
38790.02,0.0868719518,0.06615632329921879,-0.020715628500781208
38870.02,0.0867711455,0.06611951625316904,-0.02065162924683095
38950.02,0.0866318047,0.06608275012725998,-0.02054905457274002
39030.02,0.0865295157,0.06604032747915449,-0.020489188220845514
39110.02,0.0863894299,0.06599118287315786,-0.020398247026842134
39190.02,0.0862515643,0.06594207018394758,-0.020309494116052415
39270.02,0.0861351937,0.06589299609674051,-0.020242197603259487
39350.02,0.0860136375,0.06584393074953238,-0.020169706750467628
39440.02,0.0859202519,0.06578875411547161,-0.020131497784528385
39520.02,0.0857816488,0.06573974397402209,-0.02004190482597791
39600.02,0.0856674984,0.0656907499732473,-0.019976748426752705
39680.02,0.0855377913,0.06564150958683511,-0.01989628171316489
39760.02,0.0854102969,0.06559167715246085,-0.01981861974753915
39840.02,0.0852798522,0.06554187403351214,-0.01973797816648787
39920.02,0.0851745978,0.06549208379415945,-0.01968251400584055
40000.02,0.0850493386,0.06544232626547068,-0.019607012334529314
40080.02,0.0849411264,0.06539259465423426,-0.019548531745765735
40160.02,0.0848232731,0.06534287686588336,-0.01948039623411664
40240.02,0.0847091302,0.0652931916159016,-0.019415938584098402
40320.02,0.0845868289,0.06524352277109056,-0.01934330612890943
40410.02,0.0844534114,0.06519238623760015,-0.019261025162399845
40490.02,0.0843600258,0.06514693303549314,-0.01921309276450686
40570.02,0.0842466205,0.06510151877735494,-0.019145101722645053
40650.02,0.0841235816,0.06505613363541593,-0.019067447964584067
40730.02,0.0840324163,0.06501075323865499,-0.019021663061345007
40810.02,0.0839175284,0.06496540507793586,-0.01895212332206414
40890.02,0.0838011652,0.06492007566748573,-0.018881089532514272
40970.02,0.0837040618,0.0648747658070043,-0.018829295992995695
41050.02,0.083568424,0.06482658075936094,-0.01874184324063906
41130.02,0.0834453851,0.06477761745318455,-0.01866776764681545
41210.02,0.0833519921,0.06472866433943057,-0.018623327760569422
41290.02,0.0832319185,0.06467973772030201,-0.018552180779697988
41380.02,0.0831244439,0.0646247168573058,-0.018499727042694203
41460.02,0.0830043703,0.06457584266512133,-0.018428527634878678
41540.02,0.0829376653,0.06452696638065233,-0.01841069891934767
41620.02,0.0827946067,0.06447813966991484,-0.01831646703008516
41700.02,0.0827056617,0.06442796128806266,-0.01827770041193734
41780.02,0.0825700238,0.06437662515291603,-0.01819339864708397
41860.02,0.0824914575,0.06432529103079196,-0.018166166469208045
41940.02,0.0824017748,0.06427397581428108,-0.01812779898571891
42020.02,0.0822935626,0.06422269241197724,-0.018070870188022753
42100.02,0.0821838677,0.06417143890856786,-0.01801242879143214
42180.02,0.0820763931,0.0641202090928283,-0.017956184007171708
42260.02,0.0820052326,0.06406897756557543,-0.017936255034424572
42350.02,0.081862919,0.0640098721611308,-0.017853046838869208
42430.02,0.081796214,0.0639523657505743,-0.01784384824942571
42510.02,0.081690222,0.06389489299863539,-0.017795329001364615
42590.02,0.0815731138,0.0638374709933023,-0.017735642806697705
42670.02,0.0815115944,0.06378003424021296,-0.017731560159787038
42750.02,0.0813774392,0.06372265111309229,-0.017654788086907708
42830.02,0.0813159198,0.06366526867822422,-0.017650651121775773
42910.02,0.0811973289,0.06360793273725382,-0.017589396162746185
42990.02,0.0810957775,0.06355062624087493,-0.017545151259125064
43070.02,0.0810364857,0.06349690092006013,-0.01753958477993986
43150.02,0.0809097365,0.0634441155365345,-0.01746562096346549
43230.02,0.0807955936,0.06339135263381993,-0.017404240966180082
43320.02,0.0806903467,0.06333199064690684,-0.01735835605309316
43400.02,0.080586575,0.06327928470474406,-0.017307290295255934
43480.02,0.0805724934,0.06322656151210997,-0.017345931887890034
43560.02,0.0804516822,0.06317388732546342,-0.01727779487453658
43640.02,0.0803790465,0.06312121633711226,-0.017257830162887733
43720.02,0.0802574828,0.06306446516651895,-0.01719301763348105
43800.02,0.0801870674,0.06300267976948759,-0.017184387630512415
43880.02,0.0801092386,0.06294092107439694,-0.01716831752560305
43960.020000000004,0.0800343826,0.06287918887310642,-0.017155193726893572
44040.020000000004,0.079935804,0.0628174873302064,-0.017118316669793604
44120.020000000004,0.0798268467,0.06275583850590104,-0.017071008194098958
44200.020000000004,0.0797816366,0.0626941762405108,-0.0170874603594892
44290.020000000004,0.0796467364,0.06262488559763593,-0.01702185080236407
44370.020000000004,0.0796074569,0.06256418391974389,-0.01704327298025611
44450.020000000004,0.0795118436,0.06251563874455374,-0.01699620485544627
44530.020000000004,0.0794266015,0.06246712536691629,-0.016959476133083712
44610.020000000004,0.0793413594,0.06241863523129067,-0.01692272416870934
44690.020000000004,0.0792790949,0.062370144754133404,-0.016908950145866596
44770.020000000004,0.0791812614,0.06231887708449736,-0.016862384315502632
44850.020000000004,0.079116039,0.06225327803149818,-0.016862760968501818
44930.020000000004,0.079018198,0.06218771523701724,-0.01683048276298276
45010.020000000004,0.0789648294,0.0621221597117287,-0.016842669688271306
45090.020000000004,0.0788818225,0.0620566402238413,-0.0168251822761587
45170.020000000004,0.0788032487,0.06199115336426191,-0.016812095335738082
45260.020000000004,0.0787187591,0.06191750146595843,-0.016801257634041562
45340.020000000004,0.0786913335,0.061852067924053664,-0.01683926557594634
45420.020000000004,0.0786246285,0.06178665618453644,-0.016837972315463565
45500.020000000004,0.0785460547,0.06172311905583606,-0.01682293564416395
45580.020000000004,0.0784711912,0.06166026887337861,-0.01681092232662139
45660.020000000004,0.0784156024,0.06159743482424305,-0.016818167575756958
45740.020000000004,0.078336291,0.06153463722281977,-0.01680165377718023
45820.020000000004,0.0782636553,0.061471867799072336,-0.016791787500927663
45900.020000000004,0.078176938,0.061409123594234734,-0.016767814405765268
45980.020000000004,0.0781295002,0.06134639332657775,-0.016783106873422243
46060.020000000004,0.0780398175,0.06128369721037168,-0.016756120289628314
46140.020000000004,0.0779805183,0.06122139919265054,-0.01675911910734946
46230.020000000004,0.0779093653,0.06115372411426244,-0.016755641185737566
46310.020000000004,0.0778411776,0.061093595430147314,-0.01674758216985269
46390.020000000004,0.0777892917,0.061033480240709745,-0.016755811459290254
46470.020000000004,0.077724807,0.06097339653785787,-0.01675141046214214
46550.020000000004,0.0776202977,0.06091335694665743,-0.016706940753342565
46630.020000000004,0.077587679,0.06085331251071915,-0.01673436648928086
46710.020000000004,0.077512823,0.06079330703907827,-0.01671951596092172
46790.020000000004,0.077437222,0.06073332694323781,-0.01670389505676219
46870.020000000004,0.0774053484,0.060669226496082494,-0.01673612190391751
46950.020000000004,0.0773052871,0.06060303543015335,-0.016702251669846645
47030.020000000004,0.0772622973,0.0605368590066634,-0.016725438293336607
47110.020000000004,0.0772200525,0.06047069440321349,-0.01674935809678651
47200.020000000004,0.077154085,0.060396296349182414,-0.016757788650817583
47280.020000000004,0.0770999789,0.06033018045475727,-0.016769798445242734
47360.020000000004,0.0770110339,0.060264120037803896,-0.0167469138621961
47440.020000000004,0.0769547001,0.06019806920518648,-0.016756630894813516
47520.020000000004,0.0769309849,0.060133524975041264,-0.016797459924958735
47600.020000000004,0.0768783614,0.06007829696990942,-0.016800064430090578
47680.020000000004,0.0767879337,0.06002310358529926,-0.016764830114700743
47760.020000000004,0.0767471641,0.059967922816241595,-0.016779241283758406
47840.020000000004,0.0766945407,0.059912748501609527,-0.016781792198390467
47920.020000000004,0.0766100362,0.0598576253286869,-0.016752410871313093
48000.020000000004,0.076581873,0.0598024913128089,-0.01677938168719109
48090.020000000004,0.0765344352,0.059740487262380786,-0.016793947937619215
48170.020000000004,0.0764729157,0.05968540006775716,-0.016787515632242844
48250.020000000004,0.0764277056,0.059626844524993755,-0.01680086107500625
48330.020000000004,0.0763624832,0.05956591480477415,-0.01679656839522585
48410.020000000004,0.0762824342,0.059505033728931005,-0.016777400471068994
48490.020000000004,0.0762683526,0.059444145108868356,-0.01682420749113165
48570.020000000004,0.0761883035,0.059383302437412584,-0.016805001062587414
48650.020000000004,0.0761742145,0.05932244757943544,-0.016851766920564566
48730.020000000004,0.0760949105,0.05926164747438035,-0.016833263025619653
48810.020000000004,0.0760333911,0.05920086575653088,-0.016832525343469122
48890.020000000004,0.0760155991,0.05914007873431194,-0.016875520365688054
48970.020000000004,0.0759362951,0.0590775210858674,-0.016858774014132598
49060.020000000004,0.0758784786,0.05900691600541928,-0.01687156259458071
49140.020000000004,0.0758429021,0.05894417206643718,-0.01689873003356282
49220.020000000004,0.0758184418,0.05888143445785254,-0.01693700734214746
49300.020000000004,0.0757569149,0.05881872169293084,-0.016938193207069158
49380.020000000004,0.0757005885,0.05875603710417148,-0.016944551395828518
49460.020000000004,0.0756464824,0.05869338218044617,-0.01695310021955384
49540.020000000004,0.0756190568,0.05863073846133292,-0.016988318338667083
49620.020000000004,0.0755338222,0.05856757307343481,-0.01696624912656519
49700.020000000004,0.0755071342,0.058503019441146824,-0.017004114758853182
49780.020000000004,0.0754419118,0.058438506805360044,-0.017003404994639953
49860.020000000004,0.0753759444,0.05837402531687407,-0.017001919083125934
49940.020000000004,0.0753248036,0.0583095642660232,-0.017015239333976806
50030.020000000004,0.0752996057,0.05823704868391473,-0.017062557016085264
50110.020000000004,0.0752284452,0.05817263777326848,-0.01705580742673151
50190.020000000004,0.0752062127,0.0581082279266995,-0.017097984773300497
50270.020000000004,0.0751624852,0.05804383280923696,-0.017118652390763045
50350.020000000004,0.0751009658,0.05798449451004158,-0.01711647128995842
50430.020000000004,0.0750839114,0.057927742717705025,-0.01715616868229497
50510.020000000004,0.075032033,0.05787101711583603,-0.017161015884163966
50590.020000000004,0.0749882981,0.05781431377635614,-0.017173984323643865
50670.020000000004,0.0749490187,0.057757628666149904,-0.01719139003385009
50750.020000000004,0.0748867542,0.05770096922582073,-0.017185784974179275
50830.020000000004,0.0748660043,0.057644311702321385,-0.01722169259767861
50910.020000000004,0.0748052225,0.0575876924233554,-0.017217530076644602
51000.020000000004,0.0747273937,0.0575240107314524,-0.017203382968547606
51080.020000000004,0.0747088641,0.05746245350662233,-0.017246410593377663
51160.020000000004,0.0746399313,0.0574009347918953,-0.017238996508104704
51240.020000000004,0.0745999068,0.057339424838120726,-0.01726048196187928
51320.020000000004,0.0746088028,0.05727791202156913,-0.01733089077843087
51400.020000000004,0.07453987,0.057216444226448115,-0.01732342577355188
51480.020000000004,0.0744872466,0.05715499683105911,-0.01733224976894089
51560.020000000004,0.0744746476,0.0570935453174095,-0.017381102282590502
51640.020000000004,0.0744375885,0.057032107340186045,-0.017405481159813954
51720.020000000004,0.0743908957,0.05697067182221874,-0.017420223877781263
51800.020000000004,0.0743441954,0.05690911858918072,-0.017435076810819274
51880.020000000004,0.0742937922,0.056847587078382646,-0.017446205121617354
51970.020000000004,0.0742167085,0.05677841960769371,-0.017438288892306295
52050.020000000004,0.0741848424,0.05671694333606007,-0.01746789906393994
52130.020000000004,0.0741477832,0.05665548775665554,-0.017492295443344456
52210.020000000004,0.0740988627,0.056594057770017483,-0.01750480492998252
52290.020000000004,0.0741047934,0.05653260688802049,-0.017572186511979504
52370.020000000004,0.0740469769,0.056471184938447064,-0.017575791961552942
52450.020000000004,0.0740106627,0.05641129632631929,-0.017599366373680703
52530.020000000004,0.0739706382,0.05635301733224379,-0.0176176208677562
52610.020000000004,0.0739313513,0.05629475746134254,-0.017636593838657462
52690.020000000004,0.0738505572,0.05623654092148152,-0.017614016278518482
52770.020000000004,0.0738512948,0.056178311619148574,-0.01767298318085142
52850.020000000004,0.0737986714,0.056120110040252254,-0.017678561359747748
52940.020000000004,0.0737097263,0.05605468201234952,-0.01765504428765048
53020.020000000004,0.0737193599,0.055996509722085266,-0.017722850177914737
53100.020000000004,0.0736667365,0.05593836572744411,-0.017728370772555888
53180.020000000004,0.073609665,0.055878160493740815,-0.01773150450625919
53260.020000000004,0.0736000314,0.055817287882405316,-0.017782743517594686
53340.020000000004,0.0735325813,0.05575645426642078,-0.01777612703357922
53420.020000000004,0.0735162795,0.055695619002289795,-0.01782066049771021
53500.020000000004,0.0734569803,0.05563482297114924,-0.017822157328850764
53580.020000000004,0.0734058395,0.05557405082356288,-0.017831788676437123
53660.020000000004,0.0733643323,0.05551328825105109,-0.01785104404894891
53740.020000000004,0.0733257905,0.05545254600532898,-0.017873244494671023
53820.020000000004,0.0733280107,0.05539179500126726,-0.017936215698732744
53910.020000000004,0.0732991099,0.055325474721844084,-0.017973635178155922
53990.020000000004,0.0732561201,0.055266769509884406,-0.017989350590115596
54070.020000000004,0.0732064545,0.055208101538759075,-0.01799835296124093
54150.020000000004,0.0731575415,0.0551494485868302,-0.018008092913169807
54230.020000000004,0.0731338188,0.0550908147186136,-0.0180430040813864
54310.020000000004,0.0731138065,0.055032187931816044,-0.01808161856818396
54390.020000000004,0.0730641484,0.05497356821749834,-0.01809058018250166
54470.020000000004,0.0730367228,0.05491497219001094,-0.018121750609989058
54550.020000000004,0.0730219036,0.05485666172624772,-0.01816524187375227
54630.020000000004,0.0729596391,0.05480111920944638,-0.018158519890553622
54710.020000000004,0.0729359239,0.05474557851625521,-0.018190345383744796
54790.020000000004,0.0729151592,0.054690043581472454,-0.018225115618527542
54880.020000000004,0.0728365928,0.054627625674449655,-0.018208967125550347
54960.020000000004,0.0728188083,0.05457213750003317,-0.01824667079996683
55040.020000000004,0.0727750733,0.05451668757878695,-0.018258385721213057
55120.020000000004,0.0727661848,0.054461227626638256,-0.01830495717336174
55200.020000000004,0.0727031827,0.05440580069935656,-0.01829738200064343
55280.020000000004,0.0726846531,0.05435732449251113,-0.01832732860748887
55360.020000000004,0.0726394355,0.05431010625549526,-0.01832932924450474
55440.020000000004,0.0726364702,0.054262887776329365,-0.018373582423670633
55520.020000000004,0.0726149753,0.054215672915541545,-0.01839930238445845
55600.020000000004,0.0725341886,0.054168508446846106,-0.018365680153153888
55680.020000000004,0.0725141764,0.05412134390560088,-0.018392832494399124
55760.020000000004,0.0724986121,0.05407417986926095,-0.01842443223073905
55850.020000000004,0.0724556223,0.05402114746846524,-0.018434474831534757
55930.020000000004,0.0724215284,0.05397398845204317,-0.018447539947956837
56010.020000000004,0.0723985508,0.05392530508212657,-0.018473245717873434
56090.020000000004,0.0723770559,0.053876628361924125,-0.018500427538075875
56170.020000000004,0.0723496303,0.05382796864152772,-0.01852166165847228
56250.020000000004,0.0723147914,0.05377932313920442,-0.018535468260795572
56330.020000000004,0.072262913,0.05373069493544723,-0.01853221806455277
56410.020000000004,0.0722666159,0.05368206199356472,-0.018584553906435278
56490.020000000004,0.0722317845,0.0536334542319269,-0.018598330268073095
56570.020000000004,0.0721932426,0.05358486542227995,-0.01860837717772005
56650.020000000004,0.0721984282,0.053536473383534774,-0.018661954816465223
56730.020000000004,0.0721465424,0.05349220281394922,-0.018654339586050776
56820.020000000004,0.0721280128,0.05344239043793446,-0.018685622362065543
56900.020000000004,0.0721176341,0.05339812500265975,-0.018719509097340242
56980.020000000004,0.0720613077,0.05335388270806981,-0.018707424991930184
57060.020000000004,0.0720286965,0.053309657861103234,-0.01871903863889677
57140.020000000004,0.0720190555,0.053265426793327665,-0.018753628706672333
57220.020000000004,0.0719997883,0.05322122205343316,-0.018778566246566847
57300.020000000004,0.0719560534,0.05317702826504751,-0.018779025134952484
57380.020000000004,0.0719286278,0.05313392363724359,-0.018794704162756415
57460.020000000004,0.0719175115,0.053095836218509024,-0.01882167528149098
57540.020000000004,0.0719019398,0.053057741016132184,-0.01884419878386781
57620.020000000004,0.071863398,0.053019682375628735,-0.01884371562437126
57710.020000000004,0.0718159676,0.052976875138484876,-0.018839092461515126
57790.020000000004,0.0717989206,0.052938832022643725,-0.01886008857735627
57870.020000000004,0.07177075,0.052900798213768675,-0.01886995178623132
57950.020000000004,0.0717603713,0.052862767762310664,-0.018897603537689336
58030.020000000004,0.0717700124,0.05282472860858248,-0.018945283791417522
58110.020000000004,0.0717307255,0.05278768747921153,-0.018943038020788464
58190.020000000004,0.0716944113,0.05275314311301694,-0.018941268186983058
58270.020000000004,0.071686253,0.052718586566915054,-0.01896766643308495
58350.020000000004,0.0716603175,0.05268404659937188,-0.018976270900628124
58430.020000000004,0.0716232508,0.05264952778675903,-0.01897372301324097
58510.020000000004,0.0716002807,0.05261500378111006,-0.018985276918889946
58590.020000000004,0.0715595111,0.052580503381613276,-0.018979007718386724
58680.020000000004,0.0715417266,0.05254168640509376,-0.019000040194906233
58760.020000000004,0.0715239346,0.05250719271027169,-0.019016741889728316
58840.020000000004,0.0715076253,0.05246644758977322,-0.01904117771022678
58920.020000000004,0.0714609325,0.05241532395276859,-0.01904560854723141
59000.020000000004,0.0714438856,0.052386093217234295,-0.019057792382765712
59080.020000000004,0.0714327693,0.05235686466474819,-0.019075904635251814
59160.020000000004,0.0713905171,0.052327650457961644,-0.01906286664203835
59240.020000000004,0.0713979304,0.05229843328077834,-0.01909949711922166
59320.020000000004,0.0713979304,0.052269222169711936,-0.019128708230288068
59400.020000000004,0.0713630989,0.052240033897122985,-0.01912306500287702
59480.020000000004,0.0713208467,0.052210849853184686,-0.01910999684681531
59560.020000000004,0.0713245571,0.05218166603049862,-0.019142891069501386
59650.020000000004,0.0713089854,0.05214908458648973,-0.019159900813510267
59730.020000000004,0.0712608099,0.05212335771789862,-0.019137452182101382
59810.020000000004,0.07124006,0.05209762597920317,-0.019142434020796822
59890.020000000004,0.0712030008,0.052071913931052066,-0.019131086868947933
59970.020000000004,0.0711955875,0.052046196164204944,-0.01914939133579506
60050.020000000004,0.0711763129,0.052020483687585564,-0.019155829212414432
60130.020000000004,0.071137771,0.05199478395451272,-0.01914298704548728
60210.020000000004,0.0711503699,0.051969068883655316,-0.01918130101634468
60290.020000000004,0.0710955262,0.05194338651779028,-0.019152139682209718
60370.020000000004,0.0711088628,0.05191768244262128,-0.019191180357378726
60450.020000000004,0.0710814446,0.051894894672512584,-0.019186549927487417
60530.020000000004,0.0710199252,0.05187215058626379,-0.019147774613736207
60620.020000000004,0.0710043609,0.05184657124735058,-0.019157789652649415
60700.020000000004,0.0709739625,0.051823839101168966,-0.019150123398831036
60780.020000000004,0.0709606186,0.05180110879157279,-0.019159509808427205
60860.020000000004,0.0709502399,0.051778380167061495,-0.019171859732938508
60940.020000000004,0.070916146,0.05175566430280969,-0.019160481697190312
61020.020000000004,0.0708998442,0.051732951247562914,-0.019166892952437092
61100.020000000004,0.0708887279,0.05170541647271818,-0.019183311427281823
61180.020000000004,0.0708635226,0.051633255583183185,-0.01923026701681682
61260.020000000004,0.0708398074,0.051614949026747174,-0.019224858373252822
61340.020000000004,0.0708153471,0.05159663801185913,-0.019218709088140863
61420.020000000004,0.0707901493,0.051578345082508546,-0.019211804217491447
61500.020000000004,0.0707864389,0.051560038830151055,-0.019226400069848944
61590.020000000004,0.0707723573,0.051539461009815976,-0.01923289629018403
61670.020000000004,0.0707412288,0.05152117047817484,-0.019220058321825162
61750.020000000004,0.0707286298,0.05150287717204024,-0.01922575262795976
61830.020000000004,0.0706974939,0.05148459463431197,-0.019212899265688033
61910.020000000004,0.0706804469,0.05146761581313475,-0.01921283108686525
61990.020000000004,0.0706456155,0.05145080237339452,-0.019194813126605474
62070.020000000004,0.0706218928,0.05143398489528773,-0.019187907904712274
62150.020000000004,0.0706033632,0.051417168450757715,-0.01918619474924229
62230.020000000004,0.0705944672,0.05140035655591571,-0.019194110644084286
62310.020000000004,0.0705507398,0.051383555069096386,-0.019167184730903612
62390.020000000004,0.0705159009,0.05136677502604682,-0.019149125873953177
62470.020000000004,0.070490703,0.051349977551009895,-0.019140725448990106
62560.020000000004,0.0704699531,0.05133109201452792,-0.019138861085472074
62640.020000000004,0.0704491958,0.051319273570218434,-0.01912992222978157
62720.020000000004,0.0704277009,0.051308158832075075,-0.019119542067924926
62800.020000000004,0.0704180673,0.05129703601043182,-0.01912103128956818
62880.020000000004,0.0703921244,0.0512859199421272,-0.019106204457872804
62960.020000000004,0.0703432038,0.051274822787884866,-0.019068381012115138
63040.020000000004,0.0703446865,0.051263706514561844,-0.01908097998543816
63120.020000000004,0.0703387558,0.05125258083708214,-0.01908617496291786
63200.020000000004,0.0703395009,0.051241473144091165,-0.01909802775590884
63280.020000000004,0.0702950284,0.05123038614310291,-0.019064642256897094
63360.02099999999,0.0702965111,0.051214762676012306,-0.019081748423987695
63440.02099999999,0.0702535212,0.051197371837556675,-0.019056149362443327
63530.02099999999,0.0702431425,0.051177782718979985,-0.01906535978102001
63610.02099999999,0.0702475905,0.05116038126164167,-0.019087209238358327
63690.02099999999,0.0701749548,0.051143000430766396,-0.0190319543692336
63770.02099999999,0.0701971948,0.051125597780600635,-0.019071597019399367
63850.02099999999,0.0701386333,0.051108226355883385,-0.019030406944116618
63930.02099999999,0.0701660588,0.05109081834297762,-0.01907524045702238
64010.02099999999,0.0701341927,0.05107343397333222,-0.01906075872666778
64090.02099999999,0.0700934231,0.051060317781527594,-0.019033105318472403
64170.02099999999,0.0700860098,0.051049400083776036,-0.019036609716223965
64250.02099999999,0.0700496957,0.05103848658947565,-0.019011209110524348
64330.02099999999,0.0700311661,0.051027575315407254,-0.019003590784592746
64410.02099999999,0.0700044781,0.05101666013961066,-0.01898781796038934
64500.02099999999,0.0699881688,0.05100710039517934,-0.01898106840482066
64580.02099999999,0.0699607432,0.05100165865789467,-0.018959084542105327
64660.02099999999,0.0699488819,0.050996220612809014,-0.018952661287190982
64740.02099999999,0.069914788,0.05099079009603822,-0.018923997903961785
64820.02099999999,0.0698925555,0.050985351568265246,-0.01890720393173475
64900.02099999999,0.0698740259,0.05097991912995094,-0.01889410677004906
64980.02099999999,0.0698591992,0.05097447945570276,-0.018884719744297236
65060.02099999999,0.0698362216,0.05096904331277788,-0.01886717828722212
65140.02099999999,0.069821395,0.050963605272075885,-0.01885778972792411
65220.02099999999,0.0697798952,0.05095665416871601,-0.018823241031283987
65300.02099999999,0.0697680339,0.05094591276280841,-0.01882212113719159
65380.02099999999,0.0697480217,0.05093517519890254,-0.018812846501097456
65470.02099999999,0.0697257817,0.050923092572758975,-0.018802689127241028
65550.021,0.0696909502,0.050912365326251575,-0.01877858487374843
65630.021,0.0696865022,0.05090162300382498,-0.018784879196175018
65710.021,0.069657594,0.05089089383159362,-0.018766700168406383
65790.021,0.0696368441,0.05088016331783835,-0.018756680782161646
65870.021,0.0696153492,0.050869439275973545,-0.01874590992402645
65950.021,0.0695990399,0.05085982794201012,-0.018739211957989887
66030.021,0.0695753247,0.050855206212619124,-0.018720118487380873
66110.021,0.0695567951,0.05085057607631199,-0.018706219023688006
66190.021,0.0695056468,0.05084595981492555,-0.018659686985074454
66270.021,0.069489345,0.05084134244587403,-0.018648002554125964
66350.021,0.0695056468,0.05083669366246104,-0.01866895313753896
66440.021,0.0694508031,0.05083149835230016,-0.018619304747699843
66520.021,0.0694189295,0.05082688706179156,-0.018592042438208445
66600.021,0.0694293082,0.05082224600550638,-0.018607062194493616
66680.021,0.0693937317,0.05081780393144694,-0.01857592776855306
66760.021,0.0693551898,0.05081607115139285,-0.018539118648607147
66840.021,0.0693166479,0.05081433723059218,-0.018502310669407822
66920.021,0.0693329498,0.05081258071120877,-0.018520369088791233
67000.021,0.0693092346,0.050810845891727185,-0.01849838870827282
67080.021,0.0692781061,0.05080910087262195,-0.01846900522737805
67160.021,0.0692447498,0.05080736446220051,-0.018437385337799497
67240.021,0.0692499354,0.05080560877379225,-0.018444326626207756
67330.021,0.0692032427,0.050803657023653984,-0.018399585676346017
67410.021,0.0691943467,0.05080191409004526,-0.018392432609954747
67490.021,0.0691580325,0.050797127426746004,-0.01836090507325399
67570.021,0.0691469163,0.050792097216481,-0.018354819083519
67650.021,0.0690898374,0.05078709339792437,-0.018302744002075634
67730.021,0.0690742731,0.05078206950026088,-0.01829220359973912
67810.021,0.0690727904,0.050777033873398866,-0.018295756526601134
67890.021,0.0690564886,0.05077201580133387,-0.018284472798666122
67970.021,0.0690223947,0.05076700190814418,-0.018255392791855826
68050.021,0.0689905137,0.05076198081159226,-0.01822853288840775
68130.021,0.0689512268,0.050756966896888724,-0.018194259903111278
68210.021,0.0689467862,0.05075204287142605,-0.018194743328573952
68300.021,0.0689208433,0.05074657638731925,-0.01817426691268076
68380.021,0.0688785911,0.05074172341087352,-0.01813686768912648
68460.021,0.0688563585,0.05073686187328669,-0.01811949662671332
68540.021,0.0688652545,0.050731990906046374,-0.018133263593953626
68620.021,0.0687926114,0.05072715759091449,-0.018065453809085502
68700.021,0.0688000247,0.05072228946315476,-0.018077735236845242
68780.021,0.0687436983,0.05071743682014043,-0.01802626147985957
68860.021,0.0687288716,0.05071258598155733,-0.018016285618442672
68940.021,0.0687288716,0.050708280604364844,-0.01802059099563516
69020.021,0.0686843991,0.05070462935782296,-0.01797976974217704
69100.021,0.0686651319,0.050700970840522705,-0.01796416105947729
69180.021,0.0686288103,0.050697313705659275,-0.01793149659434072
69270.021,0.0686132461,0.05069318406958917,-0.017920062030410827
69350.021,0.0685873032,0.050689524149170086,-0.01789777905082992
69430.021,0.068554692,0.050685860900312754,-0.017868831099687246
69510.021,0.0684902072,0.050682212617617156,-0.017807994582382844
69590.021,0.0684827939,0.05067854786068004,-0.017804246039319967
69670.021,0.0684487,0.05067584594825135,-0.01777285405174865
69750.021,0.0684160888,0.050675448533941285,-0.017740640266058712
69830.021,0.0683760643,0.0506750471520846,-0.017701017147915395
69910.021,0.0683664307,0.05067463727043644,-0.017691793429563556
69990.021,0.068368651,0.050674221068843804,-0.0176944299311562
70070.021,0.0683026835,0.05067383226700024,-0.01762885123299976
70150.021,0.0683004633,0.0506734136878634,-0.017627049612136604
70240.021,0.0682574734,0.0506729593507363,-0.017584514049263707
70320.021,0.0682285652,0.050672560718411856,-0.017556004481588137
70400.021,0.0681803897,0.050671476350429574,-0.017508913349570422
70480.021,0.0681625977,0.05066375536113908,-0.017498842338860912
70560.021,0.0681544468,0.05065603119630255,-0.017498415603697456
70640.021,0.0681173876,0.05064832296082368,-0.017469064639176315
70720.021,0.068098858,0.05064060885565212,-0.017458249144347876
70800.021,0.0680588335,0.050632903569034035,-0.017425929930965964
70880.021,0.0680306703,0.050625190100957514,-0.017405480199042485
70960.021,0.0679735914,0.050617499773334275,-0.01735609162666573
71040.021,0.0679683983,0.05060977637232531,-0.017358621927674685
71120.021,0.0679231882,0.050602075378922994,-0.017321112821077005
71210.021,0.0678868666,0.05059862044491649,-0.01728824615508351
71290.021,0.0678742677,0.05059685717019061,-0.017277410529809398
71370.021,0.0678083003,0.05059510828695458,-0.01721319201304542
71450.021,0.0678142309,0.050593328397199405,-0.01722090250280059
71530.021,0.0677593872,0.05059158300994733,-0.017167804190052677
71610.021,0.0677289963,0.05058982053575866,-0.017139175764241336
71690.021,0.0677289963,0.050588041502360716,-0.01714095479763928
71770.021,0.0676874891,0.050586283290683695,-0.017101205809316303
71850.021,0.0676415339,0.05058452942387615,-0.017057004476123842
71930.021,0.0676141083,0.050582474044100406,-0.017031634255899597
72010.021,0.0675852075,0.05058014777607941,-0.017005059723920586
72090.021,0.0675711185,0.050577823126011674,-0.016993295373988325
72180.021,0.0674910694,0.05057522751615202,-0.01691584188384799
72260.021,0.0674844012,0.05057289324876453,-0.01691150795123547
72340.021,0.06745179,0.05057057186422364,-0.01688121813577636
72420.021,0.0674132481,0.05056825125830545,-0.016844996841694555
72500.021,0.0674036145,0.05056591756340622,-0.01683769693659378
72580.021,0.0673798919,0.05056359456914603,-0.01681629733085397
72660.021,0.067349501,0.05056087791894125,-0.01678862308105876
72740.021,0.067279093,0.05055715381615968,-0.016721939183840316
72820.021,0.067262046,0.050553397067402916,-0.01670864893259709
72900.021,0.0672272071,0.050549653488276114,-0.01667755361172389
72980.021,0.0671805143,0.050545912319756955,-0.01663460198024304
73060.021,0.0671619847,0.050542154850036776,-0.01661982984996322
73150.021,0.0671130642,0.05053794800963136,-0.016575116190368645
73230.021,0.067110844,0.0505341852815582,-0.0165766587184418
73310.021,0.0670478418,0.05053044840317042,-0.016517393396829574
73390.021,0.0670241192,0.0505266382289076,-0.016497480971092396
73470.021,0.0669774264,0.05051886798883622,-0.016458558411163775
73550.021,0.0669485107,0.05051109219619398,-0.016437418503806027
73630.021,0.0669025555,0.05050332717382412,-0.01639922832617588
73710.021,0.0668499321,0.05049556710309165,-0.016354364996908344
73790.021,0.0668365881,0.05048778664416699,-0.016348801455833006
73870.021,0.0668299198,0.05048000603147294,-0.016349913768527055
73950.021,0.066778779,0.05047224519783684,-0.016306533802163153
74030.021,0.0667483881,0.050464470201329166,-0.016283917898670834
74120.021,0.0666816831,0.05045574216963496,-0.016225940930365043
74200.021,0.0666683391,0.0504509966725155,-0.016217342427484502
74280.021,0.0665853247,0.05044734307639098,-0.01613798162360902
74360.021,0.0665601268,0.05044366908985985,-0.016116457710140142
74440.021,0.0665578991,0.05043997912109038,-0.01611791997890962
74520.021,0.0664808154,0.05043632789550412,-0.016044487504495886
74600.021,0.0664400533,0.050432658877537374,-0.01600739442246262
74680.021,0.0664133728,0.050428980186957795,-0.0159843926130422
74760.021,0.0664096624,0.05042529235947321,-0.015984370040526788
74840.021,0.0663696378,0.05042161743720412,-0.015948020362795884
74920.021,0.0663229451,0.05041705168919451,-0.01590589341080549
75000.021,0.0662584603,0.05041063397603136,-0.01584782632396864
75090.021,0.0662095398,0.050403409358631975,-0.01580613044136802
75170.021,0.0661732256,0.05039697637038574,-0.015776249229614257
75250.021,0.0661413521,0.0503905511058066,-0.015750800994193397
75330.021,0.0661346838,0.05038411748228683,-0.01575056631771317
75410.021,0.0660865009,0.05037768551587662,-0.01570881538412338
75490.021,0.0660457388,0.0503712543089534,-0.0156744844910466
75570.021,0.0660168305,0.05036483014465522,-0.01565200035534478
75650.021,0.0659738407,0.0503584076455637,-0.015615433054436294
75730.021,0.0659182444,0.05035222305004395,-0.015566021349956057
75810.021,0.0658708066,0.0503460332000079,-0.0155247733999921
75890.021,0.0658500567,0.050339838587599835,-0.015510218112400172
75970.021,0.0657826066,0.05033366436044099,-0.015448942239559012
76060.021,0.0657477677,0.05032669871673746,-0.015421068983262544
76140.021,0.0657040402,0.050320511287991455,-0.015383528912008539
76220.021,0.0656958893,0.050314304428462735,-0.01538158487153727
76300.021,0.0656150952,0.05030813358637704,-0.015306961613622959
76380.021,0.0656173229,0.0503019196550806,-0.015315403244919396
76460.021,0.065573588,0.05030498382564098,-0.015268604174359025
76540.021,0.0655394942,0.050300229293645776,-0.01523926490635423
76620.021,0.06548094,0.05029193091414192,-0.015189009085858081
76700.021,0.0654564798,0.05028360438006424,-0.015172875419935755
76780.021,0.065400891,0.05027530790446432,-0.015125583095535682
76860.021,0.0653638318,0.05026699369081201,-0.015096838109187986
76950.021,0.0652963817,0.0502576578792736,-0.0150387238207264
77030.021,0.0652533919,0.05024935615308956,-0.015004035746910442
77110.021,0.0652407929,0.05024103771868963,-0.014999755181310366
77190.021,0.0651740879,0.05023274270462995,-0.014941345195370048
77270.021,0.065139994,0.050223577983067674,-0.014916416016932332
77350.021,0.0650962591,0.0502133134085307,-0.0148829456914693
77430.021,0.0650495663,0.050203047976774655,-0.014846518323225345
77510.021,0.0650399327,0.050192772498604,-0.014847160201395995
77590.021,0.064971745,0.05018251978116037,-0.01478922521883963
77670.021,0.0649598837,0.05017223779349009,-0.01478764590650991
77750.021,0.0648939162,0.05016198362393852,-0.01473193257606148
77830.021,0.0648701936,0.05015171536797787,-0.01471847823202213
77920.021,0.0647945926,0.05014018185321904,-0.014654410746780963
78000.021,0.0647693872,0.050130347770632445,-0.014639039429367555
78080.021,0.0647056475,0.05012479407964761,-0.014580853420352397
78160.021,0.0646900833,0.05011922180832648,-0.014570861491673526
78240.021,0.0646263361,0.05011364370501026,-0.014512692394989743
78320.021,0.0645648167,0.05010810247205721,-0.014456714227942792
78400.021,0.0645292401,0.05010253286626457,-0.014426707233735424
78480.021,0.0645010769,0.050096953881967936,-0.01440412301803206
78560.021,0.0644299239,0.05009139309128914,-0.014338530808710864
78640.021,0.0643928647,0.0500858278115386,-0.014307036888461397
78720.021,0.0643535778,0.05008025873945763,-0.014273319060542376
78800.021,0.0643083677,0.05007233246419485,-0.01423603523580514
78890.021,0.0643061399,0.05006174854830615,-0.014244391351693857
78970.021,0.0642194226,0.05005236251461395,-0.014167060085386055
79050.021,0.0641719848,0.05004296364233943,-0.01412902115766057
79130.021,0.0641564205,0.05003354931769074,-0.014122871182309267
79210.021,0.0641052797,0.0500241465999347,-0.014081133100065306
79290.021,0.0640704408,0.0500147476272549,-0.014055693172745104
79370.021,0.0640118867,0.05000535173247866,-0.014006534967521349
79450.021,0.0639377683,0.049995973425973735,-0.013941794874026268
79530.021,0.0639029369,0.04998622396587203,-0.013916712934127967
79610.021,0.0638443828,0.04997542899100008,-0.013868953808999919
79690.021,0.0638006404,0.049964626068089914,-0.013836014331910083
79770.021,0.0637739599,0.04995381870517464,-0.013820141194825358
79860.021,0.0637139231,0.04994166790895409,-0.013772255191045912
79940.021,0.0636790842,0.04993085447617064,-0.013748229723829358
80020.021,0.0635864362,0.04992007814856743,-0.01366635805143257
80100.021,0.0635382608,0.04990928474262838,-0.013628976057371615
80180.021,0.0635078698,0.04989847647808909,-0.013609393321910912
80260.021,0.0634522811,0.04988767794428948,-0.013564603155710515
80340.021,0.0634107739,0.049876608409312455,-0.01353416549068754
80420.021,0.0633774176,0.049865495892800295,-0.013511921707199705
80500.021,0.0633144155,0.049854388385328484,-0.013460027114671515
80580.021,0.0632721707,0.04984327111644368,-0.013428899583556322
80660.021,0.0632180646,0.049832165761153215,-0.013385898838846784
80740.021,0.0631713718,0.049821049843408474,-0.013350321956591527
80830.021,0.0631009564,0.04980856539192245,-0.013292391008077553
80910.021,0.0630490705,0.049797454095459166,-0.013251616404540832
80990.021,0.0630246103,0.049786332968171275,-0.01323827733182873
81070.021,0.0629608706,0.04977471688383383,-0.013186153716166167
81150.021,0.0629045367,0.04976252100664927,-0.013142015693350731
81230.021,0.0628830418,0.04975030670544056,-0.013132735094559436
81310.021,0.0627992898,0.04973812752952441,-0.013061162270475594
81390.021,0.0627688989,0.04972591946216703,-0.013042979437832967
81470.021,0.0627221987,0.049713722245383306,-0.01300847645461669
81550.021,0.0626480803,0.04970153870752902,-0.012946541592470988
81630.021,0.0626110211,0.049689334123135746,-0.012921686976864251
81710.021,0.0625509843,0.04967714759053118,-0.012873836709468824
81800.021,0.0624939092,0.04966362862016076,-0.012830280579839246
81880.021,0.0624412857,0.04965408984141995,-0.012787195858580049
81960.021,0.0624168254,0.04964451515990056,-0.012772310240099442
82040.021,0.0623389967,0.04963498079275749,-0.012704015907242516
82120.021,0.062275257,0.04962543257467555,-0.012649824425324453
82200.021,0.0622293018,0.04961588066825924,-0.012613421131740757
82280.021,0.0622026213,0.04960630475722756,-0.012596316542772434
82360.021,0.0621166416,0.04959677582215253,-0.012519865777847472
82440.021,0.0620610528,0.049587224866312486,-0.012473827933687516
82520.021,0.0620180629,0.04957766842076464,-0.01244039447923536
82600.021,0.0619609915,0.04956609872398615,-0.012394892776013848
82680.021,0.061907623,0.04955282639242031,-0.01235479660757969
82770.021,0.0618431382,0.0495378825669401,-0.012305255633059904
82850.021,0.0618253537,0.049524588078679696,-0.012300765621320306
82930.021,0.0617401116,0.04951131775967921,-0.012228793840320794
83010.021,0.061722327,0.04949802050337322,-0.012224306496626779
83090.021,0.0616244785,0.049484757752288416,-0.012139720747711587
83170.021,0.0615748204,0.04947148478439613,-0.012103335615603873
83250.021,0.0615459122,0.049458195381012426,-0.01208771681898757
83330.021,0.0614806898,0.049444573872265384,-0.012036115927734618
83410.021,0.06141546,0.04942843492297174,-0.011987025077028257
83490.021,0.0613784008,0.04941227560987107,-0.011966125190128934
83570.021,0.0613146611,0.04939612747160533,-0.011918533628394672
83650.021,0.0612701885,0.04937997325762259,-0.011890215242377412
83740.021,0.0611864366,0.04936181505640555,-0.011824621543594448
83820.021,0.0611427017,0.04934567006348121,-0.011797031636518795
83900.021,0.0610700659,0.04932953283904114,-0.01174053306095886
83980.021,0.061057467,0.04931336447066152,-0.011744102529338475
84060.021,0.0609655567,0.04929723346831269,-0.01166832323168731
84140.021,0.0609225668,0.04928310636267141,-0.011639460437328594
84220.021,0.0608551241,0.04926990498715858,-0.011585219112841418
84300.021,0.0608217679,0.04925669918362808,-0.011565068716371918
84380.021,0.0607639514,0.04924350044381518,-0.01152045095618482
84460.021,0.060698729,0.04923030919746459,-0.011468419802535407
84540.021,0.0606572218,0.049217093875395565,-0.011440127924604436
84620.021,0.0606045984,0.04920389144398072,-0.011400706956019281
84710.021,0.0605831034,0.04918904716350217,-0.011394056236497828
84790.021,0.0605334379,0.04917584109017244,-0.011357596809827564
84870.021,0.060481552,0.04916241861516163,-0.011319133384838372
84950.021,0.0604333766,0.049148287697667804,-0.011285088902332194
85030.021,0.0603703745,0.049134164849039035,-0.011236209650960963
85110.021,0.060321454,0.049120028304819895,-0.011201425695180102
85190.021,0.0602517836,0.04910590375353902,-0.011145879846460975
85270.021,0.0602065735,0.04909177909802975,-0.011114794401970246
85350.021,0.0601517223,0.04907764279397957,-0.011074079506020434
85430.021,0.0600931682,0.04906351845877781,-0.01102964974122219
85510.021,0.0600353517,0.049049398153157425,-0.010985953546842578
85600.021,0.0599982925,0.04903349263480858,-0.010964799865191423
85680.021,0.0599360354,0.04902394557847091,-0.010912089821529088
85760.021,0.0598685853,0.04901565727930174,-0.01085292802069826
85840.021,0.0598241128,0.04900735280753552,-0.01081675999246448
85920.021,0.0597588904,0.048999046969710386,-0.010759843430289615
86000.021,0.0597210862,0.04899073713042386,-0.010730349069576144
86080.021,0.0596536361,0.04898243495354076,-0.010671201146459239
86160.021,0.0596195422,0.048969443047416725,-0.010650099152583276
86240.021,0.0595624708,0.04895036565204138,-0.010612105147958621
86320.021,0.0595150329,0.048931281914763966,-0.010583750985236035
86400.021,0.0594572239,0.04891221743839879,-0.010545006461601211
86480.021,0.0593675338,0.04889315477826617,-0.010474379021733829
86570.021,0.0593208335,0.04887169423710256,-0.010449139262897443
86650.021,0.0592541285,0.04885262189053325,-0.010401506609466753
86730.021,0.0592333786,0.04883353067097958,-0.01039984792902042
86810.021,0.0591585152,0.0488144693482566,-0.010344045851743394
86890.021,0.0591118224,0.048795394054802335,-0.010316428345197665
86970.021,0.0590732805,0.04877810591619145,-0.010295174583808547
87050.021,0.0590087958,0.048760882868053565,-0.010247912931946435
87130.021,0.0589480139,0.04874367212913919,-0.010204341770860811
87210.021,0.0589191131,0.04872643657023963,-0.010192676529760372
87290.021,0.0588286854,0.04870923115140356,-0.010119454248596435
87370.021,0.0587738343,0.0486920173692322,-0.010081816930767803
87450.021,0.0587271415,0.048674794407073306,-0.010052347092926697
87540.021,0.058687117,0.048655405427660926,-0.01003171157233907
87620.021,0.0586137362,0.04863818914273648,-0.009975547057263522
87700.021,0.0585633405,0.048619406207635246,-0.009943934292364752
87780.021,0.0585144199,0.048598938319083976,-0.009915481580916027
87860.021,0.0584499352,0.048578484352267144,-0.009871450847732853
87940.021,0.058400277,0.0485580284839091,-0.009842248516090897
88020.021,0.0583469085,0.048537576676926104,-0.009809331823073898
88100.021,0.0582987331,0.04851711329759521,-0.009781619802404787
88180.021,0.0582409091,0.0484966521455009,-0.009744256954499105
88260.021,0.058186803,0.04847619470854638,-0.00971060829145362
88340.021,0.0581386276,0.04845573937832085,-0.009682888221679148
88420.021,0.0580645092,0.048435294063270636,-0.009629215136729367
88510.021,0.058023002,0.04841502405411209,-0.009607977945887906
88590.021,0.0579577722,0.04839734458167642,-0.009560427618323583
88670.021,0.0579318292,0.04837965030403686,-0.009552178895963138
88750.021,0.0578451119,0.048361982480177125,-0.009483129419822878
88830.021,0.0577865578,0.048344303370853735,-0.009442254429146264
88910.021,0.0577428304,0.04832662162445727,-0.00941620877554273
88990.021,0.0577087365,0.048308923128194826,-0.009399813371805177
89070.021,0.0576605536,0.04829122722576341,-0.00936932637423659
89150.021,0.057588663,0.04827354943562723,-0.00931511356437277
89230.021,0.057544928,0.048252581077194406,-0.009292346922805596
89310.021,0.0574900843,0.04822603088617715,-0.009264053413822852
89390.021,0.0574374534,0.048199490435926536,-0.009237962964073462
89480.021,0.0573714934,0.04816963918238634,-0.009201854217613659
89560.021,0.0572914444,0.04814311696243235,-0.009148327437567653
89640.021,0.0572714321,0.04811656132793923,-0.009154870772060765
89720.021,0.0572150983,0.048090028734915156,-0.009125069565084847
89800.021,0.0571298636,0.048063517133060896,-0.009066346466939101
89880.021,0.0571313463,0.04803695959622203,-0.00909438670377797
89960.021,0.0570423938,0.04801044325628339,-0.00903195054371661
90040.021,0.0570290498,0.04799124405855111,-0.009037805741448891
90120.021,0.0569334365,0.04797326681649771,-0.008960169683502286
90200.021,0.056902308,0.047955253105462586,-0.008947054894537412
90280.021,0.0568259619,0.04793727324529197,-0.00888868865470803
90360.021,0.0567829795,0.04791925993895641,-0.008863719561043586
90450.021,0.0567103364,0.04789901220170411,-0.008811324198295889
90530.021,0.0566732772,0.0478810107267136,-0.008792266473286396
90610.021,0.0566384457,0.04786298906101317,-0.00877545663898683
90690.021,0.0565954559,0.047844985594161386,-0.008750470305838615
90770.021,0.056530226,0.04782502953063612,-0.00870519646936388
90850.021,0.0564835332,0.04780141356622895,-0.008682119633771052
90930.021,0.0564279445,0.04777779718179796,-0.008650147318202038
91010.021,0.056353081,0.047754190749477364,-0.008598890250522635
91090.021,0.0563197322,0.04773056900480933,-0.008589163195190673
91170.021,0.0562396832,0.04770696322176738,-0.008532719978232621
91250.021,0.0562285669,0.04768333095647913,-0.00854523594352087
91330.021,0.0561500005,0.04765972039024242,-0.00849028010975758
91420.021,0.0561077483,0.0476331480489997,-0.008474600251000303
91500.021,0.0560284443,0.04760954391744957,-0.008418900382550429
91580.021,0.0559899025,0.047581625128645125,-0.008408277371354876
91660.021,0.0559342988,0.047552791334117946,-0.008381507465882052
91740.021,0.0558794551,0.04752395463437339,-0.008355500465626615
91820.021,0.0558201559,0.047495121198599666,-0.008325034701400336
91900.021,0.0557934754,0.04746627088445904,-0.008327204515540962
91980.021,0.0557208396,0.047437439415310034,-0.008283400184689968
92060.021,0.0556837805,0.047408600421665746,-0.008275180078334256
92140.021,0.0556385629,0.04737975741011513,-0.00825880548988487
92220.021,0.0555837192,0.04735092067944009,-0.008232798520559907
92300.021,0.0555281304,0.04732278567659513,-0.008205344723404867
92390.021,0.0554747619,0.04729517827861298,-0.008179583621387022
92470.021,0.0554213934,0.0472706303403297,-0.008150763059670295
92550.021,0.055360619,0.04724609627341609,-0.00811452272658391
92630.021,0.0553154089,0.04722155425610662,-0.00809385464389338
92710.021,0.0552761219,0.04719700343831263,-0.008079118461687372
92790.021,0.0552138649,0.0471724636398603,-0.008041401260139698
92870.021,0.0551782884,0.0471479108944025,-0.0080303775055975
92950.021,0.0551108383,0.04712336918295128,-0.007987469117048722
93030.021,0.0550708137,0.04709881610291684,-0.007971997597083155
93110.021,0.0550255962,0.04708508136657985,-0.007940514833420148
93190.021,0.0549640842,0.047073606656804934,-0.007890477543195065
93270.021,0.0549099706,0.04704163184853814,-0.00786833875146186
93360.021,0.0548973717,0.04700562662701586,-0.007891745072984145
93440.021,0.054812137,0.04697367011617239,-0.007838466883827604
93520.021,0.0548128746,0.04694166303597681,-0.007871211564023185
93600.021,0.0547506176,0.04690969212618748,-0.007840925473812523
93680.021,0.0547113232,0.04687770169198248,-0.007833621508017523
93760.021,0.0546446182,0.04684572782573056,-0.007798890374269445
93840.021,0.054625351,0.04681373122452266,-0.007811619775477341
93920.021,0.0545608662,0.04678176541389627,-0.007779100786103735
94000.021,0.0545208417,0.04675072144687202,-0.007770120253127982
94080.021,0.0544778518,0.0467202680629363,-0.0077575837370637
94160.021,0.0544400476,0.04668981551256434,-0.007750232087435659
94240.021,0.0543859415,0.04665936367698651,-0.007726577823013489
94330.021,0.0543436967,0.04662507942528327,-0.0077186172747167325
94410.021,0.0542562343,0.04659465608056078,-0.007661578219439219
94490.021,0.0542391874,0.04656418879185406,-0.007674998608145939
94570.021,0.0541895293,0.046533738350641424,-0.0076557909493585735
94650.021,0.054164324,0.04650326061429016,-0.007661063385709842
94730.021,0.0541072525,0.046472498464449945,-0.0076347540355500565
94810.021,0.0540650077,0.04643713836327899,-0.007627869336721008
94890.021,0.0540435128,0.04640176643725874,-0.0076417463627412585
94970.021,0.0539819933,0.046366419687863356,-0.007615573612136647
95050.021,0.0539278872,0.04633106996286815,-0.007596817237131855
95130.021,0.0539071299,0.04629570312449388,-0.007611426775506122
95220.021,0.0538685881,0.04625592951582648,-0.007612658584173523
95300.021,0.0538300462,0.04622056585232384,-0.0076094803476761605
95380.021,0.0537855737,0.046185211494652635,-0.0076003622053473635
95460.021,0.0537596308,0.046149836386971975,-0.0076097944130280246
95540.021,0.0536907054,0.0461147967627716,-0.007575908637228394
95620.021,0.0536610521,0.04608004316858378,-0.007581008931416222
95700.021,0.0536277033,0.04604529416114433,-0.007582409138855675
95780.021,0.0535898991,0.04601053417621009,-0.007579364923789911
95860.021,0.0535669215,0.04597577100066928,-0.0075911504993307205
95940.021,0.0535231866,0.045941016331902604,-0.007582170268097398
96020.021,0.053482417,0.04590626499042369,-0.007576152009576308
96100.021,0.0534453578,0.045871503233656956,-0.007573854566343047
96190.021,0.0534001477,0.04583240010136241,-0.0075677475986375906
96270.021,0.0533831008,0.04579765048507417,-0.007585450314925829
96350.021,0.0533616059,0.045790943077130004,-0.007570662822869993
96430.021,0.0533119477,0.04575022992285575,-0.007561717777144254
96510.021,0.0532882251,0.045709500181185574,-0.007578724918814429
96590.021,0.0532511659,0.045668783652973305,-0.007582382247026696
96670.021,0.0532074384,0.04562807092719634,-0.007579367472803661
96750.021,0.0531733446,0.04558734108354438,-0.007586003516455615
96830.021,0.053145919,0.04554661384396753,-0.007599305156032472
96910.021,0.0531184934,0.04550588280313515,-0.007612610596864848
96990.021,0.0530851372,0.04546515457610776,-0.007619982623892241
97070.021,0.0530606844,0.04542441690840134,-0.00763626749159866
97160.021,0.0530117638,0.04537803839351525,-0.0076337254064847496
97240.021,0.0529954545,0.04533638334485213,-0.00765907115514787
97320.021,0.0529583953,0.04529473949328954,-0.007663655806710461
97400.021,0.0529376455,0.045253079375770784,-0.007684566124229214
97480.021,0.0529050343,0.045211427614691574,-0.007693606685308427
97560.021,0.0528738983,0.045169772908654024,-0.007704125391345976
97640.021,0.0528509207,0.045128115119131916,-0.007722805580868082
97720.021,0.0528168269,0.04508646468185303,-0.00773036221814697
97800.021,0.052787181,0.045044807168070036,-0.007742373831929966
97880.021,0.0527382605,0.045003158641718416,-0.007735101858281586
97960.021,0.0527308472,0.04495714762985639,-0.007773699570143608
98040.021,0.0526848994,0.044910687939276314,-0.0077742114607236845
98130.021,0.0526515432,0.04485842952096037,-0.007793113679039627
98210.021,0.0526411645,0.04481195010271532,-0.007829214397284678
98290.021,0.0526048504,0.04476548404804065,-0.007839366351959351
98370.021,0.0525811277,0.04471901580047659,-0.007862111899523412
98450.021,0.0525507443,0.044672545022007785,-0.007878199277992215
98530.021,0.0525285043,0.04462607651248264,-0.00790242778751736
98610.021,0.0525114574,0.04457958853028378,-0.007931868869716224
98690.021,0.0524603166,0.044533218261693916,-0.007927098338306085
98770.021,0.0524684675,0.044486996807385104,-0.007981470692614893
98850.021,0.0524054654,0.04444082404101853,-0.007964641358981464
98930.021,0.0523958318,0.044394626720405644,-0.008001205079594356
99010.021,0.0523787849,0.04434841978818484,-0.008030365111815166
99100.021,0.0523691513,0.04429642727833318,-0.008072724021666818
99180.021,0.052322451,0.0442502322709968,-0.008072218729003197
99260.021,0.0523343123,0.044204006865500536,-0.008130305434499462
99340.021,0.052322451,0.04415777476459457,-0.008164676235405427
99420.021,0.0522987358,0.04411095874599982,-0.00818777705400018
99500.021,0.0522579588,0.04405631889973692,-0.008201639900263076
99580.021,0.0522275753,0.04400167841939057,-0.008225896880609429
99660.021,0.0521964394,0.04394704095362938,-0.008249398446370626
99740.021,0.0522134937,0.04389235352788486,-0.00832114017211514
99820.021,0.0521571599,0.04383772446759199,-0.008319435432408012
99900.021,0.0521571599,0.043783057564355,-0.008374102335645
99980.021,0.052126769,0.04372841301372959,-0.008398355986270416
100070.021,0.0520934202,0.04366691867034767,-0.008426501529652325
100150.021,0.0520963781,0.04361224027081405,-0.008484137829185952
100230.021,0.0520608015,0.043557447261545805,-0.008503354238454192
100310.021,0.0520556159,0.04350246473422643,-0.00855315116577357
100390.021,0.0520326383,0.04344750076078165,-0.00858513753921835
100470.021,0.0520089231,0.0433925303994704,-0.0086163927005296
100550.021,0.0519896485,0.043337552080503085,-0.008652096419496914
100630.021,0.0519770496,0.04328255987698161,-0.008694489723018388
100710.021,0.05195852,0.04322757889032165,-0.008730941109678349
100790.021,0.0519466586,0.04317258755750801,-0.00877407104249199
100870.021,0.0519266464,0.043117599522890515,-0.008809046877109483
100950.021,0.0519221984,0.043062587625664006,-0.008859610774335995
101040.021,0.0519029312,0.042999101818991796,-0.008903829381008206
101120.021,0.0518851392,0.04294220141118614,-0.00894293778881386
101200.021,0.0518584587,0.04288529340566816,-0.008973165294331842
101280.021,0.0518354811,0.04282840066323837,-0.009007080436761628
101360.021,0.0518369637,0.04277148235617768,-0.009065481343822325
101440.021,0.0518139862,0.042714566688080616,-0.009099419511919386
101520.021,0.0518088005,0.0426576455968745,-0.0091511549031255
101600.021,0.0517821126,0.042600726460417744,-0.009181386139582255
101680.021,0.0517709963,0.04254380651577207,-0.00922718978422793
101760.021,0.0517613627,0.0424864200879147,-0.0092749426120853
101840.021,0.0517457984,0.04242493363516158,-0.00932086476483842
101920.021,0.0517391302,0.042363448446829405,-0.009375681753170592
102010.021,0.0517139249,0.042294274824788536,-0.009419650075211464
102090.021,0.0517013259,0.04223278033569568,-0.00946854556430432
102170.021,0.0516642667,0.04217129871507435,-0.009492967984925653
102250.021,0.051693175,0.04210976866373988,-0.00958340633626012
102330.021,0.0516509227,0.04204828770913234,-0.009602634990867658
102410.021,0.0516768657,0.04198674769081573,-0.009690118009184269
102490.021,0.0516257249,0.04192525987706171,-0.009700465022938295
102570.021,0.0516524054,0.041858194185728184,-0.009794211214271813
102650.021,0.0516279452,0.04178898666515432,-0.009838958534845677
102730.021,0.0516020022,0.041719792584045505,-0.009882209615954492
102810.021,0.0516212769,0.04165055425167177,-0.009970722648328226
102890.021,0.051608678,0.04158132522178518,-0.010027352778214815
102980.021,0.0515760668,0.041503459759061515,-0.010072607040938486
103060.021,0.0515516065,0.041434250390347566,-0.010117356109652434
103140.021,0.0515642054,0.04136501225178498,-0.010199193148215019
103220.021,0.0515456758,0.041295780224464056,-0.010249895575535947
103300.021,0.0515360422,0.041226237049598415,-0.010309805150401585
103380.021,0.0515501238,0.04115340706657791,-0.010396716733422087
103460.021,0.0515219606,0.04108059006015619,-0.010441370539843807
103540.021,0.051484894,0.041007791518116884,-0.010477102481883119
103620.021,0.0515278839,0.04093493273568218,-0.01059295116431782
103700.021,0.0514811911,0.04086212241429758,-0.010619068685702414
103780.021,0.0514693297,0.04078929956314042,-0.01068003013685958
103860.021,0.0514693297,0.040716459194759795,-0.010752870505240202
103950.021,0.0514789708,0.04063449463648647,-0.010844476163513535
104030.021,0.0514574759,0.04056162989313155,-0.010895846006868451
104110.021,0.0514633991,0.04048811314875578,-0.010975285951244224
104190.021,0.0514530279,0.0404138069843798,-0.011039220915620193
104270.021,0.0514307879,0.04033948637052835,-0.011091301529471645
104350.021,0.051427085,0.040265163818520466,-0.011161921181479531
104430.021,0.0514278226,0.04019082695599701,-0.01123699564400299
104510.021,0.0514167063,0.040116486300099126,-0.01130021999990087
104590.021,0.051414486,0.04004214698141559,-0.011372339018584414
104670.021,0.0513863154,0.03996782379535291,-0.011418491604647092
104750.021,0.0513929911,0.03989346788751196,-0.011499523212488039
104840.021,0.0513677858,0.039809822485069375,-0.011557963314930628
104920.021,0.0513952114,0.039731422845674,-0.011663788554326003
105000.021,0.0513892807,0.03965203637307856,-0.011737244326921435
105080.021,0.0513685308,0.039572652023345666,-0.011795878776654334
105160.021,0.0513640828,0.039493249710763116,-0.011870833089236886
105240.021,0.0513336919,0.03941387314544669,-0.011919818754553307
105320.021,0.051338885,0.039334476791838144,-0.012004408208161857
105400.021,0.0513359196,0.03925506453529043,-0.012080855064709572
105480.021,0.0513203554,0.03917565618291782,-0.01214469921708218
105560.021,0.0513514839,0.03909619693053194,-0.012255286969468059
105640.021,0.0513359196,0.03901673646825677,-0.012319183131743232
105720.021,0.0513203554,0.03893682281461803,-0.012383532585381975
105810.021,0.0513314717,0.038846877187584554,-0.012484594512415445
105890.021,0.051316645,0.03876694404945796,-0.012549700950542038
105970.021,0.0513144247,0.03867976979761755,-0.012634654902382449
106050.021,0.0513225757,0.038591323519804585,-0.012731252180195413
106130.021,0.0513188727,0.03850287490304115,-0.012815997796958849
106210.021,0.0513151623,0.038414405153598084,-0.012900757146401917
106290.021,0.0512892194,0.038325967515753644,-0.012963251884246359
106370.021,0.0513010807,0.03823746913726613,-0.01306361156273387
106450.021,0.0513159074,0.038148968532708584,-0.013166938867291415
106530.021,0.0512929298,0.03806047862123216,-0.01323245117876784
106610.021,0.0512647666,0.03797199580515707,-0.01329277079484293
106690.021,0.0512869991,0.03788321725321135,-0.01340378184678865
106780.021,0.0512580909,0.03777937285508568,-0.013478718044914316
106860.021,0.051245492,0.03768708190471644,-0.013558410095283559
106940.021,0.0512499399,0.03759476063114957,-0.013655179268850431
107020.021,0.0512692071,0.03750238422940175,-0.013766822870598251
107100.021,0.0512558706,0.03741002699460018,-0.013845843605399824
107180.021,0.051236596,0.03731766770401063,-0.013918928295989369
107260.021,0.0512306653,0.03722528397102048,-0.014005381328979521
107340.021,0.0512277,0.037132900827897344,-0.014094799172102657
107420.021,0.0512262173,0.037040513039464346,-0.014185704260535656
107500.021,0.0512262173,0.0369439826993563,-0.0142822346006437
107580.021,0.0512254797,0.03684141710615547,-0.014384062593844532
107660.021,0.0512158461,0.03673882218688011,-0.014477023913119884
107750.021,0.0512202941,0.03662339918253208,-0.01459689491746792
107830.021,0.0512121357,0.036520784841191416,-0.014691350858808586
107910.021,0.0512032472,0.036418152963207474,-0.014785094236792529
107990.021,0.0512025021,0.03631550692460347,-0.01488699517539653
108070.021,0.0511965714,0.036212854845503316,-0.014983716554496686
108150.021,0.0512039848,0.03611016426245209,-0.01509382053754791
108230.021,0.0511973165,0.03600748054326772,-0.015189835956732282
108310.021,0.0511973165,0.03591053388691253,-0.015286782613087468
108390.021,0.0511987992,0.03581562296148541,-0.015383176238514588
108470.021,0.0511891581,0.035720689884752535,-0.015468468215247465
108550.021,0.0511691459,0.035625773359887314,-0.015543372540112683
108630.021,0.0512039848,0.035530777417893816,-0.01567320738210618
108720.021,0.0511980541,0.035418043316692835,-0.015780010783307166
108800.021,0.0511847176,0.035306376660796494,-0.015878340939203504
108880.021,0.0511958338,0.035194673041429037,-0.016001160758570963
108960.021,0.0511936061,0.035082950823702934,-0.016110655276297063
109040.021,0.0511647053,0.03497124249390924,-0.016193462806090762
109120.021,0.051148396,0.03485951500555626,-0.01628888099444374
109200.021,0.0511498787,0.034747771648052254,-0.016402107051947744
109280.021,0.0511691459,0.03463598943212434,-0.016533156467875655
109360.021,0.0511328317,0.03452421705074653,-0.01660861464925347
109440.021,0.0511506163,0.0344124037710024,-0.016738212528997598
109520.02100000001,0.0511676632,0.0342983381575041,-0.0168693250424959
109600.02100000001,0.0511543266,0.034182460041777704,-0.016971866558222297
109690.02100000001,0.051130604,0.034052089141500146,-0.017078514858499858
109770.02100000001,0.0511395,0.033936166282621014,-0.017203333717378984
109850.02100000001,0.0511491336,0.03382019412329402,-0.017328939476705982
109930.02100000001,0.0511609949,0.03370417924746479,-0.017456815652535207
110010.02100000001,0.0511476509,0.03358815777431469,-0.017559493125685312
110090.02100000001,0.0511328317,0.033472122527674064,-0.017660709172325935
110170.02100000001,0.0511587746,0.033356032437336196,-0.017802742162663802
110250.02100000001,0.0511068888,0.033240000278366884,-0.017866888521633116
110330.02100000001,0.0511076264,0.03311470862847585,-0.017992917771524154
110410.02100000001,0.0511335693,0.032987950103217874,-0.018145619196782127
110490.02100000001,0.0511024408,0.03286123800142374,-0.018241202798576266
110570.02100000001,0.0511239357,0.03273443424552167,-0.018389501454478326
110660.02100000001,0.0511291213,0.03259174117096566,-0.018537380129034338
110740.02100000001,0.0510876141,0.03246492396937789,-0.018622690130622108
110820.02100000001,0.0510994755,0.03233804554174048,-0.018761429958259516
110900.02100000001,0.0511039235,0.03221112615135312,-0.018892797348646885
110980.02100000001,0.0510868765,0.03208419215044624,-0.01900268434955376
111060.02100000001,0.0511017032,0.03195792983584835,-0.01914377336415165
111140.02100000001,0.0510779805,0.031834983946022945,-0.019242996553977057
111220.02100000001,0.0510957725,0.03171193828364399,-0.019383834216356005
111300.02100000001,0.051064644,0.03158891609543332,-0.019475727904566677
111380.02100000001,0.0510942899,0.031465778915722345,-0.019628510984277654
111460.02100000001,0.0510705672,0.03134265614954531,-0.01972791105045469
111540.02100000001,0.0510727949,0.031211781637117724,-0.01986101326288228
111630.02100000001,0.051059451,0.03104391893831233,-0.020015532061687668
111710.02100000001,0.0510542654,0.03089465453863384,-0.02015961086136616
111790.02100000001,0.0510335006,0.030745366457220247,-0.02028813414277975
111870.02100000001,0.0510527827,0.030596012064604758,-0.020456770635395242
111950.02100000001,0.0510587133,0.030446570912878945,-0.020612142387121057
112030.02100000001,0.0510372184,0.030297154119479298,-0.020740064280520703
112110.02100000001,0.0510542654,0.030147628126582605,-0.020906637273417395
112190.02100000001,0.0510483347,0.02999809334149723,-0.021050241358502773
112270.02100000001,0.051055748,0.029848457400547368,-0.02120729059945263
112350.02100000001,0.051046852,0.029699287463592218,-0.02134756453640778
112430.02100000001,0.0510312803,0.02955042059591386,-0.02148085970408614
112510.02100000001,0.0510097854,0.02940152655874931,-0.02160825884125069
112600.02100000001,0.0510394387,0.029233871986390863,-0.02180556671360914
112680.02100000001,0.0510438867,0.02908478313865468,-0.021959103561345318
112760.02100000001,0.0510120057,0.028935691024403715,-0.022076314675596287
112840.02100000001,0.0509868078,0.02878655723373152,-0.022200250566268478
112920.02100000001,0.051020164,0.028637273918672778,-0.022382890081327222
113000.02100000001,0.0510016344,0.028487965785702517,-0.022513668614297485
113080.02100000001,0.0509742089,0.028338621637223893,-0.022635587262776105
113160.02100000001,0.0509764291,0.028175134377372135,-0.022801294722627864
113240.02100000001,0.0509845875,0.02801006677956129,-0.022974520720438707
113320.02100000001,0.0509971865,0.027844880930330673,-0.023152305569669327
113400.02100000001,0.0509623475,0.027679704061407833,-0.023282643438592165
113480.02100000001,0.0509897731,0.02751437263555974,-0.023475400464440264
113570.02100000001,0.0509601273,0.027328364658841177,-0.02363176264115882
113650.02100000001,0.0509986691,0.027162849586187594,-0.023835819513812403
113730.02100000001,0.0509393699,0.026997352959014433,-0.02394201694098557
113810.02100000001,0.0509727262,0.026831677322470632,-0.024141048877529367
113890.02100000001,0.0509630926,0.026667787360859042,-0.02429530523914096
113970.02100000001,0.0509519689,0.026511124235359694,-0.024440844664640304
114050.02100000001,0.050930474,0.026354381248107416,-0.024576092751892587
114130.02100000001,0.0509593822,0.026172731731492323,-0.024786650468507677
114210.02100000001,0.0509238057,0.02599084472155455,-0.024932960978445447
114290.02100000001,0.0509386323,0.025808801560701006,-0.025129830739298996
114370.02100000001,0.0508934148,0.025626710352135366,-0.025266704447864635
114460.02100000001,0.0509119444,0.025421654701908287,-0.025490289698091712
114540.02100000001,0.0508971252,0.025239278691907556,-0.02565784650809244
114620.02100000001,0.0509260334,0.025056733899495563,-0.02586929950050444
114700.02100000001,0.0509037934,0.024874062902306416,-0.026029730497693585
114780.02100000001,0.0509141721,0.024691229818362387,-0.026222942281637615
114860.02100000001,0.0508904494,0.024507082034565638,-0.026383367365434365
114940.02100000001,0.0509104617,0.024319643180491634,-0.026590818519508366
115020.02100000001,0.0508667342,0.024132107063447213,-0.026734627136552787
115100.02100000001,0.0509030558,0.0239443329299946,-0.0269587228700054
115180.02100000001,0.0508845262,0.02375642160846411,-0.027128104591535893
115260.02100000001,0.0508489497,0.023568397159144744,-0.027280552540855256
115340.02100000001,0.0508393086,0.02338017803997946,-0.027459130560020542
115430.02100000001,0.0508267097,0.02316822134024059,-0.02765848835975941
115510.02100000001,0.050838571,0.022979565171139544,-0.027859005828860455
115590.02100000001,0.0508356057,0.022790662102869463,-0.02804494359713054
115670.02100000001,0.0508155935,0.022593444378920573,-0.028222149121079426
115750.02100000001,0.0508052148,0.02238992807761245,-0.028415286722387547
115830.02100000001,0.0508445017,0.022186066530512232,-0.02865843516948777
115910.02100000001,0.0508074425,0.02198203069599061,-0.028825411804009392
115990.02100000001,0.0507837199,0.02177774325825455,-0.029005976641745455
116070.02100000001,0.0508326404,0.021573083328307176,-0.02925955707169282
116150.02100000001,0.0508000292,0.021368196482217768,-0.02943183271778223
116230.02100000001,0.0507829823,0.021163034326548695,-0.029619947973451306
116310.02100000001,0.0507933535,0.020957500799032868,-0.02983585270096713
116400.02100000001,0.0507703759,0.020718287579831237,-0.03005208832016876
116480.02100000001,0.0507837199,0.02049026185432731,-0.030293458045672694
116560.02100000001,0.0507881679,0.02026184593668179,-0.03052632196331821
116640.02100000001,0.0507807545,0.020033041273288445,-0.030747713226711552
116720.02100000001,0.0507607423,0.01980384671118176,-0.030956895588818242
116800.02100000001,0.05074073,0.019574217585453763,-0.031166512414546235
116880.02100000001,0.050731834,0.01934413901103723,-0.031387694988962773
116960.02100000001,0.0507199802,0.01911356862308591,-0.03160641157691409
117040.02100000001,0.0507177524,0.018882433792963286,-0.031835318607036714
117120.02100000001,0.0507184975,0.018650710304469756,-0.032067787195530245
117200.02100000001,0.0507251658,0.018411818669159804,-0.03231334713084019
117280.02100000001,0.0506844036,0.018165963056217208,-0.03251844054378279
117370.02100000001,0.0507229455,0.017888425255586097,-0.0328345202444139
117450.02100000001,0.0506755076,0.017641059195707076,-0.033034448404292927
117530.02100000001,0.050660681,0.017392878124882327,-0.03326780287511767
117610.02100000001,0.0506584607,0.017143841980739493,-0.03351461871926051
117690.02100000001,0.0506895892,0.016893772642449893,-0.03379581655755011
117770.02100000001,0.0506717972,0.01664273857306092,-0.034029058626939085
117850.02100000001,0.0506414138,0.016390698798374473,-0.03425071500162553
117930.02100000001,0.0506325178,0.016137472330481555,-0.03449504546951844
118010.02100000001,0.0506584607,0.015876664472428848,-0.034781796227571146
118090.02100000001,0.0506184362,0.01561284233804372,-0.03500559386195628
118170.02100000001,0.0506206565,0.015347477246136484,-0.035273179253863515
118250.02100000001,0.0505939759,0.01508044498070237,-0.035513530919297626
118340.02100000001,0.0506265871,0.01477765726959783,-0.03584892983040217
118420.02100000001,0.0506214015,0.014506324596403889,-0.03611507690359611
118500.02100000001,0.0505717434,0.014223272262606373,-0.03634847113739363
118580.02100000001,0.0505732186,0.013922284616755345,-0.03665093398324465
118660.02100000001,0.0505658127,0.01361839406186084,-0.036947418638139155
118740.02100000001,0.0505895279,0.013311042063147984,-0.03727848583685202
118820.02100000001,0.050585825,0.012999910740022233,-0.037585914259977767
118900.02100000001,0.0505406074,0.012684613790054991,-0.03785599360994501
118980.02100000001,0.0505672954,0.012364188122584645,-0.038203107277415355
119060.02100000001,0.0505517311,0.012037986319958503,-0.03851374478004149
119140.02100000001,0.0505124442,0.011704966252652856,-0.038807477947347145
119220.02100000001,0.0505480208,0.011363609415004994,-0.03918441138499501
119310.02100000001,0.0504991002,0.010963031350048759,-0.03953606884995124
119390.02100000001,0.0504902117,0.010590677954445392,-0.03989953374555461
119470.02100000001,0.0504939146,0.010202478578068445,-0.040291436021931554
119550.02100000001,0.0504716821,0.009794063837784975,-0.040677618262215026
119630.02100000001,0.050466489,0.009358714202585054,-0.04110777479741495
119710.02100000001,0.0504494421,0.008886287621811132,-0.04156315447818887
119790.02100000001,0.0504805706,0.008359999595568414,-0.04212057100443159
119870.02100000001,0.0504368432,0.0077508191654094725,-0.04268602403459053
119950.02100000001,0.0504479595,0.006999417617636221,-0.04344854188236378
120030.02100000001,0.0504309125,0.0059531311199185815,-0.04447778138008142
