time_s,voltage_exp_V,voltage_sim_V,residual_V
0.0,0.1100081354,0.11565904325884088,0.005650907858840884
70.0,0.1110087186,0.11663309851529834,0.005624379915298336
140.0,0.1116424352,0.11690975261033844,0.005267317410338437
220.0,0.1121872067,0.1172027195457663,0.005015512845766304
290.0,0.1125911474,0.11727026380854527,0.004679116408545278
370.0,0.1129839867,0.11736764084900725,0.004383654149007252
440.0,0.1132937968,0.11744756375166664,0.0041537669516666376
510.0,0.1135895252,0.11738777734899142,0.0037982521489914184
590.0,0.1138600558,0.11733169539438998,0.0034716395943899803
660.0,0.1140950322,0.11729063550484312,0.0031956033048431143
740.0,0.1143173873,0.1172506569023432,0.0029332696023431915
810.0,0.1145100892,0.1172205463107962,0.002710457110796205
890.0,0.1146813035,0.11718224535029068,0.0025009418502906777
960.0,0.1148287952,0.11709200619827986,0.002263210998279863
1030.0,0.1149399728,0.11700566119563163,0.0020656883956316346
1110.0,0.1150837541,0.11691108409385045,0.001827329993850449
1180.0,0.1151356399,0.11683139428456293,0.0016957543845629308
1260.0,0.1152364463,0.11674348488748507,0.0015070385874850628
1330.0,0.1152727753,0.11666389510746894,0.0013911198074689352
1410.0,0.1153468937,0.11656716567097808,0.0012202719709780846
1480.0,0.115393579,0.11648459361005045,0.0010910146100504559
1550.0,0.1153735667,0.11640365786702564,0.0010300911670256402
1630.0,0.1154165566,0.1163131806582218,0.000896624058221801
1700.0,0.1154069304,0.11623544312498803,0.0008285127249880314
1780.0,0.1153965443,0.11614816684666604,0.0007516225466660392
1850.0,0.1153794974,0.11607309361350676,0.0006935962135067586
1920.0,0.1153239161,0.1159989911170719,0.0006750750170718967
2000.0,0.1153090894,0.11591562696371399,0.0006065375637139964
2070.0,0.1152890772,0.11585100695369832,0.0005619297536983148
2150.0,0.1152119786,0.11578015464271549,0.0005681760427154875
2220.0,0.115163058,0.11571898256704397,0.0005559245670439666
2300.0,0.1150985807,0.11564986894413926,0.0005512882441392614
2370.0,0.1150644869,0.1155900935315825,0.0005256066315825064
2440.0,0.1150103807,0.1155308710114215,0.0005204903114214982
2520.0,0.1149755418,0.11546388762930107,0.0004883458293010734
2590.0,0.114906624,0.11540574267903259,0.0004991186790325869
2670.0,0.1148577034,0.11533992324197687,0.0004822198419768692
2740.0,0.1147813648,0.1152827538374244,0.0005013890374244018
2820.0,0.1147576421,0.11522209563632788,0.00046445353632787456
2890.0,0.1146798134,0.11517178580710807,0.0004919724071080767
2960.0,0.1146301627,0.11512187631192589,0.0004917136119258897
3040.0,0.1145901382,0.11506527591240041,0.0004751377124004169
3110.0,0.114544183,0.11501603520528916,0.0004718522052891694
3190.0,0.1144826561,0.11496013841567776,0.000477482315677763
3260.0,0.1144337505,0.11491151297677442,0.0004777624767744182
3330.0,0.1143877953,0.11486314052034201,0.00047534522034201054
3410.0,0.1143196076,0.1148081773783955,0.000488569778395509
3480.0,0.1142536402,0.11476029915721479,0.0005066589572147867
3560.0,0.1142047197,0.11473664437206936,0.0005319246720693616
3630.0,0.1141357869,0.11471807065939389,0.0005822837593938979
3710.0,0.1141076237,0.11467470119310284,0.0005670774931028494
3780.0,0.1140727848,0.11463693085502598,0.0005641460550259852
3850.0,0.1140127629,0.11459931753795034,0.0005865546379503483
3930.0,0.1139801443,0.11455654330506632,0.0005763990050663137
4000.0,0.1139490157,0.11451931502570944,0.0005702993257094419
4080.0,0.1138711721,0.11447686951987461,0.0006056974198746096
4150.0,0.1138222516,0.11443991545206658,0.0006176638520665884
4230.0,0.1137881577,0.11439790315392165,0.0006097454539216451
4300.0,0.1137340516,0.11436122677284902,0.0006271751728490205
4370.0,0.1137029231,0.1143258044353649,0.0006228813353648943
4450.0,0.1136740297,0.11429041733523654,0.0006163876352365399
4520.0,0.1136213988,0.11425953531875008,0.000638136518750082
4600.0,0.1135798991,0.11422440868721241,0.0006445095872124051
4670.0,0.1135687828,0.11419382295564151,0.0006250401556415069
4750.0,0.1135035455,0.11415890583197762,0.0006553603319776197
4820.0,0.1135065109,0.1141285537163812,0.000622042816381202
4890.0,0.1134709418,0.11409823947315059,0.0006272976731505897
4970.0,0.1133946031,0.11406364685447828,0.0006690437544782796
5040.0,0.1133605093,0.11403354007479097,0.0006730307747909725
5120.0,0.1133278906,0.11399922677321744,0.0006713361732174489
5190.0,0.1133145541,0.11397130745853329,0.0006567533585332824
5260.0,0.113322705,0.11394517599369358,0.0006224709936935857
5340.0,0.1132723093,0.1139153752918277,0.0006430659918277015
5410.0,0.1132285744,0.11388936657759752,0.0006607921775975134
5490.0,0.1132293195,0.11385976911697254,0.0006304496169725476
5560.0,0.1131500155,0.1138339095490787,0.0006838940490786899
5640.0,0.1131692827,0.11380448747607422,0.0006352047760742191
5710.0,0.113101095,0.11377879347299372,0.000677698472993718
5780.0,0.1130803376,0.1137531714023973,0.0006728338023972991
5860.0,0.1130543947,0.11372396689933467,0.000669572199334667
5930.0,0.1130284518,0.11369845346209058,0.0006700016620905802
6010.0,0.1129921377,0.11368066360641502,0.0006885259064150218
6080.0,0.1129654646,0.11366861719805911,0.0007031525980591147
6160.0,0.1129254401,0.1136549417702635,0.0007295016702635049
6230.0,0.1129017174,0.11364303105325163,0.0007413136532516268
6300.0,0.1128750294,0.11363116067109552,0.0007561312710955281
6380.0,0.1128772497,0.11361769159897997,0.0007404418989799683
6450.0,0.1128424257,0.11360592852074405,0.0007635028207440553
6530.0,0.1128439009,0.11359259059866972,0.0007486896986697161
6600.000999999989,0.1128016561,0.11358091757840674,0.0007792614784067481
6670.000999999989,0.1128031462,0.11356932003997029,0.0007661738399702966
6750.000999999989,0.1127801687,0.11355524418651064,0.0007750754865106374
6820.000999999989,0.1127312481,0.11353751654902464,0.0008062684490246358
6900.000999999989,0.1127186418,0.11351734459920065,0.0007987027992006485
6970.000999999989,0.1126897335,0.11349972349316614,0.0008099899931661436
7050.000999999989,0.1127060503,0.11347969156475837,0.0007736412647583735
7120.000999999989,0.1126549095,0.11346212034330186,0.0008072108433018615
7190.000999999989,0.112667501,0.11344468319715775,0.0007771821971577497
7270.000999999989,0.1126356274,0.11342474162760932,0.0007891142276093277
7340.000999999989,0.1125941128,0.11340731329890072,0.0008132004989007124
7420.000999999989,0.1126163602,0.11338752314385195,0.0007711629438519468
7490.000999999989,0.1125659496,0.11337016285769785,0.0008042132576978472
7570.000999999989,0.1125489026,0.11335016313882396,0.0008012605388239558
7640.000999999989,0.1125703901,0.11333236359787907,0.0007619734978790704
7710.000999999989,0.1125185192,0.11331454164939225,0.000796022449392253
7790.000999999989,0.1125237048,0.11329425464327102,0.0007705498432710178
7860.000999999989,0.1125022024,0.11327652593478563,0.0007743235347856259
7940.000999999989,0.1124992371,0.1132563062865547,0.0007570691865547013
8010.000999999989,0.1125140637,0.1132386518257672,0.0007245881257672004
8090.000999999989,0.1124666333,0.1132184906753417,0.0007518573753417107
8160.000999999989,0.1124821901,0.11320091899176617,0.0007187288917661627
8230.00099999999,0.1124703288,0.11318335372920224,0.0007130249292022356
8310.00099999999,0.1124532819,0.11316331684665445,0.0007100349466544614
8380.00099999999,0.1124103069,0.1131491664864267,0.0007388595864266934
8460.00099999999,0.1123977005,0.1131359429205333,0.0007382424205333027
8530.00099999999,0.1124140024,0.11312442461387438,0.0007104222138743788
8600.00099999999,0.1124221534,0.1131129103191646,0.0006907569191645924
8680.00099999999,0.1124065965,0.1130997892750823,0.0006931927750822992
8750.00099999999,0.1123636067,0.11308830059527697,0.000724693895276976
8830.00099999999,0.1123406291,0.11307523041797105,0.0007346013179710398
8900.00099999999,0.1123717576,0.11306386008054722,0.000692102480547227
8980.00099999999,0.1123228371,0.11305082487805615,0.0007279877780561467
9050.00099999999,0.1123102456,0.1130394615681144,0.0007292159681143995
9120.00099999999,0.1123339534,0.11302816597852154,0.0006942125785215358
9200.00099999999,0.1122657657,0.11301492038189084,0.0007491546818908373
9270.00099999999,0.112268731,0.1130033256494232,0.0007345946494232009
9350.00099999999,0.1122739166,0.11299010758612206,0.0007161909861220644
9420.00099999999,0.1122657657,0.11297854171487234,0.0007127760148723378
9500.00099999999,0.1122650355,0.11296537597902837,0.0007003404790283663
9570.00099999999,0.1122309417,0.11295384298312008,0.000722901283120081
9640.00099999999,0.1121872067,0.11294234623389152,0.0007551395338915162
9720.00099999999,0.1121864617,0.11292923688885616,0.000742775188856154
9790.00099999999,0.1121612638,0.11291777942625707,0.0007565156262570732
9870.00099999999,0.1121568233,0.11290471703112318,0.0007478937311231754
9940.00099999999,0.1121560782,0.1128933468024721,0.0007372686024720992
10010.00099999999,0.1121575534,0.11288881400770863,0.0007312606077086309
10090.00099999999,0.1121108681,0.1128836170752575,0.0007727489752575034
10160.00099999999,0.1121434718,0.11287914515749439,0.0007356733574943874
10240.00099999999,0.112136066,0.11287402005010197,0.0007379540501019632
10310.00099999999,0.1120856702,0.11286950729524556,0.000783837095245557
10390.00099999999,0.1120893657,0.11286443678948418,0.0007750710894841861
10460.00099999999,0.1120960414,0.11286003029844252,0.0007639888984425219
10530.00099999999,0.1120626926,0.11285559301988166,0.0007929004198816564
10610.00099999999,0.1120441556,0.11285057518186756,0.0008064195818675568
10680.00099999999,0.1120678782,0.11284621710421094,0.0007783389042109456
10760.00099999999,0.1120560169,0.1128388326144913,0.0007828157144913056
10830.00099999999,0.1120404452,0.11283114337139892,0.0007906981713989153
10910.00099999999,0.1120159924,0.11282237813868043,0.0008063857386804291
10980.00099999999,0.1120130271,0.11281473082457108,0.0008017037245710845
11050.00099999999,0.1120115519,0.11280710472347318,0.0007955528234731696
11130.00099999999,0.1120226681,0.1127984002019362,0.0007757321019361968
11200.00099999999,0.1120189577,0.11279080787300333,0.0007718501730033245
11280.00099999999,0.1120048761,0.1127821272538364,0.0007772511538364085
11350.00099999999,0.1119930148,0.11277455026351163,0.0007815354635116317
11430.00099999999,0.1119878292,0.11276591920963272,0.0007780900096327203
11500.00099999999,0.111977458,0.1127583823885531,0.0007809243885530948
11570.00099999999,0.111977458,0.11274968627066836,0.0007722282706683625
11650.00099999999,0.1119485497,0.11273953152797167,0.0007909818279716735
11720.00099999999,0.111941874,0.11273065949640651,0.0007887854964065133
11800.00099999999,0.11195077,0.11272057531340676,0.0007698053134067573
11870.00099999999,0.1119292825,0.11271172497385307,0.0007824424738530622
11940.00099999999,0.1119351983,0.1127029154893327,0.0007677171893327034
12020.00099999999,0.1119366884,0.11269285148046713,0.0007561630804671371
12090.00099999999,0.1119114906,0.11268405309755711,0.000772562497557111
12170.00099999999,0.1119092703,0.11267401789460166,0.0007647475946016558
12240.00099999999,0.1119085252,0.112665253786882,0.0007567285868819995
12320.00099999999,0.111879617,0.11265598500291912,0.0007763680029191228
12390.00099999999,0.1118951887,0.11265239294958097,0.0007572042495809783
12460.00099999999,0.1118685007,0.11264875925726295,0.00078025855726295
12540.00099999999,0.1118944436,0.11264466795926056,0.0007502243592605595
12610.00099999999,0.1118677557,0.11264108642042608,0.0007733307204260825
12690.00099999999,0.111889258,0.11263702056848451,0.0007477625684845085
12760.00099999999,0.1118514538,0.1126334354530055,0.0007819816530054979
12840.00099999999,0.1118907332,0.11262941806918914,0.0007386848691891407
12910.00099999999,0.1118536741,0.11262585820069093,0.0007721841006909369
12980.00099999999,0.1118314415,0.11262233059738316,0.00079088909738316
13060.00099999999,0.1118240356,0.11261830295976172,0.0007942673597617217
13130.00099999999,0.1118558943,0.11261563282007842,0.0007597385200784207
13210.00099999999,0.1118151397,0.11261471727092995,0.0007995775709299519
13280.00099999999,0.1118166149,0.11261397240858337,0.0007973575085833684
13350.00099999999,0.1118403375,0.11261325522517218,0.0007729177251721842
13430.00099999999,0.1118284762,0.11261240871969701,0.0007839325196970087
13500.00099999999,0.1118255109,0.1126116812714229,0.000786170371422909
13580.00099999999,0.1117832661,0.11261083712375594,0.0008275710237559408
13650.00099999999,0.1118306965,0.11261016500983778,0.0007794685098377885
13730.00099999999,0.1118240356,0.11260938091002477,0.0007853453100247765
13800.00099999999,0.1117840111,0.11260867281488818,0.0008246617148881807
13870.00099999999,0.1118084639,0.11260801617642296,0.0007995522764229629
13950.00099999999,0.1117662191,0.11260589131660298,0.0008396722166029852
14020.00099999999,0.1117751151,0.11260290356550903,0.0008277884655090301
14100.00099999999,0.1117899418,0.1125995146925409,0.0008095728925408968
14170.00099999999,0.1117610335,0.11259653420937094,0.0008355007093709399
14250.00099999999,0.1117669642,0.11259313615984248,0.0008261719598424838
14320.00099999999,0.1117521375,0.1125901856083521,0.0008380481083520991
14390.00099999999,0.1117810458,0.11258727359527587,0.0008062277952758656
14470.00099999999,0.111755833,0.11258389812008904,0.0008280651200890388
14540.00099999999,0.1117810458,0.1125809847695731,0.0007999389695730885
14620.00099999999,0.1117365658,0.11257762199598864,0.0008410561959886348
14690.00099999999,0.1117758453,0.11257474857400387,0.0007989032740038787
14770.00099999999,0.1117543578,0.11256861810645694,0.0008142603064569404
14840.00099999999,0.1117261946,0.1125624704959006,0.0008362758959006011
14910.00099999999,0.1117254496,0.11255634201554063,0.0008308924155406294
14990.00099999999,0.1117180437,0.11254935679241881,0.0008313130924188089
15060.00099999999,0.1117899418,0.11254328098975763,0.0007533391897576319
15140.00099999999,0.1117899418,0.11253629832142137,0.000746356521421368
15210.00099999999,0.1117699295,0.1125301958082904,0.0007602663082904026
15280.00099999999,0.1117462069,0.11252408451195822,0.0007778776119582165
15360.00099999999,0.1117587984,0.11251715862445352,0.0007583602244535248
15430.00099999999,0.1117625087,0.11251108646751333,0.0007485777675133309
15510.00099999999,0.1117239743,0.11250415729715815,0.000780182997158152
15580.00099999999,0.1117491722,0.11250499148810002,0.0007558192881000209
15660.00099999999,0.1117284149,0.1125059016143504,0.0007774867143503922
15730.00099999999,0.1117091477,0.1125067243932251,0.0007975766932250966
15800.00099999999,0.1117187887,0.11250755783227877,0.000788769132278766
15880.00099999999,0.1117180437,0.11250851833328696,0.00079047463328695
15950.00099999999,0.1117380559,0.11250937542386832,0.0007713195238683301
16030.00099999999,0.1117150784,0.112510337344826,0.0007952589448260022
16100.00099999999,0.1117150784,0.11251119905082886,0.0007961206508288604
16180.00099999999,0.1117469519,0.11251221753385372,0.0007652656338537206
16250.00099999999,0.1117187887,0.11251253901867805,0.000793750318678052
16320.00099999999,0.1117469519,0.11251155486391311,0.0007646029639131052
16400.00099999999,0.111729905,0.1125104163913605,0.0007805113913604972
16470.00099999999,0.1117476821,0.11250945284490099,0.0007617707449009969
16550.00099999999,0.1117261946,0.11250832580441301,0.0007821312044130196
16620.00099999999,0.1117046922,0.11250733514941576,0.0008026429494157605
16690.00099999999,0.1117054373,0.11250638148612688,0.0008009441861268757
16770.00099999999,0.111729905,0.11250532517201593,0.0007754201720159282
16840.00099999999,0.1117350906,0.11250437328575034,0.0007692826857503415
16920.00099999999,0.1117284149,0.11250329287851232,0.00077487797851232
16990.00099999999,0.111702472,0.11250232973142855,0.0007998577314285577
17070.002000000008,0.1117269397,0.1125041610209369,0.0007772213209368967
17140.002000000008,0.1117165536,0.11250822206065911,0.0007916684606591035
17210.002000000008,0.1117269397,0.112512304840973,0.0007853651409729934
17290.002000000008,0.1116995066,0.11251694546204398,0.0008174388620439815
17360.002000000008,0.1117432415,0.11252106723356178,0.0007778257335617766
17440.002000000008,0.1117387861,0.11252574203933624,0.0007869559393362396
17510.002000000008,0.1116913557,0.11252980978765842,0.0008384540876584246
17590.002000000008,0.1117002517,0.11253449627579475,0.0008342445757947431
17660.002000000008,0.1116972864,0.11253861521586002,0.0008413288158600207
17730.002000000008,0.1116980314,0.11254273235516038,0.0008447009551603851
17810.002000000008,0.1117313802,0.11254746751594616,0.0008160873159461651
17880.002000000008,0.1116972864,0.11254751501780691,0.0008502286178069113
17960.002000000008,0.1117402762,0.11254581941368273,0.0008055432136827301
18030.002000000008,0.1117098927,0.11254429166470234,0.0008343989647023459
18110.002000000008,0.1117180437,0.11254258690224439,0.0008245432022443849
18180.002000000008,0.111720264,0.11254108927298519,0.0008208252729851873
18250.002000000008,0.1117269397,0.11253961770030066,0.0008126780003006595
18330.002000000008,0.1117076576,0.11253790035678563,0.0008302427567856291
18400.002000000008,0.1117387861,0.11253643898254087,0.0007976528825408696
18480.002000000008,0.1117158234,0.11253473864617883,0.0008189152461788307
18550.002000000008,0.111729905,0.11253328028244625,0.000803375282446242
18620.002000000008,0.1117336005,0.11253181955641672,0.0007982190564167213
18700.002000000008,0.1117106229,0.11253260500511589,0.0008219821051158871
18770.002000000008,0.1117454618,0.11253363419802347,0.0007881723980234651
18850.002000000008,0.1117476821,0.11253479932234714,0.0007871172223471445
18920.002000000008,0.1117573231,0.11253581708249272,0.0007784939824927173
19000.002000000008,0.111720264,0.11253696103500754,0.0008166970350075436
19070.002000000008,0.1117536128,0.1125380144597466,0.0007844016597465947
19140.002000000008,0.1117676944,0.1125390550035193,0.0007713606035192888
19220.002000000008,0.1117565781,0.11254023950129112,0.0007836614012911164
19290.002000000008,0.1117373109,0.112541260839021,0.0008039499390209981
19370.002000000008,0.1117684394,0.11254248365182973,0.0007740442518297252
19440.002000000008,0.1117350906,0.1125437790601064,0.0008086884601063993
19520.002000000008,0.1117343456,0.11254713234798575,0.0008127867479857387
19590.002000000008,0.1117684394,0.11255009750323258,0.0007816581032325798
19660.002000000008,0.1117343456,0.1125530230578714,0.0008186774578713973
19740.002000000008,0.1117336005,0.11255639479952377,0.0008227942995237686
19810.002000000008,0.1117417514,0.11255936392306887,0.0008176125230688613
19890.002000000008,0.1117587984,0.11256274604378536,0.0008039476437853577
19960.002000000008,0.1117350906,0.11256569034142361,0.0008305997414236044
20030.002000000008,0.1117543578,0.11256866456853548,0.000814306768535486
20110.002000000008,0.1117617637,0.11257206759598223,0.0008103038959822312
20180.002000000008,0.1117610335,0.11257503298332538,0.0008139994833253894
20260.002000000008,0.1117676944,0.11257781990402997,0.0008101255040299654
20330.002000000008,0.1117639989,0.11257937211766803,0.0008153732176680306
20410.002000000008,0.1117610335,0.11258114240080871,0.0008201089008087192
20480.002000000008,0.1117928922,0.11258273373637942,0.0007898415363794264
20550.002000000008,0.1117906719,0.11258429275712412,0.0007936208571241166
20630.002000000008,0.1117617637,0.11258606590106976,0.000824302201069757
20700.002000000008,0.1117788106,0.11258764948245426,0.0008088388824542547
20780.002000000008,0.1117847413,0.11258946626123115,0.000804724961231143
20850.002000000008,0.1118017882,0.11259104405724653,0.0007892558572465264
20930.002000000008,0.1117840111,0.11259284347673976,0.0008088323767397598
21000.002000000008,0.1117884517,0.1125944336972105,0.0008059819972105059
21070.002000000008,0.1117988229,0.11259899584013007,0.0008001729401300728
21150.002000000008,0.1118314415,0.1126067289607538,0.0007752874607537957
21220.002000000008,0.1118173599,0.11261347738493241,0.0007961174849324126
21300.002000000008,0.1118306965,0.11262119416854668,0.0007904976685466913
21370.002000000008,0.1118203253,0.11262795616505068,0.0008076308650506875
21450.002000000008,0.1118195802,0.11263567931260522,0.0008160991126052175
21520.002000000008,0.1118299514,0.1126424535457125,0.0008125021457125042
21590.002000000008,0.1118277311,0.11264921564053709,0.0008214845405370985
21670.002000000008,0.1118418127,0.11265696785923333,0.0008151551592333328
21740.002000000008,0.1118521988,0.1126637510445054,0.0008115522445054091
21820.002000000008,0.1118388474,0.1126706680749806,0.0008318206749806101
21890.002000000008,0.111871466,0.11267667421222248,0.0008052082122224774
21960.002000000008,0.1118403375,0.11268262564862078,0.0008422881486207789
22040.002000000008,0.111861825,0.11268947203645863,0.0008276470364586286
22110.002000000008,0.1118781418,0.11269546940972452,0.0008173276097245274
22190.002000000008,0.1118833274,0.11270231050991171,0.000818983109911714
22260.002000000008,0.1118596047,0.11270829184183553,0.0008486871418355302
22340.002000000008,0.1118492335,0.11271513089543345,0.0008658973954334404
22410.002000000008,0.111888513,0.11272115962882476,0.0008326466288247625
22480.002000000008,0.111870721,0.11272715457901102,0.0008564335790110095
22560.002000000008,0.1118766516,0.11273411874916334,0.0008574671491633351
22630.002000000008,0.1118981391,0.11274092277053036,0.0008427836705303532
22710.002000000008,0.1119025946,0.11274869071669136,0.0008460961166913555
22780.002000000008,0.111897409,0.11275547407354983,0.0008580650735498241
22860.002000000008,0.1119277924,0.11276325362069697,0.0008354612206969703
22930.002000000008,0.1119255722,0.11277005002848847,0.0008444778284884685
23000.002000000008,0.1119292825,0.11277685237112517,0.0008475698711251645
23080.002000000008,0.1119470596,0.1127846562018715,0.000837596601871507
23150.002000000008,0.1119537354,0.11279145173723126,0.000837716337231259
23230.002000000008,0.1119448394,0.11279922937455036,0.000854389974550368
23300.002000000008,0.1119455844,0.11280603999425026,0.0008604555942502562
23370.002000000008,0.1119848639,0.11281432416891642,0.000829460268916421
23450.002000000008,0.1119937599,0.11282783082738931,0.0008340709273893104
23520.002000000008,0.1120070964,0.1128396469071698,0.0008325505071697936
23600.002000000008,0.1119804233,0.11285313107179835,0.0008727077717983478
23670.002000000008,0.1120137721,0.11286497908918763,0.0008512069891876278
23750.002000000008,0.1120256335,0.11287849704673208,0.0008528635467320855
23820.002000000008,0.1120152473,0.11289031909262363,0.0008750717926236384
23890.002000000008,0.1119996905,0.11290212555641303,0.000902435056413034
23970.002000000008,0.1120523065,0.11291568007042416,0.000863373570424153
24040.002000000008,0.1120241433,0.11292748795391476,0.000903344653914756
24120.002000000008,0.1120508313,0.11294103464676739,0.0008902033467673848
24190.002000000008,0.1120508313,0.11295137730011155,0.0009005460001115517
24270.002000000008,0.1120530516,0.11296194626560171,0.0009088946656017199
24340.002000000008,0.1120397151,0.11297119286842142,0.0009314777684214098
24410.002000000008,0.1120582372,0.11298045373524383,0.0009222165352438388
24490.002000000008,0.1120967865,0.11299105080036737,0.0008942643003673617
24560.002000000008,0.1121041924,0.11300031294037083,0.0008961205403708317
24640.002000000008,0.1121219844,0.11301090949934936,0.0008889250993493608
24710.002000000008,0.112100482,0.11302015793930473,0.000919675939304726
24790.002000000008,0.1121382862,0.11303077840165092,0.0008924922016509129
24860.002000000008,0.1121494025,0.11304004279541019,0.0008906402954101944
24930.002000000008,0.1121286601,0.11304930516777123,0.0009206450677712308
25010.002000000008,0.1121242046,0.11305810296885288,0.0009338983688528812
25080.002000000008,0.1121494025,0.11306531062350048,0.0009159081235004807
25160.002000000008,0.1121545881,0.11307355915781356,0.000918971057813564
25230.002000000008,0.1121775657,0.11308076098277242,0.000903195282772426
25300.002000000008,0.1121901721,0.11308797810917276,0.0008978060091727608
25380.002000000008,0.1121820211,0.11309620811085767,0.0009141870108576727
25450.002000000008,0.1122057289,0.11310343479456078,0.0008977058945607852
25530.002000000008,0.1122346371,0.11311169403414756,0.000877056934147552
25600.002000000008,0.1122420579,0.11311891125167306,0.0008768533516730626
25680.002000000008,0.1122450233,0.11312716562787481,0.0008821423278748131
25750.002000000008,0.1122464985,0.1131344039477971,0.0008879054477970993
25820.002000000008,0.1122620702,0.1131501754075001,0.0008881052075001006
25900.002000000008,0.1122620702,0.11316820680185882,0.0009061366018588285
25970.002000000008,0.1122880131,0.11318399411738522,0.0008959810173852223
26050.002000000008,0.1122983843,0.11320203552300809,0.0009036512230080895
26120.002000000008,0.1123065352,0.11321782132637312,0.0009112861263731176
26200.002000000008,0.1123161763,0.11323585741664914,0.0009196811166491403
26270.002000000008,0.1123258024,0.1132516400643952,0.0009258376643952043
26340.002000000008,0.1123258024,0.11326742440993962,0.0009416220099396216
26420.002000000008,0.11234878,0.11328546833311098,0.0009366883331109882
26490.002000000008,0.1123584211,0.11330126461362328,0.0009428435136232816
26570.002000000008,0.1123784333,0.11331726094137946,0.0009388276413794666
26640.002000000008,0.1123902947,0.11333126003698817,0.0009409653369881615
26710.002000000008,0.1123813987,0.11334524390896583,0.0009638452089658356
26790.002000000008,0.1124236435,0.11336126515018656,0.000937621650186557
26860.002000000008,0.1124080718,0.11337525053545139,0.0009671787354513933
26940.002000000008,0.1124436557,0.11339128185082975,0.0009476261508297446
27010.002000000008,0.1124732941,0.11340530121773816,0.000932007117738165
27090.002000000008,0.1124770045,0.11342130713213304,0.0009443026321330344
27160.002000000008,0.1124762595,0.11343529882655412,0.0009590393265541258
27230.002000000008,0.1124866456,0.11344931662504427,0.0009626710250442705
27310.002000000008,0.1124985069,0.11346450191964264,0.000965995019642632
27380.002000000008,0.1125274003,0.11347567561930938,0.0009482753193093829
27460.002000000008,0.1125392616,0.11348843536177984,0.0009491737617798451
27530.002000000008,0.1125444472,0.1134995968296166,0.0009551496296166112
27610.002000000008,0.1125555784,0.11351236213762286,0.0009567837376228683
27680.002000000008,0.1125837415,0.11352353921828852,0.0009397977182885181
27750.002000000008,0.112605229,0.11353471853075914,0.0009294895307591367
27830.002000000008,0.1125703901,0.11354745398762905,0.0009770638876290538
27900.002000000008,0.1125985533,0.11355864341495364,0.0009600901149536406
27980.002000000008,0.1126104295,0.11357141985812831,0.0009609903581283136
28050.002000000008,0.112614885,0.11358259117810965,0.0009677061781096508
28130.002000000008,0.1126274765,0.11359872256584394,0.0009712460658439365
28200.002000000008,0.1126778871,0.11361576519217267,0.0009378780921726754
28270.002000000008,0.1126637906,0.11363276853298199,0.0009689779329819931
28350.002000000008,0.1126890033,0.1136522290588172,0.0009632257588171877
28420.002000000008,0.1126756519,0.11366924311966284,0.0009935912196628316
28500.002000000008,0.11274755,0.11368873732072313,0.0009411873207231247
28570.002000000008,0.1127312481,0.11370575052864909,0.0009745024286490905
28640.002000000008,0.1127327234,0.11372277302761083,0.0009900496276108312
28720.002000000008,0.1127816439,0.11374225972175886,0.0009606158217588534
28790.002000000008,0.1128024012,0.11375930489367705,0.0009569036936770553
28870.002000000008,0.1128142625,0.11377877229167821,0.0009645097916782114
28940.002000000008,0.1128016561,0.11379709109439302,0.0009954349943930296
29020.002000000008,0.1128246337,0.11381864327223933,0.0009940095722393294
29090.002000000008,0.1128505766,0.11383751686605462,0.0009869402660546145
29160.002000000008,0.1128550172,0.11385636776671532,0.0010013505667153116
29240.002000000008,0.1128594726,0.11387791155930718,0.0010184389593071858
29310.002000000008,0.1128728092,0.11389677550503871,0.0010239663050387177
29390.002000000008,0.1129350662,0.11391836132972005,0.0009832951297200493
29460.002000000008,0.112942487,0.11393722684495045,0.0009947398449504513
29540.002000000008,0.1129402518,0.11395876393760734,0.0010185121376073414
29610.002000000008,0.1129224747,0.11397763048137322,0.0010551557813732182
29680.002000000008,0.1129921377,0.11399652174629786,0.0010043840462978654
29760.002000000008,0.1129988134,0.11401412066462435,0.0010153072646243572
29830.002000000008,0.1130099297,0.114029034973957,0.0010191052739570022
29910.002000000008,0.113030687,0.11404609047870459,0.001015403478704588
29980.002000000008,0.1130410582,0.11406101140451264,0.001019953204512633
30050.002000000008,0.1130618155,0.11407593870546552,0.0010141232054655253
30130.002000000008,0.1130870134,0.11409300535310149,0.0010059919531014844
30200.002000000008,0.1130966395,0.1141079334156655,0.0010112939156654982
30280.002000000008,0.1131307334,0.11412499387666204,0.00099426047666204
30350.002000000008,0.1131322235,0.114139922932194,0.0010076994321939897
30430.002000000008,0.1131581664,0.11415700188623654,0.0009988354862365406
30500.002000000008,0.1131752133,0.11417382103997487,0.0009986077399748716
30570.002000000008,0.1132263541,0.11420180050944603,0.0009754464094460374
30650.002000000008,0.1131685376,0.11423372023786976,0.0010651826378697687
30720.002000000008,0.1132033765,0.1142616739502566,0.0010582974502566095
30800.002000000008,0.1132285744,0.11429363525315885,0.0010650608531588418
30870.002000000008,0.1132582277,0.11432160700594408,0.0010633793059440788
30950.002000000008,0.1132930517,0.11435358389119803,0.0010605321911980325
31020.002000000008,0.1133056581,0.1143782833901667,0.0010726252901667038
31090.002000000008,0.1133345664,0.11439866934876333,0.0010641029487633291
31170.002000000008,0.1133375317,0.1144219621496942,0.0010844304496942098
31240.002000000008,0.1133456826,0.11444234835245688,0.0010966657524568851
31320.002000000008,0.1133938581,0.1144656824243306,0.001071824324330603
31390.002000000008,0.1133886725,0.11448606916374066,0.0010973966637406601
31470.002000000008,0.1134368479,0.11450939887520808,0.0010725509752080864
31540.002000000008,0.1134635359,0.11452981411215168,0.001066278212151689
31610.002000000008,0.1134650111,0.1145501955180657,0.001085184418065696
31690.002000000008,0.1135042906,0.11457353311946059,0.0010692425194605837
31760.002000000008,0.1135042906,0.11459391858645937,0.0010896279864593683
31840.002000000008,0.1135280132,0.11461966981116317,0.001091656611163172
31910.002000000008,0.1135346889,0.11464343177832625,0.0011087428783262548
31980.002000000008,0.1135717481,0.11466721853489817,0.0010954704348981742
32060.002000000008,0.1135850847,0.11469439013674049,0.001109305436740482
32130.002000000008,0.1136095375,0.1147181820173916,0.0011086445173916076
32210.002000000008,0.1136399359,0.11474537831937506,0.0011054424193750606
32280.002000000008,0.113649562,0.11476915139606841,0.0011195893960684183
32360.002000000008,0.1136740297,0.11479633901284671,0.0011223093128467088
32430.002000000008,0.1137073785,0.11482013391299112,0.0011127554129911205
32500.002000000008,0.113756299,0.11484393949464025,0.0010876404946402463
32580.002000000008,0.1137822419,0.11487113326084517,0.0010888913608451678
32650.002000000008,0.1138074398,0.11489694978334754,0.0010895099833475447
32730.002000000008,0.1137896478,0.11492677896984102,0.0011371311698410158
32800.00200000001,0.1138519049,0.11495293784311952,0.0011010329431195287
32880.00200000001,0.1138556153,0.11498279480644774,0.001127179506447737
32950.00200000001,0.1138696969,0.11500892054843542,0.0011392236484354251
33020.00200000001,0.1138978601,0.11503506229163507,0.0011372021916350727
33100.00200000001,0.1139312238,0.1150649460044414,0.001133722204441412
33170.00200000001,0.113969028,0.11509108452456424,0.0011220565245642355
33250.00200000001,0.1139808893,0.11512095613695647,0.0011400668369564715
33320.00200000001,0.1139934808,0.11514709232045703,0.0011536115204570235
33390.00200000001,0.1140246093,0.11517323815464581,0.0011486288546458112
33470.00200000001,0.1140453666,0.11520325911455462,0.0011578925145546148
33540.00200000001,0.1140772402,0.11522953433217434,0.001152294132174339
33620.00200000001,0.1140913218,0.11525955955445114,0.001168237754451129
33690.00200000001,0.1141254157,0.11528583723865243,0.001160421538652437
33770.00200000001,0.1141624749,0.11531588119107963,0.0011534062910796283
33840.00200000001,0.1141802669,0.11534215640519418,0.0011618895051941913
33910.00200000001,0.1142158359,0.11536843323031754,0.0011525973303175285
33990.00200000001,0.114225477,0.11539845817327074,0.0011729811732707346
34060.00200000001,0.1142499298,0.11542474098397115,0.0011748111839711556
34140.00200000001,0.1142906994,0.11545479645508518,0.0011640970550851754
34210.00200000001,0.1142899543,0.11548158161075686,0.0011916273107568653
34290.00200000001,0.1143314689,0.11551369916207241,0.0011822302620724118
34360.00200000001,0.1143751889,0.11554182270397703,0.001166633803977038
34430.00200000001,0.1143818647,0.11556992252963304,0.0011880578296330352
34510.00200000001,0.1144122481,0.11560202782716955,0.0011897797271695487
34580.00200000001,0.1144500524,0.11563015030666818,0.001180097906668176
34660.00200000001,0.1144767404,0.1156622574584164,0.0011855170584164076
34730.00200000001,0.1145130545,0.11569038590539107,0.0011773314053910716
34810.00200000001,0.1145486236,0.11572251245008357,0.001173888850083571
34880.00200000001,0.1145834625,0.1157506265781314,0.0011671640781314024
34950.00200000001,0.1145871729,0.1157787243736069,0.0011915514736068888
35030.00200000001,0.114641279,0.11581698740974122,0.0011757084097412246
35100.00200000001,0.1146561056,0.1158557294232187,0.0011996238232186984
35180.00200000001,0.1146664768,0.11590002869856533,0.0012335518985653326
35250.00200000001,0.114721328,0.11593881503587757,0.001217487035877568
35320.00200000001,0.1147598624,0.11597759606371266,0.0012177336637126668
35400.00200000001,0.1147702336,0.11602188423043952,0.001251650630439527
35470.00200000001,0.1148117483,0.11606064656519856,0.0012488982651985558
35550.00200000001,0.1148458421,0.11610403717018833,0.001258195070188331
35620.00200000001,0.1148628891,0.11613635787124649,0.0012734687712464832
35700.00200000001,0.1149088442,0.11617332379904428,0.0012644795990442853
35770.00200000001,0.1149184704,0.11620565899049998,0.001287188590499977
35840.00200000001,0.1149614602,0.11623799936622453,0.0012765391662245273
35920.00200000001,0.1149955541,0.1162749631302057,0.0012794090302057082
35990.00200000001,0.1150548458,0.11630732761966847,0.0012524818196684717
36070.00200000001,0.1150748581,0.11634428363758365,0.0012694255375836488
36140.00200000001,0.1150896847,0.11637661329569324,0.0012869285956932375
36220.00200000001,0.115109697,0.11641357265637609,0.0013038756563760884
36290.00200000001,0.1151519418,0.11644593389721664,0.0012939920972166313
36360.00200000001,0.1151956767,0.11648046312821461,0.0012847864282146126
36440.00200000001,0.1152179092,0.11652601148535563,0.0013081022853556334
36510.00200000001,0.115243867,0.1165658840487817,0.0013220170487816957
36590.00200000001,0.1153076142,0.11661147419259169,0.00130385999259168
36660.00200000001,0.1153216958,0.11665134156172674,0.0013296457617267415
36730.00200000001,0.1153506041,0.11669121024549191,0.0013406061454919044
36810.00200000001,0.1154128611,0.11673679788759704,0.001323936787597041
36880.00200000001,0.1154224873,0.1167766507171282,0.0013541634171281985
36960.00200000001,0.1154899448,0.11682225259438847,0.0013323077943884765
37030.00200000001,0.1154980958,0.11686211590479807,0.0013640201047980666
37110.00200000001,0.1155455261,0.1169076996932436,0.0013621735932436013
37180.00200000001,0.1155655384,0.11694754370451499,0.0013820053045149883
37250.00200000001,0.1156033427,0.1169873516986181,0.001384008998618097
37330.00200000001,0.115676716,0.1170328917002397,0.0013561757002397007
37400.00200000001,0.1157011688,0.11707269757434968,0.0013715287743496785
37480.00200000001,0.1157367527,0.11711820761562872,0.001381454915628716
37550.00200000001,0.1157827079,0.1171580415641848,0.0013753336641847969
37630.00200000001,0.1158301383,0.11720356647714476,0.001373428177144767
37700.00200000001,0.1158583015,0.11724338931136155,0.0013850878113615545
37770.00200000001,0.1158812791,0.11728319835239659,0.0014019192523965912
37850.00200000001,0.1159279794,0.11732871614027496,0.001400736740274952
37920.00200000001,0.1159887463,0.11736855645793179,0.0013798101579317879
38000.00200000001,0.1160265505,0.11741703760969308,0.0013904871096930699
38070.00200000001,0.1160354465,0.11746028628924657,0.001424839789246568
38150.00200000001,0.1161006689,0.11750975330793947,0.0014090844079394788
38220.00200000001,0.1161303222,0.11755302121615854,0.0014226990161585462
38290.00200000001,0.1161799729,0.117596297487185,0.0014163245871850055
38370.00200000001,0.1162288934,0.11764575204264108,0.0014168586426410723
38440.00200000001,0.1162755936,0.11768902527513225,0.0014134316751322484
38520.00200000001,0.1162852198,0.11773846030546548,0.0014532405054654696
38590.00200000001,0.1163341403,0.11778173453557622,0.0014475942355762217
38660.00200000001,0.11637564,0.1178250152564197,0.0014493752564196938
38740.00200000001,0.1164186299,0.11787448259095118,0.0014558526909511788
38810.00200000001,0.1164601445,0.11792073556928824,0.001460591069288239
38890.00200000001,0.1165268421,0.11797360976560037,0.001446767665600368
38960.00200000001,0.116562441,0.1180198689477549,0.0014574279477548996
39040.00200000001,0.116615802,0.11807274843439933,0.0014569464343993227
39110.00200000001,0.116650641,0.1181189974991145,0.0014683564991145037
39180.00200000001,0.1166854799,0.11816525832801522,0.0014797784280152215
39260.00200000001,0.1167269796,0.11821813564827847,0.001491156048278472
39330.00200000001,0.1167773753,0.11826439684716183,0.0014870215471618348
39410.00200000001,0.11681889,0.1183172746618566,0.0014983846618566027
39480.00200000001,0.1168566793,0.11836353751827242,0.0015068582182724138
39560.00200000001,0.1169174612,0.1184172418166335,0.0014997806166335004
39630.00200000001,0.1169574857,0.11846636194996962,0.0015088762499696207
39700.00200000001,0.1170049161,0.11851548556877643,0.0015105694687764376
39780.00200000001,0.1170449406,0.11857162224980344,0.0015266816498034491
39850.00200000001,0.1170946062,0.1186207560536833,0.0015261498536832951
39930.00200000001,0.1171435267,0.11867689627262447,0.0015333695726244684
40000.00200000001,0.1171983629,0.11872604014523946,0.0015276772452394588
40070.00200000001,0.1172146797,0.11877514555405619,0.0015604658540561839
40150.00200000001,0.117288053,0.11883130441998668,0.0015432514199866798
40220.00200000001,0.1173280776,0.11888042993964774,0.0015523523396477473
40300.00200000001,0.1174036711,0.11893658832366119,0.0015329172236611954
40370.00200000001,0.117455557,0.11898877256364276,0.001533215563642762
40450.00200000001,0.1174763143,0.11905294615504586,0.0015766318550458625
40520.00200000001,0.1175111383,0.11910911742806875,0.0015979791280687494
40590.00200000001,0.1175682098,0.11916529304424048,0.0015970832442404742
40670.00200000001,0.1176623404,0.1192295300450058,0.0015671896450058093
40740.00200000001,0.1176934689,0.1192857054250357,0.0015922365250357062
40820.00200000001,0.1177483201,0.11934990794182479,0.001601587841824792
40890.00200000001,0.1178053916,0.11940610357231046,0.001600711972310459
40970.00200000001,0.1178446859,0.1194707637067621,0.0016260778067621051
41040.00200000001,0.117906943,0.11953015810050932,0.0016232151005093204
41110.00200000001,0.1179684699,0.11958955949135008,0.0016210895913500861
41190.00200000001,0.1179973781,0.11965740092323912,0.0016600228232391268
41260.00200000001,0.1180499941,0.11971678110963388,0.00166678700963388
41340.00200000001,0.1181122512,0.11978466162900897,0.0016724104290089664
41410.00200000001,0.1181596965,0.11984403930333362,0.0016843428033336272
41490.00200000001,0.118244186,0.11991195047348635,0.0016677644734863495
41560.00200000001,0.1183086634,0.1199713511699673,0.0016626877699672943
41630.00200000001,0.1183486879,0.12003073641710435,0.0016820485171043509
41710.00200000001,0.1183946431,0.12009860857564218,0.0017039654756421801
41780.00200000001,0.1184606105,0.12015872300700753,0.0016981125070075348
41860.00200000001,0.1185147166,0.1202293997166736,0.001714683116673596
41930.00200000001,0.118579939,0.12029127838398221,0.0017113393839822133
42000.00200000001,0.1186199635,0.12035311611215856,0.0017331526121585616
42080.00200000001,0.1186644286,0.12042379581507123,0.0017593672150712364
42150.00200000001,0.118730396,0.12048566447935069,0.0017552684793506884
42230.00200000001,0.1188252717,0.12055638273350436,0.0017311110335043595
42300.00200000001,0.1188741922,0.12061825128067372,0.00174405908067371
42380.00200000001,0.1189127266,0.12068891824952338,0.001776191649523376
42450.00200000001,0.1189861,0.12075080029421878,0.0017647002942187823
42520.00200000001,0.1190528125,0.12081267507862054,0.0017598625786205413
42600.00200000001,0.1190920919,0.12088868657383448,0.001796594673834473
42670.00200000001,0.1191847473,0.12095989141529125,0.0017751441152912412
42750.00200000001,0.1192433089,0.12104123768215683,0.0017979287821568296
42820.00200000001,0.1192870438,0.12111240397639869,0.0018253601763986854
42900.00200000001,0.1193848699,0.12119377727072123,0.00180890737072123
42970.00200000001,0.1194248945,0.12126648040582515,0.0018415859058251438
43040.00200000001,0.1194871515,0.12134035187622462,0.0018532003762246202
43120.00200000001,0.1195486784,0.12142476417606701,0.0018760857760670158
43190.00200000001,0.1196161211,0.12149862826858707,0.0018825071685870665
43270.00200000001,0.119686529,0.1215830542163146,0.0018965252163146012
43340.00200000001,0.1197524965,0.12165692432616179,0.001904427826161792
43410.00200000001,0.1198184639,0.12173079261931839,0.0019123287193183874
43490.00200000001,0.1198755354,0.12181521586630084,0.0019396804663008443
43560.00200000001,0.1199533492,0.12188908916051425,0.0019357399605142434
43640.00200000001,0.1200193167,0.12197351922934682,0.0019542025293468185
43710.00200000001,0.1201067865,0.12204739366784137,0.0019406071678413628
43790.00200000001,0.1201853454,0.12213093881448464,0.0019455934144846365
43860.00200000001,0.1202238798,0.1222037551111878,0.0019798753111878037
43930.00200000001,0.120287627,0.12227658193346166,0.00198895493346167
44010.00200000001,0.1203780621,0.12235983598257397,0.0019817738825739645
44080.00200000001,0.1204625666,0.12243269478428814,0.001970128184288142
44160.00200000001,0.1205337197,0.12251594326268425,0.0019822235626842516
44230.00200000001,0.1205996722,0.12258877441843546,0.0019891022184354706
44310.00200000001,0.120668605,0.12267201379917031,0.0020034087991703114
44380.00200000001,0.120739013,0.12274487229949893,0.0020058592994989244
44450.00200000001,0.1207946092,0.12281769048143268,0.0020230812814326787
44530.00200000001,0.1208946705,0.12290099537327016,0.0020063248732701683
44600.00200000001,0.1209532171,0.1229885180964689,0.0020353009964688973
44680.00200000001,0.12106736,0.12308856439798768,0.002021204397987683
44750.00200000001,0.1210910827,0.12317541010329908,0.0020843274032990716
44830.00200000001,0.121191144,0.12327036941371505,0.0020792254137150523
44900.00200000001,0.1212593317,0.12335347300217052,0.0020941413021705185
44970.00200000001,0.1213638335,0.12343658828303417,0.0020727547830341614
45050.00200000001,0.1214038581,0.12353152644348242,0.0021276683434824223
45120.00200000001,0.1215246618,0.12361465234590659,0.0020899905459065837
45200.00200000001,0.1215913743,0.12370959554536196,0.0021182212453619564
45270.00200000001,0.1216484606,0.12379268932728807,0.002144228727288075
45340.00200000001,0.1217218339,0.12387578461578876,0.0021539507157887494
45420.00200000001,0.1218241155,0.12397074071662964,0.002146625216629644
45490.00200000001,0.1219390035,0.12405387549633837,0.0021148719963383633
45570.00200000001,0.1220079362,0.12415275654237232,0.0021448203423723167
45640.00200000001,0.1220961362,0.12424495589697454,0.0021488196969745438
45720.00200000001,0.1221754402,0.12435028537793391,0.0021748451779339123
45790.00200000001,0.1222666055,0.12444248223699352,0.002175876736993515
45860.00200000001,0.1223110706,0.12453464000017925,0.0022235694001792455
45940.00200000001,0.1224178076,0.12463999015652473,0.002222182556524732
46010.00200000001,0.1225223094,0.12473219795057958,0.002209888550579575
46090.00200000001,0.122624591,0.12483756650933486,0.002212975509334858
46160.00200000001,0.122686103,0.1249297379755524,0.002243634975552397
46240.00200000001,0.1227817237,0.12503510190884493,0.002253378208844928
46310.00200000001,0.1228528917,0.12512726881006242,0.0022743771100624255
46380.00200000001,0.1229418367,0.1252192759624155,0.002277439262415498
46460.00200000001,0.1230641305,0.12532428063502538,0.002260150135025382
46530.00200000001,0.1231330484,0.1254161390878022,0.0022830906878021917
46610.00200000001,0.1231975406,0.1255210821976141,0.0023235415976140955
46680.00200000001,0.1232938915,0.12561295657591648,0.0023190650759164766
46750.00200000001,0.1233776361,0.12570481845745887,0.002327182357458879
46830.00200000001,0.1234903038,0.12580982075021438,0.002319516950214373
46900.00200000001,0.12358962,0.1259016920423503,0.002312072042350302
46980.00200000001,0.1236526221,0.1260066430069222,0.0023540209069221885
47050.00200000001,0.1237386018,0.1260985061466417,0.0023599043466416975
47130.00200000001,0.1238601506,0.12620351623525822,0.002343365635258221
47200.00200000001,0.1239305586,0.12630261767973794,0.0023720590797379343
47270.00200000001,0.1240098625,0.1264028985857773,0.002393036085777303
47350.00200000001,0.1241499633,0.12651755551451394,0.002367592214513936
47420.00200000001,0.1242240816,0.12661784701158002,0.002393765411580026
47500.00200000001,0.1243085712,0.1267324600443062,0.0024238888443061934
47570.00200000001,0.1244301349,0.1268327870604663,0.002402652160466298
47650.00200000001,0.124545753,0.1269474384645442,0.0024016854645442093
47720.00200000001,0.1246035695,0.12704770831273104,0.0024441388127310476
47790.00200000001,0.124714002,0.12714801766644632,0.0024340156664463125
47870.00200000001,0.1248303652,0.12726265097035047,0.0024322857703504702
47940.00200000001,0.1249200553,0.1273629905824986,0.0024429352824985873
48020.00200000001,0.1250430793,0.12749081555085545,0.0024477362508554534
48090.00200000001,0.1251157224,0.12760261691048166,0.002486894510481674
48170.00200000001,0.1252291203,0.1277304301819659,0.0025013098819658963
48240.00200000001,0.1253410578,0.12784226532087578,0.0025012075208757922
48310.00200000001,0.1253988594,0.12795405593938,0.0025551965393799947
48390.00200000001,0.1255500615,0.12808189180623214,0.0025318303062321357
48460.00200000001,0.1256464124,0.12818969110883477,0.0025432787088347786
48540.00200000001,0.1257501841,0.1283094352190059,0.002559251119005901
48610.00200000001,0.1258428246,0.12841421485399018,0.0025713902539901967
48680.00200000001,0.1259362102,0.1285189873098762,0.0025827771098762
48760.00200000001,0.1260577738,0.12863874197275688,0.002580968172756881
48830.00200000001,0.126174137,0.12874355044800023,0.0025694134480002406
48910.00200000001,0.1262882799,0.12886331354431357,0.002575033644313579
48980.00200000001,0.1263668388,0.12896807969526036,0.0026012408952603705
49060.00200000001,0.1264854372,0.12908783514123323,0.0026023979412332365
49130.00200000001,0.1265743822,0.12919260084309708,0.002618218643097081
49200.00200000001,0.1267026067,0.12929741032435899,0.002594803624358988
49280.00200000001,0.1267952621,0.12942244774469458,0.0026271856446945796
49350.00200000001,0.1269019842,0.12953339949351644,0.0026314152935164314
49430.00200000001,0.1270124167,0.12966019094228173,0.002647774242281742
49500.00200000001,0.1271362007,0.12977115411901932,0.0026349534190193147
49580.00200000001,0.1272733212,0.12989797644981788,0.0026246552498178644
49650.00200000001,0.1273489147,0.13000890331797527,0.0026599886179752563
49720.00200000001,0.127448231,0.13011984998264692,0.0026716189826469228
49800.00200000001,0.1275786757,0.13024663652680196,0.0026679608268019572
49870.00200000001,0.1276802272,0.13035758215469262,0.0026773549546926234
49950.00200000001,0.1278284788,0.13048441509275877,0.0026559362927587593
50020.00200000001,0.1279211193,0.1305953652311354,0.0026742459311354105
50090.00200000001,0.1280174702,0.13070851815758788,0.002691047957587872
50170.00200000001,0.1281634867,0.1308378765913147,0.0026743898913147157
50240.00200000001,0.1282679886,0.1309510469478593,0.002683058347859313
50320.00200000001,0.12836954,0.13108035186945732,0.002710811869457319
50390.00200000001,0.1284947991,0.13119353685274668,0.002698737752746677
50470.00200000001,0.1286096722,0.1313228452376582,0.0027131730376581953
50540.00200000001,0.1287349313,0.13143601715595846,0.0027010858559584627
50610.00200000001,0.128847599,0.13154918625839662,0.002701587258396615
50690.00200000001,0.1289595217,0.13167852769245997,0.002719005992459972
50760.00200000001,0.1290529221,0.13179167363370092,0.0027387515337009283
50840.00200000001,0.1291840971,0.1319206307976064,0.0027365336976064025
50910.00200000001,0.129289344,0.1320324615730159,0.002743117573015902
50990.00200000001,0.1294420362,0.13216022494986884,0.002718188749868844
51060.00200000001,0.1295346767,0.1322720054358072,0.002737328735807204
51130.00200000001,0.1296503097,0.13238381787263787,0.002733508172637872
51210.00200000001,0.1297911257,0.1325116163904244,0.002720490690424404
51280.00200000001,0.1298793256,0.13262341165629646,0.0027440860562964464
51360.00200000001,0.1300394237,0.13275119338134686,0.0027117696813468706
51430.00200000001,0.1301268935,0.13286298037036565,0.0027360868703656394
51510.00200000001,0.1302788407,0.13299078204160822,0.0027119413416082094
51580.00200000001,0.1303922385,0.13310260888537348,0.002710370385373473
51650.00200000001,0.1304997057,0.13321526354733015,0.002715557847330158
51730.00200000001,0.1306116283,0.13334525605777034,0.002733627757770335
51800.00200000001,0.1307353973,0.1334590078807952,0.002723610580795205
51880.00200000001,0.1308695525,0.13358902506636688,0.0027194725663668706
51950.00200000001,0.1309992671,0.13370280662573555,0.0027035395257355432
52020.00200000001,0.1310815364,0.13381654598048282,0.002735009580482811
52100.00200000001,0.1312394142,0.13394656000482028,0.002707145804820288
52170.00200000001,0.1313513368,0.1340603225784151,0.0027089857784151072
52250.00200000001,0.1314788163,0.13419033013760895,0.002711513837608953
52320.00200000001,0.1315855533,0.13430408677268582,0.00271853347268583
52400.00200000001,0.1317159981,0.13443408685989855,0.0027180887598985404
52470.00200000001,0.1318167895,0.13454328394641712,0.0027264944464171215
52540.00200000001,0.1319435388,0.13465069990894085,0.002707161108940842
52620.00200000001,0.1320895553,0.13477346594260445,0.0026839106426044534
52690.00200000001,0.1322059184,0.13488088452888636,0.002674966128886347
52770.00200000001,0.1323282123,0.13500363397106618,0.002675421671066186
52840.00200000001,0.1324127167,0.13511101087580324,0.002698294175803251
52920.00200000001,0.1325401962,0.13523374377581748,0.0026935475758174954
52990.00200000001,0.1326476783,0.13534114319791035,0.0026934648979103637
53060.00200000001,0.1327632964,0.1354485382736672,0.002685241873667199
53140.00200000001,0.1329211593,0.13557132889889112,0.002650169598891111
53210.00200000001,0.1330086291,0.13567872375766177,0.00267009465766177
53290.00200000001,0.1331338882,0.1357983445422719,0.0026644563422719147
53360.00200000001,0.1332658082,0.13590265505915386,0.0026368468591538574
53430.00200000001,0.1333814412,0.136006958214973,0.002625517014972989
53510.00200000001,0.1334866881,0.13612612696969797,0.0026394388696979743
53580.00200000001,0.1336067766,0.13623044282721175,0.002623666227211746
53660.00200000001,0.1337394416,0.1363496530338023,0.002610211433802301
53730.00200000001,0.1338580251,0.13645396113732694,0.0025959360373269402
53810.00200000001,0.1339566112,0.13657312968449326,0.002616518484493263
53880.00200000001,0.1340744495,0.1366774358631569,0.002602986363156895
53950.00200000001,0.1342056394,0.13678174981423583,0.0025761104142358326
54030.00200000001,0.1343249679,0.13690043752451797,0.002575469624517962
54100.00200000001,0.1344205886,0.13700116076452937,0.0025805721645293656
54180.00200000001,0.1345554739,0.13711629569757722,0.0025608217975772174
54250.00200000001,0.1346674114,0.1372170345924279,0.002549623192427908
54330.00200000001,0.1347822994,0.13733215467894777,0.0025498552789477713
54400.00200000001,0.1349031031,0.13743289659911678,0.002529793499116778
54470.00200000001,0.1350009441,0.13753364901637943,0.0025327049163794413
54550.00200000001,0.1351269484,0.13764878056724927,0.0025218321672492716
54620.00200000001,0.1352069825,0.13774948970866902,0.002542507208669026
54700.00200000001,0.1353300214,0.13786463016971234,0.002534608769712343
54770.00200000001,0.1354389787,0.13796535519966255,0.002526376499662558
54850.00200000001,0.1355679482,0.13807195266105043,0.002504004461050424
54920.00200000001,0.1356620789,0.1381528966118698,0.0024908177118697916
54990.00200000001,0.1357977241,0.1382351441913891,0.002437420091389114
55070.00200000001,0.1359037161,0.138337514379214,0.002433798279214
55140.00200000001,0.1360148937,0.13842709996313254,0.0024122062631325436
55220.00200000001,0.1361268014,0.13852948170277074,0.0024026803027707433
55290.00200000001,0.1362261176,0.13861906533568244,0.002392947735682438
55360.00200000001,0.1363298893,0.13870865100585442,0.0023787617058544097
55440.00200000001,0.1364262402,0.13881101291616055,0.0023847727161605548
55510.00200000001,0.1365537196,0.1389006250025467,0.0023469054025467007
55590.00200000001,0.1366760135,0.1390030203798763,0.0023270068798763033
55660.00200000001,0.1367686689,0.13909261510458926,0.0023239462045892556
55740.00200000001,0.1368961483,0.13919501125850206,0.002298862958502068
55810.00200000001,0.1369695365,0.13928142178430913,0.0023118852843091453
55880.00200000001,0.1370703429,0.13936368881571015,0.002293345915710149
55960.00200000001,0.1371778101,0.13945769971090965,0.0022798896109096634
56030.00200000001,0.137256369,0.13953995103082237,0.0022835820308223787
56110.00200000001,0.1373675466,0.13963394215494807,0.002266395554948064
56180.00200000001,0.1374676079,0.1397162154023956,0.002248607502395583
56260.00200000001,0.1375654489,0.13981023308006915,0.0022447841800691537
56330.00200000001,0.1376744062,0.13989250948042442,0.0022181032804244327
56400.00200000001,0.1377507448,0.1399747564691362,0.0022240116691362166
56480.00200000001,0.1378641427,0.14006877649542337,0.0022046337954233775
56550.00200000001,0.1379767954,0.1401510495503177,0.002174254150317717
56630.00200000001,0.138089478,0.14024265454305482,0.00215317654305483
56700.00200000001,0.138159886,0.14032153447318962,0.0021616484731896146
56770.00200000001,0.1382547617,0.14040043548958397,0.0021456737895839684
56850.00200000001,0.1383355409,0.14049058286406535,0.0021550419640653518
56920.00200000001,0.1384585798,0.1405695161996245,0.00211093639962448
57000.00200000001,0.1385252923,0.14065965156555554,0.002134359265555552
57070.00200000001,0.1386142224,0.14073854050488133,0.0021243181048813398
57150.00200000001,0.1387298554,0.14082872252243034,0.002098867122430348
57220.00200000001,0.1388128698,0.1409076160452369,0.0020947462452369225
57290.00200000001,0.1389233023,0.1409865418170736,0.0020632395170736006
57370.00200000001,0.1389707327,0.1410766779928877,0.002105945292887712
57440.00200000001,0.1390982121,0.1411444005455516,0.0020461884455516
57520.00200000001,0.1391612291,0.141219668962781,0.002058439862780981
57590.00200000001,0.139230907,0.14128553720943637,0.0020546302094363866
57670.00200000001,0.1393524557,0.1413608466213151,0.0020083909213151063
57740.00200000001,0.1394191682,0.14142670736793536,0.0020075391679353627
57810.00200000001,0.139522925,0.14149262098216764,0.0019696959821676463
57890.00200000001,0.139584437,0.14156789899320985,0.0019834619932098396
57960.00200000001,0.1396607906,0.1416337713365018,0.0019729807365017893
58040.00200000001,0.1397771537,0.14170909462178852,0.0019319409217885275
58110.00200000001,0.1398416311,0.14177496911228127,0.001933338012281266
58190.00200000001,0.139937982,0.14184420825055577,0.0019062262505557814
58260.00200000001,0.1399943084,0.14190402058257756,0.001909712182577572
58330.00200000001,0.1400647312,0.14196384968637446,0.0018991184863744737
58410.00200000001,0.1401692331,0.14203225182696969,0.001863018726969673
58480.00200000001,0.1402300149,0.14209207652511543,0.0018620616251154298
58560.00200000001,0.1403389722,0.1421604787452939,0.0018215065452938939
58630.00200000001,0.1403715909,0.14222029521752616,0.0018487043175261508
58700.00200000001,0.1404820234,0.14228014956075252,0.0017981261607525334
58780.00200000001,0.1405576319,0.14234855880886704,0.0017909269088670354
58850.00200000001,0.1406058073,0.14240836441826787,0.001802557118267878
58930.00200000001,0.1406836212,0.14247660878054064,0.0017929875805406392
59000.00200000001,0.1407725662,0.1425354951562675,0.0017629289562675066
59080.00200000001,0.1408363134,0.14260275810858614,0.0017664447085861401
59150.00200000001,0.14089486,0.14266161685440937,0.001766756854409357
59220.00200000001,0.1409719437,0.1427204885389619,0.0017485448389619185
59300.00200000001,0.1410549581,0.1427877693422264,0.0017328112422264064
59370.00200000001,0.1411216557,0.1428466376990636,0.001724981999063624
59450.00200000001,0.1412054151,0.14291391386048136,0.0017084987604813473
59520.00200000001,0.141266197,0.14297278006780517,0.0017065830678051619
59600.00200000001,0.1413447708,0.14304006363614452,0.0016952928361445296
59670.00200000001,0.1414070278,0.14309892614670627,0.001691898346706272
59740.00200000001,0.14147003,0.14315413527559318,0.0016841052755931785
59820.00200000001,0.1415537894,0.14320692386756062,0.0016531344675606297
59890.00200000001,0.1415923238,0.1432530945599856,0.001660770759985608
59970.00200000001,0.1416679174,0.14330587154844251,0.0016379541484425053
60040.00200000001,0.1417264789,0.14335205058298278,0.0016255716829827738
60110.00200000001,0.1417768747,0.14339822432495236,0.0016213496249523618
60190.00200000001,0.1418435872,0.14345100309462738,0.0016074158946273731
60260.00200000001,0.1419088095,0.1434971877953712,0.0015883782953712011
60340.00200000001,0.1420014501,0.14354985387195057,0.0015484037719505628
60410.00200000001,0.1420577914,0.14359556182961813,0.0015377704296181405
60490.00200000001,0.1421215236,0.14364780839279173,0.0015262847927917378
60560.00200000001,0.1421556175,0.14369349448405508,0.001537876984055081
60630.00200000001,0.1422304809,0.14373921709602905,0.0015087361960290369
60710.00200000001,0.1422905177,0.1437914525136159,0.0015009348136159062
60780.00200000001,0.1423416585,0.14383716158986887,0.0014955030898688715
60860.00200000001,0.1423994601,0.1438893974772893,0.0014899373772892799
60930.00200000001,0.1424335688,0.14393508526460885,0.0015015164646088597
61010.00200000001,0.1424958408,0.14398734303532662,0.001491502235326625
61080.00200000001,0.1425447464,0.14403304093067532,0.0014882945306753104
61150.00200000001,0.1426055282,0.14407685451531158,0.0014713263153115774
61230.00200000001,0.1426752061,0.1441240543312821,0.0014488482312820794
61300.00200000001,0.1427189261,0.14416536350277007,0.0014464374027700622
61380.00200000001,0.142780453,0.1442125612095796,0.0014321082095795912
61450.00200000001,0.142824173,0.14425385874720276,0.001429685747202758
61530.00200000001,0.1428945959,0.144301064863313,0.0014064689633130067
61600.00200000001,0.1429323852,0.14434236170737386,0.0014099765073738446
61670.00200000001,0.1429983526,0.14438368339425744,0.0013853307942574555
61750.00200000001,0.1430339366,0.14443087775618974,0.0013969411561897405
61820.00200000001,0.1430917382,0.14447219371740952,0.0013804555174095068
61900.00200000001,0.1431436241,0.14451939851733275,0.001375774417332748
61970.00200000001,0.1432029158,0.14456108404803705,0.001358168248037056
62040.00200000001,0.1432281137,0.14460289855806596,0.0013747848580659694
62120.00200000001,0.1432659179,0.14465067469151174,0.001384756791511732
62190.00200000001,0.1433341056,0.14469251786280884,0.0013584122628088335
62270.00200000001,0.1433719099,0.1447403117200472,0.0013684018200471881
62340.00200000001,0.1434126794,0.1447821353347647,0.0013694559347647017
62420.00200000001,0.1434586197,0.14482992551943882,0.0013713058194388117
62490.00200000001,0.1435431391,0.14487176912945054,0.0013286300294505504
62560.00200000001,0.1435535103,0.14491357991054682,0.0013600696105468268
62640.00200000001,0.1436239183,0.14496139423670448,0.0013374759367044964
62710.00200000001,0.1436654329,0.14500322053631098,0.001337787636310983
62790.00200000001,0.1436950713,0.14503645629277256,0.0013413849927725596
62860.00200000001,0.1437269449,0.14506377064665388,0.0013368257466538913
62940.00200000001,0.1437906921,0.14509500911971276,0.0013043170197127585
63010.00200000001,0.1438136697,0.14512233271055558,0.0013086630105555719
63080.00200000001,0.1438588798,0.14514966082193836,0.0012907810219383586
63160.00200000001,0.1439404041,0.14518207017909213,0.0012416660790921241
63230.00200000001,0.1439359635,0.14521731890596268,0.0012813554059626642
63310.00200000001,0.143984139,0.14525764373969569,0.0012735047396956745
63380.00200000001,0.1440382451,0.1452929294458607,0.001254684345860707
63450.00200000001,0.1440634429,0.14532820500506224,0.0012647621050622393
63530.00200000001,0.1441294104,0.1453685398873356,0.0012391294873356218
63600.00200000001,0.1441479325,0.14540380265559538,0.00125587015559539
63680.00200000001,0.1441775858,0.14544412283718627,0.001266537037186266
63750.00200000001,0.1442302018,0.14547939971965773,0.0012491979196577185
63830.00200000001,0.1442702264,0.14551971985257484,0.0012494934525748291
63900.00200000001,0.1443124712,0.14555500397222834,0.0012425327722283552
63970.00200000001,0.1443688124,0.1455888915389683,0.0012200791389683219
64050.00200000001,0.1443814039,0.14562364594736743,0.00124224204736742
64120.00200000001,0.1444495916,0.1456540902625705,0.0012044986625704968
64200.00200000001,0.1444518119,0.14568882988663284,0.001237017986632838
64270.00200000001,0.1445007324,0.14571924730458452,0.0012185149045845223
64350.00200000001,0.1445333511,0.1457540101222371,0.0012206590222370861
64420.00200000001,0.1445719004,0.14578443596827162,0.001212535568271611
64490.00200000001,0.1446423233,0.1458148879998743,0.0011725646998743122
64570.00200000001,0.1446630657,0.14584964425205346,0.0011865785520534522
64640.00200000001,0.1446652859,0.14588004216892778,0.0012147562689277802
64720.00200000001,0.1447245926,0.14591482284774998,0.0011902302477499738
64790.00200000001,0.1447408944,0.1459426633462993,0.0012017689462993086
64870.00200000001,0.1447935104,0.14597232570052218,0.0011788153005221902
64940.00200000001,0.1447950006,0.14599826410441125,0.001203263504411245
65010.00200000001,0.1448298395,0.14602421527481968,0.0011943757748196782
65090.00200000001,0.1449039578,0.14605389419798717,0.0011499363979871613
65160.00200000001,0.1449150741,0.14607982484849152,0.001164750748491511
65240.00200000001,0.144958064,0.14610949051631808,0.0011514265163180826
65310.00200000001,0.1449832618,0.1461354467759281,0.0011521849759280889
65380.00200000001,0.1450380981,0.14616141016546957,0.0011233120654695616
65460.00200000001,0.1450455189,0.14619104921535203,0.001145530315352028
65530.00200000001,0.145090729,0.1462170186219263,0.0011262896219262908
65610.00200000001,0.1451403946,0.146215036895691,0.0010746422956909862
65680.00200000001,0.1451344639,0.1462381771847629,0.001103713284762886
65760.00200000001,0.145205617,0.14626467970861462,0.001059062708614611
65830.00200000001,0.1451996863,0.14628782371943666,0.0010881374194366689
65900.00200000001,0.1452263594,0.14631098250385582,0.0010846231038558196
65980.00200000001,0.1452626884,0.14633745401690235,0.00107476561690234
66050.00200000001,0.1453123391,0.14636063257853324,0.0010482934785332465
66130.00200000001,0.1453493983,0.14638711695161652,0.0010377186516165315
66200.00200000001,0.1453716308,0.14641028470929598,0.0010386539092959723
66280.00399999999,0.1453523636,0.1464367389055839,0.00108437530558389
66350.00399999999,0.1453968287,0.14645990820248905,0.001063079502489045
66420.00399999999,0.1454420537,0.14648393995322484,0.0010418862532248496
66500.00399999999,0.1454657614,0.14651210831023254,0.0010463469102325318
66570.00399999999,0.1455198675,0.14653678706088105,0.001016919560881041
66650.00399999999,0.1455139369,0.146564951441783,0.0010510145417829964
66720.00399999999,0.1455309838,0.14658961511242555,0.0010586313124255342
66790.00399999999,0.1455888003,0.14661427272250788,0.0010254724225078893
66870.00399999999,0.1456147432,0.1466424577879747,0.0010277145879746818
66940.00399999999,0.1456570029,0.14666712086978406,0.0010101179697840634
67020.00399999999,0.145666644,0.14669530281523344,0.0010286588152334242
67090.00399999999,0.1456770152,0.14671995071031535,0.0010429355103153404
67170.00399999999,0.145720005,0.14674815002454678,0.0010281450245467616
67240.00399999999,0.1457385272,0.14676666781277928,0.0010281406127792825
67310.00399999999,0.1457429826,0.14678419860742714,0.0010412160074271537
67390.00399999999,0.145790413,0.1468042251489694,0.0010138121489693952
67460.00399999999,0.1458022743,0.14682175207137052,0.0010194777713705139
67540.00399999999,0.1458445191,0.14684179096594235,0.0009972718659423674
67610.00399999999,0.1458511949,0.14685931041256078,0.0010081155125607755
67690.00399999999,0.145878613,0.146879341959542,0.0010007289595420077
67760.00399999999,0.145905301,0.14689687315224498,0.0009915721522449905
67830.00399999999,0.1459475458,0.14691440500646571,0.00096685920646572
67910.00399999999,0.1459608823,0.14693444014060514,0.0009735578406051271
67980.00399999999,0.1459631026,0.14695195630544056,0.000988853705440551
68060.00399999999,0.1460216641,0.1469720057235209,0.000950341623520895
68130.00399999999,0.14602907,0.14698953801036857,0.0009604680103685592
68210.00399999999,0.1460350007,0.1470095595534861,0.0009745588534861016
68280.00399999999,0.1460631639,0.14702709184270962,0.0009639279427096359
68350.00399999999,0.1461150497,0.14704464017205687,0.0009295904720568737
68430.00399999999,0.1461091191,0.1470646652003419,0.000955546100341903
68500.00399999999,0.1461320966,0.14708219590059102,0.0009500993005910063
68580.00399999999,0.1461654454,0.14710223632268887,0.0009367909226888627
68650.00399999999,0.1461647153,0.1471197637590943,0.0009550484590943042
68720.00399999999,0.1462173313,0.14713732245565803,0.0009199911556580231
68800.00399999999,0.146224007,0.14715760961888108,0.0009336026188810909
68870.00399999999,0.1462395638,0.1471760478639434,0.0009364840639433936
68950.00399999999,0.1462751478,0.14719713779008226,0.0009219899900822504
69020.00399999999,0.1462647617,0.14721556293399674,0.0009508012339967398
69100.00399999999,0.1463240683,0.14723666008882402,0.0009125917888240243
69170.00399999999,0.1463351846,0.14725510128077685,0.0009199166807768444
69240.00399999999,0.1463544518,0.14727354774864143,0.0009190959486414241
69320.00399999999,0.1463440806,0.14729461450107423,0.0009505339010742186
69390.00399999999,0.1464122683,0.147313079903595,0.0009008116035949809
69470.00399999999,0.1464078128,0.14733414726326916,0.0009263344632691461
69540.00399999999,0.1464233845,0.14735260316271323,0.0009292186627132271
69620.00399999999,0.1464263499,0.14737076182936196,0.0009444119293619546
69690.00399999999,0.1464671046,0.1473841500576153,0.0009170454576152842
69760.00399999999,0.1464797109,0.1473975348393869,0.0009178239393868859
69840.00399999999,0.1465026885,0.14741284105259433,0.0009101525525943288
69910.00399999999,0.1465219557,0.14742622558227164,0.00090426988227163
69990.00399999999,0.1465471536,0.14744153280322153,0.0008943792032215236
70060.00399999999,0.1465649456,0.14745492550663536,0.0008899799066353631
70130.00399999999,0.1465627253,0.1474682981284224,0.0009055728284224074
70210.00399999999,0.1465945989,0.1474835996101479,0.0008890007101478858
70280.00399999999,0.1466101557,0.14749699530178,0.0008868396017800151
70360.00399999999,0.1466435045,0.14751230769980103,0.0008688031998010382
70430.00399999999,0.1466612965,0.14752764310034966,0.0008663466003496489
70510.00399999999,0.1466538906,0.14754604335118537,0.0008921527511853711
70580.00399999999,0.146685034,0.14756216907146827,0.0008771350714682769
70650.00399999999,0.1466991156,0.14757828055767247,0.000879164957672457
70730.00399999999,0.1467213482,0.1475966967334765,0.000875348533476511
70800.00399999999,0.146710977,0.14761279779776812,0.000901820797768127
70880.00399999999,0.1467443258,0.14763122675241305,0.0008869009524130611
70950.00399999999,0.1467421055,0.14764732591858382,0.0009052204185838186
71030.00399999999,0.1467858255,0.147665759919833,0.0008799344198330006
71100.00399999999,0.1467976868,0.14768187048241949,0.0008841836824194926
71170.00399999999,0.1468191892,0.14769799517734822,0.0008788059773482126
71250.00399999999,0.1468577236,0.1477138154320522,0.0008560918320522082
71320.00499999998,0.1468473524,0.1477273264245998,0.0008799740245998
71400.00499999998,0.1468999684,0.14774279753495567,0.0008428291349556749
71470.00499999998,0.1468688399,0.1477562948790987,0.0008874549790987007
71550.00499999998,0.1468999684,0.1477717567194397,0.0008717883194397091
71620.00499999998,0.1469207257,0.1477852885544764,0.0008645628544763917
71690.00499999998,0.1469274014,0.1477988052668734,0.0008714038668733992
71770.00499999998,0.1469466686,0.14781426358207006,0.0008675949820700635
71840.00499999998,0.146976307,0.1478277920997506,0.0008514850997506096
71920.00499999998,0.1470037401,0.14784325779519158,0.0008395176951915828
71990.00499999998,0.1470304132,0.1478568134619078,0.0008264002619078059
72060.00499999998,0.1470445096,0.14787053483009496,0.0008260252300949511
72140.00499999998,0.1470163316,0.1478861928265845,0.0008698612265845007
72210.00499999998,0.1470600665,0.14789993159026207,0.0008398650902620708
72290.00499999998,0.1470793337,0.14791561717493867,0.000836283474938665
72360.00499999998,0.1470971256,0.14792933667502423,0.0008322110750242362
72440.00499999998,0.1470993459,0.14794501342342453,0.0008456675234245203
72510.00499999998,0.1470986158,0.1479587237732447,0.0008601079732447059
72580.00499999998,0.1471334398,0.14797246436135614,0.0008390245613561498
72660.00499999998,0.1471512318,0.14798814139897049,0.0008369095989704811
72730.00499999998,0.1471564174,0.14800185864544993,0.0008454412454499405
72810.00499999998,0.1471719891,0.14801745968487762,0.0008454705848776056
72880.00499999998,0.1471845806,0.14803099046347049,0.000846409863470482
72960.00499999998,0.1472016275,0.14804645157364577,0.0008448240736457779
73030.00499999998,0.147232756,0.14805999028756797,0.0008272342875679795
73100.00499999998,0.1472320259,0.14807351837183969,0.0008414924718396777
73180.00499999998,0.1472520381,0.1480889777211417,0.0008369396211417024
73250.00499999998,0.1472572237,0.14810250113363527,0.000845277433635272
73330.00499999998,0.1472609341,0.14811796899479052,0.000857034894790526
73400.00499999998,0.1472987235,0.1481315077172735,0.0008327842172734801
73470.00499999998,0.1473046541,0.14814504296774014,0.000840388867740155
73550.00499999998,0.1473276317,0.14816050882887585,0.0008328771288758641
73620.00499999998,0.1473372728,0.14817489707655906,0.0008376242765590625
73700.00499999998,0.1473461688,0.14819206044944155,0.0008458916494415436
73770.00499999998,0.147329852,0.14820706382023602,0.0008772118202360069
73850.00499999998,0.1473869234,0.1482242639311805,0.0008373405311804805
73920.00499999998,0.1474032402,0.1482392876148927,0.0008360474148926822
73990.00499999998,0.1474024951,0.14825430613043292,0.0008518110304329141
74070.00499999998,0.1474195421,0.14827147204599747,0.0008519299459974761
74140.00499999998,0.1474380642,0.14828650472753707,0.0008484405275370754
74220.00499999998,0.1474462152,0.1483036778904478,0.0008574626904477856
74290.00499999998,0.1474877298,0.14831871933348686,0.00083098953348687
74370.00499999998,0.1474551111,0.1483358646914656,0.0008807535914655829
74440.00499999998,0.1475062519,0.1483476798025717,0.0008414279025717175
74510.00499999998,0.1475084871,0.14835894097336608,0.0008504538733660749
74590.00499999998,0.1475032866,0.14837180222229363,0.0008685156222936197
74660.00499999998,0.1475299746,0.14838307063485184,0.0008530960348518413
74740.00499999998,0.1475373805,0.14839594798350364,0.0008585674835036305
74810.00499999998,0.1475618482,0.1484072133730469,0.000845365173046897
74890.00499999998,0.1475788951,0.14842009578597815,0.0008412006859781496
74960.00499999998,0.1475929767,0.14843136068315707,0.0008383839831570816
75030.00499999998,0.147604093,0.14844263272565028,0.0008385397256502891
75110.00499999998,0.1476433724,0.1484555268765218,0.0008121544765218036
75180.00499999998,0.1476404071,0.14846680023932718,0.0008263931393271695
75260.00499999998,0.1476685703,0.14848731977505714,0.00081874947505714
75330.00499999998,0.1476826519,0.14850527073672076,0.0008226188367207732
75400.00499999998,0.1476893276,0.14852322043059987,0.0008338928305998694
75480.00499999998,0.1477100849,0.14854372999338816,0.0008336450933881523
75550.00499999998,0.1477160156,0.14856168259943975,0.0008456669994397481
75630.00499999998,0.1477308422,0.14858218208444357,0.0008513398844435804
75700.00499999998,0.1477545649,0.14860014302799107,0.0008455781279910757
75780.00499999998,0.1477805078,0.14862067359922543,0.0008401657992254397
75850.00499999998,0.1477834731,0.1486386127864174,0.0008551396864173999
75920.00499999998,0.1478079259,0.1486565621280982,0.000848636228098193
76000.00499999998,0.1478057057,0.14867619587319628,0.0008704901731962644
76070.00499999998,0.1478279382,0.14869110342130543,0.0008631652213054175
76150.00499999998,0.1478561014,0.1487081349571649,0.0008520335571648996
76220.00499999998,0.1478598118,0.1487230359511152,0.0008632241511151995
76300.00499999998,0.1478820443,0.1487400735187912,0.0008580292187912175
76370.00499999998,0.1478805691,0.14875497384899244,0.0008744047489924467
76440.00499999998,0.147879824,0.14876986952174218,0.0008900455217421832
76520.00499999998,0.1479302198,0.14878691913168274,0.0008566993316827254
76590.00499999998,0.1479376405,0.14880181794838623,0.0008641774483862386
76670.00499999998,0.1479465365,0.14881884818209784,0.0008723116820978372
76740.00499999998,0.1479798853,0.14883376980970103,0.0008538845097010306
76810.00499999998,0.1479791403,0.1488505573876102,0.0008714170876101823
76890.00499999998,0.1479813606,0.14887262915390737,0.000891268553907365
76960.00499999998,0.1480043381,0.14889195327783933,0.0008876151778393349
77040.00499999998,0.1480288059,0.14891402791980776,0.0008852220198077576
77110.00499999998,0.1480413973,0.14893335052239792,0.0008919532223979343
77190.00499999998,0.1480792016,0.14895543989658278,0.0008762382965827875
77260.00499999998,0.1480725259,0.14897474529785348,0.000902219397853482
77330.00499999998,0.1481029242,0.14899406545664357,0.0008911412566435517
77410.00499999998,0.1481110752,0.14901613413700932,0.0009050589370093176
77480.00499999998,0.1481125504,0.1490354454449762,0.0009228950449762241
77560.00499999998,0.1481325626,0.1490575238490948,0.0009249612490948023
77630.00499999998,0.1481659263,0.14907415531918541,0.0009082290191854137
77710.00499999998,0.1481762975,0.1490919298519195,0.0009156323519194931
77780.00499999998,0.1481948197,0.14910749431650067,0.0009126746165006583
77850.00499999998,0.1482000202,0.14912304351813482,0.0009230233181348191
77930.00499999998,0.1482370794,0.1491408353552532,0.0009037559552531882
78000.00499999998,0.1482526362,0.14915639861037028,0.0009037624103702679
78080.00499999998,0.1482889503,0.14917418811028754,0.0008852378102875424
78150.00499999998,0.1482785791,0.14918974201197358,0.0009111629119735731
78230.00499999998,0.1483237892,0.14920753156556713,0.000883742365567125
78300.00499999998,0.1483059973,0.14922307097014373,0.0009170736701437365
78370.00499999998,0.1483260095,0.14923864230875733,0.0009126328087573354
78450.00499999998,0.1483386159,0.14930130678448242,0.00096269088448242
78520.00499999998,0.1483875364,0.14932525790015538,0.0009377215001553918
78600.00499999998,0.1484090239,0.14934586477731382,0.000936840877313827
78670.00499999998,0.1484231055,0.1493638878078629,0.0009407823078628752
78740.00499999998,0.1484371871,0.14938191937416428,0.0009447322741642783
78820.00499999998,0.1484571993,0.14940252119350897,0.0009453218935089602
78890.00499999998,0.1484764665,0.14942054757970769,0.0009440810797076982
78970.00499999998,0.1484927833,0.1494411464758221,0.0009483631758221145
79040.00499999998,0.1484883279,0.14945916376518376,0.0009708358651837612
79120.00499999998,0.148525387,0.1494797768423893,0.0009543898423892971
79190.00499999998,0.1485498548,0.1494978148163755,0.0009479600163755098
79260.00499999998,0.1485705972,0.1495158423420031,0.0009452451420031149
79340.00499999998,0.1485839486,0.14953888915709243,0.000954940557092443
79410.00499999998,0.1485913545,0.1495590549405651,0.0009677004405651002
79490.00499999998,0.148649171,0.1495821251654024,0.0009329541654023998
79560.00499999998,0.148640275,0.149602271038822,0.0009619960388220217
79640.00499999998,0.1486810446,0.14962534198724237,0.0009442973872423599
79710.00499999998,0.1487054974,0.14964551234623957,0.0009400149462395757
79780.00499999998,0.148720324,0.1496656806654149,0.0009453566654149259
79860.00499999998,0.1487217993,0.14968871642505102,0.0009669171250510089
79930.00499999998,0.1487536728,0.14970890416321297,0.0009552313632129883
80010.00499999998,0.1487729549,0.14973194473739576,0.0009589898373957573
80080.00499999998,0.1488115042,0.14975451528627048,0.0009430110862704844
80150.00499999998,0.1488211304,0.14978291535234955,0.0009617849523495536
80230.00499999998,0.1488507837,0.1498153791306267,0.0009645954306267135
80300.00499999998,0.1488641202,0.1498437894140448,0.0009796692140447982
80380.00499999998,0.148880437,0.14987623785719145,0.0009958008571914478
80450.00499999998,0.1489122957,0.14990466524064322,0.0009923695406432176
80530.00499999998,0.1489122957,0.14993712875559817,0.0010248330555981677
80600.00499999998,0.1489493549,0.1499655449207301,0.0010161900207301122
80670.00499999998,0.1489812285,0.14999395937218052,0.0010127308721805117
80750.00499999998,0.1489893794,0.15002642829415658,0.001037048894156567
80820.00499999998,0.1490079165,0.15005482861623953,0.001046912116239529
80900.00499999998,0.1490353346,0.15008550783778923,0.0010501732377892203
80970.00499999998,0.149091661,0.1501108296343635,0.001019168634363521
81050.00499999998,0.1490931511,0.150139743267472,0.0010465921674720213
81120.00499999998,0.1491057426,0.15016502547247484,0.001059282872474837
81190.00499999998,0.1491353959,0.1501903316026395,0.001054935702639509
81270.00499999998,0.1491509527,0.1502192369959383,0.0010682842959383043
81340.00499999998,0.1492058039,0.1502445598810181,0.0010387559810181024
81420.00499999998,0.1491872817,0.15027345110953222,0.0010861694095322116
81490.00499999998,0.1492473185,0.15029877201654723,0.0010514535165472294
81570.00499999998,0.1492532492,0.15032767588190113,0.001074426681901136
81640.00499999998,0.1492880732,0.15035298617169357,0.0010649129716935601
81710.00499999998,0.1493088305,0.15037972200693822,0.0010708915069382319
81790.00499999998,0.1493540406,0.1504109536257434,0.0010569130257434
81860.00499999998,0.1493733078,0.15043827230708434,0.0010649645070843483
81940.00499999998,0.1493933201,0.15046947873499172,0.0010761586349917196
82010.00499999998,0.1493925899,0.15049677827345243,0.0011041883734524138
82080.00499999998,0.1494148225,0.1505240839209238,0.0011092614209238238
82160.00499999998,0.1494844854,0.15055533493822712,0.0010708495382271144
82230.00499999998,0.149490416,0.1505826346326557,0.0010922186326557115
82310.00499999998,0.1495289654,0.15061385761936552,0.0010848922193655297
82380.00499999998,0.1495549083,0.15064117068576566,0.0010862623857656462
82460.00499999998,0.1495941877,0.15067240902657003,0.001078221326570039
82530.00499999998,0.149577871,0.15070346436942783,0.0011255933694278297
82600.00499999998,0.1496090144,0.15073453980829804,0.0011255254082980504
82680.00499999998,0.1496586651,0.1507700679817941,0.0011114028817940935
82750.00499999998,0.1496920139,0.15080115598608013,0.0011091420860801227
82830.00499999998,0.1497046202,0.15083665265181728,0.001132032451817283
82900.00499999998,0.1497490853,0.150867745963994,0.0011186606639939922
82980.00499999998,0.149772808,0.15090325095249807,0.001130442952498062
83050.00499999998,0.1497972608,0.15093432951367056,0.0011370687136705582
83120.00499999998,0.1498069167,0.15096540275832715,0.0011584860583271628
83200.00499999998,0.1498521268,0.15100092997748804,0.001148803177488028
83270.00499999998,0.1498699188,0.15103190559246146,0.0011619867924614613
83350.00499999998,0.1499091983,0.15106668112987154,0.0011574828298715478
83420.00499999998,0.1499373615,0.1510971132265398,0.0011597517265397872
83490.00499999998,0.1499766409,0.15112755094087763,0.0011509100408776118
83570.00499999998,0.149986282,0.15116231632471927,0.0011760343247192717
83640.00499999998,0.1500470638,0.15119276587565073,0.0011457020756507341
83720.00499999998,0.150065586,0.151227539890736,0.001161953890736006
83790.00499999998,0.1501041353,0.15125797890022755,0.0011538436002275498
83870.00499999998,0.1501152515,0.1512927476204894,0.0011774961204893963
83940.00499999998,0.1501411945,0.1513231747064353,0.0011819802064353124
84010.00499999998,0.1502086371,0.15135364055126416,0.0011450034512641705
84090.00499999998,0.1502027065,0.15139118555566988,0.0011884790556698777
84160.00499999998,0.1502738595,0.15142810570678739,0.0011542462067873904
84240.00499999998,0.1502723694,0.15147024830366143,0.0011978789036614368
84310.00499999998,0.1503079534,0.15150715149008684,0.0011991980900868393
84390.00499999998,0.1503390819,0.1515493192599478,0.0012102373599477967
84460.00499999998,0.1503731757,0.15158621579118697,0.0012130400911869732
84530.00499999998,0.1504213512,0.15162313078497225,0.0012017795849722512
84610.00499999998,0.1504369229,0.15166529260787154,0.001228369707871546
84680.00499999998,0.1504984349,0.15170220340495347,0.0012037685049534619
84760.00499999998,0.1505206674,0.15174437042093336,0.0012237030209333588
84830.00499999998,0.1505421698,0.15178205552806262,0.001239885728062634
84910.00499999998,0.1505977511,0.1518263523641205,0.001228601264120499
84980.00499999998,0.1506177634,0.1518650667862309,0.0012473033862309135
85050.00499999998,0.1506696492,0.15190383141329544,0.0012341822132954372
85130.00499999998,0.1507104188,0.15194810464400554,0.0012376858440055483
85200.00499999998,0.150746733,0.15198685113470659,0.0012401181347065915
85280.00499999998,0.1507815719,0.1520311249670953,0.0012495530670953159
85350.00499999998,0.1508156657,0.1520698785650167,0.0012542128650167017
85420.00499999998,0.1508230716,0.1521085994858196,0.0012855278858195929
85500.00499999998,0.1508616209,0.15215286416210932,0.0012912432621093317
85570.00499999998,0.1509253681,0.15219163179977263,0.0012662636997726184
85650.00499999998,0.1509564966,0.15223585165553236,0.0012793550555323663
85720.00499999998,0.1509957761,0.15227453802341495,0.001278761923414945
85800.00499999998,0.1510187536,0.15231872356770404,0.00129996996770404
85870.00499999998,0.1510387659,0.15235739132853043,0.0013186254285304233
85940.00499999998,0.151101023,0.15239609250155428,0.0012950695015542801
86020.00499999998,0.15111956,0.15244028358514772,0.001320723585147704
86090.00499999998,0.1511862576,0.15247898008104283,0.0012927224810428128
86170.00499999998,0.1511973888,0.1525231630583475,0.0013257742583475118
86240.00499999998,0.1512359232,0.15256184672842676,0.0013259235284267534
86320.00499999998,0.1512900293,0.15260605913415737,0.0013160298341573784
86390.00499999998,0.1513241231,0.15264474244586024,0.0013206193458602244
86460.00499999998,0.1513700783,0.15268916867522248,0.001319090375222487
86540.00499999998,0.1514034271,0.15274100529400192,0.0013375781940019316
86610.00499999998,0.1514493823,0.1527863718567644,0.001336989556764423
86690.00499999998,0.1514975578,0.15283821735279385,0.0013406595527938603
86760.00499999998,0.1515249759,0.15288357268188307,0.0013585967818830758
86830.00499999998,0.1515650004,0.15292892462057955,0.0013639242205795432
86910.00499999998,0.1516205966,0.1529807762225357,0.0013601796225357066
86980.00499999998,0.1516613662,0.15302614784885554,0.0013647816488555342
87060.00499999998,0.151712507,0.15307798965121994,0.0013654826512199403
87130.00499999998,0.1517599374,0.1531233617872616,0.0013634243872616136
87210.00499999998,0.1517955065,0.15317501765094318,0.0013795111509431746
87280.00499999998,0.1518518478,0.15321916008081127,0.0013673122808112725
87350.00499999998,0.1518659443,0.15326327437802487,0.0013973300780248665
87430.00499999998,0.1519044787,0.15331370160594587,0.0014092229059458616
87500.00499999998,0.1519571096,0.15335784209810327,0.0014007324981032687
87580.00499999998,0.1519800872,0.15340826444587113,0.0014281772458711317
87650.00499999998,0.1520378888,0.15345240489632567,0.0014145160963256742
87730.00499999998,0.1520549357,0.15350282028251458,0.0014478845825145747
87800.00499999998,0.1521475911,0.15354699418835502,0.0013994030883550113
87870.00499999998,0.1521712989,0.15359112289524632,0.0014198239952463165
87950.00499999998,0.152235046,0.15364157604517809,0.0014065300451780727
88020.00499999998,0.1522357911,0.15368700007554587,0.0014512089755458757
88100.00499999998,0.1522847116,0.1537426950507252,0.0014579834507251754
88170.00499999998,0.1523573399,0.15379145227652913,0.0014341123765291286
88250.00499999998,0.1523862481,0.15384713394260757,0.0014608858426075622
88320.00499999998,0.1524499804,0.15389588798778936,0.001445907587789369
88390.00499999998,0.1524996459,0.15394463058859778,0.0014449846885977724
88470.00499999998,0.1525670886,0.15400035030610842,0.001433261706108413
88540.00499999998,0.1525871009,0.15404907476211072,0.0014619738621107214
88620.00499999998,0.1526426971,0.15410478107448072,0.0014620839744807212
88690.00499999998,0.1526760459,0.15415350399306546,0.001477458093065459
88760.00499999998,0.1527427584,0.15420226183568608,0.0014595034356860714
88840.00499999998,0.1527768523,0.15425822327000344,0.0014813709700034483
88910.00499999998,0.1528131664,0.15430741334697334,0.0014942469469733377
88990.00499999998,0.1528954506,0.15436365912897587,0.0014682085289758617
89060.00499999998,0.1529503018,0.15441286643394783,0.0014625646339478382
89140.00499999998,0.1530029178,0.15446909740821352,0.0014661796082135192
89210.00499999998,0.1530481279,0.15451829545981555,0.0014701675598155495
89280.00499999998,0.1530592442,0.1545674762636957,0.0015082320636957136
89360.00499999998,0.1531081647,0.1546236930273329,0.001515528327332899
89430.00499999998,0.1531808078,0.1546729159695392,0.0014921081695391802
89510.00499999998,0.1532215625,0.1547291234098405,0.0015075609098404996
89580.00499999998,0.1532993913,0.1547783486152417,0.0014789573152416968
89660.00499999998,0.1533075422,0.154842151519485,0.0015346093194849864
89730.00499999998,0.1533749849,0.15490020284732056,0.0015252179473205507
89800.00499999998,0.1534253955,0.15495822526136285,0.0015328297613628472
89880.00499999998,0.1534780115,0.15502455155240757,0.0015465400524075634
89950.00499999998,0.1535217464,0.15508258589262566,0.0015608394926256708
90030.00499999998,0.1535995752,0.15514891497480304,0.001549339774803038
90100.00499999998,0.1536395848,0.15520340392675536,0.0015638191267553503
90170.00499999998,0.1536788791,0.15525649369262573,0.0015776145926257312
90250.00499999998,0.1537389159,0.15531717860642105,0.0015782627064210575
90320.00499999998,0.1537856013,0.15537026289420786,0.0015846615942078646
90400.00499999998,0.153862685,0.15543095660584272,0.0015682716058427193
90470.00499999998,0.1539019793,0.15548404316750952,0.001582063867509531
90550.00499999998,0.1539597958,0.15554472943507372,0.0015849336350737264
90620.00499999998,0.1540094614,0.15559781330292366,0.0015883519029236681
90690.00499999998,0.1540650427,0.15565091190134345,0.0015858692013434594
90770.00499999998,0.154146567,0.15571160558062486,0.0015650385806248446
90840.00499999998,0.1542051286,0.15576471386892565,0.0015595852689256617
90920.00499999998,0.1542310715,0.15583285463912577,0.001601783139125762
90990.00499999998,0.1543081552,0.15589342927160232,0.0015852740716023328
91070.00499999998,0.1543533653,0.15596262210924816,0.0016092568092481718
91140.00499999998,0.1544096917,0.1560231826176433,0.0016134909176433176
91210.00499999998,0.1544430405,0.15608371815262806,0.0016406776526280697
91290.00499999998,0.1545267999,0.1561529360916445,0.0016261361916444783
91360.00499999998,0.1545757204,0.1562134838120696,0.0016377634120695872
91440.00499999998,0.1546179652,0.1562826807080486,0.0016647155080485865
91510.00499999998,0.1546950489,0.15634324858553128,0.0016481996855312875
91590.00499999998,0.154758051,0.15641246182595336,0.0016544108259533563
91660.00499999998,0.1548151076,0.15647318718261544,0.0016580795826154349
91730.00499999998,0.1548714489,0.15653492190261725,0.0016634730026172384
91810.00499999998,0.1549381614,0.15660546268802777,0.0016673012880277782
91880.00499999998,0.154961139,0.15666715835652478,0.001706019356524785
91960.00499999998,0.1550337821,0.15673770101084517,0.0017039189108451758
92030.00499999998,0.1550960392,0.15679942970981958,0.0017033905098195745
92100.00499999998,0.1551494002,0.1568611644774239,0.001711764277423894
92180.00499999998,0.1552012861,0.15693169933915815,0.0017304132391581517
92250.00499999998,0.1552813351,0.1569934333478865,0.001712098247886512
92330.00499999998,0.1553317308,0.15706397013810944,0.0017322393381094259
92400.00499999998,0.1553791612,0.1571256992055735,0.0017465380055735058
92480.00499999998,0.155448094,0.15719887301353594,0.0017507790135359302
92550.00499999998,0.1555192471,0.15726673228276278,0.0017474851827627702
92620.00499999998,0.1555778086,0.15733457432015202,0.0017567657201520148
92700.00499999998,0.1556385756,0.15741211741324995,0.001773541813249957
92770.00499999998,0.1557215899,0.1574799895629709,0.0017583996629708942
92850.00499999998,0.155775696,0.1575575169069585,0.0017818209069584978
92920.00499999998,0.1558364779,0.1576253780673485,0.001788900167348506
93000.00499999998,0.1559017152,0.15770296325829755,0.0018012480582975388
93070.00499999998,0.1559706479,0.15777085502770877,0.0018002071277087583
93140.00499999998,0.1560277045,0.15783874616076266,0.0018110416607626523
93220.00499999998,0.1561010927,0.15791633838112948,0.0018152456811294793
93290.00499999998,0.1561826169,0.15798425233587798,0.0018016354358779962
93370.00499999998,0.1562463641,0.15806184320464284,0.001815479104642831
93440.00499999998,0.1563071311,0.15812973433130914,0.0018226032313091445
93510.00499999998,0.1563634723,0.15819762630530365,0.001834154005303651
93590.00499999998,0.1564301699,0.15827522338905164,0.0018450534890516457
93660.00499999998,0.1564991027,0.1583431092100077,0.0018440065100076841
93740.00499999998,0.1565687656,0.15842238522923613,0.0018536196292361362
93810.00499999998,0.1566503048,0.15849320934449695,0.0018429045444969538
93890.00499999998,0.1567073762,0.158574129200029,0.0018667530000290034
93960.00499999998,0.1567770392,0.15864493549020173,0.0018678962902017315
94030.00499999998,0.156846717,0.15871575696817003,0.0018690399681700332
94110.00499999998,0.156909734,0.15879668731762114,0.0018869533176211484
94180.00499999998,0.1569949687,0.158867502248265,0.0018725335482650263
94260.00499999998,0.15705055,0.15894842581245777,0.001897875812457761
94330.00499999998,0.1571276337,0.15901924291717734,0.001891609217177348
94410.00499999998,0.1572054625,0.15910017078225208,0.0018947082822520778
94480.00499999998,0.157281056,0.15917099120479117,0.0018899352047911655
94550.00499999998,0.1573484987,0.1592451204184111,0.0018966217184110956
94630.00499999998,0.1574144661,0.15933130894814107,0.0019168428481410593
94700.00499999998,0.157475248,0.15940672623431956,0.0019314782343195502
94780.00499999998,0.1575649232,0.15949293029038653,0.0019280070903865132
94850.00499999998,0.1576286703,0.15956836307272682,0.0019396927727268198
94930.00499999998,0.1577079743,0.15965455318908053,0.0019465788890805358
95000.00499999998,0.1577798724,0.15972997795004612,0.0019501055500461273
95070.00499999998,0.1578532457,0.15980540447038286,0.0019521587703828502
95150.00499999998,0.157917738,0.15989159470960712,0.001973856709607119
95220.00499999998,0.1579918563,0.15996700332638134,0.0019751470263813242
95300.00499999998,0.158104524,0.16005325820375338,0.0019487342037533828
95370.00499999998,0.1581512094,0.1601359599562758,0.0019847505562758105
95440.00499999998,0.1582231075,0.16021868181077173,0.0019955743107717416
95520.00499999998,0.1583305746,0.16031323966735184,0.001982665067351841
95590.00499999998,0.1583691239,0.16039594331986046,0.002026819419860465
95670.00499999998,0.1584499031,0.16049046365952846,0.002040560559528448
95740.00499999998,0.158510685,0.16057319000152492,0.0020625050015249113
95820.00499999998,0.1586315036,0.1606677609115179,0.0020362573115179083
95890.00499999998,0.1587197036,0.16075050676610242,0.0020308031661024073
95960.00499999998,0.1587982625,0.16083324786042613,0.0020349853604261225
96040.00499999998,0.1588738859,0.16092790613685573,0.0020540202368557192
96110.00499999998,0.1589146405,0.16101133171932078,0.0020966912193207676
96190.00499999998,0.1590095162,0.16110672153319788,0.002097205333197877
96260.00499999998,0.1590991914,0.1611902065583134,0.002091015158313392
96340.00499999998,0.1591644138,0.16128558010070124,0.0021211663007012493
96410.00499999998,0.1592555791,0.1613690700516719,0.0021134909516719036
96480.00499999998,0.1593593508,0.16145255260481625,0.002093201804816258
96560.00499999998,0.1594557017,0.1615479609963191,0.0020922592963190934
96630.00499999998,0.1594868302,0.16163140103896878,0.002144570838968768
96710.00499999998,0.1595750302,0.16172679063705023,0.002151760437050232
96780.00499999998,0.1596876979,0.16181028363723804,0.002122585737238031
96850.00499999998,0.1597506851,0.16189691774667392,0.002146232646673907
96930.00499999998,0.1598589122,0.16200485387229127,0.0021459416722912628
97000.00499999998,0.1599478573,0.1620993119032882,0.0021514546032881943
97080.00499999998,0.1600234658,0.16220722211459987,0.002183756314599883
97150.00499999998,0.1601027697,0.16230165507574415,0.0021988853757441418
97230.00499999998,0.16019319,0.16240957418415491,0.0022163841841549015
97300.00499999998,0.1602902859,0.1625040187755193,0.002213732875519292
97370.00499999998,0.1603688449,0.1625984556348755,0.0022296107348754868
97450.00499999998,0.1604459286,0.16270636241218228,0.002260433812182272
97520.00499999998,0.1605504453,0.16280081176115946,0.0022503664611594476
97600.00499999998,0.160626784,0.16290872029201586,0.002281936292015868
97670.00499999998,0.1607357264,0.1630021761381005,0.002266449738100501
97750.00499999998,0.1608358026,0.16310811174222942,0.002272309142229423
97820.00499999998,0.1609151065,0.16320078831271057,0.002285681812710577
97890.00499999998,0.1609862596,0.1632934645626512,0.002307204962651216
97970.00499999998,0.1611219049,0.16339941111380288,0.0022775062138028768
98040.00499999998,0.1612086147,0.1634921215231661,0.0022835068231661093
98120.00499999998,0.1612768024,0.16359802629099396,0.0023212238909939564
98190.00499999998,0.1613709331,0.1636907181765906,0.002319785076590586
98270.00499999998,0.1615006477,0.16379666883372007,0.002296021133720072
98340.00499999998,0.1615606844,0.16388934429842175,0.0023286598984217644
98410.00499999998,0.161645174,0.1639820248697994,0.0023368508697994006
98490.00499999998,0.1617711931,0.16410352478184165,0.0023323316818416595
98560.00499999998,0.1618601233,0.16421429415430763,0.002354170854307641
98640.00499999998,0.1619690806,0.1643365616229004,0.0023674810229003806
98710.00499999998,0.1620587707,0.16443730999374598,0.002378539293745985
98780.00499999998,0.1621217579,0.16453801996176154,0.0024162620617615427
98860.00499999998,0.1622685194,0.16465316334449134,0.002384643944491338
98930.00499999998,0.1623115093,0.16475386132117104,0.002442352021171046
99010.00499999998,0.1624604762,0.16486901512416374,0.0024085389241637334
99080.00499999998,0.1625145823,0.16496972683988087,0.0024551445398808824
99160.00499999998,0.1626346558,0.16508484249322664,0.002450186693226636
99230.00499999998,0.1627369523,0.16518558607784634,0.0024486337778463485
99300.00499999998,0.1628377587,0.1652863306017488,0.0024485719017487972
99380.00499999998,0.1629519016,0.16540147290435167,0.0024495713043516665
99450.00499999998,0.1630534381,0.16550362263455298,0.0024501845345529794
99530.00499999998,0.1631364524,0.16562155913863025,0.002485106738630255
99600.00499999998,0.1632639319,0.16572477924551537,0.0024608473455153823
99680.00499999998,0.1633476913,0.16584270416296315,0.002495012862963164
99750.00499999998,0.1634714603,0.1659459351067334,0.002474474806733379
99820.00499999998,0.1635277867,0.1660491164670755,0.002521329767075503
99900.00499999998,0.1636708379,0.1661670873735536,0.002496249473553591
99970.00499999998,0.1637523919,0.16627027920157728,0.0025178873015772874
100050.00499999998,0.1638657898,0.16638821718973593,0.0025224273897359317
100120.00499999998,0.1639903039,0.1664914550184694,0.002501151118469408
100190.00499999998,0.1640881449,0.16659466121322905,0.0025065163132290402
100270.00499999998,0.1641896814,0.16671528218285683,0.002525600782856824
100340.00499999998,0.1643193811,0.16682161719455504,0.0025022360945550493
100420.00499999998,0.1643868387,0.1669431120969955,0.00255627339699549
100490.00499999998,0.1645202488,0.16704945490149462,0.0025292061014946243
100570.00499999998,0.1646373719,0.16717096037489246,0.002533588474892462
100640.00499999998,0.1647122204,0.1672772646271577,0.002565044227157698
100710.00499999998,0.1648263633,0.16738358946644533,0.0025572261664453255
100790.00499999998,0.1649442166,0.16750510074463937,0.0025608841446393693
100860.00499999998,0.1650494635,0.1676114187140061,0.0025619552140060953
100940.00499999998,0.1651584208,0.16773292869858855,0.0025745078985885406
101010.00499999998,0.1652984917,0.16783928602834136,0.002540794328341367
101090.00499999998,0.1654059738,0.16796614670206617,0.002560172902066171
101160.00499999998,0.1654800922,0.1680771033054997,0.0025970111054996747
101230.00499999998,0.165620178,0.16818813705409008,0.0025679590540900743
101310.00499999998,0.1657291353,0.1683149884655097,0.002585853165509716
101380.00499999998,0.1658136249,0.16842597001730297,0.002612345117302961
101460.00499999998,0.1659544557,0.1685528316942667,0.0025983759942667106
101530.00499999998,0.16603598,0.16866381692038113,0.002627836920381127
101610.00499999998,0.1661649495,0.16879066349084274,0.002625713990842743
101680.00499999998,0.1662761271,0.16890166403422247,0.002625536934222461
101750.00499999998,0.1663962007,0.16901267120148555,0.002616470501485557
101830.00499999998,0.166496262,0.16913975717832508,0.0026434951783250726
101900.00499999998,0.1666230112,0.16925161178223838,0.0026286005822383773
101980.00499999998,0.1667171419,0.16937940927028197,0.0026622673702819677
102050.00499999998,0.1668661237,0.16949127987198948,0.002625156171989468
102120.00499999998,0.166930601,0.16960309985249422,0.0026724988524942095
102200.00499999998,0.1670573354,0.16973090763311227,0.0026735722331122647
102270.00499999998,0.1672011316,0.1698427815561998,0.0026416499561998097
102350.00499999998,0.1672863662,0.169970571370307,0.002684205170306986
102420.00499999998,0.1674042195,0.17008241745791966,0.0026781979579196535
102500.00499999998,0.1675361544,0.17021023846604577,0.002674084066045773
102570.00499999998,0.1676532626,0.17032208658429698,0.002668823984296992
102640.00499999998,0.1677792668,0.17044386958501867,0.002664602785018677
102720.00499999998,0.1679008156,0.17058028831764,0.0026794727176399913
102790.00499999998,0.1680068076,0.17069965145451715,0.002692843854517152
102870.00499999998,0.1681261361,0.17083607198053735,0.002709935880537362
102940.00499999998,0.168223232,0.17095543156109771,0.0027321995610977146
103020.00499999998,0.1683447808,0.1710918446704691,0.0027470638704690797
103090.00499999998,0.1685011834,0.17121124550410982,0.002710062104109817
103160.00499999998,0.1685797572,0.17133060005350723,0.0027508428535072127
103240.00499999998,0.1687094569,0.17146701952533472,0.0027575626253347196
103310.00499999998,0.1688191444,0.17158638909686602,0.0027672446968660114
103390.00499999998,0.1689540446,0.1717228024873667,0.0027687578873667185
103460.00499999998,0.1690859795,0.1718403798458661,0.002754400345866076
103530.00499999998,0.1691623181,0.1719565425022766,0.0027942244022766127
103610.00499999998,0.1692957282,0.17208933182487623,0.0027936036248762397
103680.00499999998,0.1694135964,0.17220553013540724,0.0027919337354072316
103760.00499999998,0.1695418209,0.17233831468826788,0.0027964937882678786
103830.00499999998,0.1696678102,0.17245452280275525,0.002786712602755259
103910.00499999998,0.1697997451,0.17258733280166322,0.002787587701663208
103980.00499999998,0.1699190736,0.17270352093514396,0.0027844473351439636
104050.00499999998,0.1700398922,0.17281973765177455,0.002779845451774565
104130.00499999998,0.17015329,0.17295253652926185,0.002799246529261834
104200.00499999998,0.1702667028,0.17306872100798917,0.002802018207989171
104280.00499999998,0.1704008579,0.1732055481158008,0.0028046902158007925
104350.00499999998,0.170516476,0.17332640743587,0.0028099314358699945
104430.00499999998,0.1706417352,0.1734645438001296,0.002822808600129595
104500.00499999998,0.1707558781,0.17358541619863216,0.0028295380986321506
104570.00499999998,0.1708744615,0.17370628803011107,0.0028318265301110757
104650.00499999998,0.1710278839,0.17384445195879955,0.00281656805879954
104720.00499999998,0.1711168289,0.1739652960828913,0.0028484671828913066
104800.00499999998,0.1712495238,0.17410343377778403,0.002853909977784036
104870.00499999998,0.1713851541,0.1742243282761963,0.0028391741761963074
104950.00499999998,0.1715155989,0.17436249016408645,0.0028468912640864374
105020.00499999998,0.1716178805,0.17448335600313794,0.002865475503137954
105090.00499999998,0.1717268378,0.17461039755530183,0.002883559755301829
105170.00499999998,0.1718928665,0.17475558665704172,0.002862720157041726
105240.00499999998,0.1719914377,0.17488259523876382,0.0028911575387638166
105320.00499999998,0.1721441299,0.1750277940729184,0.00288366417291841
105390.00499999998,0.1722656935,0.1751548336854083,0.0028891401854082843
105460.00499999998,0.1723605543,0.1752818451558339,0.002921290855833897
105540.00499999998,0.1724917442,0.17542702218151693,0.002935277981516937
105610.00499999998,0.1726221889,0.1755540510373474,0.0029318621373473908
105690.00499999998,0.1727719158,0.1756992496476466,0.002927333847646596
105760.00499999998,0.1728771627,0.17582625887043013,0.0029490961704301266
105840.00499999998,0.1730387509,0.17597952435433384,0.002940773454333828
105910.00499999998,0.1731602997,0.17613442570606364,0.002974126006063643
105980.00499999998,0.1732951999,0.17627883308624276,0.0029836331862427568
106060.00499999998,0.1733878404,0.17643488731983015,0.003047046919830154
106130.00499999998,0.1735234857,0.17657144966546073,0.003047963965460726
106210.00499999998,0.173676908,0.17672755103732324,0.0030506430373232474
106280.00499999998,0.1737784445,0.17686410703317018,0.0030856625331701915
106360.00499999998,0.1739400327,0.177020195606983,0.003080162906983014
106430.00499999998,0.1740727127,0.17715678617912894,0.0030840734791289515
106500.00499999998,0.1742224246,0.17729338448869053,0.003070959888690522
106580.00499999998,0.174341023,0.17744945488722663,0.0031084318872266203
106650.00499999998,0.1744996309,0.17758607190932663,0.003086441009326618
106730.00499999998,0.1746085733,0.17774213727153482,0.0031335639715348307
106800.00499999998,0.174747929,0.1778843065016774,0.0031363775016774176
106870.00499999998,0.1748791188,0.17802737452140646,0.003148255721406451
106950.00499999998,0.1750095785,0.1781908599593643,0.003181281459364277
107020.00499999998,0.1751615107,0.17833395795964307,0.0031724472596430797
107100.00499999998,0.1753090024,0.17849745560691044,0.003188453206910441
107170.00499999998,0.17542018,0.17864049412300353,0.003220314123003526
107250.00499999998,0.1755928844,0.17880402193085404,0.00321113753085403
107320.00499999998,0.175713703,0.17894708674713594,0.003233383747135943
107390.00499999998,0.1758174747,0.17909012903909638,0.003272654339096376
107470.00499999998,0.1760116667,0.17925367304756434,0.00324200634756433
107540.00499999998,0.1761176437,0.17939676552804068,0.0032791218280406875
107620.00499999998,0.1763177663,0.17957580163195092,0.0032580353319509037
107690.00499999998,0.1764081866,0.1797323985256113,0.0033242119256113034
107770.00499999998,0.1765823811,0.17991140485367668,0.003329023753676691
107840.00499999998,0.1767009646,0.18006801632484387,0.0033670517248438614
107910.00499999998,0.1768506914,0.1802246328327331,0.0033739414327330908
107990.00499999998,0.1770196706,0.1804036252660996,0.0033839546660995867
108060.00499999998,0.1771605015,0.18056025989595031,0.003399758395950303
108140.00499999998,0.1772939116,0.18073923893726956,0.0034453273372695714
108210.00499999998,0.1774562448,0.18089589465029926,0.0034396498502992645
108290.00499999998,0.1776230037,0.1810749053799612,0.0034519016799612057
108360.00499999998,0.1777215898,0.1812361838844106,0.0035145940844105994
108430.00499999998,0.1779046506,0.18140897497268504,0.0035043243726850526
108510.00499999998,0.1780425161,0.18160643799771786,0.00356392189771787
108580.00499999998,0.1782048345,0.18177926704653594,0.003574432546535944
108660.00499999998,0.1783894002,0.18197678135938844,0.0035873811593884475
108730.00499999998,0.178546533,0.1821495879484239,0.0036030549484238894
108800.00499999998,0.1786762327,0.18232440125632432,0.003648168556324327
108880.00499999998,0.1788667142,0.18252728455536207,0.003660570355362075
108950.00499999998,0.1790053248,0.1827047958812756,0.003699471081275607
109030.00499999998,0.1791995168,0.1829076933961713,0.0037081765961712865
109100.00499999998,0.1793396026,0.18308520494883945,0.003745602348839444
109180.00499999998,0.1795174927,0.1832880718008944,0.0037705791008944
109250.00499999998,0.179697603,0.18346560558475536,0.0037680025847553478
109320.00499999998,0.1798354536,0.1836431099699452,0.003807656369945206
109400.00499999998,0.1800177842,0.18384599488592374,0.003828210685923733
109470.00499999998,0.1801793724,0.1840235144196215,0.0038441420196214937
109550.00499999998,0.1803906113,0.1842264186280165,0.0038358073280164995
109620.00499999998,0.1805403382,0.18441861716267366,0.003878278962673648
109700.00499999998,0.1806982011,0.18464482588773412,0.00394662478773411
109770.00499999998,0.1808812767,0.1848427892728023,0.003961512572802278
109840.00499999998,0.1810376793,0.18504073124401593,0.0040030519440159285
109920.00499999998,0.1812407523,0.18526699089173967,0.004026238591739673
109990.00499999998,0.1813978851,0.1854649561793061,0.004067071079306123
110070.00499999998,0.1816217303,0.18569122557107715,0.004069495271077139
110140.00499999998,0.1817944199,0.18588921206407247,0.004094792164072464
110210.00499999998,0.1819708347,0.1860871989259711,0.004116364225971086
110290.00499999998,0.1821642816,0.1863140650502135,0.004149783450213496
110360.00499999998,0.1823429018,0.18651418320556948,0.004171281405569466
110440.00499999998,0.182538569,0.1867428576212255,0.004204288621225488
110510.00499999998,0.182726115,0.18694296128213675,0.004216846282136755
110590.00499999998,0.1829099208,0.18717160931098645,0.004261688510986461
110660.00499999998,0.1831293106,0.18737174492265846,0.004242434322658445
110730.00499999998,0.1833020002,0.18757186391550024,0.004269863715500227
110810.00499999998,0.1835191697,0.1878005608999227,0.004281391199922685
110880.00499999998,0.1836622357,0.18800061852899153,0.004338382828991516
110960.00499999998,0.1839016378,0.18822932025381392,0.00432768245381393
111030.00499999998,0.1840698719,0.18842939615392246,0.00435952425392247
111110.00499999998,0.1843226254,0.18867766290635085,0.004355037506350856
111180.00499999998,0.1844960749,0.18891182648766797,0.004415751587667965
111250.00499999998,0.1846835911,0.1891459542165326,0.004462363116532614
111330.00499999998,0.1849014908,0.18940099002997496,0.004499499229974946
111400.00499999998,0.1851016134,0.189620550077446,0.004518936677445989
111480.00499999998,0.1853365749,0.18987149245828933,0.004534917558289331
111550.00499999998,0.1855529994,0.19009108471433636,0.00453808531433636
111630.00499999998,0.1857301444,0.19034197837721095,0.004611833977210961
111700.00499999998,0.1859243363,0.19056151409145328,0.004637177791453284
111770.00499999998,0.1861511469,0.19078111137430304,0.004629964474303028
111850.00499999998,0.1864038855,0.191032067705523,0.004628182205522996
111920.00499999998,0.186568439,0.19125161783243566,0.004683178832435658
112000.00499999998,0.1868026406,0.1915025170306913,0.004699876430691308
112070.00499999998,0.1870146394,0.19172210247796662,0.004707463077966628
112140.00499999998,0.1872369945,0.1919519190516249,0.004714924551624894
112220.00499999998,0.1874926984,0.19221458816678455,0.004721889766784559
112290.00499999998,0.1876713187,0.19244439412325176,0.004773075423251755
112370.00499999998,0.1879151911,0.19270701253864567,0.004791821438645677
112440.00499999998,0.188117519,0.1929368064528145,0.004819287452814486
112520.00499999998,0.1883658171,0.19319942349891023,0.0048336063989102285
112590.00499999998,0.1886193007,0.19342928881274435,0.004809988112744357
112660.00499999998,0.1888327748,0.19365914254829175,0.00482636774829176
112740.00499999998,0.189047724,0.19392175485353438,0.0048740308535343835
112810.00499999998,0.1892900765,0.19415157633179048,0.004861499831790489
112890.00499999998,0.1895332038,0.1944144639291808,0.004881260129180803
112960.00499999998,0.1897674203,0.19464514785487602,0.004877727554876032
113040.00499999998,0.1900275648,0.19490877808171714,0.004881213281717145
113110.00499999998,0.1902388036,0.19513945388278645,0.0049006502827864395
113180.00499999998,0.1904404163,0.19537008840754966,0.00492967210754966
113260.00499999998,0.190702796,0.19563368931216926,0.004930893312169254
113330.00499999998,0.1909570247,0.1958643689162871,0.004907344216287107
113410.00499999998,0.1911927313,0.19612796246030823,0.004935231160308223
113480.00499999998,0.1914247274,0.19635864135214268,0.004933913952142682
113550.00499999998,0.19166857,0.19658933396661055,0.004920763966610536
113630.00499999998,0.191898331,0.1968529331968871,0.004954602196887092
113700.00499999998,0.1921429336,0.19707878779442828,0.0049358541944282686
113780.00499999998,0.1924171746,0.1973296681124792,0.004912493512479216
113850.00499999998,0.1926402599,0.19754920811943993,0.004908948219439935
113930.00499999998,0.1929071099,0.1978000976067288,0.004892987706728774
114000.00499999998,0.1931250095,0.19801960308942315,0.004894593589423152
114070.00499999998,0.193359971,0.19823910811806583,0.0048791371180658405
114150.00499999998,0.1936312467,0.19848999535690115,0.004858748656901141
114220.00499999998,0.1938647181,0.19870951974710238,0.004844801647102381
114300.00499999998,0.1941159815,0.19896039304097188,0.004844411540971871
114370.00499999998,0.1943731755,0.19917992542981564,0.00480674992981564
114450.00499999998,0.194608137,0.1994308057945814,0.004822668794581403
114520.00499999998,0.1948304921,0.1996529650667208,0.004822472966720809
114590.00499999998,0.1950609982,0.19987616863943147,0.004815170439431471
114670.00499999998,0.1953233927,0.20013128248771164,0.0048078897877116555
114740.00499999998,0.1955420375,0.20035449610086684,0.004812458600866848
114820.00499999998,0.1958133131,0.20060958558439296,0.0047962724843929605
114890.00499999998,0.1960453093,0.20083282346642664,0.004787514166426643
114970.00499999998,0.1962854564,0.20108791142084664,0.004802455020846641
115040.00499999998,0.1965159625,0.2013111147133087,0.004795152213308701
115110.00499999998,0.1967753768,0.20153437007359454,0.004758993273594525
115190.00499999998,0.1970095932,0.20178946031195527,0.004779867111955272
115260.00499999998,0.1972482651,0.2020126935783868,0.004764428478386817
115340.00499999998,0.1974795014,0.2022695021942048,0.004790000794204802
115410.00499999998,0.1977389306,0.20249444077568163,0.0047555101756816265
115480.00499999998,0.1979472041,0.20271935271357605,0.004772148613576055
115560.00499999998,0.1981791854,0.2029763488952719,0.0047971634952719
115630.00499999998,0.1984319538,0.20320128743494245,0.0047693336349424464
115710.00499999998,0.1986624599,0.2034583074302591,0.004795847530259106
115780.00499999998,0.198867023,0.20368319797806583,0.004816174978065829
115860.00499999998,0.1991723925,0.2039403158090495,0.0047679233090495154
115930.00499999998,0.1993517727,0.2041652076581597,0.004813434958159696
116000.00499999998,0.1996030211,0.20439015088829723,0.004787129788297234
116080.00499999998,0.199875772,0.20464850480755298,0.004772732807552971
116150.00499999998,0.2000462711,0.20488207161207794,0.004835800512077937
116230.00499999998,0.2002945542,0.2051490069810239,0.0048544527810238935
116300.00499999998,0.2005561888,0.20538265510869244,0.004826466308692434
116380.00499999998,0.2008215487,0.20564967968011666,0.004828130980116668
116450.00499999998,0.2010113001,0.20588325939599206,0.0048719592959920455
116520.00499999998,0.2012603283,0.20611690370830082,0.004856575408300812
116600.00499999998,0.2015108466,0.20638389980115063,0.00487305320115064
116670.00499999998,0.2017176449,0.20661752430622185,0.004899879406221858
116750.00499999998,0.2019429654,0.20688446655753817,0.004941501157538164
116820.00499999998,0.2021645755,0.20711806846991282,0.0049534929699128205
116890.00499999998,0.2024025172,0.207359365501799,0.004956848301799016
116970.00499999998,0.2026619315,0.20765604140725458,0.004994109907254574
117040.00499999998,0.2028835416,0.20791137493286038,0.0050278333328603875
117120.00499999998,0.2031392455,0.2082031860442563,0.005063940544256296
117190.00499999998,0.2033675462,0.20845855083104312,0.005091004631043117
117270.00499999998,0.2036247253,0.20875037541589556,0.0051256501158955525
117340.00499999998,0.2038626522,0.20900575286326264,0.005143100663262651
117410.00499999998,0.2040991038,0.2092611339302256,0.00516203013022562
117490.00499999998,0.2043170035,0.20955292054679825,0.0052359170467982385
117560.00499999998,0.2045771629,0.20980828319397798,0.005231120293977987
117640.00499999998,0.2048499286,0.21010013105333525,0.00525020245333524
117710.00499999998,0.2050544918,0.21035545086660531,0.005300959066605326
117790.00499999998,0.2053324282,0.21065804418278788,0.005325615982787885
117860.00499999998,0.20557037,0.21093836445824177,0.005367994458241765
117930.00499999998,0.2058268189,0.21121868477954422,0.005391865879544211
118010.00499999998,0.206092149,0.21153908652610265,0.0054469375261026465
118080.00499999998,0.2063263804,0.2118194023869015,0.005493021986901492
118160.00499999998,0.206596911,0.21213976946346763,0.005542858463467637
118230.00499999998,0.2068585455,0.21242011712557585,0.005561571625575856
118310.00499999998,0.2071024179,0.21274046434239968,0.00563804644239968
118380.00499999998,0.2073692381,0.21302078497365926,0.005651546873659263
118450.00499999998,0.2076108605,0.21330111110427152,0.0056902506042715295
118530.00499999998,0.2078851163,0.21362146088379627,0.005736344583796266
118600.00499999998,0.20818232,0.2139216485128314,0.005739328512831404
118680.00499999998,0.2084276527,0.2142813842906416,0.00585373159064162
118750.00499999998,0.2086826265,0.21459615607748023,0.005913529577480231
118820.00499999998,0.2089665085,0.21491099228389393,0.005944483783893922
118900.00499999998,0.2092511207,0.21527078025404273,0.006019659554042739
118970.00499999998,0.2094808966,0.21558554343455538,0.006104646834555388
119050.00499999998,0.2097818106,0.21595307171047323,0.006171261110473225
119120.00499999998,0.2100716084,0.21628592622843562,0.006214317828435623
119200.00499999998,0.2104088664,0.2166663882862255,0.006257521886225498
119270.00499999998,0.2106779069,0.21699927667438906,0.006321369774389074
119340.00499999998,0.2109410465,0.21733211938050417,0.006391072880504167
119420.00499999998,0.2112664282,0.217712569955202,0.006446141755202001
119490.00499999998,0.2115443647,0.21804543903866475,0.0065010743386647585
119570.00499999998,0.2118615955,0.21842582828421098,0.006564232784210977
119640.00499999998,0.2121684551,0.2187587198412539,0.006590264741253904
119720.00499999998,0.2124871761,0.2191391295964235,0.006651953496423502
119790.00499999998,0.2127673328,0.21947198008752797,0.006704647287527982
119860.00499999998,0.2130727023,0.21980026153365878,0.006727559233658781
119940.00499999998,0.2134373784,0.22017161673388588,0.006734238333885895
120010.00499999998,0.2137234658,0.2204965095845106,0.006773043784510602
120090.00499999998,0.2141014934,0.22086785446989465,0.006766361069894644
120160.00499999998,0.2144083381,0.22119279211191523,0.006784454011915214
120230.00499999998,0.2147218734,0.22151769577160288,0.0067958223716028665
120310.00499999998,0.2150820792,0.22188904685240485,0.0068069676524048495
120380.00499999998,0.2153763473,0.2222139449215917,0.006837597621591696
120460.00499999998,0.2157498896,0.22258524749811315,0.0068353578981131535
120530.00499999998,0.2161012292,0.22291019131147005,0.006808962111470057
120610.00499999998,0.2164696008,0.22328152162490378,0.006811920824903783
120680.00499999998,0.2167971879,0.22354990163597507,0.00675271373597508
120750.00499999998,0.2171485275,0.22380438433053146,0.006655856830531465
120830.00499999998,0.2174939215,0.2240817545622722,0.0065878330622722026
120900.00499999998,0.2178541422,0.22432450478183225,0.006470362581832256
120980.00499999998,0.2182440013,0.22460193140870852,0.006357930108708526
121050.00499999998,0.218570143,0.2248446568364107,0.0062745138364107
121130.00499999998,0.2189718485,0.22512210294937754,0.006150254449377529
121200.00499999998,0.2192883492,0.22536479878916854,0.006076449589168531
121270.00499999998,0.2196537554,0.22560759645555098,0.005953841055550968
121350.00499999998,0.2200428843,0.2258850471558661,0.005842162855866112
121420.00499999998,0.2203526944,0.22612776272417368,0.005775068324173682
121500.00499999998,0.2207247913,0.22640517648382108,0.0056803851838210795
121570.00499999998,0.2210723907,0.2265869522982836,0.0055145615982835905
121650.00499999998,0.2214511484,0.22676641154917898,0.005315263149178989
121720.00499999998,0.2217253894,0.22692339675557943,0.0051980073555794315
121790.00499999998,0.222058937,0.2270804123291556,0.005021475329155589
121870.00499999998,0.2224161774,0.22725987436702508,0.00484369696702508
121940.00499999998,0.2227148861,0.22741689347538446,0.004702007375384454
122020.00499999998,0.2230195105,0.22759633406476695,0.004576823564766963
122090.00499999998,0.223315984,0.2277533748630246,0.0044373908630246095
122160.00499999998,0.223582834,0.22791040725207945,0.004327573252079442
122240.00499999998,0.2238674462,0.22808983522516801,0.004222389025168027
122310.00600000002,0.22412242,0.22824683826720796,0.004124418267207969
122390.00600000002,0.2244463116,0.22841110168002543,0.0039647900800254265
122460.00600000002,0.2246590257,0.22851538380675113,0.00385635810675114
122540.00600000002,0.2249384671,0.22863454575665942,0.003696078656659413
122610.00600000002,0.2251660079,0.2287388372339323,0.003572829333932298
122680.00600000002,0.2253661305,0.2288430986164407,0.0034769681164406874
122760.00600000002,0.2255899757,0.2289622572618234,0.003372281561823398
122830.00600000002,0.225787878,0.22906652837081137,0.0032786503708113757
122910.00600000002,0.2260161638,0.22918571286610903,0.0031695490661090286
122980.00600000002,0.2262192518,0.22929003089059374,0.0030707790905937504
123060.00600000002,0.2264586538,0.2293655787399791,0.0029069249399790997
123130.00600000002,0.2265527844,0.2294378419360109,0.0028850575360108988
123200.00600000002,0.2267128825,0.2295172137644501,0.0028043312644501217
123280.00600000002,0.2269374728,0.2296080022081547,0.0026705294081546815
123350.00600000002,0.2270731032,0.2296874078439196,0.002614304643919624
123430.00600000002,0.2272257954,0.22977814575421684,0.0025523503542168313
123500.00600000002,0.2273532748,0.22985755443573247,0.002504279635732465
123570.00600000002,0.2274777889,0.22993694736446654,0.0024591584644665376
123650.00600000002,0.227611959,0.23002770120464994,0.0024157422046499344
123720.00600000002,0.2277312875,0.23010711382210958,0.0023758263221095866
123800.00600000002,0.2278950959,0.23019789963508447,0.0023028037350844577
123870.00600000002,0.2279773653,0.23027723968156533,0.0022998743815653144
123950.00600000002,0.2281144708,0.23035132900175967,0.0022368582017596728
124020.00600000002,0.2282308489,0.2304161608568055,0.0021853119568054913
124090.00600000002,0.2283420265,0.23048099570611247,0.0021389692061124788
124170.00600000002,0.2284317166,0.23055505507043683,0.0021233384704368308
124240.00600000002,0.2285658717,0.23061991433925166,0.0020540426392516575
124320.00600000002,0.2286555469,0.23069399132835106,0.0020384444283510494
124390.00600000002,0.2287496775,0.23075882319368238,0.0020091456936823793
124470.00600000002,0.22886011,0.2308329327528461,0.001972822752846104
124540.00600000002,0.2289142162,0.23089774540776548,0.001983529207765483
124610.00600000002,0.2290083617,0.23096257871964,0.001954217019639992
124690.00600000002,0.2291099131,0.23103497943242637,0.0019250663324263673
124760.00600000002,0.2291825414,0.23109391062752418,0.00191136922752419
124840.00600000002,0.229276672,0.23116127027301905,0.001884598273019067
124910.00600000002,0.229355976,0.23122021105268975,0.001864235052689761
124990.00600000002,0.229444176,0.23128757136589884,0.0018433953658988367
125060.00600000002,0.2295071781,0.2313465126048172,0.0018393345048172138
125130.00600000002,0.2295827866,0.23140545489602754,0.0018226682960275353
125210.00600000002,0.2296724617,0.23147282292191512,0.0018003612219151255
125280.00600000002,0.2297599316,0.231531778634182,0.0017718470341820114
125360.00600000002,0.2298007011,0.23159912268656768,0.0017984215865676778
125430.00600000002,0.2298770398,0.2316580771634097,0.0017810373634097043
125500.00600000002,0.229931891,0.23171761168821095,0.001785720688210951
125580.00600000002,0.2300067544,0.231786535698729,0.001779781298728994
125650.00600000002,0.2300682664,0.2318468308148945,0.0017785644148944901
125730.00600000002,0.2301156968,0.2319157502806748,0.0018000534806748014
125800.00600000002,0.2302053869,0.231976086236184,0.001770699336183984
125880.00600000002,0.2302668989,0.23204502281229128,0.0017781239122912906
125950.00600000002,0.2303276807,0.23210533352727947,0.0017776528272794578
126020.00600000002,0.230402559,0.2321656546549726,0.0017630956549725962
126100.00600000002,0.2304566652,0.23223458361393876,0.0017779184139387616
126170.00600000002,0.2305181772,0.23229491264027258,0.00177673544027257
126250.00600000002,0.2305893302,0.23236383952165574,0.0017745093216557373
126320.00600000002,0.2306604832,0.23242510131516275,0.0017646181151627638
126400.00600000002,0.2307064384,0.2324955225913602,0.0017890841913602018
126470.00600000002,0.2307835221,0.23255715385062592,0.0017736317506259203
126540.00600000002,0.2308235466,0.2326187728598204,0.0017952262598203983
126620.00600000002,0.2309043258,0.23268921042411528,0.0017848846241152738
126690.00600000002,0.2309554666,0.23275083615299236,0.0017953695529923652
126770.00600000002,0.2310303301,0.232821273975415,0.0017909438754150075
126840.00600000002,0.2310874164,0.23288289390988326,0.0017954775098832643
126910.00600000002,0.2311526388,0.2329445357956124,0.0017918969956123854
126990.00600000002,0.2312141508,0.23301497853181635,0.0018008277318163624
127060.00600000002,0.2312682569,0.23307661116351636,0.0018083542635163596
127140.00600000002,0.231331259,0.23317425533899255,0.001842996338992542
127210.00600000002,0.2313794345,0.23326303063469042,0.0018835961346904129
127290.00600000002,0.2314535528,0.23336450028602695,0.0019109474860269648
127360.00600000002,0.2315113693,0.23344399685105405,0.0019326275510540558
127430.00600000002,0.2315684408,0.23351983795382059,0.0019513971538205888
127510.00600000002,0.2316469997,0.23360652390400008,0.001959524204000085
127580.00600000002,0.2317129672,0.23368236979753926,0.0019694025975392493
127660.00600000002,0.2317774594,0.23376904243637112,0.0019915830363711196
127730.00600000002,0.2318352759,0.23384489078827358,0.0020096148882735865
127810.00600000002,0.2319190353,0.23393158698360472,0.0020125516836047297
127880.00600000002,0.2320020497,0.23400745243798102,0.002005402737981027
127950.00600000002,0.2320265025,0.23408328070229023,0.0020567782022902215
128030.00600000002,0.2321198881,0.23416997867997835,0.0020500905799783475
128100.00600000002,0.2322051227,0.23424585090691702,0.0020407282069170307
128180.00600000002,0.2322725803,0.23437132181905224,0.002098741519052233
128250.00600000002,0.2323229909,0.23448582668081808,0.0021628357808180787
128330.00600000002,0.2324015498,0.23460923723440932,0.002207687434409328
128400.00600000002,0.2324823588,0.23471631630051132,0.0022339575005113077
128470.00600000002,0.2325253487,0.23482334763556967,0.002297998935569673
128550.00600000002,0.2326187342,0.23494570220949174,0.0023269680094917256
128620.00600000002,0.2327165753,0.2350527883168763,0.002336213016876282
128700.00600000002,0.2327558547,0.235175112258869,0.0024192575588690146
128770.00600000002,0.2328321934,0.23528217697216408,0.002449983572164083
128840.00600000002,0.2329129875,0.2353892251529744,0.002476237652974389
128920.00600000002,0.2330182344,0.23551159764042542,0.002493363240425428
128990.00600000002,0.2331353277,0.23561869771239685,0.002483370012396846
129070.00600000002,0.2332153916,0.2357770791569417,0.002561687556941722
129140.00600000002,0.2332746983,0.2359248555179968,0.0026501572179968014
129220.00600000002,0.2334058732,0.23609381342004818,0.002687940220048174
129290.00600000002,0.233457759,0.236241576571077,0.002783817571077013
129360.00600000002,0.2335429937,0.2363893944157665,0.0028464007157665006
129440.00600000002,0.233634159,0.2365583280936887,0.0029241690936887
129510.00600000002,0.2337349504,0.23670614724797892,0.0029711968479789186
129590.00600000002,0.2338431627,0.23687508630050513,0.0030319236005051375
129660.00600000002,0.2339476794,0.23702290593745007,0.003075226537450071
129740.00600000002,0.2340284735,0.23719179741557606,0.003163323915576055
129810.00600000002,0.2341744751,0.2373396632138446,0.003165188113844586
129880.00600000002,0.2342767864,0.23749612152086105,0.003219335120861061
129960.00600000002,0.2343768626,0.23773260029528254,0.0033557376952825235
130030.00600000002,0.2345139831,0.23793957112638975,0.0034255880263897587
130110.00600000002,0.2346333116,0.23817608562360615,0.0035427740236061434
130180.00600000002,0.2347355932,0.2383829867042155,0.0036473935042155015
130250.00600000002,0.2348682433,0.23858994675021297,0.003721703450212971
130330.00600000002,0.2349875718,0.2388264311655315,0.0038388593655315217
130400.00600000002,0.2351150662,0.23903335502879425,0.0039182888287942474
130480.00600000002,0.2353025824,0.23926990230550865,0.003967319905508665
130550.00600000002,0.2354070991,0.23947683845902937,0.0040697393590293784
130630.00600000002,0.2355523854,0.23975408855113345,0.00420170315113344
130700.00600000002,0.2357250899,0.24003207782629127,0.004306987926291278
130770.00600000002,0.2358733267,0.24031004786049864,0.004436721160498647
130850.00600000002,0.2360393554,0.24062772275239952,0.004588367352399508
130920.00600000002,0.2361779362,0.24090567501473342,0.004727738814733429
131000.00600000002,0.2363647074,0.24122335071704867,0.004858643317048661
131070.00600000002,0.2365285307,0.24150130029653877,0.004972769596538779
131150.00600000002,0.2367101163,0.24181897896226617,0.005108862662266178
131220.00600000002,0.236912474,0.24212406653309768,0.005211592533097664
131290.00600000002,0.2370948046,0.2424958103140206,0.005401005714020607
131370.00600000002,0.23732014,0.24292069250167408,0.005600552501674072
131440.00600000002,0.2374980003,0.2432924313395533,0.005794431039553294
131520.00600000002,0.2377381474,0.24371730166344105,0.005979154263441061
131590.00600000002,0.2379323393,0.24408902558204532,0.006156686282045326
131670.00600000002,0.2381724864,0.24451387109569392,0.006341384695693925
131740.00600000002,0.2383911461,0.24488559406138005,0.006494447961380045
131810.00600000002,0.2386046201,0.24525726982049578,0.006652649720495785
131890.00600000002,0.2388847917,0.24577265584526073,0.006887864145260741
131960.00600000002,0.2391471714,0.24627069391251905,0.007123522512519048
132040.00600000002,0.2394184321,0.24683976674229086,0.007421334642290861
132110.00600000002,0.2397112399,0.24733779574221654,0.007626555842216526
132180.00600000002,0.2399639636,0.24783579996665256,0.007871836366652563
132260.00600000002,0.2402915806,0.2484049357685379,0.008113355168537895
132330.00600000002,0.2405650765,0.24890293194942592,0.008337855449425918
132410.00600000002,0.2408926636,0.2494720424506798,0.008579378850679803
132480.00600000002,0.2411876768,0.2499703488531455,0.008782672053145507
132560.00600000002,0.2415768057,0.2506690663667923,0.009092260666792307
132630.00600000002,0.2418955117,0.25128043378196996,0.009384922081969949
132700.00600000002,0.2422327548,0.2518918056615257,0.009659050861525686
132780.00600000002,0.2426456064,0.25259052644908003,0.009944920049080042
132850.00600000002,0.2429962009,0.2532773921164002,0.010281191216400226
132930.00600000002,0.2434690446,0.25407644563056675,0.01060740103056676
133000.00600000002,0.2438278049,0.25477552080374144,0.01094771590374144
133080.00600000002,0.2443333119,0.25557460273481347,0.011241290834813483
133150.00600000002,0.2447164804,0.2562737315743685,0.01155725117436851
133220.00600000002,0.2451864332,0.2569994788753424,0.011813045675342415
133300.00600000002,0.2456941456,0.2579034244100141,0.01220927881001413
133370.00600000002,0.2461529225,0.2586943422868522,0.012541419786852165
133450.00600000002,0.2467043847,0.2595982606345807,0.01289387593458069
133520.00600000002,0.2472076565,0.2604305552519881,0.013222898751988094
133590.00600000002,0.2477109283,0.26131727614527633,0.01360634784527634
133670.00600000002,0.2483239025,0.26233069873327564,0.014006796233275637
133740.00600000002,0.2488761097,0.26321750051370435,0.014341390813704363
133820.00600000002,0.2495216578,0.2642312743385989,0.014709616538598896
133890.00600000002,0.2501123846,0.2652143803118049,0.015101995711804872
133970.00600000002,0.2508083582,0.26633797574434054,0.015529617544340513
134040.00600000002,0.2514361739,0.26732109844857443,0.01588492454857443
134110.00600000002,0.2520713508,0.26835109894401543,0.01627974814401545
134190.00600000002,0.2528207302,0.26959884025030967,0.016778110050309658
134260.00600000002,0.2535011172,0.2706906602378025,0.017189543037802513
134340.00600000002,0.2542971671,0.2719384858248012,0.01764131872480118
134410.00600000002,0.2550094426,0.2730303175782175,0.01802087497821747
134490.00600000002,0.2558529377,0.2742780663304622,0.018425128630462195
134560.00600000002,0.2566171288,0.2755123445251748,0.01889521572517483
134630.00600000002,0.2574005425,0.2767697107826743,0.01936916828267432
134710.00600000002,0.2582833171,0.2782067648645081,0.019923447764508107
134780.00600000002,0.2591045797,0.279464138062335,0.020359558362334995
134860.00600000002,0.2600666285,0.28090120350922754,0.02083457500922753
134930.00600000002,0.2609279156,0.2821585093554758,0.021230593755475813
135010.00600000002,0.2619856,0.2835957155660659,0.0216101155660659
135080.00600000002,0.2628594637,0.2848531095214146,0.02199364582141461
135150.00600000002,0.2638155818,0.286189949876936,0.022374368076936046
135230.00600000002,0.2649133205,0.2877848174539477,0.02287149695394769
135300.00600000002,0.2659116983,0.28918045012867444,0.02326875182867444
135380.00600000002,0.2670242488,0.29077524845256675,0.023750999652566773
135450.00600000002,0.2680989802,0.2921709495116406,0.024071969311640573
135520.00600000002,0.2691455483,0.2936045717604525,0.024459023460452534
135600.00600000002,0.2703885436,0.29530003330469,0.024911489704690037
135670.00600000002,0.2714788318,0.29678356918017645,0.025304737380176467
135750.00600000002,0.2727314532,0.2984788101242518,0.02574735692425184
135820.00600000002,0.2739121914,0.2999621951270639,0.026050003727063897
135900.00600000002,0.2752656043,0.30173658702159645,0.026470982721596426
135970.00600000002,0.2764455974,0.30333015051132434,0.026884553111324316
136040.00600000002,0.2776878476,0.3049238662993564,0.027236018699356435
136120.00600000002,0.2790864706,0.3067451342427431,0.027658663642743053
136190.00600000002,0.2803680003,0.3083387584318153,0.02797075813181532
136270.00600000002,0.2818526328,0.31016019543738055,0.028307562637380546
136340.00600000002,0.2831230462,0.3117537620836759,0.028630715883675883
136420.00600000002,0.2846654654,0.31357496872250806,0.02890950332250808
136490.00600000002,0.2860322297,0.31516871180867456,0.02913648210867459
136560.00600000002,0.2873878777,0.31684313948808496,0.02945526178808494
136640.00600000002,0.2889866531,0.31877187276649827,0.029785219666498275
136710.00600000002,0.2904216051,0.3204596886702706,0.0300380835702706
136790.00600000002,0.2920463085,0.3223885258503098,0.030342217350309786
136860.00600000002,0.2934923768,0.32407630591372727,0.03058392911372726
136930.00600000002,0.2949695885,0.3257641370592603,0.030794548559260282
137010.00600000002,0.2966461778,0.32771580455977045,0.03106962675977043
137080.00600000002,0.2981433868,0.32948261763428266,0.03133923083428264
137160.00600000002,0.299864471,0.33150178814544773,0.03163731714544771
137230.00600000002,0.3014054,0.33326864372998816,0.03186324372998817
137310.00600000002,0.3032013476,0.3352881135847355,0.03208676598473548
137380.00600000002,0.3047496974,0.3371102737206604,0.03236057632066036
137450.00600000002,0.3063432872,0.33897355896851566,0.032630271768515684
137530.00600000002,0.3081555068,0.34110286424310965,0.03294735744310967
137600.00600000002,0.3097572327,0.3429658402340521,0.03320860753405208
137680.00600000002,0.3116109967,0.34509493898223387,0.03348394228223389
137750.00600000002,0.3132549524,0.34695794186949436,0.03370298946949435
137830.00600000002,0.3151672482,0.3490873169813844,0.03392006878138437
137900.00600000002,0.3168119788,0.3509503686330425,0.034138389833042515
137970.00600000002,0.3184752166,0.3528134774903777,0.034338260890377725
138050.00600000002,0.3203815818,0.35494256207318475,0.03456098027318477
138120.00600000002,0.3220915198,0.35689925854751203,0.03480773874751203
138200.00600000002,0.3240631223,0.3591531777022199,0.03509005540221988
138270.00600000002,0.3257575333,0.3611253432052831,0.0353678099052831
138350.00600000002,0.3277491331,0.36337928605707687,0.03563015295707689
138420.00600000002,0.3294701576,0.36535126756113595,0.03588110996113597
138490.00600000002,0.3312690556,0.3673655010818775,0.036096445481877515
138570.00600000002,0.3333184719,0.36970338788719853,0.03638491598719851
138640.00600000002,0.3350529075,0.37174872042053453,0.03669581292053453
138720.00600000002,0.3371504843,0.3740865207893117,0.03693603648931171
138790.00600000002,0.3389219642,0.37613188000684417,0.037209915806844185
138860.00600000002,0.3407668173,0.3782107344312912,0.03744391713129119
138940.00600000002,0.342889607,0.38068064752228525,0.03779104052228527
139010.00600000002,0.3447566926,0.3828418798292732,0.038085187229273176
139090.00600000002,0.3468661606,0.3853116020135954,0.038445441413595405
139160.00600000002,0.3487450778,0.38747241485895545,0.038727337058955424
139240.00600000002,0.3509390652,0.3899422211588403,0.039003155958840297
139310.00600000002,0.3528009653,0.39210314104219457,0.03930217574219458
139380.00600000002,0.3547569811,0.3942641578477985,0.03950717674779852
139460.00600000002,0.3569768667,0.3967341112888866,0.039757244588886576
139530.00600000002,0.3589344025,0.39889519511405636,0.03996079261405633
139610.00600000002,0.3611869216,0.40145135444528157,0.040264432845281584
139680.00600000002,0.3631711006,0.40375176226468606,0.040580661664686046
139760.00600000002,0.3654376864,0.40627660500127416,0.04083891860127414
139830.00600000002,0.3674560189,0.4085874376712102,0.04113141877121018
139900.00600000002,0.3695054352,0.4108469147450497,0.041341479545049686
139980.00600000002,0.3718261421,0.413511931856118,0.04168578975611803
140050.00600000002,0.3738940954,0.4158276092091304,0.04193351380913041
140130.00600000002,0.3762555718,0.41852310740251597,0.04226753560251595
140200.00600000002,0.378357619,0.4208142117493706,0.042456592749370636
140270.00600000002,0.3804596663,0.42305795078797614,0.042598284487976146
140350.00600000002,0.3828789294,0.42572213872290743,0.042843209322907416
140420.00600000002,0.385021776,0.42813294835854154,0.04311117235854156
140500.00600000002,0.387485534,0.4308826641912222,0.043397130191222155
140570.00600000002,0.3896379769,0.43330631948612,0.04366834258611996
140650.00600000002,0.3921024799,0.43611020767797587,0.04400772777797585
140720.00600000002,0.3943068385,0.43855127963990614,0.044244441139906165
140790.00600000002,0.3965393305,0.44107149302599863,0.04453216252599862
140870.00600000002,0.3990846574,0.44396868767390324,0.04488403027390325
140940.00600000002,0.4013334513,0.44648469957518655,0.04515124827518657
141020.00600000002,0.4039550722,0.44944027003367015,0.045485197833670166
141090.00600000002,0.4061742425,0.4519758573264655,0.0458016148264655
141170.00600000002,0.4087373316,0.4548635968845615,0.04612626528456154
141240.00600000002,0.4110358059,0.457512998351568,0.046477192451568006
141310.00600000002,0.4133743346,0.4601624217001152,0.04678808710011517
141390.00600000002,0.4160775244,0.46321813873622186,0.04714061433622185
141460.00600000002,0.4184071124,0.4659467879890016,0.04753967558900157
141540.00600000002,0.4210606217,0.469098168505913,0.04803754680591299
141610.00600000002,0.423270911,0.4719198199614011,0.04864890896140106
141690.00600000002,0.4259874225,0.4750657175136115,0.049078295013611495
141760.00600000002,0.4283822477,0.47794563941404783,0.04956339171404783
141830.00600000002,0.4307555854,0.4808402725986416,0.05008468719864162
141910.00600000002,0.4335388541,0.4841718801121223,0.05063302601212233
141980.00600000002,0.4360204041,0.48710446872123003,0.05108406462123005
142060.00600000002,0.4388659,0.4903856452736345,0.05151974527363451
142130.00600000002,0.441383779,0.4933129761191652,0.051929197119165216
142200.00600000002,0.4439350069,0.49635609137878267,0.05242108447878269
142280.00600000002,0.4467857182,0.4998509841893264,0.05306526598932637
142350.00600000002,0.449388057,0.5029372759327511,0.05354921893275105
142430.00600000002,0.4522506297,0.5065685701180995,0.05431794041809951
142500.00600000002,0.4548241198,0.5098120464800739,0.05498792668007396
142580.00600000002,0.4578348994,0.5134989825121807,0.05566408311218074
142650.00600000002,0.460524708,0.5168153099179055,0.05629060191790547
142720.00600000002,0.4632338285,0.5201606854613001,0.05692685696130012
142800.00600000002,0.4663439691,0.5239781870446096,0.057634217944609656
142870.00600000002,0.4691182971,0.5274011731181332,0.058282876018133145
142950.00600000002,0.472274363,0.5313905756779054,0.0591162126779054
143020.00600000002,0.4750850499,0.5349500273055242,0.05986497740552421
143100.00600000002,0.4783641696,0.5390323966427787,0.06066822704277869
143170.00600000002,0.4812526703,0.5427063400711379,0.06145366977113792
143240.00600000002,0.4842004478,0.5464282246020982,0.06222777680209818
143320.00600000002,0.4875921905,0.5507757632333002,0.06318357273330022
143390.00600000002,0.4904043376,0.5546314624847731,0.06422712488477311
143470.00600000002,0.4937850535,0.5591222705805423,0.0653372170805423
143540.00600000002,0.4968180954,0.5631234879691096,0.06630539256910961
143610.00600000002,0.4999415576,0.5672256871485764,0.06728412954857638
143690.00600000002,0.503518641,0.5719464493672743,0.06842780836727436
143760.00600000002,0.5066732168,0.5762009580512897,0.06952774125128969
143840.00600000002,0.5103837848,0.5811729238234472,0.07078913902344719
143910.00600000002,0.5136413574,0.5855647365877699,0.07192337918776981
143990.00600000002,0.5174334049,0.5907318402147603,0.07329843531476032
144060.00600000002,0.5207569599,0.5952952300496004,0.07453827014960035
144130.00600000002,0.5241584778,0.5999426700059841,0.07578419220598409
144210.00600000002,0.5280505419,0.6054364500560676,0.0773859081560676
144280.00600000002,0.5315809846,0.610298934555793,0.07871794995579295
144360.00600000002,0.5356702209,0.6159463236795379,0.0802761027795379
144430.00600000002,0.5392406583,0.6210554861245532,0.08181482782455318
144510.00600000002,0.5434736609,0.627065897096475,0.08359223619647493
144580.00600000002,0.5471923947,0.6323987673461586,0.0852063726461586
144650.00600000002,0.5510563254,0.637840032244709,0.08678370684470893
144730.00600000002,0.5554724336,0.6442277084620951,0.08875527486209511
144800.00600000002,0.5594439507,0.6499215114479974,0.0904775607479974
144880.00600000002,0.5640460849,0.6566428765105001,0.09259679161050016
144950.00600000002,0.5681762099,0.6626816440941351,0.09450543419413515
145030.00600000002,0.5729555488,0.6697776574399965,0.09682210863999652
145100.00600000002,0.5772004724,0.6761408302740348,0.09894035787403477
145170.00600000002,0.5815551877,0.6826787879186725,0.1011236002186725
145250.00600000002,0.5866791606,0.6904051750287641,0.10372601442876406
145320.00600000002,0.5911886692,0.6973565115360003,0.1061678423360003
145400.00600000002,0.5964439511,0.7056484197654089,0.1092044686654089
145470.00600000002,0.6011298895,0.7131550009040128,0.11202511140401283
145540.00600000002,0.6059418917,0.721023018222311,0.11508112652231095
145620.00600000002,0.6115766168,0.7302564322418318,0.11867981544183182
145690.00600000002,0.6165628433,0.7388418277954094,0.12227898449540942
145770.00600000002,0.6224636436,0.749173749168472,0.12671010556847206
145840.00600000002,0.6277188659,0.7587310002440972,0.1310121343440972
145920.00600000002,0.6338458061,0.7702598418246398,0.13641403572463984
145990.00600000002,0.6393975019,0.7808914278300237,0.14149392593002375
146060.00600000002,0.6449708343,0.7919939628330825,0.14702312853308253
146140.00600000002,0.6515572667,0.8053098277391886,0.15375256103918855
146210.00600000002,0.6574937105,0.8173639955416327,0.1598702850416327
146290.00600000002,0.6644382477,0.8317054817926105,0.16726723409261046
146360.00600000002,0.6706985831,0.8447688495056178,0.17407026640561785
146440.00600000002,0.6780759096,0.8602935780519978,0.18221766845199783
146510.00600000002,0.6846609712,0.8745032344964008,0.18984226329640075
146580.00600000002,0.691496551,0.8892728277520743,0.19777627675207432
146660.00600000002,0.69956249,0.9068599745556141,0.20729748455561403
146730.00600000002,0.7069073319,0.9228374180488366,0.21593008614883658
146810.00600000002,0.7156241536,0.9416443949632177,0.22602024136321774
146880.00600000002,0.7235093117,0.958525722797554,0.235016411097554
146950.00600000002,0.7318310142,0.9756157106814534,0.2437846964814534
147030.00600000002,0.7417516112,0.9955677812479482,0.2538161700479482
147100.00600000002,0.7509969473,1.0140421418205665,0.2630451945205665
147180.00600000002,0.7621079683,1.0355711599247015,0.27346319162470145
147250.00600000002,0.7723627687,1.0544075937380035,0.28204482503800354
147330.00600000002,0.7846805453,1.0759338054631347,0.2912532601631347
147400.00600000002,0.7960139513,1.0947698339125504,0.2987558826125505
147470.00600000002,0.8078306317,1.1136084195755718,0.30577778787557175
147550.00600000002,0.8217791319,1.13513631682744,0.31335718492744
147620.00600000002,0.8345024586,1.15397223706377,0.3194697784637699
147700.00600000002,0.8496102095,1.1754987884862307,0.3258885789862307
147770.00600000002,0.8634171486,1.19433614325997,0.33091899465997
147850.00600000002,0.879861474,1.2158647313384243,0.3360032573384243
147920.00600000002,0.8948885202,1.2347019487313462,0.3398134285313462
147990.00600000002,0.9104456306,1.2535392380860886,0.3430936074860885
148070.00600000002,0.9288868904,1.27506602538422,0.34617913498422004
148140.00600000002,0.9455062151,1.293903338527059,0.3483971234270591
148220.00600000002,0.9648837447,1.3154298373415123,0.35054609264151226
148290.00600000002,0.9821279645,1.334265020693136,0.35213705619313596
148361.31100000002,1.0000014305,1.353452275187366,0.3534508446873661
