time_s,voltage_exp_V,voltage_sim_V,residual_V
0.0,1.0567988157,1.071108517623991,0.014309701923991058
80.0,0.9341790676,0.7646575818557446,-0.1695214857442554
160.0,0.8567634821,0.7118128888953351,-0.14495059320466486
240.0,0.792222321,0.6881434634359891,-0.10407885756401092
320.0,0.748649776,0.6719652410891341,-0.07668453491086591
400.0,0.7211719751,0.6587198446140383,-0.062452130485961654
480.0,0.70250386,0.6470274429463743,-0.055476417053625715
560.0,0.6882587075,0.6360648390960255,-0.05219386840397444
640.0,0.6760571599,0.6257999420256373,-0.05025721787436277
720.0,0.6653167009,0.6159444831514939,-0.049372217748506086
800.0,0.6547184587,0.6070496989423378,-0.04766875975766216
880.0,0.6447933316,0.5974091086415598,-0.047384222958440136
960.0,0.6353158355,0.588536882154262,-0.046778953345738006
1040.0,0.6260082126,0.5799010182326202,-0.046107194367379756
1130.0,0.6156613231,0.5703162695352856,-0.04534505356471441
1210.0,0.6067013144,0.5627665124407397,-0.04393480195926025
1290.0,0.5979465246,0.5540052884202522,-0.04394123617974777
1370.0,0.5897315145,0.5459865450721206,-0.04374496942787942
1450.0,0.5811932087,0.5384261727469284,-0.04276703595307163
1530.0,0.5725319982,0.5328755249693968,-0.03965647323060317
1610.0,0.5652382374,0.5266622141791983,-0.03857602322080167
1690.0,0.5563768148,0.5164424246684765,-0.039934390131523556
1770.0,0.5482937098,0.5087027743518184,-0.0395909354481816
1850.0,0.5409066081,0.5020219362386206,-0.03888467186137945
1930.0,0.5331125855,0.49918673159923377,-0.03392585390076619
2010.0,0.5289565325,0.4921624942428874,-0.03679403825711258
2090.0,0.5188987851,0.4830743948415859,-0.03582439025841411
2180.0,0.5101219416,0.4774086862615421,-0.032713255338457925
2260.0,0.5031595826,0.47523017322730077,-0.027929409372699276
2340.0,0.500626862,0.4655634241989497,-0.03506343780105026
2420.0,0.4935510457,0.4628380126227707,-0.030713033077229335
2500.0,0.4844273031,0.4597252769575599,-0.024702026142440103
2580.0,0.4797583222,0.4503640074803934,-0.029394314719606573
2660.0,0.4781268537,0.4450425683961653,-0.033084285303834726
2740.0,0.4676763117,0.4372931843329553,-0.030383127367044738
2820.0,0.4651524723,0.4358978806000899,-0.029254591699910126
2900.0,0.4604775608,0.42739788889728514,-0.03307967190271488
2980.0,0.4530164003,0.42719784595929244,-0.025818554340707567
3060.0,0.4461675286,0.4283643127367308,-0.01780321586326916
3140.0,0.4401147068,0.43101429445673634,-0.009100412343263642
3230.0,0.4370993972,0.42072326620202566,-0.01637613099797436
3310.0,0.4286576211,0.4137932428486968,-0.014864378251303212
3390.0,0.4284945428,0.41038585462807925,-0.01810868817192074
3470.0,0.4296167493,0.4031530673426438,-0.02646368195735621
3550.0,0.4324260056,0.4008928244702323,-0.03153318112976772
3630.0,0.423374176,0.39414689161128047,-0.02922728438871952
3710.0,0.4155068696,0.39342309143144943,-0.02208377816855056
3790.0,0.4121832252,0.39192184042991873,-0.02026138477008127
3870.0,0.4050512016,0.3898041196528196,-0.01524708194718044
3950.0,0.4024094939,0.38638077664015713,-0.016028717259842895
4030.0,0.3960542679,0.38166740840709823,-0.014386859492901749
4110.0,0.3941219151,0.3782536083363167,-0.015868306763683282
4190.0,0.392629832,0.3761967058192067,-0.01643312618079329
4270.0,0.3921843469,0.3730142939390413,-0.019170052960958694
4360.0,0.3875754774,0.36709614814840574,-0.020479329251594236
4440.0,0.382815361,0.3634730391238933,-0.01934232187610674
4520.0,0.3793657124,0.3618509043625625,-0.01751480803743749
4600.0,0.3773014247,0.35894241800383275,-0.018359006696167246
4680.0,0.3741808832,0.3570739194059008,-0.017106963794099206
4760.0,0.3688137233,0.35368274141821454,-0.015130981881785466
4840.0,0.3649238348,0.35080816467996345,-0.01411567012003656
4920.0,0.3634473085,0.3482817136873715,-0.015165594812628524
5000.0,0.360886395,0.3451427341916343,-0.0157436608083657
5080.0,0.3589585125,0.34141468128515684,-0.017543831214843153
5160.0,0.3551827371,0.3381660054944796,-0.017016731605520363
5240.0,0.3527752757,0.3367299400283431,-0.01604533567165689
5320.0,0.3490150869,0.3357190921934343,-0.013295994706565673
5410.0,0.3461999595,0.33125607954377195,-0.014943879956228034
5490.0,0.342530936,0.3278815334428798,-0.014649402557120217
5570.0,0.3392784595,0.3247429784630858,-0.01453548103691421
5650.0,0.3378293812,0.32210366228483267,-0.01572571891516733
5730.0,0.3370088637,0.3203172984958139,-0.016691565204186076
5810.0,0.3327550292,0.31716505588205457,-0.015589973317945427
5890.0,0.3293654323,0.3144656604143047,-0.014899771885695301
5970.0,0.3262263834,0.3116169657885443,-0.014609417611455677
6050.0,0.3235565424,0.3099476564702614,-0.013608885929738579
6130.0,0.3217754066,0.30734499281673516,-0.014430413783264817
6210.0,0.3185978234,0.30445632538979484,-0.014141498010205145
6290.0,0.3158968389,0.3017626133889917,-0.014134225511008291
6370.0,0.313013494,0.29946787008447584,-0.013545623915524163
6460.0,0.3109818399,0.29643170663568863,-0.014550133264311371
6540.0,0.3083853722,0.29384525116458227,-0.014540121035417741
6620.0,0.3054953814,0.2917087216501859,-0.013786659749814079
6700.0,0.3028129041,0.2892113467723102,-0.013601557327689806
6780.0,0.3004387915,0.2871198188183284,-0.013318972681671648
6860.0,0.297783047,0.2846541262362523,-0.01312892076374772
6940.0,0.2951961756,0.28251978044399145,-0.012676395156008546
7020.0,0.2930548489,0.2801039703987978,-0.01295087850120219
7100.0,0.2905473113,0.27768802662947745,-0.012859284670522553
7180.0,0.2884533703,0.2756132035885521,-0.012840166711447887
7260.0,0.2859755158,0.27335006998761757,-0.012625445812382452
7340.0,0.2837333381,0.27108692372286447,-0.01264641437713554
7420.0,0.2813525796,0.2689003968532999,-0.012452182746700069
7500.0,0.2790229321,0.26675226396618235,-0.012270668133817664
7590.0,0.2765791714,0.26436568158659846,-0.012213489813401535
7670.0,0.2742999196,0.2622441358601254,-0.012055783739874593
7750.0,0.2720844448,0.2601224931993229,-0.01196195160067709
7830.0,0.2698934078,0.2580009289957944,-0.011892478804205575
7910.0,0.2678010166,0.2558792717219269,-0.01192174487807307
7990.0,0.2655780911,0.25375758331279535,-0.01182050778720467
8070.0,0.2634648979,0.2517611358910806,-0.011703762008919372
8150.0,0.2612812817,0.24976812867013148,-0.011513153029868495
8230.0,0.2591762841,0.24777509268478226,-0.011401191415217726
8310.0,0.2570971549,0.24578205402583342,-0.011315100874166595
8390.0,0.2549876571,0.2437890220418143,-0.01119863505818569
8470.0,0.2529723346,0.24179589766616205,-0.011176436933837963
8550.0,0.2509302795,0.2399179205407309,-0.011012358959269108
8640.0,0.2486770302,0.23782829292250188,-0.010848737277498133
8720.0,0.2466913313,0.23597074574912127,-0.010720585550878736
8800.0,0.2447093278,0.23411325457219873,-0.010596073227801261
8880.0,0.2427829355,0.23225572647279147,-0.010527209027208523
8960.0,0.2408639342,0.23039808584552415,-0.010465848354475837
9040.0,0.2389345616,0.22863204309022161,-0.010302518509778397
9120.0,0.2370556146,0.22688237115667323,-0.010173243443326763
9200.0,0.2352070063,0.22513253720929674,-0.010074469090703253
9280.0,0.2334548086,0.2233827493921566,-0.010072059207843403
9360.0,0.2315735966,0.22163272858274033,-0.009940868017259658
9440.0,0.2297724634,0.2198827401666471,-0.009889723233352882
9520.0,0.2279587239,0.2182279497973228,-0.009730774102677198
9600.0,0.2262354195,0.21659012046208742,-0.009645299037912586
9690.0,0.2242386043,0.21474759693821893,-0.009491007361781073
9770.0,0.2225278765,0.21310970271519702,-0.009418173784802975
9850.0,0.2208038419,0.2114719225986862,-0.009331919301313801
9930.0,0.2191398293,0.20983392574480486,-0.009305903555195144
10010.0,0.2174498588,0.20827416273938912,-0.009175696060610888
10090.0,0.2157791853,0.20674454513288554,-0.009034640167114472
10170.0,0.2141848505,0.20521474438211224,-0.00897010611788776
10250.0,0.2125638276,0.2036849304497094,-0.00887889715029061
10330.0,0.2109576315,0.20215507197439186,-0.008802559525608128
10410.0,0.2093677372,0.20062528259806195,-0.008742454601938038
10490.0,0.2078215778,0.19918677209491115,-0.008634805705088844
10570.0,0.2062642872,0.19776472224957026,-0.00849956495042975
10650.0,0.2047426105,0.1963426265528177,-0.008399983947182305
10730.0,0.2032364756,0.19492050066285455,-0.008315974937145448
10820.0,0.2015487254,0.19343847679159185,-0.008110248608408144
10900.0,0.200074479,0.19215537693817908,-0.00791910206182092
10980.0,0.1986061484,0.19087238713759316,-0.007733761262406824
11059.999999999996,0.1972126812,0.18958923564689623,-0.007623445553103764
11139.999999999996,0.1957991868,0.18831609128553062,-0.007483095514469379
11219.999999999996,0.1944605857,0.18713478089745816,-0.00732580480254183
11299.999999999996,0.1931960732,0.185953531477986,-0.007242541722014023
11379.999999999996,0.1919241548,0.18477210356178478,-0.007152051238215218
11459.999999999996,0.1906374246,0.18359069596604857,-0.007046728633951421
11539.999999999996,0.1893499494,0.1824094319788876,-0.006940517421112402
11619.999999999996,0.1881314069,0.18129472292361276,-0.006836683976387231
11699.999999999996,0.1869588345,0.18020546950592836,-0.006753364994071642
11779.999999999996,0.1857365668,0.17911637172820413,-0.00662019507179587
11869.999999999996,0.1844476163,0.1778909756815485,-0.006556640618451515
11949.999999999996,0.1832905859,0.17680174690956968,-0.006488838990430318
12029.999999999996,0.1821595132,0.17575411414125303,-0.0064053990587469856
12109.999999999996,0.1810677201,0.1747846285721839,-0.006283091527816087
12189.999999999996,0.1799662858,0.17381519628843248,-0.006151089511567509
12269.999999999996,0.1788833886,0.1728457585029073,-0.006037630097092711
12349.999999999996,0.177804932,0.17187631038603707,-0.005928621613962931
12429.999999999996,0.1767464876,0.17090687571012253,-0.005839611889877472
12509.999999999996,0.1757369787,0.16993733731042723,-0.005799641389572757
12589.999999999996,0.1747266948,0.16896774354807886,-0.005758951251921135
12669.999999999996,0.1737149507,0.1679981833912048,-0.005716767308795223
12749.999999999996,0.172698766,0.1670286816809823,-0.005670084319017693
12829.999999999996,0.1717277765,0.1660769089535392,-0.005650867546460825
12919.999999999996,0.170669347,0.16508815041470015,-0.005581196585299847
12999.999999999996,0.1697124541,0.16422227297051223,-0.0054901811294877645
13079.999999999996,0.1687748283,0.16335636332209524,-0.005418464977904769
13159.999999999996,0.1678594351,0.16249041510369988,-0.005369019996300128
13239.999999999996,0.1669477522,0.16162447521372986,-0.005323276986270137
13319.999999999996,0.1660494059,0.16075851326128993,-0.005290892638710076
13399.999999999996,0.1651555151,0.15996036099044658,-0.005195154109553429
13479.999999999996,0.1642890424,0.1591640024159144,-0.005125039984085589
13559.999999999996,0.1634144336,0.15836768269664542,-0.005046750903354574
13639.999999999996,0.1625561118,0.15757136350771855,-0.00498474829228146
13719.999999999996,0.1617111415,0.1567750079424779,-0.004936133557522093
13799.999999999996,0.16090101,0.15597860344336348,-0.004922406556636533
13879.999999999996,0.1600997597,0.15518217789103483,-0.004917581808965177
13959.999999999996,0.1592903733,0.1544551799899034,-0.004835193310096603
14049.999999999996,0.1583697945,0.15363951627810965,-0.004730278221890344
14129.999999999996,0.1575959772,0.15291437777107064,-0.004681599428929345
14209.999999999996,0.1568154842,0.15218927022906872,-0.00462621397093127
14289.999999999996,0.1560157388,0.1514642279247718,-0.004551510875228204
14369.999999999996,0.1552975029,0.15073903543400086,-0.004558467465999139
14449.999999999996,0.1544984728,0.1500139747040163,-0.004484498095983697
14529.999999999996,0.1538024843,0.14928878323614864,-0.00451370106385135
14609.999999999996,0.1530390531,0.14856365915736275,-0.00447539394263724
14689.999999999996,0.1522867233,0.14784269271090633,-0.004444030589093678
14769.999999999996,0.1515655369,0.14716003948940018,-0.004405497410599812
14849.999999999996,0.1508480608,0.1464773504421804,-0.004370710357819579
14929.999999999996,0.1501453966,0.14579459903189362,-0.004350797568106385
15009.999999999996,0.1494471729,0.14511664534511814,-0.004330527554881863
15099.999999999996,0.1486429572,0.14440384829602554,-0.00423910890397447
15179.999999999996,0.1479521692,0.14377026230981876,-0.004181906890181247
15259.999999999996,0.1473132521,0.14313655176143716,-0.004176700338562822
15339.999999999996,0.1466513425,0.1425028711255305,-0.004148471374469498
15419.999999999996,0.1459494382,0.14186930028640893,-0.004080137913591075
15499.999999999996,0.1452942044,0.14126458606053388,-0.004029618339466107
15579.999999999996,0.1446426958,0.1406922108502645,-0.003950484949735489
15659.999999999996,0.1440030336,0.14011983368521563,-0.003883199914784363
15739.999999999996,0.1433959752,0.1395473943718664,-0.0038485808281336076
15819.999999999996,0.1427622586,0.13897497729820774,-0.0037872813017922613
15899.999999999996,0.1421796679,0.13840247120291227,-0.0037771966970877313
15979.999999999996,0.1415652186,0.13783001281286678,-0.003735205787133211
16059.999999999996,0.1409507543,0.13725760765962855,-0.0036931466403714586
16149.999999999996,0.1403303742,0.13665531495177005,-0.003675059248229945
16229.999999999996,0.1397537142,0.13617128117818197,-0.0035824330218180156
16309.999999999996,0.1391770691,0.13568722877084918,-0.0034898403291508118
16389.999999999996,0.1385855824,0.13520323615002217,-0.0033823462499778245
16469.999999999996,0.1380459964,0.13471920059017495,-0.0033267958098250616
16549.999999999996,0.1375041604,0.13423515466270594,-0.0032690057372940506
16629.999999999996,0.1370016336,0.1337510484350986,-0.0032505851649013984
16709.999999999996,0.1364887208,0.13326692774542498,-0.0032217930545750117
16789.999999999996,0.1359720975,0.13278282984752873,-0.003189267652471267
16869.999999999996,0.135453254,0.1322987873362736,-0.003154466663726402
16949.999999999996,0.1349870414,0.1318328076633264,-0.0031542337366736173
17029.999999999996,0.1344741136,0.1313871798406664,-0.00308693375933361
17109.999999999996,0.134008646,0.13095737545506653,-0.003051270544933482
17189.999999999996,0.1335528195,0.13055731017526484,-0.0029955093247351627
17279.999999999996,0.1330413818,0.13010722998305407,-0.0029341518169459235
17359.999999999996,0.1326144487,0.1297071431067367,-0.0029073055932632985
17439.999999999996,0.1321778744,0.1293070517685461,-0.002870822631453912
17519.999999999996,0.1317494661,0.12890698074723642,-0.002842485352763574
17599.999999999996,0.1313306838,0.12850685313127025,-0.0028238306687297376
17679.999999999996,0.1309282035,0.12815936997190241,-0.0027688335280975918
17759.999999999996,0.1305190623,0.12782137710714808,-0.0026976851928519063
17839.999999999996,0.1301544011,0.1274833327584882,-0.0026710683415118175
17919.999999999996,0.1297519207,0.1271453291129706,-0.0026065915870293888
17999.999999999996,0.1293887347,0.12680725785577185,-0.002581476844228159
18079.999999999996,0.1290403754,0.12646920285043575,-0.002571172549564238
18159.999999999996,0.1286356747,0.1261311744221312,-0.002504500277868804
18239.999999999996,0.1283006519,0.12579308982228787,-0.0025075620777121332
18329.999999999996,0.1278996617,0.12545726688470818,-0.0024423948152918207
18409.999999999996,0.1275735199,0.1251716292731236,-0.002401890626876374
18489.999999999996,0.1272599995,0.12488599712574372,-0.002374002374256279
18569.999999999996,0.1268871725,0.12460042740245925,-0.00228674509754076
18649.999999999996,0.126609236,0.12431477206462674,-0.0022944639353732754
18729.999999999996,0.1262756735,0.12402914691760811,-0.0022465265823918834
18809.999999999996,0.1259747595,0.12374351226494337,-0.0022312472350566326
18889.999999999996,0.1256619692,0.12345788092134106,-0.002204088278658936
18969.999999999996,0.1253736466,0.12317223185857604,-0.0022014147414239627
19049.999999999996,0.1251112521,0.12289793725642761,-0.0022133148435723726
19129.999999999996,0.1248259023,0.12266347885898585,-0.0021624234410141524
19209.999999999996,0.1245205328,0.12242904754490841,-0.0020914852550915908
19289.999999999996,0.1242284998,0.12219462703503195,-0.0020338727649680532
19379.999999999996,0.1239386722,0.12193083225358492,-0.0020078399464150826
19459.999999999996,0.1237014905,0.12169635093182493,-0.0020051395681750656
19539.999999999996,0.1234472618,0.12146185464351678,-0.0019854071564832237
19619.999999999996,0.1231848821,0.12122738712924366,-0.0019574949707563405
19699.999999999996,0.1229113862,0.12099293053348818,-0.0019184556665118174
19779.999999999996,0.1227156892,0.12075838670608896,-0.001957302493911045
19859.999999999996,0.1224792525,0.12052970443594693,-0.0019495480640530638
19939.999999999996,0.1222502217,0.12032040683682833,-0.001929814863171661
20019.999999999996,0.1219974682,0.12012705784153188,-0.0018704103584681192
20099.999999999996,0.1217728928,0.11993367539963759,-0.001839217400362414
20179.999999999996,0.1215675697,0.11974027181940716,-0.0018272978805928403
20259.999999999996,0.1213474348,0.1195468756524708,-0.0018005591475292043
20339.999999999996,0.1211487874,0.11935344532188666,-0.0017953420781133406
20419.999999999996,0.1209375486,0.11916004822846427,-0.001777500371535734
20509.999999999996,0.1207114831,0.11894245880509748,-0.001769024294902527
20589.999999999996,0.120498769,0.11874904772509108,-0.0017497212749089247
20669.999999999996,0.120276399,0.11855563449510981,-0.0017207645048901987
20749.999999999996,0.1200955436,0.11837158318322921,-0.0017239604167707812
20829.999999999996,0.1198724434,0.11819806567228816,-0.00167437772771184
20909.999999999996,0.1196960434,0.11802448623631814,-0.00167155716368185
20989.999999999996,0.119524084,0.11785087994795615,-0.001673204052043853
21069.999999999996,0.1193254367,0.11767729773554259,-0.0016481389644574101
21149.999999999996,0.1191238388,0.11750372648727492,-0.0016201123127250888
21229.999999999996,0.1189607605,0.11733013592212205,-0.001630624577877951
21309.999999999996,0.1187762097,0.11715653801688466,-0.0016196716831153313
21389.999999999996,0.1185901687,0.11698294480372158,-0.0016072238962784174
21469.999999999996,0.1184048727,0.1168093546419458,-0.0015955180580541906
21559.999999999996,0.1182395741,0.11662179488189453,-0.001617779218105464
21639.999999999996,0.1180520579,0.11646120305386008,-0.0015908548461399108
21719.999999999996,0.1178749129,0.11630064109534505,-0.0015742718046549559
21799.999999999996,0.1177555695,0.11613999891511129,-0.0016155705848887175
21879.999999999996,0.1175673082,0.11597940289375985,-0.001587905306240145
21959.999999999996,0.1174161062,0.11581877008691735,-0.0015973361130826452
22039.999999999996,0.1172337607,0.11566116386758463,-0.0015725968324153683
22119.999999999996,0.1170432791,0.11551401889263208,-0.001529260207367919
22199.999999999996,0.1169061586,0.11536680739537306,-0.0015393512046269486
22279.999999999996,0.1167564318,0.11521961263637306,-0.0015368191636269402
22359.999999999996,0.1165733561,0.11507243500038158,-0.001500921099618413
22439.999999999996,0.1164473519,0.11492521481273654,-0.0015221370872634532
22519.999999999996,0.1163079962,0.11477799618035106,-0.0015300000196489388
22609.999999999996,0.1161367819,0.11461237244767605,-0.0015244094523239465
22689.999999999996,0.1159915105,0.1144651553049125,-0.0015263551950875087
22769.999999999996,0.1157958433,0.11431797978952077,-0.0014778635104792381
22849.999999999996,0.1156802103,0.11417160505894658,-0.0015086052410534234
22929.999999999996,0.1155201122,0.11402691221976885,-0.0014931999802311469
23009.999999999996,0.1153474078,0.11388222478177668,-0.0014651830182233205
23089.999999999996,0.1152206585,0.11373749387587903,-0.0014831646241209723
23169.999999999996,0.1150939092,0.11359274522552507,-0.001501163974474931
23249.999999999996,0.1149130538,0.11344806162008887,-0.001464992179911126
23329.999999999996,0.1148100272,0.11330329890084076,-0.001506728299159238
23409.999999999996,0.1146595702,0.11315856564452455,-0.0015010045554754575
23489.999999999996,0.1145046577,0.11301383050964256,-0.0014908271903574383
23569.999999999996,0.1143341884,0.11286912185774611,-0.0014650665422538817
23649.999999999996,0.1142244861,0.1127274803870808,-0.0014970057129191916
23739.999999999996,0.1140725538,0.11257471700301974,-0.001497836796980262
23819.999999999996,0.1138709262,0.11243898360115176,-0.0014319425988482404
23899.999999999996,0.1137760505,0.11230316991050819,-0.0014728805894918123
23979.999999999996,0.1136381999,0.11216736602772578,-0.001470833872274216
24059.999999999996,0.1134669706,0.11203160845009237,-0.0014353621499076236
24139.999999999996,0.1133557931,0.11189578465113573,-0.0014600084488642778
24219.999999999996,0.1131942198,0.11176000243648179,-0.0014342173635182032
24299.999999999996,0.1130252257,0.11162422713423692,-0.0014009985657630758
24379.999999999996,0.1128947809,0.11148841603365714,-0.0014063648663428657
24459.999999999996,0.1127821133,0.1113520522864586,-0.0014300610135414005
24539.999999999996,0.1126338765,0.11121513666937825,-0.0014187398306217402
24619.999999999996,0.1124522761,0.11107823898867103,-0.0013740371113289684
24699.999999999996,0.1123670265,0.11094130150852871,-0.0014257249914712833
24789.999999999996,0.1122121289,0.11078724386079028,-0.0014248850392097195
24869.999999999996,0.1120586917,0.11065030025110378,-0.0014083914488962207
24949.999999999996,0.111920096,0.11051336928032146,-0.001406726719678536
25029.999999999996,0.1117822304,0.11037641240299395,-0.0014058179970060508
25109.999999999996,0.1116443649,0.11023946899084512,-0.0014048959091548796
25189.999999999996,0.1114961281,0.11010252290718968,-0.0013936051928103155
25269.999999999996,0.1113545671,0.10996141087490584,-0.0013931562250941582
25349.999999999996,0.111237444,0.10981746537812487,-0.001419978621875137
25429.999999999996,0.1110795662,0.10967353326659907,-0.0014060329334009275
25509.999999999996,0.1109461561,0.10952960460369127,-0.0014165514963087322
25589.999999999996,0.1108216271,0.10938566781385278,-0.0014359592861472176
25669.999999999996,0.110706009,0.10924173192352421,-0.001464277076475784
25749.999999999996,0.1105496064,0.10909780810547536,-0.001451798294524645
25839.999999999996,0.110395439,0.10893587474435404,-0.0014595642556459593
25919.999999999996,0.1102501675,0.10879192130192064,-0.0014582461980793548
25999.999999999996,0.1101100817,0.10864796378051644,-0.0014621179194835576
26079.999999999996,0.1099596247,0.10850545862160343,-0.0014541660783965599
26159.999999999996,0.1098113731,0.1083635089957047,-0.0014478641042953017
26239.999999999996,0.1096816584,0.10822153930313028,-0.0014601190968697303
26319.999999999996,0.1095423177,0.10807955332588016,-0.0014627643741198376
26399.999999999996,0.109368138,0.10793763097908705,-0.0014305070209129495
26479.999999999996,0.1092584357,0.10779563814401366,-0.001462797555986342
26559.999999999996,0.1090812907,0.10765370403673766,-0.0014275866632623424
26639.999999999996,0.1089649275,0.10751169387945067,-0.0014532336205493324
26719.999999999996,0.1087900028,0.10736974415137662,-0.001420258648623371
26799.999999999996,0.1086551026,0.10722776845400003,-0.0014273341459999644
26879.999999999996,0.1085231677,0.10708325650137013,-0.0014399111986298785
26969.999999999996,0.1083497256,0.10691961629907673,-0.0014301093009232713
27049.999999999996,0.1082311347,0.10677411750706414,-0.0014570171929358527
27129.999999999996,0.1080932692,0.10662863006281165,-0.0014646391371883477
27209.999999999996,0.1079116687,0.10648319899311881,-0.0014284697068811941
27289.999999999996,0.1077849194,0.1063376969607095,-0.0014472224392905048
27369.999999999996,0.1076048166,0.10619224630039936,-0.0014125702996006378
27449.999999999996,0.1074995548,0.10604674200567939,-0.001452812794320607
27529.999999999996,0.1073098108,0.10590129423820935,-0.0014085165617906542
27609.999999999996,0.1072104946,0.10575575854167893,-0.0014547360583210683
27689.999999999996,0.1070600301,0.10560617724015539,-0.0014538528598446038
27769.999999999996,0.1068940014,0.10545588283703347,-0.0014381185629665227
27849.999999999996,0.1067457572,0.105305582508488,-0.0014401746915120028
27929.999999999996,0.1066190079,0.10515523928059453,-0.0014637686194054755
28019.999999999996,0.1064552069,0.10498612098399393,-0.0014690859160060715
28099.999999999996,0.1062765792,0.10483583894101758,-0.0014407402589824148
28179.999999999996,0.1061439067,0.10468551039238183,-0.0014583963076181677
28259.999999999996,0.1060052961,0.10453518336758927,-0.001470112732410725
28339.999999999996,0.1058481634,0.10438484639659205,-0.0014633170034079462
28419.999999999996,0.1057051122,0.10423452561313509,-0.0014705865868649137
28499.999999999996,0.1055568755,0.10411778003089117,-0.0014390954691088226
28579.999999999996,0.1054264158,0.10398870131588904,-0.0014377144841109663
28659.999999999996,0.1052611321,0.103834809631114,-0.0014263224688860071
28739.999999999996,0.1051188186,0.10368089828475477,-0.001437920315245228
28819.999999999996,0.1049676165,0.10352699005246263,-0.0014406264475373687
28899.999999999996,0.1047964022,0.10337311425015629,-0.0014232879498437129
28979.999999999996,0.1046555713,0.103219229925736,-0.0014363413742640024
29069.999999999996,0.1044895425,0.1030460625466594,-0.0014434799533405984
29149.999999999996,0.1043501943,0.1028921515524648,-0.001458042747535207
29229.999999999996,0.1041708291,0.10273826445898569,-0.0014325646410143084
29309.999999999996,0.1040500104,0.10258431663474632,-0.0014656937652536839
29389.999999999996,0.10386841,0.10242991766515193,-0.0014384923348480655
29469.999999999996,0.1037342548,0.10227487931644294,-0.0014593754835570544
29549.999999999996,0.1036060303,0.1021198051676521,-0.0014862251323479042
29629.999999999996,0.1034340709,0.10196480641252723,-0.0014692644874727684
29709.999999999996,0.1032791585,0.10180976228888372,-0.001469396211116275
29789.999999999996,0.1031205431,0.10165472746163512,-0.001465815638364884
29869.999999999996,0.1029811949,0.10149967069713811,-0.001481524202861892
29949.999999999996,0.1028151736,0.1013446375501206,-0.0014705360498794007
30029.999999999996,0.1026543304,0.10118960351207021,-0.0014647268879297848
30109.999999999996,0.1025046036,0.10103456258399976,-0.0014700410160002342
30199.999999999996,0.1023556218,0.10086130003264553,-0.0014943217673544784
30279.999999999996,0.1022110879,0.10070823105611675,-0.0015028568438832518
30359.999999999996,0.1020472869,0.10055517795315322,-0.0014921089468467874
30439.999999999996,0.1018486395,0.10040215744219891,-0.0014464820578010962
30519.999999999996,0.1017411649,0.10024907164992419,-0.0014920932500758072
30599.999999999996,0.1015395597,0.10009604250534526,-0.001443517194654742
30679.999999999996,0.1014306098,0.09994294364896891,-0.001487666151031089
30759.999999999996,0.1012719944,0.09978989011559236,-0.0014821042844076343
30839.999999999996,0.1010985449,0.09963684408458975,-0.0014617008154102495
30919.999999999996,0.1009377092,0.09948378530250532,-0.0014539238974946855
30999.999999999996,0.1007798314,0.09932920187538871,-0.0014506295246112938
31079.999999999996,0.1006249189,0.09917362222138174,-0.0014512966786182635
31159.999999999996,0.1004929915,0.09901799935748334,-0.0014749921425166596
31249.999999999996,0.1002965644,0.09884296349537489,-0.0014536009046251103
31329.999999999996,0.1001461074,0.09868737153820724,-0.0014587358617927648
31409.999999999996,0.1000186205,0.0985317470983589,-0.001486873401641109
31489.999999999996,0.0998577774,0.09837613791141313,-0.0014816394885868722
31569.999999999996,0.0996621028,0.0982205776831246,-0.0014415251168753973
31649.999999999996,0.099504225,0.09806498183326923,-0.0014392431667307748
31729.999999999996,0.0993515402,0.09790938622648665,-0.0014421539735133548
31809.999999999996,0.0992144197,0.09775531683503441,-0.001459102864965589
31889.999999999996,0.0990669206,0.09760184524849645,-0.0014650753515035447
31969.999999999996,0.0989120007,0.09744837984015714,-0.0014636208598428624
32049.999999999996,0.0987504199,0.09729491854774024,-0.001455501352259761
32129.999999999996,0.0985725373,0.09714147628729576,-0.0014310610127042378
32209.999999999996,0.0984146595,0.0969880096353512,-0.001426649864648799
32299.999999999996,0.0982538238,0.0968153529900774,-0.0014384708099225985
32379.999999999996,0.0981122479,0.09666187537477043,-0.0014503725252295735
32459.999999999996,0.0979439989,0.0965084130637085,-0.0014355858362914975
32539.999999999996,0.0978098437,0.09635490841288327,-0.0014549352871167237
32619.999999999996,0.0976415873,0.09620270170483367,-0.0014388855951663337
32699.999999999996,0.0975015014,0.096050683846491,-0.0014508175535089957
32780.0,0.0973050818,0.09589872411652822,-0.0014063576834717761
32860.0,0.0971642509,0.09574672530915261,-0.0014175255908473877
32940.0,0.0970100835,0.09559473448821386,-0.0014153490117861378
33020.0,0.0968522131,0.09544272053241262,-0.0014094925675873782
33100.0,0.0967113823,0.09529070334723055,-0.0014206789527694413
33180.0,0.0965653658,0.09513869577495299,-0.001426670025047011
33260.0,0.0964304656,0.09498667695703014,-0.0014437886429698593
33340.0,0.0962792635,0.09483465372839056,-0.0014446097716094425
33430.0,0.0960947052,0.0946637132151087,-0.0014309919848913
33510.0,0.0959257111,0.094511796866308,-0.0014139142336919985
33590.0,0.09576042,0.0943598765052315,-0.0014005434947684942
33670.0,0.0956440493,0.09420790708586527,-0.001436142214134739
33750.0,0.0954609737,0.09405597628778506,-0.0014049974122149478
33830.0,0.0953186676,0.09390403646266819,-0.0014146311373318121
33910.0,0.0951600522,0.0937520968940529,-0.0014079553059471034
33990.0,0.095016256,0.09360015218873949,-0.001416103811260505
34070.0,0.0948739424,0.09344817690606123,-0.0014257654939387604
34150.0,0.0947249681,0.09329622555069983,-0.0014287425493001715
34230.0,0.0945885852,0.09314778946816067,-0.0014407957318393338
34310.0,0.0944195911,0.09299945758666973,-0.0014201335133302712
34390.0,0.0942698643,0.09285113663745767,-0.001418727662542335
34480.0,0.0940756723,0.09268428400784039,-0.0013913882921596094
34560.0,0.0939563438,0.09253593597218691,-0.0014204078278130805
34640.0,0.0937658548,0.0923876422969263,-0.0013782125030737113
34720.0,0.093625024,0.0922393164482679,-0.0013857075517321044
34800.0,0.093505688,0.09209095891776212,-0.0014147290822378866
34880.0,0.0933552235,0.091942632477195,-0.0014125910228049987
34960.0,0.0932084695,0.09179401367842184,-0.0014144558215781616
35040.0,0.0930313244,0.09164293376930135,-0.0013883906306986493
35120.0,0.0928904936,0.09149182451142529,-0.0013986690885747083
35200.0,0.092765227,0.09134071385951627,-0.001424513140483738
35280.0,0.0926140249,0.09118962105528819,-0.0014244038447118051
35360.0,0.0924694911,0.09103850954346981,-0.0014309815565301809
35440.0,0.092310138,0.09088740373580481,-0.0014227342641951884
35530.0,0.092128545,0.09071742117224887,-0.0014111238277511318
35610.0,0.092007719,0.09057512375712178,-0.0014325952428782263
35690.0,0.0918468833,0.09043879152437234,-0.0014080917756276595
35770.0,0.0917275473,0.090302428505487,-0.001425118794513
35850.0,0.0915570781,0.0901661048830765,-0.0013909732169234967
35930.0,0.0914303288,0.09002975288995355,-0.001400575910046456
36010.0,0.0912843198,0.08989340047618476,-0.0013909193238152429
36090.0,0.0911338478,0.08975705919428617,-0.00137678860571383
36170.0,0.090993017,0.08962071113507573,-0.0013723058649242614
36250.0,0.0908336639,0.08948438323945392,-0.0013492806605460844
36330.0,0.0907172933,0.0893479944818148,-0.001369298818185205
36410.0,0.090542376,0.08921079210468891,-0.0013315838953110865
36490.0,0.0904245228,0.08907294474864125,-0.0013515780513587566
36570.0,0.0902873948,0.088935099039047,-0.0013522957609529984
36660.0,0.0901235938,0.08878002968989315,-0.0013435641101068457
36740.0,0.0899827629,0.08864219267375181,-0.0013405702262481861
36820.0,0.0898604691,0.0885043314235395,-0.001356137676460506
36900.0,0.089722611,0.08836649520589315,-0.0013561157941068408
36980.0,0.0895788074,0.08822867056960282,-0.0013501368303971834
37060.0,0.0894409493,0.08809083291995856,-0.0013501163800414412
37140.0,0.0893305093,0.08795295921949492,-0.00137755008050508
37220.0,0.0891904235,0.08782351502729605,-0.0013669084727039593
37300.0,0.0890436694,0.0876973002120572,-0.0013463691879428002
37380.0,0.088867262,0.08757111598789621,-0.0012961460121037882
37460.0,0.0887538493,0.08744488251469251,-0.0013089667853074943
37540.0,0.0886463821,0.08731864969300102,-0.0013277324069989882
37620.0,0.0885181502,0.08719242617058781,-0.0013257240294121952
37710.0,0.0883632451,0.08705043158262046,-0.001312813517379538
37790.0,0.0882550329,0.08692420096181702,-0.0013308319381829803
37870.0,0.0880764052,0.08679802432281176,-0.0012783808771882343
37950.0,0.0879555792,0.08667179600489394,-0.001283783195106053
38030.0,0.0878473669,0.08653996810285074,-0.0013073987971492645
38110.0,0.0877057984,0.08640717753289404,-0.0012986208671059707
38190.0,0.0875909105,0.08627436151907582,-0.001316548980924176
38270.0,0.0874397084,0.08614157559128005,-0.0012981328087199456
38350.0,0.0873144493,0.08600877290790342,-0.001305676392096583
38430.0,0.0871914104,0.08587596443557234,-0.0013154459644276612
38510.0,0.087080963,0.0857431466154931,-0.001337816384506904
38590.0,0.0869290233,0.08562429268225152,-0.0013047306177484813
38670.0,0.0868148804,0.0855078979015082,-0.0013069824984918016
38760.0,0.0866925791,0.08537694980753571,-0.0013156292924642876
38840.0,0.0865361914,0.08526060540540059,-0.0012755859945994125
38920.0,0.086435385,0.08514420723970681,-0.001291177760293194
39000.0,0.0863019601,0.08502782247717972,-0.00127413762282029
39080.0,0.0862041265,0.08491144019007621,-0.0012926863099237962
39160.0,0.0860655233,0.08479507243157947,-0.0012704508684205362
39240.0,0.0859580487,0.08467868127786565,-0.0012793674221343448
39320.0,0.0858068466,0.08456232208226719,-0.0012445245177328118
39400.0,0.0857149363,0.0844453433711024,-0.0012695929288975977
39480.0,0.0855600312,0.08432839275336558,-0.0012316384466344171
39560.0,0.0854555145,0.08421139525051624,-0.001244119249483755
39640.0,0.0853561908,0.08409438664270485,-0.0012618041572951405
39720.0,0.0852020234,0.0839774356449784,-0.0012245877550216
39800.0,0.0850952938,0.08386045201786935,-0.0012348417821306523
39890.0,0.0849900469,0.08372882681673798,-0.0012612200832620296
39970.0,0.0848314315,0.0836118555968926,-0.001219575903107395
40050.0,0.0847417414,0.08349484234667442,-0.0012468990533255758
40130.0,0.0846268535,0.08337898569127053,-0.001247867808729472
40210.0,0.0845090002,0.08327356899933733,-0.001235431200662676
40290.0,0.0844052359,0.0831681164949718,-0.0012371194050282003
40370.0,0.0842836797,0.0830626891938579,-0.0012209905061421056
40450.0,0.0841680542,0.08295726714812413,-0.0012107870518758695
40530.0,0.0840301886,0.08285186693460891,-0.0011783216653910855
40610.0,0.0839330927,0.08274642914787475,-0.0011866635521252528
40690.0,0.0838493407,0.08264097159150177,-0.001208369108498225
40770.0,0.0837433413,0.08253552799674657,-0.0012078133032534244
40850.0,0.0836017728,0.08243010874984101,-0.0011716640501589909
40940.0,0.0834928155,0.08230936683603746,-0.0011834486639625413
41020.0,0.0833764523,0.08219442820397466,-0.0011820240960253442
41100.0,0.0832786113,0.08207947116924083,-0.0011991401307591687
41180.0,0.0831437185,0.08196455266071456,-0.0011791658392854426
41260.0,0.0830740482,0.08186079396664425,-0.0012132542333557483
41340.0,0.0829584152,0.08176135471965568,-0.0011970604803443197
41420.0,0.0828383416,0.08166192299478897,-0.0011764186052110326
41500.0,0.0827434659,0.08156247291182678,-0.0011809929881732156
41580.0,0.0826182067,0.08146305588002686,-0.0011551508199731386
41660.0,0.0825351924,0.08136359404666157,-0.0011715983533384239
41740.0,0.0824499503,0.08126414024389061,-0.0011858100561093904
41820.0,0.0823202431,0.08116472669001419,-0.0011555164099858045
41900.0,0.0822275952,0.08106527266924188,-0.0011623225307581253
41990.0,0.0821334645,0.08095338406244112,-0.001180080437558878
42070.0,0.0819970742,0.08085912248562527,-0.001137951714374738
42150.0,0.0819148049,0.08076573189088068,-0.0011490730091193169
42230.0,0.0818169639,0.08067237189529458,-0.0011445920047054164
42310.0,0.0817346945,0.08057897703836989,-0.0011557174616301097
42390.0,0.0816494599,0.08048560315701536,-0.001163856742984637
42470.0,0.0815538391,0.08039221561687268,-0.0011616234831273164
42550.0,0.0814359933,0.08029885159829339,-0.0011371417017066038
42630.0,0.0813255534,0.08020549170185412,-0.00112006169814588
42710.0,0.0812358707,0.08011209716181246,-0.0011237735381875447
42790.0,0.0811209753,0.08001874928265545,-0.0011022260173445403
42870.0,0.08105205,0.07992958314122205,-0.001122466858777954
42950.0,0.0809319764,0.07984119212023205,-0.0010907842797679423
43030.0,0.0808719397,0.07975279465458335,-0.0011191450454166585
43120.0,0.0807014629,0.07965337106006964,-0.0010480918399303624
43200.0,0.0807059109,0.07956495493727625,-0.001140955962723747
43280.0,0.0805925056,0.07947655709666167,-0.0011159485033383348
43360.0,0.0804694667,0.07938817556048819,-0.0010812911395118169
43440.0,0.0804168433,0.07929975371468836,-0.0011170895853116342
43520.0,0.0803175271,0.07921135178184613,-0.0011061753181538653
43600.0,0.0802211612,0.07912883790858122,-0.0010923232914187841
43680.0,0.0801574215,0.07905026556122169,-0.0011071559387783175
43760.0,0.0800514296,0.07897170356190866,-0.0010797260380913387
43840.0,0.0799773112,0.07889313322452918,-0.0010841779754708208
43920.0,0.0798876286,0.07881457769407918,-0.0010730509059208165
44000.0,0.0797645897,0.07873603371401158,-0.0010285559859884164
44080.0,0.0796986222,0.07865745980679736,-0.0010411623932026354
44170.0,0.0796133876,0.07856907266229754,-0.0010443149377024619
44250.0,0.0795511231,0.07849048573344802,-0.0010606373665519725
44330.0,0.0794651434,0.07841192320476884,-0.0010532201952311582
44410.0,0.0793843493,0.07834192727543246,-0.0010424220245675436
44490.0,0.0793020725,0.0782752138298889,-0.001026858670111097
44570.0,0.0792183205,0.07820849780120442,-0.0010098226987955705
44650.0,0.0791404918,0.07814179133156018,-0.0009987004684398199
44730.0,0.0790708214,0.07807506444896409,-0.000995756951035917
44810.0,0.0789737254,0.07800835873282773,-0.000965366667172271
44890.0,0.0789092407,0.07794162673444296,-0.0009676139655570293
44970.0,0.0788247436,0.07787492758813294,-0.0009498160118670551
45050.0,0.0787491426,0.07780820959856524,-0.00094093300143476
45130.0,0.0787328407,0.07774148214264441,-0.00099135855735559
45220.0,0.078646861,0.07766573429507338,-0.000981126704926616
45300.0,0.0785794109,0.07759819977601824,-0.0009812111239817511
45380.0,0.0785149261,0.07753065356087119,-0.0009842725391288054
45460.0,0.078446731,0.07746311506183813,-0.0009836159381618748
45540.0,0.0783474147,0.07739559257720705,-0.0009518221227929613
45620.0,0.078287378,0.07732804413713336,-0.0009593338628666459
45700.0,0.0782169625,0.07726051285571932,-0.0009564496442806825
45780.0,0.0781517327,0.0771929671040629,-0.0009587655959371055
45860.0,0.0780657604,0.07712542042261564,-0.0009403399773843663
45940.0,0.0779975653,0.07705788290515073,-0.0009396823948492755
46020.0,0.0779471695,0.07694788417481666,-0.0009992853251833411
46100.0,0.0778611898,0.07688947575424065,-0.0009717140457593393
46180.0,0.0778115317,0.07683103824711635,-0.00098049345288366
46260.0,0.0777500123,0.07677260710451134,-0.0009774051954886676
46350.0,0.0776536539,0.07670689802200334,-0.0009467558779966551
46430.0,0.0776047334,0.07664844745468294,-0.0009562859453170619
46510.0,0.0775365382,0.07659002501319215,-0.0009465131868078569
46590.0,0.0774853975,0.07653158752276136,-0.0009538099772386371
46670.0,0.077410534,0.0764731631681466,-0.0009373708318533985
46750.0,0.0773608759,0.07641472615845277,-0.0009461497415472336
46830.0,0.0772986189,0.07635732271210144,-0.000941296187898566
46910.0,0.077233389,0.07630348149276972,-0.0009299075072302793
46990.0,0.0771992952,0.0762496287527702,-0.0009496664472298105
47070.0,0.0771185085,0.07619579877542626,-0.000922709724573742
47150.0,0.0770658776,0.07614194211519743,-0.0009239354848025738
47230.0,0.0769873112,0.07608811894972983,-0.0008991922502701727
47310.0,0.0769465491,0.07603426728374649,-0.0009122818162535101
47400.0,0.0768620521,0.0759736951352036,-0.0008883569647963885
47480.0,0.0768242553,0.07591983482775888,-0.0009044204722411242
47560.0,0.0767553225,0.07586600504120035,-0.0008893174587996516
47640.0,0.0767012164,0.07581287439483862,-0.0008883420051613716
47720.0,0.076653026,0.07576109600980975,-0.0008919299901902489
47800.0,0.0766026303,0.0757093143689728,-0.0008933159310272054
47880.0,0.0765122026,0.07565756816842067,-0.0008546344315793208
47960.0,0.0764706954,0.07560579787527516,-0.0008648975247248364
48040.0,0.0764558688,0.0755540003121187,-0.000901868487881291
48120.0,0.0763735995,0.0755022497124212,-0.0008713497875788012
48200.0,0.076315783,0.0754504736793107,-0.0008653093206893031
48280.0,0.0762794688,0.07539869032487004,-0.0008807784751299619
48360.0,0.076240927,0.07534689794420144,-0.0008940290557985647
48450.0,0.0761556849,0.07528993127891034,-0.0008657536210896627
48530.0,0.076139383,0.07524079224680506,-0.0008985907531949416
48610.0,0.0760711953,0.07519169851897255,-0.0008794967810274584
48690.0,0.0760356113,0.07514256560016845,-0.0008930456998315489
48770.0,0.0759644583,0.07509347273637174,-0.0008709855636282599
48850.0,0.0759148002,0.0750443571674759,-0.000870443032524093
48930.0,0.0758658797,0.07499523957129145,-0.0008706401287085497
49010.0,0.0758206695,0.0749461173332727,-0.0008745521667273132
49090.0,0.0757569149,0.07489701013176585,-0.0008599047682341515
49170.0,0.0757087395,0.07484789421434998,-0.0008608452856500165
49250.0,0.075642772,0.07480081966553696,-0.0008419523344630336
49330.0,0.075584963,0.07475601050782069,-0.000828952492179319
49410.0,0.075550124,0.0747111800787366,-0.0008389439212633937
49490.0,0.0755086169,0.07466636464070303,-0.0008422522592969744
49580.0,0.075474523,0.07461592708090137,-0.0008585959190986342
49660.0,0.0754070729,0.07457110742566431,-0.0008359654743356898
49740.0,0.0753403679,0.07452629795265571,-0.000814069947344287
49820.0,0.0752988607,0.07448147333116398,-0.00081738736883602
49900.0,0.0752454922,0.0744366537099132,-0.0008088384900867968
49980.0,0.0752380863,0.07439180100511321,-0.0008462852948867977
50060.0,0.0751521066,0.07434419540074025,-0.000807911199259756
50140.0,0.0751439482,0.07429465393556586,-0.0008492942644341417
50220.0,0.0750950351,0.07424512757827437,-0.0008499075217256319
50300.0,0.0750646442,0.07419560259264113,-0.0008690416073588725
50380.0,0.0749897808,0.07414609876550343,-0.0008436820344965706
50460.0,0.0749601349,0.07409656594221109,-0.0008635689577889127
50540.0,0.0749282613,0.07404704336708773,-0.0008812179329122649
50630.0,0.0748852789,0.07399535808896512,-0.0008899208110348805
50710.0,0.0748059601,0.07395440406356915,-0.0008515560364308478
50790.0,0.0747822449,0.07391340940090022,-0.0008688354990997876
50870.0,0.07473851,0.07387243530066602,-0.0008660746993339741
50950.0,0.0746881068,0.07383145684591186,-0.0008566499540881428
51030.0,0.074654758,0.0737904696106575,-0.0008642883893425074
51110.0,0.0745969415,0.0737495129451968,-0.0008474285548032007
51190.0,0.0745969415,0.07370850887006988,-0.0008884326299301165
51270.0,0.0745472834,0.07366752113410177,-0.0008797622658982263
51350.0,0.074469462,0.07362657172220985,-0.0008428902777901509
51430.0,0.0744405538,0.07358774798687831,-0.0008528058131216931
51510.0,0.0744190589,0.0735513444528619,-0.000867714447138096
51590.0,0.0743486434,0.07351498372235311,-0.0008336596776468835
51680.0,0.0743212178,0.07347403111647348,-0.0008471866835265268
51760.0,0.0742819384,0.0734376363500863,-0.0008443020499137033
51840.0,0.0742070749,0.07340127582451259,-0.0008057990754874178
51920.0,0.0741848424,0.07336487728377092,-0.0008199651162290877
52000.0,0.0741366595,0.07332848375783028,-0.0008081757421697089
52080.0,0.0741210952,0.07329207192084178,-0.0008290232791582225
52160.0,0.0740781054,0.07325567763143703,-0.0008224277685629638
52240.0,0.0739913881,0.07321448189813076,-0.0007769062018692374
52320.0,0.0740032494,0.07316997834318878,-0.0008332710568112189
52400.0,0.0739498809,0.07312550777350932,-0.0008243731264906823
52480.0,0.0738994777,0.07308104480369111,-0.0008184328963088822
52560.0,0.0738475919,0.07303657327028033,-0.000811018629719662
52640.0,0.0738053396,0.07299210906238876,-0.0008132305376112453
52720.0,0.0737890378,0.07294761915227013,-0.0008414186477298663
52810.0,0.0736963898,0.07289759953739511,-0.0007987902626048898
52890.0,0.0736919418,0.07285310835054812,-0.0008388334494518757
52970.0,0.073644504,0.07280864352804665,-0.0008358604719533452
53050.0,0.0736029968,0.07277289688005527,-0.0008300999199447323
53130.0,0.0735436976,0.07274052238124999,-0.0008031752187500074
53210.0,0.0735414773,0.07270810238552845,-0.0008333749144715519
53290.0,0.0735110864,0.07267569422178244,-0.0008353921782175561
53370.0,0.0734421536,0.07264331838674276,-0.0007988352132572429
53450.0,0.0733880475,0.07261093693348389,-0.0007771105665161093
53530.0,0.0733873099,0.07257850389423895,-0.0008088060057610535
53610.0,0.073356919,0.07254610209005309,-0.0008108169099469154
53690.0,0.0732590854,0.07251374125559895,-0.0007453441444010556
53770.0,0.07327687,0.07248130933730257,-0.0007955606626974254
53860.0,0.0732264668,0.07244468591275383,-0.0007817808872461751
53940.0,0.0731916353,0.0724120556673525,-0.0007795796326475063
54020.0,0.0731582791,0.07237945064065456,-0.0007788284593454459
54100.0,0.0731182545,0.07234681730378553,-0.0007714371962144612
54180.0,0.0730937943,0.07231417713806237,-0.0007796171619376263
54260.0,0.0730545148,0.07228154110904784,-0.0007729736909521528
54340.0,0.073011525,0.07224892782689926,-0.0007625971731007319
54420.0,0.0729677901,0.07221629869207105,-0.0007514914079289475
54500.0,0.0729537085,0.072183643529655,-0.0007700649703449997
54580.0,0.0729329586,0.07215101440366863,-0.0007819441963313745
54660.0,0.072886996,0.07211769494423717,-0.0007693010557628249
54740.0,0.0728188083,0.07208427395074446,-0.0007345343492555362
54820.0,0.0728388205,0.0720508081418845,-0.0007880123581155002
54910.0,0.0727869347,0.07201317172822816,-0.0007737629717718408
54990.0,0.0727194846,0.07197975976566343,-0.0007397248343365692
55070.0,0.0727217123,0.07194628189516347,-0.0007754304048365329
55150.0,0.0726535171,0.07191285573951943,-0.0007406613604805656
55230.0,0.0726157203,0.07187941033277766,-0.0007363099672223483
55310.0,0.0726001561,0.07184595614544628,-0.0007541999545537109
55390.0,0.0725860745,0.07181249886385736,-0.0007735756361426371
55470.0,0.0725208446,0.07178584474585381,-0.0007349998541461844
55550.0,0.0724993497,0.07175936141668998,-0.0007399882833100113
55630.0,0.0724630356,0.07173287862273486,-0.0007301569772651395
55710.0,0.0724667385,0.07170638446359082,-0.000760354036409186
55790.0,0.0724148527,0.07167990726030946,-0.0007349454396905486
55870.0,0.0723941028,0.07165341973712169,-0.0007406830628783057
55960.0,0.0723570436,0.07162362673757085,-0.0007334168624291565
56040.0,0.0723444447,0.07159712876329327,-0.0007473159367067245
56120.0,0.0722947791,0.07157065371687743,-0.0007241253831225675
56200.0,0.0722488314,0.07153946885943871,-0.0007093625405612952
56280.0,0.0722480863,0.07147621015000705,-0.0007718761499929533
56360.0,0.0722236261,0.07145186509554786,-0.0007717610044521289
56440.0,0.0721821189,0.07142753625613414,-0.0007545826438658532
56520.0,0.0721665546,0.07140318828193896,-0.0007633663180610373
56600.0,0.0721502528,0.07137882988391542,-0.000771422916084577
56680.0,0.0720887333,0.07135451829623574,-0.0007342150037642631
56760.0,0.0720790923,0.07133016520932024,-0.0007489270906797518
56840.0,0.0720790923,0.07130580543824716,-0.0007732868617528338
56920.0,0.0720464811,0.07128146654217687,-0.0007650145578231293
57000.0,0.0719960853,0.07125713411274272,-0.0007389511872572807
57090.0,0.0719716251,0.07123038700840396,-0.0007412380915960415
57170.0,0.0719464123,0.07120789776806671,-0.0007385145319332848
57250.0,0.0719345585,0.0711854036856277,-0.0007491548143722937
57330.0,0.0719004571,0.07116291790285006,-0.0007375391971499307
57410.0,0.0718693286,0.07114043212684118,-0.0007288964731588243
57490.0,0.071868591,0.07111791600598605,-0.0007506749940139473
57570.0,0.0718448684,0.07109541991903037,-0.000749448480969625
57650.0,0.0718137398,0.07107293424442722,-0.0007408055555727794
57730.0,0.0718018785,0.0710504325093903,-0.0007514459906096949
57810.0,0.0717329532,0.0710279672787012,-0.0007049859212988063
57890.0,0.0717433244,0.0710057775445041,-0.0007375468554959019
57970.0,0.0716995969,0.0709842610859252,-0.0007153358140747912
58050.0,0.0717070103,0.07096271004820873,-0.0007443002517912717
58140.0,0.0716365948,0.07093851472913328,-0.000698080070866719
58220.0,0.0716165826,0.07091698176953794,-0.0006996008304620688
58300.0,0.0716343746,0.07089541156121112,-0.0007389630387888702
58380.0,0.0715795234,0.07087389502827725,-0.0007056283717227496
58460.0,0.0715802684,0.07085233988821216,-0.000727928511787837
58540.0,0.0715513602,0.07083080644829196,-0.0007205537517080418
58620.0,0.0715083703,0.07080928518525341,-0.0006990851147465893
58700.0,0.07150466,0.07078706519809472,-0.0007175948019052802
58780.0,0.0714557469,0.07076414064558785,-0.0006916062544121554
58860.0,0.071434252,0.07074119365087132,-0.0006930583491286807
58940.0,0.0714112744,0.07071823508682037,-0.0006930393131796275
59020.0,0.0713645741,0.07069530196114134,-0.0006692721388586592
59100.0,0.0713682845,0.07067236385023076,-0.0006959206497692411
59190.0,0.0713645741,0.07064653293906853,-0.0007180411609314652
59270.0,0.0713215917,0.07062359417628426,-0.0006979975237157432
59350.0,0.0713475272,0.0706006168482943,-0.0007469103517056958
59430.0,0.0713260323,0.07057766208792587,-0.0007483702120741204
59510.0,0.0713015795,0.07055546569006285,-0.0007461138099371517
59590.0,0.0712622926,0.07053378728151474,-0.0007285053184852563
59670.0,0.0712533966,0.07051209152234703,-0.0007413050776529789
59750.0,0.0712333843,0.07049039617126496,-0.0007429881287350365
59830.0,0.0712126344,0.07046869719142297,-0.0007439372085770307
59910.0,0.0711481497,0.07044703029551225,-0.0007011194044877489
59990.0,0.0711399987,0.07042532626283139,-0.0007146724371686064
60070.0,0.0711273924,0.07040363517575607,-0.0007237572242439344
60150.0,0.0710977465,0.07038193652101912,-0.0007158099789808803
60230.0,0.0710955262,0.07036022958674278,-0.0007352966132572192
60320.0,0.0710391924,0.07033787266311911,-0.0007013197368808954
60400.0,0.0710243732,0.07031899423606344,-0.0007053789639365621
60480.0,0.0709843487,0.07030012402620736,-0.0006842246737926438
60560.0,0.0709672943,0.07028123767614297,-0.0006860566238570259
60640.0,0.0709480196,0.07026235454219804,-0.0006856650578019596
60720.0,0.07092949,0.07024347528510466,-0.000686014714895336
60800.0,0.070911698,0.07022459868991193,-0.0006870993100880629
60880.0,0.0708872452,0.07020571606689638,-0.0006815291331036255
60960.0,0.0708701909,0.07018683131554485,-0.0006833595844551593
61040.0,0.070867233,0.070167938558473,-0.0006992944415269986
61120.0,0.0708309114,0.07014595561629582,-0.0006849557837041859
61200.0,0.0708071962,0.07012276912431795,-0.0006844270756820592
61280.0,0.0708071962,0.07009958013693679,-0.0007076160630632156
61370.0,0.0707723573,0.07007351341302213,-0.0006988438869778707
61450.0,0.070752345,0.0700503229451428,-0.0007020220548571987
61530.0,0.0707404837,0.07002714756069163,-0.0007133361393083654
61610.0,0.0707264021,0.07000395164054024,-0.0007224504594597614
61690.0,0.0706960112,0.06998076751518356,-0.000715243684816444
61770.0,0.0706730336,0.06995757435324657,-0.0007154592467534387
61850.0,0.0706478357,0.06993438462389542,-0.0007134510761045709
61930.0,0.0705863163,0.06991373487017023,-0.0006725814298297605
62010.0,0.0705544427,0.06989351803169883,-0.0006609246683011716
62090.0,0.0705633387,0.069873282804849,-0.0006900558951510039
62170.0,0.0705166459,0.0698530710758591,-0.0006635748241408945
62250.0,0.0705299899,0.06983282451212788,-0.0006971653878721229
62330.0,0.0704936683,0.06981260950760255,-0.0006810587923974515
62420.0,0.0704855174,0.06978984345493852,-0.0006956739450614813
62500.0,0.0704477131,0.06976963957532883,-0.0006780735246711689
62580.0,0.0704299286,0.06974940468545669,-0.0006805239145433045
62660.0,0.0704010203,0.0697291932586204,-0.0006718270413796079
62740.0,0.0704106539,0.0697076469268906,-0.0007030069731093908
62820.0,0.0703328326,0.06968611009357678,-0.0006467225064232252
62900.0,0.0703632161,0.06966452627377986,-0.0006986898262201363
62980.0,0.0703202263,0.0696429811870504,-0.000677245112949601
63060.0,0.0703157857,0.06962142422231543,-0.000694361477684563
63140.0,0.0702868775,0.06959986384473013,-0.0006870136552698664
63220.00099999999,0.070304662,0.0695782714781383,-0.0007263905218617001
63300.00099999999,0.0702490732,0.06955673590916278,-0.0006923372908372166
63380.00099999999,0.070224613,0.06953516736749397,-0.0006894456325060305
63460.00099999999,0.0702320263,0.06951358997454352,-0.0007184363254564841
63550.00099999999,0.0702290609,0.06949077863676317,-0.000738282263236828
63630.00099999999,0.0701779202,0.06947056318784732,-0.0007073570121526734
63710.00099999999,0.0701430812,0.06945034752883078,-0.0006927336711692184
63790.00099999999,0.0701475292,0.06943008961943567,-0.000717439580564333
63870.00099999999,0.0701075047,0.06940986869708904,-0.0006976360029109646
63950.00099999999,0.0700837895,0.0693896326621383,-0.000694156837861698
64030.00099999999,0.0700667426,0.06936940018844262,-0.0006973424115573751
64110.00099999999,0.0700422823,0.06934916744147734,-0.0006931148585226504
64190.00099999999,0.070021525,0.06932892697930697,-0.0006925980206930332
64270.00099999999,0.0699992925,0.06930852403738424,-0.0006907684626157595
64350.00099999999,0.0699792728,0.06928651268387107,-0.0006927601161289404
64430.00099999999,0.0699533299,0.06926449641050578,-0.0006888334894942227
64510.00099999999,0.0699310973,0.06924247941968872,-0.0006886178803112708
64600.00099999999,0.0699081197,0.06921770400543542,-0.0006904156945645723
64680.00099999999,0.0698918104,0.06919569569146844,-0.0006961147085315644
64760.00099999999,0.0698717982,0.06917367593471177,-0.0006981222652882313
64840.00099999999,0.069834739,0.06915167013458842,-0.0006830688654115846
64920.00099999999,0.0698325187,0.0691296455673116,-0.0007028731326883947
65000.00099999999,0.0698021278,0.0691076359498563,-0.000694491850143697
65080.00099999999,0.0697776675,0.06908535581463823,-0.0006923116853617683
65160.00099999999,0.0697650686,0.06906214807058521,-0.0007029205294147856
65240.00099999999,0.0697450563,0.06903894096230723,-0.0007061153376927698
65320.00099999999,0.0697183758,0.06901574072224603,-0.0007026350777539631
65400.00099999999,0.0696961358,0.06899253904826644,-0.0007035967517335651
65480.00099999999,0.0696783513,0.06896933416314863,-0.0007090171368513698
65560.00099999999,0.0696524084,0.06894612578588705,-0.0007062826141129575
65650.00099999999,0.0696205348,0.06892002192897416,-0.0007005128710258351
65730.00099999999,0.0696020052,0.06889681420524593,-0.0007051909947540652
65810.00099999999,0.069582738,0.06887360737378104,-0.0007091306262189678
65890.00099999999,0.069582738,0.06885149842377894,-0.0007312395762210655
65970.00099999999,0.0695212185,0.06883149860984361,-0.0006897198901563845
66050.00099999999,0.0695049092,0.06881147533155604,-0.0006934338684439628
66130.00099999999,0.0695063919,0.06879143475413219,-0.00071495714586782
66210.00099999999,0.0694515407,0.06877143204096775,-0.0006801086590322442
66290.00099999999,0.0694508031,0.06875140591289693,-0.0006993971871030735
66370.00099999999,0.0694396868,0.06873137135182299,-0.0007083154481770104
66450.00099999999,0.0694241226,0.06871133984599644,-0.0007127827540035631
66530.00099999999,0.0693566725,0.0686913415284125,-0.0006653309715874967
66610.00099999999,0.0693470314,0.06867131859062714,-0.0006757128093728554
66690.00099999999,0.0693448111,0.0686489111268882,-0.0006958999731117993
66780.00099999999,0.0693270192,0.06861869675528084,-0.0007083224447191616
66860.00099999999,0.0692840368,0.06859187239896841,-0.0006921644010315919
66940.00099999999,0.0692432672,0.06856502600721612,-0.0006782411927838822
67020.00099999999,0.0692491978,0.06853817245503216,-0.0007110253449678361
67100.00099999999,0.0692284405,0.06851131757105786,-0.000717122928942146
67180.00099999999,0.0691936091,0.0684844857669045,-0.0007091233330955016
67260.00099999999,0.0691891611,0.06845763123030119,-0.0007315298696988076
67340.00099999999,0.0691684112,0.06843077064246,-0.000737640557539998
67420.00099999999,0.0691387579,0.0684039340904549,-0.0007348238095451071
67500.00099999999,0.0690727904,0.06838142535345137,-0.0006913650465486254
67580.00099999999,0.0690742731,0.06836367954096405,-0.0007105935590359519
67660.00099999999,0.0690579712,0.06834594768390484,-0.0007120235160951588
67740.00099999999,0.0690283254,0.06832820983771218,-0.0007001155622878286
67830.00099999999,0.0690105334,0.06830826190485342,-0.0007022714951465808
67910.00099999999,0.0689705014,0.06829053765297695,-0.0006799637470230463
67990.00099999999,0.0689430758,0.06826702171252887,-0.0006760540874711368
68070.00099999999,0.068895638,0.06823706121633222,-0.0006585767836677775
68150.00099999999,0.0688986033,0.06820708805932074,-0.000691515240679258
68230.00099999999,0.0688674748,0.06817713765195486,-0.0006903371480451309
68310.00099999999,0.0688533932,0.06814715504942388,-0.0007062381505761189
68390.00099999999,0.0688289329,0.06811719548858061,-0.0007117374114193886
68470.00099999999,0.0687740818,0.06808724273807194,-0.0006868390619280546
68550.00099999999,0.0687726066,0.06805726656257481,-0.0007153400374251828
68630.00099999999,0.068745181,0.0680273111679465,-0.0007178698320535054
68710.00099999999,0.0687348023,0.06799732784497978,-0.0007374744550202178
68790.00099999999,0.0687044114,0.06796904208578025,-0.000735369314219747
68880.00099999999,0.0686658695,0.06793934136301827,-0.0007265281369817356
68960.00099999999,0.0686406717,0.06791293504055784,-0.0007277366594421603
69040.00099999999,0.0686154664,0.06788652237853862,-0.0007289440214613835
69120.00099999999,0.0686080605,0.06786008935837742,-0.0007479711416225748
69200.00099999999,0.06855914,0.06783369896291308,-0.0007254410370869241
69280.00099999999,0.0685539544,0.0678072719362009,-0.0007466824637991087
69360.00099999999,0.0685109645,0.06778086650989265,-0.0007300979901073423
69440.00099999999,0.0684820563,0.06775446029286317,-0.0007275960071368298
69520.00099999999,0.0684435144,0.0677280586305175,-0.0007154557694825092
69600.00099999999,0.0684294328,0.06769932627858435,-0.000730106521415641
69680.00099999999,0.0683812499,0.06766907664049646,-0.0007121732595035402
69760.00099999999,0.068359755,0.06763880608281223,-0.0007209489171877692
69840.00099999999,0.068351604,0.06760851581215298,-0.0007430881878470186
69920.00099999999,0.0683182478,0.06757825321960126,-0.0007399945803987368
70010.00099999999,0.0682967603,0.06754419128967726,-0.0007525690103227373
70090.00099999999,0.0682359785,0.06751394826043622,-0.000722030239563784
70170.00099999999,0.0682307929,0.06748366236919791,-0.0007471305308020953
70250.00099999999,0.0681929886,0.06745339162047073,-0.0007395969795292723
70330.00099999999,0.0681796446,0.06742311328435516,-0.0007565313156448483
70410.00099999999,0.0681507438,0.06739412183419288,-0.0007566219658071138
70490.00099999999,0.0680907071,0.06736565050757576,-0.0007250565924242364
70570.00099999999,0.0680877417,0.06733714355360315,-0.0007505981463968442
70650.00099999999,0.0680351183,0.06730867342126301,-0.0007264448787369926
70730.00099999999,0.0680291876,0.0672801618235315,-0.000749025776468501
70810.00099999999,0.0679713637,0.06725168497824477,-0.0007196787217552264
70890.00099999999,0.0679498687,0.06722317978214654,-0.000726688917853463
70970.00099999999,0.0679180026,0.06719468306785861,-0.0007233195321413866
71060.00099999999,0.0678750128,0.06716263327305722,-0.0007123795269427802
71140.00099999999,0.0678542554,0.06713413368890135,-0.0007201217110986424
71220.00099999999,0.0678275749,0.06710261442309166,-0.0007249604769083429
71300.00099999999,0.0678097829,0.06707055731176682,-0.0007392255882331805
71380.00099999999,0.0677749515,0.06703850585344992,-0.0007364456465500796
71460.00099999999,0.0677438229,0.06700644687961212,-0.0007373760203878837
71540.00099999999,0.0677141696,0.06697439158021552,-0.0007397780197844761
71620.00099999999,0.0676897094,0.06694233301495434,-0.0007473763850456699
71700.00099999999,0.0676215217,0.06691030292513155,-0.0007112187748684606
71780.00099999999,0.0676193014,0.06687823414380814,-0.0007410672561918574
71860.00099999999,0.0675555542,0.06684618387358453,-0.0007093703264154788
71940.00099999999,0.0675585195,0.06681410663321419,-0.0007444128667858096
72020.00099999999,0.0674895868,0.066777362454676,-0.0007122243453240029
72110.00099999999,0.0674703196,0.06673504168008121,-0.0007352779199187864
72190.00099999999,0.0674258471,0.06669742706424461,-0.0007284200357553922
72270.00099999999,0.0673947185,0.0666598122154762,-0.0007349062845238008
72350.00099999999,0.0673924908,0.06662217517493176,-0.0007703156250682408
72430.00099999999,0.0673420951,0.06658456475553817,-0.0007575303444618264
72510.00099999999,0.0673161522,0.06654694026863311,-0.0007692119313668921
72590.00099999999,0.0672709346,0.06650933478020848,-0.0007615998197915141
72670.00099999999,0.0672331378,0.06647171845838129,-0.0007614193416187048
72750.00099999999,0.0672086775,0.06643409680375975,-0.000774580696240243
72830.00099999999,0.0671997815,0.06639984822119734,-0.0007999332788026642
72910.00099999999,0.0671656877,0.06636570299195597,-0.0007999847080440298
72990.00099999999,0.0671427101,0.06633156814364106,-0.0008111419563589378
73070.00099999999,0.0670863837,0.06629745242601484,-0.0007889312739851606
73150.00099999999,0.0670508072,0.06626330049227422,-0.000787506707725788
73240.00099999999,0.0670026243,0.0662248998129677,-0.0007777244870322969
73320.00099999999,0.066947028,0.06619077322599204,-0.0007562547740079667
73400.00099999999,0.0669299811,0.0661566245655883,-0.0007733565344116983
73480.00099999999,0.0668914393,0.06612248302001089,-0.0007689562799891025
73560.00099999999,0.0668869913,0.06608869606734064,-0.0007982952326593684
73640.00099999999,0.0668113902,0.06605838435149858,-0.0007530058485014229
73720.00099999999,0.0668076873,0.06602802314038625,-0.0007796641596137521
73800.00099999999,0.0667491332,0.06599769492014029,-0.0007514382798597119
73880.00099999999,0.0667150393,0.06596735327865853,-0.0007476860213414677
73960.00099999999,0.0666794553,0.06593700937018446,-0.0007424459298155384
74040.00099999999,0.0666283146,0.06589670428628616,-0.0007316103137138402
74120.00099999999,0.0666031167,0.06585610832265808,-0.0007470083773419289
74200.00099999999,0.066597186,0.06581549786690889,-0.0007816881330911102
74290.00099999999,0.0665097237,0.06576986285804623,-0.0007398608419537656
74370.00099999999,0.0665238053,0.06572923991661594,-0.0007945653833840577
74450.00099999999,0.0664741471,0.06568864722668555,-0.0007854998733144575
74530.00099999999,0.0664096624,0.0656480745427431,-0.0007615878572568985
74610.00099999999,0.0663592666,0.06560749507210605,-0.0007517715278939491
74690.00099999999,0.0663496256,0.06556687970983632,-0.0007827458901636802
74770.00099999999,0.0662925541,0.06552622801194694,-0.0007663260880530626
74850.00099999999,0.06625624,0.06548489168613232,-0.000771348313867673
74930.00099999999,0.0662280694,0.06544355906807305,-0.0007845103319269603
75010.00099999999,0.0661924928,0.06540220907102556,-0.0007902837289744391
75090.00099999999,0.0661420897,0.06536089141780532,-0.0007811982821946811
75170.00099999999,0.0661176369,0.06531954195729281,-0.0007980949427071893
75250.00099999999,0.0660427734,0.06527822270178224,-0.0007645506982177641
75340.00099999999,0.0660020113,0.06523172168613176,-0.0007702896138682414
75420.00099999999,0.0659782887,0.0651903725140337,-0.0007879161859662975
75500.00099999999,0.0659605041,0.06514901485003302,-0.0008114892499669762
75580.00099999999,0.0658804476,0.06510846985814295,-0.000771977741857055
75660.00099999999,0.0658797026,0.06507059894586975,-0.0008091036541302554
75740.00099999999,0.0658367127,0.06503275312002277,-0.0008039595799772259
75820.00099999999,0.0657900199,0.06499489800673239,-0.0007951218932676085
75900.00099999999,0.065746285,0.06495704853093878,-0.0007892364690612191
75980.00099999999,0.0657159016,0.06491918540191713,-0.0007967161980828724
76060.00099999999,0.0656573474,0.06488134566579913,-0.0007760017342008652
76140.00099999999,0.0656454861,0.06484346894355306,-0.0008020171564469408
76220.00099999999,0.0655847117,0.06480562905806345,-0.0007790826419365598
76300.00099999999,0.0655550584,0.06476776535173356,-0.0007872930482664409
76380.00099999999,0.065507628,0.06472921947733157,-0.0007784085226684306
76470.00099999999,0.065476492,0.06468311359012474,-0.0007933784098752561
76550.00099999999,0.0654601902,0.0646421283251557,-0.000818061874844303
76630.00099999999,0.0654075667,0.06460115395369595,-0.0008064127463040527
76710.00099999999,0.0653734654,0.0645601719912412,-0.0008132934087587973
76790.00099999999,0.0652963817,0.06451922992504236,-0.0007771517749576434
76870.00099999999,0.0652697012,0.06447824511492753,-0.0007914560850724728
76950.00099999999,0.0652141124,0.06443728366596752,-0.0007768287340324809
77030.00099999999,0.0651963204,0.06439629385743742,-0.0008000265425625736
77110.00099999999,0.0651244298,0.06435534032058644,-0.0007690894794135511
77190.00099999999,0.0651110858,0.06431360513879586,-0.0007974806612041363
77270.00099999999,0.0650562346,0.06427048596023137,-0.0007857486397686297
77350.00099999999,0.0650132522,0.06422735180875858,-0.0007859003912414203
77430.00099999999,0.064962104,0.06418423802883581,-0.0007778659711641933
77520.00099999999,0.0649428368,0.0641356969054036,-0.0008071398945963953
77600.00099999999,0.0648842826,0.0640925964614398,-0.0007916861385601909
77680.00099999999,0.0648724139,0.06404944653681582,-0.0008229673631841711
77760.00099999999,0.0647849515,0.0640063505639552,-0.0007786009360447876
77840.00099999999,0.0647797659,0.06396319937633785,-0.0008165665236621461
77920.00099999999,0.0647197291,0.06392007138893327,-0.0007996577110667286
78000.00099999999,0.0646774843,0.06387441425713783,-0.0008030700428621751
78080.00099999999,0.0646404177,0.06382595824087842,-0.0008144594591215776
78160.00099999999,0.0645840913,0.06377747928496276,-0.0008066120150372336
78240.00099999999,0.0645151585,0.0637290346502453,-0.0007861238497546968
78320.00099999999,0.0644966289,0.06368056624983107,-0.0008160626501689389
78400.00099999999,0.0644239932,0.06363211044554534,-0.0007918827544546592
78480.00099999999,0.0644239932,0.0635836233471688,-0.000840369852831202
78570.00099999999,0.0643758178,0.06352909435930643,-0.0008467234406935725
78650.00099999999,0.0643135533,0.06348064530998856,-0.0008329079900114417
78730.00099999999,0.06424018,0.06343218789853416,-0.0008079921014658292
78810.00099999999,0.0642335042,0.06338595729147967,-0.000847546908520333
78890.00099999999,0.0641912594,0.06334126343372995,-0.0008499959662700562
78970.00099999999,0.0641564205,0.06329656648007015,-0.0008598540199298566
79050.00099999999,0.0640808195,0.06325190063735897,-0.000828918862641026
79130.00099999999,0.0640341267,0.06320721464935508,-0.0008269120506449179
79210.00099999999,0.0639941022,0.06316251637528288,-0.0008315858247171237
79290.00099999999,0.0639511123,0.0631178272294364,-0.0008332850705635997
79370.00099999999,0.0639147907,0.06307312383904393,-0.0008416668609560751
79450.00099999999,0.0638740286,0.06302843579946643,-0.0008455928005335622
79530.00099999999,0.0637865588,0.06298376950908305,-0.0008027892909169554
79610.00099999999,0.063735418,0.0629344296861119,-0.0008009883138880985
79700.00099999999,0.0636879802,0.0628753809687069,-0.000812599231293093
79780.00099999999,0.063668713,0.06282288941565095,-0.0008458235843490508
79860.00099999999,0.0636101514,0.06277042308845794,-0.000839728311542054
79940.00099999999,0.063558273,0.0627179494208663,-0.0008403235791337033
80020.00099999999,0.0635249168,0.06266546224612302,-0.0008594545538769816
80100.00099999999,0.0634500608,0.06261300562136113,-0.0008370551786388708
80180.00099999999,0.0633937269,0.06256053633067543,-0.0008331905693245711
80260.00099999999,0.0633388758,0.06250806168840894,-0.000830814111591055
80340.00099999999,0.0633092299,0.062455571395500585,-0.0008536585044994147
80420.00099999999,0.0632617921,0.062411112741563864,-0.0008506793584361419
80500.00099999999,0.0632165819,0.062369739374576266,-0.0008468425254237327
80580.00099999999,0.0631750748,0.062328359011810316,-0.0008467157881896781
80660.00099999999,0.0631009564,0.06228699377955161,-0.0008139626204483955
80750.00099999999,0.0630461052,0.06224044208519138,-0.0008056631148086121
80830.00099999999,0.0629927441,0.06219762556888901,-0.000795118531110986
80910.00099999999,0.0629586428,0.06214158496941298,-0.0008170578305870257
80990.00099999999,0.0628815591,0.06208555667959005,-0.000796002420409947
81070.00099999999,0.0628756359,0.06202948658316969,-0.0008461493168303164
81150.00099999999,0.0628000274,0.06197346808190578,-0.0008265593180942221
81230.00099999999,0.0627896562,0.06191740521442961,-0.0008722509855703942
81310.00099999999,0.0627273843,0.06186136840172041,-0.0008660158982795874
81390.00099999999,0.0626569763,0.0618053302156894,-0.0008516460843105977
81470.00099999999,0.0626080558,0.06174929384824758,-0.0008587619517524264
81550.00099999999,0.062543571,0.06169326299850759,-0.0008503080014924183
81630.00099999999,0.0624939092,0.061637426027653,-0.0008564831723470029
81710.00099999999,0.0624412857,0.06158355117865849,-0.0008577345213415105
81800.00099999999,0.0624064468,0.061522894426897186,-0.0008835523731028153
81880.00099999999,0.0623338111,0.06146902904548837,-0.0008647820545116258
81960.00099999999,0.0623004548,0.06141511009234298,-0.0008853447076570195
82040.00099999999,0.0622307844,0.06136122423032343,-0.0008695601696765698
82120.00099999999,0.062169265,0.061307342417882396,-0.0008619225821176052
82200.00099999999,0.0621233098,0.06125344902003402,-0.0008698607799659808
82280.00099999999,0.0620773546,0.06119955108594706,-0.0008778035140529425
82360.00099999999,0.0619906373,0.06114567337326593,-0.0008449639267340686
82440.00099999999,0.0619528331,0.061092254327643404,-0.0008605787723565961
82520.00099999999,0.0619224496,0.06104049751943083,-0.0008819520805691677
82600.00099999999,0.0618431382,0.06098876298720904,-0.0008543752127909629
82680.00099999999,0.0618253537,0.060936999619413984,-0.000888354080586018
82760.00099999999,0.0617401116,0.06088526526061362,-0.0008548463393863795
82840.00099999999,0.061722327,0.06083349762990345,-0.0008888293700965513
82930.00099999999,0.0616444908,0.06077529150025357,-0.0008691992997464301
83010.00099999999,0.0615703724,0.060723561345594555,-0.0008468110544054414
83090.00099999999,0.0615125559,0.06067181405036588,-0.000840741849634119
83170.00099999999,0.0614843927,0.06062004545656248,-0.0008643472434375216
83250.00099999999,0.0614065714,0.06056642768527505,-0.0008401437147249474
83330.00099999999,0.0613583885,0.06050926149383331,-0.0008491270061666903
83410.00099999999,0.0613057651,0.06045209617471904,-0.0008536689252809579
83490.00099999999,0.061243508,0.06039494663754548,-0.0008485613624545224
83570.00099999999,0.0611864366,0.06033778243861118,-0.0008486541613888163
83650.00099999999,0.0611427017,0.06028062317665296,-0.0008620785233470415
83730.00099999999,0.0610700659,0.060223472366675745,-0.0008465935333242525
83810.00099999999,0.061057467,0.060166282751203046,-0.0008911842487969515
83890.00099999999,0.0609655567,0.06010913872439824,-0.0008564179756017573
83980.00099999999,0.0609203465,0.060044820790660744,-0.000875525709339256
84060.00099999999,0.0608773567,0.059992071411769925,-0.0008852852882300782
84140.00099999999,0.0608076863,0.05994425203100756,-0.0008634342689924357
84220.00099999999,0.0607491322,0.059896433482186914,-0.0008526987178130857
84300.00099999999,0.0607068799,0.05984860737880397,-0.000858272521196031
84380.00099999999,0.0606490709,0.059800778754384165,-0.0008482921456158324
84460.00099999999,0.0606416576,0.05975294432090494,-0.0008887132790950658
84540.00099999999,0.0605831034,0.05970512946356871,-0.0008779739364312908
84620.00099999999,0.0605334379,0.059657297226226993,-0.0008761406737730071
84700.00099999999,0.060481552,0.05960947287221901,-0.000872079127780992
84780.00099999999,0.0604333766,0.05956164399109964,-0.0008717326089003608
84860.00099999999,0.0603703745,0.059511404648903504,-0.000858969851096493
84940.00099999999,0.060321454,0.05945845377193494,-0.0008630002280650556
85030.00099999999,0.0602754988,0.059398885759240724,-0.0008766130407592762
85110.00099999999,0.0602006428,0.05934595775756603,-0.0008546850424339739
85190.00099999999,0.0601613559,0.059292996256611705,-0.0008683596433882931
85270.00099999999,0.0600939058,0.05924005677516604,-0.0008538490248339581
85350.00099999999,0.0600242354,0.05918713537467582,-0.0008371000253241806
85430.00099999999,0.0599982925,0.059134177786004716,-0.0008641147139952857
85510.00099999999,0.0599360354,0.05908123241313313,-0.0008548029868668677
85590.00099999999,0.0598685853,0.05902830367428458,-0.0008402816257154222
85670.00099999999,0.0598241128,0.05897429201317672,-0.0008498207868232813
85750.00099999999,0.0597588904,0.058919563359380395,-0.0008393270406196057
85830.00099999999,0.0597210862,0.058864830171645635,-0.0008562560283543671
85910.00099999999,0.0596536361,0.05881010689370841,-0.0008435292062915906
85990.00099999999,0.0596195422,0.05875537100574284,-0.0008641711942571628
86070.00099999999,0.0595624708,0.058700644634410326,-0.000861826165589677
86160.00099999999,0.0594676025,0.058639101393830856,-0.0008285011061691452
86240.00099999999,0.0594461076,0.058584349533568315,-0.0008617580664316837
86320.00099999999,0.0593601204,0.05852963773251786,-0.0008304826674821394
86400.00099999999,0.0593208335,0.05847491327928982,-0.0008459202207101862
86480.00099999999,0.0592541285,0.0584189543428812,-0.0008351741571188051
86560.00099999999,0.0592333786,0.05836250112210903,-0.0008708774778909689
86640.00099999999,0.0591585152,0.058306083620282625,-0.000852431579717372
86720.00099999999,0.0591118224,0.05824964841528625,-0.0008621739847137488
86800.00099999999,0.0590732805,0.05819321327236611,-0.0008800672276338892
86880.00099999999,0.0590087958,0.05813677584098302,-0.0008720199590169786
86960.00099999999,0.0589480139,0.058080352557158474,-0.0008676613428415247
87040.00099999999,0.0589191131,0.05802389947539721,-0.000895213624602792
87120.00099999999,0.0588286854,0.05796748197626781,-0.0008612034237321861
87210.00099999999,0.0587753169,0.0579039891673317,-0.0008713277326682992
87290.00099999999,0.058749374,0.057853198227888515,-0.0008961757721114849
87370.00099999999,0.058687117,0.057803425236819646,-0.0008836917631803512
87450.00099999999,0.0586137362,0.057753664684435206,-0.0008600715155647962
87530.00099999999,0.0585633405,0.057703903774707854,-0.0008594367252921439
87610.00099999999,0.0585144199,0.05765412708813787,-0.0008602928118621317
87690.00099999999,0.0584499352,0.05760436605652765,-0.0008455691434723495
87770.00099999999,0.058400277,0.05755460145016251,-0.0008456755498374921
87850.00099999999,0.0583469085,0.05750483996885018,-0.0008420685311498199
87930.00099999999,0.0582987331,0.05745506425424583,-0.0008436688457541669
88010.00099999999,0.0582409091,0.05740529135103271,-0.0008356177489672947
88090.00099999999,0.058186803,0.05735181398190331,-0.0008349890180966921
88170.00099999999,0.0581386276,0.05729767409243251,-0.0008409535075674865
88260.00099999999,0.0580785908,0.05723675983613982,-0.0008418309638601809
88340.00099999999,0.058023002,0.05718261406601395,-0.0008403879339860462
88420.00099999999,0.0579577722,0.05712847604258288,-0.0008292961574171212
88500.00099999999,0.0579318292,0.05707432067041524,-0.0008575085295847579
88580.00099999999,0.0578451119,0.05702019578464093,-0.0008249161153590714
88660.00099999999,0.0577865578,0.056966056521978004,-0.0008205012780219956
88740.00099999999,0.0577428304,0.05691191318413884,-0.0008309172158611627
88820.00099999999,0.0577087365,0.05685775079687637,-0.0008509857031236343
88900.00099999999,0.0576605536,0.05680344867215455,-0.0008571049278454507
88980.00099999999,0.057588663,0.05674916450546641,-0.0008394984945335887
89060.00099999999,0.057544928,0.05669486473596813,-0.0008500632640318709
89140.00099999999,0.0574900843,0.05664055834059535,-0.0008495259594046498
89220.00099999999,0.0574374534,0.05658626332066173,-0.0008511900793382668
89300.00099999999,0.057398174,0.056531957455505946,-0.000866216544494057
89390.00099999999,0.0572914444,0.05647090444361103,-0.0008205399563889701
89470.00099999999,0.0572714321,0.05641658585589983,-0.00085484624410017
89550.00099999999,0.0572150983,0.056362294373828496,-0.0008528039261715067
89630.00099999999,0.0571298636,0.05630829231724523,-0.0008215712827547642
89710.00099999999,0.0571313463,0.05625671050109493,-0.0008746357989050657
89790.00099999999,0.0570423938,0.0562051760543581,-0.0008372177456419036
89870.00099999999,0.0570290498,0.05615358860918103,-0.0008754611908189727
89950.00099999999,0.0569334365,0.05610205831451075,-0.0008313781854892496
90030.00099999999,0.056902308,0.05605048632283053,-0.0008518216771694689
90110.00099999999,0.0568259619,0.05599895266286056,-0.0008270092371394366
90190.00099999999,0.0567829795,0.055947380595927826,-0.0008355989040721712
90270.00099999999,0.0567585193,0.055895805913284975,-0.0008627133867150222
90350.00099999999,0.0566769876,0.05584426471209229,-0.0008327228879077067
90440.00099999999,0.0566384457,0.055785696491069015,-0.0008527492089309835
90520.00099999999,0.0565954559,0.05573169265415045,-0.0008637632458495526
90600.00099999999,0.056530226,0.055677680157972684,-0.0008525458420273191
90680.00099999999,0.0564835332,0.055623674719867205,-0.0008598584801327927
90760.00099999999,0.0564279445,0.05556966812643058,-0.0008582763735694235
90840.00099999999,0.056353081,0.05551567135448801,-0.0008374096455119884
90920.00099999999,0.0563197322,0.05546165621910438,-0.0008580759808956215
91000.00099999999,0.0562396832,0.05540765860439335,-0.000832024595606648
91080.00099999999,0.0562285669,0.05535363130411271,-0.0008749355958872912
91160.00099999999,0.0561500005,0.05529962953111927,-0.0008503709688807287
91240.00099999999,0.0560773574,0.05524602892823374,-0.0008313284717662572
91320.00099999999,0.0560566075,0.055193785754016775,-0.0008628217459832263
91400.00099999999,0.055994343,0.05514156054374665,-0.0008527824562533509
91490.00099999999,0.0559342988,0.05508280279937997,-0.0008514960006200251
91570.00099999999,0.0558794551,0.055030571870174676,-0.0008488832298253271
91650.00099999999,0.0558201559,0.05497834374171115,-0.0008418121582888516
91730.00099999999,0.0557934754,0.05492609757148882,-0.0008673778285111788
91810.00099999999,0.0557208396,0.05487387310887346,-0.0008469664911265398
91890.00099999999,0.0556837805,0.054821639030038574,-0.0008621414699614277
91970.00099999999,0.0556385629,0.05476940068178987,-0.0008691622182101302
92050.00099999999,0.0555837192,0.05471810600321978,-0.0008656131967802183
92130.00099999999,0.0555281304,0.054668557153510114,-0.0008595732464898864
92210.00099999999,0.0554680936,0.05461902531369474,-0.0008490682863052587
92290.00099999999,0.0554302894,0.054569467772547155,-0.0008608216274528444
92370.00099999999,0.0553724803,0.05451993163961946,-0.0008525486603805366
92450.00099999999,0.0553250425,0.05447038429746211,-0.0008546582025378904
92530.00099999999,0.0552798323,0.05442082765987979,-0.0008590046401202103
92620.00099999999,0.0552138649,0.054365093560396156,-0.0008487713396038432
92700.00099999999,0.0551782884,0.054315537825943866,-0.0008627505740561314
92780.00099999999,0.0551108383,0.054266714266483274,-0.0008441240335167258
92860.00099999999,0.0550708137,0.05422447613552976,-0.000846337564470237
92940.00099999999,0.0550255962,0.05418224130443815,-0.0008433548955618514
93020.00099999999,0.0549640842,0.0541400188603092,-0.0008240653396908021
93100.00099999999,0.0549099706,0.05409779134545891,-0.0008121792545410927
93180.00099999999,0.0548617952,0.054055558898647126,-0.000806236301352875
93260.00099999999,0.054824736,0.05401333053201027,-0.0008114054679897315
93340.00099999999,0.0548128746,0.05397107198097778,-0.000841802619022218
93420.00099999999,0.0547654442,0.053928842698313204,-0.0008366015016867956
93500.00099999999,0.0547076203,0.053886622969034875,-0.0008209973309651272
93580.00099999999,0.0546683334,0.053844239729399564,-0.0008240936706004343
93670.00099999999,0.054625351,0.05379513078639468,-0.0008302202136053205
93750.00099999999,0.0545608662,0.05375150632353011,-0.0008093598764698923
93830.00099999999,0.0545208417,0.05370784799209044,-0.0008129937079095623
93910.00099999999,0.0544778518,0.0536642054427648,-0.000813646357235201
93990.00099999999,0.0544400476,0.05362056343116217,-0.0008194841688378279
94070.00099999999,0.0543859415,0.05357692146923028,-0.0008090200307697207
94150.00099999999,0.0543407314,0.053533266618696486,-0.0008074647813035157
94230.00099999999,0.0543096028,0.05348961461631649,-0.0008199881836835135
94310.00099999999,0.0542406701,0.05344599241108398,-0.000794677688916022
94390.00099999999,0.0542006455,0.05340319564354787,-0.0007974498564521301
94470.00099999999,0.054155428,0.05336340692264365,-0.0007920210773563474
94550.00099999999,0.0541198514,0.0533236076054424,-0.0007962437945576023
94630.00099999999,0.0540783443,0.05328381161820113,-0.0007945326817988679
94720.00099999999,0.0540435128,0.053239029591824444,-0.0008044832081755549
94800.00099999999,0.0539819933,0.05319924864881758,-0.0007827446511824224
94880.00099999999,0.0539278872,0.05315946043138392,-0.0007684267686160831
94960.00099999999,0.0539071299,0.05311965472792715,-0.0007874751720728518
95040.00099999999,0.0538567267,0.05307986739447385,-0.0007768593055261508
95120.00099999999,0.0538218953,0.05304006856802394,-0.0007818267319760555
95200.00099999999,0.0537826084,0.05300218928104837,-0.0007804191189516307
95280.00099999999,0.0537448116,0.052967872654874765,-0.0007769389451252329
95360.00099999999,0.0537292473,0.05293354232201421,-0.0007957049779857908
95440.00099999999,0.0536743961,0.052899234525573,-0.0007751615744270024
95520.00099999999,0.0536403023,0.05286491542103036,-0.0007753868789696361
95600.00099999999,0.0536010154,0.05283060302440143,-0.0007704123755985712
95680.00099999999,0.0535506196,0.05279630010981674,-0.0007543194901832584
95760.00099999999,0.0535076223,0.052761982641181274,-0.0007456396588187281
95850.00099999999,0.053482417,0.05272337599652592,-0.0007590410034740772
95930.00099999999,0.0534453578,0.0526890550701611,-0.000756302729838905
96010.00099999999,0.0534053333,0.0526562159913473,-0.0007491173086527012
96090.00099999999,0.053407561,0.05262500498929046,-0.0007825560107095411
96170.00099999999,0.0533467792,0.052593811087384076,-0.0007529681126159232
96250.00099999999,0.0533289947,0.052562599707301975,-0.0007663949926980246
96330.00099999999,0.0532963835,0.0525313959981864,-0.0007649875018135993
96410.00099999999,0.0532622896,0.05250018914994368,-0.0007621004500563203
96490.00099999999,0.05322152,0.052468978616525434,-0.000752541383474567
96570.00099999999,0.0531955771,0.052437779540630745,-0.0007577975593692568
96650.00099999999,0.0531688966,0.0524065687360894,-0.0007623278639106029
96730.00099999999,0.0531214587,0.052375367583421366,-0.000746091116578633
96810.00099999999,0.0530903302,0.052336905665801334,-0.000753424534198667
96900.00099999999,0.0530606844,0.052286531283285434,-0.0007741531167145682
96980.00099999999,0.0530206598,0.052260072999874785,-0.0007605868001252167
97060.00099999999,0.0529939719,0.05223360305123032,-0.0007603688487696769
97140.00099999999,0.052959878,0.052207144183947445,-0.0007527338160525573
97220.00099999999,0.0529287495,0.05218067662525022,-0.000748072874749775
97300.00099999999,0.0528835393,0.052154217378748216,-0.0007293219212517812
97380.00099999999,0.0528605618,0.05212775084261731,-0.0007328109573826874
97460.00099999999,0.0528501831,0.05210127756514099,-0.0007489055348590123
97540.00099999999,0.0528064556,0.052074804747905636,-0.0007316508520943676
97620.00099999999,0.0527834781,0.05204833875704565,-0.0007351393429543551
97700.00099999999,0.0527516045,0.05202217402031251,-0.0007294304796874873
97780.00099999999,0.0527234413,0.051998812009189516,-0.0007246292908104843
97860.00099999999,0.052707132,0.05197545061124495,-0.0007316813887550469
97950.00099999999,0.0526700728,0.05194919145951908,-0.0007208813404809208
98030.00099999999,0.0526411645,0.05192582909751474,-0.0007153354024852579
98110.00099999999,0.052618932,0.051902469874712295,-0.0007164621252877049
98190.00099999999,0.0525833555,0.05187912066160381,-0.0007042348383961908
98270.00099999999,0.0525655635,0.05185575081806186,-0.000709812681938142
98350.00099999999,0.0525374003,0.05183239126277395,-0.0007050090372260551
98430.00099999999,0.052508492,0.05180903304060483,-0.0006994589593951675
98510.00099999999,0.0524840318,0.05178627143320835,-0.0006977603667916443
98590.00099999999,0.0524803288,0.0517655711448385,-0.0007147576551615048
98670.00099999999,0.0524521582,0.05174487127801665,-0.0007072869219833522
98750.00099999999,0.0523965694,0.05172419740653096,-0.0006723719934690411
98830.00099999999,0.0524054654,0.051703489226492434,-0.0007019761735075625
98910.00099999999,0.0523676686,0.051682802762986826,-0.0006848658370131738
98990.00099999999,0.0523535796,0.05166209005838897,-0.0006914895416110303
99080.00099999999,0.0523283817,0.051638813574036824,-0.0006895681259631789
99160.00099999999,0.0522987358,0.05161812755971333,-0.0006806082402866717
99240.00099999999,0.0522735305,0.05159743741227388,-0.0006760930877261206
99320.00099999999,0.0522609241,0.05151942555930415,-0.0007414985406958494
99400.00099999999,0.05222461,0.05150274263135443,-0.0007218673686455665
99480.00099999999,0.0522216447,0.05148602500799242,-0.000735619692007583
99560.00099999999,0.0521860681,0.051469340348472135,-0.000716727751527868
99640.00099999999,0.0521564148,0.05145265060317377,-0.0007037641968262315
99720.00099999999,0.052140113,0.05143595328817592,-0.0007041597118240817
99800.00099999999,0.0521616079,0.05141923914531475,-0.000742368754685245
99880.00099999999,0.0520867445,0.05140256593607247,-0.0006841785639275302
99960.00099999999,0.0521149151,0.05138584586062477,-0.0007290692393752268
100040.00099999999,0.0520563535,0.051369165883747445,-0.0006871876162525548
100130.00099999999,0.0520356037,0.051350854188649944,-0.0006847495113500579
100210.00099999999,0.0520378239,0.05133547430843241,-0.0007023495915675915
100290.00099999999,0.0520178117,0.051320111754590836,-0.0006976999454091637
100370.00099999999,0.0520000271,0.051304737502551545,-0.0006952895974484535
100450.00099999999,0.0519777872,0.05128937684422673,-0.0006884103557732724
100530.00099999999,0.0519622229,0.051274013343850254,-0.0006882095561497464
100610.00099999999,0.0519429557,0.05125864217173878,-0.0006843135282612184
100690.00099999999,0.0519244261,0.051243278971122436,-0.0006811471288775614
100770.00099999999,0.0519118272,0.0512279097998769,-0.0006839174001231005
100850.00099999999,0.0519147925,0.051212529759731215,-0.0007022627402687859
100930.00099999999,0.0518873669,0.05119897574883661,-0.0006883911511633908
101010.00099999999,0.0518599413,0.05118879727980728,-0.0006711440201927141
101090.00099999999,0.0518495627,0.05117862409152991,-0.0006709386084700897
101180.00099999999,0.0518162139,0.051167172231414745,-0.0006490416685852526
101260.00099999999,0.0518221371,0.05115697251010479,-0.0006651645898952119
101340.00099999999,0.0518006422,0.051146792998241666,-0.0006538492017583303
101420.00099999999,0.0517976843,0.05113660198259119,-0.0006610823174088079
101500.00099999999,0.0517791547,0.05112642305772028,-0.0006527316422797261
101580.00099999999,0.0517583974,0.05111624115954089,-0.0006421562404591158
101660.00099999999,0.051746536,0.05110605166576608,-0.000640484334233922
101740.00099999999,0.0517317168,0.051093140320853825,-0.0006385764791461759
101820.00099999999,0.0517317168,0.05107716337566328,-0.0006545534243367207
101900.00099999999,0.0517161526,0.05106118950568195,-0.0006549630943180548
101980.00099999999,0.0516953953,0.05104522818311541,-0.0006501671168845924
102060.00099999999,0.0516924299,0.051029252298532925,-0.0006631776014670784
102140.00099999999,0.051693175,0.0510132753834484,-0.0006798996165515991
102220.00099999999,0.0516427718,0.05099733585167143,-0.0006454359483285682
102310.00099999999,0.0516294278,0.050979367927780725,-0.0006500598722192774
102390.00099999999,0.0516234972,0.05096339634063832,-0.0006601008593616828
102470.00099999999,0.051600527,0.05094743144550501,-0.000653095554494991
102550.00099999999,0.0515923686,0.050935009305355994,-0.0006573592946440068
102630.00099999999,0.0515923686,0.050924966335714854,-0.0006674022642851468
102710.00099999999,0.051578287,0.05091493980585854,-0.0006633471941414615
102790.00099999999,0.051608678,0.05090487018876779,-0.0007038078112322071
102870.00099999999,0.0515842177,0.050894840208022055,-0.0006893774919779425
102950.00099999999,0.0515516065,0.05088480915084109,-0.0006667973491589069
103030.00099999999,0.0515671708,0.050879039198658355,-0.0006881316013416447
103110.00099999999,0.0515338145,0.050874039940301256,-0.0006597745596987406
103190.00099999999,0.0515301116,0.0508690375156025,-0.0006610740843975005
103270.00099999999,0.0515086167,0.05086404023463037,-0.0006445764653696326
103360.00099999999,0.0515264012,0.0508583814953354,-0.0006680197046646033
103440.00099999999,0.0515041687,0.0508533867927098,-0.0006507819072901974
103520.00099999999,0.0514819361,0.05084839215877856,-0.0006335439412214414
103600.00099999999,0.0515034236,0.05084336336853065,-0.0006600602314693477
103680.00099999999,0.0515049063,0.05083834325700217,-0.0006665630429978295
103760.00099999999,0.0514797084,0.05083335081437982,-0.0006463575856201775
103840.00099999999,0.0514589585,0.05082357978540615,-0.0006353787145938483
103920.00099999999,0.0514700748,0.05081367411467186,-0.0006564006853281429
104000.00099999999,0.0514389463,0.05080377931319228,-0.0006351669868077253
104080.00099999999,0.0514389463,0.05079387286871011,-0.0006450734312898956
104160.00099999999,0.0514389463,0.05078395700114894,-0.0006549892988510636
104240.00099999999,0.0514293052,0.05077405312607783,-0.000655252073922169
104320.00099999999,0.0514152236,0.05076415618509332,-0.0006510674149066767
104410.00099999999,0.051409293,0.050753013622720236,-0.0006562793772797657
104490.00099999999,0.0513915084,0.05074310433600425,-0.0006484040639957514
104570.00099999999,0.0513870604,0.050733756338883676,-0.0006533040611163207
104650.00099999999,0.0513707511,0.050729487924157685,-0.000641263175842316
104730.00099999999,0.0513952114,0.050725195065502916,-0.0006700163344970853
104810.00099999999,0.0513766818,0.0507209251834414,-0.0006557566165585962
104890.00099999999,0.0513833575,0.05071663673899776,-0.000666720761002236
104970.00099999999,0.0513381399,0.050712388378071266,-0.0006257515219287371
105050.00099999999,0.0513559319,0.05070809790075344,-0.0006478339992465609
105130.00099999999,0.0513848327,0.05070380911496752,-0.0006810235850324836
105210.00099999999,0.0513292439,0.05069955637640218,-0.0006296875235978217
105290.00099999999,0.0513262786,0.05069528120344949,-0.0006309973965505089
105370.00099999999,0.0513374023,0.05069125455967279,-0.000646147740327209
105450.00099999999,0.0513522215,0.05068962841573782,-0.0006625930842621836
105540.00099999999,0.0513099767,0.05068783515277904,-0.0006221415472209627
105620.00099999999,0.0513359196,0.050686206699393915,-0.0006497129006060864
105700.00099999999,0.0513070114,0.05068460672116332,-0.0006224046788366813
105780.00099999999,0.0512958951,0.05068300509718243,-0.0006128900028175704
105860.00099999999,0.0513062663,0.05068137498058878,-0.0006248913194112221
105940.00099999999,0.0513225757,0.05067975519090811,-0.000642820509091889
106020.00099999999,0.0513129421,0.05067814191605309,-0.0006348001839469111
106100.00099999999,0.0512847714,0.05067654357023857,-0.0006082278297614291
106180.00099999999,0.0512632839,0.05067425271914676,-0.0005890311808532389
106260.00099999999,0.0512795858,0.05066958549332449,-0.0006100003066755108
106340.00099999999,0.0512877367,0.05066491881644293,-0.0006228178835570725
106420.00099999999,0.0512669869,0.05066028125193423,-0.0006067056480657668
106500.00099999999,0.0512588359,0.05065561958790553,-0.000603216312094472
106590.00099999999,0.0512840338,0.0506503647602715,-0.0006336690397285016
106670.00099999999,0.0512758829,0.05064570555654639,-0.0006301773434536084
106750.00099999999,0.0512491949,0.050641060141781186,-0.0006081347582188174
106830.00099999999,0.0512299277,0.050636407412792475,-0.0005935202872075218
106910.00099999999,0.0512425266,0.05063173991594889,-0.0006107866840511095
106990.00099999999,0.0512291826,0.05062713907223268,-0.0006020435277673195
107070.00099999999,0.0512618013,0.05062259241608638,-0.0006392088839136181
107150.00099999999,0.0512514226,0.05061808552183991,-0.0006333370781600872
107230.00099999999,0.0512314104,0.050613581424263164,-0.0006178289757368394
107310.00099999999,0.0512425266,0.0506090655756119,-0.0006334610243880975
107390.00099999999,0.051223997,0.050604560400566365,-0.0006194365994336357
107470.00099999999,0.0512210317,0.05060004065595463,-0.0006209910440453728
107550.00099999999,0.0512291826,0.050595518697852615,-0.0006336639021473842
107640.00099999999,0.0512210317,0.05059043994569125,-0.0006305917543087541
107720.00099999999,0.0512113981,0.05058592530462319,-0.000625472795376808
107800.00099999999,0.0512099154,0.050581926058680025,-0.0006279893413199747
107880.00099999999,0.0511943512,0.05057852882100619,-0.0006158223789938105
107960.00099999999,0.0512076877,0.050575112810876816,-0.0006325748891231817
108040.00099999999,0.0512002818,0.05057170304080126,-0.0006285787591987363
108120.00099999999,0.0511987992,0.05056829698612261,-0.0006305022138773861
108200.00099999999,0.0511987992,0.05056488757033313,-0.0006339116296668681
108280.00099999999,0.0512032472,0.05056147753124989,-0.0006417696687501112
108360.00099999999,0.0512017645,0.050558065470429375,-0.0006436990295706213
108440.00099999999,0.0511980541,0.05055464283273062,-0.0006434112672693837
108520.00099999999,0.0511780418,0.05055124496613435,-0.000626796833865649
108600.00099999999,0.0511721112,0.050549275825534604,-0.0006228353744653983
108690.00099999999,0.0511795245,0.050548847259708096,-0.0006306772402919006
108770.00099999999,0.0511839725,0.050548466201976366,-0.0006355062980236345
108850.00099999999,0.0511832349,0.05054809436142285,-0.0006351405385771475
108930.00099999999,0.0511498787,0.05054773744835465,-0.0006021412516453509
109010.00099999999,0.0511520989,0.050547349133712345,-0.000604749766287653
109090.00099999999,0.0511558093,0.05054696558035821,-0.0006088437196417884
109170.00099999999,0.0511498787,0.05054659409895408,-0.000603284601045917
109250.00099999999,0.0511832349,0.0505461953668287,-0.0006370395331712977
109330.001,0.0511624776,0.05054582815334097,-0.0006166494466590261
109410.001,0.0511491336,0.050541376687289974,-0.0006077569127100266
109490.001,0.0511513613,0.05053416852285958,-0.000617192777140424
109570.001,0.0511380173,0.05052696802778891,-0.0006110492722110894
109650.001,0.0511231981,0.05051977858635352,-0.0006034195136464804
109730.001,0.0511357971,0.05051257006373348,-0.0006232270362665146
109820.001,0.0511691459,0.05050445145945466,-0.0006646944405453367
109900.001,0.051135052,0.050497256720228256,-0.000637795279771744
109980.001,0.0511424653,0.05049004877551684,-0.0006524165244831612
110060.001,0.0511120744,0.050482868972854894,-0.0006292054271451047
110140.001,0.0511372797,0.05047563861117563,-0.0006616410888243759
110220.001,0.0511172675,0.050472464302566314,-0.0006448031974336868
110300.001,0.0511313491,0.0504708093023906,-0.0006605397976094038
110380.001,0.0511046685,0.05046917899994159,-0.0006354895000584074
110460.001,0.0511135571,0.05046751852394102,-0.0006460385760589799
110540.001,0.0511291213,0.05046586276041409,-0.0006632585395859036
110620.001,0.0510742776,0.05046423902590409,-0.00061003857409591
110700.001,0.0511068888,0.0504625667177859,-0.0006443220822140994
110780.001,0.0511061512,0.05046091455278159,-0.0006452366472184112
110870.001,0.0511143021,0.05045904832021196,-0.0006552537797880412
110950.001,0.0510898419,0.05045740904651269,-0.0006324328534873108
111030.001,0.0510809459,0.05045531751490399,-0.0006256283850960137
111110.001,0.0510742776,0.05045315208495073,-0.0006211255150492742
111190.001,0.0510653816,0.05045098749840529,-0.0006143941015947091
111270.001,0.0510683469,0.05044880374839959,-0.000619543151600406
111350.001,0.0510905795,0.05044661337819334,-0.0006439661218066578
111430.001,0.051050555,0.05044446072994928,-0.0006060942700507194
111510.001,0.0510513,0.05044228074362094,-0.0006090192563790592
111590.001,0.051060196,0.05044009552582389,-0.0006201004741761135
111670.001,0.0510438867,0.05043792381132192,-0.0006059628886780771
111750.001,0.0510727949,0.05043572869764527,-0.0006370662023547358
111830.001,0.051028315,0.05043244032782632,-0.000595874672173681
111920.001,0.0510713123,0.050428465125192785,-0.0006428471748072123
112000.001,0.0510624163,0.05042495091993251,-0.0006374653800674951
112080.001,0.051024612,0.05042145349735716,-0.0006031585026428365
112160.001,0.0510120057,0.05041794566881092,-0.0005940600311890795
112240.001,0.0510305353,0.05041441264539028,-0.0006161226546097173
112320.001,0.051050555,0.050410877072076796,-0.0006396779279232018
112400.001,0.0510498174,0.050407357863321525,-0.0006424595366784774
112480.001,0.051010523,0.05040386262426491,-0.0006066603757350908
112560.001,0.051037956,0.05040032104995022,-0.0006376349500497799
112640.001,0.0510171987,0.05039312791396561,-0.0006240707860343947
112720.001,0.0509831049,0.050385850605190005,-0.0005972542948099943
112800.001,0.0510045998,0.05037852934285254,-0.0006260704571474582
112880.001,0.051019419,0.0503712239561459,-0.0006481950438541051
112960.001,0.051015716,0.05036391651153832,-0.0006517994884616823
113050.001,0.0510008894,0.05035570844089814,-0.0006451809591018556
113130.001,0.0509971865,0.05034839970242099,-0.0006487867975790082
113210.001,0.0509727262,0.05034110613186313,-0.0006316200681368705
113290.001,0.0509786569,0.05033379611315242,-0.0006448607868475842
113370.001,0.0509749465,0.05032687798481004,-0.0006480685151899618
113450.001,0.0509793945,0.050323410558373596,-0.0006559839416264007
113530.001,0.0509386323,0.050319972373366946,-0.0006186599266330556
113610.001,0.0509801395,0.050316483245109,-0.0006636562548910027
113690.001,0.0509527139,0.050313053320081624,-0.0006396605799183774
113770.001,0.0509482659,0.05030959743016429,-0.000638668469835707
113850.001,0.0509660579,0.050306128962659416,-0.0006599289373405842
113930.001,0.0509482659,0.0503026855737367,-0.0006455803262633009
114010.001,0.0509549342,0.050299215732503566,-0.000655718467496437
114100.001,0.050930474,0.050295334058863994,-0.0006351399411360092
114180.001,0.0509015732,0.05029130245977352,-0.0006102707402264804
114260.001,0.0509082414,0.0502852446795805,-0.0006229967204194956
114340.001,0.0509037934,0.0502791815352044,-0.0006246118647956003
114420.001,0.0509163924,0.050273120353607204,-0.0006432720463927996
114500.001,0.0509230681,0.05026704808150487,-0.0006560200184951362
114580.001,0.0508934148,0.05026101429743334,-0.0006324005025666601
114660.001,0.0508993454,0.05025494980001943,-0.0006443955999805642
114740.001,0.0508867465,0.05024888994599134,-0.0006378565540086645
114820.001,0.0508674793,0.05024284109640889,-0.0006246382035911061
114900.001,0.0508696996,0.05023677561715887,-0.0006329239828411284
114980.001,0.0508578382,0.050230765948056096,-0.0006270722519439026
115060.001,0.0508748852,0.05022490313361852,-0.000649982066381477
115150.001,0.050837826,0.05021835269794851,-0.0006194733020514903
115230.001,0.050834123,0.050212507462688856,-0.0006216155373111459
115310.001,0.0508519076,0.05020665671037386,-0.0006452508896261436
115390.001,0.0508482046,0.05020079612859713,-0.0006474084714028702
115470.001,0.0508407913,0.0501949593840148,-0.0006458319159851969
115550.001,0.0508526526,0.0501891031318084,-0.000663549468191596
115630.001,0.0508081801,0.05018328545817982,-0.0006248946418201812
115710.001,0.0508148484,0.05017743107056649,-0.0006374173294335095
115790.001,0.0508370884,0.05017584852928941,-0.0006612398707105879
115870.001,0.0508007668,0.05017734096461965,-0.0006234258353803521
115950.001,0.0508029945,0.050169480934275465,-0.0006335135657245319
116030.001,0.0507926159,0.0501616374324575,-0.0006309784675424951
116110.001,0.0507911332,0.050153783089841086,-0.0006373501101589116
116190.001,0.0507733412,0.05014593071479434,-0.0006274104852056622
116280.001,0.0507814996,0.05013709117889176,-0.0006444084211082446
116360.001,0.0507711209,0.05012923692813949,-0.0006418839718605115
116440.001,0.0507600047,0.05012138041285063,-0.0006386242871493711
116520.001,0.0507659353,0.05011351259021979,-0.0006524227097802135
116600.001,0.0507711209,0.05010565248680539,-0.0006654684131946129
116680.001,0.0507414751,0.050096931300657906,-0.0006445437993420969
116760.001,0.0507436953,0.050087206640072754,-0.0006564886599272485
116840.001,0.050745178,0.05007749092967102,-0.0006676870703289789
116920.001,0.0507051535,0.05006779698029326,-0.0006373565197067416
117000.001,0.0506962575,0.050058081982988445,-0.0006381755170115563
117080.001,0.0506999679,0.05004835525919714,-0.000651612640802858
117160.001,0.0507051535,0.050038631682409705,-0.0006665218175902973
117240.001,0.0506881066,0.050028922155831934,-0.0006591844441680636
117330.001,0.0506710596,0.05001799876264132,-0.0006530608373586794
117410.001,0.0506844036,0.05000825795461225,-0.0006761456453877462
117490.001,0.0506970026,0.0500011938334657,-0.0006958087665343005
117570.001,0.0506895892,0.04999590923485028,-0.0006936799651497197
117650.001,0.050660681,0.049990653160506326,-0.0006700278394936726
117730.001,0.0506443791,0.04998539086613822,-0.0006589882338617764
117810.001,0.0506532677,0.0499800951593255,-0.0006731725406744979
117890.001,0.0506421514,0.04997482012430185,-0.000667331275698152
117970.001,0.0506428964,0.04996953552374406,-0.0006733608762559407
118050.001,0.0506243668,0.049964260214809264,-0.0006601065851907367
118130.001,0.0506332554,0.0499589722695735,-0.0006742831304265007
118210.001,0.0505880453,0.04995372179405826,-0.000634323505941739
118290.001,0.0505865626,0.0499462581489165,-0.0006403044510835051
118380.001,0.0505754463,0.04993622140157303,-0.0006392248984269724
118460.001,0.0505784117,0.04992730706684543,-0.00065110463315457
118540.001,0.0505576544,0.04991839799055694,-0.0006392564094430606
118620.001,0.0505643301,0.04990947315015464,-0.0006548569498453574
118700.001,0.0505472831,0.04990054999879345,-0.0006467331012065466
118780.001,0.0505309738,0.049891631868081675,-0.0006393419319183219
118860.001,0.0505443178,0.04988269326593888,-0.0006616245340611213
118940.001,0.0505361594,0.04987377117511008,-0.000662388224889919
119020.001,0.0505369045,0.04986483780595853,-0.0006720666940414691
119100.001,0.0505472831,0.04985495223621754,-0.0006923308637824602
119180.001,0.05049688,0.04984471510509387,-0.000652164894906132
119260.001,0.0504805706,0.04983445810560837,-0.000646112494391636
119340.001,0.0504761226,0.04982419531346494,-0.0006519272865350562
119420.001,0.0505072586,0.049813899346234855,-0.0006933592537651453
119510.001,0.05047464,0.04980237278773088,-0.0006722672122691231
119590.001,0.0504338779,0.04979212488367676,-0.0006417530163232432
119670.001,0.0504360981,0.04978185360819871,-0.0006542444918012924
119750.001,0.0504264645,0.04977158839670138,-0.0006548761032986183
119830.001,0.0504583381,0.04976129782760984,-0.000697040272390162
119910.001,0.0504286923,0.04975079040638537,-0.0006779018936146283
119990.001,0.0504301749,0.04974021794603214,-0.0006899569539678616
120070.001,0.0503857024,0.0497296700409562,-0.0006560323590438025
120150.001,0.0504027493,0.04971909140298372,-0.0006836578970162779
120230.001,0.0503745861,0.04970852320771389,-0.0006660628922861081
120310.001,0.0503597595,0.049697958732985326,-0.0006618007670146711
120390.001,0.0503664277,0.04968737964227131,-0.0006790480577286914
120470.001,0.0503745861,0.04967679139197876,-0.0006977947080212404
120560.001,0.0503590144,0.04966490885572935,-0.0006941055442706498
120640.001,0.0503271483,0.04965433546890769,-0.0006728128310923079
120720.001,0.0503441952,0.04964274411008414,-0.0007014510899158583
120800.001,0.050310839,0.04963114645471699,-0.0006796925452830158
120880.001,0.0503182523,0.04961951463660881,-0.0006987376633911871
120960.001,0.0502856411,0.04960790691254427,-0.0006777341874557308
121040.001,0.0502989776,0.04959627867266264,-0.0007026989273373613
121120.001,0.0502752624,0.049584665698658256,-0.0006905967013417433
121200.001,0.0502878614,0.04957303506259847,-0.0007148263374015321
121280.001,0.0502478369,0.0495614321113836,-0.0006864047886164029
121360.001,0.0502648838,0.0495497811189984,-0.0007151026810015976
121440.001,0.050227087,0.04953819390929928,-0.0006888930907007138
121520.001,0.0502189286,0.04952901284973843,-0.0006899157502615674
121610.001,0.050204847,0.049518770446201704,-0.0006860765537982927
121690.001,0.0501915105,0.049509665147699375,-0.0006818453523006265
121770.001,0.0501840971,0.04950055872540306,-0.0006835383745969412
121850.001,0.0501826145,0.04949143734916822,-0.0006911771508317788
121930.001,0.0501944758,0.049482320462400545,-0.0007121553375994544
122010.001,0.0501944758,0.04947319619736065,-0.0007212796026393464
122090.001,0.0501633398,0.04946409040887144,-0.0006992493911285591
122170.001,0.050124798,0.04945499625109335,-0.0006698017489066496
122250.001,0.0501544513,0.04944551481202908,-0.0007089364879709209
122330.001,0.0501218326,0.0494328473575844,-0.0006889852424155976
122410.001,0.050103303,0.04942018244106702,-0.0006831205589329786
122490.001,0.050098855,0.04940749335775397,-0.0006913616422460286
122570.001,0.0500914492,0.04939481319632526,-0.0006966360036747415
122650.001,0.0500944145,0.04938213348073926,-0.000712281019260734
122740.001,0.0500617959,0.04936787368391915,-0.0006939222160808473
122820.001,0.0500692092,0.04935517294800254,-0.0007140362519974588
122900.001,0.0500758849,0.04934248406606176,-0.00073340083393824
122980.001,0.050041046,0.04932980812606853,-0.0007112378739314654
123060.001,0.0500417836,0.04931650933418783,-0.0007252742658121689
123140.001,0.0500121377,0.04930109109009795,-0.0007110466099020524
123220.001,0.0500247367,0.04928564056313954,-0.000739096136860462
123300.001,0.0500099175,0.04927021433486673,-0.0007397031651332694
123380.001,0.0499595143,0.04925480182823959,-0.0007047124717604117
123460.001,0.0499595143,0.049239370126329625,-0.0007201441736703756
123540.001,0.0499402396,0.049223940007836295,-0.0007162995921637036
123620.001,0.0499328338,0.04920849604956011,-0.0007243377504398893
123700.001,0.0499580316,0.04919302954779605,-0.0007650020522039502
123790.001,0.0498957746,0.04917569067316288,-0.0007200839268371173
123870.001,0.0499246754,0.04916121122786493,-0.0007634641721350685
123950.001,0.0499076284,0.04914857628944486,-0.0007590521105551376
124030.001,0.0498972572,0.04913595567146101,-0.0007613015285389962
124110.001,0.0498713143,0.04912334216051742,-0.0007479721394825778
124190.001,0.0498668663,0.04911070117850305,-0.0007561651214969475
124270.001,0.0498342551,0.04909808171075887,-0.0007361733892411321
124350.001,0.0498268418,0.04908544269362127,-0.000741399106378729
124430.001,0.0497942306,0.04907282391354405,-0.0007214066864559554
124510.001,0.0498031192,0.04906017615567928,-0.0007429430443207236
124590.001,0.0497816242,0.04904753878795973,-0.0007340854120402723
124670.001,0.0498023815,0.0490345688490947,-0.0007678126509053015
124750.001,0.0497964509,0.04902103577195051,-0.0007754151280494892
124840.001,0.0497430749,0.0490058419901209,-0.0007372329098791
124920.001,0.0497430749,0.04899229659813771,-0.0007507783018622927
125000.001,0.0497045331,0.04897878045211142,-0.0007257526478885862
125080.001,0.0496993475,0.04896525123481781,-0.0007340962651821853
125160.001,0.0496934168,0.04895170144203457,-0.000741715357965432
125240.001,0.0497067608,0.04893814462275583,-0.0007686161772441705
125320.001,0.0496630259,0.048924633332127536,-0.0007383925678724618
125400.001,0.0496578403,0.04891107619642629,-0.0007467641035737091
125480.001,0.0496474616,0.04890017869230824,-0.000747282907691757
125560.001,0.0496170782,0.048892235963264474,-0.0007248422367355234
125640.001,0.0496407934,0.04888424841518979,-0.0007565449848102104
125720.001,0.0496281944,0.048876292639304236,-0.0007519017606957626
125800.001,0.0495733432,0.04886835782286955,-0.0007049853771304501
125880.001,0.0495985486,0.04886036129092419,-0.0007381873090758079
125970.001,0.0495829843,0.0488514037092464,-0.0007315805907536013
126050.001,0.0495436974,0.04883341039564429,-0.0007102870043557141
126130.001,0.0495192371,0.048815118361663856,-0.0007041187383361458
126210.001,0.0495103411,0.04879681811237255,-0.0007135229876274532
126290.001,0.0495207198,0.04877848993282922,-0.0007422298671707836
126370.001,0.0495066382,0.048760192628183416,-0.0007464455718165855
126450.001,0.0494858809,0.04874188822571411,-0.0007439926742858899
126530.001,0.0494362228,0.04872360999404994,-0.000712612805950058
126610.001,0.0494414158,0.04870528953484084,-0.0007361262651591621
126690.001,0.0494073145,0.04868698557746155,-0.0007203289225384477
126770.001,0.0493961982,0.04866868214059798,-0.0007275160594020155
126850.001,0.0493784137,0.04865210660638773,-0.0007263070936122662
126930.001,0.0493554361,0.04863557309385369,-0.0007198630061463068
127020.001,0.0493658073,0.04861694621989401,-0.0007488610801059947
127100.001,0.0493546911,0.04860040116456353,-0.0007542899354364696
127180.001,0.0493346788,0.04858386428661943,-0.0007508145133805696
127260.001,0.0492998473,0.048567334328683175,-0.0007325129713168232
127340.001,0.049305778,0.048550787088240684,-0.0007549909117593179
127420.001,0.0492983647,0.048534227900523495,-0.0007641367994765044
127500.001,0.0492724217,0.0485176939983428,-0.0007547277016572013
127580.001,0.0492449962,0.04850084337404713,-0.0007441528259528735
127660.001,0.049207937,0.048481202625200455,-0.0007267343747995453
127740.001,0.0492427759,0.04846150534720117,-0.0007812705527988281
127820.001,0.049212385,0.04844183658466546,-0.0007705484153345404
127900.001,0.0492020063,0.04842216828284471,-0.000779838017155289
127980.001,0.0491730981,0.04840250007799557,-0.0007705980220044303
128070.001,0.0491308533,0.04838038963086837,-0.0007504636691316319
128150.001,0.0491360389,0.048360699284113705,-0.0007753396158862932
128230.001,0.0491189919,0.04834103208769365,-0.0007779598123063489
128310.001,0.0491078757,0.04832134739075901,-0.0007865283092409886
128390.001,0.0490915664,0.04830226027554988,-0.0007893061244501204
128470.001,0.0490537696,0.048285260898477816,-0.0007685087015221817
128550.001,0.0490463562,0.04826824412267849,-0.0007781120773215147
128630.001,0.0490293093,0.04825123003799655,-0.0007780792620034477
128710.001,0.0489878021,0.048234232387876455,-0.0007535697121235432
128790.001,0.0489803888,0.048217194424738534,-0.0007631943752614695
128870.001,0.0489507429,0.04820018603490858,-0.0007505568650914146
128950.001,0.0489507429,0.04818314547147681,-0.000767597428523184
129030.001,0.0489514805,0.048166109979316675,-0.0007853705206833234
129110.001,0.0488877408,0.04814911534458131,-0.0007386254554186955
129200.001,0.0488692112,0.04812698884794733,-0.0007422223520526655
129280.001,0.0488870032,0.04810140946526113,-0.0007855937347388681
129360.001,0.0488706939,0.04807585157626922,-0.0007948423237307753
129440.001,0.0488017611,0.04805032994096689,-0.0007514311590331099
129520.001,0.0488099195,0.04802475156159208,-0.0007851679384079172
129600.001,0.0487861969,0.04799918909665618,-0.0007870078033438213
129680.001,0.0487936102,0.047973607882646235,-0.0008200023173537616
129760.001,0.0487617366,0.04794804211114485,-0.0008136944888551545
129840.001,0.0487165265,0.04792250405818224,-0.0007940224418177613
129920.001,0.0486935489,0.0478969306619736,-0.0007966182380264031
130000.001,0.0486713164,0.047874223182453685,-0.000797093217546313
130080.001,0.0486364774,0.04785688324183941,-0.0007795941581605903
130160.001,0.0486364774,0.04783952154551023,-0.0007969558544897726
130250.001,0.0486690886,0.04781998439780024,-0.0008491042021997602
130330.001,0.0485875569,0.047802646664013515,-0.0007849102359864871
130410.001,0.0485890396,0.047785288119411296,-0.0008037514805887061
130490.001,0.0485645793,0.04776792869456086,-0.0007966506054391392
130570.001,0.0485349335,0.0477505570405736,-0.000784376459426403
130650.001,0.0485223345,0.04773318262972631,-0.0007891518702736883
130730.001,0.0485230722,0.0477158206660704,-0.0008072515339296038
130810.001,0.048491206,0.04769590084664746,-0.0007953051533525421
130890.001,0.0484800823,0.047673121408822405,-0.0008069608911775925
130970.001,0.0484519191,0.04765034309376577,-0.0008015760062342267
131050.001,0.0484237485,0.04762755768915136,-0.0007961908108486404
131130.00100000002,0.0483814962,0.04760478699121684,-0.0007767092087831579
131210.00100000002,0.0483555607,0.047582013464755706,-0.0007735472352442957
131300.00100000002,0.0483852066,0.04755633440052718,-0.0008288721994728215
131380.00100000002,0.0483496301,0.0475335499835058,-0.0008160801164942
131460.00100000002,0.0482784696,0.047510776878609065,-0.0007676927213909335
131540.00100000002,0.0482918136,0.047487966975023985,-0.0008038466249760123
131620.00100000002,0.0482436381,0.047462164837043706,-0.0007814732629562934
131700.00100000002,0.0482503064,0.04743430948381808,-0.0008159969161819214
131780.00100000002,0.0482080616,0.04740647125237362,-0.0008015903476263769
131860.00100000002,0.0482036136,0.04737861231755607,-0.0008250012824439282
131940.00100000002,0.0481769331,0.047350776095386876,-0.0008261570046131234
132020.00100000002,0.0481502451,0.047322909214279674,-0.0008273358857203289
132100.00100000002,0.0481339432,0.04729506105247586,-0.0008388821475241379
132180.00100000002,0.0481131859,0.04726719038572749,-0.0008459955142725087
132260.00100000002,0.0480709411,0.0472393616492426,-0.0008315794507574026
132340.00100000002,0.0480457358,0.04721149844699538,-0.0008342373530046202
132430.00100000002,0.0480175726,0.04718314438132182,-0.0008344282186781848
132510.00100000002,0.0479775481,0.04715944034359555,-0.0008181077564044514
132590.00100000002,0.047990147,0.047135698351888425,-0.0008544486481115721
132670.00100000002,0.0479264073,0.047112002164129495,-0.0008144051358705065
132750.00100000002,0.0479508676,0.047088250237632814,-0.0008626173623671879
132830.00100000002,0.0478989817,0.04706454349839771,-0.0008344382016022903
132910.00100000002,0.0478678532,0.04704082246186242,-0.0008270307381375783
132990.00100000002,0.0478463583,0.04701709721926024,-0.0008292610807397599
133070.00100000002,0.0478470959,0.04699333112132835,-0.0008537647786716479
133150.00100000002,0.0477989204,0.04696961557753712,-0.0008293048224628785
133230.00100000002,0.0477759428,0.04695801035674743,-0.000817932443252567
133310.00100000002,0.0477626063,0.04694568814762296,-0.0008169181523770414
133390.00100000002,0.047755193,0.04691474487058138,-0.0008404481294186222
133480.00100000002,0.0477129407,0.04687994183849312,-0.0008329988615068812
133560.00100000002,0.0476929285,0.046849007179774596,-0.0008439213202254062
133640.00100000002,0.0476254784,0.04681808831251459,-0.0008073900874854059
133720.00100000002,0.0476225205,0.046787131032593354,-0.000835389467406647
133800.00100000002,0.0476032458,0.04675617256924723,-0.0008470732307527679
133880.00100000002,0.047569152,0.046725233814301805,-0.0008439181856981989
133960.00100000002,0.0475172661,0.0466942936973365,-0.000822972402663498
134040.00100000002,0.0475268997,0.046663317478062113,-0.0008635822219378864
134120.00100000002,0.0474876203,0.04663287664373157,-0.0008547436562684266
134200.00100000002,0.0474357344,0.04660340850409492,-0.0008323258959050811
134280.00100000002,0.0474283211,0.046573918806122744,-0.000854402293877253
134360.00100000002,0.047396455,0.04654442877985248,-0.0008520262201475171
134440.00100000002,0.0473564304,0.046514940993619414,-0.0008414894063805897
134530.00100000002,0.0473445691,0.04648175467594602,-0.0008628144240539759
134610.00100000002,0.0473282598,0.04645225297663431,-0.0008760068233656937
134690.00100000002,0.0472711883,0.04642276055999491,-0.0008484277400050907
134770.00100000002,0.0472534038,0.046393265919878295,-0.0008601378801217086
134850.00100000002,0.0472163446,0.04636375431647144,-0.000852590283528562
134930.00100000002,0.047188919,0.04633200109457333,-0.0008569179054266698
135010.00100000002,0.0471652038,0.04629774545436504,-0.0008674583456349597
135090.00100000002,0.0471348129,0.04626348840313915,-0.0008713244968608508
135170.00100000002,0.0471118353,0.04622922827231028,-0.0008826070276897191
135250.00100000002,0.0470673554,0.04619497235891197,-0.0008723830410880262
135330.00100000002,0.0470354818,0.04616071031648415,-0.0008747714835158488
135410.00100000002,0.0470169522,0.04612642858571309,-0.0008905236142869102
135490.00100000002,0.0469821207,0.0460921568722657,-0.0008899638277342983
135570.00100000002,0.0469583981,0.04605787685839319,-0.0009005212416068123
135660.00100000002,0.046913188,0.04601931913173373,-0.0008938688682662704
135740.00100000002,0.0468835421,0.04598539051868544,-0.0008981515813145588
135820.00100000002,0.0468590818,0.04595169463781247,-0.0009073871621875298
135900.00100000002,0.0468175747,0.045917998840139904,-0.0008995758598600995
135980.00100000002,0.0467842184,0.04588430354841154,-0.0008999148515884611
136060.00100000002,0.0467508696,0.04585059418833305,-0.0009002754116669495
136140.00100000002,0.0467256643,0.04581687695169065,-0.0009087873483093478
136220.00100000002,0.0466819368,0.04578317575886268,-0.0008987610411373137
136300.00100000002,0.0466671102,0.04574944643383637,-0.0009176637661636317
136380.00100000002,0.0466374643,0.045715726683252716,-0.000921737616747284
136460.00100000002,0.0465848409,0.045682020504363235,-0.000902820395636765
136540.00100000002,0.0465351827,0.04567162025814758,-0.000863562441852414
136620.00100000002,0.0465292521,0.045638888921593374,-0.0008903631784066279
136710.00100000002,0.0464758836,0.04559444031781792,-0.0008814432821820789
136790.00100000002,0.046439562,0.04555492685643929,-0.0008846351435607067
136870.00100000002,0.0464173295,0.045515395058694216,-0.0009019344413057837
136950.00100000002,0.0463973172,0.04547585827663267,-0.000921458923367334
137030.00100000002,0.0463283844,0.045436349206481555,-0.0008920351935184437
137110.00100000002,0.0463224538,0.045396785896167434,-0.0009256679038325694
137190.00100000002,0.0462705754,0.04535727568169613,-0.0009132997183038671
137270.00100000002,0.0462268405,0.0453177296242261,-0.0009091108757738955
137350.00100000002,0.046187561,0.04527818580626382,-0.0009093751937361838
137430.00100000002,0.046169769,0.04523775430262588,-0.0009320146973741186
137510.00100000002,0.0461134426,0.04519732737892096,-0.0009161152210790391
137590.00100000002,0.0460615493,0.045156891276336056,-0.0009046580236639415
137670.00100000002,0.0460526533,0.045116422898342445,-0.0009362304016575576
137760.00100000002,0.0460118912,0.04507090007785958,-0.0009409911221404249
137840.00100000002,0.0459770523,0.04503044288018701,-0.000946609419812991
137920.00100000002,0.0459296219,0.04498999200058786,-0.0009396298994121394
138000.00100000002,0.0458747707,0.044949532667778964,-0.0009252380322210332
138080.00100000002,0.0458310433,0.044909067578685416,-0.0009219757213145829
138160.00100000002,0.0458169542,0.044868107380528814,-0.0009488468194711885
138240.00100000002,0.0457435735,0.04482298974585204,-0.000920583754147962
138320.00100000002,0.0457250439,0.04477781608560745,-0.0009472278143925483
138400.00100000002,0.0456813164,0.044732651904032576,-0.0009486644959674218
138480.00100000002,0.0456227623,0.04468750889219335,-0.0009352534078066535
138560.00100000002,0.0456146114,0.044642311160814865,-0.0009723002391851324
138640.00100000002,0.0455434509,0.0445971673242012,-0.0009462835757987967
138720.00100000002,0.0455026887,0.04455199226698654,-0.0009506964330134593
138800.00100000002,0.0454826765,0.04450678599743636,-0.0009758905025636366
138890.00100000002,0.0453989245,0.04445597657601058,-0.0009429479239894192
138970.00100000002,0.0453588925,0.04441084173770407,-0.0009480507622959267
139050.00100000002,0.045323316,0.044365920609325774,-0.0009573953906742289
139130.00100000002,0.0452944078,0.04432098111513129,-0.0009734266848687098
139210.00100000002,0.0452788435,0.04427602531387872,-0.0010028181861212807
139290.00100000002,0.0452024974,0.04423110799638398,-0.0009713894036160187
139370.00100000002,0.0451832302,0.04418614392198507,-0.0009970862780149317
139450.00100000002,0.0451061465,0.04414121336367883,-0.0009649331363211708
139530.00100000002,0.0450461097,0.04409627884191614,-0.0009498308580838666
139610.00100000002,0.0450461097,0.044051283308548225,-0.000994826391451778
139690.00100000002,0.04496013,0.04400635677199894,-0.0009537732280010605
139770.00100000002,0.0449497513,0.04395645007306356,-0.000993301226936437
139850.00100000002,0.0448860116,0.04390327848636033,-0.0009827331136396666
139940.00100000002,0.0448104106,0.04384346198039688,-0.000966948619603121
140020.00100000002,0.0447852127,0.04379026912284604,-0.0009949435771539616
140100.00100000002,0.0447140522,0.043737098249321565,-0.0009769539506784344
140180.00100000002,0.0447021984,0.043683871878036906,-0.0010183265219630908
140260.00100000002,0.0446273349,0.043630692342350855,-0.000996642557649148
140340.00100000002,0.0445984267,0.04357746472628635,-0.0010209619737136522
140420.00100000002,0.0445546918,0.04352423603468228,-0.0010304557653177185
140500.00100000002,0.0444701947,0.04347102949000574,-0.0009991652099942613
140580.00100000002,0.0444361009,0.04341758321894229,-0.0010185176810577068
140660.00100000002,0.0444012694,0.043364060150885404,-0.0010372092491145943
140740.00100000002,0.0443612449,0.04331049924875782,-0.001050745651242177
140820.00100000002,0.0442900918,0.04325698031236834,-0.0010331114876316605
140900.00100000002,0.0442478396,0.04320342062916201,-0.0010444189708379917
140990.00100000002,0.0441663079,0.04314319743177228,-0.0010231104682277212
141070.00100000002,0.044145558,0.04308960946280249,-0.0010559485371975097
141150.00100000002,0.0440996028,0.04303603519105045,-0.0010635676089495519
141230.00100000002,0.0440462343,0.04298246329419764,-0.0010637710058023636
141310.00100000002,0.0439795218,0.04292889225925832,-0.001050629540741678
141390.00100000002,0.0439246781,0.042873744241820465,-0.0010509338581795383
141470.00100000002,0.0438631587,0.042818305101284135,-0.001044853598715867
141550.00100000002,0.043839436,0.04276283455484081,-0.0010766014451591907
141630.00100000002,0.0437519811,0.04270741526657086,-0.0010445658334291355
141710.00100000002,0.0436949097,0.04265194536736451,-0.001042964332635489
141790.00100000002,0.0436304249,0.042596484868455645,-0.0010339400315443545
141870.00100000002,0.0436007716,0.042540991505827616,-0.0010597800941723814
141950.00100000002,0.0435555615,0.04248550095447276,-0.0010700605455272391
142030.00100000002,0.0435036756,0.042429999100436634,-0.0010736764995633655
142120.00100000002,0.0434480868,0.04236755345159682,-0.0010805333484031829
142200.00100000002,0.0433547013,0.042307769111254466,-0.0010469321887455335
142280.00100000002,0.0433183797,0.042247796283489444,-0.0010705834165105552
142360.00100000002,0.0432613082,0.04218784713652507,-0.0010734610634749314
142440.00100000002,0.0432123877,0.042127882163170496,-0.001084505536829504
142520.00100000002,0.0431582816,0.04206790508526828,-0.0010903765147317196
142600.00100000002,0.0430745222,0.042007941336020496,-0.0010665808639795035
142680.00100000002,0.043028567,0.0419479446490116,-0.0010806223509883944
142760.00100000002,0.0429396294,0.04188798552518673,-0.0010516438748132684
142840.00100000002,0.0429077558,0.041827957295415594,-0.0010797985045844088
142920.00100000002,0.0428343751,0.04176629127652491,-0.0010680838234750911
143000.00100000002,0.0427669324,0.04169878634730561,-0.0010681460526943895
143080.00100000002,0.0427231975,0.04163126272236882,-0.0010919347776311775
143170.00100000002,0.042675022,0.04155526803234477,-0.0011197539676552279
143250.00100000002,0.0426090546,0.04148774424562794,-0.0011213103543720598
143330.00100000002,0.0425378941,0.041420189396653,-0.0011177047033470028
143410.00100000002,0.0424533971,0.04135266199803007,-0.001100735101969931
143490.00100000002,0.0424096696,0.041285095498143014,-0.0011245741018569844
143570.00100000002,0.0423481502,0.04121750912097946,-0.0011306410790205348
143650.00100000002,0.0422784798,0.041149940516635494,-0.0011285392833645033
143730.00100000002,0.0422206633,0.0410811396170277,-0.0011395236829723002
143810.00100000002,0.0421554409,0.04101005773954511,-0.0011453831604548922
143890.00100000002,0.0420598276,0.04093900292392623,-0.0011208246760737728
143970.00100000002,0.0420161001,0.04086789977151628,-0.0011482003284837214
144050.00100000002,0.0419790335,0.0407967568896869,-0.0011822766103131016
144130.00100000002,0.0418715663,0.0407256824821155,-0.0011458838178845035
144220.00100000002,0.0418196805,0.04064563733640257,-0.0011740431635974269
144300.00100000002,0.0417322181,0.040574531770173644,-0.0011576863298263587
144380.00100000002,0.041673664,0.04050338221963592,-0.001170281780364081
144460.00100000002,0.0416217782,0.04043221587429373,-0.0011895623257062726
144540.00100000002,0.0415395088,0.040360392316421426,-0.001179116483578574
144620.00100000002,0.0414868779,0.040287800648103375,-0.0011990772518966214
144700.00100000002,0.041420918,0.04021520615210386,-0.0012057118478961404
144780.00100000002,0.0413675494,0.040142587966300755,-0.0012249614336992468
144860.00100000002,0.0412615575,0.04007001479781538,-0.0011915427021846198
144940.00100000002,0.041208189,0.03999738387526042,-0.001210805124739582
145020.00100000002,0.0411296226,0.03992475465585457,-0.0012048679441454269
145100.00100000002,0.0410695858,0.03985209930771925,-0.0012174864922807546
145180.00100000002,0.0409954675,0.039779442392545314,-0.0012160251074546866
145260.00100000002,0.0409020744,0.03970680969910974,-0.001195264700890264
145350.00100000002,0.0408338867,0.03962212202509685,-0.0012117646749031513
145430.00100000002,0.040770147,0.03954452584864544,-0.001225621151354557
145510.00100000002,0.0406693406,0.03946695744981426,-0.0012023831501857402
145590.00100000002,0.0406315438,0.03938932360650603,-0.001242220193493973
145670.00100000002,0.0405433364,0.039311704091567756,-0.0012316323084322414
145750.00100000002,0.0404551364,0.03923412135264187,-0.0012210150473581302
145830.00100000002,0.0403765701,0.03915649487593639,-0.001220075224063609
145910.00100000002,0.0403128229,0.03907882430151258,-0.0012339985984874263
145990.00100000002,0.0402350016,0.03900117897423854,-0.001233822625761459
146070.00100000002,0.0401719995,0.03892347039615509,-0.00124852910384491
146150.00100000002,0.0400734209,0.03884554771354721,-0.001227873186452788
146230.00100000002,0.0400222726,0.03876736474589501,-0.0012549078541049877
146310.00100000002,0.0399555676,0.03868918754400778,-0.0012663800559922153
146400.00100000002,0.0398480929,0.03859835343127774,-0.001249739468722262
146480.00100000002,0.0397739746,0.03851187759105068,-0.0012620970089493172
146560.00100000002,0.0396650173,0.038425410432775406,-0.001239606867224595
146640.00100000002,0.039587196,0.038338893352306586,-0.0012483026476934125
146720.00100000002,0.0395330824,0.03825234154380595,-0.0012807408561940556
146800.00100000002,0.0394211672,0.03816583218687927,-0.00125533501312073
146880.00100000002,0.0393448211,0.038079274482348865,-0.001265546617651138
146960.00100000002,0.0392669924,0.03799269956469395,-0.0012742928353060498
147040.00100000002,0.039189171,0.03790611102611455,-0.0012830599738854545
147120.00100000002,0.0391076393,0.03781951450963192,-0.0012881247903680781
147200.00100000002,0.0390298106,0.03773158662439274,-0.0012982239756072558
147280.00100000002,0.0389505066,0.03764126490107839,-0.0013092416989216038
147360.00100000002,0.0388578586,0.03755090235876686,-0.0013069562412331426
147450.00100000002,0.0387585349,0.03744926485403607,-0.0013092700459639353
147530.00100000002,0.038670335,0.03735888663047509,-0.0013114483695249105
147610.00100000002,0.0385821275,0.037268478856986226,-0.0013136486430137748
147690.00100000002,0.0384991132,0.037178069934083596,-0.001321043265916401
147770.00100000002,0.0384205468,0.03708761825554681,-0.001332928544453188
147850.00100000002,0.0383479111,0.03699715554695367,-0.001350755553046333
147930.00100000002,0.0382359959,0.03690671536148521,-0.0013292805385147904
148010.00100000002,0.0381062813,0.03681154084005857,-0.0012947404599414347
148090.00100000002,0.0380766355,0.03671107018239111,-0.0013655653176088897
148170.00100000002,0.0379535966,0.036610643268545004,-0.0013429533314549963
148250.00100000002,0.0378913321,0.03651014638393864,-0.001381185716061363
148330.00100000002,0.0377897881,0.03640966565471496,-0.0013801224452850425
148410.00100000002,0.0376845412,0.036309180634482664,-0.0013753605655173334
148490.00100000002,0.0375844799,0.03620865986933597,-0.0013758200306640336
148580.00100000002,0.0375088789,0.03609552250661313,-0.0014133563933868692
148660.00100000002,0.0374117829,0.035994951188770614,-0.0014168317112293882
148740.00100000002,0.0372998603,0.03589437130053641,-0.0014054889994635916
148820.00100000002,0.0371916406,0.03579836181226092,-0.00139327878773908
148900.00100000002,0.0371353142,0.03570535853409226,-0.0014299556659077353
148980.00100000002,0.0370122753,0.035612391454731426,-0.001399883845268575
149060.00100000002,0.0369181447,0.03551936795510844,-0.0013987767448915625
149140.00100000002,0.0368373506,0.03542630579984618,-0.0014110448001538184
149220.00100000002,0.0367195047,0.035333285320843795,-0.0013862193791562075
149300.00100000002,0.0366572402,0.035224272674442614,-0.0014329675255573895
149380.00100000002,0.0365527384,0.03511483107891954,-0.001437907321080463
149460.00100000002,0.036451932,0.035005376534478466,-0.0014465554655215332
149540.00100000002,0.0363414921,0.034895905814357295,-0.0014455862856427026
149630.00100000002,0.0362473615,0.03477268467965418,-0.0014746768203458202
149710.00100000002,0.0361169092,0.03466317014524434,-0.0014537390547556608
149790.00100000002,0.0360035039,0.03455362020444164,-0.00144988369555836
149870.00100000002,0.0359012224,0.03444403971054714,-0.0014571826894528642
149950.00100000002,0.0358122773,0.03433442180450721,-0.0014778554954927928
150030.00100000002,0.0357159264,0.03422438388828704,-0.0014915425117129621
150110.00100000002,0.0356180854,0.034110790610512656,-0.0015072947894873429
150190.00100000002,0.0354654007,0.0339972163872173,-0.0014681843127827
150270.00100000002,0.0353935026,0.03388355368801277,-0.0015099489119872328
150350.00100000002,0.0352756493,0.03376988033473728,-0.0015057689652627215
150430.00100000002,0.0351748504,0.03365615615670263,-0.0015186942432973694
150510.00100000002,0.0350614451,0.033542429202054,-0.0015190158979460008
150590.00100000002,0.0349702798,0.03342864402011348,-0.001541635779886516
150680.00100000002,0.0348442756,0.033300613380967896,-0.0015436622190321062
150760.00100000002,0.0347323529,0.03318678942665571,-0.0015455634733442872
150840.00100000002,0.0346211754,0.03307059956286962,-0.0015505758371303843
150920.00100000002,0.0345048048,0.03294632105104375,-0.0015584837489562436
151000.00100000002,0.0343602784,0.032822053833271594,-0.001538224566728405
151080.00100000002,0.034255024,0.032697697342144845,-0.001557326657855157
151160.00100000002,0.0341379158,0.03257334930349379,-0.0015645664965062145
151240.00100000002,0.0340348892,0.03244892509277676,-0.0015859641072232394
151320.00100000002,0.0339370556,0.032324450405430555,-0.001612605194569447
151400.00100000002,0.0338303186,0.032199950640603506,-0.0016303679593964934
151480.00100000002,0.0336798541,0.03207544270933957,-0.0016044113906604346
151560.00100000002,0.033567939,0.031950883763865595,-0.0016170552361344029
151640.00100000002,0.0334612019,0.03182713498827597,-0.001634066911724033
151720.00100000002,0.0333211161,0.03170647502393133,-0.0016146410760686722
151810.00100000002,0.033178065,0.03157066791570857,-0.0016073970842914315
151890.00100000002,0.0330513231,0.03144989002019989,-0.0016014330798001103
151970.00100000002,0.0329623781,0.03132904266665923,-0.0016333354333407726
152050.00100000002,0.0328348912,0.031208156933643087,-0.0016267342663569134
152130.00100000002,0.0326799788,0.0310784144437641,-0.0016015643562359017
152210.00100000002,0.0325747319,0.03093191414369975,-0.0016428177563002494
152290.00100000002,0.0324665196,0.030785356316482868,-0.0016811632835171328
152370.00100000002,0.032354597,0.030638778296742667,-0.0017158187032573317
152450.00100000002,0.0322063603,0.03049216691643831,-0.001714193383561692
152530.00100000002,0.0320381038,0.030345532005737898,-0.0016925717942621044
152610.00100000002,0.0319313742,0.0301987541817752,-0.0017326200182248008
152690.00100000002,0.0318046324,0.030051980302467314,-0.0017526520975326837
152770.00100000002,0.0316474997,0.029905174626254326,-0.0017423250737456722
152860.00100000002,0.0315207504,0.02973991004405643,-0.0017808403559435686
152940.00100000002,0.0313636176,0.0295933785188307,-0.0017702390811692968
153020.00100000002,0.0312220473,0.029447197601607196,-0.0017748496983928039
153100.00100000002,0.0310930815,0.029300923297003664,-0.001792158202996337
153180.00100000002,0.0309796762,0.029154566962899506,-0.0018251092371004939
153260.00100000002,0.0308180992,0.029008231339511588,-0.0018098678604884129
153340.00100000002,0.0306846816,0.028861767027012,-0.0018229145729879992
153420.00100000002,0.0305453371,0.02871524076703417,-0.0018300963329658318
153500.00100000002,0.0303785708,0.028568690615539988,-0.001809880184460013
153580.00100000002,0.0302458908,0.028422042672089788,-0.0018238481279102131
153660.00100000002,0.0300924648,0.02827533023944402,-0.0018171345605559781
153740.00100000002,0.0299805459,0.028121255761943242,-0.0018592901380567566
153820.00100000002,0.0298100729,0.027959180593264618,-0.0018508923067353834
153910.00100000002,0.0296521951,0.02777666338466929,-0.001875531715330711
153990.00100000002,0.0295150746,0.027614348080549463,-0.0019007265194505366
154070.00100000002,0.0293394085,0.027451980176786267,-0.0018874283232137336
154150.00100000002,0.0292393472,0.0272894423901869,-0.0019499048098131008
154230.00100000002,0.0290599782,0.02712690423189633,-0.0019330739681036706
154310.00100000002,0.0289006215,0.02696426778614803,-0.0019363537138519724
154390.00100000002,0.0287471954,0.02680153042358501,-0.0019456649764149903
154470.00100000002,0.028590804,0.02663869718773134,-0.0019521068122686606
154550.00100000002,0.0284351502,0.02648113435433483,-0.0019540158456651698
154630.00100000002,0.0282846894,0.026327081586480162,-0.0019576078135198384
154710.00100000002,0.0281275567,0.02616440130405282,-0.001963155395947179
154790.00100000002,0.0279807989,0.02598562275915109,-0.00199517614084891
154870.00100000002,0.0277947579,0.025806810959573816,-0.0019879469404261857
154950.00100000002,0.0276354011,0.02562781103914368,-0.0020075900608563166
155040.00100000002,0.0274493601,0.025426329151957548,-0.002023030948042452
155120.00100000002,0.0272981543,0.025247093126806702,-0.0020510611731932964
155200.00100000002,0.0271365773,0.02506770493525865,-0.0020688723647413476
155280.00100000002,0.026949795,0.024888230323324777,-0.002061564676675221
155360.00100000002,0.0267859902,0.024708603958444188,-0.0020773862415558106
155440.00100000002,0.0266066212,0.02452883112094036,-0.0020777900790596403
155520.00100000002,0.0264746863,0.0243468427216982,-0.0021278435783017996
155600.00100000002,0.0262589995,0.024162596657597006,-0.0020964028424029953
155680.00100000002,0.0261203963,0.023978074364462573,-0.002142321935537428
155760.00100000002,0.025933614,0.023793475276060044,-0.0021401387239399564
155840.00100000002,0.025758693,0.023608671701488428,-0.0021500212985115716
155920.00100000002,0.0255822893,0.023423674925768176,-0.0021586143742318258
156000.00100000002,0.0254177433,0.02323848855158878,-0.0021792547484112204
156090.00100000002,0.0252109487,0.023029940923318185,-0.0021810077766818148
156170.00100000002,0.0250338037,0.02284437358262475,-0.0021894301173752476
156250.00100000002,0.0248633306,0.02265854098689655,-0.002204789613103452
156330.00100000002,0.0247128662,0.02246412119883015,-0.002248745001169849
156410.00100000002,0.0245260876,0.022263848019717827,-0.0022622395802821722
156490.00100000002,0.0243400428,0.02206333179559975,-0.0022767110044002482
156570.00100000002,0.0241480749,0.021862585509000346,-0.0022854893909996545
156650.00100000002,0.0239716712,0.021661556531321697,-0.0023101146686783022
156730.00100000002,0.0237804409,0.02146027177114254,-0.00232016912885746
156810.00100000002,0.0235921796,0.02125867770027092,-0.0023335018997290777
156890.00100000002,0.0233742651,0.021056864938705934,-0.0023174001612940656
156970.00100000002,0.0231904481,0.020854659983268135,-0.0023357881167318656
157050.00100000002,0.0230199751,0.020650025961134858,-0.0023699491388651413
157140.00100000002,0.0227976162,0.02039770616060579,-0.0023999100393942083
157220.00100000002,0.0225930456,0.020173018349018773,-0.002420027250981227
157300.00100000002,0.022399595,0.019947937018590746,-0.0024516579814092554
157380.00100000002,0.0221920591,0.019722436023073064,-0.0024696230769269377
157460.00100000002,0.0219756309,0.01949655820033257,-0.0024790726996674305
157540.00100000002,0.0218236838,0.01927008647086806,-0.0025535973291319417
157620.00100000002,0.0216072556,0.019043231664969597,-0.0025640239350304024
157700.00100000002,0.0213737804,0.01881588805127711,-0.00255789234872289
157780.00100000002,0.0211706888,0.0185879683276141,-0.0025827204723859014
157860.00100000002,0.0209750142,0.018356587894760586,-0.0026184263052394137
157940.00100000002,0.0207741503,0.018114675594670296,-0.002659474705329703
158020.00100000002,0.0205584634,0.017872136361297593,-0.002686327038702408
158100.00100000002,0.0203272123,0.017628908401985416,-0.0026983038980145854
158180.00100000002,0.020118935,0.01738492783570974,-0.002734007164290262
158270.00100000002,0.0198543277,0.017109504440404058,-0.0027448232595959424
158350.00100000002,0.0196490157,0.016863720969179426,-0.002785294730820575
158430.00100000002,0.0194511171,0.01661696815351834,-0.0028341489464816585
158510.00100000002,0.019217642,0.016369251668350474,-0.0028483903316495265
158590.00100000002,0.0189797189,0.01612043920026196,-0.002859279699738041
158670.00100000002,0.0187492054,0.015867712673218917,-0.0028814927267810826
158750.00100000002,0.0185557511,0.015608530808922255,-0.0029472202910777456
158830.00100000002,0.0182874408,0.01534805263758228,-0.0029393881624177193
158910.00100000002,0.0180598926,0.015085963208563924,-0.0029739293914360747
158990.00100000002,0.0178197492,0.014822193824055169,-0.00299755537594483
159070.00100000002,0.0175951626,0.014556541562302155,-0.003038621037697843
159150.00100000002,0.0173728038,0.014288784851842285,-0.0030840189481577147
159230.00100000002,0.0171393286,0.01400100697225528,-0.0031383216277447203
159320.00100000002,0.0168895479,0.013666552348619868,-0.003222995551380132
159400.00100000002,0.0166560691,0.013366186031138531,-0.003289883068861469
159480.00100000002,0.0163773838,0.01306261059456818,-0.003314773205431819
159560.00100000002,0.0161602106,0.012755191726804551,-0.0034050188731954475
159640.00100000002,0.0159007926,0.012443456259473375,-0.003457336340526626
159720.00100000002,0.0156361852,0.012126869303232368,-0.0035093158967676313
159800.00100000002,0.0154301329,0.011804347446351485,-0.0036257854536485157
159880.00100000002,0.0151551506,0.0114751876775166,-0.0036799629224834006
159960.00100000002,0.0148883192,0.011138067237818305,-0.003750251962181695
160040.00100000002,0.0146303819,0.010785136875756756,-0.0038452450242432434
160120.00100000002,0.0144095058,0.010419250467060276,-0.003990255332939724
160200.00100000002,0.0141189573,0.010038986393874051,-0.004079970906125949
160280.00100000002,0.0138832564,0.009640086314974218,-0.0042431700850257825
160370.00100000002,0.0136053087,0.009162209435613725,-0.004443099264386276
160450.00100000002,0.0133132795,0.008702557213871968,-0.004610722286128032
160530.00100000002,0.0130694238,0.008195943627109717,-0.004873480172890283
160610.00100000002,0.0128203845,0.0076202774774776095,-0.005200107022522391
160690.00100000002,0.0125520723,0.006934262083516425,-0.005617810216483575
160770.00100000002,0.0122555932,0.006023373248819521,-0.006232219951180479
