time_s,voltage_exp_V,voltage_sim_V,residual_V
0.0,1.0567988157,1.0701061929205016,0.013307377220501682
80.0,0.9341790676,0.7647678824881731,-0.16941118511182696
160.0,0.8567634821,0.711868820030424,-0.14489466206957602
240.0,0.792222321,0.688243439001099,-0.10397888199890104
320.0,0.748649776,0.6720731261915981,-0.07657664980840195
400.0,0.7211719751,0.6588295499177033,-0.06234242518229671
480.0,0.70250386,0.6471398326982994,-0.055364027301700536
560.0,0.6882587075,0.6361795656781694,-0.0520791418218306
640.0,0.6760571599,0.6259166426383711,-0.050140517261628936
720.0,0.6653167009,0.6160627311551028,-0.04925396974489715
800.0,0.6547184587,0.6071689097813203,-0.047549548918679685
880.0,0.6447933316,0.5975295973705101,-0.04726373422948982
960.0,0.6353158355,0.5886581609900461,-0.04665767450995395
1040.0,0.6260082126,0.5800230870631098,-0.04598512553689016
1130.0,0.6156613231,0.5704389191381003,-0.04522240396189969
1210.0,0.6067013144,0.5628894921288679,-0.04381182227113212
1290.0,0.5979465246,0.5541287527698249,-0.0438177718301751
1370.0,0.5897315145,0.5461103696995683,-0.04362114480043178
1450.0,0.5811932087,0.5385502302008536,-0.042642978499146444
1530.0,0.5725319982,0.5330004376506406,-0.03953156054935936
1610.0,0.5652382374,0.5267867795272485,-0.038451457872751504
1690.0,0.5563768148,0.5165671559566131,-0.03980965884338694
1770.0,0.5482937098,0.5088276737640614,-0.03946603603593868
1850.0,0.5409066081,0.5021469138097479,-0.03875969429025217
1930.0,0.5331125855,0.49931194922551086,-0.03380063627448909
2010.0,0.5289565325,0.49228783184823943,-0.03666870065176053
2090.0,0.5188987851,0.4831998390334307,-0.03569894606656926
2180.0,0.5101219416,0.47753423260121364,-0.03258770899878638
2260.0,0.5031595826,0.47535579134951395,-0.0278037912504861
2340.0,0.500626862,0.465689138086054,-0.03493772391394595
2420.0,0.4935510457,0.46296378819130346,-0.030587257508696564
2500.0,0.4844273031,0.4598511139147903,-0.024576189185209707
2580.0,0.4797583222,0.45048989059925393,-0.029268431600746048
2660.0,0.4781268537,0.44516850463572566,-0.03295834906427436
2740.0,0.4676763117,0.43741915880841753,-0.030257152891582484
2820.0,0.4651524723,0.4360238947684099,-0.029128577531590094
2900.0,0.4604775608,0.42752394189776144,-0.03295361890223858
2980.0,0.4530164003,0.42732393272700897,-0.02569246757299104
3060.0,0.4461675286,0.4284904256442668,-0.01767710295573316
3140.0,0.4401147068,0.4311404398767195,-0.00897426692328046
3230.0,0.4370993972,0.4208494402472404,-0.016249956952759603
3310.0,0.4286576211,0.4139194423976897,-0.014738178702310312
3390.0,0.4284945428,0.41051207309991505,-0.017982469700084935
3470.0,0.4296167493,0.40327930650134713,-0.026337442798652855
3550.0,0.4324260056,0.4010190877890454,-0.031406917810954615
3630.0,0.423374176,0.3942731697253877,-0.029101006274612318
3710.0,0.4155068696,0.39354938719702437,-0.021957482402975625
3790.0,0.4121832252,0.39204815075322585,-0.020135074446774148
3870.0,0.4050512016,0.38993044542281896,-0.01512075617718106
3950.0,0.4024094939,0.3865071119459825,-0.015902381954017553
4030.0,0.3960542679,0.3817937573813918,-0.01426051051860816
4110.0,0.3941219151,0.3783799715214609,-0.015741943578539086
4190.0,0.392629832,0.3763230759066789,-0.016306756093321106
4270.0,0.3921843469,0.3731406753531351,-0.01904367154686487
4360.0,0.3875754774,0.3672225440056178,-0.020352933394382156
4440.0,0.382815361,0.36359944187641297,-0.019215919123587055
4520.0,0.3793657124,0.3619773154259285,-0.01738839697407152
4600.0,0.3773014247,0.35906884583227455,-0.018232578867725446
4680.0,0.3741808832,0.3572003440118916,-0.01698053918810838
4760.0,0.3688137233,0.3538091766756268,-0.015004546624373227
4840.0,0.3649238348,0.3509346074341589,-0.013989227365841128
4920.0,0.3634473085,0.3484081614323248,-0.01503914706767523
5000.0,0.360886395,0.3452691871084406,-0.015617207891559404
5080.0,0.3589585125,0.3415411418471617,-0.01741737065283827
5160.0,0.3551827371,0.3382924681327239,-0.01689026896727608
5240.0,0.3527752757,0.33685640857387555,-0.015918867126124447
5320.0,0.3490150869,0.33584556328675585,-0.013169523613244138
5410.0,0.3461999595,0.3313825581657013,-0.014817401334298708
5490.0,0.342530936,0.3280080182132908,-0.014522917786709222
5570.0,0.3392784595,0.3248694691280029,-0.01440899037199711
5650.0,0.3378293812,0.3222301561335433,-0.015599225066456723
5730.0,0.3370088637,0.3204437938917496,-0.0165650698082504
5810.0,0.3327550292,0.3172915525665033,-0.015463476633496676
5890.0,0.3293654323,0.3145921596377444,-0.014773272662255588
5970.0,0.3262263834,0.31174347084158194,-0.014482912558418048
6050.0,0.3235565424,0.31007416400885673,-0.013482378391143246
6130.0,0.3217754066,0.3074715006606568,-0.014303905939343164
6210.0,0.3185978234,0.30458283896955074,-0.01401498443044924
6290.0,0.3158968389,0.3018891295127871,-0.014007709387212852
6370.0,0.313013494,0.29959438646806913,-0.013419107531930874
6460.0,0.3109818399,0.29655822689492567,-0.014423613005074332
6540.0,0.3083853722,0.29397177327460283,-0.014413598925397175
6620.0,0.3054953814,0.29183524637696284,-0.013660135023037145
6700.0,0.3028129041,0.28933787318558457,-0.013475030914415431
6780.0,0.3004387915,0.2872463457751581,-0.013192445724841906
6860.0,0.297783047,0.2847806559556684,-0.013002391044331596
6940.0,0.2951961756,0.2826463109513399,-0.012549864648660092
7020.0,0.2930548489,0.2802305010952967,-0.012824347804703318
7100.0,0.2905473113,0.2778145596026154,-0.012732751697384581
7180.0,0.2884533703,0.2757397392692986,-0.012713631030701389
7260.0,0.2859755158,0.2734766059603841,-0.012498909839615935
7340.0,0.2837333381,0.2712134599311136,-0.01251987816888639
7420.0,0.2813525796,0.2690269342625137,-0.012325645337486313
7500.0,0.2790229321,0.26687880592841345,-0.012144126171586556
7590.0,0.2765791714,0.2644922221173295,-0.012086949282670512
7670.0,0.2742999196,0.26237067905861305,-0.011929240541386943
7750.0,0.2720844448,0.26024903833059526,-0.01183540646940473
7830.0,0.2698934078,0.25812747280428455,-0.011765934995715432
7910.0,0.2678010166,0.2560058170718874,-0.011795199528112588
7990.0,0.2655780911,0.2538841287825667,-0.011693962317433304
8070.0,0.2634648979,0.2518876832269136,-0.011577214673086422
8150.0,0.2612812817,0.24989467825974448,-0.011386603440255494
8230.0,0.2591762841,0.2479016430560792,-0.011274641043920786
8310.0,0.2570971549,0.24590860451307564,-0.011188550386924373
8390.0,0.2549876571,0.24391557202201547,-0.011072085077984517
8470.0,0.2529723346,0.24192244912303937,-0.011049885476960647
8550.0,0.2509302795,0.24004446938052496,-0.010885810119475064
8640.0,0.2486770302,0.2379548450561204,-0.010722185143879598
8720.0,0.2466913313,0.23609729953552722,-0.010594031764472794
8800.0,0.2447093278,0.23423980709233458,-0.010469520707665408
8880.0,0.2427829355,0.23238227955687102,-0.010400655943128972
8960.0,0.2408639342,0.23052464082629723,-0.010339293373702763
9040.0,0.2389345616,0.22875859297442794,-0.010175968625572074
9120.0,0.2370556146,0.22700892248054944,-0.010046692119450557
9200.0,0.2352070063,0.22525909078292652,-0.009947915517073469
9280.0,0.2334548086,0.22350930100923225,-0.00994550759076776
9360.0,0.2315735966,0.22175928644985682,-0.009814310150143168
9440.0,0.2297724634,0.22000929603784297,-0.009763167362157016
9520.0,0.2279587239,0.21835450362304648,-0.009604220276953512
9600.0,0.2262354195,0.2167166780505338,-0.009518741449466211
9690.0,0.2242386043,0.2148741524167025,-0.009364451883297514
9770.0,0.2225278765,0.2132362608558995,-0.009291615644100498
9850.0,0.2208038419,0.21159847587150715,-0.00920536602849284
9930.0,0.2191398293,0.2099604857703567,-0.009179343529643308
10010.0,0.2174498588,0.2084007196458223,-0.00904913915417771
10090.0,0.2157791853,0.2068710996900842,-0.008908085609915822
10170.0,0.2141848505,0.20534130392789465,-0.008843546572105343
10250.0,0.2125638276,0.20381148833877147,-0.008752339261228537
10330.0,0.2109576315,0.20228163188348064,-0.008675999616519353
10410.0,0.2093677372,0.20075183919349918,-0.00861589800650081
10490.0,0.2078215778,0.1993133334109618,-0.008508244389038189
10570.0,0.2062642872,0.19789128153047567,-0.008373005669524342
10650.0,0.2047426105,0.19646918786054593,-0.008273422639454076
10730.0,0.2032364756,0.1950470620166795,-0.008189413583320482
10820.0,0.2015487254,0.1935650370939371,-0.007983688306062886
10900.0,0.200074479,0.19228193779784022,-0.007792541202159775
10980.0,0.1986061484,0.19099894282725466,-0.007607205572745329
11059.999999999996,0.1972126812,0.18971579625346713,-0.007496884946532861
11139.999999999996,0.1957991868,0.18844264708205455,-0.007356539717945448
11219.999999999996,0.1944605857,0.18726134077856438,-0.007199244921435616
11299.999999999996,0.1931960732,0.18608008750802688,-0.007115985691973137
11379.999999999996,0.1919241548,0.18489866582749878,-0.007025488972501215
11459.999999999996,0.1906374246,0.18371725066458175,-0.0069201739354182445
11539.999999999996,0.1893499494,0.18253598498908238,-0.006813964410917611
11619.999999999996,0.1881314069,0.18142128542914732,-0.006710121470852676
11699.999999999996,0.1869588345,0.18033203283969412,-0.006626801660305881
11779.999999999996,0.1857365668,0.1792429294816544,-0.006493637318345596
11869.999999999996,0.1844476163,0.1780175516063494,-0.0064300646936505945
11949.999999999996,0.1832905859,0.1769283118021894,-0.006362274097810594
12029.999999999996,0.1821595132,0.1758806826825163,-0.006278830517483708
12109.999999999996,0.1810677201,0.17491119743290448,-0.006156522667095515
12189.999999999996,0.1799662858,0.17394176268218214,-0.006024523117817843
12269.999999999996,0.1788833886,0.17297232337345353,-0.005911065226546469
12349.999999999996,0.177804932,0.17200287359544011,-0.005802058404559884
12429.999999999996,0.1767464876,0.17103343705698848,-0.005713050543011522
12509.999999999996,0.1757369787,0.17006390084725448,-0.005673077852745512
12589.999999999996,0.1747266948,0.16909430907009962,-0.00563238572990038
12669.999999999996,0.1737149507,0.16812474800886423,-0.005590202691135776
12749.999999999996,0.172698766,0.1671552433702677,-0.005543522629732317
12829.999999999996,0.1717277765,0.1662034689425957,-0.005524307557404323
12919.999999999996,0.170669347,0.16521471295615855,-0.005454634043841444
12999.999999999996,0.1697124541,0.16434882892910277,-0.005363625170897224
13079.999999999996,0.1687748283,0.16348292341416465,-0.0052919048858353634
13159.999999999996,0.1678594351,0.16261697605968997,-0.005242459040310038
13239.999999999996,0.1669477522,0.16175103363386137,-0.005196718566138625
13319.999999999996,0.1660494059,0.16088507347948303,-0.005164332420516976
13399.999999999996,0.1651555151,0.16008691791410398,-0.005068597185896029
13479.999999999996,0.1642890424,0.15929057224765866,-0.004998470152341339
13559.999999999996,0.1634144336,0.15849424364689438,-0.004920189953105614
13639.999999999996,0.1625561118,0.15769792431154048,-0.004858187488459537
13719.999999999996,0.1617111415,0.1569015708231503,-0.0048095706768497
13799.999999999996,0.16090101,0.15610516711668648,-0.004795842883313528
13879.999999999996,0.1600997597,0.15530874223138033,-0.004791017468619679
13959.999999999996,0.1592903733,0.15458174207840358,-0.0047086312215964266
14049.999999999996,0.1583697945,0.15376607685189392,-0.004603717648106076
14129.999999999996,0.1575959772,0.1530409421220968,-0.004555035077903197
14209.999999999996,0.1568154842,0.15231583059885417,-0.00449965360114582
14289.999999999996,0.1560157388,0.1515907858756473,-0.0044249529243526875
14369.999999999996,0.1552975029,0.15086560717629877,-0.004431895723701229
14449.999999999996,0.1544984728,0.15014052947352408,-0.004357943326475933
14529.999999999996,0.1538024843,0.14941535169882783,-0.004387132601172156
14609.999999999996,0.1530390531,0.14869021751389586,-0.004348835586104133
14689.999999999996,0.1522867233,0.14796925012742745,-0.004317473172572556
14769.999999999996,0.1515655369,0.14728659638427127,-0.004278940515728719
14849.999999999996,0.1508480608,0.14660390789918795,-0.004244152900812037
14929.999999999996,0.1501453966,0.1459211590206421,-0.0042242375793579146
15009.999999999996,0.1494471729,0.14524320361056134,-0.004203969289438669
15099.999999999996,0.1486429572,0.14453040639135203,-0.0041125508086479745
15179.999999999996,0.1479521692,0.14389681890386444,-0.004055350296135574
15259.999999999996,0.1473132521,0.1432631139036804,-0.00405013819631958
15339.999999999996,0.1466513425,0.14262943034955003,-0.004021912150449974
15419.999999999996,0.1459494382,0.14199585490727315,-0.003953583292726853
15499.999999999996,0.1452942044,0.14139114742089498,-0.0039030569791050074
15579.999999999996,0.1446426958,0.14081876767235493,-0.0038239281276450654
15659.999999999996,0.1440030336,0.14024638967056727,-0.003756643929432729
15739.999999999996,0.1433959752,0.13967395269557364,-0.0037220225044263533
15819.999999999996,0.1427622586,0.13910153251073487,-0.003660726089265126
15899.999999999996,0.1421796679,0.13852903162365354,-0.0036506362763464584
15979.999999999996,0.1415652186,0.1379565684348603,-0.0036086501651396985
16059.999999999996,0.1409507543,0.13738416100025233,-0.003566593299747678
16149.999999999996,0.1403303742,0.13678187847801712,-0.003548495721982875
16229.999999999996,0.1397537142,0.13629783980035554,-0.003455874399644454
16309.999999999996,0.1391770691,0.1358137888239126,-0.003363280276087399
16389.999999999996,0.1385855824,0.13532979163502384,-0.0032557907649761464
16469.999999999996,0.1380459964,0.13484575793061815,-0.003200238469381861
16549.999999999996,0.1375041604,0.1343617106323202,-0.0031424497676798002
16629.999999999996,0.1370016336,0.1338776071580151,-0.003124026441984895
16709.999999999996,0.1364887208,0.13339348835153556,-0.0030952324484644356
16789.999999999996,0.1359720975,0.13290938814388598,-0.003062709356114024
16869.999999999996,0.135453254,0.13242534172613435,-0.003027912273865646
16949.999999999996,0.1349870414,0.13195937064479013,-0.003027670755209877
17029.999999999996,0.1344741136,0.1315137334702472,-0.0029603801297528043
17109.999999999996,0.134008646,0.13108392951183137,-0.0029247164881686383
17189.999999999996,0.1335528195,0.13068386470087465,-0.002868954799125356
17279.999999999996,0.1330413818,0.13023378430419721,-0.0028075974958027827
17359.999999999996,0.1326144487,0.12983369794838948,-0.0027807507516105223
17439.999999999996,0.1321778744,0.1294336063846248,-0.0027442680153751953
17519.999999999996,0.1317494661,0.12903353331740763,-0.0027159327825923563
17599.999999999996,0.1313306838,0.12863341057568434,-0.0026972732243156494
17679.999999999996,0.1309282035,0.12828592492132312,-0.002642278578676882
17759.999999999996,0.1305190623,0.12794793085703413,-0.0025711314429658627
17839.999999999996,0.1301544011,0.12760989125661604,-0.002544509843383974
17919.999999999996,0.1297519207,0.12727188257175467,-0.002480038128245321
17999.999999999996,0.1293887347,0.12693381808724627,-0.002454916612753738
18079.999999999996,0.1290403754,0.12659576163523978,-0.0024446137647602117
18159.999999999996,0.1286356747,0.1262577309482488,-0.0023779437517512103
18239.999999999996,0.1283006519,0.12591965121441237,-0.0023810006855876364
18329.999999999996,0.1278996617,0.12558381957955797,-0.00231584212044203
18409.999999999996,0.1275735199,0.12529818825204533,-0.0022753316479546537
18489.999999999996,0.1272599995,0.1250125558929068,-0.002247443607093197
18569.999999999996,0.1268871725,0.12472698061956258,-0.002160191880437423
18649.999999999996,0.126609236,0.12444133202633427,-0.002167903973665744
18729.999999999996,0.1262756735,0.12415570303686956,-0.0021199704631304356
18809.999999999996,0.1259747595,0.12387006803262174,-0.002104691467378267
18889.999999999996,0.1256619692,0.12358443527275381,-0.002077533927246189
18969.999999999996,0.1253736466,0.12329878665861253,-0.0020748599413874663
19049.999999999996,0.1251112521,0.1230244938291794,-0.0020867582708205823
19129.999999999996,0.1248259023,0.1227900349220857,-0.002035867377914294
19209.999999999996,0.1245205328,0.12255560083784976,-0.0019649319621502376
19289.999999999996,0.1242284998,0.12232117702079041,-0.0019073227792095887
19379.999999999996,0.1239386722,0.12205738767938021,-0.0018812845206197942
19459.999999999996,0.1237014905,0.12182290615787093,-0.0018785843421290638
19539.999999999996,0.1234472618,0.1215884110502697,-0.0018588507497303008
19619.999999999996,0.1231848821,0.1213539397087169,-0.0018309423912831052
19699.999999999996,0.1229113862,0.1211194804237746,-0.0017919057762253998
19779.999999999996,0.1227156892,0.12088494531327298,-0.001830743886727021
19859.999999999996,0.1224792525,0.12065625980942273,-0.0018229926905772714
19939.999999999996,0.1222502217,0.12044696394441476,-0.0018032577555852358
20019.999999999996,0.1219974682,0.12025360926821681,-0.0017438589317831932
20099.999999999996,0.1217728928,0.12006022814161556,-0.0017126646583844468
20179.999999999996,0.1215675697,0.11986682599284255,-0.0017007437071574483
20259.999999999996,0.1213474348,0.11967342916161947,-0.0016740056383805352
20339.999999999996,0.1211487874,0.11948000279254685,-0.0016687846074531498
20419.999999999996,0.1209375486,0.1192866022745138,-0.001650946325486194
20509.999999999996,0.1207114831,0.11906901310577676,-0.001642469994223239
20589.999999999996,0.120498769,0.11887560101616672,-0.0016231679838332874
20669.999999999996,0.120276399,0.11868218681374251,-0.0015942121862574932
20749.999999999996,0.1200955436,0.11849813725299176,-0.0015974063470082372
20829.999999999996,0.1198724434,0.11832461178952106,-0.0015478316104789447
20909.999999999996,0.1196960434,0.11815103616106781,-0.0015450072389321806
20989.999999999996,0.119524084,0.11797743284002142,-0.001546651159978582
21069.999999999996,0.1193254367,0.11780384908996902,-0.001521587610030975
21149.999999999996,0.1191238388,0.11763027597070062,-0.001493562829299383
21229.999999999996,0.1189607605,0.1174566858531973,-0.0015040746468027028
21309.999999999996,0.1187762097,0.11728308799498524,-0.001493121705014755
21389.999999999996,0.1185901687,0.11710949351108653,-0.001480675188913469
21469.999999999996,0.1184048727,0.11693590186121346,-0.0014689708387865402
21559.999999999996,0.1182395741,0.11674834723516805,-0.0014912268648319404
21639.999999999996,0.1180520579,0.11658775392585168,-0.0014643039741483177
21719.999999999996,0.1178749129,0.11642718789626398,-0.0014477250037360223
21799.999999999996,0.1177555695,0.11626655327508263,-0.0014890162249173722
21879.999999999996,0.1175673082,0.11610595347967358,-0.0014613547203264216
21959.999999999996,0.1174161062,0.1159453241859488,-0.0014707820140511946
22039.999999999996,0.1172337607,0.11578771364893789,-0.0014460470510621048
22119.999999999996,0.1170432791,0.11564056445222531,-0.0014027146477746805
22199.999999999996,0.1169061586,0.1154933582819754,-0.0014128003180245985
22279.999999999996,0.1167564318,0.1153461626952079,-0.0014102691047921112
22359.999999999996,0.1165733561,0.11519898264571968,-0.0013743734542803199
22439.999999999996,0.1164473519,0.11505176608848393,-0.0013955858115160674
22519.999999999996,0.1163079962,0.11490454826239838,-0.0014034479376016235
22609.999999999996,0.1161367819,0.11473892519094533,-0.001397856709054665
22689.999999999996,0.1159915105,0.11459170739375009,-0.0013998031062499167
22769.999999999996,0.1157958433,0.11444452629467684,-0.0013513170053231632
22849.999999999996,0.1156802103,0.11429815753476068,-0.001382052765239325
22929.999999999996,0.1155201122,0.11415346119163576,-0.0013666510083642364
23009.999999999996,0.1153474078,0.1140087714848296,-0.001338636315170394
23089.999999999996,0.1152206585,0.11386404423668123,-0.0013566142633187755
23169.999999999996,0.1150939092,0.11371929856962797,-0.0013746106303720307
23249.999999999996,0.1149130538,0.11357460758133786,-0.001338446218662137
23329.999999999996,0.1148100272,0.11342985209107237,-0.0013801751089276282
23409.999999999996,0.1146595702,0.11328511724729243,-0.0013744529527075777
23489.999999999996,0.1145046577,0.11314038189633734,-0.0013642758036626623
23569.999999999996,0.1143341884,0.11299566937516478,-0.0013385190248352136
23649.999999999996,0.1142244861,0.11285403160074108,-0.001370454499258919
23739.999999999996,0.1140725538,0.11270126936323599,-0.0013712844367640142
23819.999999999996,0.1138709262,0.1125655281164579,-0.001305398083542103
23899.999999999996,0.1137760505,0.11242972113513472,-0.001346329364865284
23979.999999999996,0.1136381999,0.11229391828058582,-0.0013442816194141755
24059.999999999996,0.1134669706,0.11215815468327178,-0.001308815916728212
24139.999999999996,0.1133557931,0.11202233671480917,-0.0013334563851908343
24219.999999999996,0.1131942198,0.11188655058407308,-0.0013076692159269127
24299.999999999996,0.1130252257,0.11175077253842917,-0.001274453161570821
24379.999999999996,0.1128947809,0.1116149636965356,-0.0012798172034644006
24459.999999999996,0.1127821133,0.11147860336939867,-0.0013035099306013265
24539.999999999996,0.1126338765,0.11134168486295412,-0.0012921916370458725
24619.999999999996,0.1124522761,0.1112047836625909,-0.0012474924374090979
24699.999999999996,0.1123670265,0.11106784844048809,-0.0012991780595119073
24789.999999999996,0.1122121289,0.11091379148252706,-0.0012983374174729417
24869.999999999996,0.1120586917,0.11077684828198112,-0.0012818434180188881
24949.999999999996,0.111920096,0.11063991532025597,-0.0012801806797440307
25029.999999999996,0.1117822304,0.11050296064132609,-0.001279269758673915
25109.999999999996,0.1116443649,0.11036601583326118,-0.0012783490667388209
25189.999999999996,0.1114961281,0.1102290691474842,-0.00126705895251579
25269.999999999996,0.1113545671,0.11008795671966237,-0.0012666103803376239
25349.999999999996,0.111237444,0.10994401481097618,-0.001293429189023823
25429.999999999996,0.1110795662,0.10980008223385705,-0.0012794839661429414
25509.999999999996,0.1109461561,0.10965615296070602,-0.001290003139293977
25589.999999999996,0.1108216271,0.1095122163983948,-0.0013094107016052015
25669.999999999996,0.110706009,0.10936827995953302,-0.0013377290404669728
25749.999999999996,0.1105496064,0.10922435406818669,-0.001325252331813312
25839.999999999996,0.110395439,0.10906242107827963,-0.0013330179217203725
25919.999999999996,0.1102501675,0.10891846849847323,-0.0013316990015267705
25999.999999999996,0.1101100817,0.10877451173112014,-0.00133556996887986
26079.999999999996,0.1099596247,0.10863200557303007,-0.0013276191269699228
26159.999999999996,0.1098113731,0.10849005507052535,-0.0013213180294746468
26239.999999999996,0.1096816584,0.10834808716626947,-0.0013335712337305405
26319.999999999996,0.1095423177,0.10820610352176156,-0.0013362141782384401
26399.999999999996,0.109368138,0.1080641731669686,-0.0013039648330313985
26479.999999999996,0.1092584357,0.10792218616954495,-0.0013362495304550526
26559.999999999996,0.1090812907,0.10778024522828453,-0.001301045471715473
26639.999999999996,0.1089649275,0.10763824263100123,-0.0013266848689987704
26719.999999999996,0.1087900028,0.107496286973288,-0.0012937158267119914
26799.999999999996,0.1086551026,0.10735431206434506,-0.0013007905356549332
26879.999999999996,0.1085231677,0.1072098020288213,-0.0013133656711787067
26969.999999999996,0.1083497256,0.10704615979891977,-0.0013035658010802365
27049.999999999996,0.1082311347,0.10690066603761009,-0.0013304686623899081
27129.999999999996,0.1080932692,0.1067551791783573,-0.0013380900216426878
27209.999999999996,0.1079116687,0.10660974010483901,-0.0013019285951609977
27289.999999999996,0.1077849194,0.10646424392425487,-0.0013206754757451311
27369.999999999996,0.1076048166,0.10631878749601319,-0.0012860291039868132
27449.999999999996,0.1074995548,0.10617328807883286,-0.0013262667211671325
27529.999999999996,0.1073098108,0.10602783351241572,-0.0012819772875842794
27609.999999999996,0.1072104946,0.10588230720611826,-0.0013281873938817412
27689.999999999996,0.1070600301,0.10573272444694849,-0.0013273056530515026
27769.999999999996,0.1068940014,0.10558242758819843,-0.0013115738118015668
27849.999999999996,0.1067457572,0.10543212571197762,-0.001313631488022382
27929.999999999996,0.1066190079,0.10528178725451416,-0.0013372206454858454
28019.999999999996,0.1064552069,0.10511266866958245,-0.0013425382304175504
28099.999999999996,0.1062765792,0.10496237984932758,-0.0013141993506724237
28179.999999999996,0.1061439067,0.10481205401579372,-0.0013318526842062833
28259.999999999996,0.1060052961,0.10466172706190933,-0.0013435690380906584
28339.999999999996,0.1058481634,0.10451139111042226,-0.0013367722895777367
28419.999999999996,0.1057051122,0.1043610683319668,-0.001344043868033204
28499.999999999996,0.1055568755,0.10424432179159286,-0.0013125537084071326
28579.999999999996,0.1054264158,0.10411524650458433,-0.001311169295415679
28659.999999999996,0.1052611321,0.10396135318770344,-0.0012997789122965592
28739.999999999996,0.1051188186,0.10380744378550356,-0.0013113748144964327
28819.999999999996,0.1049676165,0.10365353568856443,-0.0013140808114355668
28899.999999999996,0.1047964022,0.10349965500766851,-0.001296747192331485
28979.999999999996,0.1046555713,0.1033457688420513,-0.0013098024579487055
29069.999999999996,0.1044895425,0.10317260620196157,-0.001316936298038432
29149.999999999996,0.1043501943,0.103018694335965,-0.0013314999640350045
29229.999999999996,0.1041708291,0.1028648040925547,-0.0013060250074452967
29309.999999999996,0.1040500104,0.10271086246790188,-0.0013391479320981198
29389.999999999996,0.10386841,0.10255645515670911,-0.0013119548432908856
29469.999999999996,0.1037342548,0.10240142026221188,-0.0013328345377881107
29549.999999999996,0.1036060303,0.10224635086969892,-0.001359679430301075
29629.999999999996,0.1034340709,0.10209134450800088,-0.0013427263919991161
29709.999999999996,0.1032791585,0.10193630321068858,-0.001342855289311412
29789.999999999996,0.1031205431,0.10178126744512281,-0.001339275654877195
29869.999999999996,0.1029811949,0.10162621324391784,-0.001354981656082166
29949.999999999996,0.1028151736,0.101471177648031,-0.0013439959519690042
30029.999999999996,0.1026543304,0.10131614251155642,-0.0013381878884435733
30109.999999999996,0.1025046036,0.10116110124927759,-0.0013435023507224059
30199.999999999996,0.1023556218,0.10098784357581352,-0.0013677782241864889
30279.999999999996,0.1022110879,0.1008347758591206,-0.0013763120408794016
30359.999999999996,0.1020472869,0.100681721394271,-0.0013655655057289995
30439.999999999996,0.1018486395,0.10052869629858421,-0.0013199432014157908
30519.999999999996,0.1017411649,0.10037561629765307,-0.0013655486023469304
30599.999999999996,0.1015395597,0.10022258114065122,-0.001316978559348786
30679.999999999996,0.1014306098,0.10006948933913086,-0.0013611204608691418
30759.999999999996,0.1012719944,0.09991643228660858,-0.001355562113391412
30839.999999999996,0.1010985449,0.09976338402386917,-0.0013351608761308364
30919.999999999996,0.1009377092,0.09961032490162598,-0.0013273842983740208
30999.999999999996,0.1007798314,0.09945574326621737,-0.0013240881337826388
31079.999999999996,0.1006249189,0.0993001615820104,-0.0013247573179896027
31159.999999999996,0.1004929915,0.09914454372323042,-0.0013484477767695818
31249.999999999996,0.1002965644,0.09896950456094541,-0.0013270598390545812
31329.999999999996,0.1001461074,0.09881391208682311,-0.0013321953131768954
31409.999999999996,0.1000186205,0.09865829152913383,-0.001360328970866173
31489.999999999996,0.0998577774,0.09850268197195086,-0.0013550954280491384
31569.999999999996,0.0996621028,0.09834711459183107,-0.0013149882081689296
31649.999999999996,0.099504225,0.09819151954477504,-0.0013127054552249662
31729.999999999996,0.0993515402,0.0980359231536986,-0.0013156170463013983
31809.999999999996,0.0992144197,0.09788185682857738,-0.001332562871422624
31889.999999999996,0.0990669206,0.09772838634590732,-0.0013385342540926798
31969.999999999996,0.0989120007,0.09757492075078299,-0.0013370799492170155
32049.999999999996,0.0987504199,0.09742145883234882,-0.0013289610676511798
32129.999999999996,0.0985725373,0.09726801361904303,-0.0013045236809569732
32209.999999999996,0.0984146595,0.09711454801340028,-0.0013001114865997254
32299.999999999996,0.0982538238,0.09694189197356985,-0.0013119318264301488
32379.999999999996,0.0981122479,0.09678841512043267,-0.0013238327795673382
32459.999999999996,0.0979439989,0.09663495093961721,-0.001309047960382781
32539.999999999996,0.0978098437,0.09648145119490951,-0.001328392505090481
32619.999999999996,0.0976415873,0.09632924089053418,-0.0013123464094658144
32699.999999999996,0.0975015014,0.09617722661117704,-0.0013242747888229517
32780.0,0.0973050818,0.09602526000549651,-0.0012798217945034912
32860.0,0.0971642509,0.09587326293505366,-0.0012909879649463385
32940.0,0.0970100835,0.09572127092902695,-0.001288812570973047
33020.0,0.0968522131,0.09556925939067315,-0.0012829537093268506
33100.0,0.0967113823,0.0954172434838669,-0.001294138816133092
33180.0,0.0965653658,0.09526523539782679,-0.001300130402173208
33260.0,0.0964304656,0.09511321790361424,-0.0013172476963857621
33340.0,0.0962792635,0.09496119573140704,-0.0013180677685929593
33430.0,0.0960947052,0.09479025390420844,-0.00130445129579157
33510.0,0.0959257111,0.09463833445476033,-0.001287376645239674
33590.0,0.09576042,0.09448641207825849,-0.0012740079217415101
33670.0,0.0956440493,0.09433444780003947,-0.0013096014999605388
33750.0,0.0954609737,0.09418251388373856,-0.001278459816261443
33830.0,0.0953186676,0.09403057379494921,-0.001288093805050794
33910.0,0.0951600522,0.09387863356067144,-0.0012814186393285548
33990.0,0.095016256,0.09372668881462233,-0.001289567185377663
34070.0,0.0948739424,0.09357471752723609,-0.0012992248727639044
34150.0,0.0947249681,0.09342276483705571,-0.0013022032629442931
34230.0,0.0945885852,0.0932743305762821,-0.0013142546237179115
34310.0,0.0944195911,0.09312599883163811,-0.0012935922683618983
34390.0,0.0942698643,0.09297767643369836,-0.0012921878663016417
34480.0,0.0940756723,0.09281082176461974,-0.001264850535380252
34560.0,0.0939563438,0.09266247707427346,-0.001293866725726539
34640.0,0.0937658548,0.09251417708840222,-0.0012516777115977873
34720.0,0.093625024,0.09236585215183987,-0.0012591718481601288
34800.0,0.093505688,0.09221749817948724,-0.001288189820512764
34880.0,0.0933552235,0.0920691696237989,-0.001286053876201107
34960.0,0.0932084695,0.09192055305596228,-0.0012879164440377233
35040.0,0.0930313244,0.09176946965553007,-0.0012618547444699368
35120.0,0.0928904936,0.0916183623059227,-0.0012721312940773
35200.0,0.092765227,0.09146725248274022,-0.001297974517259784
35280.0,0.0926140249,0.09131615780707304,-0.001297867092926952
35360.0,0.0924694911,0.09116504750108372,-0.00130444359891628
35440.0,0.092310138,0.09101394129546012,-0.0012961967045398842
35530.0,0.092128545,0.09084395695982264,-0.0012845880401773646
35610.0,0.092007719,0.0907016618313698,-0.0013060571686302064
35690.0,0.0918468833,0.09056532765427898,-0.001281555645721022
35770.0,0.0917275473,0.09042896764114167,-0.001298579658858337
35850.0,0.0915570781,0.090292640256888,-0.0012644378431119901
35930.0,0.0914303288,0.09015628979098568,-0.0012740390090143217
36010.0,0.0912843198,0.0900199378704084,-0.0012643819295915931
36090.0,0.0911338478,0.08988359530935644,-0.0012502524906435608
36170.0,0.090993017,0.0897472472091601,-0.0012457697908399012
36250.0,0.0908336639,0.08961091620652996,-0.0012227476934700415
36330.0,0.0907172933,0.0894745335135706,-0.0012427597864294038
36410.0,0.090542376,0.0893373246298357,-0.0012050513701643006
36490.0,0.0904245228,0.08919948010030362,-0.0012250426996963798
36570.0,0.0902873948,0.0890616351533306,-0.0012257596466694054
36660.0,0.0901235938,0.08890656534957991,-0.0012170284504200851
36740.0,0.0899827629,0.08876872773793439,-0.0012140351620656131
36820.0,0.0898604691,0.08863086917543732,-0.0012295999245626882
36900.0,0.089722611,0.08849303100853793,-0.0012295799914620598
36980.0,0.0895788074,0.08835520376648341,-0.00122360363351659
37060.0,0.0894409493,0.08821736575173478,-0.0012235835482652252
37140.0,0.0893305093,0.0880794962446928,-0.0012510130553071985
37220.0,0.0891904235,0.08795005165942252,-0.0012403718405774866
37300.0,0.0890436694,0.08782383653202527,-0.001219832867974724
37380.0,0.088867262,0.08769764766532881,-0.001169614334671193
37460.0,0.0887538493,0.08757141784162335,-0.0011824314583766538
37540.0,0.0886463821,0.08744518670047169,-0.0012011953995283153
37620.0,0.0885181502,0.08731896310095769,-0.0011991870990423203
37710.0,0.0883632451,0.08717696760511005,-0.001186277494889948
37790.0,0.0882550329,0.0870507381274182,-0.0012042947725817987
37870.0,0.0880764052,0.08692455438791412,-0.0011518508120858806
37950.0,0.0879555792,0.08679832856706887,-0.0011572506329311227
38030.0,0.0878473669,0.08666650484550754,-0.001180862054492457
38110.0,0.0877057984,0.0865337117752879,-0.0011720866247121042
38190.0,0.0875909105,0.08640089793763274,-0.0011900125623672542
38270.0,0.0874397084,0.08626810884656333,-0.0011715995534366669
38350.0,0.0873144493,0.08613530648982738,-0.0011791428101726176
38430.0,0.0871914104,0.08600249850990939,-0.0011889118900906132
38510.0,0.087080963,0.08586968207985589,-0.0012112809201441088
38590.0,0.0869290233,0.08575082431726408,-0.0011781989827359257
38670.0,0.0868148804,0.08563443288136946,-0.0011804475186305424
38760.0,0.0866925791,0.08550348729860034,-0.0011890918013996582
38840.0,0.0865361914,0.08538713674722291,-0.0011490546527770928
38920.0,0.086435385,0.0852707422784053,-0.001164642721594708
39000.0,0.0863019601,0.08515435739218724,-0.0011476027078127643
39080.0,0.0862041265,0.08503797479362397,-0.0011661517063760313
39160.0,0.0860655233,0.08492160453842117,-0.0011439187615788354
39240.0,0.0859580487,0.0848052148846026,-0.0011528338153973944
39320.0,0.0858068466,0.08468885164487366,-0.0011179949551263363
39400.0,0.0857149363,0.08457187632266785,-0.0011430599773321476
39480.0,0.0855600312,0.0844549210151567,-0.0011051101848432998
39560.0,0.0854555145,0.0843379271993837,-0.001117587300616299
39640.0,0.0853561908,0.0842209219413027,-0.0011352688586972887
39720.0,0.0852020234,0.08410396508379177,-0.0010980583162082252
39800.0,0.0850952938,0.08398698243242061,-0.0011083113675793843
39890.0,0.0849900469,0.08385535971194451,-0.001134687188055497
39970.0,0.0848314315,0.08373838571446265,-0.0010930457855373443
40050.0,0.0847417414,0.08362137675623586,-0.001120364643764138
40130.0,0.0846268535,0.08350551887327647,-0.0011213346267235358
40210.0,0.0845090002,0.08340010044882043,-0.0011088997511795734
40290.0,0.0844052359,0.08329465181738466,-0.001110584082615343
40370.0,0.0842836797,0.08318922318950185,-0.0010944565104981513
40450.0,0.0841680542,0.08308379968004785,-0.0010842545199521436
40530.0,0.0840301886,0.08297839509440735,-0.0010517935055926464
40610.0,0.0839330927,0.08287295935214294,-0.0010601333478570674
40690.0,0.0838493407,0.08276750540338819,-0.0010818352966118078
40770.0,0.0837433413,0.08266206236794504,-0.001081278932054952
40850.0,0.0836017728,0.08255664004623207,-0.0010451327537679272
40940.0,0.0834928155,0.08243589944464276,-0.0010569160553572376
41020.0,0.0833764523,0.08232095920682073,-0.0010554930931792744
41100.0,0.0832786113,0.08220600367895775,-0.0010726076210422486
41180.0,0.0831437185,0.08209108020232772,-0.0010526382976722842
41260.0,0.0830740482,0.08198732601608699,-0.0010867221839130081
41340.0,0.0829584152,0.08188788635347267,-0.0010705288465273216
41420.0,0.0828383416,0.08178845346235301,-0.0010498881376469898
41500.0,0.0827434659,0.08168900512696085,-0.0010544607730391398
41580.0,0.0826182067,0.08158958407920451,-0.0010286226207954913
41660.0,0.0825351924,0.08149012616963797,-0.0010450662303620323
41740.0,0.0824499503,0.0813906734736875,-0.0010592768263125024
41820.0,0.0823202431,0.08129125471983098,-0.0010289883801690158
41900.0,0.0822275952,0.08119180312243723,-0.0010357920775627694
41990.0,0.0821334645,0.0810799161562683,-0.0010535483437316973
42070.0,0.0819970742,0.08098564913579817,-0.0010114250642018346
42150.0,0.0819148049,0.08089226276335973,-0.0010225421366402698
42230.0,0.0818169639,0.0807989005650055,-0.001018063334994504
42310.0,0.0817346945,0.08070550961225544,-0.0010291848877445609
42390.0,0.0816494599,0.08061213504114127,-0.0010373248588587264
42470.0,0.0815538391,0.08051874927701451,-0.0010350898229854882
42550.0,0.0814359933,0.08042538277682683,-0.0010106105231731666
42630.0,0.0813255534,0.08033202054225706,-0.0009935328577429375
42710.0,0.0812358707,0.08023862926915766,-0.0009972414308423438
42790.0,0.0811209753,0.08014527617234443,-0.0009756991276555632
42870.0,0.08105205,0.08005611341994565,-0.0009959365800543546
42950.0,0.0809319764,0.07996772171125092,-0.0009642546887490694
43030.0,0.0808719397,0.07987932481256697,-0.0009926148874330326
43120.0,0.0807014629,0.07977989784945048,-0.0009215650505495221
43200.0,0.0807059109,0.07969148561272676,-0.0010144252872732323
43280.0,0.0805925056,0.07960308739095551,-0.0009894182090444958
43360.0,0.0804694667,0.07951470324692023,-0.0009547634530797794
43440.0,0.0804168433,0.07942628554132616,-0.0009905577586738351
43520.0,0.0803175271,0.07933788321142848,-0.0009796438885715103
43600.0,0.0802211612,0.07925536827937747,-0.0009657929206225296
43680.0,0.0801574215,0.07917679706329649,-0.00098062443670352
43760.0,0.0800514296,0.0790982341087404,-0.0009531954912596063
43840.0,0.0799773112,0.07901966432256062,-0.0009576468774393776
43920.0,0.0798876286,0.07894110664700531,-0.0009465219529946889
44000.0,0.0797645897,0.078862559168988,-0.0009020305310119964
44080.0,0.0796986222,0.07878398698628719,-0.0009146352137128083
44170.0,0.0796133876,0.0786955994668707,-0.000917788133129302
44250.0,0.0795511231,0.07861701548294432,-0.0009341076170556739
44330.0,0.0794651434,0.07853845110283372,-0.0009266922971662706
44410.0,0.0793843493,0.07846845488298536,-0.0009158944170146455
44490.0,0.0793020725,0.0784017413853578,-0.0009003311146422027
44570.0,0.0792183205,0.07833502560746475,-0.0008832948925352468
44650.0,0.0791404918,0.07826831761066984,-0.000872174189330166
44730.0,0.0790708214,0.07820159275327951,-0.0008692286467204963
44810.0,0.0789737254,0.07813488491952081,-0.0008388404804791916
44890.0,0.0789092407,0.07806815554308222,-0.0008410851569177757
44970.0,0.0788247436,0.07800145279728948,-0.0008232908027105135
45050.0,0.0787491426,0.07793473505846818,-0.0008144075415318225
45130.0,0.0787328407,0.07786800897526154,-0.0008648317247384602
45220.0,0.078646861,0.07779226054083647,-0.0008546004591635237
45300.0,0.0785794109,0.07772472598792896,-0.0008546849120710381
45380.0,0.0785149261,0.07765718150934778,-0.0008577445906522152
45460.0,0.078446731,0.07758964297224666,-0.0008570880277533471
45540.0,0.0783474147,0.0775221177828788,-0.0008252969171212016
45620.0,0.078287378,0.0774545713699728,-0.0008328066300272025
45700.0,0.0782169625,0.07738703856049534,-0.0008299239395046648
45780.0,0.0781517327,0.07731949395750988,-0.000832238742490124
45860.0,0.0780657604,0.0772519480970513,-0.0008138123029487049
45940.0,0.0779975653,0.07718440967280132,-0.0008131556271986778
46020.0,0.0779471695,0.07707441280721745,-0.000872756692782542
46100.0,0.0778611898,0.07701600087620848,-0.0008451889237915122
46180.0,0.0778115317,0.07695756533843875,-0.0008539663615612508
46260.0,0.0777500123,0.07689913444839593,-0.0008508778516040788
46350.0,0.0776536539,0.07683342118356815,-0.0008202327164318485
46430.0,0.0776047334,0.07677497461688625,-0.0008297587831137543
46510.0,0.0775365382,0.07671655042613235,-0.0008199877738676586
46590.0,0.0774853975,0.07665811406077577,-0.0008272834392242245
46670.0,0.077410534,0.07659968822129534,-0.0008108457787046608
46750.0,0.0773608759,0.07654125203298878,-0.0008196238670112183
46830.0,0.0772986189,0.07648384747625309,-0.0008147714237469184
46910.0,0.077233389,0.07643000649927102,-0.0008033825007289774
46990.0,0.0771992952,0.07637615572096339,-0.0008231394790366164
47070.0,0.0771185085,0.07632232342753165,-0.0007961850724683556
47150.0,0.0770658776,0.07626846930756005,-0.0007974082924399467
47230.0,0.0769873112,0.0762146423737351,-0.0007726688262649078
47310.0,0.0769465491,0.07616079235981105,-0.0007857567401889504
47400.0,0.0768620521,0.07610021951412281,-0.000761832585877184
47480.0,0.0768242553,0.07604636179706638,-0.000777893502933627
47560.0,0.0767553225,0.07599252884039254,-0.0007627936596074636
47640.0,0.0767012164,0.07593939947157631,-0.0007618169284236836
47720.0,0.076653026,0.07588762220758997,-0.0007654037924100243
47800.0,0.0766026303,0.07583584198711406,-0.0007667883128859437
47880.0,0.0765122026,0.07578409087870212,-0.0007281117212978722
47960.0,0.0764706954,0.07573232058353752,-0.0007383748164624809
48040.0,0.0764558688,0.07568052721208,-0.0007753415879199893
48120.0,0.0763735995,0.07562877202455547,-0.0007448274754445344
48200.0,0.076315783,0.07557699661249048,-0.0007387863875095158
48280.0,0.0762794688,0.07552521455505021,-0.0007542542449497924
48360.0,0.076240927,0.07547342472159545,-0.0007675022784045527
48450.0,0.0761556849,0.0754164538036661,-0.000739231096333906
48530.0,0.076139383,0.07536731987248389,-0.0007720631275161122
48610.0,0.0760711953,0.07531822246801187,-0.0007529728319881357
48690.0,0.0760356113,0.07526909319600064,-0.0007665181039993585
48770.0,0.0759644583,0.07521999633647866,-0.000744461963521334
48850.0,0.0759148002,0.07517088137593307,-0.000743918824066922
48930.0,0.0758658797,0.07512176424130214,-0.000744115458697861
49010.0,0.0758206695,0.07507264310837408,-0.000748026391625925
49090.0,0.0757569149,0.0750235341681328,-0.0007333807318671975
49170.0,0.0757087395,0.07497441821471476,-0.000734321285285236
49250.0,0.075642772,0.07492734197520683,-0.0007154300247931705
49330.0,0.075584963,0.07488253131679463,-0.0007024316832053706
49410.0,0.075550124,0.07483770310582688,-0.0007124208941731158
49490.0,0.0755086169,0.07479288670185413,-0.0007157301981458725
49580.0,0.075474523,0.0747424517839145,-0.0007320712160854975
49660.0,0.0754070729,0.07469763145343898,-0.0007094414465610155
49740.0,0.0753403679,0.07465281970943177,-0.000687548190568224
49820.0,0.0752988607,0.07460799568664121,-0.0006908650133587851
49900.0,0.0752454922,0.07456317537137488,-0.0006823168286251152
49980.0,0.0752380863,0.07451832777482871,-0.0007197585251712962
50060.0,0.0751521066,0.07447071661429648,-0.0006813899857035233
50140.0,0.0751439482,0.07442117977145654,-0.0007227684285434632
50220.0,0.0750950351,0.07437165390550692,-0.0007233811944930835
50300.0,0.0750646442,0.07432212922049393,-0.0007425149795060731
50380.0,0.0749897808,0.07427262193152732,-0.0007171588684726782
50460.0,0.0749601349,0.07422309130035777,-0.0007370435996422314
50540.0,0.0749282613,0.07417356827111425,-0.0007546930288857417
50630.0,0.0748852789,0.07412188519507285,-0.0007633937049271594
50710.0,0.0748059601,0.07408092690219963,-0.0007250331978003732
50790.0,0.0747822449,0.07403993588109692,-0.000742309018903084
50870.0,0.07473851,0.0739989607133435,-0.0007395492866564962
50950.0,0.0746881068,0.07395798221335675,-0.0007301245866432465
51030.0,0.074654758,0.07391699635787427,-0.000737761642125731
51110.0,0.0745969415,0.07387603542312714,-0.0007209060768728626
51190.0,0.0745969415,0.07383503625001919,-0.0007619052499808071
51270.0,0.0745472834,0.07379404929476684,-0.0007532341052331609
51350.0,0.074469462,0.07375309387730518,-0.0007163681226948215
51430.0,0.0744405538,0.073714273458187,-0.0007262803418130043
51510.0,0.0744190589,0.07367787265919176,-0.0007411862408082392
51590.0,0.0743486434,0.07364150631939989,-0.0007071370806001065
51680.0,0.0743212178,0.07360055715279985,-0.0007206606472001525
51760.0,0.0742819384,0.0735641632089068,-0.0007177751910932006
51840.0,0.0742070749,0.07352779726170401,-0.0006792776382959914
51920.0,0.0741848424,0.07349140077430424,-0.0006934416256957621
52000.0,0.0741366595,0.0734550077613212,-0.0006816517386787901
52080.0,0.0741210952,0.07341859955556505,-0.0007024956444349473
52160.0,0.0740781054,0.07338220524275112,-0.0006959001572488799
52240.0,0.0739913881,0.07334100430733427,-0.0006503837926657291
52320.0,0.0740032494,0.07329650728622145,-0.0007067421137785523
52400.0,0.0739498809,0.07325203554893754,-0.0006978453510624594
52480.0,0.0738994777,0.07320757055724163,-0.0006919071427583662
52560.0,0.0738475919,0.0731630986376471,-0.0006844932623528976
52640.0,0.0738053396,0.07311863264229473,-0.0006867069577052715
52720.0,0.0737890378,0.07307414583507083,-0.0007148919649291735
52810.0,0.0736963898,0.07302412292341089,-0.0006722668765891116
52890.0,0.0736919418,0.07297963492331136,-0.0007123068766886342
52970.0,0.073644504,0.07293516747660658,-0.0007093365233934168
53050.0,0.0736029968,0.07289942189229714,-0.0007035749077028558
53130.0,0.0735436976,0.07286704305739117,-0.0006766545426088316
53210.0,0.0735414773,0.07283462796137423,-0.0007068493386257757
53290.0,0.0735110864,0.07280222156953767,-0.0007088648304623274
53370.0,0.0734421536,0.07276984108833558,-0.0006723125116644274
53450.0,0.0733880475,0.0727374567323126,-0.0006505907676873923
53530.0,0.0733873099,0.07270503072455059,-0.0006822791754494129
53610.0,0.073356919,0.07267262883033379,-0.0006842901696662157
53690.0,0.0732590854,0.07264026060816207,-0.0006188247918379325
53770.0,0.07327687,0.07260783529197298,-0.0006690347080270109
53860.0,0.0732264668,0.07257120802452724,-0.0006552587754727612
53940.0,0.0731916353,0.07253857899743042,-0.0006530563025695796
54020.0,0.0731582791,0.07250596991912665,-0.0006523091808733478
54100.0,0.0731182545,0.07247333841634503,-0.0006449160836549672
54180.0,0.0730937943,0.0724407007569733,-0.0006530935430267004
54260.0,0.0730545148,0.07240806618567466,-0.0006464486143253345
54340.0,0.073011525,0.07237544979098456,-0.0006360752090154298
54420.0,0.0729677901,0.07234282096392622,-0.0006249691360737802
54500.0,0.0729537085,0.07231017059303368,-0.0006435379069663211
54580.0,0.0729329586,0.07227754088601682,-0.0006554177139831835
54660.0,0.072886996,0.07224422095678124,-0.0006427750432187601
54740.0,0.0728188083,0.07221079540323945,-0.0006080128967605458
54820.0,0.0728388205,0.0721773338398487,-0.0006614866601512975
54910.0,0.0727869347,0.07213969884985082,-0.0006472358501491832
54990.0,0.0727194846,0.07210627974020681,-0.0006132048597931872
55070.0,0.0727217123,0.07207280837994524,-0.0006489039200547608
55150.0,0.0726535171,0.07203937750494784,-0.00061413959505216
55230.0,0.0726157203,0.07200593177642947,-0.0006097885235705341
55310.0,0.0726001561,0.07197247869815038,-0.0006276774018496162
55390.0,0.0725860745,0.07193902285619541,-0.0006470516438045887
55470.0,0.0725208446,0.07191236551791949,-0.0006084790820805042
55550.0,0.0724993497,0.0718858824828733,-0.000613467217126698
55630.0,0.0724630356,0.07185939967333743,-0.0006036359266625713
55710.0,0.0724667385,0.07183290761808854,-0.0006338308819114624
55790.0,0.0724148527,0.07180642887270645,-0.0006084238272935499
55870.0,0.0723941028,0.07177994193166294,-0.0006141608683370575
55960.0,0.0723570436,0.07175014829567837,-0.0006068953043216335
56040.0,0.0723444447,0.07172365272427084,-0.0006207919757291597
56120.0,0.0722947791,0.07169717522438393,-0.0005976038756160679
56200.0,0.0722488314,0.07166599098871816,-0.000582840411281843
56280.0,0.0722480863,0.0716027321761529,-0.0006453541238471
56360.0,0.0722236261,0.07157838799752708,-0.0006452381024729115
56440.0,0.0721821189,0.07155405671466908,-0.000628062185330916
56520.0,0.0721665546,0.07152971021025041,-0.0006368443897495912
56600.0,0.0721502528,0.07150535491798159,-0.0006448978820184081
56680.0,0.0720887333,0.07148103702031215,-0.0006076962796878471
56760.0,0.0720790923,0.07145668631967089,-0.0006224059803291021
56840.0,0.0720790923,0.07143232967008205,-0.0006467626299179463
56920.0,0.0720464811,0.07140798959510535,-0.0006384915048946588
57000.0,0.0719960853,0.07138365489006711,-0.0006124304099328903
57090.0,0.0719716251,0.07135690881500309,-0.0006147162849969162
57170.0,0.0719464123,0.07133441924547736,-0.0006119930545226415
57250.0,0.0719345585,0.07131192573457197,-0.0006226327654280245
57330.0,0.0719004571,0.07128943873058553,-0.0006110183694144622
57410.0,0.0718693286,0.07126695177750576,-0.0006023768224942411
57490.0,0.071868591,0.07124444041427415,-0.0006241505857258467
57570.0,0.0718448684,0.07122194462006266,-0.0006229237799373344
57650.0,0.0718137398,0.0711994572369436,-0.0006142825630564008
57730.0,0.0718018785,0.07117695692606893,-0.0006249215739310698
57810.0,0.0717329532,0.07115448567332996,-0.0005784675266700401
57890.0,0.0717433244,0.07113230208924354,-0.000611022310756465
57970.0,0.0716995969,0.07111078205842868,-0.0005888148415713196
58050.0,0.0717070103,0.0710892345558242,-0.0006177757441758053
58140.0,0.0716365948,0.07106503292709938,-0.0005715618729006111
58220.0,0.0716165826,0.07104349992266275,-0.0005730826773372583
58300.0,0.0716343746,0.07102193686471997,-0.0006124377352800248
58380.0,0.0715795234,0.07100041617334137,-0.0005791072266586317
58460.0,0.0715802684,0.07097886486035698,-0.0006014035396430112
58540.0,0.0715513602,0.07095733052227872,-0.0005940296777212778
58620.0,0.0715083703,0.07093580611211713,-0.0005725641878828736
58700.0,0.07150466,0.07091358944260125,-0.0005910705573987513
58780.0,0.0714557469,0.07089066037331364,-0.0005650865266863675
58860.0,0.071434252,0.07086771362624336,-0.0005665383737566421
58940.0,0.0714112744,0.07084475729511212,-0.0005665171048878787
59020.0,0.0713645741,0.07082182119820002,-0.0005427529017999755
59100.0,0.0713682845,0.0707988812676773,-0.0005694032323226988
59190.0,0.0713645741,0.07077305335287037,-0.0005915207471296202
59270.0,0.0713215917,0.0707501124833837,-0.000571479216616308
59350.0,0.0713475272,0.07072714081037598,-0.0006203863896240142
59430.0,0.0713260323,0.07070418665121393,-0.0006218456487860624
59510.0,0.0713015795,0.07068198987673922,-0.00061958962326078
59590.0,0.0712622926,0.07066030873486662,-0.000601983865133382
59670.0,0.0712533966,0.0706386138230849,-0.0006147827769151099
59750.0,0.0712333843,0.07061691902439327,-0.0006164652756067285
59830.0,0.0712126344,0.0705952211743917,-0.000617413225608307
59910.0,0.0711481497,0.07057354890569893,-0.0005746007943010639
59990.0,0.0711399987,0.07055184720921756,-0.0005881514907824376
60070.0,0.0711273924,0.070530155538676,-0.0005972368613239992
60150.0,0.0710977465,0.07050845775118278,-0.0005892887488172238
60230.0,0.0710955262,0.07048675308143945,-0.0006087731185605433
60320.0,0.0710391924,0.07046439328238373,-0.0005747991176162787
60400.0,0.0710243732,0.07044551482033977,-0.0005788583796602353
60480.0,0.0709843487,0.07042664282756148,-0.0005577058724385298
60560.0,0.0709672943,0.07040775790286341,-0.0005595363971365869
60640.0,0.0709480196,0.07038887535923043,-0.0005591442407695685
60720.0,0.07092949,0.07036999580321666,-0.0005594941967833333
60800.0,0.070911698,0.07035111833470906,-0.0005605796652909389
60880.0,0.0708872452,0.07033223596699771,-0.0005550092330022932
60960.0,0.0708701909,0.0703133517659078,-0.0005568391340921991
61040.0,0.070867233,0.07029446099330679,-0.0005727720066932146
61120.0,0.0708309114,0.07027247629961413,-0.0005584351003858762
61200.0,0.0708071962,0.07024929065938611,-0.0005579055406138983
61280.0,0.0708071962,0.0702261028058553,-0.0005810933941447077
61370.0,0.0707723573,0.07020003305056004,-0.0005723242494399677
61450.0,0.070752345,0.07017684403457071,-0.0005755009654292847
61530.0,0.0707404837,0.07015366688919857,-0.0005868168108014299
61610.0,0.0707264021,0.0701304732972953,-0.0005959288027047038
61690.0,0.0706960112,0.07010728888532855,-0.0005887223146714554
61770.0,0.0706730336,0.07008409717850468,-0.000588936421495323
61850.0,0.0706478357,0.07006090803476114,-0.0005869276652388511
61930.0,0.0705863163,0.07004025368126857,-0.0005460626187314271
62010.0,0.0705544427,0.0700200358909146,-0.0005344068090853971
62090.0,0.0705633387,0.06999980327249318,-0.0005635354275068255
62170.0,0.0705166459,0.06997958921643782,-0.0005370566835621732
62250.0,0.0705299899,0.06995934729630317,-0.0005706426036968387
62330.0,0.0704936683,0.06993913028018067,-0.0005545380198193339
62420.0,0.0704855174,0.06991636688997425,-0.0005691505100257482
62500.0,0.0704477131,0.06989615860868272,-0.0005515544913172882
62580.0,0.0704299286,0.06987592569250158,-0.0005540029074984215
62660.0,0.0704010203,0.0698557113378698,-0.0005453089621302032
62740.0,0.0704106539,0.0698341694444985,-0.0005764844555014997
62820.0,0.0703328326,0.06981262764503678,-0.0005202049549632298
62900.0,0.0703632161,0.06979104845485962,-0.000572167645140384
62980.0,0.0703202263,0.06976949987374254,-0.0005507264262574613
63060.0,0.0703157857,0.06974794197215822,-0.0005678437278417714
63140.0,0.0702868775,0.06972638127222835,-0.0005604962277716424
63220.00099999999,0.070304662,0.06970479476486059,-0.0005998672351394119
63300.00099999999,0.0702490732,0.06968325336484797,-0.000565819835152026
63380.00099999999,0.070224613,0.06966168591716203,-0.0005629270828379773
63460.00099999999,0.0702320263,0.06964011107530506,-0.0005919152246949416
63550.00099999999,0.0702290609,0.06961730255611381,-0.0006117583438861873
63630.00099999999,0.0701779202,0.06959708361914416,-0.0005808365808558369
63710.00099999999,0.0701430812,0.0695768647680104,-0.0005662164319896051
63790.00099999999,0.0701475292,0.06955661207209055,-0.0005909171279094572
63870.00099999999,0.0701075047,0.06953638855590885,-0.0005711161440911522
63950.00099999999,0.0700837895,0.06951615304586471,-0.0005676364541352813
64030.00099999999,0.0700667426,0.06949592027509453,-0.0005708223249054623
64110.00099999999,0.0700422823,0.069475687223447,-0.0005665950765529892
64190.00099999999,0.070021525,0.0694554479142898,-0.000566077085710201
64270.00099999999,0.0699992925,0.06943504361342268,-0.0005642488865773287
64350.00099999999,0.0699792728,0.06941303193408097,-0.0005662408659190404
64430.00099999999,0.0699533299,0.06939101623034293,-0.0005623136696570746
64510.00099999999,0.0699310973,0.06936899980138188,-0.0005620974986181165
64600.00099999999,0.0699081197,0.0693442260937097,-0.0005638936062902916
64680.00099999999,0.0698918104,0.06932221632046288,-0.0005695940795371196
64760.00099999999,0.0698717982,0.06930019742120296,-0.0005716007787970462
64840.00099999999,0.069834739,0.06927818955647574,-0.0005565494435242624
64920.00099999999,0.0698325187,0.06925616672180467,-0.000576351978195333
65000.00099999999,0.0698021278,0.0692341556370682,-0.0005679721629318069
65080.00099999999,0.0697776675,0.06921187525144816,-0.0005657922485518413
65160.00099999999,0.0697650686,0.06918866837619879,-0.0005764002238012045
65240.00099999999,0.0697450563,0.0691654618361339,-0.000579594463866101
65320.00099999999,0.0697183758,0.06914226070418338,-0.0005761150958166206
65400.00099999999,0.0696961358,0.06911905843512353,-0.0005770773648764715
65480.00099999999,0.0696783513,0.06909585352879297,-0.0005824977712070301
65560.00099999999,0.0696524084,0.0690726457275801,-0.000579762672419909
65650.00099999999,0.0696205348,0.06904654125394055,-0.0005739935460594425
65730.00099999999,0.0696020052,0.06902333381017366,-0.0005786713898263407
65810.00099999999,0.069582738,0.06900012696845385,-0.0005826110315461513
65890.00099999999,0.069582738,0.06897802015706879,-0.0006047178429312156
65970.00099999999,0.0695212185,0.06895801595514575,-0.0005632025448542438
66050.00099999999,0.0695049092,0.0689379931948225,-0.0005669160051775118
66130.00099999999,0.0695063919,0.06891795642756167,-0.0005884354724383367
66210.00099999999,0.0694515407,0.06889794963940273,-0.0005535910605972694
66290.00099999999,0.0694508031,0.06887792432659161,-0.0005728787734083918
66370.00099999999,0.0694396868,0.06885789203554818,-0.0005817947644518179
66450.00099999999,0.0694241226,0.0688378620352306,-0.000586260564769403
66530.00099999999,0.0693566725,0.06881785844301562,-0.0005388140569843741
66610.00099999999,0.0693470314,0.06879783542876025,-0.0005491959712397437
66690.00099999999,0.0693448111,0.068775430132071,-0.0005693809679289952
66780.00099999999,0.0693270192,0.06874521862274631,-0.0005818005772536966
66860.00099999999,0.0692840368,0.06871839012659105,-0.0005656466734089566
66940.00099999999,0.0692432672,0.06869154430461664,-0.0005517228953833553
67020.00099999999,0.0692491978,0.06866469245657407,-0.0005845053434259256
67100.00099999999,0.0692284405,0.06863783932541699,-0.0005906011745830109
67180.00099999999,0.0691936091,0.06861100455988799,-0.0005826045401120111
67260.00099999999,0.0691891611,0.06858415178858596,-0.000605009311414037
67340.00099999999,0.0691684112,0.06855729378338936,-0.0006111174166106431
67420.00099999999,0.0691387579,0.0685304548782495,-0.0006083030217504948
67500.00099999999,0.0690727904,0.06850794108875145,-0.000564849311248547
67580.00099999999,0.0690742731,0.06849019838612287,-0.000584074713877128
67660.00099999999,0.0690579712,0.06847246656539305,-0.0005855046346069509
67740.00099999999,0.0690283254,0.06845472986940668,-0.0005735955305933294
67830.00099999999,0.0690105334,0.06843478163506428,-0.0005757517649357252
67910.00099999999,0.0689705014,0.06841705561337169,-0.0005534457866283038
67990.00099999999,0.0689430758,0.06839353941989153,-0.0005495363801084757
68070.00099999999,0.068895638,0.06836357861206235,-0.0005320593879376417
68150.00099999999,0.0688986033,0.06833360753995082,-0.0005649957600491751
68230.00099999999,0.0688674748,0.06830365443247466,-0.0005638203675253362
68310.00099999999,0.0688533932,0.06827367570355504,-0.000579717496444962
68390.00099999999,0.0688289329,0.06824371494113843,-0.0005852179588615725
68470.00099999999,0.0687740818,0.06821375988893882,-0.0005603219110611735
68550.00099999999,0.0687726066,0.06818378606536779,-0.0005888205346322034
68630.00099999999,0.068745181,0.0681538285593128,-0.0005913524406871984
68710.00099999999,0.0687348023,0.068123848807562,-0.0006109534924379906
68790.00099999999,0.0687044114,0.06809556312364896,-0.0006088482763510344
68880.00099999999,0.0686658695,0.06806586029870197,-0.0006000092012980324
68960.00099999999,0.0686406717,0.06803945335984908,-0.0006012183401509219
69040.00099999999,0.0686154664,0.06801304127820247,-0.000602425121797534
69120.00099999999,0.0686080605,0.06798661271298223,-0.0006214477870177676
69200.00099999999,0.06855914,0.06796021786867901,-0.0005989221313209975
69280.00099999999,0.0685539544,0.06793379407483853,-0.0006201603251614757
69360.00099999999,0.0685109645,0.06790738716767457,-0.0006035773323254251
69440.00099999999,0.0684820563,0.0678809797837957,-0.0006010765162042936
69520.00099999999,0.0684435144,0.06785457608863858,-0.0005889383113614199
69600.00099999999,0.0684294328,0.06782584692850033,-0.0006035858714996678
69680.00099999999,0.0683812499,0.06779559368255476,-0.0005856562174452323
69760.00099999999,0.068359755,0.0677653240029266,-0.0005944309970733891
69840.00099999999,0.068351604,0.06773503821718733,-0.0006165657828126614
69920.00099999999,0.0683182478,0.06770477412133215,-0.0006134736786678474
70010.00099999999,0.0682967603,0.06767071397368994,-0.0006260463263100535
70090.00099999999,0.0682359785,0.06764046553215747,-0.0005955129678425347
70170.00099999999,0.0682307929,0.06761018321642254,-0.0006206096835774666
70250.00099999999,0.0681929886,0.06757991247725108,-0.0006130761227489262
70330.00099999999,0.0681796446,0.06754963562094565,-0.0006300089790543528
70410.00099999999,0.0681507438,0.06752064520811969,-0.0006300985918803043
70490.00099999999,0.0680907071,0.06749216939274598,-0.0005985377072540154
70570.00099999999,0.0680877417,0.06746366540130051,-0.000624076298699483
70650.00099999999,0.0680351183,0.06743519049201056,-0.0005999278079894393
70730.00099999999,0.0680291876,0.0674066827559415,-0.0006225048440584996
70810.00099999999,0.0679713637,0.06737820233259077,-0.0005931613674092229
70890.00099999999,0.0679498687,0.06734969950772203,-0.0006001691922779689
70970.00099999999,0.0679180026,0.06732120309578374,-0.000596799504216261
71060.00099999999,0.0678750128,0.06728915178918667,-0.0005858610108133294
71140.00099999999,0.0678542554,0.06726065309078315,-0.0005936023092168452
71220.00099999999,0.0678275749,0.06722913518356091,-0.0005984397164390948
71300.00099999999,0.0678097829,0.06719707867486927,-0.0006127042251307391
71380.00099999999,0.0677749515,0.06716502660872326,-0.0006099248912767447
71460.00099999999,0.0677438229,0.06713296852991861,-0.0006108543700813901
71540.00099999999,0.0677141696,0.06710091322272682,-0.0006132563772731775
71620.00099999999,0.0676897094,0.06706885525113696,-0.0006208541488630509
71700.00099999999,0.0676215217,0.06703682003657617,-0.0005847016634238367
71780.00099999999,0.0676193014,0.0670047542590374,-0.0006145471409625958
71860.00099999999,0.0675555542,0.06697270278172711,-0.0005828514182728978
71940.00099999999,0.0675585195,0.06694062975024531,-0.0006178897497546854
72020.00099999999,0.0674895868,0.06690387982940385,-0.0005857069705961504
72110.00099999999,0.0674703196,0.06686156000437969,-0.0006087595956203035
72190.00099999999,0.0674258471,0.06682394506277414,-0.0006019020372258627
72270.00099999999,0.0673947185,0.06678632991308621,-0.0006083885869137967
72350.00099999999,0.0673924908,0.06674869682186896,-0.0006437939781310381
72430.00099999999,0.0673420951,0.06671108455033672,-0.0006310105496632745
72510.00099999999,0.0673161522,0.06667346127619125,-0.000642690923808753
72590.00099999999,0.0672709346,0.06663585303437057,-0.0006350815656294279
72670.00099999999,0.0672331378,0.06659823641367413,-0.0006349013863258673
72750.00099999999,0.0672086775,0.0665606153646996,-0.0006480621353004007
72830.00099999999,0.0671997815,0.0665263701976031,-0.000673411302396898
72910.00099999999,0.0671656877,0.0664922261631013,-0.0006734615368987062
72990.00099999999,0.0671427101,0.06645809039246257,-0.0006846197075374288
73070.00099999999,0.0670863837,0.06642397012981206,-0.0006624135701879391
73150.00099999999,0.0670508072,0.0663898212180158,-0.0006609859819842051
73240.00099999999,0.0670026243,0.06635141931340312,-0.0006512049865968761
73320.00099999999,0.066947028,0.06631729042953174,-0.0006297375704682612
73400.00099999999,0.0669299811,0.06628314386446099,-0.0006468372355390023
73480.00099999999,0.0668914393,0.0662490026058688,-0.0006424366941311932
73560.00099999999,0.0668869913,0.06621521930387664,-0.0006717719961233659
73640.00099999999,0.0668113902,0.0661849012821769,-0.0006264889178231037
73720.00099999999,0.0668076873,0.06615454424554444,-0.00065314305445556
73800.00099999999,0.0667491332,0.06612421302874252,-0.0006249201712574814
73880.00099999999,0.0667150393,0.0660938713632476,-0.0006211679367524037
73960.00099999999,0.0666794553,0.06606352773478229,-0.0006159275652177082
74040.00099999999,0.0666283146,0.06602322143290591,-0.0006050931670940896
74120.00099999999,0.0666031167,0.06598262701390172,-0.0006204896860982911
74200.00099999999,0.066597186,0.0659420205237372,-0.0006551654762628062
74290.00099999999,0.0665097237,0.0658963793178598,-0.0006133443821401963
74370.00099999999,0.0665238053,0.06585576317029035,-0.0006680421297096534
74450.00099999999,0.0664741471,0.06581517016038456,-0.0006589769396154466
74530.00099999999,0.0664096624,0.06577459346686962,-0.000635068933130381
74610.00099999999,0.0663592666,0.06573401187104944,-0.0006252547289505583
74690.00099999999,0.0663496256,0.06569340142198916,-0.0006562241780108391
74770.00099999999,0.0662925541,0.06565274666788974,-0.0006398074321102565
74850.00099999999,0.06625624,0.06561141064875717,-0.000644829351242826
74930.00099999999,0.0662280694,0.06557007742117092,-0.0006579919788290839
75010.00099999999,0.0661924928,0.06552873018739193,-0.0006637626126080737
75090.00099999999,0.0661420897,0.0654874085222745,-0.0006546811777255052
75170.00099999999,0.0661176369,0.06544606184801653,-0.0006715750519834668
75250.00099999999,0.0660427734,0.06540473888915069,-0.0006380345108493168
75340.00099999999,0.0660020113,0.06535823758602573,-0.0006437737139742689
75420.00099999999,0.0659782887,0.0653168908782157,-0.0006613978217843014
75500.00099999999,0.0659605041,0.0652755366648999,-0.0006849674351001034
75580.00099999999,0.0658804476,0.06523498780527283,-0.000645459794727174
75660.00099999999,0.0658797026,0.06519712026657233,-0.0006825823334276754
75740.00099999999,0.0658367127,0.06515927229595168,-0.0006774404040483101
75820.00099999999,0.0657900199,0.06512141718712759,-0.0006686027128724042
75900.00099999999,0.065746285,0.06508356649839947,-0.0006627185016005316
75980.00099999999,0.0657159016,0.06504570490069884,-0.0006701966993011566
76060.00099999999,0.0656573474,0.06500786180737876,-0.0006494855926212351
76140.00099999999,0.0656454861,0.06496998936622041,-0.0006754967337795903
76220.00099999999,0.0655847117,0.06493214580460134,-0.0006525658953986657
76300.00099999999,0.0655550584,0.06489428363582327,-0.0006607747641767386
76380.00099999999,0.065507628,0.0648557367050489,-0.000651891294951093
76470.00099999999,0.065476492,0.06480963360143678,-0.0006668583985632165
76550.00099999999,0.0654601902,0.06476865062805805,-0.000691539571941957
76630.00099999999,0.0654075667,0.06472767624113387,-0.0006798904588661281
76710.00099999999,0.0653734654,0.06468669580684402,-0.0006867695931559725
76790.00099999999,0.0652963817,0.06464574728810785,-0.0006506344118921564
76870.00099999999,0.0652697012,0.06460476528714941,-0.0006649359128505922
76950.00099999999,0.0652141124,0.06456380137260967,-0.0006503110273903268
77030.00099999999,0.0651963204,0.06452281495901907,-0.0006735054409809232
77110.00099999999,0.0651244298,0.06448185710638774,-0.0006425726936122589
77190.00099999999,0.0651110858,0.06444012484272003,-0.0006709609572799619
77270.00099999999,0.0650562346,0.06439700440828201,-0.0006592301917179855
77350.00099999999,0.0650132522,0.06435387211445098,-0.0006593800855490134
77430.00099999999,0.064962104,0.06431075585158218,-0.0006513481484178296
77520.00099999999,0.0649428368,0.06426221970845676,-0.0006806170915432397
77600.00099999999,0.0648842826,0.06421911365508368,-0.0006651689449163195
77680.00099999999,0.0648724139,0.06417596869924115,-0.000696445200758844
77760.00099999999,0.0647849515,0.06413286621139569,-0.0006520852886043038
77840.00099999999,0.0647797659,0.06408972031756009,-0.0006900455824399021
77920.00099999999,0.0647197291,0.06404659199584221,-0.0006731371041577838
78000.00099999999,0.0646774843,0.06400093577599979,-0.0006765485240002173
78080.00099999999,0.0646404177,0.06395247787376446,-0.0006879398262355368
78160.00099999999,0.0645840913,0.06390400173824974,-0.0006800895617502523
78240.00099999999,0.0645151585,0.06385555270592319,-0.0006596057940768119
78320.00099999999,0.0644966289,0.06380708530060011,-0.0006895435993998916
78400.00099999999,0.0644239932,0.063758627621164,-0.000665365578836008
78480.00099999999,0.0644239932,0.06371014490779564,-0.000713848292204361
78570.00099999999,0.0643758178,0.06365561617435232,-0.0007202016256476762
78650.00099999999,0.0643135533,0.06360716337113914,-0.0007063899288608649
78730.00099999999,0.06424018,0.06355870445461875,-0.000681475545381241
78810.00099999999,0.0642335042,0.06351247861439496,-0.0007210255856050368
78890.00099999999,0.0641912594,0.06346778532691355,-0.0007234740730864553
78970.00099999999,0.0641564205,0.06342308958406845,-0.0007333309159315571
79050.00099999999,0.0640808195,0.0633784187756869,-0.0007024007243131014
79130.00099999999,0.0640341267,0.06333373252122661,-0.0007003941787733919
79210.00099999999,0.0639941022,0.06328903611912504,-0.0007050660808749637
79290.00099999999,0.0639511123,0.0632443466563432,-0.0007067656436568065
79370.00099999999,0.0639147907,0.0631996457347787,-0.0007151449652213065
79450.00099999999,0.0638740286,0.06315495673651371,-0.0007190718634862842
79530.00099999999,0.0637865588,0.06311028551035826,-0.0006762732896417462
79610.00099999999,0.063735418,0.06306094553132074,-0.0006744724686792575
79700.00099999999,0.0636879802,0.06300190031997505,-0.0006860798800249479
79780.00099999999,0.063668713,0.0629494116152824,-0.0007193013847175966
79860.00099999999,0.0636101514,0.06289694305380972,-0.0007132083461902777
79940.00099999999,0.063558273,0.0628444691175209,-0.0007138038824791026
80020.00099999999,0.0635249168,0.06279198415183596,-0.0007329326481640419
80100.00099999999,0.0634500608,0.06273952341769572,-0.0007105373823042826
80180.00099999999,0.0633937269,0.06268705326651348,-0.0007066736334865181
80260.00099999999,0.0633388758,0.06263457865355573,-0.000704297146444266
80340.00099999999,0.0633092299,0.06258209119287717,-0.0007271387071228347
80420.00099999999,0.0632617921,0.0625376331171478,-0.0007241589828522049
80500.00099999999,0.0632165819,0.06249625850840131,-0.0007203233915986859
80580.00099999999,0.0631750748,0.06245487845455308,-0.0007201963454469135
80660.00099999999,0.0631009564,0.06241351045953104,-0.0006874459404689684
80750.00099999999,0.0630461052,0.06236695911053772,-0.0006791460894622764
80830.00099999999,0.0629927441,0.062324143354859654,-0.0006686007451403436
80910.00099999999,0.0629586428,0.06226810339002801,-0.0006905394099719978
80990.00099999999,0.0628815591,0.06221207319503715,-0.0006694859049628452
81070.00099999999,0.0628756359,0.06215600945137901,-0.0007196264486209955
81150.00099999999,0.0628000274,0.06209998607735843,-0.0007000413226415717
81230.00099999999,0.0627896562,0.06204392803674632,-0.0007457281632536825
81310.00099999999,0.0627273843,0.061987889854794594,-0.0007394944452054006
81390.00099999999,0.0626569763,0.06193185105795901,-0.0007251252420409915
81470.00099999999,0.0626080558,0.06187581382820851,-0.000732241971791496
81550.00099999999,0.062543571,0.0618197810990392,-0.0007237899009608084
81630.00099999999,0.0624939092,0.061763945627240156,-0.0007299635727598466
81710.00099999999,0.0624412857,0.06171006760817551,-0.0007312180918244912
81800.00099999999,0.0624064468,0.06164941695100735,-0.0007570298489926533
81880.00099999999,0.0623338111,0.061595545778425624,-0.0007382653215743731
81960.00099999999,0.0623004548,0.06154163258328433,-0.0007588222167156725
82040.00099999999,0.0622307844,0.06148774471963665,-0.0007430396803633499
82120.00099999999,0.062169265,0.061433860908958075,-0.000735404091041926
82200.00099999999,0.0621233098,0.06137996783921119,-0.0007433419607888112
82280.00099999999,0.0620773546,0.061326070831501905,-0.0007512837684980969
82360.00099999999,0.0619906373,0.061272189950926245,-0.0007184473490737531
82440.00099999999,0.0619528331,0.06121877210128764,-0.0007340609987123575
82520.00099999999,0.0619224496,0.06116701730075637,-0.0007554322992436302
82600.00099999999,0.0618431382,0.061115280249041254,-0.0007278579509587477
82680.00099999999,0.0618253537,0.06106352038252747,-0.0007618333174725309
82760.00099999999,0.0617401116,0.06101178315271428,-0.0007283284472857227
82840.00099999999,0.061722327,0.06096001964607488,-0.0007623073539251221
82930.00099999999,0.0616444908,0.06090181090801069,-0.0007426798919893118
83010.00099999999,0.0615703724,0.06085007760951893,-0.0007202947904810658
83090.00099999999,0.0615125559,0.06079833066835404,-0.0007142252316459582
83170.00099999999,0.0614843927,0.06074656613303438,-0.0007378265669656242
83250.00099999999,0.0614065714,0.06069294543869846,-0.0007136259613015408
83330.00099999999,0.0613583885,0.06063578089087261,-0.0007226076091273875
83410.00099999999,0.0613057651,0.06057861648079858,-0.0007271486192014162
83490.00099999999,0.061243508,0.060521464704613274,-0.0007220432953867276
83570.00099999999,0.0611864366,0.06046430150297216,-0.0007221350970278359
83650.00099999999,0.0611427017,0.06040714190904737,-0.0007355597909526335
83730.00099999999,0.0610700659,0.06034998920954382,-0.0007200766904561784
83810.00099999999,0.061057467,0.0602928053340386,-0.000764661665961397
83890.00099999999,0.0609655567,0.060235657066014484,-0.000729899633985516
83980.00099999999,0.0609203465,0.060171341465765596,-0.000749005034234404
84060.00099999999,0.0608773567,0.06011859210470111,-0.0007587645952988956
84140.00099999999,0.0608076863,0.06007077146891477,-0.0007369148310852267
84220.00099999999,0.0607491322,0.06002295177470074,-0.000726180425299261
84300.00099999999,0.0607068799,0.05997512599323866,-0.0007317539067613413
84380.00099999999,0.0606490709,0.05992729793970535,-0.0007217729602946449
84460.00099999999,0.0606416576,0.059879465059970084,-0.0007621925400299184
84540.00099999999,0.0605831034,0.059831647697770794,-0.0007514557022292034
84620.00099999999,0.0605334379,0.05978381674297396,-0.0007496211570260439
84700.00099999999,0.060481552,0.05973599175547501,-0.0007455602445249898
84780.00099999999,0.0604333766,0.05968816319963785,-0.0007452134003621477
84860.00099999999,0.0603703745,0.0596379225838306,-0.0007324519161693993
84940.00099999999,0.060321454,0.059584973626396684,-0.0007364803736033126
85030.00099999999,0.0602754988,0.05952540684485908,-0.0007500919551409191
85110.00099999999,0.0602006428,0.059472475684455274,-0.0007281671155447283
85190.00099999999,0.0601613559,0.059419518011625566,-0.0007418378883744317
85270.00099999999,0.0600939058,0.05936657720669035,-0.0007273285933096507
85350.00099999999,0.0600242354,0.05931365143850154,-0.000710583961498458
85430.00099999999,0.0599982925,0.059260697080464074,-0.0007375954195359274
85510.00099999999,0.0599360354,0.05920775166318388,-0.0007282837368161182
85590.00099999999,0.0598685853,0.05915481978952042,-0.0007137655104795804
85670.00099999999,0.0598241128,0.05910080923788159,-0.0007233035621184158
85750.00099999999,0.0597588904,0.05904608143740885,-0.000712808962591148
85830.00099999999,0.0597210862,0.05899134971662726,-0.0007297364833727393
85910.00099999999,0.0596536361,0.05893662579879752,-0.0007170103012024767
85990.00099999999,0.0596195422,0.058881891828138314,-0.0007376503718616867
86070.00099999999,0.0595624708,0.058827165117370815,-0.0007353056826291879
86160.00099999999,0.0594676025,0.05876561712208858,-0.0007019853779114196
86240.00099999999,0.0594461076,0.058710870678279355,-0.0007352369217206445
86320.00099999999,0.0593601204,0.05865615536385357,-0.0007039650361464339
86400.00099999999,0.0593208335,0.05860143067575828,-0.0007194028242417244
86480.00099999999,0.0592541285,0.058545471850429756,-0.0007086566495702468
86560.00099999999,0.0592333786,0.058489022711722995,-0.0007443558882770027
86640.00099999999,0.0591585152,0.05843260169104671,-0.0007259135089532909
86720.00099999999,0.0591118224,0.05837616718235487,-0.0007356552176451328
86800.00099999999,0.0590732805,0.05831973235007514,-0.000753548149924857
86880.00099999999,0.0590087958,0.05826329554752372,-0.0007455002524762791
86960.00099999999,0.0589480139,0.05820687006688877,-0.0007411438331112255
87040.00099999999,0.0589191131,0.05815042079327985,-0.0007686923067201507
87120.00099999999,0.0588286854,0.058093999467495785,-0.0007346859325042115
87210.00099999999,0.0587753169,0.058030507668568376,-0.0007448092314316229
87290.00099999999,0.058749374,0.05797971853177244,-0.0007696554682275619
87370.00099999999,0.058687117,0.05792994644523446,-0.0007571705547655336
87450.00099999999,0.0586137362,0.05788018433597744,-0.0007335518640225608
87530.00099999999,0.0585633405,0.05783042229135211,-0.0007329182086478897
87610.00099999999,0.0585144199,0.05778064747392629,-0.0007337724260737116
87690.00099999999,0.0584499352,0.0577308848706678,-0.0007190503293321993
87770.00099999999,0.058400277,0.05768111967315225,-0.0007191573268477483
87850.00099999999,0.0583469085,0.05763135696987635,-0.0007155515301236551
87930.00099999999,0.0582987331,0.05758158283022272,-0.0007171502697772766
88010.00099999999,0.0582409091,0.057531810531560326,-0.0007090985684396756
88090.00099999999,0.058186803,0.05747833309222591,-0.0007084699077740952
88170.00099999999,0.0581386276,0.05742419263112408,-0.0007144349688759169
88260.00099999999,0.0580785908,0.05736327902571477,-0.0007153117742852363
88340.00099999999,0.058023002,0.05730913355566236,-0.0007138684443376356
88420.00099999999,0.0579577722,0.05725499428221266,-0.0007027779177873408
88500.00099999999,0.0579318292,0.05720084112060823,-0.0007309880793917728
88580.00099999999,0.0578451119,0.05714671214614892,-0.0006983997538510811
88660.00099999999,0.0577865578,0.05709257234354054,-0.0006939854564594616
88740.00099999999,0.0577428304,0.057038429031322925,-0.0007044013686770753
88820.00099999999,0.0577087365,0.056984270087540353,-0.0007244664124596498
88900.00099999999,0.0576605536,0.05692996978488504,-0.0007305838151149546
88980.00099999999,0.057588663,0.05687568308976201,-0.0007129799102379916
89060.00099999999,0.057544928,0.0568213843053384,-0.0007235436946615992
89140.00099999999,0.0574900843,0.056767079767856,-0.0007230045321440018
89220.00099999999,0.0574374534,0.05671278409423851,-0.0007246693057614897
89300.00099999999,0.057398174,0.0566584798048359,-0.0007396941951641062
89390.00099999999,0.0572914444,0.056597420405154156,-0.0006940239948458465
89470.00099999999,0.0572714321,0.05654310664563203,-0.0007283254543679687
89550.00099999999,0.0572150983,0.056488813539005554,-0.0007262847609944487
89630.00099999999,0.0571298636,0.056434806418064795,-0.0006950571819352019
89710.00099999999,0.0571313463,0.05638323060101567,-0.0007481156989843293
89790.00099999999,0.0570423938,0.05633169172523619,-0.0007107020747638138
89870.00099999999,0.0570290498,0.05628011088827317,-0.0007489389117268305
89950.00099999999,0.0569334365,0.05622857490180311,-0.0007048615981968889
90030.00099999999,0.056902308,0.056177006430481534,-0.0007253015695184648
90110.00099999999,0.0568259619,0.05612546806281618,-0.0007004938371838187
90190.00099999999,0.0567829795,0.05607389950459285,-0.0007090799954071469
90270.00099999999,0.0567585193,0.05602232769793423,-0.0007361916020657694
90350.00099999999,0.0566769876,0.05597078275397911,-0.0007062048460208872
90440.00099999999,0.0566384457,0.055912218564918584,-0.0007262271350814142
90520.00099999999,0.0565954559,0.055858213721049425,-0.0007372421789505756
90600.00099999999,0.056530226,0.05580420218447322,-0.0007260238155267842
90680.00099999999,0.0564835332,0.05575019611034001,-0.0007333370896599883
90760.00099999999,0.0564279445,0.05569618922661522,-0.0007317552733847807
90840.00099999999,0.056353081,0.05564219028862826,-0.000710890711371738
90920.00099999999,0.0563197322,0.05558817676918764,-0.0007315554308123598
91000.00099999999,0.0562396832,0.055534176955570225,-0.0007055062444297766
91080.00099999999,0.0562285669,0.0554801534558047,-0.0007484134441953019
91160.00099999999,0.0561500005,0.055426149749371476,-0.0007238507506285227
91240.00099999999,0.0560773574,0.05537254705223348,-0.0007048103477665171
91320.00099999999,0.0560566075,0.05532030670819893,-0.0007363007918010714
91400.00099999999,0.055994343,0.05526808020540678,-0.0007262627945932229
91490.00099999999,0.0559342988,0.05520932217620202,-0.0007249766237979738
91570.00099999999,0.0558794551,0.0551570912589864,-0.0007223638410136027
91650.00099999999,0.0558201559,0.05510486251803421,-0.0007152933819657911
91730.00099999999,0.0557934754,0.0550526191679764,-0.0007408562320235998
91810.00099999999,0.0557208396,0.05500039279696909,-0.0007204468030309122
91890.00099999999,0.0556837805,0.05494815907137704,-0.0007356214286229623
91970.00099999999,0.0556385629,0.054895921659279215,-0.0007426412407207858
92050.00099999999,0.0555837192,0.05484462620443219,-0.0007390929955678124
92130.00099999999,0.0555281304,0.05479507799373198,-0.0007330524062680172
92210.00099999999,0.0554680936,0.05474554336807259,-0.0007225502319274102
92290.00099999999,0.0554302894,0.05469598836094928,-0.0007343010390507207
92370.00099999999,0.0553724803,0.05464645003393759,-0.0007260302660624107
92450.00099999999,0.0553250425,0.054596903050045345,-0.0007281394499546526
92530.00099999999,0.0552798323,0.054547348277996274,-0.0007324840220037238
92620.00099999999,0.0552138649,0.054491612582286214,-0.0007222523177137855
92700.00099999999,0.0551782884,0.05444205843892515,-0.0007362299610748496
92780.00099999999,0.0551108383,0.0543932332411497,-0.0007176050588503027
92860.00099999999,0.0550708137,0.054350996358178236,-0.0007198173418217629
92940.00099999999,0.0550255962,0.054308761833587245,-0.0007168343664127538
93020.00099999999,0.0549640842,0.05426653725933589,-0.0006975469406641094
93100.00099999999,0.0549099706,0.054224308860192354,-0.0006856617398076498
93180.00099999999,0.0548617952,0.054182076436993326,-0.0006797187630066745
93260.00099999999,0.054824736,0.05413984716995107,-0.000684888830048927
93340.00099999999,0.0548128746,0.05409759353535908,-0.0007152810646409158
93420.00099999999,0.0547654442,0.054055362689931157,-0.0007100815100688426
93500.00099999999,0.0547076203,0.05401314008111617,-0.000694480218883832
93580.00099999999,0.0546683334,0.05397075908726268,-0.0006975743127373146
93670.00099999999,0.054625351,0.05392165186097965,-0.0007036991390203529
93750.00099999999,0.0545608662,0.053878023415237515,-0.0006828427847624871
93830.00099999999,0.0545208417,0.05383436820687218,-0.0006864734931278232
93910.00099999999,0.0544778518,0.0537907250237717,-0.0006871267762283001
93990.00099999999,0.0544400476,0.053747082455203106,-0.0006929651447968935
94070.00099999999,0.0543859415,0.05370343992100227,-0.0006825015789977268
94150.00099999999,0.0543407314,0.05365978692453645,-0.0006809444754635532
94230.00099999999,0.0543096028,0.05361613583171988,-0.0006934669682801195
94310.00099999999,0.0542406701,0.0535725087210809,-0.0006681613789190979
94390.00099999999,0.0542006455,0.05352971424737811,-0.0006709312526218883
94470.00099999999,0.054155428,0.0534899246106724,-0.0006655033893275958
94550.00099999999,0.0541198514,0.0534501265343414,-0.0006697248656586038
94630.00099999999,0.0540783443,0.05341033085629802,-0.00066801344370198
94720.00099999999,0.0540435128,0.0533655513106911,-0.0006779614893088967
94800.00099999999,0.0539819933,0.053325767312847036,-0.0006562259871529669
94880.00099999999,0.0539278872,0.05328597790755431,-0.0006419092924456957
94960.00099999999,0.0539071299,0.053246174356925295,-0.000660955543074708
95040.00099999999,0.0538567267,0.053206385198475,-0.0006503415015250008
95120.00099999999,0.0538218953,0.05316658700813487,-0.0006553082918651296
95200.00099999999,0.0537826084,0.05312870591790982,-0.0006539024820901781
95280.00099999999,0.0537448116,0.05309439021421209,-0.0006504213857879068
95360.00099999999,0.0537292473,0.05306006321212864,-0.0006691840878713592
95440.00099999999,0.0536743961,0.05302575391826992,-0.0006486421817300803
95520.00099999999,0.0536403023,0.052991435731175776,-0.0006488665688242218
95600.00099999999,0.0536010154,0.05295712274286159,-0.0006438926571384132
95680.00099999999,0.0535506196,0.05292281743149832,-0.0006278021685016816
95760.00099999999,0.0535076223,0.05288850058439838,-0.0006191217156016199
95850.00099999999,0.053482417,0.052849894266068315,-0.0006325227339316827
95930.00099999999,0.0534453578,0.05281557426043146,-0.0006297835395685444
96010.00099999999,0.0534053333,0.05278273412000364,-0.0006225991799963665
96090.00099999999,0.053407561,0.05275152462965696,-0.0006560363703430397
96170.00099999999,0.0533467792,0.05272032864797205,-0.0006264505520279517
96250.00099999999,0.0533289947,0.05268911877750009,-0.0006398759224999079
96330.00099999999,0.0532963835,0.052657914788510674,-0.0006384687114893289
96410.00099999999,0.0532622896,0.05262670825527263,-0.0006355813447273678
96490.00099999999,0.05322152,0.05259549863732506,-0.0006260213626749431
96570.00099999999,0.0531955771,0.052564298080178554,-0.0006312790198214485
96650.00099999999,0.0531688966,0.052533088186892195,-0.0006358084131078065
96730.00099999999,0.0531214587,0.05250188585434875,-0.0006195728456512492
96810.00099999999,0.0530903302,0.05246342603844478,-0.0006269041615552182
96900.00099999999,0.0530606844,0.05241305141908018,-0.0006476329809198197
96980.00099999999,0.0530206598,0.052386591670980455,-0.0006340681290195466
97060.00099999999,0.0529939719,0.05236012261860919,-0.0006338492813908123
97140.00099999999,0.052959878,0.05233366228909317,-0.0006262157109068328
97220.00099999999,0.0529287495,0.05230719503423324,-0.0006215544657667549
97300.00099999999,0.0528835393,0.05228073432258362,-0.0006028049774163755
97380.00099999999,0.0528605618,0.05225426779448145,-0.0006062940055185442
97460.00099999999,0.0528501831,0.052227795725387924,-0.0006223873746120795
97540.00099999999,0.0528064556,0.052201323798218596,-0.000605131801781407
97620.00099999999,0.0527834781,0.05217485724099025,-0.0006086208590097564
97700.00099999999,0.0527516045,0.05214869264017694,-0.0006029118598230576
97780.00099999999,0.0527234413,0.052125331832326614,-0.0005981094676733856
97860.00099999999,0.052707132,0.05210197132916347,-0.0006051606708365256
97950.00099999999,0.0526700728,0.052075708640273784,-0.0005943641597262184
98030.00099999999,0.0526411645,0.052052347453377744,-0.0005888170466222531
98110.00099999999,0.052618932,0.05202898856226038,-0.0005899434377396179
98190.00099999999,0.0525833555,0.052005637600084385,-0.0005777178999156127
98270.00099999999,0.0525655635,0.05198227012160901,-0.0005832933783909908
98350.00099999999,0.0525374003,0.0519589106119868,-0.0005784896880132034
98430.00099999999,0.052508492,0.05193555211185626,-0.0005729398881437336
98510.00099999999,0.0524840318,0.05191278978378557,-0.0005712420162144252
98590.00099999999,0.0524803288,0.051892090976746096,-0.0005882378232539079
98670.00099999999,0.0524521582,0.05187139229679246,-0.0005807659032075405
98750.00099999999,0.0523965694,0.05185071434645555,-0.0005458550535444515
98830.00099999999,0.0524054654,0.05183000907164487,-0.0005754563283551298
98910.00099999999,0.0523676686,0.051809320906384376,-0.000558347693615624
98990.00099999999,0.0523535796,0.05178861172629458,-0.0005649678737054201
99080.00099999999,0.0523283817,0.051765333827101835,-0.0005630478728981675
99160.00099999999,0.0522987358,0.05174464581158724,-0.000554089988412762
99240.00099999999,0.0522735305,0.051723954477926944,-0.0005495760220730547
99320.00099999999,0.0522609241,0.05164594445292395,-0.0006149796470760541
99400.00099999999,0.05222461,0.05162925924546162,-0.0005953507545383777
99480.00099999999,0.0522216447,0.051612546269399415,-0.0006090984306005853
99560.00099999999,0.0521860681,0.051595859376201494,-0.000590208723798509
99640.00099999999,0.0521564148,0.051579168438444525,-0.0005772463615554765
99720.00099999999,0.052140113,0.0515624714148654,-0.0005776415851346042
99800.00099999999,0.0521616079,0.051545760800882856,-0.0006158470991171408
99880.00099999999,0.0520867445,0.05152908271061244,-0.0005576617893875563
99960.00099999999,0.0521149151,0.051512367235767714,-0.0006025478642322848
100040.00099999999,0.0520563535,0.051495683568953086,-0.0005606699310469129
100130.00099999999,0.0520356037,0.05147737000449661,-0.0005582336955033892
100210.00099999999,0.0520378239,0.051461993319480176,-0.000575830580519826
100290.00099999999,0.0520178117,0.051446630267067424,-0.0005711814329325757
100370.00099999999,0.0520000271,0.05143125777003325,-0.0005687693299667521
100450.00099999999,0.0519777872,0.05141589600015634,-0.0005618911998436574
100530.00099999999,0.0519622229,0.05140053191445201,-0.0005616909855479871
100610.00099999999,0.0519429557,0.051385161626150026,-0.0005577940738499751
100690.00099999999,0.0519244261,0.0513697975903372,-0.0005546285096627995
100770.00099999999,0.0519118272,0.0513544287145618,-0.0005573984854382041
100850.00099999999,0.0519147925,0.05133905103138035,-0.0005757414686196477
100930.00099999999,0.0518873669,0.051325495056702794,-0.0005618718432972084
101010.00099999999,0.0518599413,0.05131531598913133,-0.0005446253108686641
101090.00099999999,0.0518495627,0.05130514107929262,-0.0005444216207073777
101180.00099999999,0.0518162139,0.051293688625888685,-0.0005225252741113129
101260.00099999999,0.0518221371,0.051283492374866214,-0.0005386447251337842
101340.00099999999,0.0518006422,0.051273312104588846,-0.0005273300954111507
101420.00099999999,0.0517976843,0.05126312252951046,-0.0005345617704895431
101500.00099999999,0.0517791547,0.0512529425078665,-0.0005262121921335017
101580.00099999999,0.0517583974,0.05124276002605236,-0.000515637373947643
101660.00099999999,0.051746536,0.051232571406072264,-0.000513964593927739
101740.00099999999,0.0517317168,0.05121965838950972,-0.0005120584104902834
101820.00099999999,0.0517317168,0.05120368346977502,-0.0005280333302249834
101900.00099999999,0.0517161526,0.0511877108284766,-0.0005284417715234052
101980.00099999999,0.0516953953,0.05117174809080095,-0.0005236472091990491
102060.00099999999,0.0516924299,0.05115577365794047,-0.0005366562420595355
102140.00099999999,0.051693175,0.05113979822441931,-0.0005533767755806912
102220.00099999999,0.0516427718,0.05112385262125513,-0.0005189191787448727
102310.00099999999,0.0516294278,0.051105885206270206,-0.0005235425937297963
102390.00099999999,0.0516234972,0.05108991392881077,-0.000533583271189228
102470.00099999999,0.051600527,0.05107394790363863,-0.0005265790963613695
102550.00099999999,0.0515923686,0.05106152575185882,-0.0005308428481411789
102630.00099999999,0.0515923686,0.051051484256574894,-0.0005408843434251062
102710.00099999999,0.051578287,0.051041455768528185,-0.0005368312314718154
102790.00099999999,0.051608678,0.05103139275593284,-0.0005772852440671591
102870.00099999999,0.0515842177,0.05102136123254544,-0.0005628564674545547
102950.00099999999,0.0515516065,0.051011328734965736,-0.0005402777650342638
103030.00099999999,0.0515671708,0.05100555876769501,-0.0005616120323049881
103110.00099999999,0.0515338145,0.05100055839943348,-0.0005332561005665162
103190.00099999999,0.0515301116,0.05099555539367994,-0.0005345562063200568
103270.00099999999,0.0515086167,0.050990556407587435,-0.0005180602924125671
103360.00099999999,0.0515264012,0.0509849030939473,-0.0005414981060527027
103440.00099999999,0.0515041687,0.050979905985625906,-0.0005242627143740922
103520.00099999999,0.0514819361,0.0509749087454163,-0.0005070273545837028
103600.00099999999,0.0515034236,0.05096988418406391,-0.0005335394159360907
103680.00099999999,0.0515049063,0.050964866507984236,-0.0005400397920157646
103760.00099999999,0.0514797084,0.05095987072898781,-0.0005198376710121855
103840.00099999999,0.0514589585,0.05095009990488295,-0.0005088585951170468
103920.00099999999,0.0514700748,0.050940194836873544,-0.0005298799631264575
104000.00099999999,0.0514389463,0.0509302983454376,-0.0005086479545624023
104080.00099999999,0.0514389463,0.05092039245971428,-0.0005185538402857209
104160.00099999999,0.0514389463,0.050910478939492146,-0.0005284673605078574
104240.00099999999,0.0514293052,0.050900574858566666,-0.0005287303414333311
104320.00099999999,0.0514152236,0.05089067620426001,-0.0005245473957399896
104410.00099999999,0.051409293,0.05087953334041455,-0.0005297596595854534
104490.00099999999,0.0513915084,0.050869624650052715,-0.0005218837499472856
104570.00099999999,0.0513870604,0.050860275227158164,-0.000526785172841833
104650.00099999999,0.0513707511,0.05085600566940772,-0.0005147454305922811
104730.00099999999,0.0513952114,0.05085171650883216,-0.0005434948911678394
104810.00099999999,0.0513766818,0.050847445625869896,-0.0005292361741301016
104890.00099999999,0.0513833575,0.05084315973736022,-0.0005401977626397769
104970.00099999999,0.0513381399,0.05083890577885628,-0.0004992341211437212
105050.00099999999,0.0513559319,0.050834618004686576,-0.000521313895313423
105130.00099999999,0.0513848327,0.05083033159862938,-0.0005545011013706191
105210.00099999999,0.0513292439,0.05082607382957535,-0.0005031700704246495
105290.00099999999,0.0513262786,0.05082179795727494,-0.0005044806427250553
105370.00099999999,0.0513374023,0.05081777316970905,-0.0005196291302909523
105450.00099999999,0.0513522215,0.050816150239742446,-0.0005360712602575576
105540.00099999999,0.0513099767,0.050814353117034604,-0.0004956235829653988
105620.00099999999,0.0513359196,0.05081272797915112,-0.0005231916208488785
105700.00099999999,0.0513070114,0.05081112559059932,-0.0004958858094006799
105780.00099999999,0.0512958951,0.050809521647411066,-0.00048637345258893683
105860.00099999999,0.0513062663,0.05080789488506758,-0.0004983714149324192
105940.00099999999,0.0513225757,0.05080627637136519,-0.0005162993286348047
106020.00099999999,0.0513129421,0.05080466287766458,-0.0005082792223354213
106100.00099999999,0.0512847714,0.050803061146915726,-0.00048171025308427207
106180.00099999999,0.0512632839,0.05080076980279991,-0.00046251409720008546
106260.00099999999,0.0512795858,0.05079610487320089,-0.0004834809267991111
106340.00099999999,0.0512877367,0.05079144027754078,-0.0004962964224592206
106420.00099999999,0.0512669869,0.05078679880945919,-0.0004801880905408104
106500.00099999999,0.0512588359,0.05078213790967277,-0.0004766979903272281
106590.00099999999,0.0512840338,0.05077688600805371,-0.0005071477919462927
106670.00099999999,0.0512758829,0.05077222690847983,-0.0005036559915201702
106750.00099999999,0.0512491949,0.05076757866765577,-0.00048161623234423134
106830.00099999999,0.0512299277,0.05076292445501968,-0.00046700324498031437
106910.00099999999,0.0512425266,0.05075825837342606,-0.0004842682265739362
106990.00099999999,0.0512291826,0.05075365588425084,-0.0004755267157491583
107070.00099999999,0.0512618013,0.050749116052590644,-0.0005126852474093557
107150.00099999999,0.0512514226,0.050744607969808335,-0.000506814630191664
107230.00099999999,0.0512314104,0.0507401018687291,-0.0004913085312709051
107310.00099999999,0.0512425266,0.05073558627601748,-0.0005069403239825188
107390.00099999999,0.051223997,0.050731079142246185,-0.0004929178577538149
107470.00099999999,0.0512210317,0.05072656022260972,-0.0004944714773902834
107550.00099999999,0.0512291826,0.05072203945711559,-0.0005071431428844073
107640.00099999999,0.0512210317,0.05071696019892087,-0.0005040715010791313
107720.00099999999,0.0512113981,0.050712445006586324,-0.000498953093413676
107800.00099999999,0.0512099154,0.050708447137263135,-0.000501468262736865
107880.00099999999,0.0511943512,0.05070504798280424,-0.0004893032171957648
107960.00099999999,0.0512076877,0.05070163364837705,-0.0005060540516229478
108040.00099999999,0.0512002818,0.050698224248694766,-0.0005020575513052308
108120.00099999999,0.0511987992,0.05069481766409542,-0.0005039815359045782
108200.00099999999,0.0511987992,0.050691408261498094,-0.0005073909385019046
108280.00099999999,0.0512032472,0.05068799825410827,-0.0005152489458917359
108360.00099999999,0.0512017645,0.050684586509693964,-0.0005171779903060322
108440.00099999999,0.0511980541,0.05068116619010984,-0.0005168879098901638
108520.00099999999,0.0511780418,0.050677765580006015,-0.0005002762199939823
108600.00099999999,0.0511721112,0.050675795082842166,-0.0004963161171578356
108690.00099999999,0.0511795245,0.05067536793512265,-0.000504156564877345
108770.00099999999,0.0511839725,0.05067498808297167,-0.0005089844170283325
108850.00099999999,0.0511832349,0.050674615465993805,-0.0005086194340061939
108930.00099999999,0.0511498787,0.05067425459537769,-0.0004756241046223117
109010.00099999999,0.0511520989,0.05067386844009199,-0.0004782304599080106
109090.00099999999,0.0511558093,0.05067348613035306,-0.0004823231696469421
109170.00099999999,0.0511498787,0.050673113305919185,-0.00047676539408081364
109250.00099999999,0.0511832349,0.05067271851823494,-0.0005105163817650596
109330.001,0.0511624776,0.05067234892899584,-0.0004901286710041614
109410.001,0.0511491336,0.05066789633971313,-0.00048123726028687086
109490.001,0.0511513613,0.05066068989232857,-0.0004906714076714364
109570.001,0.0511380173,0.05065348948027612,-0.00048452781972387754
109650.001,0.0511231981,0.0506462977756845,-0.0004769003243155004
109730.001,0.0511357971,0.050639090657917024,-0.0004967064420829739
109820.001,0.0511691459,0.05063097530087849,-0.0005381705991215069
109900.001,0.051135052,0.05062377894880138,-0.0005112730511986213
109980.001,0.0511424653,0.05061657184783884,-0.0005258934521611622
110060.001,0.0511120744,0.050609387225684935,-0.000502687174315064
110140.001,0.0511372797,0.050602161928125534,-0.0005351177718744687
110220.001,0.0511172675,0.05059898521904448,-0.0005182822809555176
110300.001,0.0511313491,0.05059733187796765,-0.0005340172220323486
110380.001,0.0511046685,0.0505956982640277,-0.0005089702359723017
110460.001,0.0511135571,0.05059404026187526,-0.0005195168381247409
110540.001,0.0511291213,0.05059238603824966,-0.0005367352617503332
110620.001,0.0510742776,0.05059075727942205,-0.00048352032057795424
110700.001,0.0511068888,0.05058908937440608,-0.0005177994255939206
110780.001,0.0511061512,0.050587437682031666,-0.0005187135179683319
110870.001,0.0511143021,0.05058557320550873,-0.0005287288944912719
110950.001,0.0510898419,0.05058393146432756,-0.0005059104356724409
111030.001,0.0510809459,0.05058183962692265,-0.0004991062730773516
111110.001,0.0510742776,0.05057967280506178,-0.0004946047949382221
111190.001,0.0510653816,0.050577506507032834,-0.0004878750929671674
111270.001,0.0510683469,0.05057532472824483,-0.0004930221717551683
111350.001,0.0510905795,0.050573137583763396,-0.0005174419162366009
111430.001,0.051050555,0.050570980521466205,-0.0004795744785337924
111510.001,0.0510513,0.05056880127369553,-0.00048249872630447277
111590.001,0.051060196,0.050566617827400955,-0.0004935781725990476
111670.001,0.0510438867,0.05056444507000937,-0.00047944162999062623
111750.001,0.0510727949,0.050562253363242014,-0.0005105415367579885
111830.001,0.051028315,0.05055896066108904,-0.00046935433891096
111920.001,0.0510713123,0.05055498964506319,-0.0005163226549368058
112000.001,0.0510624163,0.05055147531080902,-0.0005109409891909805
112080.001,0.051024612,0.05054797421353139,-0.0004766377864686075
112160.001,0.0510120057,0.050544464596347066,-0.00046754110365293533
112240.001,0.0510305353,0.05054093469070477,-0.0004896006092952321
112320.001,0.051050555,0.05053740265816691,-0.0005131523418330855
112400.001,0.0510498174,0.050533883595159056,-0.000515933804840947
112480.001,0.051010523,0.050530383553374844,-0.00048013944662515795
112560.001,0.051037956,0.05052684613320804,-0.0005111098667919603
112640.001,0.0510171987,0.05051965222615093,-0.0004975464738490726
112720.001,0.0509831049,0.050512370331159503,-0.00047073456884049597
112800.001,0.0510045998,0.05050505299318852,-0.0004995468068114822
112880.001,0.051019419,0.05049774834097302,-0.0005216706590269807
112960.001,0.051015716,0.05049044180555469,-0.0005252741944453132
113050.001,0.0510008894,0.05048223206993683,-0.00051865733006317
113130.001,0.0509971865,0.050474924189773514,-0.0005222623102264859
113210.001,0.0509727262,0.050467628391677705,-0.000505097808322294
113290.001,0.0509786569,0.050460319207319415,-0.0005183376926805872
113370.001,0.0509749465,0.05045339896619707,-0.0005215475338029296
113450.001,0.0509793945,0.05044993436206078,-0.000529460137939218
113530.001,0.0509386323,0.05044649317967218,-0.0004921391203278197
113610.001,0.0509801395,0.05044301082025802,-0.0005371286797419828
113690.001,0.0509527139,0.05043957603423568,-0.0005131378657643251
113770.001,0.0509482659,0.05043612001566726,-0.0005121458843327376
113850.001,0.0509660579,0.050432653868789784,-0.0005334040312102162
113930.001,0.0509482659,0.05042920774853467,-0.0005190581514653292
114010.001,0.0509549342,0.050425740132280635,-0.0005291940677193685
114100.001,0.050930474,0.05042185657789575,-0.0005086174221042503
114180.001,0.0509015732,0.05041782367285412,-0.0004837495271458811
114260.001,0.0509082414,0.05041176646152451,-0.0004964749384754885
114340.001,0.0509037934,0.05040570480793499,-0.0004980885920650088
114420.001,0.0509163924,0.05039964456884891,-0.0005167478311510904
114500.001,0.0509230681,0.050393575223006165,-0.0005294928769938381
114580.001,0.0508934148,0.05038753670249015,-0.0005058780975098487
114660.001,0.0508993454,0.050381473241992124,-0.0005178721580078732
114740.001,0.0508867465,0.05037541346902424,-0.0005113330309757663
114820.001,0.0508674793,0.05036936237370752,-0.0004981169262924801
114900.001,0.0508696996,0.05036329772686927,-0.000506401873130731
114980.001,0.0508578382,0.05035728754663761,-0.0005005506533623874
115060.001,0.0508748852,0.0503514290462606,-0.0005234561537393947
115150.001,0.050837826,0.05034487447543594,-0.0004929515245640642
115230.001,0.050834123,0.050339029743972766,-0.0004950932560272361
115310.001,0.0508519076,0.05033318048672328,-0.0005187271132767249
115390.001,0.0508482046,0.05032732313714538,-0.0005208814628546235
115470.001,0.0508407913,0.050321484814973574,-0.0005193064850264259
115550.001,0.0508526526,0.05031563055218496,-0.0005370220478150417
115630.001,0.0508081801,0.05030980726683049,-0.0004983728331695095
115710.001,0.0508148484,0.05030395417793552,-0.0005108942220644827
115790.001,0.0508370884,0.050302374757615426,-0.0005347136423845752
115870.001,0.0508007668,0.050303865276112775,-0.0004969015238872262
115950.001,0.0508029945,0.05029600692541355,-0.0005069875745864483
116030.001,0.0507926159,0.05028816179903933,-0.0005044541009606648
116110.001,0.0507911332,0.050280307737635664,-0.0005108254623643338
116190.001,0.0507733412,0.050272455131368826,-0.0005008860686311761
116280.001,0.0507814996,0.05026361621632934,-0.0005178833836706614
116360.001,0.0507711209,0.05025576173851826,-0.0005153591614817377
116440.001,0.0507600047,0.05024790526018711,-0.0005120994398128895
116520.001,0.0507659353,0.05024003949221536,-0.0005258958077846432
116600.001,0.0507711209,0.0502321797795798,-0.0005389411204202027
116680.001,0.0507414751,0.050223455863470726,-0.0005180192365292768
116760.001,0.0507436953,0.050213733472733495,-0.0005299618272665077
116840.001,0.050745178,0.05020401816388697,-0.0005411598361130324
116920.001,0.0507051535,0.050194320236335674,-0.0005108332636643287
117000.001,0.0506962575,0.050184605175287125,-0.000511652324712876
117080.001,0.0506999679,0.050174880520396745,-0.0005250873796032521
117160.001,0.0507051535,0.05016515819951763,-0.0005399953004823696
117240.001,0.0506881066,0.050155447022340524,-0.0005326595776594736
117330.001,0.0506710596,0.05014452163495873,-0.0005265379650412697
117410.001,0.0506844036,0.05013478485637498,-0.0005496187436250174
117490.001,0.0506970026,0.050127721225415846,-0.0005692813745841532
117570.001,0.0506895892,0.05012243868661538,-0.0005671505133846219
117650.001,0.050660681,0.05011717900956891,-0.0005435019904310862
117730.001,0.0506443791,0.05011191407697179,-0.0005324650230282071
117810.001,0.0506532677,0.050106622053521115,-0.0005466456464788827
117890.001,0.0506421514,0.05010134661473797,-0.0005408047852620348
117970.001,0.0506428964,0.05009606318431711,-0.0005468332156828848
118050.001,0.0506243668,0.05009078710371636,-0.0005335796962836412
118130.001,0.0506332554,0.05008550060732142,-0.00054775479267858
118210.001,0.0505880453,0.05008024423205722,-0.0005078010679427855
118290.001,0.0505865626,0.050072782346525825,-0.0005137802534741776
118380.001,0.0505754463,0.050062746869659995,-0.0005126994303400051
118460.001,0.0505784117,0.05005383203802853,-0.0005245796619714679
118540.001,0.0505576544,0.05004492127022473,-0.0005127331297752682
118620.001,0.0505643301,0.05003599758160813,-0.0005283325183918705
118700.001,0.0505472831,0.05002707509079486,-0.0005202080092051378
118780.001,0.0505309738,0.05001815645145686,-0.0005128173485431375
118860.001,0.0505443178,0.050009221043404876,-0.0005350967565951256
118940.001,0.0505361594,0.05000029880604697,-0.0005358605939530317
119020.001,0.0505369045,0.04999136719880134,-0.000545537301198662
119100.001,0.0505472831,0.04998148093729536,-0.0005658021627046386
119180.001,0.05049688,0.0499712395108979,-0.0005256404891020999
119260.001,0.0504805706,0.049960981870279295,-0.0005195887297207089
119340.001,0.0504761226,0.04995071941051751,-0.0005254031894824859
119420.001,0.0505072586,0.04994042984214258,-0.000566828757857421
119510.001,0.05047464,0.0499288994425065,-0.0005457405574934987
119590.001,0.0504338779,0.04991864837898115,-0.0005152295210188521
119670.001,0.0504360981,0.04990837821997612,-0.000527719880023883
119750.001,0.0504264645,0.04989811280978907,-0.0005283516902109264
119830.001,0.0504583381,0.0498878266036688,-0.0005705114963312011
119910.001,0.0504286923,0.049877316777887336,-0.0005513755221126654
119990.001,0.0504301749,0.049866745444691246,-0.0005634294553087532
120070.001,0.0503857024,0.04985619388205067,-0.0005295085179493342
120150.001,0.0504027493,0.04984561721079044,-0.0005571320892095583
120230.001,0.0503745861,0.04983504884280584,-0.0005395372571941615
120310.001,0.0503597595,0.049824483260427176,-0.0005352762395728211
120390.001,0.0503664277,0.04981390563340818,-0.0005525220665918221
120470.001,0.0503745861,0.0498033203595559,-0.0005712657404441032
120560.001,0.0503590144,0.04979143534153958,-0.0005675790584604157
120640.001,0.0503271483,0.0497808616630858,-0.0005462866369142019
120720.001,0.0503441952,0.04976927156471104,-0.0005749236352889583
120800.001,0.050310839,0.04975767082416423,-0.0005531681758357762
120880.001,0.0503182523,0.049746042150340675,-0.0005722101496593232
120960.001,0.0502856411,0.04973443284193148,-0.0005512082580685224
121040.001,0.0502989776,0.049722806627499234,-0.0005761709725007683
121120.001,0.0502752624,0.04971119261229093,-0.000564069787709072
121200.001,0.0502878614,0.049699564018305206,-0.0005882973816947953
121280.001,0.0502478369,0.04968795771740952,-0.0005598791825904836
121360.001,0.0502648838,0.04967631216736743,-0.0005885716326325674
121440.001,0.050227087,0.04966471824367855,-0.0005623687563214436
121520.001,0.0502189286,0.04965553864843021,-0.0005633899515697857
121610.001,0.050204847,0.04964529607900817,-0.0005595509209918303
121690.001,0.0501915105,0.04963619054682147,-0.0005553199531785347
121770.001,0.0501840971,0.04962708389032569,-0.0005570132096743077
121850.001,0.0501826145,0.04961796486258965,-0.0005646496374103471
121930.001,0.0501944758,0.04960884924944451,-0.0005856265505554889
122010.001,0.0501944758,0.04959972736962244,-0.0005947484303775591
122090.001,0.0501633398,0.049590620266891046,-0.0005727195331089521
122170.001,0.050124798,0.04958152238923332,-0.0005432756107666761
122250.001,0.0501544513,0.04957204455064822,-0.0005824067493517826
122330.001,0.0501218326,0.04955937580991245,-0.0005624567900875468
122410.001,0.050103303,0.049546708918590726,-0.0005565940814092757
122490.001,0.050098855,0.04953402215400859,-0.0005648328459914101
122570.001,0.0500914492,0.04952134240425419,-0.0005701067957458103
122650.001,0.0500944145,0.04950866275141202,-0.0005857517485879787
122740.001,0.0500617959,0.04949440185249049,-0.0005673940475095091
122820.001,0.0500692092,0.049481704618935994,-0.000587504581064005
122900.001,0.0500758849,0.04946901675799648,-0.0006068681420035166
122980.001,0.050041046,0.049456339161931706,-0.0005847068380682927
123060.001,0.0500417836,0.0494430408254559,-0.0005987427745441018
123140.001,0.0500121377,0.04942762062205553,-0.00058451707794447
123220.001,0.0500247367,0.04941217387957986,-0.0006125628204201455
123300.001,0.0500099175,0.04939674665033601,-0.0006131708496639882
123380.001,0.0499595143,0.0493813303981021,-0.0005781839018978996
123460.001,0.0499595143,0.049365898378132475,-0.0005936159218675255
123540.001,0.0499402396,0.04935046745552464,-0.0005897721444753576
123620.001,0.0499328338,0.04933502499372614,-0.0005978088062738585
123700.001,0.0499580316,0.04931956381663315,-0.0006384677833668542
123790.001,0.0498957746,0.04930221924832441,-0.000593555351675587
123870.001,0.0499246754,0.0492877430804422,-0.0006369323195577967
123950.001,0.0499076284,0.04927510975688283,-0.0006325186431171692
124030.001,0.0498972572,0.04926248779523003,-0.0006347694047699748
124110.001,0.0498713143,0.04924987142103464,-0.0006214428789653587
124190.001,0.0498668663,0.0492372324513261,-0.0006296338486738995
124270.001,0.0498342551,0.04922461080044862,-0.0006096442995513832
124350.001,0.0498268418,0.04921197294012635,-0.000614868859873649
124430.001,0.0497942306,0.04919935137503539,-0.0005948792249646159
124510.001,0.0498031192,0.049186705914767787,-0.000616413285232216
124590.001,0.0497816242,0.04917406868124455,-0.000607555518755451
124670.001,0.0498023815,0.04916110289915799,-0.0006412786008420102
124750.001,0.0497964509,0.049147570571217346,-0.0006488803287826514
124840.001,0.0497430749,0.04913237159795201,-0.0006107033020479949
124920.001,0.0497430749,0.04911882876741312,-0.0006242461325868809
125000.001,0.0497045331,0.0491053095928026,-0.000599223507197405
125080.001,0.0496993475,0.04909177949233964,-0.0006075680076603543
125160.001,0.0496934168,0.04907823235494423,-0.0006151844450557678
125240.001,0.0497067608,0.0490646790913097,-0.0006420817086902966
125320.001,0.0496630259,0.04905116275780472,-0.0006118631421952805
125400.001,0.0496578403,0.04903760872963312,-0.0006202315703668776
125480.001,0.0496474616,0.04902671053910397,-0.000620751060896027
125560.001,0.0496170782,0.04901876528210475,-0.0005983129178952495
125640.001,0.0496407934,0.04901078316839351,-0.0006300102316064912
125720.001,0.0496281944,0.049002826770567436,-0.0006253676294325633
125800.001,0.0495733432,0.048994887122655345,-0.0005784560773446565
125880.001,0.0495985486,0.0489868968148205,-0.0006116517851795025
125970.001,0.0495829843,0.04897793892126237,-0.00060504537873763
126050.001,0.0495436974,0.048959941826264154,-0.0005837555737358488
126130.001,0.0495192371,0.048941648890688215,-0.0005775882093117871
126210.001,0.0495103411,0.048923348997964904,-0.0005869921020350971
126290.001,0.0495207198,0.04890502585238922,-0.000615693947610782
126370.001,0.0495066382,0.048886727572576755,-0.0006199106274232466
126450.001,0.0494858809,0.04886842320062743,-0.0006174576993725686
126530.001,0.0494362228,0.04885014009325645,-0.0005860827067435473
126610.001,0.0494414158,0.0488318222096656,-0.000609593590334398
126690.001,0.0494073145,0.048813517528539845,-0.000593796971460156
126770.001,0.0493961982,0.04879521299870301,-0.0006009852012969913
126850.001,0.0493784137,0.04877863656711221,-0.0005997771328877868
126930.001,0.0493554361,0.04876210310715725,-0.0005933329928427475
127020.001,0.0493658073,0.0487434807299552,-0.0006223265700448025
127100.001,0.0493546911,0.048726936992682726,-0.0006277541073172743
127180.001,0.0493346788,0.04871039962119896,-0.0006242791788010349
127260.001,0.0492998473,0.04869386768274919,-0.0006059796172508056
127340.001,0.049305778,0.048677321334353284,-0.0006284566656467178
127420.001,0.0492983647,0.048660764857906554,-0.0006375998420934462
127500.001,0.0492724217,0.0486442287721011,-0.0006281929278988962
127580.001,0.0492449962,0.04862737802951524,-0.0006176181704847586
127660.001,0.049207937,0.0486077335649721,-0.0006002034350279031
127740.001,0.0492427759,0.048588042399120596,-0.000654733500879405
127820.001,0.049212385,0.048568374157953065,-0.0006440108420469326
127900.001,0.0492020063,0.04854870593324736,-0.0006533003667526377
127980.001,0.0491730981,0.04852903750520962,-0.0006440605947903785
128070.001,0.0491308533,0.048506923583281056,-0.0006239297167189434
128150.001,0.0491360389,0.048487236457383696,-0.0006488024426163017
128230.001,0.0491189919,0.04846756796910954,-0.0006514239308904601
128310.001,0.0491078757,0.04844788476740501,-0.0006599909325949865
128390.001,0.0490915664,0.04842879820736682,-0.0006627681926331813
128470.001,0.0490537696,0.048411796598613034,-0.000641973001386964
128550.001,0.0490463562,0.04839478042249125,-0.0006515757775087533
128630.001,0.0490293093,0.04837776614780452,-0.0006515431521954759
128710.001,0.0489878021,0.04836076508797846,-0.0006270370120215404
128790.001,0.0489803888,0.0483437306014264,-0.0006366581985736003
128870.001,0.0489507429,0.048326720068142356,-0.0006240228318576402
128950.001,0.0489507429,0.04830968271138568,-0.0006410601886143175
129030.001,0.0489514805,0.04829264912576752,-0.000658831374232477
129110.001,0.0488877408,0.0482756488043671,-0.0006120919956329046
129200.001,0.0488692112,0.04825352358005025,-0.000615687619949748
129280.001,0.0488870032,0.048227948705077364,-0.0006590544949226368
129360.001,0.0488706939,0.04820239098348916,-0.0006683029165108351
129440.001,0.0488017611,0.04817686294716317,-0.0006248981528368322
129520.001,0.0488099195,0.048151288039970715,-0.0006586314600292853
129600.001,0.0487861969,0.048125725753358765,-0.0006604711466412366
129680.001,0.0487936102,0.04810014755062409,-0.0006934626493759061
129760.001,0.0487617366,0.048074581626087076,-0.0006871549739129248
129840.001,0.0487165265,0.04804903835034173,-0.0006674881496582727
129920.001,0.0486935489,0.048023465809431405,-0.0006700830905685962
130000.001,0.0486713164,0.048000757749542836,-0.000670558650457162
130080.001,0.0486364774,0.04798341672656315,-0.0006530606734368519
130160.001,0.0486364774,0.04796605740870189,-0.0006704199912981115
130250.001,0.0486690886,0.047946523280578045,-0.0007225653194219556
130330.001,0.0485875569,0.047929182792741776,-0.0006583741072582264
130410.001,0.0485890396,0.0479118248351254,-0.0006772147648746035
130490.001,0.0485645793,0.04789446580950423,-0.000670113490495769
130570.001,0.0485349335,0.04787709628035297,-0.0006578372196470311
130650.001,0.0485223345,0.04785972399605546,-0.0006626105039445399
130730.001,0.0485230722,0.04784236158980424,-0.000680710610195763
130810.001,0.048491206,0.04782244098126883,-0.0006687650187311711
130890.001,0.0484800823,0.047799661603517306,-0.000680420696482692
130970.001,0.0484519191,0.047776882792093904,-0.0006750363079060934
131050.001,0.0484237485,0.04775409775428624,-0.0006696507457137624
131130.00100000002,0.0483814962,0.04773132452284072,-0.000650171677159278
131210.00100000002,0.0483555607,0.04770854875284566,-0.000647011947154344
131300.00100000002,0.0483852066,0.04768287687764959,-0.0007023297223504102
131380.00100000002,0.0483496301,0.04766009091212689,-0.0006895391878731089
131460.00100000002,0.0482784696,0.04763731402421478,-0.0006411555757852155
131540.00100000002,0.0482918136,0.047614506457510426,-0.0006773071424895707
131620.00100000002,0.0482436381,0.04758870268799808,-0.000654935412001921
131700.00100000002,0.0482503064,0.047560849728275754,-0.0006894566717242437
131780.00100000002,0.0482080616,0.047533010462801846,-0.0006750511371981516
131860.00100000002,0.0482036136,0.047505153644558554,-0.0006984599554414467
131940.00100000002,0.0481769331,0.04747731520259956,-0.0006996178974004383
132020.00100000002,0.0481502451,0.04744945100413582,-0.0007007940958641823
132100.00100000002,0.0481339432,0.04742160181805246,-0.0007123413819475413
132180.00100000002,0.0481131859,0.047393733562471785,-0.0007194523375282161
132260.00100000002,0.0480709411,0.04736589967295543,-0.0007050414270445698
132340.00100000002,0.0480457358,0.04733803703498064,-0.00070769876501936
132430.00100000002,0.0480175726,0.04730968432377117,-0.0007078882762288352
132510.00100000002,0.0479775481,0.04728597836324907,-0.0006915697367509341
132590.00100000002,0.047990147,0.047262240513855885,-0.0007279064861441115
132670.00100000002,0.0479264073,0.04723854013658918,-0.0006878671634108213
132750.00100000002,0.0479508676,0.047214793163957235,-0.0007360744360427676
132830.00100000002,0.0478989817,0.04719108313876509,-0.0007078985612349112
132910.00100000002,0.0478678532,0.04716736093290887,-0.0007004922670911309
132990.00100000002,0.0478463583,0.04714363491270342,-0.000702723387296586
133070.00100000002,0.0478470959,0.0471198744508982,-0.0007272214491017975
133150.00100000002,0.0477989204,0.04709615533487901,-0.000702765065120993
133230.00100000002,0.0477759428,0.04708454866142338,-0.0006913941385766204
133310.00100000002,0.0477626063,0.047072230138705956,-0.000690376161294047
133390.00100000002,0.047755193,0.04704128848525241,-0.0007139045147475931
133480.00100000002,0.0477129407,0.047006485268401225,-0.0007064554315987723
133560.00100000002,0.0476929285,0.04697554981506524,-0.0007173786849347594
133640.00100000002,0.0476254784,0.04694462719342242,-0.0006808512065775776
133720.00100000002,0.0476225205,0.046913672304950506,-0.0007088481950494954
133800.00100000002,0.0476032458,0.046882715700246956,-0.0007205300997530431
133880.00100000002,0.047569152,0.04685177502693026,-0.0007173769730697416
133960.00100000002,0.0475172661,0.046820832979453025,-0.0006964331205469715
134040.00100000002,0.0475268997,0.04678986036106336,-0.0007370393389366375
134120.00100000002,0.0474876203,0.046759419035350615,-0.0007282012646493835
134200.00100000002,0.0474357344,0.04672994890790702,-0.0007057854920929779
134280.00100000002,0.0474283211,0.046700460446309586,-0.0007278606536904111
134360.00100000002,0.047396455,0.04667097114352307,-0.00072548385647693
134440.00100000002,0.0473564304,0.0466414831729516,-0.0007149472270484014
134530.00100000002,0.0473445691,0.04660829816185394,-0.000736270938146058
134610.00100000002,0.0473282598,0.046578797436600115,-0.0007494623633998859
134690.00100000002,0.0472711883,0.04654930396075498,-0.00072188433924502
134770.00100000002,0.0472534038,0.04651980826095466,-0.0007335955390453397
134850.00100000002,0.0472163446,0.04649029791165997,-0.0007260466883400318
134930.00100000002,0.047188919,0.046458545375500024,-0.000730373624499979
135010.00100000002,0.0471652038,0.046424290126078356,-0.0007409136739216435
135090.00100000002,0.0471348129,0.04639003318119094,-0.0007447797188090619
135170.00100000002,0.0471118353,0.04635577315541869,-0.000756062144581314
135250.00100000002,0.0470673554,0.04632151616123559,-0.0007458392387644092
135330.00100000002,0.0470354818,0.04628725361005123,-0.0007482281899487686
135410.00100000002,0.0470169522,0.04625297405329571,-0.000763978146704293
135490.00100000002,0.0469821207,0.046218702193808574,-0.0007634185061914239
135570.00100000002,0.0469583981,0.04618442286318993,-0.0007739752368100677
135660.00100000002,0.046913188,0.046145864053297375,-0.0007673239467026263
135740.00100000002,0.0468835421,0.04611193550196831,-0.0007716065980316947
135820.00100000002,0.0468590818,0.04607824003298437,-0.000780841767015629
135900.00100000002,0.0468175747,0.04604454405667639,-0.0007730306433236106
135980.00100000002,0.0467842184,0.04601084798134031,-0.0007733704186596926
136060.00100000002,0.0467508696,0.04597713960305508,-0.0007737299969449232
136140.00100000002,0.0467256643,0.04594342392162117,-0.0007822403783788248
136220.00100000002,0.0466819368,0.04590972109640712,-0.0007722157035928781
136300.00100000002,0.0466671102,0.045875994209524575,-0.0007911159904754259
136380.00100000002,0.0466374643,0.045842274626482105,-0.0007951896735178959
136460.00100000002,0.0465848409,0.04580856588934453,-0.0007762750106554694
136540.00100000002,0.0465351827,0.045798162291811696,-0.0007370204081883006
136620.00100000002,0.0465292521,0.045765437447703596,-0.0007638146522964059
136710.00100000002,0.0464758836,0.045720987813125204,-0.000754895786874793
136790.00100000002,0.046439562,0.04568147360076438,-0.0007580883992356138
136870.00100000002,0.0464173295,0.04564194338642925,-0.0007753861135707529
136950.00100000002,0.0463973172,0.0456024081728423,-0.0007949090271577031
137030.00100000002,0.0463283844,0.045562895670882515,-0.0007654887291174833
137110.00100000002,0.0463224538,0.04552333716793017,-0.0007991166320698365
137190.00100000002,0.0462705754,0.045483822411376426,-0.0007867529886235736
137270.00100000002,0.0462268405,0.045444277255317245,-0.0007825632446827532
137350.00100000002,0.046187561,0.04540473329728123,-0.0007828277027187719
137430.00100000002,0.046169769,0.04536430463130295,-0.0008054643686970508
137510.00100000002,0.0461134426,0.0453238751922943,-0.0007895674077057005
137590.00100000002,0.0460615493,0.045283437655651196,-0.0007781116443488015
137670.00100000002,0.0460526533,0.045242972361216764,-0.0008096809387832388
137760.00100000002,0.0460118912,0.0451974512480046,-0.0008144399519953993
137840.00100000002,0.0459770523,0.04515699358008886,-0.0008200587199111431
137920.00100000002,0.0459296219,0.045116540710863344,-0.0008130811891366579
138000.00100000002,0.0458747707,0.045076080269349166,-0.0007986904306508322
138080.00100000002,0.0458310433,0.045035614424424816,-0.0007954288755751826
138160.00100000002,0.0458169542,0.04499465877095587,-0.0008222954290441342
138240.00100000002,0.0457435735,0.044949535942013674,-0.0007940375579863282
138320.00100000002,0.0457250439,0.044904365582149,-0.0008206783178510008
138400.00100000002,0.0456813164,0.0448592022027101,-0.0008221141972898985
138480.00100000002,0.0456227623,0.04481405601110607,-0.0008087062888939289
138560.00100000002,0.0456146114,0.044768863128140254,-0.0008457482718597434
138640.00100000002,0.0455434509,0.0447237147215565,-0.0008197361784434976
138720.00100000002,0.0455026887,0.0446785396795682,-0.0008241490204318053
138800.00100000002,0.0454826765,0.044633337448635374,-0.0008493390513646254
138890.00100000002,0.0453989245,0.04458252390329244,-0.0008164005967075602
138970.00100000002,0.0453588925,0.04453739002974295,-0.0008215024702570503
139050.00100000002,0.045323316,0.044492468774636904,-0.0008308472253630989
139130.00100000002,0.0452944078,0.04444753119680169,-0.0008468766031983072
139210.00100000002,0.0452788435,0.04440257884177419,-0.0008762646582258088
139290.00100000002,0.0452024974,0.044357658103680545,-0.0008448392963194551
139370.00100000002,0.0451832302,0.04431269735620466,-0.0008705328437953394
139450.00100000002,0.0451061465,0.04426776400724146,-0.0008383824927585409
139530.00100000002,0.0450461097,0.04422282697666239,-0.0008232827233376136
139610.00100000002,0.0450461097,0.04417783749685756,-0.0008682722031424436
139690.00100000002,0.04496013,0.04413290522238934,-0.0008272247776106578
139770.00100000002,0.0449497513,0.04408300435194495,-0.0008667469480550527
139850.00100000002,0.0448860116,0.04402983179395463,-0.0008561798060453679
139940.00100000002,0.0448104106,0.0439700133519861,-0.0008403972480139008
140020.00100000002,0.0447852127,0.04391682149293538,-0.0008683912070646185
140100.00100000002,0.0447140522,0.0438636474465662,-0.0008504047534338005
140180.00100000002,0.0447021984,0.04381042566925557,-0.0008917727307444293
140260.00100000002,0.0446273349,0.04375724242638306,-0.0008700924736169402
140340.00100000002,0.0445984267,0.0437040178631841,-0.0008944088368159006
140420.00100000002,0.0445546918,0.04365079117358463,-0.0009039006264153701
140500.00100000002,0.0444701947,0.04359758234766486,-0.000872612352335142
140580.00100000002,0.0444361009,0.043544137069612986,-0.0008919638303870117
140660.00100000002,0.0444012694,0.04349061325191789,-0.0009106561480821118
140740.00100000002,0.0443612449,0.04343705637806224,-0.0009241885219377563
140820.00100000002,0.0442900918,0.043383534014043525,-0.0009065577859564758
140900.00100000002,0.0442478396,0.04332997648521319,-0.0009178631147868099
140990.00100000002,0.0441663079,0.04326974974274763,-0.0008965581572523695
141070.00100000002,0.044145558,0.043216166400315385,-0.0009293915996846161
141150.00100000002,0.0440996028,0.04316259326387644,-0.0009370095361235578
141230.00100000002,0.0440462343,0.04310902118093009,-0.0009372131190699129
141310.00100000002,0.0439795218,0.04305544905513337,-0.0009240727448666247
141390.00100000002,0.0439246781,0.043000300109548056,-0.0009243779904519467
141470.00100000002,0.0438631587,0.042944860481265036,-0.0009182982187349656
141550.00100000002,0.043839436,0.042889393084210095,-0.0009500429157899073
141630.00100000002,0.0437519811,0.04283396824230886,-0.0009180128576911362
141710.00100000002,0.0436949097,0.04277849987705501,-0.0009164098229449899
141790.00100000002,0.0436304249,0.04272303836989187,-0.0009073865301081271
141870.00100000002,0.0436007716,0.042667547833333326,-0.0009332237666666715
141950.00100000002,0.0435555615,0.04261205836802255,-0.0009435031319774481
142030.00100000002,0.0435036756,0.042556558144002055,-0.0009471174559979451
142120.00100000002,0.0434480868,0.04249411387667137,-0.0009539729233286331
142200.00100000002,0.0433547013,0.042434324161393304,-0.0009203771386066956
142280.00100000002,0.0433183797,0.042374355313294615,-0.0009440243867053846
142360.00100000002,0.0432613082,0.04231440518711893,-0.0009469030128810701
142440.00100000002,0.0432123877,0.04225444060502955,-0.0009579470949704488
142520.00100000002,0.0431582816,0.0421944645777267,-0.0009638170222733
142600.00100000002,0.0430745222,0.04213449884956687,-0.0009400233504331321
142680.00100000002,0.043028567,0.04207450407391613,-0.0009540629260838679
142760.00100000002,0.0429396294,0.04201454027888246,-0.0009250891211175366
142840.00100000002,0.0429077558,0.041954516644647645,-0.0009532391553523575
142920.00100000002,0.0428343751,0.0418928491467403,-0.000941525953259699
143000.00100000002,0.0427669324,0.04182534367741405,-0.0009415887225859496
143080.00100000002,0.0427231975,0.04175782110832647,-0.0009653763916735239
143170.00100000002,0.042675022,0.041681830381612536,-0.0009931916183874637
143250.00100000002,0.0426090546,0.04161430458729917,-0.000994750012700829
143330.00100000002,0.0425378941,0.041546751320382054,-0.000991142779617947
143410.00100000002,0.0424533971,0.04147922041509285,-0.0009741766849071451
143490.00100000002,0.0424096696,0.041411655204461176,-0.0009980143955388224
143570.00100000002,0.0423481502,0.041344071444535654,-0.0010040787554643424
143650.00100000002,0.0422784798,0.04127650146612613,-0.0010019783338738666
143730.00100000002,0.0422206633,0.041207701151483686,-0.0010129621485163165
143810.00100000002,0.0421554409,0.041136619702462685,-0.001018821197537316
143890.00100000002,0.0420598276,0.04106556043043497,-0.0009942671695650288
143970.00100000002,0.0420161001,0.040994458884979,-0.0010216412150210047
144050.00100000002,0.0419790335,0.04092332140132167,-0.0010557120986783297
144130.00100000002,0.0418715663,0.04085224105593521,-0.0010193252440647907
144220.00100000002,0.0418196805,0.04077220074675696,-0.0010474797532430344
144300.00100000002,0.0417322181,0.04070109104751629,-0.0010311270524837116
144380.00100000002,0.041673664,0.04062994273876101,-0.0010437212612389862
144460.00100000002,0.0416217782,0.04055877826678264,-0.0010629999332173595
144540.00100000002,0.0415395088,0.04048695402942791,-0.0010525547705720895
144620.00100000002,0.0414868779,0.04041436399318071,-0.0010725139068192835
144700.00100000002,0.041420918,0.04034176995382435,-0.0010791480461756486
144780.00100000002,0.0413675494,0.04026915402185274,-0.0010983953781472586
144860.00100000002,0.0412615575,0.04019657548503409,-0.0010649820149659095
144940.00100000002,0.041208189,0.040123946431606224,-0.0010842425683937756
145020.00100000002,0.0411296226,0.04005131710700831,-0.0010783054929916908
145100.00100000002,0.0410695858,0.039978663703714355,-0.0010909220962856472
145180.00100000002,0.0409954675,0.03990600723912042,-0.0010894602608795823
145260.00100000002,0.0409020744,0.03983337036641577,-0.0010687040335842293
145350.00100000002,0.0408338867,0.039748684039807664,-0.0010852026601923387
145430.00100000002,0.040770147,0.0396710904581392,-0.0010990565418608003
145510.00100000002,0.0406693406,0.03959351911857992,-0.001075821481420082
145590.00100000002,0.0406315438,0.039515889932470655,-0.0011156538675293481
145670.00100000002,0.0405433364,0.03943827091559298,-0.0011050654844070168
145750.00100000002,0.0404551364,0.039360682403345865,-0.0010944539966541364
145830.00100000002,0.0403765701,0.039283055344174776,-0.0010935147558252256
145910.00100000002,0.0403128229,0.039205388318045174,-0.001107434581954829
145990.00100000002,0.0402350016,0.0391277410096995,-0.0011072605903005017
146070.00100000002,0.0401719995,0.03905003739168652,-0.0011219621083134804
146150.00100000002,0.0400734209,0.0389721100010053,-0.0011013108989946993
146230.00100000002,0.0400222726,0.038893931630167425,-0.0011283409698325739
146310.00100000002,0.0399555676,0.038815755857050493,-0.001139811742949505
146400.00100000002,0.0398480929,0.03872492130199657,-0.0011231715980034307
146480.00100000002,0.0397739746,0.03863844413459671,-0.001135530465403288
146560.00100000002,0.0396650173,0.038551973022507596,-0.0011130442774924046
146640.00100000002,0.039587196,0.03846545725015373,-0.0011217387498462655
146720.00100000002,0.0395330824,0.038378909005105176,-0.0011541733948948266
146800.00100000002,0.0394211672,0.03829239543528595,-0.0011287717647140497
146880.00100000002,0.0393448211,0.038205838659327494,-0.001138982440672509
146960.00100000002,0.0392669924,0.038119264730997054,-0.0011477276690029445
147040.00100000002,0.039189171,0.038032676918735436,-0.0011564940812645655
147120.00100000002,0.0391076393,0.03794608017577038,-0.0011615591242296192
147200.00100000002,0.0390298106,0.03785815566859691,-0.0011716549314030877
147280.00100000002,0.0389505066,0.037767831880171014,-0.0011826747198289828
147360.00100000002,0.0388578586,0.037677470897919715,-0.0011803877020802878
147450.00100000002,0.0387585349,0.03757582991211863,-0.0011827049878813736
147530.00100000002,0.038670335,0.037485451452233164,-0.0011848835477668365
147610.00100000002,0.0385821275,0.03739504503867959,-0.0011870824613204115
147690.00100000002,0.0384991132,0.037304635281792696,-0.0011944779182073012
147770.00100000002,0.0384205468,0.0372141861238617,-0.0012063606761382947
147850.00100000002,0.0383479111,0.03712372474681853,-0.0012241863531814723
147930.00100000002,0.0382359959,0.03703328087321187,-0.0012027150267881273
148010.00100000002,0.0381062813,0.03693810624707157,-0.001168175052928433
148090.00100000002,0.0380766355,0.03683764037042883,-0.001238995129571166
148170.00100000002,0.0379535966,0.03673720979802754,-0.0012163868019724605
148250.00100000002,0.0378913321,0.03663671628905364,-0.0012546158109463593
148330.00100000002,0.0377897881,0.0365362340951271,-0.0012535540048728977
148410.00100000002,0.0376845412,0.03643574622315188,-0.0012487949768481207
148490.00100000002,0.0375844799,0.036335225158244985,-0.0012492547417550168
148580.00100000002,0.0375088789,0.0362220908523074,-0.0012867880476926039
148660.00100000002,0.0374117829,0.0361215195229618,-0.001290263377038206
148740.00100000002,0.0372998603,0.03602093832270681,-0.0012789219772931931
148820.00100000002,0.0371916406,0.03592492618941455,-0.0012667144105854497
148900.00100000002,0.0371353142,0.03583192728202465,-0.0013033869179753452
148980.00100000002,0.0370122753,0.03573895679206924,-0.0012733185079307624
149060.00100000002,0.0369181447,0.03564593476100246,-0.0012722099389975428
149140.00100000002,0.0368373506,0.03555287576332095,-0.0012844748366790462
149220.00100000002,0.0367195047,0.03545985020028761,-0.0012596544997123954
149300.00100000002,0.0366572402,0.03535084377924302,-0.0013063964207569861
149380.00100000002,0.0365527384,0.03524140218918758,-0.0013113362108124194
149460.00100000002,0.036451932,0.03513194653350727,-0.001319985466492729
149540.00100000002,0.0363414921,0.03502247432361682,-0.0013190177763831787
149630.00100000002,0.0362473615,0.034899256192468274,-0.0013481053075317245
149710.00100000002,0.0361169092,0.03478973858588984,-0.001327170614110161
149790.00100000002,0.0360035039,0.03468018751687471,-0.0013233163831252864
149870.00100000002,0.0359012224,0.03457060662137791,-0.0013306157786220907
149950.00100000002,0.0358122773,0.0344609895941893,-0.0013512877058107012
150030.00100000002,0.0357159264,0.03435095341739192,-0.0013649729826080773
150110.00100000002,0.0356180854,0.03423735963343381,-0.0013807257665661918
150190.00100000002,0.0354654007,0.03412377962317193,-0.001341621076828066
150270.00100000002,0.0353935026,0.0340101194607268,-0.001383383139273199
150350.00100000002,0.0352756493,0.03389644567088848,-0.0013792036291115223
150430.00100000002,0.0351748504,0.03378272360213804,-0.0013921267978619575
150510.00100000002,0.0350614451,0.03366899508251289,-0.0013924500174871055
150590.00100000002,0.0349702798,0.03355521198410862,-0.0014150678158913743
150680.00100000002,0.0348442756,0.033427181371681075,-0.001417094228318927
150760.00100000002,0.0347323529,0.033313355790139595,-0.0014189971098604037
150840.00100000002,0.0346211754,0.033197167286529196,-0.0014240081134708066
150920.00100000002,0.0345048048,0.03307288848767084,-0.001431916312329154
151000.00100000002,0.0343602784,0.032948615826812896,-0.001411662573187103
151080.00100000002,0.034255024,0.0328242615308663,-0.0014307624691336993
151160.00100000002,0.0341379158,0.03269990977261204,-0.0014380060273879586
151240.00100000002,0.0340348892,0.032575487335333726,-0.0014594018646662751
151320.00100000002,0.0339370556,0.03245101491006707,-0.0014860406899329312
151400.00100000002,0.0338303186,0.032326515725924564,-0.0015038028740754356
151480.00100000002,0.0336798541,0.03220200487846212,-0.0014778492215378816
151560.00100000002,0.033567939,0.03207744518651024,-0.0014904938134897572
151640.00100000002,0.0334612019,0.031953699212314876,-0.001507502687685125
151720.00100000002,0.0333211161,0.031833034930574475,-0.0014880811694255244
151810.00100000002,0.033178065,0.03169722591447198,-0.0014808390855280198
151890.00100000002,0.0330513231,0.03157644821755402,-0.0014748748824459784
151970.00100000002,0.0329623781,0.0314556036754145,-0.001506774424585501
152050.00100000002,0.0328348912,0.03133471927512278,-0.001500171924877218
152130.00100000002,0.0326799788,0.031204970940638885,-0.0014750078593611174
152210.00100000002,0.0325747319,0.031058473502162884,-0.001516258397837117
152290.00100000002,0.0324665196,0.03091191788763589,-0.0015546017123641113
152370.00100000002,0.032354597,0.030765338709050696,-0.0015892582909493025
152450.00100000002,0.0322063603,0.030618724772962184,-0.0015876355270378166
152530.00100000002,0.0320381038,0.03047208496083706,-0.0015660188391629429
152610.00100000002,0.0319313742,0.030325312861940974,-0.0016060613380590276
152690.00100000002,0.0318046324,0.03017853666539969,-0.0016260957346003087
152770.00100000002,0.0316474997,0.030031726868900044,-0.0016157728310999542
152860.00100000002,0.0315207504,0.029866463009981938,-0.0016542873900180603
152940.00100000002,0.0313636176,0.02971992661706228,-0.001643690982937717
153020.00100000002,0.0312220473,0.02957374391268777,-0.0016483033873122312
153100.00100000002,0.0310930815,0.029427471182251946,-0.001665610317748055
153180.00100000002,0.0309796762,0.029281117607013747,-0.0016985585929862532
153260.00100000002,0.0308180992,0.029134775147466315,-0.0016833240525336857
153340.00100000002,0.0306846816,0.028988312106534176,-0.0016963694934658234
153420.00100000002,0.0305453371,0.0288417857536813,-0.0017035513463187005
153500.00100000002,0.0303785708,0.028695230605856676,-0.0016833401941433249
153580.00100000002,0.0302458908,0.028548581396150925,-0.0016973094038490767
153660.00100000002,0.0300924648,0.028401866621305484,-0.0016905981786945155
153740.00100000002,0.0299805459,0.028247797034716252,-0.0017327488652837467
153820.00100000002,0.0298100729,0.02808571200292013,-0.00172436089707987
153910.00100000002,0.0296521951,0.027903195701857984,-0.001748999398142017
153990.00100000002,0.0295150746,0.02774087893891236,-0.0017741956610876387
154070.00100000002,0.0293394085,0.027578506247835196,-0.0017609022521648046
154150.00100000002,0.0292393472,0.027415972956449732,-0.0018233742435502694
154230.00100000002,0.0290599782,0.027253428154156063,-0.0018065500458439368
154310.00100000002,0.0289006215,0.027090787367442637,-0.0018098341325573641
154390.00100000002,0.0287471954,0.02692804668079302,-0.0018191487192069818
154470.00100000002,0.028590804,0.02676521000481171,-0.0018255939951882898
154550.00100000002,0.0284351502,0.02660764478487467,-0.00182750541512533
154630.00100000002,0.0282846894,0.02645358991774124,-0.00183109948225876
154710.00100000002,0.0281275567,0.026290907878414507,-0.0018366488215854938
154790.00100000002,0.0279807989,0.026112128288322534,-0.001868670611677465
154870.00100000002,0.0277947579,0.02593330672400827,-0.0018614511759917317
154950.00100000002,0.0276354011,0.025754306073006956,-0.0018810950269930425
155040.00100000002,0.0274493601,0.02555281781601951,-0.0018965422839804895
155120.00100000002,0.0272981543,0.025373577447050134,-0.0019245768529498643
155200.00100000002,0.0271365773,0.02519418673701655,-0.0019423905629834502
155280.00100000002,0.026949795,0.025014704082254275,-0.0019350909177457236
155360.00100000002,0.0267859902,0.024835071877548413,-0.0019509183224515857
155440.00100000002,0.0266066212,0.02465529315252232,-0.0019513280474776802
155520.00100000002,0.0264746863,0.024473305235214286,-0.002001381064785715
155600.00100000002,0.0262589995,0.024289045388927955,-0.001969954111072047
155680.00100000002,0.0261203963,0.024104523270463744,-0.0020158730295362567
155760.00100000002,0.025933614,0.02391991251241381,-0.00201370148758619
155840.00100000002,0.025758693,0.02373510213509347,-0.0020235908649065305
155920.00100000002,0.0255822893,0.023550098799970266,-0.002032190500029736
156000.00100000002,0.0254177433,0.023364904984527864,-0.002052838315472136
156090.00100000002,0.0252109487,0.023156346512686696,-0.002054602187313303
156170.00100000002,0.0250338037,0.022970767082897175,-0.0020630366171028244
156250.00100000002,0.0248633306,0.022784928181951523,-0.002078402418048478
156330.00100000002,0.0247128662,0.022590498889183717,-0.0021223673108162824
156410.00100000002,0.0245260876,0.02239021412307819,-0.002135873476921811
156490.00100000002,0.0243400428,0.022189686052057803,-0.002150356747942197
156570.00100000002,0.0241480749,0.021988924827028525,-0.0021591500729714747
156650.00100000002,0.0239716712,0.021787882850264447,-0.002183788349735552
156730.00100000002,0.0237804409,0.0215865815642049,-0.002193859335795103
156810.00100000002,0.0235921796,0.021384972652196094,-0.0022072069478039046
156890.00100000002,0.0233742651,0.021183135152582418,-0.002191129947417582
156970.00100000002,0.0231904481,0.02098091437706471,-0.002209533722935291
157050.00100000002,0.0230199751,0.02077626134695867,-0.0022437137530413286
157140.00100000002,0.0227976162,0.02052391366524156,-0.002273702534758438
157220.00100000002,0.0225930456,0.020299201459595472,-0.002293844140404528
157300.00100000002,0.022399595,0.020074093902100007,-0.0023255010978999943
157380.00100000002,0.0221920591,0.01984856501547925,-0.002343494084520753
157460.00100000002,0.0219756309,0.019622652779342598,-0.002352978120657403
157540.00100000002,0.0218236838,0.019396154544961755,-0.002427529255038245
157620.00100000002,0.0216072556,0.01916926074435425,-0.002437994855645751
157700.00100000002,0.0213737804,0.018941874790843763,-0.0024319056091562374
157780.00100000002,0.0211706888,0.018713911550612892,-0.0024567772493871085
157860.00100000002,0.0209750142,0.018482486340645397,-0.0024925278593546027
157940.00100000002,0.0207741503,0.01824052368990648,-0.002533626610093518
158020.00100000002,0.0205584634,0.017997926602811024,-0.0025605367971889767
158100.00100000002,0.0203272123,0.0177546344223831,-0.0025725778776169023
158180.00100000002,0.020118935,0.017510583354470446,-0.0026083516455295552
158270.00100000002,0.0198543277,0.01723506995083667,-0.002619257749163332
158350.00100000002,0.0196490157,0.01698920068470209,-0.0026598150152979116
158430.00100000002,0.0194511171,0.016742353327583778,-0.0027087637724162207
158510.00100000002,0.019217642,0.016494526181202687,-0.002723115818797313
158590.00100000002,0.0189797189,0.016245590738418195,-0.002734128161581806
158670.00100000002,0.0187492054,0.015992727104476166,-0.0027564782955238343
158750.00100000002,0.0185557511,0.015733395614471787,-0.0028223554855282135
158830.00100000002,0.0182874408,0.015472735756664675,-0.002814705043335324
158910.00100000002,0.0180598926,0.015210448265845751,-0.0028494443341542473
158990.00100000002,0.0178197492,0.014946448513653657,-0.0028733006863463414
159070.00100000002,0.0175951626,0.014680532734368618,-0.002914629865631381
159150.00100000002,0.0173728038,0.014412473066197124,-0.002960330733802875
159230.00100000002,0.0171393286,0.014124345248429036,-0.003014983351570964
159320.00100000002,0.0168895479,0.01378942015094905,-0.003100127749050949
159400.00100000002,0.0166560691,0.013488552267330145,-0.0031675168326698554
159480.00100000002,0.0163773838,0.013184373394577262,-0.0031930104054227366
159560.00100000002,0.0161602106,0.012876238937902835,-0.0032839716620971637
159640.00100000002,0.0159007926,0.012563633702870005,-0.003337158897129997
159720.00100000002,0.0156361852,0.012245971769839792,-0.0033902134301602074
159800.00100000002,0.0154301329,0.011922129440513197,-0.0035080034594868036
159880.00100000002,0.0151551506,0.011591291261438175,-0.0035638593385618252
159960.00100000002,0.0148883192,0.011252022542557671,-0.0036362966574423287
160040.00100000002,0.0146303819,0.010896298253096903,-0.003734083646903096
160120.00100000002,0.0144095058,0.010526692184579158,-0.0038828136154208416
160200.00100000002,0.0141189573,0.010141329108675802,-0.003977628191324198
160280.00100000002,0.0138832564,0.009735271598415201,-0.004147984801584799
160370.00100000002,0.0136053087,0.009245307501736905,-0.004360001198263096
160450.00100000002,0.0133132795,0.008768750274312441,-0.004544529225687559
160530.00100000002,0.0130694238,0.008234610695742153,-0.0048348131042578475
160610.00100000002,0.0128203845,0.007610500080649335,-0.005209884419350665
160690.00100000002,0.0125520723,0.0068298490502808696,-0.00572222324971913
160770.00100000002,0.0122555932,0.005704105407747454,-0.006551487792252546
