time_s,voltage_exp_V,voltage_sim_V,residual_V
0.0,0.1100081354,0.11565904325884088,0.005650907858840884
70.0,0.1110087186,0.11683919419855843,0.005830475598558427
140.0,0.1116424352,0.11727139783666338,0.005628962636663376
220.0,0.1121872067,0.11740385685240627,0.005216650152406271
290.0,0.1125911474,0.11729205280461677,0.004700905404616776
370.0,0.1129839867,0.11720820324509125,0.004224216545091253
440.0,0.1132937968,0.11704664980759645,0.0037528530075964517
510.0,0.1135895252,0.11686936217915755,0.003279836979157555
590.0,0.1138600558,0.11668552968770465,0.002825473887704655
660.0,0.1140950322,0.11651572613147315,0.00242069393147315
740.0,0.1143173873,0.11633529306891982,0.002017905768919817
810.0,0.1145100892,0.11618724156795628,0.0016771523679562778
890.0,0.1146813035,0.11602709091873606,0.0013457874187360608
960.0,0.1148287952,0.11589473967291608,0.0010659444729160805
1030.0,0.1149399728,0.11578335410276408,0.0008433813027640819
1110.0,0.1150837541,0.11566128689912242,0.0005775327991224127
1180.0,0.1151356399,0.11555848060542057,0.00042284070542056296
1260.0,0.1152364463,0.11544507685490896,0.00020863055490895344
1330.0,0.1152727753,0.11534897952886988,7.620422886987777e-05
1410.0,0.1153468937,0.11524388667399342,-0.00010300702600657408
1480.0,0.115393579,0.11516292160868527,-0.00023065739131472585
1550.0,0.1153735667,0.11508388636265238,-0.00028968033734762255
1630.0,0.1154165566,0.1149958919027673,-0.0004206646972327033
1700.0,0.1154069304,0.1149206201557404,-0.00048631024425960234
1780.0,0.1153965443,0.11483647186211468,-0.00056007243788532
1850.0,0.1153794974,0.11476439600363336,-0.0006151013963666407
1920.0,0.1153239161,0.11474630653324731,-0.0005776095667526931
2000.0,0.1153090894,0.11468239914644349,-0.0006266902535565083
2070.0,0.1152890772,0.11462750986989746,-0.0006615673301025443
2150.0,0.1152119786,0.11456581832585752,-0.0006461602741424793
2220.0,0.115163058,0.11451279061049482,-0.0006502673895051742
2300.0,0.1150985807,0.11445313832133185,-0.0006454423786681485
2370.0,0.1150644869,0.11440177238676055,-0.0006627145132394457
2440.0,0.1150103807,0.1143510864361591,-0.0006592942638408983
2520.0,0.1149755418,0.1142996695659858,-0.0006758722340141909
2590.0,0.114906624,0.11425768539736195,-0.0006489386026380523
2670.0,0.1148577034,0.11421039955701948,-0.0006473038429805206
2740.0,0.1147813648,0.11416952240230696,-0.0006118423976930326
2820.0,0.1147576421,0.11412346707888354,-0.0006341750211164565
2890.0,0.1146798134,0.11408356415553783,-0.0005962492444621659
2960.0,0.1146301627,0.11404413499419633,-0.0005860277058036684
3040.0,0.1145901382,0.11399960335261543,-0.000590534847384569
3110.0,0.114544183,0.11396403733874585,-0.0005801456612541389
3190.0,0.1144826561,0.11392582919584285,-0.0005568269041571483
3260.0,0.1144337505,0.11389273704116955,-0.0005410134588304527
3330.0,0.1143877953,0.11385994848541597,-0.0005278468145840237
3410.0,0.1143196076,0.11382285326557068,-0.0004967543344293196
3480.0,0.1142536402,0.11379066936731444,-0.0004629708326855664
3560.0,0.1142047197,0.11375426290293418,-0.000450456797065818
3630.0,0.1141357869,0.11372265608301506,-0.0004131308169849357
3710.0,0.1141076237,0.11368897591581491,-0.0004186477841850861
3780.0,0.1140727848,0.11367423255720661,-0.0003985522427933791
3850.0,0.1140127629,0.11365962704745797,-0.0003531358525420275
3930.0,0.1139801443,0.11364312230510616,-0.00033702199489384077
4000.0,0.1139490157,0.11362885993853158,-0.0003201557614684186
4080.0,0.1138711721,0.11361264933522428,-0.000258522764775726
4150.0,0.1138222516,0.11359863090827899,-0.00022362069172100763
4230.0,0.1137881577,0.1135828106867045,-0.0002053470132954982
4300.0,0.1137340516,0.11356904659440417,-0.0001650050055958252
4370.0,0.1137029231,0.11355420557969316,-0.00014871752030684582
4450.0,0.1136740297,0.11353047309634998,-0.00014355660365002187
4520.0,0.1136213988,0.11350981606344764,-0.00011158273655235973
4600.0,0.1135798991,0.11348639510072803,-9.350399927197939e-05
4670.0,0.1135687828,0.11346607005834641,-0.00010271274165359057
4750.0,0.1135035455,0.1134429118101091,-6.063368989089879e-05
4820.0,0.1135065109,0.11342285973950599,-8.3651160494011e-05
4890.0,0.1134709418,0.1134028708864509,-6.807091354910089e-05
4970.0,0.1133946031,0.11338010659658561,-1.4496503414396233e-05
5040.0,0.1133605093,0.11336036325006263,-1.4604993736622163e-07
5120.0,0.1133278906,0.11333724292399534,9.352323995348577e-06
5190.0,0.1133145541,0.11331706879042966,2.5146904296530215e-06
5260.0,0.113322705,0.11329698938158933,-2.5715618410665497e-05
5340.0,0.1132723093,0.113274131437088,1.8221370880061594e-06
5410.0,0.1132285744,0.11325422030415754,2.564590415753132e-05
5490.0,0.1132293195,0.11323160988052156,2.29038052156072e-06
5560.0,0.1131500155,0.11321188791855322,6.187241855321046e-05
5640.0,0.1131692827,0.11318949636783088,2.0213667830878967e-05
5710.0,0.113101095,0.11316997499937081,6.887999937081613e-05
5780.0,0.1130803376,0.11315233406836928,7.199646836927864e-05
5860.0,0.1130543947,0.11313768989965227,8.329519965226406e-05
5930.0,0.1130284518,0.1131249203832922,9.646858329219465e-05
6010.0,0.1129921377,0.11311042124667264,0.0001182835466726484
6080.0,0.1129654646,0.11309778298177815,0.00013231838177815702
6160.0,0.1129254401,0.11308343104245941,0.0001579909424594128
6230.0,0.1129017174,0.11307093084672942,0.00016921344672941874
6300.0,0.1128750294,0.11305847421548143,0.0001834448154814372
6380.0,0.1128772497,0.11304433331866248,0.00016708361866248078
6450.0,0.1128424257,0.11303198741367149,0.00018956171367148777
6530.0,0.1128439009,0.11301777988613365,0.00017387898613364927
6600.000999999989,0.1128016561,0.11300517781359921,0.00020352171359921956
6670.000999999989,0.1128031462,0.11299265076674875,0.00018950456674875216
6750.000999999989,0.1127801687,0.11297838217637285,0.0001982134763728466
6820.000999999989,0.1127312481,0.11296592425397467,0.00023467615397466945
6900.000999999989,0.1127186418,0.11295177363572695,0.00023313183572694351
6970.000999999989,0.1126897335,0.11293942442535754,0.00024969092535753745
7050.000999999989,0.1127060503,0.11292541400747444,0.00021936370747444034
7120.000999999989,0.1126549095,0.11291312056699568,0.0002582110669956811
7190.000999999989,0.112667501,0.11290095416024232,0.000233453160242314
7270.000999999989,0.1126356274,0.11289084237351985,0.0002552149735198517
7340.000999999989,0.1125941128,0.11288598395348352,0.00029187115348351667
7420.000999999989,0.1126163602,0.11288054274042297,0.00026418254042297196
7490.000999999989,0.1125659496,0.11287573462100324,0.0003097850210032338
7570.000999999989,0.1125489026,0.1128703153496376,0.00032141274963759514
7640.000999999989,0.1125703901,0.11286562838608341,0.0002952382860834102
7710.000999999989,0.1125185192,0.11286091457445208,0.0003423953744520758
7790.000999999989,0.1125237048,0.11285559454655622,0.0003318897465562215
7860.000999999989,0.1125022024,0.11285095448338253,0.00034875208338253083
7940.000999999989,0.1124992371,0.11284568305948098,0.00034644595948098156
8010.000999999989,0.1125140637,0.11283859759268638,0.000324533892686385
8090.000999999989,0.1124666333,0.11282935225905827,0.0003627189590582752
8160.000999999989,0.1124821901,0.11282132537394686,0.0003391352739468556
8230.00099999999,0.1124703288,0.11281330317017964,0.00034297437017963284
8310.00099999999,0.1124532819,0.1128041677533545,0.0003508858533545073
8380.00099999999,0.1124103069,0.11279616740969592,0.00038586050969591223
8460.00099999999,0.1123977005,0.1127870917778241,0.0003893912778240999
8530.00099999999,0.1124140024,0.1127791973862062,0.0003651949862061993
8600.00099999999,0.1124221534,0.11277130511548077,0.00034915171548076385
8680.00099999999,0.1124065965,0.11276231867911952,0.0003557221791195275
8750.00099999999,0.1123636067,0.11275392811020309,0.00039032141020309274
8830.00099999999,0.1123406291,0.11274336547710705,0.0004027363771070408
8900.00099999999,0.1123717576,0.1127341837295861,0.00036242612958610476
8980.00099999999,0.1123228371,0.11272365230160239,0.00040081520160238637
9050.00099999999,0.1123102456,0.11271447657747075,0.00040423097747074865
9120.00099999999,0.1123339534,0.11270536298141982,0.00037140958141981817
9200.00099999999,0.1122657657,0.11269489303627997,0.0004291273362799636
9270.00099999999,0.112268731,0.11268580123427221,0.00041707023427221823
9350.00099999999,0.1122739166,0.1126754404317371,0.0004015238317371106
9420.00099999999,0.1122657657,0.11266637394175934,0.0004006082417593315
9500.00099999999,0.1122650355,0.11265634571237149,0.00039131021237148733
9570.00099999999,0.1122309417,0.11265259410649031,0.0004216524064903082
9640.00099999999,0.1121872067,0.11264887159864895,0.00046166489864894744
9720.00099999999,0.1121864617,0.112644640005932,0.0004581783059319916
9790.00099999999,0.1121612638,0.11264094508199628,0.0004796812819962831
9870.00099999999,0.1121568233,0.11263674686149827,0.00047992356149827164
9940.00099999999,0.1121560782,0.1126331037103202,0.0004770255103202087
10010.00099999999,0.1121575534,0.1126294720244034,0.0004719186244034057
10090.00099999999,0.1121108681,0.11262530136833047,0.0005144332683304775
10160.00099999999,0.1121434718,0.11262171798386947,0.00047824618386946294
10240.00099999999,0.112136066,0.11261760465576383,0.0004815386557638218
10310.00099999999,0.1120856702,0.11261540793705106,0.0005297377370510614
10390.00099999999,0.1120893657,0.11261452651205353,0.0005251608120535323
10460.00099999999,0.1120960414,0.1126137784092738,0.0005177370092737943
10530.00099999999,0.1120626926,0.11261299632746646,0.0005503037274664641
10610.00099999999,0.1120441556,0.11261214597975022,0.0005679903797502217
10680.00099999999,0.1120678782,0.11261142735306272,0.0005435491530627196
10760.00099999999,0.1120560169,0.11261059490736317,0.0005545780073631656
10830.00099999999,0.1120404452,0.11260987497192239,0.0005694297719223834
10910.00099999999,0.1120159924,0.11260906731711562,0.0005930749171156185
10980.00099999999,0.1120130271,0.11260837657255304,0.0005953494725530473
11050.00099999999,0.1120115519,0.1126077013786544,0.000596149478654398
11130.00099999999,0.1120226681,0.11260444495095723,0.0005817768509572274
11200.00099999999,0.1120189577,0.11260141278839658,0.0005824550883965773
11280.00099999999,0.1120048761,0.11259793975397456,0.0005930636539745598
11350.00099999999,0.1119930148,0.11259491457456969,0.0006018997745696891
11430.00099999999,0.1119878292,0.11259147991092616,0.0006036507109261624
11500.00099999999,0.111977458,0.1125884855857567,0.0006110275857566932
11570.00099999999,0.111977458,0.1125855009310526,0.0006080429310525992
11650.00099999999,0.1119485497,0.11258208610900208,0.0006335364090020862
11720.00099999999,0.111941874,0.11257910714663828,0.0006372331466382858
11800.00099999999,0.11195077,0.11257575136433612,0.0006249813643361135
11870.00099999999,0.1119292825,0.11257152819993743,0.0006422456999374271
11940.00099999999,0.1119351983,0.11256530802165621,0.0006301097216562107
12020.00099999999,0.1119366884,0.11255820066510319,0.000621512265103194
12090.00099999999,0.1119114906,0.1125519868811703,0.0006404962811702997
12170.00099999999,0.1119092703,0.11254490208629635,0.0006356317862963451
12240.00099999999,0.1119085252,0.1125387166482574,0.0006301914482574056
12320.00099999999,0.111879617,0.11253164250271877,0.0006520255027187699
12390.00099999999,0.1118951887,0.11252549940115461,0.0006303107011546155
12460.00099999999,0.1118685007,0.11251931556896086,0.0006508148689608612
12540.00099999999,0.1118944436,0.1125123040301461,0.0006178604301460972
12610.00099999999,0.1118677557,0.1125061652323493,0.0006384095323492961
12690.00099999999,0.111889258,0.1125048582985708,0.0006156002985708009
12760.00099999999,0.1118514538,0.11250565736489576,0.0006542035648957611
12840.00099999999,0.1118907332,0.11250664205238353,0.0006159088523835371
12910.00099999999,0.1118536741,0.11250745778854437,0.0006537836885443793
12980.00099999999,0.1118314415,0.11250830009017851,0.0006768585901785057
13060.00099999999,0.1118240356,0.11250926229315893,0.0006852266931589301
13130.00099999999,0.1118558943,0.11251016334243055,0.0006542690424305581
13210.00099999999,0.1118151397,0.11251111598910407,0.0006959762891040749
13280.00099999999,0.1118166149,0.11251199900790095,0.0006953841079009454
13350.00099999999,0.1118403375,0.11251277716954086,0.0006724396695408641
13430.00099999999,0.1118284762,0.11251162320360839,0.0006831470036083864
13500.00099999999,0.1118255109,0.11251062319315949,0.0006851122931594983
13580.00099999999,0.1117832661,0.11250946516203077,0.0007261990620307662
13650.00099999999,0.1118306965,0.1125085119070959,0.0006778154070959108
13730.00099999999,0.1118240356,0.11250740428811756,0.0006833686881175666
13800.00099999999,0.1117840111,0.11250641167814449,0.0007224005781444887
13870.00099999999,0.1118084639,0.1125054651827456,0.0006970012827455935
13950.00099999999,0.1117662191,0.11250435074216576,0.000738131642165768
14020.00099999999,0.1117751151,0.11250340288947995,0.0007282877894799478
14100.00099999999,0.1117899418,0.11250234129686833,0.0007123994968683267
14170.00099999999,0.1117610335,0.11250364284599448,0.0007426093459944882
14250.00099999999,0.1117669642,0.1125083134943637,0.0007413492943637023
14320.00099999999,0.1117521375,0.11251241856042682,0.0007602810604268179
14390.00099999999,0.1117810458,0.11251655852456466,0.000735512724564652
14470.00099999999,0.111755833,0.11252124090513535,0.0007654079051353513
14540.00099999999,0.1117810458,0.11252537282910649,0.0007443270291064841
14620.00099999999,0.1117365658,0.11253005916191372,0.0007934933619137136
14690.00099999999,0.1117758453,0.11253422296565897,0.0007583776656589769
14770.00099999999,0.1117543578,0.11253892531312304,0.000784567513123044
14840.00099999999,0.1117261946,0.11254305171037243,0.0008168571103724376
14910.00099999999,0.1117254496,0.11254719356614454,0.0008217439661445392
14990.00099999999,0.1117180437,0.1125473782623092,0.0008293345623092002
15060.00099999999,0.1117899418,0.11254589390235423,0.0007559521023542265
15140.00099999999,0.1117899418,0.112544158015152,0.0007542162151519954
15210.00099999999,0.1117699295,0.11254264376430456,0.0007727142643045581
15280.00099999999,0.1117462069,0.11254111888015225,0.0007949119801522464
15360.00099999999,0.1117587984,0.11253943003017466,0.0007806316301746663
15430.00099999999,0.1117625087,0.11253793904430229,0.0007754303443022886
15510.00099999999,0.1117239743,0.11253621989837659,0.0008122455983765875
15580.00099999999,0.1117491722,0.11253476243678967,0.0007855902367896739
15660.00099999999,0.1117284149,0.11253305369177061,0.0008046387917706038
15730.00099999999,0.1117091477,0.11253159093586781,0.0008224432358678174
15800.00099999999,0.1117187887,0.11253260221346484,0.0008138135134648367
15880.00099999999,0.1117180437,0.11253376326119419,0.0008157195611941809
15950.00099999999,0.1117380559,0.11253479306371215,0.0007967371637121606
16030.00099999999,0.1117150784,0.11253595093109625,0.0008208725310962506
16100.00099999999,0.1117150784,0.11253698115128166,0.0008219027512816612
16180.00099999999,0.1117469519,0.11253818856613246,0.0007912366661324555
16250.00099999999,0.1117187887,0.11253921613191553,0.0008204274319155297
16320.00099999999,0.1117469519,0.11254026697205058,0.0007933150720505766
16400.00099999999,0.111729905,0.11254145267756957,0.0008115476775695657
16470.00099999999,0.1117476821,0.1125425195501744,0.0007948374501744043
16550.00099999999,0.1117261946,0.11254434028875035,0.0008181456887503546
16620.00099999999,0.1117046922,0.11254726331163256,0.0008425711116325646
16690.00099999999,0.1117054373,0.11255021988536391,0.0008447825853639124
16770.00099999999,0.111729905,0.11255362999312069,0.0008237249931206808
16840.00099999999,0.1117350906,0.11255658580938277,0.0008214952093827665
16920.00099999999,0.1117284149,0.11255996848128016,0.0008315535812801617
16990.00099999999,0.111702472,0.1125629088175095,0.0008604368175094967
17070.002000000008,0.1117269397,0.11256632637296729,0.0008393866729672905
17140.002000000008,0.1117165536,0.11256929269222204,0.0008527390922220407
17210.002000000008,0.1117269397,0.11257227810823389,0.0008453384082338922
17290.002000000008,0.1116995066,0.11257566383919163,0.0008761572391916272
17360.002000000008,0.1117432415,0.11257795423319164,0.0008347127331916337
17440.002000000008,0.1117387861,0.11257973436654004,0.0008409482665400342
17510.002000000008,0.1116913557,0.11258126902384802,0.0008899133238480239
17590.002000000008,0.1117002517,0.11258305708808874,0.0008828053880887421
17660.002000000008,0.1116972864,0.11258463745309345,0.0008873510530934547
17730.002000000008,0.1116980314,0.11258621472357276,0.0008881833235727665
17810.002000000008,0.1117313802,0.11258804399185776,0.0008566637918577674
17880.002000000008,0.1116972864,0.1125895980361284,0.0008923116361284067
17960.002000000008,0.1117402762,0.1125914406685018,0.0008511644685017944
18030.002000000008,0.1117098927,0.11259300913512224,0.000883116435122247
18110.002000000008,0.1117180437,0.11259483953450253,0.0008767958345025223
18180.002000000008,0.111720264,0.11260067421634051,0.0008804102163405131
18250.002000000008,0.1117269397,0.11260745506868775,0.0008805153686877454
18330.002000000008,0.1117076576,0.11261516792334289,0.0009075103233428944
18400.002000000008,0.1117387861,0.11262195493425836,0.0008831688342583605
18480.002000000008,0.1117158234,0.11262968050075098,0.000913857100750981
18550.002000000008,0.111729905,0.1126364671245427,0.0009065621245426952
18620.002000000008,0.1117336005,0.11264325062616694,0.000909650126166936
18700.002000000008,0.1117106229,0.1126509832699554,0.0009403603699554008
18770.002000000008,0.1117454618,0.11265778788464638,0.0009123260846463782
18850.002000000008,0.1117476821,0.1126654513384194,0.000917769238419408
18920.002000000008,0.1117573231,0.11267143394923651,0.0009141108492365102
19000.002000000008,0.111720264,0.11267825003643087,0.0009579860364308662
19070.002000000008,0.1117536128,0.11268426360077413,0.0009306508007741326
19140.002000000008,0.1117676944,0.11269026437220656,0.0009225699722065495
19220.002000000008,0.1117565781,0.11269711620814393,0.000940538108143929
19290.002000000008,0.1117373109,0.11270309488409612,0.0009657839840961219
19370.002000000008,0.1117684394,0.1127099802541523,0.0009415408541522952
19440.002000000008,0.1117350906,0.11271595514213173,0.0009808645421317264
19520.002000000008,0.1117343456,0.11272281888425179,0.0009884732842517785
19590.002000000008,0.1117684394,0.1127288540484172,0.0009604146484172016
19660.002000000008,0.1117343456,0.11273507231451174,0.001000726714511735
19740.002000000008,0.1117336005,0.1127428422898959,0.0010092417898958927
19810.002000000008,0.1117417514,0.11274965852936839,0.0010079071293683795
19890.002000000008,0.1117587984,0.11275743680299033,0.0009986384029903317
19960.002000000008,0.1117350906,0.11276422649290439,0.0010291358929043898
20030.002000000008,0.1117543578,0.11277104378899902,0.0010166859889990248
20110.002000000008,0.1117617637,0.11277883804216982,0.001017074342169813
20180.002000000008,0.1117610335,0.11278564493217352,0.0010246114321735278
20260.002000000008,0.1117676944,0.11279343655188648,0.0010257421518864718
20330.002000000008,0.1117639989,0.11280025364395041,0.0010362547439504155
20410.002000000008,0.1117610335,0.112808039302986,0.0010470058029860008
20480.002000000008,0.1117928922,0.11281780571644612,0.0010249135164461243
20550.002000000008,0.1117906719,0.11282962450554608,0.0010389526055460813
20630.002000000008,0.1117617637,0.11284311958158173,0.0010813558815817303
20700.002000000008,0.1117788106,0.11285495747840196,0.0010761468784019623
20780.002000000008,0.1117847413,0.11286849368515178,0.0010837523851517789
20850.002000000008,0.1118017882,0.11288032535491993,0.0010785371549199285
20930.002000000008,0.1117840111,0.11289384086441909,0.0011098297644190902
21000.002000000008,0.1117884517,0.11290568063295178,0.0011172289329517832
21070.002000000008,0.1117988229,0.11291753034255601,0.0011187074425560162
21150.002000000008,0.1118314415,0.11293108841825028,0.0010996469182502772
21220.002000000008,0.1118173599,0.11294293351327298,0.0011255736132729788
21300.002000000008,0.1118306965,0.11295419383719407,0.0011234973371940793
21370.002000000008,0.1118203253,0.11296345394647939,0.001143128646479391
21450.002000000008,0.1118195802,0.11297403101134387,0.0011544508113438684
21520.002000000008,0.1118299514,0.1129833009445926,0.0011533495445925912
21590.002000000008,0.1118277311,0.11299255823946999,0.0011648271394699983
21670.002000000008,0.1118418127,0.11300316038302481,0.0011613476830248104
21740.002000000008,0.1118521988,0.11301243672385067,0.001160237923850671
21820.002000000008,0.1118388474,0.1130230123870912,0.0011841649870912019
21890.002000000008,0.111871466,0.11303231608460712,0.001160850084607118
21960.002000000008,0.1118403375,0.11304156586385113,0.0012012283638511284
22040.002000000008,0.111861825,0.11305211976121077,0.0011902947612107695
22110.002000000008,0.1118781418,0.11305933544917735,0.0011811936491773478
22190.002000000008,0.1118833274,0.11306756846825944,0.0011842410682594423
22260.002000000008,0.1118596047,0.11307476674288201,0.0012151620428820092
22340.002000000008,0.1118492335,0.11308299506784922,0.001233761567849212
22410.002000000008,0.111888513,0.11309023762711858,0.0012017246271185805
22480.002000000008,0.111870721,0.11309744716369119,0.001226726163691183
22560.002000000008,0.1118766516,0.11310568406609109,0.0012290324660910873
22630.002000000008,0.1118981391,0.11311292012604254,0.0012147810260425412
22710.002000000008,0.1119025946,0.11312118164540366,0.0012185870454036601
22780.002000000008,0.111897409,0.11312839642123616,0.00123098742123616
22860.002000000008,0.1119277924,0.11313940101915437,0.0012116086191543696
22930.002000000008,0.1119255722,0.11315517827898999,0.0012296060789899893
23000.002000000008,0.1119292825,0.11317096009034455,0.0012416775903445476
23080.002000000008,0.1119470596,0.11318902633629288,0.001241966736292885
23150.002000000008,0.1119537354,0.11320480136006397,0.0012510659600639684
23230.002000000008,0.1119448394,0.11322283819817278,0.0012779987981727803
23300.002000000008,0.1119455844,0.11323862405884008,0.0012930396588400755
23370.002000000008,0.1119848639,0.1132544401352194,0.0012695762352194079
23450.002000000008,0.1119937599,0.11327249909492679,0.001278739194926784
23520.002000000008,0.1120070964,0.11328829755871123,0.0012812011587112204
23600.002000000008,0.1119804233,0.11330574695294308,0.0013253236529430779
23670.002000000008,0.1120137721,0.11331977173471265,0.0013059996347126457
23750.002000000008,0.1120256335,0.11333577849979108,0.0013101449997910825
23820.002000000008,0.1120152473,0.11334977743206656,0.0013345301320665665
23890.002000000008,0.1119996905,0.11336375945676785,0.0013640689567678554
23970.002000000008,0.1120523065,0.11337979822331554,0.0013274917233155326
24040.002000000008,0.1120241433,0.11339378077606323,0.0013696374760632235
24120.002000000008,0.1120508313,0.11340981010879515,0.0013589788087951526
24190.002000000008,0.1120508313,0.11342381625420246,0.0013729849542024608
24270.002000000008,0.1120530516,0.11343983042787903,0.0013867788278790344
24340.002000000008,0.1120397151,0.11345384065870992,0.0014141255587099139
24410.002000000008,0.1120582372,0.11346652122089466,0.0014082840208946706
24490.002000000008,0.1120967865,0.11347929717545405,0.0013825106754540434
24560.002000000008,0.1121041924,0.11349046598145929,0.0013862735814592908
24640.002000000008,0.1121219844,0.11350324071228973,0.0013812563122897331
24710.002000000008,0.112100482,0.11351439469310953,0.0014139126931095314
24790.002000000008,0.1121382862,0.11352719111233917,0.001388904912339159
24860.002000000008,0.1121494025,0.11353836008551932,0.0013889575855193237
24930.002000000008,0.1121286601,0.11354952582133916,0.0014208657213391623
25010.002000000008,0.1121242046,0.11356228383304234,0.0014380792330423442
25080.002000000008,0.1121494025,0.11357346775803592,0.001424065258035928
25160.002000000008,0.1121545881,0.11358626074973444,0.0014316726497344417
25230.002000000008,0.1121775657,0.1136018699414065,0.0014243042414065071
25300.002000000008,0.1121901721,0.1136189012477417,0.0014287291477416975
25380.002000000008,0.1121820211,0.11363834639578373,0.0014563252957837253
25450.002000000008,0.1122057289,0.1136553855015351,0.001449656601535107
25530.002000000008,0.1122346371,0.1136748599088167,0.001440222808816699
25600.002000000008,0.1122420579,0.11369189007220978,0.0014498321722097862
25680.002000000008,0.1122450233,0.11371135792707598,0.001466334627075988
25750.002000000008,0.1122464985,0.11372837617592238,0.00148187767592238
25820.002000000008,0.1122620702,0.11374540927518306,0.0014833390751830683
25900.002000000008,0.1122620702,0.11376488196960785,0.0015028117696078563
25970.002000000008,0.1122880131,0.11378193024642154,0.001493917146421539
26050.002000000008,0.1122983843,0.11380331423211865,0.0015049299321186482
26120.002000000008,0.1123065352,0.11382217739386505,0.0015156421938650466
26200.002000000008,0.1123161763,0.11384372959288491,0.0015275532928849117
26270.002000000008,0.1123258024,0.11386258779787634,0.0015367853978763418
26340.002000000008,0.1123258024,0.11388144676572315,0.001555644365723155
26420.002000000008,0.11234878,0.11390300359891303,0.0015542235989130376
26490.002000000008,0.1123584211,0.11392187936258036,0.001563458262580364
26570.002000000008,0.1123784333,0.113943447159312,0.0015650138593120005
26640.002000000008,0.1123902947,0.1139623208648494,0.0015720261648494022
26710.002000000008,0.1123813987,0.11398117839287608,0.0015997796928760855
26790.002000000008,0.1124236435,0.11400201296552573,0.0015783694655257252
26860.002000000008,0.1124080718,0.11401691522353107,0.00160884342353107
26940.002000000008,0.1124436557,0.114033992970028,0.0015903372700279972
27010.002000000008,0.1124732941,0.11404892878737516,0.001575634687375163
27090.002000000008,0.1124770045,0.1140659818117227,0.0015889773117226946
27160.002000000008,0.1124762595,0.11408088867669117,0.0016046291766911719
27230.002000000008,0.1124866456,0.11409581993995517,0.0016091743399551661
27310.002000000008,0.1124985069,0.11411287470162967,0.0016143678016296709
27380.002000000008,0.1125274003,0.11412781661049468,0.001600416310494679
27460.002000000008,0.1125392616,0.11414488319307424,0.001605621593074244
27530.002000000008,0.1125444472,0.11415981250133128,0.0016153653013312869
27610.002000000008,0.1125555784,0.11418311104423504,0.0016275326442350413
27680.002000000008,0.1125837415,0.11421107930612537,0.0016273378061253674
27750.002000000008,0.112605229,0.11423905059332659,0.0016338215933265898
27830.002000000008,0.1125703901,0.11427097190599794,0.0017005818059979416
27900.002000000008,0.1125985533,0.11429894732866727,0.0017003940286672709
27980.002000000008,0.1126104295,0.11433091019061214,0.0017204806906121473
28050.002000000008,0.112614885,0.11435886839793691,0.0017439833979369102
28130.002000000008,0.1126274765,0.11438503881168471,0.00175756231168471
28200.002000000008,0.1126778871,0.11440545571532137,0.001727568615321376
28270.002000000008,0.1126637906,0.11442583377261493,0.001762043172614941
28350.002000000008,0.1126890033,0.11444914915918411,0.0017601458591841035
28420.002000000008,0.1126756519,0.11446953584702327,0.0017938839470232615
28500.002000000008,0.11274755,0.11449288464654592,0.0017453346465459152
28570.002000000008,0.1127312481,0.11451327165196906,0.0017820235519690614
28640.002000000008,0.1127327234,0.1145336658084821,0.0018009424084820952
28720.002000000008,0.1127816439,0.11455700563619141,0.0017753617361914026
28790.002000000008,0.1128024012,0.11457742341947705,0.0017750222194770487
28870.002000000008,0.1128142625,0.11460074485896282,0.0017864823589628237
28940.002000000008,0.1128016561,0.11462419319228676,0.0018225370922867606
29020.002000000008,0.1128246337,0.11465137300695998,0.001826739306959979
29090.002000000008,0.1128505766,0.11467517170897916,0.0018245951089791573
29160.002000000008,0.1128550172,0.11469894811544915,0.0018439309154491407
29240.002000000008,0.1128594726,0.11472611909021407,0.0018666464902140772
29310.002000000008,0.1128728092,0.11474990578757904,0.0018770965875790496
29390.002000000008,0.1129350662,0.11477711916624596,0.001842052966245955
29460.002000000008,0.112942487,0.11480090991176267,0.0018584229117626777
29540.002000000008,0.1129402518,0.11482807310020102,0.0018878213002010147
29610.002000000008,0.1129224747,0.11485186026161108,0.0019293855616110828
29680.002000000008,0.1129921377,0.11487579288081409,0.0018836551808140978
29760.002000000008,0.1129988134,0.1149056553374396,0.0019068419374396045
29830.002000000008,0.1130099297,0.11493178252053916,0.001921852820539166
29910.002000000008,0.113030687,0.11496165209919391,0.0019309650991939098
29980.002000000008,0.1130410582,0.11498778518121086,0.0019467269812108584
30050.002000000008,0.1130618155,0.11501392444977132,0.001952108949771325
30130.002000000008,0.1130870134,0.11504380536750405,0.0019567919675040485
30200.002000000008,0.1130966395,0.11506994617023591,0.0019733066702359164
30280.002000000008,0.1131307334,0.11509982028325622,0.001969086883256213
30350.002000000008,0.1131322235,0.11512596046183637,0.0019937369618363704
30430.002000000008,0.1131581664,0.11515585287092156,0.001997686470921564
30500.002000000008,0.1131752133,0.11518202355586213,0.002006810255862135
30570.002000000008,0.1132263541,0.11520831944616869,0.001981965346168693
30650.002000000008,0.1131685376,0.11523831551490046,0.0020697779149004697
30720.002000000008,0.1132033765,0.1152645835002559,0.002061207000255902
30800.002000000008,0.1132285744,0.11529461811664533,0.00206604371664533
30870.002000000008,0.1132582277,0.11532090456174508,0.0020626768617450775
30950.002000000008,0.1132930517,0.11535095617782234,0.0020579044778223504
31020.002000000008,0.1133056581,0.11537724304460609,0.002071584944606089
31090.002000000008,0.1133345664,0.1154035193949215,0.0020689529949214913
31170.002000000008,0.1133375317,0.11543354177162482,0.0020960100716248264
31240.002000000008,0.1133456826,0.11545981448557686,0.002114131885576867
31320.002000000008,0.1133938581,0.11549100997051173,0.0020971518705117376
31390.002000000008,0.1133886725,0.11551910137986293,0.002130428879862936
31470.002000000008,0.1134368479,0.11555123595801556,0.0021143880580155594
31540.002000000008,0.1134635359,0.11557935701745414,0.0021158211174541475
31610.002000000008,0.1134650111,0.11560744292502148,0.002142431825021482
31690.002000000008,0.1135042906,0.11563958443936503,0.0021352938393650323
31760.002000000008,0.1135042906,0.11566767296096979,0.002163382360969787
31840.002000000008,0.1135280132,0.11569980680856161,0.002171793608561609
31910.002000000008,0.1135346889,0.11572789857710766,0.002193209677107663
31980.002000000008,0.1135717481,0.11575601398204735,0.0021842658820473565
32060.002000000008,0.1135850847,0.11578813276169603,0.0022030480616960224
32130.002000000008,0.1136095375,0.11582441730006629,0.002214879800066294
32210.002000000008,0.1136399359,0.11586873330085803,0.002228797400858032
32280.002000000008,0.113649562,0.11590748507283426,0.0022579230728342614
32360.002000000008,0.1136740297,0.1159517889881242,0.0022777592881241954
32430.002000000008,0.1137073785,0.11599056141795636,0.0022831829179563584
32500.002000000008,0.113756299,0.11602934652389982,0.0022730475238998127
32580.002000000008,0.1137822419,0.11607366088008805,0.0022914189800880558
32650.002000000008,0.1138074398,0.11611027125818876,0.00230283145818877
32730.002000000008,0.1137896478,0.11614719536286716,0.002357547562867157
32800.00200000001,0.1138519049,0.11617956114588263,0.002327656245882631
32880.00200000001,0.1138556153,0.11621651355484376,0.0023608982548437574
32950.00200000001,0.1138696969,0.11624884589121874,0.0023791489912187436
33020.00200000001,0.1138978601,0.11628119379341884,0.0023833336934188376
33100.00200000001,0.1139312238,0.11631817176971375,0.002386947969713754
33170.00200000001,0.113969028,0.11635051840756222,0.00238149040756222
33250.00200000001,0.1139808893,0.11638748393276283,0.0024065946327628263
33320.00200000001,0.1139934808,0.11641982621106817,0.002426345411068162
33390.00200000001,0.1140246093,0.11645217729594867,0.0024275679959486762
33470.00200000001,0.1140453666,0.11649384083788558,0.0024484742378855784
33540.00200000001,0.1140772402,0.1165337151692892,0.0024564749692892046
33620.00200000001,0.1140913218,0.11657928188098625,0.002487960080986243
33690.00200000001,0.1141254157,0.11661915813415027,0.0024937424341502784
33770.00200000001,0.1141624749,0.11666474516020175,0.00250227026020175
33840.00200000001,0.1141802669,0.11670462068718995,0.002524353787189959
33910.00200000001,0.1142158359,0.1167444963266788,0.0025286604266787915
33990.00200000001,0.114225477,0.11679006080836202,0.0025645838083620115
34060.00200000001,0.1142499298,0.11682993967205295,0.002580009872052952
34140.00200000001,0.1142906994,0.11687553652777725,0.0025848371277772536
34210.00200000001,0.1142899543,0.11691539403094828,0.0026254397309482813
34290.00200000001,0.1143314689,0.11696091429264316,0.002629445392643162
34360.00200000001,0.1143751889,0.11700075525344164,0.002625566353441647
34430.00200000001,0.1143818647,0.11704057366542049,0.0026587089654204893
34510.00200000001,0.1144122481,0.11708606822310746,0.002673820123107462
34580.00200000001,0.1144500524,0.11712590630732457,0.0026758539073245685
34660.00200000001,0.1144767404,0.11717140249318636,0.002694662093186362
34730.00200000001,0.1145130545,0.11721124683474596,0.002698192334745955
34810.00200000001,0.1145486236,0.11725676499251102,0.002708141392511021
34880.00200000001,0.1145834625,0.11729659612641319,0.0027131336264131917
34950.00200000001,0.1145871729,0.11733640885311322,0.002749235953113216
35030.00200000001,0.114641279,0.1173821247029776,0.0027408457029775984
35100.00200000001,0.1146561056,0.11742536892242289,0.002769263322422888
35180.00200000001,0.1146664768,0.11747481088156578,0.0028083340815657776
35250.00200000001,0.114721328,0.11751809907801589,0.002796771078015889
35320.00200000001,0.1147598624,0.11756138492527768,0.002801522525277683
35400.00200000001,0.1147702336,0.1176108196947336,0.002840586094733602
35470.00200000001,0.1148117483,0.117654082351167,0.002842334051167003
35550.00200000001,0.1148458421,0.11770355701246787,0.0028577149124678763
35620.00200000001,0.1148628891,0.11774681345425492,0.002883924354254913
35700.00200000001,0.1149088442,0.117796275804052,0.0028874316040519987
35770.00200000001,0.1149184704,0.11783954565962759,0.0029210752596275924
35840.00200000001,0.1149614602,0.11788340451057472,0.0029219443105747145
35920.00200000001,0.1149955541,0.11793627242876117,0.00294071832876118
35990.00200000001,0.1150548458,0.11798255594846717,0.002927710148467169
36070.00200000001,0.1150748581,0.11803541941255741,0.002960561312557411
36140.00200000001,0.1150896847,0.11808166400299486,0.002991979302994857
36220.00200000001,0.115109697,0.1181345230921289,0.00302482609212891
36290.00200000001,0.1151519418,0.11818079882473717,0.0030288570247371666
36360.00200000001,0.1151956767,0.1182270728910842,0.0030313961910841958
36440.00200000001,0.1152179092,0.11827992623409628,0.0030620170340962816
36510.00200000001,0.115243867,0.1183261884862905,0.003082321486290507
36590.00200000001,0.1153076142,0.11837908392887526,0.003071469728875259
36660.00200000001,0.1153216958,0.11842671990244671,0.0031050241024467157
36730.00200000001,0.1153506041,0.11847583472785797,0.0031252306278579667
36810.00200000001,0.1154128611,0.11853199017781683,0.0031191290778168346
36880.00200000001,0.1154224873,0.11858108821296448,0.0031586009129644793
36960.00200000001,0.1154899448,0.11863725657594326,0.003147311775943268
37030.00200000001,0.1154980958,0.11868636642688865,0.003188270626888645
37110.00200000001,0.1155455261,0.11874251580707601,0.003196989707076006
37180.00200000001,0.1155655384,0.11879164201857739,0.0032261036185773917
37250.00200000001,0.1156033427,0.11884075791207951,0.003237415212079514
37330.00200000001,0.115676716,0.11889693872784231,0.003220222727842309
37400.00200000001,0.1157011688,0.11894605612661022,0.003244887326610213
37480.00200000001,0.1157367527,0.11900761097622395,0.003270858276223948
37550.00200000001,0.1157827079,0.11906380064532635,0.0032810927453263417
37630.00200000001,0.1158301383,0.11912802064891437,0.0032978823489143716
37700.00200000001,0.1158583015,0.11918420119763498,0.0033258996976349847
37770.00200000001,0.1158812791,0.11924036407777933,0.003359084977779328
37850.00200000001,0.1159279794,0.11930456934344517,0.0033765899434451685
37920.00200000001,0.1159887463,0.11936076428944094,0.003372017989440937
38000.00200000001,0.1160265505,0.1194249826661663,0.003398432166166296
38070.00200000001,0.1160354465,0.11948223310456557,0.0034467866045655715
38150.00200000001,0.1161006689,0.11955012079969234,0.0034494518996923407
38220.00200000001,0.1161303222,0.11960950877309973,0.0034791865730997296
38290.00200000001,0.1161799729,0.11966890490920998,0.00348893200920998
38370.00200000001,0.1162288934,0.11973678236160469,0.0035078889616046854
38440.00200000001,0.1162755936,0.11979617506734469,0.0035205814673446856
38520.00200000001,0.1162852198,0.11986402792583184,0.003578808125831834
38590.00200000001,0.1163341403,0.11992341606859719,0.0035892757685971888
38660.00200000001,0.11637564,0.11998281294585092,0.003607172945850917
38740.00200000001,0.1164186299,0.12005069125481196,0.0036320613548119635
38810.00200000001,0.1164601445,0.12011007856030848,0.003649934060308474
38890.00200000001,0.1165268421,0.12017950299509095,0.003652660895090948
38960.00200000001,0.116562441,0.12024136048438218,0.003678919484382176
39040.00200000001,0.116615802,0.12031206773634498,0.0036962657363449752
39110.00200000001,0.116650641,0.12037391440647036,0.0037232734064703565
39180.00200000001,0.1166854799,0.12043577054195656,0.0037502906419565607
39260.00200000001,0.1167269796,0.12050647253954758,0.003779492939547574
39330.00200000001,0.1167773753,0.12056833048758017,0.0037909551875801722
39410.00200000001,0.11681889,0.12063903315934912,0.003820143159349129
39480.00200000001,0.1168566793,0.12070089251941366,0.003844213219413653
39560.00200000001,0.1169174612,0.12077159687115911,0.003854135671159109
39630.00200000001,0.1169574857,0.12083345771181186,0.0038759720118118623
39700.00200000001,0.1170049161,0.12090247011608782,0.003897554016087823
39780.00200000001,0.1170449406,0.12098380576711075,0.0039388651671107555
39850.00200000001,0.1170946062,0.12105498997222142,0.00396038377222141
39930.00200000001,0.1171435267,0.12113633093891286,0.003992804238912864
40000.00200000001,0.1171983629,0.12120752785779595,0.004009164957795949
40070.00200000001,0.1172146797,0.12128074665547499,0.004066066955474984
40150.00200000001,0.117288053,0.12136517547185269,0.004077122471852684
40220.00200000001,0.1173280776,0.1214390386843628,0.004110961084362805
40300.00200000001,0.1174036711,0.12152346992416191,0.004119798824161913
40370.00200000001,0.117455557,0.1215973543694534,0.004141797369453401
40450.00200000001,0.1174763143,0.12168174510218985,0.004205430802189852
40520.00200000001,0.1175111383,0.12175560137773316,0.004244463077733157
40590.00200000001,0.1175682098,0.12182946292152946,0.00426125312152946
40670.00200000001,0.1176623404,0.1219139210115088,0.004251580611508807
40740.00200000001,0.1176934689,0.12198779186970857,0.004294322969708567
40820.00200000001,0.1177483201,0.1220721575367599,0.004323837436759903
40890.00200000001,0.1178053916,0.12214500926845483,0.004339617668454823
40970.00200000001,0.1178446859,0.12222823580574316,0.0043835499057431615
41040.00200000001,0.117906943,0.12230108239473764,0.004394139394737637
41110.00200000001,0.1179684699,0.1223739398168823,0.004405469916882301
41190.00200000001,0.1179973781,0.12245715490573816,0.004459776805738169
41260.00200000001,0.1180499941,0.12252998214826304,0.004479988048263037
41340.00200000001,0.1181122512,0.12261323400976273,0.00450098280976273
41410.00200000001,0.1181596965,0.12268606183075603,0.004526365330756038
41490.00200000001,0.118244186,0.1227693505470954,0.004525164547095395
41560.00200000001,0.1183086634,0.12284221150497732,0.004533548104977317
41630.00200000001,0.1183486879,0.12291793836813825,0.004569250468138247
41710.00200000001,0.1183946431,0.12301795922837033,0.004623316128370331
41780.00200000001,0.1184606105,0.1231054936867208,0.004644883186720808
41860.00200000001,0.1185147166,0.12320336528090259,0.004688648680902588
41930.00200000001,0.118579939,0.12328648106789844,0.004706542067898445
42000.00200000001,0.1186199635,0.12336955448757247,0.00474959098757248
42080.00200000001,0.1186644286,0.12346449557765465,0.004800066977654657
42150.00200000001,0.118730396,0.12354759540825853,0.004817199408258532
42230.00200000001,0.1188252717,0.1236425859312062,0.004817314231206196
42300.00200000001,0.1188741922,0.1237256961194605,0.004851503919460487
42380.00200000001,0.1189127266,0.12382062875103336,0.004907902151033358
42450.00200000001,0.1189861,0.12390374334687107,0.004917643346871073
42520.00200000001,0.1190528125,0.12398685741168186,0.004934044911681867
42600.00200000001,0.1190920919,0.12408178417467493,0.004989692274674926
42670.00200000001,0.1191847473,0.12417058539016859,0.004985838090168587
42750.00200000001,0.1192433089,0.12427594067072906,0.00503263177072906
42820.00200000001,0.1192870438,0.12436811117912627,0.005081067379126267
42900.00200000001,0.1193848699,0.12447349298627802,0.005088623086278027
42970.00200000001,0.1194248945,0.12456565755065802,0.005140763050658012
43040.00200000001,0.1194871515,0.12465784356291482,0.005170692062914817
43120.00200000001,0.1195486784,0.12476318670871323,0.005214508308713228
43190.00200000001,0.1196161211,0.12485536381894125,0.005239242718941245
43270.00200000001,0.119686529,0.12496072063672564,0.005274191636725642
43340.00200000001,0.1197524965,0.12505290642136893,0.0053004099213689315
43410.00200000001,0.1198184639,0.12514508979927252,0.005326625899272519
43490.00200000001,0.1198755354,0.125250147829241,0.005374612429240991
43560.00200000001,0.1199533492,0.12534201097641864,0.005388661776418641
43640.00200000001,0.1200193167,0.12544700204240888,0.0054276853424088806
43710.00200000001,0.1201067865,0.12553886782063262,0.005432081320632609
43790.00200000001,0.1201853454,0.12564386766867894,0.005458522268678934
43860.00200000001,0.1202238798,0.12573570864032274,0.005511828840322738
43930.00200000001,0.120287627,0.12582755466915913,0.005539927669159131
44010.00200000001,0.1203780621,0.12593254896761857,0.005554486867618572
44080.00200000001,0.1204625666,0.1260244368579515,0.005561870257951504
44160.00200000001,0.1205337197,0.12612943502749063,0.005595715327490633
44230.00200000001,0.1205996722,0.12622174772042682,0.005622075520426831
44310.00200000001,0.120668605,0.12633636270727946,0.005667757707279467
44380.00200000001,0.120739013,0.12643667934544606,0.005697666345446051
44450.00200000001,0.1207946092,0.1265369518868164,0.005742342686816407
44530.00200000001,0.1208946705,0.12665158736425164,0.005756916864251643
44600.00200000001,0.1209532171,0.12675189012186477,0.005798673021864778
44680.00200000001,0.12106736,0.12686654639744666,0.005799186397446657
44750.00200000001,0.1210910827,0.12696681782977692,0.005875735129776918
44830.00200000001,0.121191144,0.12708143819068235,0.005890294190682349
44900.00200000001,0.1212593317,0.1271817489245862,0.005922417224586196
44970.00200000001,0.1213638335,0.12728207850901463,0.005918245009014625
45050.00200000001,0.1214038581,0.12740059505312962,0.005996736953129619
45120.00200000001,0.1215246618,0.1275124531248076,0.005987791324807604
45200.00200000001,0.1215913743,0.12764023080932618,0.006048856509326184
45270.00200000001,0.1216484606,0.12775204881725444,0.006103588217254444
45340.00200000001,0.1217218339,0.12786386983007886,0.006142035930078851
45420.00200000001,0.1218241155,0.12799165283061892,0.006167537330618922
45490.00200000001,0.1219390035,0.12810352101625128,0.006164517516251272
45570.00200000001,0.1220079362,0.12822490664159486,0.00621697044159486
45640.00200000001,0.1220961362,0.12832971566139642,0.006233579461396424
45720.00200000001,0.1221754402,0.12844945282752213,0.006274012627522127
45790.00200000001,0.1222666055,0.12855425545342836,0.006287649953428356
45860.00200000001,0.1223110706,0.12865901699670612,0.0063479463967061195
45940.00200000001,0.1224178076,0.1287787676632056,0.006360960063205592
46010.00200000001,0.1225223094,0.1288835827898525,0.006361273389852512
46090.00200000001,0.122624591,0.1290033659549918,0.006378774954991784
46160.00200000001,0.122686103,0.12910814590515585,0.006422042905155842
46240.00200000001,0.1227817237,0.129227917042685,0.006446193342684994
46310.00200000001,0.1228528917,0.12933302118495305,0.006480129484953051
46380.00200000001,0.1229418367,0.12944397783006106,0.006502141130061062
46460.00200000001,0.1230641305,0.12957080466758325,0.006506674167583257
46530.00200000001,0.1231330484,0.1296817580311428,0.006548709631142791
46610.00200000001,0.1231975406,0.1298085090963575,0.006610968496357492
46680.00200000001,0.1232938915,0.12991946494750944,0.006625573447509442
46750.00200000001,0.1233776361,0.13003041425413542,0.006652778154135425
46830.00200000001,0.1234903038,0.13015723491748038,0.006666931117480374
46900.00200000001,0.12358962,0.13026819994623598,0.006678579946235982
46980.00200000001,0.1236526221,0.1303949609119437,0.006742338811943693
47050.00200000001,0.1237386018,0.13050590362370634,0.006767301823706343
47130.00200000001,0.1238601506,0.13063347760234162,0.0067733270023416225
47200.00200000001,0.1239305586,0.1307466191008751,0.00681606050087509
47270.00200000001,0.1240098625,0.13085975546201506,0.006849892962015061
47350.00200000001,0.1241499633,0.13098911188321513,0.006839148583215132
47420.00200000001,0.1242240816,0.1311022684969525,0.006878186896952507
47500.00200000001,0.1243085712,0.13123157765360804,0.006923006453608049
47570.00200000001,0.1244301349,0.13134476757460123,0.006914632674601226
47650.00200000001,0.124545753,0.1314741284285109,0.006928375428510894
47720.00200000001,0.1246035695,0.13158726123606607,0.006983691736066069
47790.00200000001,0.124714002,0.13170042878766353,0.006986426787663522
47870.00200000001,0.1248303652,0.13182976134503938,0.006999396145039374
47940.00200000001,0.1249200553,0.1319422704437937,0.0070222151437936975
48020.00200000001,0.1250430793,0.13207007592348752,0.007026996623487519
48090.00200000001,0.1251157224,0.13218185852208356,0.007066136122083566
48170.00200000001,0.1252291203,0.13230964706547146,0.007080526765471468
48240.00200000001,0.1253410578,0.1324214640635173,0.007080406263517303
48310.00200000001,0.1253988594,0.13253323148311008,0.007134372083110074
48390.00200000001,0.1255500615,0.13266104160600217,0.007110980106002168
48460.00200000001,0.1256464124,0.13277287496805304,0.007126462568053049
48540.00200000001,0.1257501841,0.13290065110340296,0.007150467003402966
48610.00200000001,0.1258428246,0.133012454059655,0.007169629459655019
48680.00200000001,0.1259362102,0.13312424772418202,0.007188037524182012
48760.00200000001,0.1260577738,0.1332535185094249,0.007195744709424912
48830.00200000001,0.126174137,0.1333672965845567,0.007193159584556713
48910.00200000001,0.1262882799,0.13349731431992504,0.007209034419925042
48980.00200000001,0.1263668388,0.13361104728171366,0.007244208481713671
49060.00200000001,0.1264854372,0.13374104646274554,0.007255609262745544
49130.00200000001,0.1265743822,0.133854773240264,0.0072803910402640115
49200.00200000001,0.1267026067,0.1339685467503402,0.007265940050340203
49280.00200000001,0.1267952621,0.13409853064611713,0.007303268546117125
49350.00200000001,0.1269019842,0.13421228541597138,0.007310301215971371
49430.00200000001,0.1270124167,0.13434228130490913,0.007329864604909142
49500.00200000001,0.1271362007,0.13445605025433327,0.007319849554333263
49580.00200000001,0.1272733212,0.1345793908103992,0.007306069610399202
49650.00200000001,0.1273489147,0.13468677231164794,0.00733785761164793
49720.00200000001,0.127448231,0.13479416837421326,0.007345937374213268
49800.00200000001,0.1275786757,0.13491689615927865,0.007338220459278649
49870.00200000001,0.1276802272,0.13502428956991736,0.007344062369917359
49950.00200000001,0.1278284788,0.13514706881250788,0.0073185900125078696
50020.00200000001,0.1279211193,0.13525446783826403,0.007333348538264034
50090.00200000001,0.1280174702,0.13536186616186818,0.007344395961868172
50170.00200000001,0.1281634867,0.13548465157012773,0.007321164870127739
50240.00200000001,0.1282679886,0.13559207443324722,0.007324085833247229
50320.00200000001,0.12836954,0.13571419389303221,0.00734465389303221
50390.00200000001,0.1284947991,0.13581851054307104,0.007323711443071035
50470.00200000001,0.1286096722,0.13593768469761686,0.007328012497616859
50540.00200000001,0.1287349313,0.1360419869199227,0.007307055619922703
50610.00200000001,0.128847599,0.13614628865390555,0.007298689653905538
50690.00200000001,0.1289595217,0.1362654972461637,0.007305975546163718
50760.00200000001,0.1290529221,0.13636977520687285,0.007316853106872856
50840.00200000001,0.1291840971,0.13648898983302898,0.007304892733028978
50910.00200000001,0.129289344,0.13659331901277405,0.00730397501277405
50990.00200000001,0.1294420362,0.13671250900458365,0.00727047280458365
51060.00200000001,0.1295346767,0.13681678168682554,0.007282104986825549
51130.00200000001,0.1296503097,0.13691987464345687,0.007269564943456874
51210.00200000001,0.1297911257,0.13703502045704802,0.007243894757048008
51280.00200000001,0.1298793256,0.1371357460185253,0.007256420418525283
51360.00200000001,0.1300394237,0.13725087382660295,0.0072114501266029585
51430.00200000001,0.1301268935,0.13735158725530502,0.007224693755305017
51510.00200000001,0.1302788407,0.13746673370366946,0.007187893003669454
51580.00200000001,0.1303922385,0.137567491852921,0.0071752533529209905
51650.00200000001,0.1304997057,0.1376682397311224,0.007168534031122414
51730.00200000001,0.1306116283,0.13778335874062086,0.00717173044062086
51800.00200000001,0.1307353973,0.1378840938043408,0.007148696504340801
51880.00200000001,0.1308695525,0.13799923596588282,0.007129683465882802
51950.00200000001,0.1309992671,0.13808763273808153,0.007088365638081517
52020.00200000001,0.1310815364,0.13816857819579653,0.007087041795796528
52100.00200000001,0.1312394142,0.13826527284137807,0.0070258586413780855
52170.00200000001,0.1313513368,0.1383548649725731,0.0070035281725731036
52250.00200000001,0.1314788163,0.13845724930946884,0.0069784330094688485
52320.00200000001,0.1315855533,0.13854683496707612,0.00696128166707613
52400.00200000001,0.1317159981,0.138649210269004,0.006933212169003999
52470.00200000001,0.1318167895,0.13873879346871204,0.006922003968712037
52540.00200000001,0.1319435388,0.13882839081308151,0.006884852013081505
52620.00200000001,0.1320895553,0.1389307950308426,0.006841239730842608
52690.00200000001,0.1322059184,0.1390203985304148,0.006814480130414802
52770.00200000001,0.1323282123,0.13912278726092472,0.006794574960924726
52840.00200000001,0.1324127167,0.13921234558344245,0.00679962888344246
52920.00200000001,0.1325401962,0.1393090785710977,0.006768882371097712
52990.00200000001,0.1326476783,0.13939132730206327,0.0067436490020632844
53060.00200000001,0.1327632964,0.13947357227621462,0.006710275876214616
53140.00200000001,0.1329211593,0.13956762084211577,0.006646461542115761
53210.00200000001,0.1330086291,0.13964987055857092,0.006641241458570923
53290.00200000001,0.1331338882,0.13974387525042764,0.006609987050427646
53360.00200000001,0.1332658082,0.13982615197162757,0.006560343771627564
53430.00200000001,0.1333814412,0.139908423429226,0.006526982229225986
53510.00200000001,0.1334866881,0.1400024122566192,0.00651572415661919
53580.00200000001,0.1336067766,0.14008469321242914,0.006477916612429135
53660.00200000001,0.1337394416,0.14017872425745853,0.006439282657458523
53730.00200000001,0.1338580251,0.14025792918522983,0.006399904085229835
53810.00200000001,0.1339566112,0.14034806510775819,0.006391453907758193
53880.00200000001,0.1340744495,0.1404269644182036,0.0063525149182036
53950.00200000001,0.1342056394,0.14050587284156202,0.006300233441562025
54030.00200000001,0.1343249679,0.1405960489569646,0.006271081056964584
54100.00200000001,0.1344205886,0.1406749342863916,0.006254345686391605
54180.00200000001,0.1345554739,0.14076510971486744,0.006209635814867442
54250.00200000001,0.1346674114,0.1408440098941977,0.006176598494197716
54330.00200000001,0.1347822994,0.14093417116605156,0.006151871766051559
54400.00200000001,0.1349031031,0.1410130732769891,0.006109970176989082
54470.00200000001,0.1350009441,0.1410912815745088,0.006090337474508795
54550.00200000001,0.1351269484,0.1411665773243546,0.006039628924354584
54620.00200000001,0.1352069825,0.14123243152378903,0.006025449023789042
54700.00200000001,0.1353300214,0.1413077333747214,0.005977711974721411
54770.00200000001,0.1354389787,0.1413736014817415,0.005934622781741505
54850.00200000001,0.1355679482,0.14144890467060617,0.005880956470606158
54920.00200000001,0.1356620789,0.14151477223368097,0.005852693333680964
54990.00200000001,0.1357977241,0.14158068130089446,0.005782957200894473
55070.00200000001,0.1359037161,0.14165596477647885,0.0057522486764788605
55140.00200000001,0.1360148937,0.14172184790772951,0.005706954207729514
55220.00200000001,0.1361268014,0.14179594992028488,0.0056691485202848835
55290.00200000001,0.1362261176,0.14185578241077526,0.005629664810775259
55360.00200000001,0.1363298893,0.14191561672954994,0.005585727429549936
55440.00200000001,0.1364262402,0.14198397784778183,0.005557737647781835
55510.00200000001,0.1365537196,0.14204383636427562,0.005490116764275604
55590.00200000001,0.1366760135,0.14211223047205218,0.0054362169720521825
55660.00200000001,0.1367686689,0.14217207465506443,0.005403405755064428
55740.00200000001,0.1368961483,0.1422404699190804,0.005344321619080411
55810.00200000001,0.1369695365,0.14230029654969456,0.005330760049694572
55880.00200000001,0.1370703429,0.14236014063199748,0.005289797731997475
55960.00200000001,0.1371778101,0.142428525857686,0.005250715757686014
56030.00200000001,0.137256369,0.14248802393933643,0.005231654939336444
56110.00200000001,0.1373675466,0.14255527519739505,0.005187728597395053
56180.00200000001,0.1374676079,0.14261414918805376,0.005146541288053752
56260.00200000001,0.1375654489,0.14268142682620433,0.005115977926204329
56330.00200000001,0.1376744062,0.1427403060164026,0.005065899816402625
56400.00200000001,0.1377507448,0.14279915716462255,0.0050484123646225565
56480.00200000001,0.1378641427,0.14286643700237528,0.005002294302375282
56550.00200000001,0.1379767954,0.1429253125536205,0.004948517153620519
56630.00200000001,0.138089478,0.1429925982379852,0.004903120237985226
56700.00200000001,0.138159886,0.14305145390238458,0.004891567902384569
56770.00200000001,0.1382547617,0.14311032908988403,0.004855567389884019
56850.00200000001,0.1383355409,0.14316965762930578,0.004834116729305782
56920.00200000001,0.1384585798,0.14321587292823834,0.004757293128238332
57000.00200000001,0.1385252923,0.1432686223822056,0.004743330082205621
57070.00200000001,0.1386142224,0.1433147970654574,0.004700574665457424
57150.00200000001,0.1387298554,0.14336758891527962,0.0046377335152796295
57220.00200000001,0.1388128698,0.14341376760150962,0.004600897801509629
57290.00200000001,0.1389233023,0.14345997630432988,0.004536674004329888
57370.00200000001,0.1389707327,0.14351272674802998,0.00454199404802999
57440.00200000001,0.1390982121,0.14355870377602498,0.004460491676024969
57520.00200000001,0.1391612291,0.1436109173628506,0.004449688262850582
57590.00200000001,0.139230907,0.14365661128276475,0.004425704282764759
57670.00200000001,0.1393524557,0.1437088629765368,0.0043564072765368
57740.00200000001,0.1394191682,0.14375455020046143,0.004335382000461435
57810.00200000001,0.139522925,0.14380028806172085,0.004277363061720857
57890.00200000001,0.139584437,0.1438525112040885,0.004268074204088507
57960.00200000001,0.1396607906,0.14389820956720312,0.004237418967203116
58040.00200000001,0.1397771537,0.14395047528793525,0.004173321587935264
58110.00200000001,0.1398416311,0.1439961766969483,0.004154545596948306
58190.00200000001,0.139937982,0.14404842812719026,0.004110446127190276
58260.00200000001,0.1399943084,0.1440907298637726,0.00409642146377262
58330.00200000001,0.1400647312,0.14413202446896178,0.004067293268961797
58410.00200000001,0.1401692331,0.1441792434994682,0.004010010399468189
58480.00200000001,0.1402300149,0.1442205346788356,0.003990519778835605
58560.00200000001,0.1403389722,0.14426775448104323,0.003928782281043236
58630.00200000001,0.1403715909,0.14430903784063814,0.003937446940638134
58700.00200000001,0.1404820234,0.1443503571136422,0.0038683337136422025
58780.00200000001,0.1405576319,0.1443975842043247,0.003839952304324684
58850.00200000001,0.1406058073,0.1444388577720675,0.0038330504720675007
58930.00200000001,0.1406836212,0.14448606169315395,0.0038024404931539524
59000.00200000001,0.1407725662,0.14452738688743771,0.00375482068743771
59080.00200000001,0.1408363134,0.14457512622223523,0.0037388128222352324
59150.00200000001,0.14089486,0.14461694133294617,0.003722081332946159
59220.00200000001,0.1409719437,0.14465876867504587,0.0036868249750458826
59300.00200000001,0.1410549581,0.14470657077393145,0.0036516126739314647
59370.00200000001,0.1411216557,0.14474839557838998,0.0036267398783899896
59450.00200000001,0.1412054151,0.14479619337998423,0.003590778279984219
59520.00200000001,0.141266197,0.144838015880164,0.0035718188801640016
59600.00200000001,0.1413447708,0.1448858206427629,0.0035410498427629056
59670.00200000001,0.1414070278,0.14492763961762004,0.003520611817620034
59740.00200000001,0.14147003,0.14496946913669767,0.003499439136697674
59820.00200000001,0.1415537894,0.1450144314884131,0.003460642088413096
59890.00200000001,0.1415923238,0.14504174635323766,0.0034494225532376577
59970.00200000001,0.1416679174,0.14507297323476934,0.003405055834769327
60040.00200000001,0.1417264789,0.14510029579958655,0.003373816899586546
60110.00200000001,0.1417768747,0.14512761333048108,0.003350738630481076
60190.00200000001,0.1418435872,0.14515884161902415,0.0033152544190241384
60260.00200000001,0.1419088095,0.14518886748240212,0.003280057982402107
60340.00200000001,0.1420014501,0.1452292099576634,0.0032277598576633815
60410.00200000001,0.1420577914,0.14526449204770642,0.003206700647706423
60490.00200000001,0.1421215236,0.14530482301163872,0.0031832994116387237
60560.00200000001,0.1421556175,0.1453400828992206,0.0031844653992205985
60630.00200000001,0.1422304809,0.1453753777731142,0.0031448968731142
60710.00200000001,0.1422905177,0.14541569675423027,0.003125179054230265
60780.00200000001,0.1423416585,0.14545097872547913,0.003109320225479134
60860.00200000001,0.1423994601,0.14549129776682712,0.0030918376668271075
60930.00200000001,0.1424335688,0.14552655795832264,0.003092989158322651
61010.00200000001,0.1424958408,0.14556689733621248,0.0030710565362124798
61080.00200000001,0.1425447464,0.14559912629953708,0.0030543798995370797
61150.00200000001,0.1426055282,0.1456295518695619,0.0030240236695618927
61230.00200000001,0.1426752061,0.1456643142378113,0.0029891081378112805
61300.00200000001,0.1427189261,0.14569474049229006,0.002975814392290055
61380.00200000001,0.142780453,0.14572950095126544,0.0029490479512654377
61450.00200000001,0.142824173,0.14575991560478047,0.002935742604780467
61530.00200000001,0.1428945959,0.14579468372381593,0.0029000878238159278
61600.00200000001,0.1429323852,0.14582509753256934,0.002892712332569325
61670.00200000001,0.1429983526,0.1458555357832413,0.002857183183241324
61750.00200000001,0.1430339366,0.1458902930694655,0.0028563564694654986
61820.00200000001,0.1430917382,0.14592072590977329,0.002828987709773273
61900.00200000001,0.1431436241,0.1459514176483197,0.002807793548319698
61970.00200000001,0.1432029158,0.14597737592681365,0.0027744601268136493
62040.00200000001,0.1432281137,0.14600331800960753,0.0027752043096075374
62120.00200000001,0.1432659179,0.14603295457099028,0.002767036670990264
62190.00200000001,0.1433341056,0.14605892359835282,0.0027248179983528076
62270.00200000001,0.1433719099,0.14608857692350002,0.0027166670235000134
62340.00200000001,0.1434126794,0.14611452758209265,0.002701848182092653
62420.00200000001,0.1434586197,0.146144177456204,0.0026855577562039934
62490.00200000001,0.1435431391,0.14617014711431592,0.0026270080143159236
62560.00200000001,0.1435535103,0.14619608546418766,0.0026425751641876716
62640.00200000001,0.1436239183,0.14622192711163784,0.002598008811637853
62710.00200000001,0.1436654329,0.14621952432140162,0.0025540914214016164
62790.00200000001,0.1436950713,0.1462459821502019,0.0025509108502018984
62860.00200000001,0.1437269449,0.1462691358721493,0.0025421909721493052
62940.00200000001,0.1437906921,0.14629561932777696,0.002504927227776954
63010.00200000001,0.1438136697,0.14631878293259407,0.0025051132325940584
63080.00200000001,0.1438588798,0.1463419511061037,0.0024830713061037013
63160.00200000001,0.1439404041,0.146368444778145,0.002428040678145005
63230.00200000001,0.1439359635,0.14639158181907252,0.002455618319072511
63310.00200000001,0.143984139,0.14641806292900134,0.002433923929001325
63380.00200000001,0.1440382451,0.14644123528370245,0.0024029901837024636
63450.00200000001,0.1440634429,0.14646439804662864,0.002400955146628636
63530.00200000001,0.1441294104,0.1464922467780709,0.002362836378070915
63600.00200000001,0.1441479325,0.14651688754059014,0.0023689550405901483
63680.00200000001,0.1441775858,0.14654506727127792,0.00236748147127791
63750.00200000001,0.1442302018,0.14656972123075382,0.002339519430753806
63830.00200000001,0.1442702264,0.14659790077810383,0.002327674378103828
63900.00200000001,0.1443124712,0.14662256186209882,0.002310090662098835
63970.00200000001,0.1443688124,0.1466472306011924,0.0022784182011924003
64050.00200000001,0.1443814039,0.14667540331177475,0.002293999411774744
64120.00200000001,0.1444495916,0.14670008842907062,0.0022504968290706084
64200.00200000001,0.1444518119,0.14672824683643387,0.0022764349364338687
64270.00200000001,0.1445007324,0.1467525226284941,0.0022517902284940883
64350.00200000001,0.1445333511,0.14677254938595274,0.0022391982859527315
64420.00200000001,0.1445719004,0.14679008085213324,0.0022181804521332338
64490.00200000001,0.1446423233,0.14680763745687467,0.0021653141568746814
64570.00200000001,0.1446630657,0.14682765805211978,0.0021645923521197707
64640.00200000001,0.1446652859,0.14684516308595574,0.0021798771859557475
64720.00200000001,0.1447245926,0.14686520711009704,0.002140614510097033
64790.00200000001,0.1447408944,0.14688272317877582,0.002141828778775834
64870.00200000001,0.1447935104,0.14690276149866788,0.002109251098667886
64940.00200000001,0.1447950006,0.14692027924187345,0.0021252786418734515
65010.00200000001,0.1448298395,0.14693780939313295,0.002107969893132944
65090.00200000001,0.1449039578,0.14695786451053092,0.002053906710530906
65160.00200000001,0.1449150741,0.14697537637090324,0.0020603022709032304
65240.00200000001,0.144958064,0.14699541965607163,0.002037355656071632
65310.00200000001,0.1449832618,0.14701295639076556,0.002029694590765546
65380.00200000001,0.1450380981,0.14703050014744967,0.0019924020474496595
65460.00200000001,0.1450455189,0.14705051767411792,0.0020049987741179165
65530.00200000001,0.145090729,0.14706806726348637,0.0019773382634863668
65610.00200000001,0.1451403946,0.14708811034056524,0.0019477157405652368
65680.00200000001,0.1451344639,0.14710562040216796,0.001971156502167948
65760.00200000001,0.145205617,0.14712568743491672,0.0019200704349167097
65830.00200000001,0.1451996863,0.14714320129224995,0.0019435149922499562
65900.00200000001,0.1452263594,0.1471611673322109,0.0019348079322109024
65980.00200000001,0.1452626884,0.14718224180352626,0.0019195534035262585
66050.00200000001,0.1453123391,0.14720069810016378,0.0018883590001637918
66130.00200000001,0.1453493983,0.14722178630861765,0.0018723880086176647
66200.00200000001,0.1453716308,0.1472402326739135,0.0018686018739134946
66280.00399999999,0.1453523636,0.14726129048731196,0.0019089268873119514
66350.00399999999,0.1453968287,0.14727973723303728,0.0018829085330372697
66420.00399999999,0.1454420537,0.14729819060035804,0.0018561369003580463
66500.00399999999,0.1454657614,0.1473192592452821,0.0018534978452821038
66570.00399999999,0.1455198675,0.14733772536548426,0.0018178578654842459
66650.00399999999,0.1455139369,0.14735879037391245,0.0018448534739124445
66720.00399999999,0.1455309838,0.14737335626251655,0.0018423724625165339
66790.00399999999,0.1455888003,0.1473867411466921,0.0017979408466921032
66870.00399999999,0.1456147432,0.14740204297393872,0.0017872997739387109
66940.00399999999,0.1456570029,0.1474154331471101,0.0017584302471100877
67020.00399999999,0.145666644,0.14743073195318057,0.0017640879531805598
67090.00399999999,0.1456770152,0.14744410757884807,0.001767092378848062
67170.00399999999,0.145720005,0.14745942316399718,0.0017394181639971695
67240.00399999999,0.1457385272,0.1474728049824518,0.001734277782451804
67310.00399999999,0.1457429826,0.14748619772862648,0.0017432151286264908
67390.00399999999,0.145790413,0.14750149513325322,0.0017110821332532167
67460.00399999999,0.1458022743,0.1475148839316498,0.0017126096316497919
67540.00399999999,0.1458445191,0.14753306318931064,0.0016885440893106562
67610.00399999999,0.1458511949,0.14754916843063004,0.0016979735306300314
67690.00399999999,0.145878613,0.14756758336644182,0.0016889703664418332
67760.00399999999,0.145905301,0.1475837001008533,0.0016783991008533228
67830.00399999999,0.1459475458,0.14759981766664787,0.0016522718666478753
67910.00399999999,0.1459608823,0.14761823662671186,0.0016573543267118518
67980.00399999999,0.1459631026,0.14763433830610656,0.0016712357061065553
68060.00399999999,0.1460216641,0.1476527694784359,0.0016311053784358875
68130.00399999999,0.14602907,0.14766888631356098,0.0016398163135609711
68210.00399999999,0.1460350007,0.1476872897392431,0.00165228903924311
68280.00399999999,0.1460631639,0.14770289636412223,0.0016397324641222455
68350.00399999999,0.1461150497,0.14771643397301554,0.001601384273015538
68430.00399999999,0.1461091191,0.14773187580719996,0.0016227567071999682
68500.00399999999,0.1461320966,0.14774539585932855,0.0016132992593285433
68580.00399999999,0.1461654454,0.14776085259650756,0.0015954071965075534
68650.00399999999,0.1461647153,0.14777436938636973,0.0016096540863697328
68720.00399999999,0.1462173313,0.14778791736850924,0.0015705860685092388
68800.00399999999,0.146224007,0.1478033591407359,0.0015793521407359012
68870.00399999999,0.1462395638,0.14781687803607974,0.0015773142360797354
68950.00399999999,0.1462751478,0.14783234557982983,0.001557197779829822
69020.00399999999,0.1462647617,0.14784585148595025,0.001581089785950257
69100.00399999999,0.1463240683,0.14786142034113153,0.0015373520411315345
69170.00399999999,0.1463351846,0.14787513782675302,0.0015399532267530158
69240.00399999999,0.1463544518,0.1478888605127076,0.0015344087127076023
69320.00399999999,0.1463440806,0.14790452863083148,0.0015604480308314683
69390.00399999999,0.1464122683,0.14791826984334877,0.0015060015433487617
69470.00399999999,0.1464078128,0.14793393873981173,0.0015261259398117177
69540.00399999999,0.1464233845,0.14794767062233832,0.0015242861223383197
69620.00399999999,0.1464263499,0.147963337634492,0.0015369877344919847
69690.00399999999,0.1464671046,0.14797706175764183,0.0015099571576418225
69760.00399999999,0.1464797109,0.1479907825556731,0.0015110716556731019
69840.00399999999,0.1465026885,0.1480064730713605,0.0015037845713604947
69910.00399999999,0.1465219557,0.1480200726158225,0.001498116915822495
69990.00399999999,0.1465471536,0.148035542364259,0.0014883887642589966
70060.00399999999,0.1465649456,0.14804907756107716,0.001484131961077162
70130.00399999999,0.1465627253,0.14806259227693774,0.0014998669769377415
70210.00399999999,0.1465945989,0.14807805560517012,0.0014834567051701109
70280.00399999999,0.1466101557,0.1480915931365719,0.0014814374365718919
70360.00399999999,0.1466435045,0.14810706832721465,0.001463563827214659
70430.00399999999,0.1466612965,0.1481205923113264,0.0014592958113263943
70510.00399999999,0.1466538906,0.1481360419147594,0.0014821513147594
70580.00399999999,0.146685034,0.14814958547913454,0.001464551479134546
70650.00399999999,0.1466991156,0.1481631151745926,0.0014639995745925893
70730.00399999999,0.1467213482,0.1481799388501074,0.001458590650107422
70800.00399999999,0.146710977,0.14819494931794747,0.001483972317947474
70880.00399999999,0.1467443258,0.14821213181648746,0.0014678060164874662
70950.00399999999,0.1467421055,0.1482271404196008,0.0014850349196008084
71030.00399999999,0.1467858255,0.1482443280329772,0.0014585025329772183
71100.00399999999,0.1467976868,0.14825934845188993,0.001461661651889934
71170.00399999999,0.1468191892,0.14827438301710405,0.0014551938171040446
71250.00399999999,0.1468577236,0.1482915599672413,0.0014338363672413146
71320.00499999998,0.1468473524,0.1483065754554354,0.0014592230554354158
71400.00499999998,0.1468999684,0.1483237662420589,0.0014237978420588993
71470.00499999998,0.1468688399,0.1483385674859134,0.0014697275859134051
71550.00499999998,0.1468999684,0.14835144923058063,0.001451480830580637
71620.00499999998,0.1469207257,0.1483627237358235,0.001441998035823483
71690.00499999998,0.1469274014,0.14837398333557741,0.0014465819355774234
71770.00499999998,0.1469466686,0.1483868619152765,0.0014401933152765056
71840.00499999998,0.146976307,0.14839813323127266,0.0014218262312726548
71920.00499999998,0.1470037401,0.1484110194646726,0.001407279364672609
71990.00499999998,0.1470304132,0.14842228976540334,0.0013918765654033494
72060.00499999998,0.1470445096,0.148433558680457,0.0013890490804569777
72140.00499999998,0.1470163316,0.14844641353498528,0.0014300819349852834
72210.00499999998,0.1470600665,0.1484576991461518,0.0013976326461518085
72290.00499999998,0.1470793337,0.14847284795275736,0.0013935142527573552
72360.00499999998,0.1470971256,0.14849079498702933,0.0013936693870293393
72440.00499999998,0.1470993459,0.1485113025420382,0.0014119566420381924
72510.00499999998,0.1470986158,0.1485292389443329,0.0014306231443328987
72580.00499999998,0.1471334398,0.1485472062995491,0.0014137664995491073
72660.00499999998,0.1471512318,0.14856771444964548,0.001416482649645473
72730.00499999998,0.1471564174,0.14858565817714917,0.0014292407771491766
72810.00499999998,0.1471719891,0.14860617316167618,0.0014341840616761692
72880.00499999998,0.1471845806,0.14862412482384524,0.001439544223845235
72960.00499999998,0.1472016275,0.14864463841837666,0.0014430109183766748
73030.00499999998,0.147232756,0.14866259857826836,0.0014298425782683644
73100.00499999998,0.1472320259,0.14867907838674438,0.0014470524867443713
73180.00499999998,0.1472520381,0.14869610650952914,0.0014440684095291256
73250.00499999998,0.1472572237,0.14871100214943928,0.0014537784494392803
73330.00499999998,0.1472609341,0.14872803821613095,0.0014671041161309628
73400.00499999998,0.1472987235,0.14874294960617562,0.0014442261061756168
73470.00499999998,0.1473046541,0.14875785794329371,0.0014532038432937266
73550.00499999998,0.1473276317,0.14877489303933267,0.0014472613393326783
73620.00499999998,0.1473372728,0.148789797280272,0.0014525244802719994
73700.00499999998,0.1473461688,0.1488068247045165,0.0014606559045164946
73770.00499999998,0.147329852,0.14882170839045122,0.0014918563904512128
73850.00499999998,0.1473869234,0.1488387719165627,0.001451848516562687
73920.00499999998,0.1474032402,0.14885706302451224,0.0014538228245122298
73990.00499999998,0.1474024951,0.1488763723024738,0.0014738772024738
74070.00499999998,0.1474195421,0.1488984409481069,0.0014788988481068965
74140.00499999998,0.1474380642,0.1489177638187946,0.0014796996187945999
74220.00499999998,0.1474462152,0.14893984054903914,0.0014936253490391294
74290.00499999998,0.1474877298,0.14895917355960814,0.0014714437596081431
74370.00499999998,0.1474551111,0.1489812219112088,0.0015261108112087918
74440.00499999998,0.1475062519,0.14900056276871643,0.0014943108687164308
74510.00499999998,0.1475084871,0.14901987696481914,0.0015113898648191348
74590.00499999998,0.1475032866,0.14904193976302482,0.0015386531630248168
74660.00499999998,0.1475299746,0.14906125898470826,0.0015312843847082591
74740.00499999998,0.1475373805,0.14907937705051688,0.001541996550516872
74810.00499999998,0.1475618482,0.14909493382494146,0.0015330856249414493
74890.00499999998,0.1475788951,0.1491127210536205,0.0015338259536205046
74960.00499999998,0.1475929767,0.14912827771308218,0.001535301013082191
75030.00499999998,0.147604093,0.14914384162298167,0.0015397486229816737
75110.00499999998,0.1476433724,0.14916164176582436,0.0015182693658243596
75180.00499999998,0.1476404071,0.14917718799814683,0.0015367808981468223
75260.00499999998,0.1476685703,0.14919497859530445,0.0015264082953044544
75330.00499999998,0.1476826519,0.14921054191470268,0.0015278900147026875
75400.00499999998,0.1476893276,0.14922610398568048,0.0015367763856804773
75480.00499999998,0.1477100849,0.1492526784990836,0.001542593599083597
75550.00499999998,0.1477160156,0.1493107254420481,0.0015947098420480976
75630.00499999998,0.1477308422,0.14933131177761985,0.0016004695776198619
75700.00499999998,0.1477545649,0.14934934866376265,0.0015947837637626527
75780.00499999998,0.1477805078,0.1493699671944343,0.001589459394434306
75850.00499999998,0.1477834731,0.14938798342707377,0.0016045103270737604
75920.00499999998,0.1478079259,0.1494060090930091,0.0015980831930091088
76000.00499999998,0.1478057057,0.14942661042355568,0.0016209047235556662
76070.00499999998,0.1478279382,0.1494446428132652,0.0016167046132651852
76150.00499999998,0.1478561014,0.14946524573216072,0.0016091443321607224
76220.00499999998,0.1478598118,0.14948327145088477,0.0016234596508847843
76300.00499999998,0.1478820443,0.14950388025821937,0.0016218359582193809
76370.00499999998,0.1478805691,0.14952263184131362,0.0016420627413136213
76440.00499999998,0.147879824,0.14954279122511413,0.001662967225114137
76520.00499999998,0.1479302198,0.1495658574455659,0.0016356376455658739
76590.00499999998,0.1479376405,0.14958602110658106,0.001648380606581068
76670.00499999998,0.1479465365,0.1496090674027865,0.0016625309027865076
76740.00499999998,0.1479798853,0.14962925414079575,0.0016493688407957507
76810.00499999998,0.1479791403,0.14964940199603588,0.001670261696035874
76890.00499999998,0.1479813606,0.14967244940716934,0.0016910888071693386
76960.00499999998,0.1480043381,0.1496926277867086,0.0016882896867086161
77040.00499999998,0.1480288059,0.1497156792633221,0.0016868733633221
77110.00499999998,0.1480413973,0.14973585683048357,0.001694459530483583
77190.00499999998,0.1480792016,0.1497640732894328,0.0016848716894328208
77260.00499999998,0.1480725259,0.14979247081136005,0.001719944911360044
77330.00499999998,0.1481029242,0.14982088220182993,0.0017179580018299168
77410.00499999998,0.1481110752,0.14985334003329087,0.0017422648332908741
77480.00499999998,0.1481125504,0.14988174074907046,0.0017691903490704708
77560.00499999998,0.1481325626,0.1499142071618507,0.0017816445618507037
77630.00499999998,0.1481659263,0.14994262677864292,0.001776700478642923
77710.00499999998,0.1481762975,0.14997508861286146,0.0017987911128614642
77780.00499999998,0.1481948197,0.1500035045710434,0.0018086848710433812
77850.00499999998,0.1482000202,0.15003190428214963,0.0018318840821496263
77930.00499999998,0.1482370794,0.15006438322480137,0.0018273038248013684
78000.00499999998,0.1482526362,0.15009040945840846,0.0018377732584084483
78080.00499999998,0.1482889503,0.15011933095142102,0.0018303806514210208
78150.00499999998,0.1482785791,0.1501446246463415,0.0018660455463415104
78230.00499999998,0.1483237892,0.15017354536355826,0.0018497561635582582
78300.00499999998,0.1483059973,0.1501988223768706,0.0018928250768706079
78370.00499999998,0.1483260095,0.1502241314402302,0.0018981219402302019
78450.00499999998,0.1483386159,0.15025304472666323,0.0019144288266632337
78520.00499999998,0.1483875364,0.15027835330709102,0.0018908169070910308
78600.00499999998,0.1484090239,0.1503072756057814,0.0018982517057813952
78670.00499999998,0.1484231055,0.15033257420839274,0.0019094687083927309
78740.00499999998,0.1484371871,0.15035788132236144,0.0019206942223614354
78820.00499999998,0.1484571993,0.15038891655200967,0.0019317172520096626
78890.00499999998,0.1484764665,0.15041622884102868,0.001939762341028689
78970.00499999998,0.1484927833,0.15044743950875422,0.001954656208754235
79040.00499999998,0.1484883279,0.1504747408402411,0.0019864129402411
79120.00499999998,0.148525387,0.15050596495306126,0.001980577953061252
79190.00499999998,0.1485498548,0.15053328943448635,0.0019834346344863585
79260.00499999998,0.1485705972,0.1505605965462603,0.0019899993462603183
79340.00499999998,0.1485839486,0.15059180935827962,0.0020078607582796337
79410.00499999998,0.1485913545,0.15061912003260675,0.002027765532606751
79490.00499999998,0.148649171,0.1506503580445373,0.002001187044537306
79560.00499999998,0.148640275,0.1506783877438802,0.002038112743880216
79640.00499999998,0.1486810446,0.1507139230232613,0.002032878423261303
79710.00499999998,0.1487054974,0.15074500120269554,0.002039503802695547
79780.00499999998,0.148720324,0.1507760765406751,0.00205575254067511
79860.00499999998,0.1487217993,0.15081157499327227,0.002089775693272261
79930.00499999998,0.1487536728,0.15084266846919686,0.0020889956691968747
80010.00499999998,0.1487729549,0.15087817264318415,0.0021052177431841457
80080.00499999998,0.1488115042,0.15090927208833943,0.00209776788833943
80150.00499999998,0.1488211304,0.1509403430824238,0.0021192126824237933
80230.00499999998,0.1488507837,0.1509758580021332,0.002125074302133212
80300.00499999998,0.1488641202,0.15100693794463904,0.002142817744639036
80380.00499999998,0.148880437,0.15104212349025065,0.0021616864902506416
80450.00499999998,0.1489122957,0.15107257173887395,0.0021602760388739484
80530.00499999998,0.1489122957,0.15110734599453018,0.002195050294530182
80600.00499999998,0.1489493549,0.15113778409663456,0.0021884291966345615
80670.00499999998,0.1489812285,0.15116822103494323,0.0021869925349432273
80750.00499999998,0.1489893794,0.15120300128404168,0.002213621884041672
80820.00499999998,0.1490079165,0.15123342297822145,0.0022255064782214506
80900.00499999998,0.1490353346,0.15126819915860262,0.0022328645586026097
80970.00499999998,0.149091661,0.1512986560801896,0.002206995080189622
81050.00499999998,0.1490931511,0.15133343974106722,0.002240288641067234
81120.00499999998,0.1491057426,0.15136385633179925,0.0022581137317992384
81190.00499999998,0.1491353959,0.15139833586719847,0.0022629399671984796
81270.00499999998,0.1491509527,0.15144049431450218,0.0022895416145021774
81340.00499999998,0.1492058039,0.1514774164129443,0.0022716125129443043
81420.00499999998,0.1491872817,0.15151956176757414,0.002332280067574133
81490.00499999998,0.1492473185,0.15155648076032285,0.00230916226032285
81570.00499999998,0.1492532492,0.1515986396091089,0.002345390409108916
81640.00499999998,0.1492880732,0.1516355479867602,0.002347474786760201
81710.00499999998,0.1493088305,0.15167243923265267,0.002363608732652678
81790.00499999998,0.1493540406,0.15171462912147732,0.0023605885214773303
81860.00499999998,0.1493733078,0.1517515379480926,0.0023782301480926027
81940.00499999998,0.1493933201,0.1517951143338975,0.0024017942338974974
82010.00499999998,0.1493925899,0.15183383722391688,0.002441247323916873
82080.00499999998,0.1494148225,0.15187256421430995,0.002457741714309958
82160.00499999998,0.1494844854,0.1519168745039285,0.002432389103928484
82230.00499999998,0.149490416,0.15195560143894074,0.0024651854389407535
82310.00499999998,0.1495289654,0.151999882500885,0.0024709171008850117
82380.00499999998,0.1495549083,0.15203862141008984,0.0024837131100898246
82460.00499999998,0.1495941877,0.15208290648654754,0.00248871878654755
82530.00499999998,0.149577871,0.15212162565945764,0.0025437546594576366
82600.00499999998,0.1496090144,0.15216036335418587,0.002551348954185878
82680.00499999998,0.1496586651,0.15220465043600567,0.0025459853360056683
82750.00499999998,0.1496920139,0.15224334724999672,0.002551333349996715
82830.00499999998,0.1497046202,0.1522875306951439,0.002582910495143892
82900.00499999998,0.1497490853,0.15232622507618393,0.0025771397761839288
82980.00499999998,0.149772808,0.15237041683182595,0.0025976088318259427
83050.00499999998,0.1497972608,0.15240909533346136,0.0026118345334613657
83120.00499999998,0.1498069167,0.15244776832868417,0.0026408516286841877
83200.00499999998,0.1498521268,0.15249198214957266,0.002639855349572645
83270.00499999998,0.1498699188,0.15253065289624868,0.0026607340962486736
83350.00499999998,0.1499091983,0.15257485436671928,0.0026656560667192852
83420.00499999998,0.1499373615,0.15261353449203002,0.002676172992030018
83490.00499999998,0.1499766409,0.15265257866645043,0.0026759377664504203
83570.00499999998,0.149986282,0.15270440186295237,0.0027181198629523673
83640.00499999998,0.1500470638,0.1527497789831579,0.0027027151831579
83720.00499999998,0.150065586,0.15280161381820875,0.0027360278182087527
83790.00499999998,0.1501041353,0.15284698096503666,0.0027428456650366584
83870.00499999998,0.1501152515,0.1528988084539744,0.00278355695397442
83940.00499999998,0.1501411945,0.15294415991871235,0.002802965418712361
84010.00499999998,0.1502086371,0.15298955597722308,0.002780918877223093
84090.00499999998,0.1502027065,0.1530413721722652,0.002838665672265206
84160.00499999998,0.1502738595,0.15308675686248147,0.00281289736248147
84240.00499999998,0.1502723694,0.1531385712770608,0.0028662018770607978
84310.00499999998,0.1503079534,0.15318351844651965,0.002875565046519646
84390.00499999998,0.1503390819,0.1532339509866732,0.0028948690866731908
84460.00499999998,0.1503731757,0.15327807913268776,0.002904903432687761
84530.00499999998,0.1504213512,0.15332222779861296,0.0029008765986129614
84610.00499999998,0.1504369229,0.15337265658522797,0.0029357336852279814
84680.00499999998,0.1504984349,0.15341680112005296,0.0029183662200529537
84760.00499999998,0.1505206674,0.1534672353361412,0.0029465679361412034
84830.00499999998,0.1505421698,0.1535113596919353,0.0029691898919353144
84910.00499999998,0.1505977511,0.15356182389947276,0.00296407279947275
84980.00499999998,0.1506177634,0.15360593361462682,0.0029881702146268285
85050.00499999998,0.1506696492,0.1536500940336771,0.0029804448336770983
85130.00499999998,0.1507104188,0.15370341231235626,0.002992993512356268
85200.00499999998,0.150746733,0.15375215906190154,0.003005426061901545
85280.00499999998,0.1507815719,0.15380786121417442,0.003026289314174424
85350.00499999998,0.1508156657,0.15385661559933772,0.0030409498993377304
85420.00499999998,0.1508230716,0.15390533472770518,0.0030822631277051815
85500.00499999998,0.1508616209,0.15396102174518356,0.003099400845183564
85570.00499999998,0.1509253681,0.15400978798910717,0.003084419889107154
85650.00499999998,0.1509564966,0.15406548148881766,0.0031089848888176674
85720.00499999998,0.1509957761,0.15411423037151295,0.0031184542715129437
85800.00499999998,0.1510187536,0.1541699134079476,0.003151159807947612
85870.00499999998,0.1510387659,0.15421863852629833,0.003179872626298319
85940.00499999998,0.151101023,0.15426775110250962,0.0031667281025096194
86020.00499999998,0.15111956,0.15432396246438626,0.0032044024643862468
86090.00499999998,0.1511862576,0.1543731776395733,0.003186920039573299
86170.00499999998,0.1511973888,0.15442937969650433,0.003231990896504333
86240.00499999998,0.1512359232,0.15447857862804568,0.0032426554280456654
86320.00499999998,0.1512900293,0.15453481088598894,0.003244781585988954
86390.00499999998,0.1513241231,0.15458401280125172,0.0032598897012517114
86460.00499999998,0.1513700783,0.15463321324540286,0.003263134945402868
86540.00499999998,0.1514034271,0.1546894383095867,0.0032860112095867144
86610.00499999998,0.1514493823,0.15473864496163203,0.003289262661632042
86690.00499999998,0.1514975578,0.1547953530944019,0.0032977952944019118
86760.00499999998,0.1515249759,0.15485338162925102,0.003328405729251027
86830.00499999998,0.1515650004,0.15491140448428953,0.003346404084289517
86910.00499999998,0.1516205966,0.15497773851700575,0.003357141917005757
86980.00499999998,0.1516613662,0.15503578517531214,0.0033744189753121268
87060.00499999998,0.151712507,0.15510211286329276,0.0033896058632927606
87130.00499999998,0.1517599374,0.15516016064629398,0.003400223246293993
87210.00499999998,0.1517955065,0.15522127323144813,0.003425766731448121
87280.00499999998,0.1518518478,0.1552743786810762,0.003422530881076191
87350.00499999998,0.1518659443,0.15532745400390463,0.0034615097039046305
87430.00499999998,0.1519044787,0.15538811891036797,0.0034836402103679553
87500.00499999998,0.1519571096,0.15544121889219403,0.003484109292194032
87580.00499999998,0.1519800872,0.15550188001654103,0.003521792816541025
87650.00499999998,0.1520378888,0.15555497968819404,0.0035170908881940466
87730.00499999998,0.1520549357,0.15561563228085545,0.003560696580855449
87800.00499999998,0.1521475911,0.15566876832657195,0.003521177226571942
87870.00499999998,0.1521712989,0.15572186238508612,0.0035505634850861167
87950.00499999998,0.152235046,0.155784026195106,0.003548980195105994
88020.00499999998,0.1522357911,0.15584453617733382,0.0036087450773338303
88100.00499999998,0.1522847116,0.15591372683459007,0.003629015234590055
88170.00499999998,0.1523573399,0.15597429741432745,0.0036169575143274457
88250.00499999998,0.1523862481,0.15604348127826223,0.0036572331782622203
88320.00499999998,0.1524499804,0.15610405043337666,0.003654070033376672
88390.00499999998,0.1524996459,0.15616461092355233,0.003664965023552319
88470.00499999998,0.1525670886,0.15623383945577607,0.0036667508557760575
88540.00499999998,0.1525871009,0.15629438184780242,0.003707280947802427
88620.00499999998,0.1526426971,0.15636359200624528,0.0037208949062452756
88690.00499999998,0.1526760459,0.15642412860139693,0.0037480827013969265
88760.00499999998,0.1527427584,0.1564850977781544,0.00374233937815438
88840.00499999998,0.1527768523,0.15655563722330762,0.003778784923307632
88910.00499999998,0.1528131664,0.15661735388779957,0.003804187487799565
88990.00499999998,0.1528954506,0.1566879189826496,0.0037924683826495997
89060.00499999998,0.1529503018,0.1567496589014396,0.00379935710143961
89140.00499999998,0.1530029178,0.15682021243184954,0.0038172946318495438
89210.00499999998,0.1530481279,0.15688194134260844,0.0038338134426084414
89280.00499999998,0.1530592442,0.1569436494820193,0.0038844052820193042
89360.00499999998,0.1531081647,0.15701417828858816,0.003906013588588164
89430.00499999998,0.1531808078,0.15707592929634118,0.003895121496341164
89510.00499999998,0.1532215625,0.15714645349511303,0.003924890995113034
89580.00499999998,0.1532993913,0.15721203256052568,0.003912641260525679
89660.00499999998,0.1533075422,0.15728954861648814,0.003982006416488132
89730.00499999998,0.1533749849,0.15735741459009916,0.003982429690099154
89800.00499999998,0.1534253955,0.15742525207184027,0.003999856571840266
89880.00499999998,0.1534780115,0.15750279420044594,0.004024782700445928
89950.00499999998,0.1535217464,0.1575706430593539,0.004048896659353901
90030.00499999998,0.1535995752,0.15764821526468664,0.004048640064686637
90100.00499999998,0.1536395848,0.1577161057976425,0.0040765209976424965
90170.00499999998,0.1536788791,0.15778399319384137,0.004105114093841372
90250.00499999998,0.1537389159,0.1578615907180152,0.004122674818015204
90320.00499999998,0.1537856013,0.15792947236655563,0.004143871066555643
90400.00499999998,0.153862685,0.1580070794547661,0.004144394454766109
90470.00499999998,0.1539019793,0.15807496512433108,0.0041729858243310936
90550.00499999998,0.1539597958,0.15815256436369782,0.004192768563697824
90620.00499999998,0.1540094614,0.15822044550092806,0.004210984100928072
90690.00499999998,0.1540650427,0.1582883409310259,0.004223298231025907
90770.00499999998,0.154146567,0.15836594886035188,0.004219381860351867
90840.00499999998,0.1542051286,0.1584361015828328,0.004230972982832815
90920.00499999998,0.1542310715,0.1585170099980211,0.004285938498021086
90990.00499999998,0.1543081552,0.15858784550239818,0.0042796903023981925
91070.00499999998,0.1543533653,0.15866876522851503,0.00431539992851504
91140.00499999998,0.1544096917,0.15873958573554445,0.004329894035544457
91210.00499999998,0.1544430405,0.15881037876567553,0.0043673382656755355
91290.00499999998,0.1545267999,0.15889132045437915,0.0043645205543791366
91360.00499999998,0.1545757204,0.1589621274323953,0.00438640703239529
91440.00499999998,0.1546179652,0.15904304673465064,0.004425081534650627
91510.00499999998,0.1546950489,0.15911387364680912,0.00441882474680913
91590.00499999998,0.154758051,0.15919506186417304,0.00443701086417303
91660.00499999998,0.1548151076,0.15927048430248886,0.004455376702488856
91730.00499999998,0.1548714489,0.15934591956749627,0.004474470667496261
91810.00499999998,0.1549381614,0.15943211781746147,0.0044939564174614754
91880.00499999998,0.154961139,0.15950750849257417,0.0045463694925741704
91960.00499999998,0.1550337821,0.15959369826213465,0.004559916162134664
92030.00499999998,0.1550960392,0.1596691217162961,0.004573082516296095
92100.00499999998,0.1551494002,0.15974455456160425,0.004595154361604237
92180.00499999998,0.1552012861,0.15983074359839256,0.004629457498392553
92250.00499999998,0.1552813351,0.15990617519896716,0.004624840098967159
92330.00499999998,0.1553317308,0.15999236580462622,0.004660635004626212
92400.00499999998,0.1553791612,0.1600692229390225,0.004690061739022505
92480.00499999998,0.155448094,0.1601637465743273,0.004715652574327295
92550.00499999998,0.1555192471,0.16024647967103112,0.004727232571031109
92620.00499999998,0.1555778086,0.16032919643315968,0.004751387833159676
92700.00499999998,0.1556385756,0.1604237387159083,0.004785163115908292
92770.00499999998,0.1557215899,0.16050648910702564,0.004784899207025628
92850.00499999998,0.155775696,0.16060101990598125,0.004825323905981255
92920.00499999998,0.1558364779,0.16068374363961985,0.004847265739619855
93000.00499999998,0.1559017152,0.1607782807457397,0.004876565545739675
93070.00499999998,0.1559706479,0.16086100556290794,0.004890357662907935
93140.00499999998,0.1560277045,0.16094398256833609,0.004916278068336083
93220.00499999998,0.1561010927,0.16103937860576878,0.00493828590576878
93290.00499999998,0.1561826169,0.16112287449314952,0.004940257593149533
93370.00499999998,0.1562463641,0.16121827577149359,0.0049719116714935785
93440.00499999998,0.1563071311,0.16130174795922195,0.004994616859221951
93510.00499999998,0.1563634723,0.1613852193490643,0.005021747049064301
93590.00499999998,0.1564301699,0.16148062209636188,0.005050452196361882
93660.00499999998,0.1564991027,0.16156408636649291,0.0050649836664929115
93740.00499999998,0.1565687656,0.16165949041118993,0.0050907248111899395
93810.00499999998,0.1566503048,0.16174297801772064,0.005092673217720639
93890.00499999998,0.1567073762,0.16183836885988878,0.005130992659888783
93960.00499999998,0.1567770392,0.16192868427398763,0.005151645073987632
94030.00499999998,0.156846717,0.16202312611937203,0.005176409119372033
94110.00499999998,0.156909734,0.16213105290301283,0.005221318903012834
94180.00499999998,0.1569949687,0.1622254892233399,0.0052305205233399155
94260.00499999998,0.15705055,0.1623334068658528,0.005282856865852781
94330.00499999998,0.1571276337,0.16242784319636766,0.005300209496367669
94410.00499999998,0.1572054625,0.1625357646413897,0.005330302141389687
94480.00499999998,0.157281056,0.1626302056518063,0.005349149651806301
94550.00499999998,0.1573484987,0.1627246539504391,0.0053761552504391075
94630.00499999998,0.1574144661,0.1628325742450708,0.0054181081450707935
94700.00499999998,0.157475248,0.16292700368297383,0.005451755682973819
94780.00499999998,0.1575649232,0.16303334326664315,0.005468420066643137
94850.00499999998,0.1576286703,0.1631260420150365,0.005497371715036503
94930.00499999998,0.1577079743,0.16323196286043817,0.0055239885604381755
95000.00499999998,0.1577798724,0.1633246503066615,0.005544777906661497
95070.00499999998,0.1578532457,0.16341734044494644,0.0055640947449464295
95150.00499999998,0.157917738,0.163523258578029,0.0056055205780289885
95220.00499999998,0.1579918563,0.1636159251400147,0.005624068840014679
95300.00499999998,0.158104524,0.1637218895193111,0.005617365519311107
95370.00499999998,0.1581512094,0.16381455953675994,0.005663350136759948
95440.00499999998,0.1582231075,0.16390724578243698,0.005684138282436996
95520.00499999998,0.1583305746,0.16401416225295498,0.005683587652954986
95590.00499999998,0.1583691239,0.16412490843764255,0.005755784537642555
95670.00499999998,0.1584499031,0.16425146714660277,0.0058015640466027585
95740.00499999998,0.158510685,0.16435596273222186,0.0058452777322218485
95820.00499999998,0.1586315036,0.16447111837203243,0.005839614772032431
95890.00499999998,0.1587197036,0.16457188459330224,0.005852180993302231
95960.00499999998,0.1587982625,0.16467264715216,0.005874384652160003
96040.00499999998,0.1588738859,0.16478779033752183,0.005913904437521822
96110.00499999998,0.1589146405,0.1648884796967302,0.005973839196730196
96190.00499999998,0.1590095162,0.16500358854221142,0.005994072342211415
96260.00499999998,0.1590991914,0.16510433549785616,0.006005144097856158
96340.00499999998,0.1591644138,0.1652194363542851,0.006055022554285111
96410.00499999998,0.1592555791,0.1653201898597662,0.00606461075976622
96480.00499999998,0.1593593508,0.16542094189446138,0.006061591094461388
96560.00499999998,0.1594557017,0.1655383324683884,0.006082630768388386
96630.00499999998,0.1594868302,0.1656415013117508,0.006154671111750776
96710.00499999998,0.1595750302,0.16575942786981698,0.006184397669816988
96780.00499999998,0.1596876979,0.16586264830539266,0.0061749504053926485
96850.00499999998,0.1597506851,0.1659658505574192,0.006215165457419181
96930.00499999998,0.1598589122,0.1660838111690054,0.006224898969005382
97000.00499999998,0.1599478573,0.1661870448368163,0.006239187536816293
97080.00499999998,0.1600234658,0.16630498150131234,0.006281515701312357
97150.00499999998,0.1601027697,0.16640818269166235,0.006305412991662346
97230.00499999998,0.16019319,0.16652612156534619,0.006332931565346173
97300.00499999998,0.1602902859,0.16662950166509893,0.006339215765098938
97370.00499999998,0.1603688449,0.16673582293176514,0.006366978031765141
97450.00499999998,0.1604459286,0.16685730699598017,0.006411378395980161
97520.00499999998,0.1605504453,0.16696363688315405,0.006413191583154038
97600.00499999998,0.160626784,0.1670851225351898,0.006458338535189817
97670.00499999998,0.1607357264,0.1671914674498643,0.006455741049864294
97750.00499999998,0.1608358026,0.16731299098214208,0.006477188382142091
97820.00499999998,0.1609151065,0.16741930332497254,0.006504196824972552
97890.00499999998,0.1609862596,0.16752561011588363,0.006539350515883641
97970.00499999998,0.1611219049,0.1676471386673187,0.0065252337673187
98040.00499999998,0.1612086147,0.1677534903416737,0.006544875641673692
98120.00499999998,0.1612768024,0.16787656299262294,0.006599760592622933
98190.00499999998,0.1613709331,0.16798755538093366,0.006616622280933654
98270.00499999998,0.1615006477,0.16811442798161413,0.0066137802816141344
98340.00499999998,0.1615606844,0.16822540889600324,0.006664724496003249
98410.00499999998,0.161645174,0.16833638913541815,0.006691215135418149
98490.00499999998,0.1617711931,0.16846325908842189,0.006692065988421897
98560.00499999998,0.1618601233,0.16857425878125115,0.00671413548125116
98640.00499999998,0.1619690806,0.16870112090467826,0.0067320403046782495
98710.00499999998,0.1620587707,0.16881213617789914,0.006753365477899148
98780.00499999998,0.1621217579,0.1689231082245778,0.006801350324577793
98860.00499999998,0.1622685194,0.1690499794473595,0.006781460047359494
98930.00499999998,0.1623115093,0.16916134208069508,0.006849832780695092
99010.00499999998,0.1624604762,0.16928918589498743,0.006828709694987417
99080.00499999998,0.1625145823,0.16940100240922154,0.006886420109221553
99160.00499999998,0.1626346558,0.16952880320253153,0.006894147402531525
99230.00499999998,0.1627369523,0.16964064928585554,0.006903696985855551
99300.00499999998,0.1628377587,0.1697525009470515,0.006914742247051492
99380.00499999998,0.1629519016,0.1698803407350894,0.006928439135089393
99450.00499999998,0.1630534381,0.16999218462439886,0.006938746524398853
99530.00499999998,0.1631364524,0.17011999757426666,0.006983545174266664
99600.00499999998,0.1632639319,0.17023186169328836,0.006967929793288363
99680.00499999998,0.1633476913,0.1703596631592256,0.007011971859225613
99750.00499999998,0.1634714603,0.1704839849952702,0.007012524695270195
99820.00499999998,0.1635277867,0.17060333292946717,0.007075546229467156
99900.00499999998,0.1636708379,0.17073978099411358,0.007068943094113572
99970.00499999998,0.1637523919,0.17085914074028474,0.0071067488402847545
100050.00499999998,0.1638657898,0.1709955500318121,0.00712976023181211
100120.00499999998,0.1639903039,0.17111495524789694,0.007124651347896943
100190.00499999998,0.1640881449,0.17123433586559855,0.007146190965598542
100270.00499999998,0.1641896814,0.17137075627540502,0.007181074875405008
100340.00499999998,0.1643193811,0.1714901463142839,0.007170765214283892
100420.00499999998,0.1643868387,0.1716265591045507,0.0072397204045507035
100490.00499999998,0.1645202488,0.1717459569273616,0.007225708127361619
100570.00499999998,0.1646373719,0.1718794872756001,0.0072421153756001
100640.00499999998,0.1647122204,0.17199566285427922,0.007283442454279226
100710.00499999998,0.1648263633,0.1721118576060664,0.007285494306066398
100790.00499999998,0.1649442166,0.17224465171145442,0.007300435111454423
100860.00499999998,0.1650494635,0.1723608420236043,0.007311378523604306
100940.00499999998,0.1651584208,0.1724936338201134,0.00733521302011339
101010.00499999998,0.1652984917,0.1726098516469275,0.007311359946927498
101090.00499999998,0.1654059738,0.17274266707944047,0.007336693279440476
101160.00499999998,0.1654800922,0.17285882700894528,0.00737873480894527
101230.00499999998,0.165620178,0.172975064957193,0.0073548869571929965
101310.00499999998,0.1657291353,0.173108124472134,0.007378989172134004
101380.00499999998,0.1658136249,0.17322898264060244,0.007415357740602424
101460.00499999998,0.1659544557,0.17336713103290752,0.007412675332907515
101530.00499999998,0.16603598,0.17348799210854787,0.007452012108547873
101610.00499999998,0.1661649495,0.17362612247043885,0.007461172970438856
101680.00499999998,0.1662761271,0.17374699776768884,0.007470870667688839
101750.00499999998,0.1663962007,0.17386788329507263,0.007471682595072637
101830.00499999998,0.166496262,0.17400601307178895,0.007509751071788945
101900.00499999998,0.1666230112,0.17412690076401344,0.007503889564013433
101980.00499999998,0.1667171419,0.17426501968030544,0.00754787778030544
102050.00499999998,0.1668661237,0.17438592390725668,0.007519800207256677
102120.00499999998,0.166930601,0.17450798992346853,0.007577388923468514
102200.00499999998,0.1670573354,0.1746531503947623,0.007595814994762307
102270.00499999998,0.1672011316,0.17478021545973724,0.00757908385973724
102350.00499999998,0.1672863662,0.17492536646606455,0.007639000266064538
102420.00499999998,0.1674042195,0.1750523971763288,0.0076481776763288045
102500.00499999998,0.1675361544,0.17519757581331435,0.0076614214133143566
102570.00499999998,0.1676532626,0.17532461335150384,0.007671350751503853
102640.00499999998,0.1677792668,0.17545167199895834,0.007672405198958343
102720.00499999998,0.1679008156,0.17559685843488734,0.00769604283488734
102790.00499999998,0.1680068076,0.17572388869835498,0.007717081098354978
102870.00499999998,0.1681261361,0.17586906985731576,0.007742933757315773
102940.00499999998,0.168223232,0.17600953912147194,0.007786307121471936
103020.00499999998,0.1683447808,0.17618655481514667,0.007841774015146658
103090.00499999998,0.1685011834,0.17632479286770025,0.007823609467700249
103160.00499999998,0.1685797572,0.17646135317466666,0.007881595974666644
103240.00499999998,0.1687094569,0.17661742900819294,0.00790797210819294
103310.00499999998,0.1688191444,0.176753998472577,0.007934854072576991
103390.00499999998,0.1689540446,0.1769100680033327,0.007956023403332707
103460.00499999998,0.1690859795,0.1770466747282204,0.007960695228220377
103530.00499999998,0.1691623181,0.17718321873252765,0.008020900632527667
103610.00499999998,0.1692957282,0.17733929267051168,0.008043564470511688
103680.00499999998,0.1694135964,0.17747586970015206,0.00806227330015205
103760.00499999998,0.1695418209,0.17763194404428423,0.008090123144284228
103830.00499999998,0.1696678102,0.1777688801719408,0.008101069971940822
103910.00499999998,0.1697997451,0.17793240151632606,0.008132656416326045
103980.00499999998,0.1699190736,0.17807546071615082,0.008156387116150826
104050.00499999998,0.1700398922,0.1782185490501184,0.008178656850118426
104130.00499999998,0.17015329,0.17838206019333497,0.008228770193334956
104200.00499999998,0.1702667028,0.17852511139501065,0.008258408595010647
104280.00499999998,0.1704008579,0.17868862491413318,0.008287767014133168
104350.00499999998,0.170516476,0.17883167896421062,0.008315202964210622
104430.00499999998,0.1706417352,0.178995178670785,0.008353443470784983
104500.00499999998,0.1707558781,0.1791382457082969,0.008382367608296887
104570.00499999998,0.1708744615,0.17928131325581195,0.008406851755811962
104650.00499999998,0.1710278839,0.1794494495846355,0.00842156568463548
104720.00499999998,0.1711168289,0.17960604369929312,0.008489214799293127
104800.00499999998,0.1712495238,0.1797850311329911,0.008535507332991105
104870.00499999998,0.1713851541,0.17994167935540303,0.008556525255403041
104950.00499999998,0.1715155989,0.18012071387739487,0.008605114977394857
105020.00499999998,0.1716178805,0.1802773126897252,0.008659432189725202
105090.00499999998,0.1717268378,0.1804339436467835,0.008707105846783497
105170.00499999998,0.1718928665,0.1806129575358235,0.008720091035823496
105240.00499999998,0.1719914377,0.18076955583258061,0.008778118132580615
105320.00499999998,0.1721441299,0.18094857339489862,0.008804443494898617
105390.00499999998,0.1722656935,0.1811052107819468,0.00883951728194679
105460.00499999998,0.1723605543,0.18126960653609975,0.008909052236099751
105540.00499999998,0.1724917442,0.18146707071784407,0.008975326517844079
105610.00499999998,0.1726221889,0.1816398534414066,0.009017664541406595
105690.00499999998,0.1727719158,0.18183735052783845,0.00906543472783844
105760.00499999998,0.1728771627,0.18201011507058895,0.009132952370588948
105840.00499999998,0.1730387509,0.182207642655806,0.009168891755805986
105910.00499999998,0.1731602997,0.1823840652265779,0.009223765526577915
105980.00499999998,0.1732951999,0.18256162410089466,0.009266424200894657
106060.00499999998,0.1733878404,0.18276447045425237,0.009376630054252377
106130.00499999998,0.1735234857,0.18294196464356807,0.009418478943568065
106210.00499999998,0.173676908,0.18314485514769696,0.00946794714769697
106280.00499999998,0.1737784445,0.1833223506942509,0.009543906194250912
106360.00499999998,0.1739400327,0.18352522483622546,0.009585192136225468
106430.00499999998,0.1740727127,0.1837027609040622,0.009630048204062214
106500.00499999998,0.1742224246,0.18388031372030433,0.009657889120304325
106580.00499999998,0.174341023,0.18408318460933626,0.009742161609336247
106650.00499999998,0.1744996309,0.18426075396867928,0.009761123068679267
106730.00499999998,0.1746085733,0.18448515634562412,0.009876583045624138
106800.00499999998,0.174747929,0.18468313658385477,0.009935207583854772
106870.00499999998,0.1748791188,0.184881113668456,0.010001994868455988
106950.00499999998,0.1750095785,0.18510734239518914,0.010097763895189127
107020.00499999998,0.1751615107,0.18530534630374332,0.010143835603743323
107100.00499999998,0.1753090024,0.18553160169768973,0.010222599297689733
107170.00499999998,0.17542018,0.18572953551160487,0.010309355511604862
107250.00499999998,0.1755928844,0.1859558092188024,0.010362924818802383
107320.00499999998,0.175713703,0.18615378207590827,0.01044007907590827
107390.00499999998,0.1758174747,0.18635274312649186,0.010535268426491856
107470.00499999998,0.1760116667,0.18658145793035996,0.010569791230359948
107540.00499999998,0.1761176437,0.1867815430854087,0.01066389938540871
107620.00499999998,0.1763177663,0.18701027606004042,0.010692509760040408
107690.00499999998,0.1764081866,0.18721034919247004,0.01080216259247005
107770.00499999998,0.1765823811,0.18743903611925553,0.010856655019255534
107840.00499999998,0.1767009646,0.18763911703324793,0.010938152433247916
107910.00499999998,0.1768506914,0.1878391987260672,0.010988507326067182
107990.00499999998,0.1770196706,0.18806786602837028,0.011048195428370267
108060.00499999998,0.1771605015,0.18826797150952423,0.011107470009524223
108140.00499999998,0.1772939116,0.18849663106407902,0.011202719464079025
108210.00499999998,0.1774562448,0.18872288897682113,0.011266644176821133
108290.00499999998,0.1776230037,0.18899050435719636,0.011367500657196355
108360.00499999998,0.1777215898,0.1892238516473641,0.01150226184736411
108430.00499999998,0.1779046506,0.18944339562951462,0.01153874502951463
108510.00499999998,0.1780425161,0.18969428924087917,0.011651773140879174
108580.00499999998,0.1782048345,0.1899138799492518,0.011709045449251804
108660.00499999998,0.1783894002,0.190164858282687,0.011775458082687013
108730.00499999998,0.178546533,0.19038444217167047,0.011837909171670463
108800.00499999998,0.1786762327,0.19060398187259978,0.011927749172599783
108880.00499999998,0.1788667142,0.1908549151402686,0.01198820094026859
108950.00499999998,0.1790053248,0.19107447231221103,0.012069147512211026
109030.00499999998,0.1791995168,0.19132542816211767,0.012125911362117658
109100.00499999998,0.1793396026,0.19154499178568196,0.012205389185681953
109180.00499999998,0.1795174927,0.1917993859091866,0.0122818932091866
109250.00499999998,0.179697603,0.19202921592430888,0.012331612924308871
109320.00499999998,0.1798354536,0.19225901499888115,0.01242356139888115
109400.00499999998,0.1800177842,0.19252166359673423,0.012503879396734224
109470.00499999998,0.1801793724,0.19275147878879703,0.012572106388797022
109550.00499999998,0.1803906113,0.19301415761915552,0.01262354631915552
109620.00499999998,0.1805403382,0.19324399749287186,0.012703659292871844
109700.00499999998,0.1806982011,0.19350660032813266,0.01280839922813265
109770.00499999998,0.1808812767,0.19373639799105358,0.012855121291053567
109840.00499999998,0.1810376793,0.19396617606819677,0.012928496768196768
109920.00499999998,0.1812407523,0.19422882075067616,0.012988068450676155
109990.00499999998,0.1813978851,0.19445904073463804,0.013061155634638055
110070.00499999998,0.1816217303,0.19472267543856214,0.013100945138562137
110140.00499999998,0.1817944199,0.1949533643772941,0.013158944477294099
110210.00499999998,0.1819708347,0.19518405493753835,0.013213220237538348
110290.00499999998,0.1821642816,0.19544767902252672,0.01328339742252671
110360.00499999998,0.1823429018,0.19567837290114515,0.013335471101145135
110440.00499999998,0.182538569,0.19594199026333214,0.013403421263332133
110510.00499999998,0.182726115,0.1961726625553486,0.013446547555348604
110590.00499999998,0.1829099208,0.1964362377726717,0.013526316972671704
110660.00499999998,0.1831293106,0.19666693915138914,0.013537628551389125
110730.00499999998,0.1833020002,0.19689764355692663,0.013595643356926618
110810.00499999998,0.1835191697,0.19715272006101625,0.013633550361016239
110880.00499999998,0.1836622357,0.1973721859753917,0.01370995027539168
110960.00499999998,0.1839016378,0.19762306548123434,0.013721427681234355
111030.00499999998,0.1840698719,0.19784254930522469,0.013772677405224698
111110.00499999998,0.1843226254,0.1980934414387161,0.013770816038716105
111180.00499999998,0.1844960749,0.1983129825967802,0.013816907696780206
111250.00499999998,0.1846835911,0.19853248405376775,0.01384889295376776
111330.00499999998,0.1849014908,0.19878334297376865,0.013881852173768638
111400.00499999998,0.1851016134,0.19900285762362657,0.013901244223626569
111480.00499999998,0.1853365749,0.19925375470018714,0.01391717980018714
111550.00499999998,0.1855529994,0.19947331545041663,0.013920316050416631
111630.00499999998,0.1857301444,0.19972806212618233,0.013997917726182335
111700.00499999998,0.1859243363,0.1999512396036429,0.014026903303642896
111770.00499999998,0.1861511469,0.20017448869437265,0.014023341794372646
111850.00499999998,0.1864038855,0.20042963694708235,0.014025751447082346
111920.00499999998,0.186568439,0.200652848741148,0.014084409741147996
112000.00499999998,0.1868026406,0.2009079168383363,0.014105276238336323
112070.00499999998,0.1870146394,0.20113111564753888,0.014116476247538895
112140.00499999998,0.1872369945,0.20135433428657715,0.014117339786577143
112220.00499999998,0.1874926984,0.20160947187936157,0.014116773479361577
112290.00499999998,0.1876713187,0.20183268977316626,0.014161371073166257
112370.00499999998,0.1879151911,0.20208809903315825,0.014172907933158257
112440.00499999998,0.188117519,0.2023129776352529,0.0141954586352529
112520.00499999998,0.1883658171,0.20256997525155945,0.014204158151559454
112590.00499999998,0.1886193007,0.20279493412442434,0.01417563342442435
112660.00499999998,0.1888327748,0.20301990144908222,0.014187126649082227
112740.00499999998,0.189047724,0.2032769169712506,0.01422919297125061
112810.00499999998,0.1892900765,0.20350183288106682,0.014211756381066837
112890.00499999998,0.1895332038,0.203758869794603,0.01422566599460301
112960.00499999998,0.1897674203,0.20398380871393804,0.014216388413938047
113040.00499999998,0.1900275648,0.2042408810455818,0.014213316245581809
113110.00499999998,0.1902388036,0.20446581834978347,0.014227014749783468
113180.00499999998,0.1904404163,0.20469365498661635,0.014253238686616349
113260.00499999998,0.190702796,0.20496060750061784,0.014257811500617834
113330.00499999998,0.1909570247,0.20519422654096137,0.014237201840961361
113410.00499999998,0.1911927313,0.20546118139599334,0.01426845009599334
113480.00499999998,0.1914247274,0.20569479820863365,0.014270070808633656
113550.00499999998,0.19166857,0.2059284409254784,0.014259870925478396
113630.00499999998,0.191898331,0.20619540862852362,0.014297077628523613
113700.00499999998,0.1921429336,0.20642901759978458,0.014286083999784566
113780.00499999998,0.1924171746,0.20669601128757648,0.014278836687576485
113850.00499999998,0.1926402599,0.20692965831936838,0.014289398419368382
113930.00499999998,0.1929071099,0.2071966740673522,0.014289564167352192
114000.00499999998,0.1931250095,0.20744689161588714,0.014321882115887141
114070.00499999998,0.193359971,0.20770542039120182,0.014345449391201831
114150.00499999998,0.1936312467,0.20799725262178909,0.014366005921789077
114220.00499999998,0.1938647181,0.20825261064270245,0.014387892542702452
114300.00499999998,0.1941159815,0.20854443275069467,0.014428451250694668
114370.00499999998,0.1943731755,0.20879979636354395,0.01442662086354396
114450.00499999998,0.194608137,0.20909162975487386,0.014483492754873872
114520.00499999998,0.1948304921,0.2093469637810932,0.014516471681093185
114590.00499999998,0.1950609982,0.20960229182907725,0.014541293629077245
114670.00499999998,0.1953233927,0.20989412427818427,0.014570731578184282
114740.00499999998,0.1955420375,0.21014947107006376,0.014607433570063777
114820.00499999998,0.1958133131,0.21044127628794518,0.014627963187945181
114890.00499999998,0.1960453093,0.21071224629886603,0.014666936998866037
114970.00499999998,0.1962854564,0.21103259210057718,0.014747135700577174
115040.00499999998,0.1965159625,0.21131288220457123,0.014796919704571226
115110.00499999998,0.1967753768,0.21159324131038948,0.014817864510389467
115190.00499999998,0.1970095932,0.21191359669466775,0.01490400349466775
115260.00499999998,0.1972482651,0.21219392745782156,0.014945662357821576
115340.00499999998,0.1974795014,0.21251430533518972,0.015034803935189717
115410.00499999998,0.1977389306,0.21279466799601637,0.015055737396016372
115480.00499999998,0.1979472041,0.21307500535414253,0.015127801254142537
115560.00499999998,0.1981791854,0.21339531471783302,0.015216129317833005
115630.00499999998,0.1984319538,0.21367565548322776,0.01524370168322775
115710.00499999998,0.1986624599,0.21402737642304492,0.01536491652304492
115780.00499999998,0.198867023,0.21434211800967487,0.015475095009674866
115860.00499999998,0.1991723925,0.21470196923386187,0.015529576733861877
115930.00499999998,0.1993517727,0.21501675949951932,0.015664986799519304
116000.00499999998,0.1996030211,0.21533158237195532,0.01572856127195532
116080.00499999998,0.199875772,0.21569142114270584,0.015815649142705834
116150.00499999998,0.2000462711,0.21601746860668003,0.015971197506680024
116230.00499999998,0.2002945542,0.21639779552719485,0.016103241327194845
116300.00499999998,0.2005561888,0.21673069406049467,0.01617450526049466
116380.00499999998,0.2008215487,0.21711119528320866,0.016289646583208667
116450.00499999998,0.2010113001,0.21744403971494436,0.016432739614944347
116520.00499999998,0.2012603283,0.21777694459457425,0.016516616294574238
116600.00499999998,0.2015108466,0.21815740373196327,0.01664655713196328
116670.00499999998,0.2017176449,0.21849029991755986,0.016772655017559868
116750.00499999998,0.2019429654,0.21887066689220236,0.01692770149220235
116820.00499999998,0.2021645755,0.21920349782737553,0.017038922327375527
116890.00499999998,0.2024025172,0.21953638031180478,0.017133863111804787
116970.00499999998,0.2026619315,0.2199095852794462,0.017247653779446204
117040.00499999998,0.2028835416,0.22023448114809124,0.01735093954809125
117120.00499999998,0.2031392455,0.22060577654583285,0.017466531045832845
117190.00499999998,0.2033675462,0.22093069996732287,0.01756315376732287
117270.00499999998,0.2036247253,0.22130202674600824,0.017677301446008237
117340.00499999998,0.2038626522,0.22162697304325593,0.017764320843255937
117410.00499999998,0.2040991038,0.22195193909992322,0.017852835299923236
117490.00499999998,0.2043170035,0.22232322238724822,0.01800621888724821
117560.00499999998,0.2045771629,0.22264813171731965,0.01807096881731965
117640.00499999998,0.2048499286,0.22301948698394747,0.01816955838394746
117710.00499999998,0.2050544918,0.22334083859237547,0.01828634679237548
117790.00499999998,0.2053324282,0.2236370279104536,0.01830459971045359
117860.00499999998,0.20557037,0.2238859315034235,0.018315561503423505
117930.00499999998,0.2058268189,0.2241286671551055,0.018301848255105474
118010.00499999998,0.206092149,0.22440611925414913,0.01831397025414913
118080.00499999998,0.2063263804,0.22464885911649607,0.01832247871649606
118160.00499999998,0.206596911,0.2249262746786348,0.018329363678634802
118230.00499999998,0.2068585455,0.225169041018002,0.018310495518002012
118310.00499999998,0.2071024179,0.22544644141994147,0.018344023519941466
118380.00499999998,0.2073692381,0.2256891740717331,0.01831993597173312
118450.00499999998,0.2076108605,0.2259319155544697,0.01832105505446971
118530.00499999998,0.2078851163,0.22620931063623484,0.018324194336234834
118600.00499999998,0.20818232,0.22645212089963473,0.01826980089963473
118680.00499999998,0.2084276527,0.22663971561871177,0.018212062918711774
118750.00499999998,0.2086826265,0.22679671411768593,0.01811408761768593
118820.00499999998,0.2089665085,0.22695376047800442,0.01798725197800441
118900.00499999998,0.2092511207,0.2271332254433983,0.017882104743398325
118970.00499999998,0.2094808966,0.22729021859794157,0.01780932199794158
119050.00499999998,0.2097818106,0.2274696411047174,0.017687830504717394
119120.00499999998,0.2100716084,0.22762665048190628,0.01755504208190628
119200.00499999998,0.2104088664,0.22780613386750892,0.017397267467508915
119270.00499999998,0.2106779069,0.227963171803923,0.017285264903923014
119340.00499999998,0.2109410465,0.22812017692549608,0.01717913042549607
119420.00499999998,0.2112664282,0.22829965470379776,0.017033226503797766
119490.00499999998,0.2115443647,0.2284312514992158,0.016886886799215822
119570.00499999998,0.2118615955,0.2285504042583907,0.01668880875839071
119640.00499999998,0.2121684551,0.2286546960912414,0.016486240991241408
119720.00499999998,0.2124871761,0.22877385890746835,0.01628668280746834
119790.00499999998,0.2127673328,0.22887812606243813,0.01611079326243814
119860.00499999998,0.2130727023,0.2289823983617384,0.015909696061738393
119940.00499999998,0.2134373784,0.2291016026753961,0.0156642242753961
120010.00499999998,0.2137234658,0.22920587629611455,0.01548241049611454
120090.00499999998,0.2141014934,0.2293250768538443,0.01522358345384428
120160.00499999998,0.2144083381,0.22937377545791043,0.014965437357910422
120230.00499999998,0.2147218734,0.22945317574415075,0.014731302344150737
120310.00499999998,0.2150820792,0.22954394227168837,0.014461863071688369
120380.00499999998,0.2153763473,0.22962333975143273,0.014246992451432738
120460.00499999998,0.2157498896,0.22971408130484433,0.013964191704844336
120530.00499999998,0.2161012292,0.2297935112559022,0.0136922820559022
120610.00499999998,0.2164696008,0.22988426288091546,0.013414662080915463
120680.00499999998,0.2167971879,0.22996367438601303,0.01316648648601304
120750.00499999998,0.2171485275,0.23004311547334233,0.012894587973342336
120830.00499999998,0.2174939215,0.2301338384771428,0.012639916977142812
120900.00499999998,0.2178541422,0.23021326343439988,0.012359121234399889
120980.00499999998,0.2182440013,0.2302990730391825,0.012055071739182521
121050.00499999998,0.218570143,0.23036388414524983,0.011793741145249836
121130.00499999998,0.2189718485,0.23043798580303704,0.011466137303037027
121200.00499999998,0.2192883492,0.2305027765039252,0.01121442730392519
121270.00499999998,0.2196537554,0.23056764280052544,0.01091388740052543
121350.00499999998,0.2200428843,0.23064173922025968,0.010598854920259693
121420.00499999998,0.2203526944,0.23070654568472235,0.010353851284722354
121500.00499999998,0.2207247913,0.2307806325813579,0.010055841281357891
121570.00499999998,0.2210723907,0.23084547817953027,0.009773087479530262
121650.00499999998,0.2214511484,0.230919581124496,0.009468432724496018
121720.00499999998,0.2217253894,0.23098438905664287,0.009258999656642869
121790.00499999998,0.222058937,0.23104637921806134,0.008987442218061331
121870.00499999998,0.2224161774,0.23111374352335673,0.008697566123356731
121940.00499999998,0.2227148861,0.23117267935282387,0.008457793252823864
122020.00499999998,0.2230195105,0.23124002874598149,0.008220518245981495
122090.00499999998,0.223315984,0.23129898392173087,0.007982999921730877
122160.00499999998,0.223582834,0.2313579305160913,0.00777509651609129
122240.00499999998,0.2238674462,0.2314252708838117,0.00755782468381172
122310.00600000002,0.22412242,0.23148419854521374,0.0073617785452137485
122390.00600000002,0.2244463116,0.23155159093248456,0.00710527933248456
122460.00600000002,0.2246590257,0.2316105412665626,0.006951515566562622
122540.00600000002,0.2249384671,0.2316778981915809,0.0067394310915809
122610.00600000002,0.2251660079,0.23173790337685413,0.006571895476854134
122680.00600000002,0.2253661305,0.23179819688281278,0.006432066382812768
122760.00600000002,0.2255899757,0.2318671065026267,0.006277130802626707
122830.00600000002,0.225787878,0.23192740878848894,0.006139530788488945
122910.00600000002,0.2260161638,0.23199634218734858,0.0059801783873485725
122980.00600000002,0.2262192518,0.23205668882616118,0.005837437026161185
123060.00600000002,0.2264586538,0.2321256363111588,0.005666982511158797
123130.00600000002,0.2265527844,0.23218596272902964,0.0056331783290296256
123200.00600000002,0.2267128825,0.23224624985911008,0.005533367359110086
123280.00600000002,0.2269374728,0.2323152246100722,0.00537775181007219
123350.00600000002,0.2270731032,0.23237554665607246,0.005302443456072475
123430.00600000002,0.2272257954,0.2324458421914552,0.005220046791455185
123500.00600000002,0.2273532748,0.23250746333438432,0.0051541885343843186
123570.00600000002,0.2274777889,0.23256906901189206,0.005091280111892055
123650.00600000002,0.227611959,0.23263949349157093,0.005027534491570923
123720.00600000002,0.2277312875,0.2327011187695909,0.004969831269590913
123800.00600000002,0.2278950959,0.23277157783414543,0.004876481934145416
123870.00600000002,0.2279773653,0.23283317668114628,0.004855811381146269
123950.00600000002,0.2281144708,0.23290361571660745,0.004789144916607452
124020.00600000002,0.2282308489,0.23296525615440372,0.004734407254403716
124090.00600000002,0.2283420265,0.23302690155919897,0.004684875059198984
124170.00600000002,0.2284317166,0.23310263950097582,0.004670922900975816
124240.00600000002,0.2285658717,0.23319144212071063,0.0046255704207106285
124320.00600000002,0.2286555469,0.2332928879735759,0.004637341073575885
124390.00600000002,0.2287496775,0.23338166382111947,0.004631986321119469
124470.00600000002,0.22886011,0.23346951655596684,0.0046094065559668385
124540.00600000002,0.2289142162,0.23354534191630882,0.0046311257163088315
124610.00600000002,0.2290083617,0.23362118432432105,0.004612822624321056
124690.00600000002,0.2291099131,0.23370787307167296,0.004597959971672949
124760.00600000002,0.2291825414,0.23378371684512395,0.004601175445123951
124840.00600000002,0.229276672,0.23387040507430562,0.004593733074305634
124910.00600000002,0.229355976,0.2339462596279696,0.004590283627969621
124990.00600000002,0.229444176,0.23403295043040823,0.004588774430408227
125060.00600000002,0.2295071781,0.234108805888865,0.004601627788865026
125130.00600000002,0.2295827866,0.23418466251172718,0.004601875911727171
125210.00600000002,0.2296724617,0.2342789601361056,0.0046064984361056105
125280.00600000002,0.2297599316,0.234393495473838,0.004633563873838009
125360.00600000002,0.2298007011,0.23452288357991097,0.0047221824799109635
125430.00600000002,0.2298770398,0.23462994543337418,0.004752905633374188
125500.00600000002,0.229931891,0.23473700409022918,0.004805113090229185
125580.00600000002,0.2300067544,0.23485935628366936,0.004852601883669344
125650.00600000002,0.2300682664,0.23496639577906803,0.004898129379068028
125730.00600000002,0.2301156968,0.23508873284007042,0.004973036040070433
125800.00600000002,0.2302053869,0.23519581958336605,0.004990432683366047
125880.00600000002,0.2302668989,0.23531819435659188,0.005051295456591887
125950.00600000002,0.2303276807,0.23542525895637106,0.005097578256371055
126020.00600000002,0.230402559,0.2355323326368255,0.005129773636825485
126100.00600000002,0.2304566652,0.23565469181128007,0.005198026611280077
126170.00600000002,0.2305181772,0.23580566942710865,0.005287492227108642
126250.00600000002,0.2305893302,0.23597457026105423,0.005385240061054231
126320.00600000002,0.2306604832,0.23612237859471397,0.005461895394713978
126400.00600000002,0.2307064384,0.2362912928230201,0.005584854423020119
126470.00600000002,0.2307835221,0.23643910734706225,0.00565558524706225
126540.00600000002,0.2308235466,0.2365869089169706,0.005763362316970583
126620.00600000002,0.2309043258,0.23675584228698887,0.005851516486988867
126690.00600000002,0.2309554666,0.23690365320000273,0.005948186600002736
126770.00600000002,0.2310303301,0.23707258875488413,0.006042258654884142
126840.00600000002,0.2310874164,0.23722038962144332,0.006132973221443322
126910.00600000002,0.2311526388,0.23736821478779166,0.006215575987791655
126990.00600000002,0.2312141508,0.23756564905820865,0.00635149825820866
127060.00600000002,0.2312682569,0.23777258374576543,0.006504326845765435
127140.00600000002,0.231331259,0.23800906153232393,0.006677802532323918
127210.00600000002,0.2313794345,0.23821599504320007,0.00683656054320006
127290.00600000002,0.2314535528,0.2384525190897055,0.006998966289705505
127360.00600000002,0.2315113693,0.23865946577060948,0.0071480964706094885
127430.00600000002,0.2315684408,0.23886640721438712,0.007297966414387125
127510.00600000002,0.2316469997,0.23910292654376147,0.007455926843761479
127580.00600000002,0.2317129672,0.2393098788002534,0.0075969116002533865
127660.00600000002,0.2317774594,0.23954637609327398,0.007768916693273981
127730.00600000002,0.2318352759,0.23980782141387802,0.007972545513878021
127810.00600000002,0.2319190353,0.24012550558416126,0.008206470284161271
127880.00600000002,0.2320020497,0.2404035052628339,0.00840145556283392
127950.00600000002,0.2320265025,0.24068143917093576,0.008654936670935753
128030.00600000002,0.2321198881,0.24099910285168327,0.008879214751683268
128100.00600000002,0.2322051227,0.24127710337879227,0.00907198067879228
128180.00600000002,0.2322725803,0.24159480236949193,0.009322222069491931
128250.00600000002,0.2323229909,0.24187275583791093,0.009549764937910932
128330.00600000002,0.2324015498,0.24224904107009881,0.009847491270098818
128400.00600000002,0.2324823588,0.24262083139636553,0.010138472596365522
128470.00600000002,0.2325253487,0.24299253110192903,0.010467182401929037
128550.00600000002,0.2326187342,0.24341733020574274,0.010798596005742733
128620.00600000002,0.2327165753,0.2437891046736305,0.011072529373630485
128700.00600000002,0.2327558547,0.2442138937184819,0.011458039018481914
128770.00600000002,0.2328321934,0.2445855848277469,0.011753391427746895
128840.00600000002,0.2329129875,0.24495726002158458,0.012044272521584576
128920.00600000002,0.2330182344,0.2453820809171644,0.012363846517164406
128990.00600000002,0.2331353277,0.24586878338019905,0.01273345568019904
129070.00600000002,0.2332153916,0.2464379282648947,0.013222536664894702
129140.00600000002,0.2332746983,0.2469358428051373,0.013661144505137307
129220.00600000002,0.2334058732,0.24750501462342045,0.014099141423420447
129290.00600000002,0.233457759,0.2480029427448742,0.014545183744874207
129360.00600000002,0.2335429937,0.24850089925773275,0.014957905557732742
129440.00600000002,0.233634159,0.2490700532936826,0.015435894293682584
129510.00600000002,0.2337349504,0.24956807267181316,0.01583312227181316
129590.00600000002,0.2338431627,0.25017566826244675,0.016332505562446753
129660.00600000002,0.2339476794,0.2507870721241272,0.01683939272412721
129740.00600000002,0.2340284735,0.2514856729438372,0.017457199443837224
129810.00600000002,0.2341744751,0.25209710540855473,0.017922630308554732
129880.00600000002,0.2342767864,0.2527132838201317,0.018436497420131703
129960.00600000002,0.2343768626,0.25351231039957023,0.019135447799570215
130030.00600000002,0.2345139831,0.25421153306907684,0.019697549969076855
130110.00600000002,0.2346333116,0.25501066402228356,0.020377352422283557
130180.00600000002,0.2347355932,0.2557097415759513,0.020974148375951268
130250.00600000002,0.2348682433,0.25640889285873686,0.021540649558736857
130330.00600000002,0.2349875718,0.25726523526736744,0.022277663467367453
130400.00600000002,0.2351150662,0.2580560584099215,0.022940992209921518
130480.00600000002,0.2353025824,0.2589600395568912,0.023657457156891187
130550.00600000002,0.2354070991,0.25975098706079847,0.024343887960798477
130630.00600000002,0.2355523854,0.2607283134847824,0.025175928084782417
130700.00600000002,0.2357250899,0.26161508477675577,0.02588999487675578
130770.00600000002,0.2358733267,0.2625019215880366,0.026628594888036594
130850.00600000002,0.2360393554,0.26351540194277656,0.02747604654277655
130920.00600000002,0.2361779362,0.2644210520489587,0.028243115848958722
131000.00600000002,0.2363647074,0.2655445879090227,0.029179880509022676
131070.00600000002,0.2365285307,0.26652764399833007,0.029999113298330077
131150.00600000002,0.2367101163,0.2676511639585333,0.030941047658533283
131220.00600000002,0.236912474,0.26871787793804575,0.031805403938045734
131290.00600000002,0.2370948046,0.26980983403945524,0.03271502943945526
131370.00600000002,0.23732014,0.2710578052233157,0.03373766522331567
131440.00600000002,0.2374980003,0.27214972082603217,0.03465172052603216
131520.00600000002,0.2377381474,0.27339763932703554,0.03565949192703555
131590.00600000002,0.2379323393,0.2744983985083199,0.03656605920831993
131670.00600000002,0.2381724864,0.2759354307961216,0.0377629443961216
131740.00600000002,0.2383911461,0.2771927964655766,0.03880165036557659
131810.00600000002,0.2386046201,0.27844996631517027,0.039845346215170274
131890.00600000002,0.2388847917,0.2798868879907028,0.04100209629070284
131960.00600000002,0.2391471714,0.28114445995242765,0.04199728855242765
132040.00600000002,0.2394184321,0.28258149398271887,0.04316306188271887
132110.00600000002,0.2397112399,0.28383898823094733,0.04412774833094732
132180.00600000002,0.2399639636,0.2850965399821177,0.045132576382117706
132260.00600000002,0.2402915806,0.286659496320496,0.04636791572049598
132330.00600000002,0.2405650765,0.2880551132958225,0.047490036795822504
132410.00600000002,0.2408926636,0.2896500133172385,0.048757349717238496
132480.00600000002,0.2411876768,0.29104547224549193,0.04985779544549193
132560.00600000002,0.2415768057,0.2926404038829108,0.051063598182910785
132630.00600000002,0.2418955117,0.29410349046245465,0.05220797876245464
132700.00600000002,0.2422327548,0.2955869456314124,0.05335419083141241
132780.00600000002,0.2426456064,0.2972823547987886,0.054636748398788626
132850.00600000002,0.2429962009,0.29876579202909415,0.05576959112909416
132930.00600000002,0.2434690446,0.3004612159973178,0.0569921713973178
133000.00600000002,0.2438278049,0.3020449304448516,0.05821712554485159
133080.00600000002,0.2443333119,0.303866323215362,0.05953301131536201
133150.00600000002,0.2447164804,0.30545998969802945,0.06074350929802946
133220.00600000002,0.2451864332,0.3070538106439237,0.06186737744392368
133300.00600000002,0.2456941456,0.30887531657243394,0.06318117097243395
133370.00600000002,0.2461529225,0.3104689973355833,0.0643160748355833
133450.00600000002,0.2467043847,0.31229034312516585,0.06558595842516585
133520.00600000002,0.2472076565,0.3138839811062445,0.06667632460624448
133590.00600000002,0.2477109283,0.31548259575068993,0.06777166745068994
133670.00600000002,0.2483239025,0.3174112556902601,0.06908735319026008
133740.00600000002,0.2488761097,0.3190989717545842,0.0702228620545842
133820.00600000002,0.2495216578,0.32102780021711946,0.07150614241711947
133890.00600000002,0.2501123846,0.32271547735063977,0.07260309275063975
133970.00600000002,0.2508083582,0.32464433359881595,0.07383597539881592
134040.00600000002,0.2514361739,0.3263320608454872,0.07489588694548721
134110.00600000002,0.2520713508,0.328057885558923,0.07598653475892303
134190.00600000002,0.2528207302,0.33007710482369146,0.07725637462369145
134260.00600000002,0.2535011172,0.331844014564707,0.07834289736470701
134340.00600000002,0.2542971671,0.33386343307680594,0.07956626597680594
134410.00600000002,0.2550094426,0.33563040801922944,0.08062096541922942
134490.00600000002,0.2558529377,0.33773724068587685,0.08188430298587684
134560.00600000002,0.2566171288,0.3396003178959738,0.0829831890959738
134630.00600000002,0.2574005425,0.34146334717920046,0.08406280467920046
134710.00600000002,0.2582833171,0.34359259492414806,0.08530927782414804
134780.00600000002,0.2591045797,0.3454556389143933,0.08635105921439329
134860.00600000002,0.2600666285,0.34758490194253633,0.08751827344253632
134930.00600000002,0.2609279156,0.3494478328449112,0.0885199172449112
135010.00600000002,0.2619856,0.35157723561817456,0.08959163561817457
135080.00600000002,0.2628594637,0.35344038868531347,0.09058092498531345
135150.00600000002,0.2638155818,0.35530943597790865,0.09149385417790867
135230.00600000002,0.2649133205,0.3575631102471654,0.09264978974716542
135300.00600000002,0.2659116983,0.359535198069168,0.093623499769168
135380.00600000002,0.2670242488,0.3617888089574054,0.09476456015740542
135450.00600000002,0.2680989802,0.36376093838095963,0.09566195818095963
135520.00600000002,0.2691455483,0.36573325714882876,0.09658770884882878
135600.00600000002,0.2703885436,0.36805417106500093,0.09766562746500096
135670.00600000002,0.2714788318,0.37009988546399464,0.09862105366399465
135750.00600000002,0.2727314532,0.37243744250922595,0.09970598930922597
135820.00600000002,0.2739121914,0.3744827693032281,0.1005705779032281
135900.00600000002,0.2752656043,0.37682038211265034,0.10155477781265032
135970.00600000002,0.2764455974,0.37893792260159054,0.10249232520159052
136040.00600000002,0.2776878476,0.38109895707857744,0.10341110947857746
136120.00600000002,0.2790864706,0.3835686220977428,0.10448215149774276
136190.00600000002,0.2803680003,0.3857295498434067,0.10536154954340671
136270.00600000002,0.2818526328,0.3881994563211981,0.10634682352119812
136340.00600000002,0.2831230462,0.390360405674741,0.107237359474741
136420.00600000002,0.2846654654,0.39282986095411976,0.10816439555411977
136490.00600000002,0.2860322297,0.3949909518380914,0.10895872213809144
136560.00600000002,0.2873878777,0.3971519021829766,0.10976402448297656
136640.00600000002,0.2889866531,0.3996268828922356,0.11064022979223559
136710.00600000002,0.2904216051,0.4018909376143152,0.11146933251431523
136790.00600000002,0.2920463085,0.40450540372383503,0.11245909522383501
136860.00600000002,0.2934923768,0.40672372226885284,0.11323134546885283
136930.00600000002,0.2949695885,0.40902492167012583,0.11405533317012584
137010.00600000002,0.2966461778,0.41163285724956356,0.11498667944956353
137080.00600000002,0.2981433868,0.41395817897660964,0.11581479217660962
137160.00600000002,0.299864471,0.41662570914060054,0.11676123814060052
137230.00600000002,0.3014054,0.4189706758568916,0.11756527585689158
137310.00600000002,0.3032013476,0.4215649631382923,0.11836361553829228
137380.00600000002,0.3047496974,0.4238220032185234,0.1190723058185234
137450.00600000002,0.3063432872,0.42618335191246726,0.11984006471246728
137530.00600000002,0.3081555068,0.4289454307723446,0.12078992397234461
137600.00600000002,0.3097572327,0.43132997911469906,0.12157274641469906
137680.00600000002,0.3116109967,0.43414069457289306,0.12252969787289308
137750.00600000002,0.3132549524,0.4365807803907873,0.12332582799078728
137830.00600000002,0.3151672482,0.4393873426506739,0.12422009445067389
137900.00600000002,0.3168119788,0.4419339048760509,0.12512192607605088
137970.00600000002,0.3184752166,0.4444552708443985,0.1259800542443985
138050.00600000002,0.3203815818,0.4473526510668472,0.1269710692668472
138120.00600000002,0.3220915198,0.449940710737768,0.12784919093776798
138200.00600000002,0.3240631223,0.45281516336036864,0.12875204106036864
138270.00600000002,0.3257575333,0.4553727324308352,0.1296151991308352
138350.00600000002,0.3277491331,0.4583878580682133,0.13063872496821333
138420.00600000002,0.3294701576,0.4610723483340404,0.13160219073404045
138490.00600000002,0.3312690556,0.4637463222090886,0.13247726660908865
138570.00600000002,0.3333184719,0.46687406053833375,0.13355558863833372
138640.00600000002,0.3350529075,0.4696385642913209,0.1345856567913209
138720.00600000002,0.3371504843,0.4728244350184996,0.13567395071849958
138790.00600000002,0.3389219642,0.47561951532905167,0.1366975511290517
138860.00600000002,0.3407668173,0.47851454837278506,0.13774773107278504
138940.00600000002,0.342889607,0.4817982802482849,0.13890867324828493
139010.00600000002,0.3447566926,0.4847354038242261,0.13997871122422606
139090.00600000002,0.3468661606,0.4881128082136581,0.14124664761365813
139160.00600000002,0.3487450778,0.49095856700877005,0.14221348920877003
139240.00600000002,0.3509390652,0.49431461110357566,0.14337554590357565
139310.00600000002,0.3528009653,0.49734909756990886,0.14454813226990887
139380.00600000002,0.3547569811,0.500455820794322,0.14569883969432207
139460.00600000002,0.3569768667,0.5040285294790613,0.1470516627790613
139530.00600000002,0.3589344025,0.5071829030796284,0.1482485005796284
139610.00600000002,0.3611869216,0.5108642541201132,0.14967733252011317
139680.00600000002,0.3631711006,0.5141415103338531,0.15097040973385312
139760.00600000002,0.3654376864,0.5179395914557435,0.15250190505574351
139830.00600000002,0.3674560189,0.5212922856056026,0.15383626670560258
139900.00600000002,0.3695054352,0.5246357156917931,0.15513028049179312
139980.00600000002,0.3718261421,0.5285385652571095,0.15671242315710954
140050.00600000002,0.3738940954,0.5320587485604,0.15816465316040001
140130.00600000002,0.3762555718,0.5361334888525229,0.15987791705252286
140200.00600000002,0.378357619,0.5397221333620754,0.16136451436207544
140270.00600000002,0.3804596663,0.5434276683518467,0.16296800205184675
140350.00600000002,0.3828789294,0.54768241748983,0.16480348808983003
140420.00600000002,0.385021776,0.5515304682944908,0.16650869229449083
140500.00600000002,0.387485534,0.5559344488077593,0.1684489148077593
140570.00600000002,0.3896379769,0.5599007962431792,0.17026281934317922
140650.00600000002,0.3921024799,0.5644946242777796,0.1723921443777796
140720.00600000002,0.3943068385,0.5686234647632648,0.17431662626326477
140790.00600000002,0.3965393305,0.5727754065890029,0.17623607608900294
140870.00600000002,0.3990846574,0.57764641428599,0.17856175688598996
140940.00600000002,0.4013334513,0.5820065390307905,0.1806730877307905
141020.00600000002,0.4039550722,0.5870921843458397,0.18313711214583966
141090.00600000002,0.4061742425,0.5916152151676697,0.18544097266766968
141170.00600000002,0.4087373316,0.5968560769354863,0.18811874533548628
141240.00600000002,0.4110358059,0.6015491011780059,0.19051329527800587
141310.00600000002,0.4133743346,0.6063569980599042,0.19298266345990417
141390.00600000002,0.4160775244,0.6119605007795088,0.1958829763795088
141460.00600000002,0.4184071124,0.6169560348445404,0.19854892244454042
141540.00600000002,0.4210606217,0.6228224443340403,0.2017618226340403
141610.00600000002,0.423270911,0.6280736137555798,0.20480270275557977
141690.00600000002,0.4259874225,0.6342064928963483,0.20821907039634835
141760.00600000002,0.4283822477,0.6397290034787804,0.21134675577878037
141830.00600000002,0.4307555854,0.645278507446958,0.21452292204695805
141910.00600000002,0.4335388541,0.6518793487679027,0.21834049466790267
141980.00600000002,0.4360204041,0.6578062066458341,0.22178580254583413
142060.00600000002,0.4388659,0.6647398964522828,0.22587399645228284
142130.00600000002,0.441383779,0.6709807183918306,0.22959693939183062
142200.00600000002,0.4439350069,0.6773754602973694,0.2334404533973694
142280.00600000002,0.4467857182,0.6849259958667123,0.2381402776667123
142350.00600000002,0.449388057,0.6917070711245354,0.24231901412453544
142430.00600000002,0.4522506297,0.699773136191056,0.24752250649105595
142500.00600000002,0.4548241198,0.7071027100325822,0.2522785902325822
142580.00600000002,0.4578348994,0.7157795336284374,0.2579446342284374
142650.00600000002,0.460524708,0.7236666646156982,0.26314195661569817
142720.00600000002,0.4632338285,0.7319255912984004,0.2686917627984004
142800.00600000002,0.4663439691,0.741828803987663,0.27548483488766307
142870.00600000002,0.4691182971,0.7510059329499811,0.28188763584998106
142950.00600000002,0.472274363,0.7620628111206005,0.2897884481206005
143020.00600000002,0.4750850499,0.7722910944678079,0.29720604456780786
143100.00600000002,0.4783641696,0.7845560574742494,0.3061918878742494
143170.00600000002,0.4812526703,0.795847961005469,0.31459529070546893
143240.00600000002,0.4842004478,0.8076004012077468,0.3233999534077468
143320.00600000002,0.4875921905,0.8215161662319409,0.3339239757319409
143390.00600000002,0.4904043376,0.8342112527737158,0.34380691517371575
143470.00600000002,0.4937850535,0.849285909418759,0.355500855918759
143540.00600000002,0.4968180954,0.8630174606632801,0.3661993652632801
143610.00600000002,0.4999415576,0.8773340203420796,0.37739246274207966
143690.00600000002,0.503518641,0.894387208169776,0.390868567169776
143760.00600000002,0.5066732168,0.9098913104436679,0.4032180936436679
143840.00600000002,0.5103837848,0.9283014238423718,0.4179176390423718
143910.00600000002,0.5136413574,0.9448935566524903,0.43125219925249025
143990.00600000002,0.5174334049,0.9642519671008677,0.4468185622008677
144060.00600000002,0.5207569599,0.9814693248169581,0.4607123649169581
144130.00600000002,0.5241584778,0.9989814107373001,0.47482293293730005
144210.00600000002,0.5280505419,1.0203811409859735,0.49233059908597354
144280.00600000002,0.5315809846,1.0392173781259801,0.5076363935259801
144360.00600000002,0.5356702209,1.0607474437282751,0.5250772228282751
144430.00600000002,0.5392406583,1.0795838494887966,0.5403431911887966
144510.00600000002,0.5434736609,1.101111293661189,0.557637632761189
144580.00600000002,0.5471923947,1.1199461076677433,0.5727537129677432
144650.00600000002,0.5510563254,1.1387827266415873,0.5877264012415873
144730.00600000002,0.5554724336,1.1603109173613828,0.6048384837613828
144800.00600000002,0.5594439507,1.1791465070301983,0.6197025563301983
144880.00600000002,0.5640460849,1.2006726644313865,0.6366265795313866
144950.00600000002,0.5681762099,1.2195095225913362,0.6513333126913362
145030.00600000002,0.5729555488,1.2410399448817868,0.6680843960817868
145100.00600000002,0.5772004724,1.2598759069147287,0.6826754345147287
145170.00600000002,0.5815551877,1.278709603433132,0.697154415733132
145250.00600000002,0.5866791606,1.3002383836270441,0.7135592230270441
145320.00600000002,0.5911886692,1.3190781142863754,0.7278894450863754
145400.00600000002,0.5964439511,1.3406091146856212,0.7441651635856211
145470.00600000002,0.6011298895,1.3594443846975868,0.7583144951975868
145540.00600000002,0.6059418917,1.3782772459078547,0.7723353542078547
145620.00600000002,0.6115766168,1.3998051478641695,0.7882285310641696
145690.00600000002,0.6165628433,1.4186425945826886,0.8020797512826886
145770.00600000002,0.6224636436,1.440171315633243,0.817707672033243
145840.00600000002,0.6277188659,1.4590095959631615,0.8312907300631615
145920.00600000002,0.6338458061,1.4805356998400978,0.8466898937400978
145990.00600000002,0.6393975019,1.4993722582936653,0.8599747563936653
146060.00600000002,0.6449708343,1.518210144905251,0.873239310605251
146140.00600000002,0.6515572667,1.5397369001325885,0.8881796334325884
146210.00600000002,0.6574937105,1.5585721465992841,0.9010784360992841
146290.00600000002,0.6644382477,1.5801004305011022,0.9156621828011021
146360.00600000002,0.6706985831,1.5989372283333103,0.9282386452333103
146440.00600000002,0.6780759096,1.6204664056369298,0.9423904960369298
146510.00600000002,0.6846609712,1.6393036721237073,0.9546427009237073
146580.00600000002,0.691496551,1.6581401700094736,0.9666436190094736
146660.00600000002,0.69956249,1.6796686350041772,0.9801061450041771
146730.00600000002,0.7069073319,1.6985066926765624,0.9915993607765624
146810.00600000002,0.7156241536,1.720036075003676,1.0044119214036762
146880.00600000002,0.7235093117,1.7388711904001681,1.0153618787001681
146950.00600000002,0.7318310142,1.7577082784987161,1.0258772642987162
147030.00600000002,0.7417516112,1.7792364411238728,1.0374848299238728
147100.00600000002,0.7509969473,1.7980742511380403,1.0470773038380403
147180.00600000002,0.7621079683,1.8196050327351192,1.0574970644351191
147250.00600000002,0.7723627687,1.8384425582310584,1.0660797895310585
147330.00600000002,0.7846805453,1.859969120312421,1.0752885750124208
147400.00600000002,0.7960139513,1.8788053033791434,1.0827913520791435
147470.00600000002,0.8078306317,1.8976450547425978,1.089814423042598
147550.00600000002,0.8217791319,1.9191747686905862,1.0973956367905862
147620.00600000002,0.8345024586,1.9380111561358642,1.1035086975358641
147700.00600000002,0.8496102095,1.9595381291690301,1.1099279196690301
147770.00600000002,0.8634171486,1.978376088171165,1.114958939571165
147850.00600000002,0.879861474,1.9999062957254932,1.120044821725493
147920.00600000002,0.8948885202,2.0187447050742815,1.1238561848742816
147990.00600000002,0.9104456306,2.037583285796071,1.127137655196071
148070.00600000002,0.9288868904,2.0591109885280368,1.1302240981280367
148140.00600000002,0.9455062151,2.0779490212310767,1.1324428061310767
148220.00600000002,0.9648837447,2.099476498124065,1.1345927534240647
148290.00600000002,0.9821279645,2.1183115003076765,1.1361835358076764
148361.31100000002,1.0000014305,2.1374990015500934,1.1374975710500934
