time_s,voltage_exp_V,voltage_sim_V,residual_V
0.0,0.0824038908,0.08009750995166146,-0.002306380848338549
59.99900000001071,0.0966956839,0.08119492741611697,-0.015500756483883021
129.9990000000107,0.1093002856,0.08139949846452017,-0.027900787135479832
209.9990000000107,0.1107856184,0.08154939539975115,-0.029236223000248848
279.9990000000107,0.1114801168,0.08165274191863922,-0.02982737488136078
359.9990000000107,0.1120612025,0.08175334075088642,-0.030307861749113582
429.9990000000107,0.1124718189,0.08183126203192315,-0.03064055686807686
509.9990000000107,0.1129113585,0.08191205575882778,-0.030999302741172227
579.9990000000107,0.1132307947,0.08197709992697354,-0.03125369477302646
649.9990000000107,0.1134968847,0.08203791778614264,-0.031458966913857356
729.9990000000107,0.1137874275,0.08210315951362372,-0.031684267986376274
799.9990000000107,0.1140431464,0.08215707394529001,-0.03188607245470999
879.9990000000107,0.1142677218,0.08221554112429051,-0.03205218067570949
949.9990000000107,0.1144448668,0.0822643133357757,-0.0321805534642243
1029.9990000000107,0.1146568358,0.08231766425952129,-0.0323391715404787
1099.9990000000107,0.1147717237,0.08236242881776534,-0.03240929488223465
1169.9990000000107,0.1149229258,0.08240563160466062,-0.032517294195339386
1249.9990000000107,0.115021497,0.08245317515270432,-0.032568321847295675
1319.9990000000107,0.1151504666,0.08249342362257442,-0.03265704297742558
1399.9990000000107,0.1152082831,0.08253786146091736,-0.03267042163908264
1469.9990000000107,0.1152987182,0.08257558075162948,-0.03272313744837052
1549.9990000000107,0.1153202057,0.08261734960700567,-0.03270285609299432
1619.9990000000107,0.1153557897,0.08265288568403026,-0.032702904015969744
1689.9990000000107,0.1154150814,0.08268752586997935,-0.032727555530020644
1769.9990000000107,0.1153780222,0.08272599904526905,-0.03265202315473095
1839.9990000000107,0.1153928488,0.08275882817531195,-0.03263402062468805
1919.9990000000107,0.1154143363,0.08279542313499301,-0.032618913165006994
1989.9990000000107,0.1153913587,0.08282665227366078,-0.03256470642633923
2069.9990000000107,0.1153305918,0.08286146206859987,-0.032469129731400134
2139.9990000000107,0.1152809262,0.08289124523376003,-0.03238968096623997
2209.9990000000107,0.1152720302,0.08292041026160299,-0.03235161993839701
2289.9990000000107,0.115261659,0.08295304180673915,-0.03230861719326085
2359.9990000000107,0.115189746,0.08298093340663769,-0.03220881259336231
2439.9990000000107,0.1151297092,0.08301214385139696,-0.032117565348603036
2509.9990000000107,0.1151059866,0.08303892203303345,-0.03206706456696655
2589.9990000000107,0.1150163114,0.08306885504952402,-0.03194745635047598
2659.9990000000107,0.1149673909,0.08309454671822772,-0.031872844181772275
2729.9990000000107,0.1149132848,0.08311976679286069,-0.03179351800713931
2809.9990000000107,0.1148406565,0.08314803145343413,-0.031692625046565864
2879.9990000000107,0.1148213744,0.08317231551874224,-0.031649058881257755
2959.9990000000107,0.1147628278,0.08319952679893028,-0.031563301001069716
3029.9990000000107,0.1146894544,0.08322287806399999,-0.031466576336000016
3109.9990000000107,0.1146620214,0.08324912218456175,-0.031412899215438245
3179.9990000000107,0.114623487,0.08327164731840561,-0.031351839681594385
3249.9990000000107,0.1145397276,0.08329377786830308,-0.03124594973169692
3329.9990000000107,0.114473775,0.08331864380522927,-0.03115513119477073
3399.9990000000107,0.114447087,0.08334003937954808,-0.031107047620451925
3479.9990000000107,0.1143655628,0.08336401508355351,-0.03100154771644649
3549.9990000000107,0.1143084913,0.08338465615407128,-0.03092383514592871
3629.9990000000107,0.1142365932,0.08340782579952682,-0.030828767400473175
3699.9990000000107,0.1142180562,0.08342778475864274,-0.030790271441357264
3769.9990000000107,0.1141602546,0.08344740403492341,-0.030712850565076583
3849.9990000000107,0.1141128093,0.08346946207100162,-0.03064334722899839
3919.9990000000107,0.1140720546,0.08348843472141149,-0.030583619878588514
3999.9990000000107,0.1140201688,0.08350975412449496,-0.03051041467550504
4069.9990000000107,0.1139653176,0.08352809395733857,-0.030437223642661437
4149.999000000011,0.1139408648,0.08354874605323473,-0.03039211874676527
4219.999000000011,0.1138956398,0.08356649810099852,-0.030329141699001486
4289.999000000011,0.1138481945,0.08358398091232075,-0.03026421358767925
4369.999000000011,0.1138304174,0.08360365486335954,-0.03022676253664046
4439.999000000011,0.1137837172,0.08362057494951881,-0.03016314225048118
4519.999000000011,0.1137036681,0.08363957508252705,-0.030064093017472954
4589.999000000011,0.1136777252,0.08365595687042711,-0.030021768329572887
4669.999000000011,0.1136399359,0.08367439028404698,-0.02996554561595302
4739.999000000011,0.1135991663,0.08369024338385846,-0.029908922916141542
4809.999000000011,0.1135917455,0.08370589081132791,-0.02988585468867208
4889.999000000011,0.1135361642,0.08372344815733122,-0.029812716042668774
4959.999000000011,0.11349985,0.08373858872831498,-0.02976126127168502
5039.999000000011,0.1134605706,0.08375559877229669,-0.02970497182770332
5109.999000000011,0.1134338826,0.08377026712413595,-0.029663615475864047
5189.999000000011,0.1134071946,0.08378676067910103,-0.02962043392089897
5259.999000000011,0.1133560538,0.08380094704485674,-0.02955510675514325
5339.999000000011,0.1133345664,0.0838169202248402,-0.029517646175159798
5409.999000000011,0.1133100986,0.08383068607451795,-0.029479412525482057
5479.999000000011,0.113252297,0.08384420308424867,-0.029408093915751332
5559.999000000011,0.1132396907,0.08385947098066959,-0.029380219719330414
5629.999000000011,0.1132218987,0.0838726111275457,-0.029349287572454308
5709.999000000011,0.1131351888,0.0838873513038997,-0.0292478374961003
5779.999000000011,0.1131737232,0.08390008407155876,-0.029273639128441248
5859.999000000011,0.1131248176,0.08391441451369797,-0.02921040308630203
5929.999000000011,0.1130936742,0.08392673258400067,-0.029166941615999323
5999.999000000011,0.1130469888,0.08393884939443161,-0.02910813940556839
6079.999000000011,0.1130462438,0.08395253033460864,-0.029093713465391358
6149.999000000011,0.1129906625,0.08396430326403671,-0.029026359235963292
6229.999000000011,0.1129587889,0.08397754203552442,-0.028981246864475577
6299.999000000011,0.1129402518,0.0839889313049232,-0.0289513204950768
6379.999000000011,0.1129321009,0.08400177604362236,-0.028930324856377643
6449.999000000011,0.1128928214,0.08401280031557125,-0.028880021084428747
6519.999000000011,0.1128579825,0.08402368435495648,-0.028834298145043513
6599.999000000011,0.1128402054,0.08403593575681828,-0.028804269643181724
6669.999000000011,0.1127994359,0.08404647111207582,-0.028752964787924176
6750.0,0.1127860993,0.08405834518883604,-0.02872775411116396
6820.0,0.1127645969,0.08406857233798878,-0.028696024562011216
6900.0,0.1127445847,0.08408005594945087,-0.02866452875054913
6970.0,0.112756446,0.08408997770097551,-0.028666468299024486
7040.0,0.1127134562,0.08409972684433965,-0.028613729355660353
7120.0,0.1127171665,0.08411072339247135,-0.028606443107528648
7190.0,0.112694934,0.08412017408136344,-0.02857475991863656
7270.0,0.1126845479,0.08413081502610238,-0.02855373287389762
7340.0,0.1126712114,0.08413997893775005,-0.02853123246224995
7420.0,0.112604484,0.08415026009277755,-0.02845422390722245
7490.0,0.1126393378,0.08415916418668055,-0.02848017361331945
7560.0,0.1126185805,0.08416790501800855,-0.02845067548199144
7640.0,0.1125896722,0.08417772942010332,-0.028411942779896684
7710.0,0.1125540882,0.08418618342445987,-0.02836790477554013
7790.0,0.1125466824,0.08419571651466254,-0.028350965885337462
7860.0,0.1125496477,0.08420394493912775,-0.028345702760872254
7940.0,0.1125370413,0.08421318345659326,-0.02832385784340674
8010.0,0.1124962717,0.08422111238498972,-0.028275159315010276
8080.0,0.1124992371,0.08422896033254473,-0.028270276767455263
8160.0,0.1124836802,0.08423773862615377,-0.02824594157384623
8230.0,0.1124940515,0.08424534034343437,-0.02824871115656563
8310.0,0.1124681085,0.08425387600317465,-0.02821423249682535
8380.0,0.1124414355,0.08426122360786702,-0.02818021189213299
8460.0,0.1124480963,0.08426949879494222,-0.028178597505057773
8530.0,0.1124110371,0.08427660339278589,-0.028134433707214107
8600.0,0.1124214232,0.08428362947557298,-0.028137793724427013
8680.0,0.1124021411,0.08429151559432199,-0.028110625505678014
8750.0,0.1124103069,0.08429831048984286,-0.028111996410157145
8830.0,0.1123591661,0.08430592945057039,-0.028053236649429616
8900.0,0.1123680472,0.08431250623447734,-0.028055540965522666
8980.0,0.1123717576,0.08431992442791374,-0.02805183317208626
9050.0,0.1123673171,0.08432629742461796,-0.028041019675382042
9120.0,0.1123465598,0.08433256786848936,-0.028013991931510634
9200.0,0.1123191416,0.08433960934164104,-0.02797953225835896
9270.0,0.1123228371,0.08434569816747499,-0.027977138932525014
9350.0,0.1123117208,0.08435253856939867,-0.02795918223060133
9420.0,0.1123013496,0.08435841426335836,-0.027942935336641647
9500.0,0.1122761518,0.08436503424011971,-0.027911117559880294
9570.0,0.1122843027,0.08437073755703427,-0.027913565142965738
9640.0,0.1122309417,0.08437631843183103,-0.027854623268168968
9720.0,0.112233907,0.08438264572729724,-0.02785126127270275
9790.0,0.1122131497,0.08438808317674328,-0.027825066523256725
9870.0,0.1121990681,0.08439417888771213,-0.027804889212287867
9940.0,0.1121746004,0.08439944083235076,-0.02777515956764924
10020.0,0.1121560782,0.08440534828426657,-0.02775072991573342
10090.0,0.1121405065,0.0844104256768162,-0.027730080823183803
10170.0,0.1121575534,0.08441616809964894,-0.027741385300351057
10240.0,0.1121464372,0.08442108260652072,-0.027725354593479287
10310.0,0.1121419966,0.08442594990503313,-0.02771604669496687
10390.0,0.1121056825,0.08443138867292671,-0.027674293827073287
10460.0,0.1121204942,0.08443609962074751,-0.027684394579252494
10540.0,0.1121027172,0.084441371305975,-0.027661345894024997
10610.0,0.1120723188,0.08444590035202632,-0.027626418447973686
10690.0,0.1120626926,0.08445100797684564,-0.02761168462315436
10760.0,0.1120797396,0.08445543041241094,-0.02762430918758907
10830.0,0.1120500863,0.08445974020287593,-0.027590346097124074
10910.0,0.1120560169,0.08446460993760517,-0.02759140696239483
10980.0,0.1120411903,0.08446879739764179,-0.027572392902358203
11060.0,0.11203897,0.0844735105116816,-0.0275654594883184
11130.0,0.1120241433,0.08447756746986859,-0.027546575830131412
11210.0,0.1120115519,0.08448212014930148,-0.027529431750698524
11280.0,0.1119848639,0.08448602620159931,-0.027498837698400683
11350.0,0.1119915396,0.08448988302100872,-0.02750165657899127
11430.0,0.1119907945,0.08449423992983389,-0.027496554570166115
11500.0,0.1119641066,0.08449795519456912,-0.027466151405430878
11580.0,0.1119863391,0.08450216682929583,-0.02748417227070417
11650.0,0.1119633764,0.08450576795331881,-0.027457608446681186
11730.0,0.111977458,0.08450984309541504,-0.027467614904584964
11800.0,0.111968562,0.08451333673427472,-0.027455225265725275
11870.0,0.1119396538,0.08451675765361623,-0.02742289614638377
11950.0,0.1119433641,0.08452063059906378,-0.027422733500936214
12020.0,0.1119211167,0.08452393773604323,-0.02739717896395677
12100.0,0.1119351983,0.08452769100807096,-0.027407507291929034
12170.0,0.1119344682,0.08453090623945275,-0.027403561960547246
12250.0,0.1119114906,0.08453451192047963,-0.027376978679520367
12320.0,0.111906305,0.08453761857446072,-0.027368686425539274
12390.0,0.1119300127,0.08454069180967766,-0.02738932089032234
12470.0,0.1118781418,0.08454410002780666,-0.02733404177219334
12540.0,0.111906305,0.08454707481294842,-0.02735923018705158
12620.0,0.1118685007,0.08455037624882483,-0.027318124451175166
12690.0,0.111879617,0.08455324076952014,-0.027326376230479857
12770.0,0.1118677557,0.08455645267403258,-0.027311303025967418
12840.0,0.1118877679,0.08455922404661513,-0.027328543853384873
12910.0,0.1118581295,0.08456192543385979,-0.02729620406614021
12990.0,0.111879617,0.08456499754994695,-0.02731461945005305
13060.0,0.1118729413,0.08456761539353112,-0.027305325906468877
13140.0,0.1118314415,0.08457054836808386,-0.02726089313191614
13210.0,0.1118551642,0.08457309863241302,-0.02728206556758697
13290.0,0.1118558943,0.08457595203219227,-0.027279942267807722
13360.0,0.1118299514,0.08457838737806131,-0.027251564021938693
13430.0,0.1118136495,0.08458078304961358,-0.027232866450386417
13510.0,0.1118403375,0.08458351350190813,-0.027256823998091873
13580.0,0.1118284762,0.08458583099494892,-0.027242645205051083
13660.0,0.1118255109,0.0845884454630201,-0.027237065436979888
13730.0,0.1117988229,0.08459068541241209,-0.027208137487587908
13810.0,0.1118306965,0.08459321646994755,-0.02723748003005244
13880.0,0.1117832661,0.0845953720351069,-0.027187894064893095
13950.0,0.1118017882,0.08459750959600407,-0.027204278603995935
14030.0,0.1118084639,0.08459991475796573,-0.027208549142034272
14100.0,0.1117669642,0.08460195805099127,-0.027165006149008727
14180.0,0.1117751151,0.08460427142420747,-0.027170843675792533
14250.0,0.1117906719,0.08460626690424829,-0.027184404995751713
14330.0,0.1117610335,0.08460849548050406,-0.027152538019495936
14400.0,0.1117551029,0.08461040510228467,-0.027144697797715334
14470.0,0.1117980927,0.08461231504624209,-0.027185777653757917
14550.0,0.1117810458,0.08461443085752,-0.027166614942480002
14620.0,0.1117536128,0.08461622608087908,-0.027137386719120915
14700.0,0.1117810458,0.08461828651675912,-0.027162759283240884
14770.0,0.1117840111,0.08462004389618612,-0.02716396720381388
14850.0,0.1117758453,0.08462201586148849,-0.02715382943851151
14920.0,0.1117654741,0.08462370125250572,-0.027141772847494278
15000.0,0.1117261946,0.0846255799844806,-0.027100614615519394
15070.0,0.1117254496,0.0846272097100011,-0.027098239889998904
15140.0,0.1117380559,0.08462881977033085,-0.027109236129669145
15220.0,0.1117899418,0.08463064285726059,-0.027159298942739413
15290.0,0.1117943823,0.08463218992773368,-0.027162192372266317
15370.0,0.1117699295,0.0846339121290375,-0.02713601737096251
15440.0,0.1117462069,0.08463538426228265,-0.027110822637717358
15520.0,0.1117587984,0.08463707063841348,-0.027121727761586514
15590.0,0.1117625087,0.0846385055228466,-0.027124003177153397
15660.0,0.1117424965,0.08463990763024751,-0.02710258886975249
15740.0,0.1117491722,0.08464149821512053,-0.02710767398487947
15810.0,0.1117669642,0.0846428653851948,-0.027124098814805195
15890.0,0.1117091477,0.08464436082023143,-0.02706478687976857
15960.0,0.1117187887,0.08464566946144912,-0.02707311923855088
16040.0,0.1117180437,0.08464713680750975,-0.027070906892490254
16110.0,0.1117380559,0.08464840320868104,-0.027089652691318952
16180.0,0.1117484272,0.08464964868405359,-0.027098778515946415
16260.0,0.1117150784,0.08465101785863122,-0.027064060541368784
16330.0,0.111721009,0.08465221001318737,-0.027068798986812623
16410.0,0.1117187887,0.08465355262443923,-0.027065236075560772
16480.0,0.1117469519,0.08465470356010799,-0.027092248339892017
16560.0,0.111729905,0.08465597848621223,-0.027073926513787774
16630.0,0.1117476821,0.08465709070606615,-0.02709059139393384
16700.0,0.1117417514,0.0846581726569808,-0.0270835787430192
16780.0,0.1117046922,0.0846593550963022,-0.027045337103697803
16850.0,0.1117054373,0.08466039885335389,-0.027045038446646116
16930.0,0.111729905,0.08466158710792764,-0.02706831789207237
17000.0,0.1117350906,0.08466258282913859,-0.027072507770861412
17080.0,0.1117284149,0.08466369846848612,-0.027064716431513883
17150.0,0.111702472,0.08466463809475043,-0.027037833905249567
17220.00100000002,0.111721009,0.08466558543020884,-0.027055423569791154
17300.00100000002,0.1117165536,0.0846666430932975,-0.02704991050670251
17370.00100000002,0.1117269397,0.08466755172817929,-0.02705938797182071
17450.00100000002,0.1116995066,0.08466854675548452,-0.02703095984451548
17520.00100000002,0.1117432415,0.08466943817351832,-0.027073803326481682
17600.00100000002,0.1117387861,0.08467040651185574,-0.02706837958814426
17670.00100000002,0.1116913557,0.08467121683345946,-0.027020138866540533
17740.00100000002,0.1117084026,0.08467204545958604,-0.02703635714041397
17820.00100000002,0.1116972864,0.08467294974185972,-0.027024336658140274
17890.00100000002,0.1116980314,0.08467373336223932,-0.027024298037760672
17970.00100000002,0.1117313802,0.08467462658028942,-0.027056753619710577
18040.00100000002,0.1116972864,0.08467535492175848,-0.027021931478241515
18120.00100000002,0.1117402762,0.08467621529319501,-0.027064060906804993
18190.00100000002,0.1117098927,0.08467691725445338,-0.027032975445546614
18260.00100000002,0.1117276698,0.08467764150593836,-0.02705002829406164
18340.00100000002,0.111720264,0.08467841242652292,-0.027041851573477077
18410.00100000002,0.1117269397,0.0846790990204502,-0.027047840679549795
18490.00100000002,0.1117076576,0.08467983742045129,-0.027027820179548703
18560.00100000002,0.1117387861,0.08468049489265264,-0.02705829120734736
18640.00100000002,0.1117158234,0.08468120438248782,-0.027034619017512182
18710.00100000002,0.111729905,0.08468182863974609,-0.027048076360253914
18780.00100000002,0.1117336005,0.08468243506387574,-0.027051165436124264
18860.00100000002,0.1117106229,0.08468309595214905,-0.027027526947850947
18930.00100000002,0.1117454618,0.08468368675771992,-0.02706177504228008
19010.00100000002,0.1117476821,0.0846843350419665,-0.027063347058033496
19080.00100000002,0.1117573231,0.08468488484614634,-0.027072438253853665
19160.00100000002,0.111720264,0.08468548133450941,-0.027034782665490587
19230.00100000002,0.1117536128,0.08468602465410169,-0.02706758814589831
19300.00100000002,0.1117676944,0.08468654407265236,-0.027081150327347647
19380.00100000002,0.1117565781,0.08468711691324822,-0.027069461186751784
19450.00100000002,0.1117373109,0.0846875923626578,-0.0270497185373422
19530.00100000002,0.1117684394,0.08468815809737963,-0.02708028130262037
19600.00100000002,0.1117350906,0.08468860290741922,-0.02704648769258078
19680.00100000002,0.1117343456,0.08468912259217588,-0.027045223007824123
19750.00100000002,0.1117684394,0.08468958466655062,-0.027078854733449384
19830.00100000002,0.1117373109,0.08469006923629355,-0.02704724166370645
19900.00100000002,0.1117336005,0.08469049094474583,-0.02704310955525417
19970.00100000002,0.1117417514,0.08469091514185643,-0.02705083625814357
20050.00100000002,0.1117587984,0.08469137653231416,-0.027067421867685834
20120.00100000002,0.1117350906,0.08469175651841018,-0.02704333408158982
20200.00100000002,0.1117484272,0.0846921871632457,-0.027056240036754303
20270.00100000002,0.1117617637,0.0846925779569521,-0.027069185743047897
20350.00100000002,0.1117462069,0.08469297503354334,-0.027053231866456667
20420.00100000002,0.1117676944,0.08469333901527616,-0.027074355384723844
20490.00100000002,0.1117639989,0.08469368064921752,-0.027070318250782474
20570.00100000002,0.1117610335,0.08469405464456259,-0.027066978855437407
20640.00100000002,0.1117928922,0.08469439991964398,-0.027098492280356018
20720.00100000002,0.1117973477,0.08469476180763441,-0.027102585892365583
20790.00100000002,0.1117617637,0.08469504751284641,-0.02706671618715359
20870.00100000002,0.1117758453,0.08469539296024568,-0.027080452339754313
20940.00100000002,0.1117847413,0.08469569449144004,-0.02708904680855996
21010.00100000002,0.1118017882,0.08469597349077487,-0.02710581470922513
21090.00100000002,0.1117840111,0.0846962772842213,-0.027087733815778697
21160.00100000002,0.1117884517,0.0846965435064915,-0.0270919081935085
21240.00100000002,0.111800313,0.08469684350320283,-0.027103469496797164
21310.00100000002,0.1118314415,0.08469710727810191,-0.027134334221898093
21390.00100000002,0.1118284762,0.08469738945237867,-0.027131086747621325
21460.00100000002,0.1118306965,0.08469761230475666,-0.027133084195243337
21530.00100000002,0.1118203253,0.08469784154609103,-0.027122483753908966
21610.00100000002,0.1118195802,0.08469808888307524,-0.027121491316924762
21680.00100000002,0.1118299514,0.08469830717711475,-0.02713164422288525
21760.00100000002,0.1118433028,0.08469854541667263,-0.027144757383327375
21830.00100000002,0.1118418127,0.0846987435526328,-0.027143069147367208
21910.00100000002,0.1118351519,0.08469895626181564,-0.027136195638184354
21980.00100000002,0.1118388474,0.08469913714669286,-0.027139710253307137
22050.00100000002,0.111871466,0.08469933724045148,-0.027172128759548525
22130.00100000002,0.1118670106,0.08469953135910135,-0.027167479240898643
22200.00100000002,0.111861825,0.0846996870962278,-0.0271621379037722
22280.00100000002,0.1118677557,0.08469987029639486,-0.027167885403605138
22350.00100000002,0.1118833274,0.08470002802701267,-0.02718329937298733
22430.00100000002,0.1118699759,0.08470019359925304,-0.02716978230074696
22500.00100000002,0.1118492335,0.08470032121755844,-0.027148912282441567
22570.00100000002,0.111888513,0.08470047824089443,-0.02718803475910557
22650.00100000002,0.111879617,0.08470062053849982,-0.027178996461500182
22720.00100000002,0.1118766516,0.08470073727669786,-0.027175914323302144
22800.00100000002,0.1118899882,0.08470088833437085,-0.027189099865629146
22870.00100000002,0.1119025946,0.08470100244757019,-0.027201592152429815
22950.00100000002,0.1119218618,0.08470113271309043,-0.027220729086909562
23020.00100000002,0.1119277924,0.08470122899713474,-0.027226563402865264
23090.00100000002,0.1119255722,0.08470132403671463,-0.027224248163285378
23170.00100000002,0.1119203866,0.08470142854933033,-0.027218958050669678
23240.00100000002,0.1119470596,0.0847015350075254,-0.02724552459247459
23320.00100000002,0.1119337231,0.08470161746657319,-0.027232105633426804
23390.00100000002,0.1119448394,0.084701692708111,-0.027243146691889
23470.00100000002,0.1119841188,0.08470179645389658,-0.02728232234610342
23540.00100000002,0.1119648516,0.08470184447444921,-0.027263007125550784
23610.00100000002,0.1119937599,0.08470192633426359,-0.027291833565736417
23690.00100000002,0.1119767129,0.08470198503787292,-0.027274727862127077
23760.00100000002,0.1119804233,0.0847020342487905,-0.02727838905120951
23840.00100000002,0.1120115519,0.08470210796611723,-0.02730944393388278
23910.00100000002,0.1120256335,0.08470216052034969,-0.027323472979650307
23990.00100000002,0.1120034009,0.084702191454351,-0.027301209445648997
24060.00100000002,0.1120137721,0.08470223342748094,-0.027311538672519065
24130.00100000002,0.1120523065,0.08470228588256908,-0.02735002061743093
24210.00100000002,0.1120174825,0.08470229993792226,-0.02731518256207774
24280.00100000002,0.1120508313,0.08470234225663996,-0.02734848904336004
24360.00100000002,0.1120367497,0.08470235947625732,-0.027334390223742677
24430.00100000002,0.1120530516,0.08470238252242676,-0.027350669077573234
24510.00100000002,0.1120797396,0.08470241382761189,-0.02737732577238812
24580.00100000002,0.1120678782,0.08470241556503644,-0.02736546263496356
24650.00100000002,0.1120967865,0.0847024352770069,-0.027394351222993107
24730.00100000002,0.1120723188,0.08470243137156089,-0.027369887428439113
24800.00100000002,0.1121219844,0.0847024525672809,-0.0274195318327191
24880.00100000002,0.1120945513,0.08470243760598543,-0.027392113694014564
24950.00100000002,0.1121382862,0.08470245583653009,-0.027435830363469915
25030.00100000002,0.1121316105,0.08470243835432363,-0.027429172145676375
25100.00100000002,0.112127915,0.08470242103244655,-0.02742549396755345
25180.00100000002,0.1121264249,0.08470240251182382,-0.027424022388176178
25250.00100000002,0.1121657044,0.08470240270295898,-0.027463301697041018
25320.00100000002,0.1121545881,0.08470238029341785,-0.02745220780658214
25400.00100000002,0.1121820211,0.0847023591649948,-0.0274796619350052
25470.00100000002,0.1121909171,0.08470233471033299,-0.027488582389667005
25550.00100000002,0.1122138947,0.08470230736464016,-0.02751158733535984
25620.00100000002,0.1122272313,0.0847022799311675,-0.027524951368832498
25700.00100000002,0.1121998131,0.08470222214984677,-0.027497590950153236
25770.00100000002,0.1122487187,0.0847022048146072,-0.027546513885392795
25840.00100000002,0.1122450233,0.08470217351640255,-0.027542849783597445
25920.00100000002,0.112259835,0.08470212618995314,-0.027557708810046863
25990.00100000002,0.1122613251,0.08470207852156378,-0.027559246578436225
26070.00100000002,0.1122850478,0.08470203639922984,-0.027583011400770158
26140.00100000002,0.1122843027,0.0847019842364773,-0.0275823184635227
26220.00100000002,0.112295419,0.08470193476463003,-0.02759348423536996
26290.00100000002,0.1123020947,0.0847018818139523,-0.027600212886047693
26360.00100000002,0.1123161763,0.08470183506392479,-0.027614341236075216
26440.00100000002,0.1123324782,0.0847017705583686,-0.027630707641631405
26510.00100000002,0.1123421192,0.08470171752311781,-0.027640401676882198
26590.00100000002,0.1123606414,0.08470166018949453,-0.027658981210505473
26660.00100000002,0.1123806536,0.08470160223297793,-0.027679051367022076
26740.00100000002,0.1123739779,0.08470152106458771,-0.027672456835412293
26810.00100000002,0.1123806536,0.08470146073231741,-0.027679192867682598
26880.00100000002,0.1124014109,0.08470139534830233,-0.027700015551697668
26960.00100000002,0.1124340147,0.08470133275130132,-0.027732681948698684
27030.00100000002,0.1124154925,0.08470124912238969,-0.027714243377610318
27110.00100000002,0.1124243885,0.08470116679223778,-0.027723221707762216
27180.00100000002,0.1124584824,0.08470110779533273,-0.027757374604667276
27260.00100000002,0.1124429107,0.0847010128810646,-0.027741897818935393
27330.00100000002,0.1124896109,0.08470095217103604,-0.027788658728963953
27400.00100000002,0.1124873757,0.08470087523107415,-0.027786500468925848
27480.00100000002,0.1124918312,0.08470078499186846,-0.02779104620813154
27550.00100000002,0.1125066578,0.084700706642655,-0.027805951157345007
27630.00100000002,0.1125274003,0.08470062276284081,-0.02782677753715919
27700.00100000002,0.1125489026,0.08470053744245243,-0.027848365157547572
27780.00100000002,0.1125489026,0.0847004452146084,-0.0278484573853916
27850.00100000002,0.1125629842,0.08470036344028194,-0.027862620759718057
27920.00100000002,0.1125985533,0.08470028871626657,-0.02789826458373343
28000.00100000002,0.112614885,0.08470020103080476,-0.027914683969195234
28070.00100000002,0.1126296967,0.08470011406701047,-0.02792958263298953
28150.00100000002,0.1126482338,0.08470001399297292,-0.02794821980702708
28220.00100000002,0.1126474887,0.0846999264397712,-0.027947562260228806
28300.00100000002,0.1126534194,0.08469982562661443,-0.027953593773385563
28370.00100000002,0.1126801074,0.08469973879578323,-0.02798036860421678
28440.00100000002,0.1127023399,0.08469965357417679,-0.028002686325823214
28520.00100000002,0.1126934439,0.08469953897023762,-0.027993904929762378
28590.00100000002,0.1127119809,0.08469944676557509,-0.028012534134424907
28670.00100000002,0.1127193868,0.08469934559995818,-0.028020041200041826
28740.00100000002,0.1127201319,0.08469925227120392,-0.028020879628796083
28820.00100000002,0.1127860993,0.0846991658258683,-0.0280869334741317
28890.00100000002,0.1127883196,0.08469906471817833,-0.02808925488182168
28960.00100000002,0.112783134,0.08469896892528181,-0.028084165074718184
29040.00100000002,0.1128231585,0.08469887540297018,-0.02812428309702983
29110.00100000002,0.1127986908,0.08469876077325943,-0.028099930026740577
29190.00100000002,0.1128483564,0.08469867109891076,-0.028149685301089244
29260.00100000002,0.1128676236,0.08469857750310221,-0.028169046096897785
29340.00100000002,0.1128676236,0.08469845108504685,-0.028169172514953142
29410.00100000002,0.1129031926,0.08469837641240203,-0.02820481618759796
29480.00100000002,0.1128817052,0.08469826542681543,-0.028183439773184576
29560.00100000002,0.112897262,0.08469815679832833,-0.028199105201671668
29630.00100000002,0.1129195094,0.08469807062426177,-0.02822143877573824
29710.00100000002,0.1129506379,0.08469796651156426,-0.028252671388435735
29780.00100000002,0.1129550785,0.08469786349669933,-0.028257215003300667
29860.00100000002,0.1129632294,0.08469775284759037,-0.02826547655240963
29930.00100000002,0.112985462,0.08469767042185142,-0.028287791578148577
30010.00100000002,0.1130432785,0.08469756694278975,-0.028345711557210246
30080.00100000002,0.1130521744,0.08469747256877752,-0.028354701831222476
30150.00100000002,0.1130632907,0.08469737622678658,-0.02836591447321342
30230.00100000002,0.1130603254,0.08469726925186759,-0.028363056148132407
30300.00100000002,0.1130973846,0.08469718151639848,-0.028400203083601527
30380.00100000002,0.11310184,0.08469707547828075,-0.02840476452171925
30450.00100000002,0.1131292582,0.08469698640624637,-0.028432271793753627
30530.00100000002,0.1131463051,0.08469687479342386,-0.028449430306576137
30600.00100000002,0.1131492704,0.08469679019570893,-0.028452480204291072
30670.00100000002,0.113144815,0.08469668375302114,-0.028448131246978856
30750.00100000002,0.1132218987,0.08469660338675306,-0.02852529531324695
30820.00100000002,0.1132233888,0.08469651177418885,-0.02852687702581115
30900.00100000002,0.1132493317,0.08469641851082976,-0.028552913189170234
30970.00100000002,0.113252297,0.08469631953719485,-0.02855597746280515
31050.00100000002,0.1132589579,0.08469621478669044,-0.028562743113309558
31120.00100000002,0.1132982522,0.08469614891092869,-0.028602103289071312
31190.00100000002,0.1133241802,0.0846960660355376,-0.028628114164462398
31270.00100000002,0.1133427173,0.08469596228010721,-0.02864675501989279
31340.00100000002,0.1133605093,0.08469588930762788,-0.028664619992372117
31420.00100000002,0.1133997887,0.08469579809318695,-0.028703990606813057
31490.00100000002,0.1133760661,0.08469569953368974,-0.02868036656631026
31570.00100000002,0.1134027541,0.08469561442601616,-0.028707139673983847
31640.00100000002,0.1134487092,0.08469555180145397,-0.02875315739854603
31710.00100000002,0.1134538949,0.08469545924366076,-0.028758435656339246
31790.00100000002,0.1134672314,0.08469537526016609,-0.028771856139833907
31860.00100000002,0.1135042906,0.08469531113349396,-0.02880897946650604
31940.00100000002,0.1135028154,0.08469521827917362,-0.02880759712082638
32010.00100000002,0.1135146767,0.08469514388192602,-0.02881953281807398
32090.00100000002,0.1135746986,0.0846950857619205,-0.028879612838079494
32160.00100000002,0.1136013865,0.08469501242692032,-0.02890637407307968
32230.00100000002,0.1136073172,0.08469493961645437,-0.02891237758354563
32310.00100000002,0.1136443764,0.084694875093563,-0.028949501306437003
32380.00100000002,0.1136532724,0.08469481148113417,-0.028958460918865836
32460.00100000002,0.113694042,0.08469475126256173,-0.02899929073743826
32530.00100000002,0.1136925519,0.08469468602111205,-0.028997865878887946
32610.00100000002,0.1137222052,0.084694616030352,-0.029027589169647997
32680.00100000002,0.1137303561,0.0846945638219123,-0.029035792278087696
32750.00100000002,0.1137622297,0.08469451475227871,-0.029067714947721285
32830.00100000002,0.1137688905,0.08469445429647199,-0.02907443620352801
32900.00100000002,0.1137918681,0.0846944009598821,-0.029097467140117905
32980.00100000002,0.1138378233,0.08469436024092049,-0.029143463059079514
33050.00100000002,0.1138630211,0.08469431837282122,-0.02916870272717878
33130.00100000002,0.1138852537,0.08469427672820529,-0.029190976971794708
33200.00100000002,0.1139327139,0.08469424991800108,-0.02923846398199892
33270.00100000002,0.1139438301,0.08469421568648171,-0.029249614413518296
33350.00100000002,0.113969028,0.08469416870857667,-0.02927485929142333
33420.00100000002,0.1139890403,0.0846941477807032,-0.029294892519296803
33500.00100000002,0.1140149832,0.08469411838541267,-0.02932086481458733
33570.00100000002,0.1140357256,0.08469409566052544,-0.02934162993947456
33650.00100000002,0.114066124,0.08469407211100527,-0.029372051888994735
33720.00100000002,0.1140950322,0.0846940545320933,-0.029400977667906697
33790.00100000002,0.1141068786,0.08469403998506499,-0.029412838614935016
33870.00100000002,0.1141320914,0.08469402732717721,-0.02943806407282279
33940.00100000002,0.1141572893,0.08469401843888809,-0.029463270861111918
34020.00100000002,0.1141795218,0.08469401370855692,-0.029485508091443083
34090.00100000002,0.1142158359,0.0846940185179309,-0.029521817382069104
34170.00100000002,0.1142395586,0.08469402104166811,-0.02954553755833189
34240.00100000002,0.1142751276,0.08469403005913154,-0.029581097540868462
34310.00100000002,0.1142840236,0.0846940416144253,-0.029589981985574706
34390.00100000002,0.1143225729,0.08469405391128172,-0.02962851898871828
34460.00100000002,0.1143685281,0.0846940877674448,-0.029674440332555202
34540.00100000002,0.1143633276,0.08469409860999144,-0.029669228990008553
34610.00100000002,0.1144085526,0.08469413986199407,-0.02971441273800593
34690.00100000002,0.1144493073,0.0846941770655507,-0.029755130234449298
34760.00100000002,0.114464134,0.08469420759085021,-0.029769926409149786
34840.00100000002,0.1145026684,0.0846942596306416,-0.02980840876935839
34910.00100000002,0.1145249158,0.08469430391749293,-0.029830611882507074
34980.00100000002,0.1145501137,0.0846943582008265,-0.029855755499173492
35060.00100000002,0.1145456582,0.0846944058504325,-0.029851252349567495
35130.00100000002,0.1145856827,0.08469447022268839,-0.029891212477311607
35210.00100000002,0.1146338582,0.08469455366571393,-0.02993930453428606
35280.00100000002,0.11469464,0.08469463625766256,-0.03000000374233744
35360.00100000002,0.1147065014,0.08469471469737501,-0.030011786702624985
35430.00100000002,0.1147331744,0.08469479534844196,-0.03003837905155804
35500.00100000002,0.1147695035,0.08469488790183262,-0.030074615598167376
35580.00100000002,0.114782095,0.08469498349444302,-0.030087111505556985
35650.00100000002,0.1148176789,0.08469508689067418,-0.03012259200932582
35730.00100000002,0.1148584336,0.08469521383948372,-0.03016321976051628
35800.00100000002,0.1148791909,0.08469532650513799,-0.03018386439486201
35880.00100000002,0.1149095744,0.08469545725512438,-0.030214117144875624
35950.00100000002,0.1149495989,0.08469559064043235,-0.030254008259567658
36020.00100000002,0.1149748117,0.08469571627853348,-0.03027909542146652
36100.00100000002,0.1150044501,0.08469587524317178,-0.030308574856828224
36170.00100000002,0.1150266826,0.08469601929134905,-0.030330663308650946
36250.00100000002,0.1150637418,0.08469619364476819,-0.030367548155231808
36320.00100000002,0.1150867194,0.0846963492014053,-0.030390370198594696
36400.00100000002,0.1151526868,0.08469656246461259,-0.030456124335387413
36470.00100000002,0.1151830703,0.0846967367605986,-0.03048633353940139
36540.00100000002,0.1152001172,0.08469690662107499,-0.030503210578925008
36620.00100000002,0.1152319908,0.0846971239902692,-0.030534866809730804
36690.00100000002,0.1152920425,0.08469734391628869,-0.030594698583711305
36770.00100000002,0.1152972281,0.08469756666386723,-0.03059966143613277
36840.00100000002,0.1153506041,0.08469779637642691,-0.030652807723573094
36920.00100000002,0.1153787673,0.08469804699569315,-0.030680720304306852
36990.00100000002,0.1154261976,0.08469829381853354,-0.030727903781466462
37060.00100000002,0.1154669672,0.08469854297232499,-0.03076842422767502
37140.00100000002,0.1154943854,0.0846988240865626,-0.0307955613134374
37210.00100000002,0.1155284792,0.08469909700779682,-0.030829382192203186
37290.00100000002,0.1155818403,0.0846994084578419,-0.03088243184215811
37360.00100000002,0.1155899912,0.0846996802434286,-0.03089031095657141
37440.00100000002,0.1156455874,0.0847000316784922,-0.030945555721507798
37510.00100000002,0.1156448424,0.08470031624655491,-0.03094452615344509
37580.00100000002,0.1157085896,0.08470064444685743,-0.031007945153142563
37660.00100000002,0.1157419384,0.08470101359655653,-0.031040924803443462
37730.00100000002,0.1157827079,0.08470135716386555,-0.031081350736134453
37810.00100000002,0.1158175319,0.08470175307209785,-0.03111577882790216
37880.00100000002,0.1158694178,0.08470212059632502,-0.031167297203674976
37960.00100000002,0.1158961058,0.08470254560787636,-0.03119356019212363
38030.00100000002,0.1159442812,0.08470294037568214,-0.031241340824317856
38100.00100000002,0.1159894913,0.08470333654027139,-0.03128615475972861
38180.00100000002,0.1160317361,0.08470381795289832,-0.03132791814710169
38250.00100000002,0.1160739809,0.08470424957686158,-0.03136973132313842
38330.00100000002,0.1160895526,0.08470473989884056,-0.03138481270115945
38400.00100000002,0.1161510646,0.08470520710400688,-0.03144585749599313
38480.00100000002,0.1161681116,0.08470572925368003,-0.03146238234631997
38550.00100000002,0.1162377894,0.08470622696707379,-0.03153156243292621
38620.00100000002,0.1162629873,0.0847067196684736,-0.0315562676315264
38700.00100000002,0.1163007915,0.0847073057240005,-0.031593485775999505
38770.00100000002,0.1163504422,0.08470784061484206,-0.03164260158515794
38850.00100000002,0.1164090037,0.08470847212315079,-0.03170053157684921
38920.00100000002,0.1164527237,0.08470903578143961,-0.03174368791856039
39000.00100000002,0.1164660752,0.08470968127122432,-0.03175639392877569
39070.00100000002,0.1165357381,0.08471029864916008,-0.03182543945083992
39140.00100000002,0.116562441,0.0847109028697526,-0.03185153813024741
39220.00100000002,0.1166165471,0.08471162536708811,-0.03190492173291189
39290.00100000002,0.1166536063,0.08471227611947012,-0.03194133018052989
39370.00100000002,0.1166988164,0.08471304186304804,-0.031985774536951964
39440.00100000002,0.1167455018,0.08471374202048014,-0.03203175977951986
39520.00100000002,0.1167936921,0.08471455204373905,-0.032079140056260946
39590.00100000002,0.1168492734,0.08471528636238525,-0.03213398703761475
39670.00100000002,0.1168944836,0.08471614699830335,-0.03217833660169665
39740.00100000002,0.1169263572,0.08471691738169491,-0.03220943981830508
39810.00100000002,0.1169760078,0.08471770823004278,-0.032258299569957224
39890.00100000002,0.1170293838,0.0847186467012983,-0.03231073709870169
39960.00100000002,0.1170634776,0.08471947766208937,-0.03234399993791062
40040.00100000002,0.1171123981,0.08472046494829696,-0.03239193315170304
40110.00100000002,0.1171546429,0.08472135196054077,-0.03243329093945922
40190.00100000002,0.1172035635,0.08472238955840074,-0.03248117394159926
40260.00100000002,0.1172665507,0.08472334127385321,-0.03254320942614679
40330.00100000002,0.1173028797,0.08472429369720035,-0.032578586002799656
40410.00100000002,0.1173621714,0.0847254251141794,-0.03263674628582061
40480.00100000002,0.1174088567,0.08472644034582956,-0.032682416354170435
40560.00100000002,0.1174570322,0.0847276266486391,-0.032729405551360904
40630.00100000002,0.1175244898,0.08472870615302189,-0.03279578364697812
40710.00100000002,0.1175430119,0.08472994389634066,-0.03281306800365934
40780.00100000002,0.1175978631,0.08473107318555831,-0.032866789914441696
40850.00100000002,0.1176749468,0.0847322424404883,-0.0329427043595117
40930.00100000002,0.1177016348,0.08473358786221713,-0.032968046937782866
41000.00100000002,0.1177757531,0.08473482065643473,-0.03304093244356528
41080.00100000002,0.1178246737,0.08473625197574042,-0.033088421724259576
41150.00100000002,0.117863968,0.08473752798758477,-0.03312644001241523
41230.00100000002,0.1179151088,0.08473902394584686,-0.033176084854153146
41300.00100000002,0.1179995984,0.08474040339446545,-0.03325919500553455
41370.00100000002,0.1180040389,0.08474176517004935,-0.03326227372995065
41450.00100000002,0.1180633307,0.08474339150784554,-0.03331993919215445
41520.00100000002,0.1181241125,0.08474485181801766,-0.03337926068198234
41600.00100000002,0.1182063818,0.08474657996907324,-0.033459801830926755
41670.00100000002,0.1182271391,0.08474809705295443,-0.033479042047045576
41750.00100000002,0.1182945818,0.08474989991752506,-0.03354468188247495
41820.00100000002,0.1183568388,0.08475152052811293,-0.03360531827188708
41890.00100000002,0.1184257716,0.08475319063344004,-0.03367258096655995
41970.00100000002,0.1184776574,0.08475511937323119,-0.03372253802676882
42040.00100000002,0.1185458452,0.08475686687698217,-0.03378897832301783
42120.00100000002,0.1185962409,0.0847589034566899,-0.03383733744331009
42190.00100000002,0.1186273694,0.08476072183144219,-0.03386664756855781
42270.00100000002,0.1187103838,0.08476288144008012,-0.033947502359919876
42340.00100000002,0.1187741309,0.08476480797774569,-0.03400932292225431
42410.00100000002,0.1188408285,0.08476678315966144,-0.03407404534033856
42490.00100000002,0.1189038306,0.08476909159137702,-0.034134739008622975
42560.00100000002,0.118933484,0.08477114734237567,-0.03416233665762433
42640.00100000002,0.1190112978,0.08477358603043916,-0.034237711769560836
42710.00100000002,0.1190965474,0.0847757728652087,-0.03432077453479131
42790.00100000002,0.1191543639,0.0847783173492719,-0.03437604655072811
42860.00100000002,0.1192017943,0.08478060077943053,-0.034421193520569465
42930.00100000002,0.119227007,0.0847829278633792,-0.0344440791366208
43010.00100000002,0.1193189025,0.08478567394805138,-0.034533228551948625
43080.00100000002,0.1193878353,0.08478814042890206,-0.03459969487109793
43160.00100000002,0.1194575131,0.08479102190542784,-0.03466649119457216
43230.00100000002,0.1195079088,0.08479359733505397,-0.03471431146494604
43310.00100000002,0.1195901781,0.08479662964687999,-0.03479354845312001
43380.00100000002,0.1196309477,0.0847993410163361,-0.034831606683663904
43450.00100000002,0.119686529,0.08480210415762043,-0.034884424842379566
43530.00100000002,0.1197947413,0.08480537260432823,-0.03498936869567176
43600.00100000002,0.1198221743,0.08480826919736999,-0.035013905102630014
43680.00100000002,0.1199177802,0.08481168787365716,-0.03510609232634285
43750.00100000002,0.1199726313,0.08481474627148144,-0.03515788502851855
43830.00100000002,0.1200608313,0.0848183315973014,-0.035242499702698604
43900.00100000002,0.1201267987,0.0848215408010043,-0.03530525789899569
43970.00100000002,0.1201690435,0.08482481784037649,-0.035344225659623515
44050.00100000002,0.1202705801,0.08482866720435132,-0.03544191289564867
44120.00100000002,0.1203039289,0.0848320980220349,-0.0354718308779651
44200.00100000002,0.1204136461,0.08483615079458225,-0.03557749530541775
44270.00100000002,0.1204766482,0.08483976779667059,-0.03563688040332941
44350.00100000002,0.1205492765,0.0848439942295452,-0.0357052822704548
44420.00100000002,0.1206360012,0.0848477919203952,-0.0357882092796048
44490.00100000002,0.1207056642,0.08485167454310079,-0.03585398965689922
44570.00100000002,0.1207597703,0.08485620494141523,-0.03590356535858477
44640.00100000002,0.1208531559,0.0848602870090113,-0.0359928688909887
44720.00100000002,0.1209117174,0.08486503664428385,-0.03604668075571614
44790.00100000002,0.1210073233,0.08486931659501247,-0.03613800670498753
44870.00100000002,0.1210614294,0.08487429990167782,-0.03618712949832219
44940.00100000002,0.1211355478,0.08487878059359899,-0.03625676720640102
45020.00100000002,0.1212407947,0.08488402321304313,-0.036356771486956874
45090.00100000002,0.1212986112,0.0848887158431262,-0.036409895356873806
45160.00100000002,0.1213653088,0.08489350704696828,-0.03647180175303172
45240.00100000002,0.1214394271,0.08489912487539525,-0.03654030222460475
45310.00100000002,0.121535778,0.08490415747555027,-0.03663162052444972
45390.00100000002,0.1216291934,0.08491005439229482,-0.03671913900770518
45460.00100000002,0.121704787,0.08491533658072331,-0.036789450419276684
45540.00100000002,0.1217833608,0.08492150288888424,-0.036861857911115764
45610.00100000002,0.1218693256,0.08492703767901956,-0.036942287920980435
45680.00100000002,0.1219256669,0.08493268605172413,-0.03699298084827586
45760.00100000002,0.1220331341,0.08493930565959215,-0.037093828440407844
45830.00100000002,0.1221079826,0.08494523303783648,-0.03716274956216352
45910.00100000002,0.1222228706,0.08495217814239797,-0.037270692457602034
45980.00100000002,0.1222755015,0.08495837715838819,-0.0373171243416118
46060.00100000002,0.1223822236,0.0849656585013636,-0.0374165650986364
46130.00100000002,0.1224207729,0.0849721569507171,-0.03744861594928291
46200.00100000002,0.1225482523,0.08497882337747155,-0.037569428922528444
46280.00100000002,0.1226134747,0.08498659543843018,-0.03762687926156982
46350.00100000002,0.1227090806,0.08499357836274254,-0.03771550223725746
46430.00100000002,0.1228172928,0.085001740304488,-0.03781555249551201
46500.00100000002,0.1228981018,0.0850090499612684,-0.037889051838731605
46580.00100000002,0.1230122447,0.08501760511981825,-0.03799463958018175
46650.00100000002,0.1230507791,0.08502523770908635,-0.038025541390913645
46720.00100000002,0.1231426895,0.08503307056294189,-0.03810961893705811
46800.00100000002,0.1232234836,0.08504221078197338,-0.03818127281802662
46870.00100000002,0.12332353,0.08505041849691411,-0.03827311150308589
46950.00100000002,0.123439163,0.08506000635092249,-0.03837915664907751
47020.00100000002,0.1235043854,0.08506858252117958,-0.038435802878820424
47100.00100000002,0.1235999912,0.08507862555118358,-0.03852136564881642
47170.00100000002,0.123686716,0.08508761615244563,-0.03859909984755437
47240.00100000002,0.1238171607,0.08509682504269608,-0.038720335657303914
47320.00100000002,0.1238749772,0.08510755771950712,-0.03876741948049288
47390.00100000002,0.1240076423,0.0851172023844994,-0.038890439915500605
47470.00100000002,0.1240587831,0.08512843321660142,-0.03893034988339858
47540.00100000002,0.1241848022,0.08513852836540116,-0.03904627383459884
47620.00100000002,0.1242581755,0.08515029834188277,-0.03910787715811723
47690.00100000002,0.1243693531,0.08516086654402781,-0.039208486555972186
47760.00100000002,0.1244494021,0.0851716399322835,-0.0392777621677165
47840.00100000002,0.1245576143,0.08518425117345041,-0.039373363126549585
47910.00100000002,0.1246383935,0.08519553610853016,-0.03944285739146984
47990.00100000002,0.1247673631,0.08520874962302559,-0.03955861347697441
48060.00100000002,0.1248866916,0.08522057747649656,-0.039666114123503446
48140.00100000002,0.1249719262,0.08523439493641198,-0.03973753126358802
48210.00100000002,0.1250919998,0.0852467782207711,-0.03984522157922889
48280.00100000002,0.125137955,0.08525939320606268,-0.03987856179393731
48360.00100000002,0.1252646893,0.08527418027555925,-0.03999050902444076
48430.00100000002,0.1253736615,0.08528741226990501,-0.040086249230095
48510.00100000002,0.1254707575,0.08530287488471236,-0.04016788261528764
48580.00100000002,0.1255841553,0.08531673068019995,-0.040267424619800055
48660.00100000002,0.1256864369,0.08533291282132557,-0.04035352407867443
48730.00100000002,0.1257776022,0.08534739786909691,-0.040430204330903094
48800.00100000002,0.1259013861,0.08536221207266172,-0.040539174027338296
48880.00100000002,0.1259873658,0.08537950074707222,-0.04060786505292778
48950.00100000002,0.1260881573,0.08539498807794797,-0.04069316922205203
49030.00100000002,0.1262149066,0.08541308868856685,-0.040801817911433155
49100.00100000002,0.1263283044,0.08542930423565127,-0.040899000164348734
49180.00100000002,0.1264565289,0.08544824899286003,-0.04100827990713997
49250.00100000002,0.1265262067,0.08546518636129401,-0.041061020338706
49320.00100000002,0.1266418397,0.08548250234045951,-0.0411593373595405
49400.00100000002,0.1267389208,0.08550272285049264,-0.04123619794950735
49470.00100000002,0.1268389821,0.08552082958908404,-0.04131815251091596
49550.00100000002,0.1269768476,0.0855420028540808,-0.0414348447459192
49620.00100000002,0.1270657927,0.08556093226166425,-0.04150486043833576
49700.00100000002,0.12721847,0.08558307642583737,-0.04163539357416263
49770.00100000002,0.1273140758,0.08560288340631457,-0.04171119239368544
49850.00100000002,0.1274326742,0.08562601613987346,-0.04180665806012655
49920.00100000002,0.1275179088,0.08564670654376974,-0.041871202256230255
49990.00100000002,0.127652064,0.085667865321662,-0.04198419867833801
50070.00100000002,0.1277313828,0.08569254779898856,-0.042038835001011424
50140.00100000002,0.1278521866,0.08571466109016741,-0.04213752550983259
50220.00100000002,0.1279819012,0.08574048517237984,-0.04224141602762016
50290.00100000002,0.1281160563,0.0857636053764699,-0.0423524509235301
50370.00100000002,0.1282183379,0.08579059587717185,-0.04242774202282816
50440.00100000002,0.1283258051,0.0858147391126551,-0.0425110659873449
50510.00100000002,0.128431052,0.08583938962612912,-0.04259166237387087
50590.00100000002,0.128554821,0.08586818553529416,-0.04268663546470586
50660.00100000002,0.128670454,0.08589394474763341,-0.042776509252366576
50740.00100000002,0.1287801415,0.08592403367622861,-0.04285610782377139
50810.00100000002,0.1288906038,0.08595094251537858,-0.04293966128462143
50890.00100000002,0.1290432811,0.0859823944823492,-0.043060886617650784
50960.00100000002,0.129157424,0.08601050224923258,-0.04314692175076741
51030.00100000002,0.1292767525,0.08603920987744619,-0.04323754262255382
51110.00100000002,0.1294109076,0.08607271696837168,-0.04333819063162833
51180.00100000002,0.1294946522,0.08610268528472395,-0.04339196691527605
51260.00100000002,0.1296013892,0.0861376795681523,-0.0434637096318477
51330.00100000002,0.1297273934,0.08616897234021237,-0.04355842105978763
51410.00100000002,0.1298615336,0.08620552470001916,-0.043656008899980836
51480.00100000002,0.1299742013,0.08623819945577434,-0.04373600184422567
51550.00100000002,0.1300757527,0.08627153498529667,-0.04380421771470332
51630.00100000002,0.130211398,0.08631046598350156,-0.043900932016498445
51700.00100000002,0.1303070039,0.08634526190257617,-0.04396174199742382
51780.00100000002,0.1304255873,0.08638587796757766,-0.04403970933242235
51850.00100000002,0.1305567771,0.0864222076611428,-0.0441345694388572
51930.00100000002,0.1307087243,0.08646461924060671,-0.04424410505939329
52000.00100000002,0.1308110058,0.08650251143757125,-0.044308494362428744
52070.00100000002,0.1309029162,0.08654116025708573,-0.04436175594291426
52150.00100000002,0.1310526282,0.08658628464117332,-0.04446634355882667
52220.00100000002,0.1311326772,0.08662657895970202,-0.04450609824029797
52300.00100000002,0.1312927902,0.08667365289744243,-0.04461913730255758
52370.00100000002,0.1313891411,0.08671569642629726,-0.04467344467370274
52450.00100000002,0.1315269917,0.08676477492394113,-0.04476221677605888
52520.00100000002,0.1316411346,0.08680861903956097,-0.04483251556043902
52590.00100000002,0.1317463815,0.08685331552928038,-0.044893065970719626
52670.00100000002,0.1318998039,0.086905494261577,-0.044994309638423005
52740.00100000002,0.1320013553,0.08695208847461007,-0.04504926682538994
52820.00100000002,0.1321347654,0.08700645949184553,-0.04512830590815446
52890.00100000002,0.1322481632,0.08705501725530147,-0.04519314594469852
52970.00100000002,0.1323934495,0.0871116742853802,-0.045281775214619804
53040.00100000002,0.1324705333,0.08716224200638395,-0.04530829129361605
53110.00100000002,0.132609874,0.08721380613493844,-0.04539606786506155
53190.00100000002,0.1327366084,0.08727394014841576,-0.04546266825158425
53260.00100000002,0.1328596473,0.08732764580622666,-0.04553200149377333
53340.00100000002,0.132963419,0.08739025646864132,-0.04557316253135868
53410.00100000002,0.1330908984,0.08744616995861246,-0.04564472844138753
53490.00100000002,0.1332169026,0.08751137265185274,-0.04570552994814725
53560.00100000002,0.133316949,0.08756955291857127,-0.04574739608142872
53630.00100000002,0.1334155351,0.08762881985330596,-0.045786715246694046
53710.00100000002,0.133574903,0.08769794539198067,-0.045876957608019325
53780.00100000002,0.1336831152,0.08775962099562018,-0.04592349420437983
53860.00100000002,0.1337883621,0.08783148999786053,-0.04595687210213947
53930.00100000002,0.1339062005,0.08789562596027313,-0.04601057453972686
54010.00100000002,0.1340373904,0.08797038139506379,-0.046067009004936224
54080.00100000002,0.1341344863,0.08803707894580845,-0.046097407354191544
54150.00100000002,0.1342604905,0.08810498303586434,-0.04615550746413566
54230.00100000002,0.134370923,0.08818410137772786,-0.04618682162227214
54300.00100000002,0.1344791353,0.08825467284741643,-0.04622446245258356
54380.00100000002,0.1346125454,0.08833687652654183,-0.04627566887345817
54450.00100000002,0.1347296685,0.08841019076178701,-0.046319477738213
54530.00100000002,0.1348430663,0.08849556668445292,-0.046347499615547086
54600.00100000002,0.1349564642,0.08857169266974957,-0.04638477153025042
54680.00100000002,0.1350587457,0.08866032667042255,-0.04639841902957746
54750.00100000002,0.1351780891,0.08873934623377408,-0.04643874286622593
54820.00100000002,0.1352618337,0.08881972778959323,-0.046442105910406775
54900.00100000002,0.1354315728,0.0889133414536738,-0.04651823134632621
54970.00100000002,0.1355071664,0.08899673696223448,-0.04651042943776551
55050.00100000002,0.1356472522,0.08909383740961568,-0.04655341479038433
55120.00100000002,0.1357391477,0.08918032272857751,-0.0465588249714225
55200.00100000002,0.1358570158,0.08928094206859927,-0.04657607373140074
55270.00100000002,0.1359681934,0.08937060700354581,-0.046597586396454185
55340.00100000002,0.1360630691,0.08946175708533921,-0.04660131201466078
55420.00100000002,0.1361890584,0.08956778680045702,-0.04662127159954299
55490.00100000002,0.1362802237,0.08966219314834636,-0.046618030551653644
55570.00100000002,0.1363951117,0.08977199053255452,-0.046623121167445464
55640.00100000002,0.136487022,0.08986973341817125,-0.04661728858182876
55720.00100000002,0.1366167217,0.08998339131501817,-0.046633330384981825
55790.00100000002,0.1367227137,0.09008455665009618,-0.04663815704990382
55860.00100000002,0.1368086934,0.09018730825404742,-0.04662138514595257
55940.00100000002,0.1369102299,0.09030672876725923,-0.04660350113274078
56010.00100000002,0.1370340288,0.09041301316570782,-0.04662101563429219
56090.00100000002,0.1371466815,0.09053649842920193,-0.046610183070798075
56160.00100000002,0.1372044981,0.09064630492079824,-0.04655819317920175
56240.00100000002,0.1373267919,0.09077386543123132,-0.04655292646876867
56310.00100000002,0.1374223977,0.0908873051806022,-0.0465350925193978
56380.00100000002,0.1375187486,0.09100245300709714,-0.04651629559290285
56460.00100000002,0.137619555,0.09113614406971039,-0.04648341093028961
56530.00100000002,0.1377121955,0.09125497218666,-0.04645722331334
56610.00100000002,0.1378367245,0.09139293233370988,-0.04644379216629013
56680.00100000002,0.1379219592,0.09151549894494102,-0.046406460255058984
56760.00100000002,0.1380257159,0.09165772100952714,-0.04636799489047287
56830.00100000002,0.1381346881,0.09178409178532275,-0.046350596314677264
56900.00100000002,0.1382036209,0.0919122048529676,-0.046291416047032394
56980.00100000002,0.1383118331,0.09206080796908218,-0.04625102513091782
57050.00100000002,0.1383941025,0.09219274217997302,-0.04620136032002699
57130.00100000002,0.1385186166,0.09234575326411026,-0.04617286333588974
57200.00100000002,0.1386075616,0.09248155115396677,-0.04612601044603325
57280.00100000002,0.1386861205,0.09263893241345122,-0.046047188086548785
57350.00100000002,0.1387743205,0.09277858035730392,-0.04599574014269607
57420.00100000002,0.1388514042,0.09292002738256551,-0.04593137681743449
57500.00100000002,0.1389566511,0.0930838959726106,-0.04587275512738939
57570.00100000002,0.1390581876,0.09322924430188115,-0.045828943298118846
57650.00100000002,0.1391160041,0.09339752272192706,-0.04571848137807294
57720.00100000002,0.1392197907,0.09354672236729952,-0.04567306833270049
57800.00100000002,0.1392879784,0.0937194216329351,-0.04556855676706491
57870.00100000002,0.1393657923,0.09387246521836734,-0.04549332708163267
57940.00100000002,0.1394888312,0.09402735419497421,-0.045461477005025785
58020.00100000002,0.1395436823,0.09420650083850107,-0.04533718146149893
58090.00100000002,0.1396622658,0.0943651995661435,-0.04529706623385649
58170.00100000002,0.1397482455,0.09454872980439245,-0.04519951569560755
58240.00100000002,0.1398238391,0.09471120847512768,-0.045112630624872335
58320.00100000002,0.139877215,0.09489899459302834,-0.044978220406971664
58390.00100000002,0.1399490982,0.09506518846490554,-0.04488390973509447
58460.00100000002,0.1400691718,0.09523315114784227,-0.044836020652157735
58540.00100000002,0.1401232779,0.09542716517379593,-0.04469611272620408
58610.00100000002,0.1402300149,0.09559879488291044,-0.044631220017089565
58690.00100000002,0.1403026581,0.09579697268411161,-0.044505685415888396
58760.00100000002,0.1403493583,0.09597213372507944,-0.04437722457492056
58840.00100000002,0.1404331028,0.09617435064724587,-0.04425875215275411
58910.00100000002,0.1405124068,0.09635303503235507,-0.04415937176764492
58980.00100000002,0.1405791193,0.09653333114181994,-0.044045788158180055
59060.00100000002,0.1406769603,0.09674135306053222,-0.04393560723946777
59130.00100000002,0.140725866,0.09692500736569024,-0.04380085863430977
59210.00100000002,0.1408170313,0.09713678585978003,-0.04368024544021998
59280.00100000002,0.1408711374,0.0973236879944352,-0.043547449405564806
59360.00100000002,0.1409504563,0.09753911207468896,-0.04341134422531104
59430.00100000002,0.1410238296,0.0977291716072052,-0.043294657992794805
59510.00100000002,0.1411149949,0.09794813282851414,-0.04316686207148587
59580.00100000002,0.1411727965,0.09814121260593933,-0.04303158389406067
59650.00100000002,0.1412424743,0.09833562290613637,-0.04290685139386363
59730.00100000002,0.1413262337,0.09855943706863729,-0.04276679663136271
59800.00100000002,0.1413699687,0.09875663428387195,-0.04261333441612804
59880.00100000002,0.1414507627,0.09898355233185786,-0.04246721036814215
59950.00100000002,0.141532287,0.09918342981798657,-0.042348857182013436
60030.00100000002,0.141576767,0.09941324481796844,-0.04216352218203155
60100.00100000002,0.1416508704,0.09961557684887717,-0.042035293551122815
60170.00100000002,0.1417072117,0.09981897440995031,-0.04188823729004969
60250.00100000002,0.1417472363,0.10005268590976861,-0.041694550390231386
60320.00100000002,0.1418443322,0.10025831918542617,-0.04158601301457383
60400.00100000002,0.1419184357,0.10049451814023769,-0.041423917559762324
60470.00100000002,0.1419606954,0.10070215189066634,-0.04125854350933367
60550.00100000002,0.1419970095,0.10094047210985682,-0.04105653739014317
60620.00100000002,0.1420503706,0.10114988437138572,-0.04090048622861428
60690.00100000002,0.1421230137,0.10136010478921827,-0.04076290891078173
60770.00100000002,0.1421912014,0.10160125721403038,-0.04058994418596962
60840.00100000002,0.1422771662,0.10181302619920024,-0.04046414000079976
60920.00100000002,0.1423223913,0.10205580821254832,-0.040266583087451666
60990.00100000002,0.1423661113,0.10226883544428175,-0.040097275855718234
61070.00100000002,0.142417267,0.10251291724061293,-0.03990434975938706
61140.00100000002,0.1424988061,0.10272705668269018,-0.03977174941730981
61210.00100000002,0.1425380856,0.10294159800405805,-0.03959648759594195
61290.00100000002,0.1425892264,0.10318723147933177,-0.03940199492066822
61360.00100000002,0.1426455528,0.10340251316877504,-0.039243039631224955
61440.00100000002,0.1427167058,0.10364889113167428,-0.039067814668325734
61510.00100000002,0.1427530199,0.10386467529770885,-0.03888834460229115
61590.00100000002,0.1428078711,0.10411149531117093,-0.03869637578882908
61660.00100000002,0.1428819895,0.10432760205723238,-0.038554387442767624
61730.00100000002,0.1429101527,0.10454373108041685,-0.03836642161958313
61810.00100000002,0.1429716647,0.10479074332780229,-0.03818092137219771
61880.00100000002,0.1430361569,0.10500686583139124,-0.03802929106860875
61960.00100000002,0.1430865526,0.10525369227471021,-0.03783286032528979
62030.00100000002,0.1431117505,0.10546945916049345,-0.03764229133950654
62110.00100000002,0.1431473345,0.10571577970499067,-0.03743155479500933
62180.00100000002,0.1432370096,0.10593108204823902,-0.03730592755176097
62250.00100000002,0.1432711035,0.10614604187263706,-0.03712506162736294
62330.00100000002,0.1433237344,0.10639122809460043,-0.036932506305399584
62400.00100000002,0.143381536,0.10660532749348332,-0.03677620850651668
62480.00100000002,0.1434074789,0.10684939859253664,-0.03655808030746335
62550.00100000002,0.1434504688,0.1070623989032181,-0.03638806989678191
62630.00100000002,0.1435179412,0.10730512461180318,-0.03621281658819682
62700.00100000002,0.1435468346,0.10751682121607795,-0.03603001338392206
62770.00100000002,0.1435994655,0.10772785240224883,-0.035871613097751165
62850.00100000002,0.1436372697,0.10796810103606197,-0.03566916866393802
62920.00100000002,0.1436995268,0.10817751523984173,-0.03552201156015827
63000.00100000002,0.1437247247,0.10841581055375189,-0.03530891414624811
63070.00100000002,0.1437551081,0.10862336491619182,-0.035131743183808184
63150.00100000002,0.1438277513,0.10885948728372583,-0.034968264016274175
63220.00100000002,0.1438447982,0.10906503265154736,-0.03477976554845265
63290.00100000002,0.1438833326,0.10926958621629634,-0.03461374638370365
63370.00100000002,0.1439604163,0.10950211659984824,-0.03445829970015177
63440.00100000002,0.1439871043,0.10970438059359457,-0.034282723706405435
63520.00100000002,0.1440248936,0.10993414399198433,-0.03409074960801568
63590.00100000002,0.1440634429,0.1101339313666775,-0.03392951153332251
63670.00100000002,0.1441138387,0.11036078642914647,-0.033753052270853526
63740.00100000002,0.1441694349,0.1105579507661774,-0.0336114841338226
63810.00100000002,0.1441775858,0.1107538017653398,-0.0334237840346602
63890.00100000002,0.1442502141,0.1109760533522729,-0.0332741607477271
63960.00100000002,0.1442479938,0.1111690314369215,-0.0330789623630785
64040.00100000002,0.1443139613,0.11138791955342975,-0.03292604174657024
64110.00100000002,0.1443421245,0.11157792615109925,-0.03276419834890075
64190.00100000002,0.1444147527,0.1117933207802388,-0.032621431919761204
64260.00100000002,0.1444229186,0.1119801703184335,-0.0324427482815665
64330.00100000002,0.1444399655,0.11216550850756936,-0.03227445699243063
64410.00100000002,0.1445044428,0.11237548946926883,-0.032128953330731166
64480.00100000002,0.1445014775,0.11255751473378775,-0.03194396276621225
64560.00100000002,0.1445555836,0.11276363966595973,-0.03179194393404028
64630.00100000002,0.1446126699,0.11294230192084366,-0.03167036797915633
64710.00100000002,0.1446601003,0.11314449707921372,-0.031515603220786295
64780.00100000002,0.1446890086,0.11331966928272079,-0.03136933931727921
64860.00100000002,0.1447216272,0.11351777786548471,-0.031203849334515296
64930.00100000002,0.1447675675,0.11368935723016363,-0.03107821026983637
65000.00100000002,0.1447912902,0.11385922328695196,-0.030932066913048048
65080.00100000002,0.1448224187,0.11405125343599516,-0.03077116526400485
65150.00100000002,0.1448491067,0.1142174329208595,-0.030631673779140514
65230.00100000002,0.1448846757,0.11440522426390527,-0.03047945143609472
65300.00100000002,0.1449143291,0.11456766906595924,-0.030346660034040754
65380.00100000002,0.1449536085,0.11475115855388181,-0.03020244994611819
65450.00100000002,0.1449699104,0.11490980516726527,-0.030060105232734738
65520.00100000002,0.145002529,0.11506666999038719,-0.029935859009612806
65600.00100000002,0.1450351328,0.11524377553698323,-0.029791357263016766
65670.00100000002,0.1451018453,0.11539684295737505,-0.02970500234262495
65750.00100000002,0.1451159269,0.11556957050006034,-0.02954635639993966
65820.00100000002,0.1451277882,0.1157187499072947,-0.029409038292705303
65900.00100000002,0.145161882,0.11588704776211985,-0.029274834237880146
65970.00100000002,0.1452033818,0.11603239395665796,-0.029170987843342044
66040.00100000002,0.1452137679,0.11617591341520943,-0.029037854484790585
66120.00100000002,0.1452471167,0.11633774092513759,-0.028909375774862425
66190.00100000002,0.1453071535,0.11647743817114613,-0.02882971532885388
66270.00100000002,0.1453279108,0.11663486655112007,-0.028693044248879918
66340.00100000002,0.1453716308,0.1167707030929535,-0.028600927707046517
66420.00100000002,0.1453627348,0.11692370184423803,-0.028439032955761973
66490.003,0.1454198062,0.11705570239109998,-0.028364103808900018
66560.003,0.1454346329,0.11718589891311053,-0.02824873398688947
66640.003,0.1454768777,0.11733252592773662,-0.02814435177226339
66710.003,0.1454931945,0.1174589228389444,-0.028034271661055613
66790.003,0.145515427,0.11760123057427306,-0.027914196425726942
66860.003,0.1455332041,0.11772387189347815,-0.02780933220652186
66940.003,0.1456028819,0.11786189006060223,-0.02774099183939778
67010.003,0.1456251293,0.11798081511999402,-0.02764431418000597
67080.003,0.1456147432,0.11809799312658346,-0.027516750073416543
67160.003,0.1456332803,0.11822982547417668,-0.02740345482582332
67230.003,0.1456799805,0.11834335214266006,-0.027336628357339937
67310.003,0.1457096338,0.11847103218955272,-0.027238601610447263
67380.003,0.145720005,0.11858094455057222,-0.027139060449427793
67460.003,0.145746693,0.11870454732721879,-0.027042145672781223
67530.003,0.145789668,0.11881091760685379,-0.02697875039314622
67600.003,0.1458141357,0.11891565902224217,-0.02689847667775784
67680.003,0.1458474845,0.11903337706107395,-0.026814107438926066
67750.003,0.1458497047,0.11913465640530545,-0.02671504829469455
67830.003,0.1458778679,0.11924844122114091,-0.026629426678859106
67900.003,0.1458978802,0.11934632009057446,-0.02655156010942554
67980.003,0.1459349394,0.11945626637740889,-0.026478673022591104
68050.003,0.1459393948,0.11955082191868203,-0.026388572881317976
68120.003,0.1459831148,0.11964386073394412,-0.02633925406605589
68200.003,0.1460216641,0.11974833501248985,-0.02627332908751015
68270.003,0.1459957212,0.11983810828370986,-0.02615761291629015
68350.003,0.1460424215,0.11993892681953734,-0.02610349468046265
68420.003,0.1460616887,0.12002557800036741,-0.02603611069963259
68500.003,0.14607355,0.12012282436426669,-0.025950725635733307
68570.003,0.1461039335,0.12020640016678555,-0.025897533333214456
68640.003,0.1461232007,0.1202885654818048,-0.025834635218195207
68720.003,0.1461565644,0.12038077228366754,-0.02577579211633245
68790.003,0.1461676806,0.12045997051850026,-0.025707710081499732
68870.003,0.1462091804,0.12054883807420208,-0.02566034232579792
68940.003,0.1462010294,0.12062512900749683,-0.025575900392503154
69020.003,0.1462536454,0.1207107465743474,-0.025542898825652596
69090.003,0.1462514251,0.12078424154098014,-0.025467183559019863
69160.003,0.1462877393,0.12085645196014902,-0.025431287339850978
69240.003,0.1462892294,0.12093743561472325,-0.025351793785276744
69310.003,0.1463485211,0.12100696841834176,-0.025341552681658233
69390.003,0.1463529617,0.121084916694386,-0.025268045005614012
69460.003,0.1463374048,0.12115179623591468,-0.025185608564085304
69540.003,0.1464033723,0.12122680813455379,-0.02517656416544621
69610.003,0.1464048475,0.12129116237590071,-0.025113685124099283
69690.003,0.1464330107,0.12136330797409794,-0.02506970272590206
69760.003,0.1464307904,0.12142519063031008,-0.025005599769689926
69830.003,0.1464671046,0.12148596815079882,-0.02498113644920119
69910.003,0.1464596987,0.12155405093674357,-0.024905647763256433
69980.003,0.1464834213,0.12161247528227632,-0.024870946017723675
70060.003,0.1465123296,0.12167792416633554,-0.024834405433664455
70130.003,0.1465249211,0.12173406539936381,-0.024790855700636202
70210.003,0.1465493739,0.12179695632987338,-0.024752417570126625
70280.003,0.1465649456,0.12185088585731854,-0.024714059742681455
70350.003,0.1465975642,0.1219038233874071,-0.0246937408125929
70430.003,0.1466116458,0.12196310293528356,-0.024648542864716433
70500.003,0.1466205269,0.12201392898776521,-0.02460659791223478
70580.003,0.1466538906,0.12207085655648424,-0.024583034043515764
70650.003,0.1466635168,0.12211966143331107,-0.024543855366688933
70730.003,0.146684289,0.12217430292504201,-0.024509986074957982
70800.003,0.1466924399,0.12222115041401442,-0.02447128948598558
70870.003,0.1467206031,0.12226712526011116,-0.024453477839888854
70950.003,0.1467472911,0.12231857475661397,-0.024428716343386045
71020.003,0.1467517316,0.122362666083611,-0.02438906551638899
71100.003,0.1467850953,0.1224120414382296,-0.024373053861770397
71170.003,0.1467880607,0.12245434223335729,-0.024333718466642715
71250.003,0.1468162239,0.12250169365999057,-0.024314530240009416
71320.003,0.1468162239,0.12254227243579895,-0.02427395146420104
71390.003,0.1468332708,0.12258206433925985,-0.024251206460740152
71470.003,0.1468599439,0.12262659812502111,-0.024233345774978904
71540.00399999999,0.1468555033,0.1226647448722187,-0.02419075842778129
71620.00399999999,0.1468992382,0.12270745839835168,-0.024191779801648328
71690.00399999999,0.1468984932,0.12274403530248516,-0.024154457897514844
71770.00399999999,0.146922946,0.12278497145176405,-0.02413797454823595
71840.00399999999,0.146931842,0.12282002467984145,-0.02411181732015856
71910.00399999999,0.1469474137,0.12285440875398528,-0.024093004946014726
71990.00399999999,0.1469644606,0.12289285745802843,-0.024071603141971584
72060.00399999999,0.1469933689,0.12292580879040417,-0.024067560109595834
72140.00399999999,0.1469896585,0.12296264175060397,-0.024027016749396043
72210.00399999999,0.1470000297,0.12299419733457088,-0.024005832365429122
72290.00399999999,0.1470593214,0.12302952414036883,-0.02402979725963117
72360.00399999999,0.1470274627,0.12305973847222243,-0.02396772422777757
72430.00399999999,0.1470585912,0.12308937743284197,-0.023969213767158035
72510.00399999999,0.1470830441,0.12312253223631518,-0.023960511863684822
72580.00399999999,0.1470867544,0.12315090917961376,-0.023935845220386234
72660.00399999999,0.1471334398,0.12318265799388688,-0.02395078180611311
72730.00399999999,0.1471304744,0.12320983677051922,-0.023920637629480768
72810.00399999999,0.1471319646,0.12324022639378357,-0.02389173820621643
72880.00399999999,0.1471497566,0.12326625646377624,-0.023883500136223743
72950.00399999999,0.14718014,0.12329176382739102,-0.02388837617260897
73030.00399999999,0.1471912563,0.12332028252600508,-0.023870973773994913
73100.00399999999,0.1472045928,0.12334469391952993,-0.023859898880470076
73180.00399999999,0.147206828,0.12337198713850207,-0.02383484086149794
73250.00399999999,0.1472372115,0.1233953618066111,-0.023841849693388886
73330.00399999999,0.1472461075,0.1234214945305995,-0.0238246129694005
73400.00399999999,0.1472698152,0.12344386043185664,-0.02382595476814335
73470.00399999999,0.1472816765,0.12346578234787327,-0.023815894152126746
73550.00399999999,0.1472876072,0.12349027360597238,-0.023797333594027623
73620.00399999999,0.1473002136,0.12351124252455974,-0.02378897107544027
73700.00399999999,0.147330597,0.12353469213545032,-0.02379590486454969
73770.00399999999,0.1473461688,0.12355476346174386,-0.023791405338256147
73850.00399999999,0.1473357826,0.12357719103744041,-0.023758591562559578
73920.00399999999,0.1473646909,0.12359639645957207,-0.02376829444042794
73990.00399999999,0.1473928541,0.1236152094621367,-0.023777644637863304
74070.00399999999,0.147392109,0.1236362199387387,-0.02375588906126129
74140.00399999999,0.1474136114,0.12365421239615552,-0.02375939900384448
74220.00399999999,0.1474321336,0.12367432574208405,-0.02375780785791594
74290.00399999999,0.1474321336,0.12369152915318085,-0.023740604446819136
74370.00399999999,0.1474395543,0.12371075977636979,-0.023728794523630206
74440.00399999999,0.1474855095,0.12372724051671526,-0.023758268983284744
74520.00399999999,0.1474899501,0.12374562754807655,-0.023744322551923436
74590.00399999999,0.1474869847,0.12376136483578884,-0.02372561986421115
74660.00399999999,0.1475262642,0.12377679041339751,-0.0237494737866025
74740.00399999999,0.147525534,0.12379402220985027,-0.023731511790149748
74810.00399999999,0.1475470215,0.12380877276362841,-0.02373824873637158
74890.00399999999,0.1475210786,0.123825238257828,-0.023695840342171995
74960.00399999999,0.147568509,0.12383934341641552,-0.02372916558358447
75040.00399999999,0.1475855559,0.1238551039917268,-0.023730451908273192
75110.00399999999,0.1476144642,0.12386859588939218,-0.023745868310607807
75180.00399999999,0.1476359665,0.1238817965112785,-0.0237541699887215
75260.00399999999,0.1476344764,0.1238965487772525,-0.0237379276227475
75330.00399999999,0.1476322562,0.12390916117312833,-0.02372309502687167
75410.00399999999,0.1476715356,0.12392327442639947,-0.023748261173600516
75480.00399999999,0.1476670951,0.12393533633301618,-0.02373175876698383
75560.00399999999,0.1476893276,0.12394882736595239,-0.023740500234047612
75630.00399999999,0.1476996988,0.12396036125193982,-0.02373933754806018
75700.00399999999,0.1477219462,0.12397165993926247,-0.023750286260737538
75780.00399999999,0.1477212012,0.12398427973530411,-0.0237369214646959
75850.00399999999,0.1477508545,0.12399507920219298,-0.023755775297807022
75930.00399999999,0.147756055,0.12400714516266033,-0.02374890983733967
76000.00399999999,0.1477760673,0.124017467136091,-0.023758600163909002
76080.00399999999,0.1478079259,0.12402900028220114,-0.02377892561779886
76150.00399999999,0.1478108913,0.1240388672852033,-0.023772024014796694
76220.00399999999,0.1478249729,0.12404852210931036,-0.02377645079068963
76300.00399999999,0.1478486955,0.12405932110330731,-0.02378937439669268
76370.00399999999,0.1478627771,0.12406854774566914,-0.02379422935433087
76450.00399999999,0.1478575915,0.1240788617701855,-0.0237787297298145
76520.00399999999,0.147870928,0.12408769053033801,-0.023783237469662002
76600.00399999999,0.147879824,0.12409754198232611,-0.023782282017673878
76670.00399999999,0.1479042768,0.1241059744001668,-0.023798302399833215
76740.00399999999,0.1479346752,0.12411423245724879,-0.02382044274275122
76820.00399999999,0.1479450464,0.12412346379313119,-0.023821582606868813
76890.00399999999,0.1479635835,0.1241313511222809,-0.0238322323777191
76970.00399999999,0.1479791403,0.12414015776258235,-0.02383898253741766
77040.00399999999,0.1480102688,0.12414770942368775,-0.023862559376312265
77120.00399999999,0.1480043381,0.12415612623292253,-0.02384821186707746
77190.00399999999,0.1480310261,0.12416333099730598,-0.023867695102694014
77260.00399999999,0.148056224,0.12417038772093561,-0.023885836279064376
77340.00399999999,0.1480732709,0.1241782722462294,-0.023894998653770594
77410.00399999999,0.1480695605,0.12418500153313686,-0.023884558966863145
77490.00399999999,0.1481029242,0.12419253916704895,-0.023910385032951065
77560.00399999999,0.1481029242,0.12419897680034217,-0.023903947399657843
77640.00399999999,0.1481125504,0.12420616460727668,-0.023906385792723306
77710.00399999999,0.1481496096,0.12421232729736806,-0.02393728230263195
77780.00399999999,0.148144424,0.12421834297889592,-0.02392608102110408
77860.00399999999,0.1481807381,0.12422508203550645,-0.02395565606449354
77930.00399999999,0.1481829733,0.12423083361926236,-0.02395213968073763
78010.00399999999,0.1482000202,0.124237260091671,-0.023962760108328998
78080.00399999999,0.1482444853,0.12424276598566485,-0.02400171931433516
78160.00399999999,0.1482526362,0.12424891342887472,-0.024003722771125294
78230.00399999999,0.1482622772,0.12425416570089377,-0.024008111499106213
78300.00399999999,0.1482719034,0.12425930620061093,-0.024012597199389057
78380.00399999999,0.1483074874,0.12426506214578992,-0.024042425254210076
78450.00399999999,0.1483400911,0.12426998480494783,-0.024070106295052157
78530.00399999999,0.1483260095,0.12427546322911345,-0.02405054627088654
78600.00399999999,0.1483400911,0.12428015733861227,-0.024059933761387722
78680.00399999999,0.1483875364,0.12428540950996075,-0.024102126890039238
78750.00399999999,0.1483912319,0.12428989670860159,-0.024101335191398413
78820.00399999999,0.1484179199,0.1242942924042439,-0.024123627495756098
78900.00399999999,0.1484371871,0.12429919963488108,-0.02413798746511893
78970.00399999999,0.148454234,0.12430339163984301,-0.02415084236015698
79050.00399999999,0.1484764665,0.12430808293847305,-0.024168383561526938
79120.00399999999,0.1484964788,0.12431209190032108,-0.024184386899678917
79200.00399999999,0.1484883279,0.12431656242959789,-0.024171765470402104
79270.00399999999,0.1485231668,0.1243204023594662,-0.02420276444053379
79350.00399999999,0.1485498548,0.12432468644097251,-0.02422516835902748
79420.00399999999,0.1485705972,0.12432834123684423,-0.024242255963155754
79490.00399999999,0.1485794932,0.1243319217702593,-0.024247571429740697
79570.00399999999,0.1485913545,0.12433592397459661,-0.024255430525403382
79640.00399999999,0.1486165524,0.12433934592276992,-0.02427720647723007
79720.00399999999,0.148640275,0.12434316890648785,-0.02429710609351214
79790.00399999999,0.1486751139,0.12434645526221971,-0.024328658637780276
79870.00399999999,0.1487054974,0.12435010851856267,-0.02435538888143733
79940.00399999999,0.148720324,0.12435323272771154,-0.02436709127228845
80010.00399999999,0.148728475,0.12435628922419213,-0.024372185775807867
80090.00399999999,0.1487536728,0.12435971311658232,-0.024393959683417663
80160.00399999999,0.1487751901,0.1243626366033287,-0.024412553496671305
80240.00399999999,0.1488115042,0.12436590965736274,-0.024445594542637256
80310.00399999999,0.1488211304,0.12436869738910361,-0.02445243301089639
80390.00399999999,0.1488507837,0.12437181735846882,-0.02447896634153117
80460.00399999999,0.1488641202,0.12437448872214152,-0.024489631477858487
80530.00399999999,0.1488774717,0.12437710220699122,-0.024500369493008795
80610.00399999999,0.1489122957,0.12438002514388971,-0.02453227055611029
80680.00399999999,0.1489197165,0.12438252078877855,-0.02453719571122144
80760.00399999999,0.1489493549,0.12438531525978255,-0.024564039640217444
80830.00399999999,0.1489812285,0.12438770518450118,-0.024593523315498828
80910.00399999999,0.1489893794,0.12439037227342122,-0.024599007126578795
80980.00399999999,0.1490079165,0.12439264770240628,-0.024615268797593723
81050.00399999999,0.1490338594,0.1243948832255273,-0.024638976174472693
81130.00399999999,0.149091661,0.12439739283496014,-0.024694268165039848
81200.00399999999,0.149091661,0.12439952018847894,-0.024692140811521046
81280.00399999999,0.1491057426,0.12440190194341642,-0.024703840656583584
81350.00399999999,0.1491353959,0.12440394859102981,-0.024731447308970186
81430.00399999999,0.1491509527,0.12440622431750092,-0.02474472838249908
81500.00399999999,0.1492058039,0.12440819091045131,-0.024797612989548676
81570.00399999999,0.1491850615,0.12441008687221643,-0.024774974627783566
81650.00399999999,0.1492473185,0.12441223549694384,-0.02483508300305616
81720.00399999999,0.1492465734,0.12441405437036723,-0.024832519029632766
81800.00399999999,0.1492880732,0.1244161025582757,-0.024871970641724306
81870.00399999999,0.1493088305,0.12441784426330434,-0.024890986236695653
81950.00399999999,0.1493540406,0.12441980801049522,-0.024934232589504765
82020.00399999999,0.1493733078,0.12442148125515184,-0.02495182654484815
82090.00399999999,0.1494037062,0.12442311907982649,-0.024980587120173522
82170.00399999999,0.1493925899,0.12442493192146456,-0.02496765797853545
82240.00399999999,0.1494148225,0.1244264933568127,-0.024988329143187285
82320.00399999999,0.1494844854,0.12442826557081922,-0.025056219829180784
82390.00399999999,0.149490416,0.12442975159686712,-0.02506066440313287
82470.00399999999,0.1495289654,0.1244314294986789,-0.02509753590132109
82540.00399999999,0.1495549083,0.12443286034652136,-0.02512204795347865
82610.00399999999,0.1495704651,0.12443426196334788,-0.025136203136652116
82690.00399999999,0.149577871,0.1244358242615916,-0.025142046738408405
82760.00399999999,0.1496090144,0.12443716831369761,-0.02517184608630238
82840.00399999999,0.1496586651,0.12443867783108979,-0.025219987268910213
82910.00399999999,0.1496920139,0.1244399693191872,-0.025252044580812802
82990.00399999999,0.1497046202,0.12444139327164028,-0.025263226928359722
83060.00399999999,0.1497490853,0.12444263462486962,-0.025306450675130376
83130.00399999999,0.149773553,0.12444383874666241,-0.02532971425333759
83210.00399999999,0.1497972608,0.12444518165401207,-0.02535207914598793
83280.00399999999,0.1498069167,0.12444633358733595,-0.025360583112664037
83360.00399999999,0.1498521268,0.12444763111641059,-0.02540449568358942
83430.00399999999,0.1498699188,0.12444873151690676,-0.02542118728309324
83510.00399999999,0.1499091983,0.12444996794211861,-0.025459230357881377
83580.00399999999,0.1499373615,0.1244510287535542,-0.02548633274644581
83650.00399999999,0.1499766409,0.12445207164176642,-0.025524569258233598
83730.00399999999,0.149986282,0.12445322540340131,-0.025533056596598686
83800.00399999999,0.1500470638,0.12445423291322295,-0.025592830886777038
83880.00399999999,0.150065586,0.1244553425506321,-0.025610243449367895
83950.00399999999,0.1501041353,0.12445630130645162,-0.025647833993548377
84030.00399999999,0.1501152515,0.12445736226793355,-0.02565788923206644
84100.00399999999,0.1501411945,0.12445827516523335,-0.025682919334766643
84180.00399999999,0.1502027065,0.12445931105081179,-0.025743395449188217
84250.00399999999,0.1502027065,0.12446018110987254,-0.02574252539012746
84320.00399999999,0.1502738595,0.12446105773732914,-0.025812801762670853
84400.00399999999,0.1502723694,0.12446200564645886,-0.025810363753541135
84470.00399999999,0.1503079534,0.12446283809336908,-0.025845115306630917
84550.00399999999,0.1503390819,0.12446376409622915,-0.02587531780377085
84620.00399999999,0.1503731757,0.12446455808045799,-0.02590861761954201
84700.00399999999,0.1504154205,0.12446545350031873,-0.025949966999681273
84770.00399999999,0.1504369229,0.12446621551585903,-0.025970707384140965
84840.00399999999,0.1504984349,0.12446697232106392,-0.026031462578936085
84920.00399999999,0.1505206674,0.1244678090110008,-0.026052858388999206
84990.00399999999,0.1505421698,0.12446852545041354,-0.02607364434958645
85070.00399999999,0.1505977511,0.12446934857800697,-0.02612840252199304
85140.00399999999,0.1506177634,0.12447002622439851,-0.026147737175601482
85220.00399999999,0.1506748348,0.12447081905123424,-0.026204015748765755
85290.00399999999,0.1507104188,0.12447148645105806,-0.026238932348941937
85360.00399999999,0.150746733,0.12447214615744959,-0.026274586842550407
85440.00399999999,0.1507815719,0.12447288108905388,-0.02630869081094611
85510.00399999999,0.1508156657,0.12447352091524096,-0.026342144784759033
85590.00399999999,0.150845319,0.12447421976398834,-0.026371099236011664
85660.00399999999,0.1508616209,0.1244748235190914,-0.0263867973809086
85740.00399999999,0.1509320438,0.1244755177300157,-0.026456526069984304
85810.00399999999,0.1509564966,0.12447610616957587,-0.02648039043042412
85880.00399999999,0.1509957761,0.1244766909503242,-0.02651908514967581
85960.00399999999,0.1510187536,0.12447733084674234,-0.02654142275325766
86030.00399999999,0.1510387659,0.12447788646883354,-0.026560879431166473
86110.00399999999,0.1510980576,0.12447852417430672,-0.026619533425693287
86180.00399999999,0.15111956,0.1244790635182655,-0.026640496481734513
86260.00399999999,0.1511773765,0.12447967714256872,-0.02669769935743127
86330.00399999999,0.1511973888,0.12448019448556513,-0.026717194314434867
86400.00399999999,0.1512359232,0.12448071579522657,-0.02675520740477344
86480.00399999999,0.1512900293,0.12448130200401575,-0.02680872729598424
86550.00399999999,0.1513241231,0.12448180485705622,-0.026842318242943794
86630.00399999999,0.1513819396,0.1244823699713711,-0.026899569628628883
86700.00399999999,0.1514034271,0.12448285534268999,-0.026920571757309997
86780.00399999999,0.1514604986,0.1244834101855621,-0.026977088414437897
86850.00399999999,0.1514975578,0.12448388393513227,-0.02701367386486772
86920.00399999999,0.1515249759,0.12448434779134457,-0.02704062810865543
87000.00399999999,0.1515798271,0.12448487523504967,-0.02709495186495034
87070.00399999999,0.1516205966,0.12448533271495382,-0.027135263885046168
87150.00399999999,0.1516546905,0.1244858458090065,-0.027168844690993496
87220.00399999999,0.151712507,0.12448629396675646,-0.027226213033243532
87300.00399999999,0.1517680883,0.1244867966515014,-0.027281291648498587
87370.00399999999,0.1517955065,0.12448722863242506,-0.027308277867574948
87440.00399999999,0.1518518478,0.12448766381932141,-0.02736418398067858
87520.00399999999,0.1518689096,0.12448813758994341,-0.027380772010056578
87590.00399999999,0.1519044787,0.12448855394677934,-0.027415924753220675
87670.00399999999,0.1519585848,0.12448903907297379,-0.0274695457270262
87740.00399999999,0.1519800872,0.12448943847306722,-0.027490648726932784
87820.00399999999,0.1520549357,0.12448991557564071,-0.027565020124359296
87890.00399999999,0.1520549357,0.12449030267186625,-0.02756463302813375
87960.00399999999,0.1521475911,0.12449072916171411,-0.027656861938285898
88040.00399999999,0.1521631479,0.12449116866244998,-0.027671979237550007
88110.00399999999,0.152235046,0.12449157919726757,-0.027743466802732444
88190.00399999999,0.1522861868,0.12449202552361013,-0.027794161276389867
88260.00399999999,0.1522847116,0.12449239470823018,-0.027792316891769836
88340.00399999999,0.1523462236,0.12449284573966646,-0.02785337786033354
88410.00399999999,0.1523862481,0.12449322276245281,-0.0278930253375472
88480.00399999999,0.1524499804,0.12449361622206231,-0.027956364177937676
88560.00399999999,0.152500391,0.12449405543691601,-0.028006335563084003
88630.00399999999,0.1525670886,0.12449444044018977,-0.02807264815981024
88710.00399999999,0.1525722742,0.12449485457492088,-0.02807741962507912
88780.00399999999,0.1526426971,0.12449524048551203,-0.028147456614487976
88860.00399999999,0.1526990235,0.12449567107964914,-0.028203352420350866
88930.00399999999,0.1527538747,0.12449604514169281,-0.028257829558307176
89000.00399999999,0.1527768523,0.12449641454216041,-0.028280437757839574
89080.00399999999,0.1528531909,0.12449684620081153,-0.028356344699188463
89150.00399999999,0.1528954506,0.12449722028476244,-0.02839823031523757
89230.00399999999,0.152952522,0.12449764330490296,-0.028454878695097052
89300.00399999999,0.1530029178,0.12449801985558537,-0.02850489794441463
89380.00399999999,0.1530192196,0.12449842823356685,-0.02852079136643315
89450.00399999999,0.1530592442,0.12449880307448173,-0.02856044112551827
89530.00399999999,0.1531244665,0.12449923056614191,-0.028625235933858087
89600.00399999999,0.1531689465,0.12449960350422945,-0.028669342995770564
89670.00399999999,0.1532215625,0.1244999732562874,-0.028721589243712597
89750.00399999999,0.1532727033,0.1245004042127776,-0.02877229908722241
89820.00399999999,0.1533075422,0.124500776943728,-0.028806765256272
89900.00399999999,0.1534090787,0.12450122321964814,-0.028907855480351866
89970.00399999999,0.1534261256,0.12450159579220013,-0.02892452980779986
90050.00399999999,0.1534935832,0.1245020261770787,-0.028991557022921305
90120.00399999999,0.1535298973,0.12450240794718345,-0.029027489352816543
90190.00399999999,0.1535995752,0.12450279350080988,-0.029096781699190125
90270.00399999999,0.1536410749,0.12450323146058122,-0.02913784343941879
90340.00399999999,0.1536885053,0.12450362244500494,-0.029184882854995056
90420.00399999999,0.1537537277,0.12450407174416436,-0.029249655955835646
90490.00399999999,0.1538004279,0.12450445919304087,-0.029295968706959136
90570.00399999999,0.1538560092,0.12450491092725259,-0.029351098272747414
90640.00399999999,0.1538864225,0.12450530329312091,-0.029381119206879094
90710.00399999999,0.1539597958,0.1245057180695356,-0.029454077730464392
90790.00399999999,0.1540220529,0.12450617870744062,-0.029515874192559396
90860.00399999999,0.1540843099,0.1245065966240043,-0.02957771327599569
90940.00399999999,0.1541332304,0.12450705791887533,-0.02962617248112466
91010.00399999999,0.1541865915,0.12450747482128482,-0.029679116678715173
91090.00399999999,0.1542592347,0.12450796382016817,-0.02975127087983183
91160.00399999999,0.1542822123,0.12450838052438885,-0.029773831775611145
91230.00399999999,0.1543533653,0.12450881405543972,-0.029844551244560272
91310.00399999999,0.1544007957,0.12450930273218953,-0.029891492967810476
91380.00399999999,0.1544615775,0.1245097459089343,-0.02995183159106571
91460.00399999999,0.1545230895,0.12451025384107699,-0.030012835658923
91530.00399999999,0.1545860916,0.12451070846600641,-0.03007538313399359
91610.00399999999,0.1546253711,0.12451122202251942,-0.03011414907748057
91680.00399999999,0.1547091305,0.1245116966579013,-0.03019743384209872
91750.00399999999,0.154758051,0.12451215842734488,-0.030245892572655128
91830.00399999999,0.1548173428,0.12451269676185406,-0.03030464603814595
91900.00399999999,0.1548625529,0.12451317196960296,-0.030349380930397046
91980.00399999999,0.154944092,0.12451373869113404,-0.030430353308865968
92050.00399999999,0.1549930125,0.12451422439611713,-0.030478788103882867
92130.00399999999,0.155050084,0.12451479038303014,-0.03053529361696987
92200.00399999999,0.1551049352,0.1245152990548725,-0.030589636145127483
92270.00399999999,0.1551745981,0.12451581568629391,-0.030658782413706093
92350.00399999999,0.1552464962,0.12451641062152848,-0.030730085578471525
92420.00399999999,0.155298382,0.12451694385327633,-0.030781438146723683
92500.00399999999,0.1553732306,0.12451755816995934,-0.030855672430040657
92570.00399999999,0.155386582,0.12451809144341115,-0.030868490556588843
92650.00399999999,0.1554925591,0.1245187388281022,-0.03097382027189781
92720.00399999999,0.1555288881,0.12451929650046042,-0.031009591599539588
92790.00399999999,0.1555881798,0.12451987046252017,-0.031068309337479838
92870.00399999999,0.1556474715,0.12452052813821124,-0.031126943361788756
92940.00399999999,0.1557253003,0.12452112406977199,-0.031204176230228017
93020.00399999999,0.1557979286,0.1245218119343765,-0.03127611666562349
93090.00399999999,0.1558512896,0.1245224251107133,-0.03132886448928669
93170.00399999999,0.155926168,0.12452313759280695,-0.031403030407193055
93240.00399999999,0.1559995413,0.12452377299304797,-0.03147576830695202
93310.00399999999,0.156024009,0.12452440310505884,-0.03149960589494115
93390.00399999999,0.156094417,0.12452514763688873,-0.03156926936311129
93460.00399999999,0.1561826169,0.12452582399592457,-0.031656792904075415
93540.00399999999,0.1562485844,0.12452659548230599,-0.03172198891769401
93610.00399999999,0.1563138068,0.12452728624700336,-0.03178652055299665
93690.00399999999,0.1563738436,0.12452808695001553,-0.03184575664998447
93760.00399999999,0.1564442515,0.1245288079501759,-0.03191544354982409
93830.00399999999,0.156510964,0.12452952857701995,-0.031981435422980056
93910.00399999999,0.1565798819,0.12453038212943489,-0.03204949977056511
93980.00399999999,0.156651035,0.12453113002185946,-0.03211990497814053
94060.00399999999,0.1567296088,0.1245320135544505,-0.03219759524554951
94130.00399999999,0.1567911208,0.12453279689636627,-0.032258323903633715
94210.00399999999,0.1568607986,0.12453370128215989,-0.0323270973178401
94280.00399999999,0.1569223255,0.12453451753363877,-0.03238780796636122
94360.00399999999,0.1569964439,0.12453546096627073,-0.032460982933729274
94430.00399999999,0.1570653766,0.12453630482056509,-0.03252907177943491
94500.00399999999,0.1571328193,0.1245371707381064,-0.032595648561893606
94580.00399999999,0.1572113931,0.1245381747353109,-0.032673218364689116
94650.00399999999,0.1572847664,0.12453907055276667,-0.03274569584723333
94730.00399999999,0.1573544294,0.12454010427127243,-0.03281432512872756
94800.00399999999,0.1574263275,0.1245410412722422,-0.032885286227757785
94880.00399999999,0.1574937701,0.12454211832894593,-0.03295165177105408
94950.00399999999,0.1575745642,0.12454308652286504,-0.03303147767713495
95020.00399999999,0.1576479375,0.12454407262444862,-0.03310386487555138
95100.00399999999,0.1577272415,0.12454522172594862,-0.033182019774051386
95170.00399999999,0.1577895135,0.12454624258346202,-0.03324327091653799
95250.00399999999,0.1578665972,0.1245474360368006,-0.033319161163199384
95320.00399999999,0.1579473913,0.12454850422085086,-0.033398887079149134
95400.00399999999,0.1580237299,0.12454974227607407,-0.03347398762392592
95470.00399999999,0.1581193507,0.12455086168521018,-0.033568489014789815
95540.00399999999,0.1581919789,0.12455198841278547,-0.03363999048721453
95620.00399999999,0.1582357138,0.12455328989797274,-0.033682423902027275
95690.00399999999,0.1583135277,0.12455446768774053,-0.03375906001225948
95770.00399999999,0.1584254503,0.12455585369344203,-0.03386959660655796
95840.00399999999,0.158492893,0.12455707625515929,-0.03393581674484071
95920.00399999999,0.1585447788,0.1245584934935383,-0.03398628530646171
95990.00399999999,0.1586107463,0.12455975872665984,-0.03405098757334016
96060.00399999999,0.1587293297,0.12456107975204463,-0.03416824994795538
96140.00399999999,0.1587797403,0.12456258389380241,-0.03421715640619759
96210.00399999999,0.158883512,0.12456394831746423,-0.034319563682535775
96290.00399999999,0.1589591205,0.12456552448839989,-0.03439359601160011
96360.00399999999,0.1590206325,0.12456692687553589,-0.03445370562446412
96440.00399999999,0.1591169834,0.12456856993776708,-0.03454841346223292
96510.00399999999,0.1592074037,0.12457005298813219,-0.03463735071186781
96580.00399999999,0.159290418,0.12457155289972803,-0.03471886510027196
96660.00399999999,0.1593385935,0.12457328073984562,-0.03476531276015436
96730.00399999999,0.159467563,0.1245748601527765,-0.03489270284722351
96810.00399999999,0.1595387161,0.12457667646046958,-0.03496203963953043
96880.00399999999,0.1596098691,0.12457829631505399,-0.03503157278494601
96960.00399999999,0.1597254872,0.12458020413331558,-0.03514528306668441
97030.00399999999,0.1597936749,0.12458190075541467,-0.03521177414458532
97100.00399999999,0.159866333,0.12458362656811169,-0.035282706431888314
97180.00399999999,0.1599656492,0.1245856447044887,-0.035380004495511305
97250.00399999999,0.1600293964,0.12458744284962774,-0.03544195355037226
97330.00399999999,0.1601398289,0.1245895456298902,-0.0355502832701098
97400.00399999999,0.1602102369,0.12459141935367576,-0.03561881754632423
97480.00399999999,0.160299927,0.1245936085851027,-0.03570631841489731
97550.00399999999,0.1604022086,0.12459557705148097,-0.03580663154851904
97620.00399999999,0.1604866982,0.12459757534168567,-0.03588912285831433
97700.00399999999,0.1605652571,0.1245998992145001,-0.0359653578854999
97770.00399999999,0.1606749594,0.12460199349865739,-0.036072965901342624
97850.00399999999,0.1607542634,0.12460441407279957,-0.036149849327200445
97920.00399999999,0.1608513743,0.12460658749518978,-0.036244786804810206
98000.00399999999,0.1609314233,0.12460911086701953,-0.03632231243298045
98070.00399999999,0.1610455662,0.12461139198878521,-0.03643417421121478
98140.00399999999,0.1611233801,0.12461369742717344,-0.036509682672826546
98220.00399999999,0.1612182558,0.12461639057441076,-0.036601865225589225
98290.00399999999,0.1613094211,0.12461880179137273,-0.036690619308627256
98370.00399999999,0.1613983661,0.12462160363888708,-0.036776762461112916
98440.00399999999,0.1614739597,0.12462411115615658,-0.03684984854384342
98520.00399999999,0.1616133004,0.124627058334486,-0.036986242065514
98590.00399999999,0.1616666615,0.12462967407641301,-0.03703698742358699
98660.00399999999,0.1617659926,0.12463234360815062,-0.03713364899184937
98740.00399999999,0.1618808806,0.12463546171373283,-0.03724541888626717
98810.00399999999,0.1619765013,0.12463825210852493,-0.03733824919147506
98890.00399999999,0.1620624661,0.12464149652150715,-0.03742096957849285
98960.00399999999,0.1621477008,0.12464439679134749,-0.0375033040086525
99040.00399999999,0.1622633338,0.12464779090599927,-0.03761554289400072
99110.00399999999,0.1623396724,0.12465082235415315,-0.03768885004584685
99190.00399999999,0.1624656767,0.12465436375074856,-0.03781131294925144
99260.00399999999,0.1625738889,0.12465753392276557,-0.03791635497723442
99330.00399999999,0.1626435518,0.12466074720668067,-0.03798280459331933
99410.00399999999,0.1627717912,0.12466452249896205,-0.038107268701037936
99480.00399999999,0.1628614813,0.12466788785711891,-0.03819359344288109
99560.00399999999,0.1629704237,0.1246718108614689,-0.0382986128385311
99630.00399999999,0.1630623341,0.12467531820510844,-0.038387015894891574
99710.00399999999,0.1631668359,0.12467941350094244,-0.03848742239905756
99780.00399999999,0.1632935852,0.12468308330226084,-0.038610501897739166
99850.00399999999,0.1633765996,0.12468681927700197,-0.03868978032299804
99930.00399999999,0.1634699851,0.12469116574384666,-0.038778819356153335
100000.00399999999,0.1635856032,0.12469507258799824,-0.038890530612001775
100080.00399999999,0.1636960506,0.12469961335808077,-0.03899643724191923
100150.00399999999,0.1637894511,0.12470367854911046,-0.03908577255088955
100230.00399999999,0.1638932079,0.12470841548589698,-0.039184792414103026
100300.00399999999,0.1639917791,0.12471265204956397,-0.03927912705043604
100370.00399999999,0.1641125977,0.12471698416385298,-0.039395613536147026
100450.00399999999,0.1642356366,0.12472203076648687,-0.03951360583351314
100520.00399999999,0.1643134505,0.1247265317270222,-0.03958691877297782
100600.00399999999,0.1644157469,0.12473179587222624,-0.03968395102777375
100670.00399999999,0.1645350754,0.12473650655971283,-0.03979856884028718
100750.00399999999,0.1646662802,0.12474200657607484,-0.039924273623925144
100820.00399999999,0.1647366881,0.12474689463609362,-0.03998979346390638
100890.00399999999,0.1648545265,0.12475191105334144,-0.04010261544665855
100970.00399999999,0.1649731249,0.12475775432359941,-0.04021537057640058
101040.00399999999,0.1650761515,0.12476297429070717,-0.040313177209292825
101120.00399999999,0.1651932448,0.12476906970805639,-0.04042417509194361
101190.00399999999,0.1653214693,0.12477452118275563,-0.040546948117244366
101270.00399999999,0.1654222757,0.12478087998043116,-0.040641395719568846
101340.00399999999,0.1655119509,0.12478655147652364,-0.040725399423476374
101410.00399999999,0.1656038761,0.12479234685609276,-0.04081152924390723
101490.00399999999,0.1657713801,0.12479913324293379,-0.040972246857066213
101560.00399999999,0.1658573598,0.12480516449407163,-0.041052195305928366
101640.00399999999,0.1659707576,0.12481222233792055,-0.04115853526207944
101710.00399999999,0.1660767496,0.12481852588857767,-0.04125822371142232
101790.00399999999,0.1661886722,0.12482588711031192,-0.041362785089688076
101860.00399999999,0.1663035452,0.12483246250962406,-0.04147108269037596
101930.00399999999,0.1664258391,0.12483918604810242,-0.041586653051897585
102010.00399999999,0.1665466726,0.12484701186109423,-0.04169966073890577
102080.00399999999,0.1666667461,0.12485401656399767,-0.04181272953600235
102160.00399999999,0.1667779237,0.12486217853906799,-0.04191574516093201
102230.00399999999,0.1668624133,0.12486946910921053,-0.041992944190789486
102310.00399999999,0.1669965684,0.12487799112156034,-0.04211857727843965
102380.00399999999,0.1671277583,0.12488561844741401,-0.042242139852586
102450.00399999999,0.1672248542,0.12489337805700561,-0.04233147614299439
102530.00399999999,0.1673204601,0.12490243216411145,-0.04241802793588856
102600.00399999999,0.1674412787,0.12491054122259633,-0.04253073747740367
102680.00399999999,0.167586565,0.12492000187376565,-0.04266656312623435
102750.00399999999,0.1676895767,0.12492844235283457,-0.04276113434716544
102830.00399999999,0.1678207666,0.12493830560519163,-0.04288246099480837
102900.00399999999,0.1679060012,0.12494710227492108,-0.04295889892507891
102970.00399999999,0.1680572033,0.12495610058822781,-0.0431011027117722
103050.00399999999,0.1681594849,0.12496657962219214,-0.04319290527780785
103120.00399999999,0.1682565808,0.12497593970798646,-0.043280641092013544
103200.00399999999,0.1683937162,0.12498688470920614,-0.04340683149079384
103270.00399999999,0.1685256511,0.12499666227483214,-0.04352898882516787
103350.00399999999,0.1686457098,0.12500806319460853,-0.04363764660539146
103420.00399999999,0.1687450409,0.12501824210402865,-0.043726798795971356
103490.00399999999,0.168851763,0.125028633986312,-0.043823129013687984
103570.00399999999,0.1689814627,0.12504076070572226,-0.04394070199427774
103640.00399999999,0.1691022813,0.1250516023544621,-0.04405067894553788
103720.00399999999,0.1692275405,0.12506423919351195,-0.044163301306488045
103790.00399999999,0.1693313271,0.12507553259262477,-0.04425579450737524
103870.00399999999,0.1694536209,0.12508870998865554,-0.04436491091134445
103940.00399999999,0.1696048081,0.1251005100364205,-0.0445042980635795
104020.00399999999,0.1697145104,0.1251142455699897,-0.04460026483001028
104090.00399999999,0.169807151,0.12512652118252535,-0.04468062981747464
104160.00399999999,0.1699590981,0.1251390525522912,-0.0448200455477088
104240.00399999999,0.1700902879,0.12515366628092478,-0.04493662161907522
104310.00399999999,0.1701814532,0.12516670825076298,-0.04501474494923702
104390.00399999999,0.1703386009,0.1251819529450772,-0.0451566479549228
104460.00399999999,0.1704230905,0.12519555338532976,-0.04522753711467026
104540.00399999999,0.1705542803,0.12521142717226194,-0.04534285312773806
104610.00399999999,0.1706587821,0.1252256039981484,-0.0454331781018516
104680.00399999999,0.1707914621,0.12524006591550566,-0.04555139618449436
104760.00399999999,0.1709085554,0.12525693548402358,-0.04565161991597641
104830.00399999999,0.1710597575,0.12527202174842106,-0.045787735751578934
104910.00399999999,0.1711939275,0.1252896096431724,-0.04590431785682761
104980.00399999999,0.17130436,0.12530531250314908,-0.04599904749685091
105060.00399999999,0.171410352,0.12532362518575307,-0.046086726814246914
105130.00399999999,0.1715452522,0.12534000388032437,-0.046205248319675624
105200.00399999999,0.171649754,0.12535668105447947,-0.046293072945520514
105280.00399999999,0.1717972457,0.12537615251170378,-0.04642109318829621
105350.00399999999,0.1719076782,0.1253935386174523,-0.04651413958254769
105430.00399999999,0.1720247865,0.12541380956146994,-0.04661097693853006
105500.00399999999,0.1721552461,0.12543193142694725,-0.04672331467305274
105580.00399999999,0.1722857058,0.12545306453876623,-0.046832641261233765
105650.00399999999,0.1724094748,0.12547193505648846,-0.04693753974351153
105720.00399999999,0.1725369543,0.1254911777043883,-0.04704577659561168
105800.00399999999,0.1726725996,0.1255136174540386,-0.0471589821459614
105870.00399999999,0.1727934033,0.12553365230641156,-0.04725975099358845
105950.00399999999,0.1729638875,0.1255570363504384,-0.047406851149561585
106020.00399999999,0.1730513573,0.12557789608868455,-0.04747346121131546
106100.00399999999,0.1731877327,0.12560223279622218,-0.047585499903777834
106170.00399999999,0.1733122468,0.12562396995845668,-0.04768827684154334
106240.00399999999,0.1734523326,0.12564613286973167,-0.04780619973026834
106320.00399999999,0.1735894531,0.1256719627492073,-0.04791749035079271
106390.00399999999,0.1737065464,0.12569502596266977,-0.04801152043733023
106470.00399999999,0.173854053,0.12572192032660887,-0.04813213267339114
106540.00399999999,0.1739837676,0.1257459425246434,-0.048237825075356594
106620.00399999999,0.1741260737,0.12577393987102511,-0.04835213382897488
106690.00399999999,0.1742780209,0.1257989544158727,-0.04847906648412731
106760.00399999999,0.1743788123,0.1258244209978794,-0.04855439130212058
106840.00399999999,0.174500376,0.12585410670887817,-0.04864626929112184
106910.00399999999,0.174659729,0.12588063733179272,-0.04877909166820729
106990.00399999999,0.1747709066,0.1259115309629543,-0.048859375637045704
107060.00399999999,0.174916178,0.12593912319263528,-0.04897705480736472
107140.00399999999,0.1750599742,0.1259712942230278,-0.049088679976972194
107210.00399999999,0.1751919091,0.12600000961213792,-0.04919189948786207
107280.00399999999,0.1753223538,0.1260292488422386,-0.0492931049577614
107360.00399999999,0.1754705906,0.12606333827003696,-0.04940725232996304
107430.00399999999,0.1755943596,0.126093762159029,-0.04950059744097099
107510.00399999999,0.1757455766,0.1261292330500958,-0.04961634354990421
107580.00399999999,0.1759071499,0.1261608920539744,-0.0497462578460256
107660.00399999999,0.1760657728,0.1261977767768801,-0.04986799602311989
107730.00399999999,0.1761858314,0.1262306838654679,-0.04995514753453209
107800.00399999999,0.1763081253,0.12626419788629598,-0.05004392741370403
107880.00399999999,0.1764704436,0.1263032651557995,-0.05016717844420049
107950.00399999999,0.176634267,0.12633813104853026,-0.050296135951469756
108030.00399999999,0.1767728627,0.1263787315040215,-0.05039413119597849
108100.00399999999,0.1769218445,0.12641495884597784,-0.05050688565402217
108180.00399999999,0.1770767421,0.12645716858862974,-0.05061957351137025
108250.00399999999,0.1772146076,0.12649482374018622,-0.050719783859813766
108320.00399999999,0.1773858219,0.12653317698092553,-0.05085264491907446
108400.00399999999,0.177493304,0.1265778169766989,-0.05091548702330109
108470.00399999999,0.1776341349,0.12661765211998183,-0.05101648278001816
108550.00399999999,0.1778601855,0.1266640705753861,-0.0511961149246139
108620.00399999999,0.1780121326,0.12670544979848938,-0.05130668280151063
108700.00399999999,0.1781262755,0.1267536480496314,-0.05137262745036858
108770.00399999999,0.178297475,0.12679663140877462,-0.05150084359122539
108840.00399999999,0.1784190536,0.12684035245885564,-0.05157870114114435
108920.00399999999,0.1786147207,0.12689130477045044,-0.05172341592954957
108990.00399999999,0.1787466556,0.12693670416696812,-0.05180995143303188
109070.00399999999,0.1789163798,0.1269895790265725,-0.051926800773427484
109140.00399999999,0.1790779531,0.12703672819985015,-0.05204122490014984
109220.00399999999,0.1792477071,0.1270916088207736,-0.052156098279226376
109290.00399999999,0.1794181764,0.12714053533396233,-0.05227764106603766
109370.00399999999,0.1795886457,0.1271974863722368,-0.0523911593277632
109440.00399999999,0.1797279865,0.127248226363254,-0.05247976013674599
109510.00399999999,0.1799088269,0.12729985117478462,-0.05260897572521539
109590.00399999999,0.1801067442,0.12735995284435583,-0.05274679135564417
109660.00399999999,0.1802609116,0.1274134900281901,-0.05284742157180988
109740.00399999999,0.180458799,0.1274758055402362,-0.052982993459763816
109810.00399999999,0.180574432,0.1275312970701867,-0.0530431349298133
109890.00399999999,0.1807938069,0.12759590013085556,-0.05319790676914443
109960.00399999999,0.1809502244,0.1276534310104319,-0.05329679338956811
110030.00399999999,0.1811088324,0.12771192167561715,-0.05339691072438285
110110.00399999999,0.1813296974,0.12777999194925943,-0.05354970545074056
110180.00399999999,0.1814994365,0.12784059907915382,-0.05365883742084618
110260.00399999999,0.1816669405,0.12791107610862895,-0.05375586439137106
110330.00399999999,0.1818559468,0.12797385640674336,-0.05388209039325664
110410.00399999999,0.1820338368,0.12804684425991258,-0.0539869925400874
110480.00399999999,0.1822517365,0.12811184717300564,-0.05413988932699437
110550.00399999999,0.182415545,0.12817788102814132,-0.054237663971858696
110630.00399999999,0.1826089919,0.12825465855635457,-0.05435433334364542
110700.00399999999,0.182814315,0.12832301259778595,-0.05449130240221406
110780.00399999999,0.1829751432,0.12840242931156928,-0.05457271388843071
110850.00399999999,0.1831611842,0.12847311516172066,-0.05468806903827933
110930.00399999999,0.1833724231,0.1285552717516123,-0.05481715134838769
111000.00399999999,0.1835725456,0.12862837554984197,-0.05494417005015803
111070.00399999999,0.1837593317,0.1287026187305935,-0.05505671296940651
111150.00399999999,0.1839587092,0.12878886825401645,-0.05516984094598354
111220.00399999999,0.1841654927,0.12886560075377507,-0.05529989194622492
111300.00399999999,0.1843670905,0.12895472208055075,-0.05541236841944924
111370.00399999999,0.1845620424,0.1290339788228884,-0.0555280635771116
111450.00399999999,0.184788838,0.12912602181141578,-0.055662816188584235
111520.00399999999,0.1849874705,0.1292078648253758,-0.0557796056746242
111590.00399999999,0.1851705462,0.12929091710709528,-0.055879629092904726
111670.00399999999,0.1854181141,0.12938736906866022,-0.056030745031339785
111740.00399999999,0.1856404692,0.1294730993315913,-0.0561673698684087
111820.00399999999,0.1858272403,0.12957258249615541,-0.05625465780384459
111890.00399999999,0.1860155016,0.1296609846247167,-0.05635451697528329
111970.00399999999,0.1862363815,0.12976357730453733,-0.05647280419546266
112040.00399999999,0.186471343,0.12985474351846016,-0.05661659948153985
112110.00399999999,0.1866714507,0.12994718504143687,-0.05672426565856312
112190.00399999999,0.1868982613,0.13005442263446348,-0.05684383866553652
112260.00399999999,0.1871102452,0.13014966081040957,-0.056960584389590424
112340.00399999999,0.1873429865,0.13026011130082646,-0.057082875199173544
112410.00399999999,0.1875534803,0.13035817060189941,-0.05719530969810058
112490.00399999999,0.187816605,0.13047189370203907,-0.057344711297960926
112560.00399999999,0.1880145073,0.13057281878444238,-0.057441688515557615
112630.00399999999,0.1882279664,0.13067509185851142,-0.05755287454148858
112710.00399999999,0.1884555072,0.1307936136253091,-0.0576618935746909
112780.00399999999,0.1887141913,0.13089880718083355,-0.05781538411916645
112860.00399999999,0.1889372766,0.1310206631530199,-0.0579166134469801
112930.00399999999,0.1891529709,0.13112875959784528,-0.05802421130215471
113010.00399999999,0.1894146055,0.13125398200234586,-0.058160623497654135
113080.00399999999,0.1896436363,0.13136502793753504,-0.058278608362464956
113150.00399999999,0.1898652464,0.131477438160287,-0.058387808239712985
113230.00399999999,0.1901254058,0.13160760158588272,-0.058517804214117286
113300.00399999999,0.1903381348,0.1317229657465159,-0.0586151690534841
113380.00399999999,0.1906116307,0.13185651829829403,-0.05875511240170597
113450.00399999999,0.1908221245,0.13197484762050474,-0.05884727687949526
113530.00399999999,0.191065982,0.13211177188191472,-0.05895421011808527
113600.00399999999,0.1912927926,0.13223305746280467,-0.05905973513719534
113670.00399999999,0.1915425658,0.13235574145962462,-0.059186824340375394
113750.00399999999,0.1917834431,0.1324976174812648,-0.059285825618735216
113820.00399999999,0.1920287907,0.13262324323819547,-0.05940554746180454
113900.00399999999,0.1922741234,0.13276847584320914,-0.05950564755679086
113970.00399999999,0.1925276071,0.13289703993156007,-0.059630567168439924
114050.00399999999,0.1927536726,0.1330456244546067,-0.05970804814539332
114120.00399999999,0.192996785,0.13317709151185614,-0.059819693488143866
114200.00399999999,0.19326213,0.13332900066847728,-0.05993312933152273
114270.00399999999,0.1934844851,0.13346334465993573,-0.06002114044006426
114340.00399999999,0.1937261224,0.13359902957133998,-0.06012709282866002
114420.00399999999,0.1939810812,0.13375572931839963,-0.06022535188160036
114490.00399999999,0.1942404956,0.13389425227044524,-0.060346243329554766
114570.00399999999,0.1944902986,0.13405415642002325,-0.060436142179976754
114640.00399999999,0.1947119087,0.1341954605525882,-0.06051644814741178
114720.00399999999,0.1949690878,0.13435853093840447,-0.06061055686159553
114790.00399999999,0.1951966286,0.13450257724725495,-0.060694051352745054
114860.00399999999,0.1954204887,0.13464786756356578,-0.060772621136434224
114940.00399999999,0.1956910193,0.13481545037823908,-0.06087556892176091
115010.00399999999,0.1959281862,0.13496340284691413,-0.06096478335308586
115090.00399999999,0.1961601973,0.13513395597030883,-0.06102624132969117
115160.00399999999,0.1963981092,0.135284482842989,-0.06111362635701101
115240.00399999999,0.1966760606,0.1354579582587323,-0.061218102341267705
115310.00399999999,0.196866557,0.1356109561752858,-0.06125560082471421
115380.00399999999,0.1971081793,0.13576510660615976,-0.061343072693840234
115460.00399999999,0.1973712891,0.13594265003034514,-0.06142863906965487
115530.00399999999,0.1975803077,0.13609918000073154,-0.06148112769926847
115610.00399999999,0.1978612244,0.1362794060983878,-0.06158181830161222
115680.00399999999,0.1980813593,0.13643822709430425,-0.061643132205695755
115760.00399999999,0.1983429939,0.13662098628600097,-0.061722007613999014
115830.00399999999,0.1985772252,0.1367819842585052,-0.0617952409414948
115900.00399999999,0.1987595558,0.13694390687050945,-0.06181564892949054
115980.00399999999,0.1990285963,0.1371301911024929,-0.06189840519750711
116050.00399999999,0.1992442906,0.13729416338767342,-0.061950127212326594
116130.00399999999,0.1994992644,0.13748266394721584,-0.06201660045278415
116200.00399999999,0.199725315,0.13764854780110178,-0.06207676719889821
116280.00399999999,0.1999773234,0.13783914733281769,-0.062138176067182305
116350.00399999999,0.2001885772,0.1380067782230298,-0.06218179897697018
116420.00399999999,0.200399071,0.13817519832930086,-0.06222387267069915
116500.00399999999,0.2006651461,0.13836861391624505,-0.062296532183754944
116570.00399999999,0.2009112388,0.1385386496595317,-0.06237258914046831
116650.00399999999,0.2011736035,0.13873380095877927,-0.062439802541220724
116720.00399999999,0.2013892978,0.13890524951916028,-0.06248404828083973
116800.00399999999,0.2016057372,0.13910192254536102,-0.06250381465463897
116870.00399999999,0.201851055,0.13927469791767272,-0.06257635708232728
116940.00399999999,0.2020734102,0.1394480136135877,-0.06262539658641231
117020.00399999999,0.202302441,0.13964670893043754,-0.06265573206956246
117090.00399999999,0.2025396377,0.1398211025704258,-0.0627185351295742
117170.00399999999,0.2027990371,0.14002096623092017,-0.06277807086907983
117240.00399999999,0.2030147314,0.14019628239860377,-0.06281844900139624
117320.00399999999,0.2032719254,0.14039711864840132,-0.06287480675159868
117390.00399999999,0.2035165131,0.14057323878431796,-0.06294327431568203
117460.00399999999,0.2037069947,0.14074962500174495,-0.06295736969825505
117540.00399999999,0.2039842159,0.14095157156245397,-0.06303264433754602
117610.00399999999,0.2042087913,0.14112852553268798,-0.06308026576731202
117690.00399999999,0.2044652402,0.14133100013820157,-0.06313424006179844
117760.00399999999,0.2046994567,0.14150834803622175,-0.06319110866377825
117840.00399999999,0.2049522102,0.141711150823436,-0.06324105937656402
117910.00399999999,0.2052182853,0.14188873653195833,-0.06332954876804167
117980.00399999999,0.2054495364,0.14206636578013423,-0.06338317061986576
118060.00399999999,0.2057178617,0.14226937774513926,-0.06344848395486075
118130.00399999999,0.205950588,0.14244699160197652,-0.06350359639802347
118210.00399999999,0.2062218636,0.14264989382216975,-0.06357196977783025
118280.00399999999,0.206482023,0.14282735471149186,-0.06365466828850813
118360.00399999999,0.2067407072,0.1430299712942328,-0.0637107359057672
118430.00399999999,0.206986025,0.14320709550854746,-0.06377892949145253
118500.00399999999,0.2072469443,0.14338401572407494,-0.06386292857592507
118580.00399999999,0.2074944973,0.1435858779471504,-0.06390861935284961
118650.00399999999,0.2077768892,0.1437622581769476,-0.06401463102305241
118730.00399999999,0.2080288976,0.14396340076912711,-0.0640654968308729
118800.00399999999,0.2083142549,0.1441390725769387,-0.0641751823230613
118880.00399999999,0.2085788697,0.1443393313446472,-0.06423953835535282
118950.00399999999,0.2088538408,0.14451414047942274,-0.06433970032057726
119030.00399999999,0.2091140002,0.14471333167784892,-0.0644006685221511
119100.00399999999,0.2093838006,0.14488711887981623,-0.06449668172018377
119170.00399999999,0.2096365392,0.14506038999750304,-0.06457614920249696
119250.00399999999,0.2099545151,0.14525776218888084,-0.06469675291111915
119320.00399999999,0.2102272809,0.14542984156212982,-0.06479743933787019
119400.00399999999,0.2105719298,0.14562577317366382,-0.06494615662633618
119470.00399999999,0.2108313292,0.14579650625798746,-0.06503482294201254
119550.00399999999,0.2111456096,0.14599081761003993,-0.06515479198996008
119620.00399999999,0.2114161402,0.14616009108123634,-0.06525604911876365
119690.00399999999,0.2117229998,0.14632866285949103,-0.06539433694050897
119770.00399999999,0.212017253,0.14652034765741476,-0.06549690534258523
119840.00399999999,0.2123137265,0.14668725808892788,-0.06562646841107211
119920.00399999999,0.2126517147,0.14687702978127434,-0.06577468491872565
119990.00399999999,0.2129489183,0.1470421982250294,-0.06590672007497062
120070.00399999999,0.2132824659,0.14722990076557205,-0.06605256513442795
120140.00399999999,0.2135915458,0.14739320700336986,-0.06619833879663015
120210.00399999999,0.2139310092,0.14755565104383614,-0.06637535815616386
120290.00399999999,0.2142363787,0.14774012103706527,-0.06649625766293474
120360.00399999999,0.2145929039,0.14790056560380466,-0.06669233829619534
120440.00399999999,0.2149620056,0.14808273536372443,-0.06687927023627557
120510.00399999999,0.2152392119,0.1482410558754491,-0.06699815602455089
120590.00399999999,0.2156342715,0.14842081603101798,-0.06721345546898203
120660.00399999999,0.2159618735,0.14857700490297585,-0.06738486859702417
120730.00399999999,0.2162650228,0.14873213618267395,-0.06753288661732607
120810.00399999999,0.2166371047,0.14890816265826815,-0.06772894204173185
120880.00399999999,0.2169854641,0.14906106185685325,-0.06792440224314675
120960.00399999999,0.2173805237,0.14923447393224976,-0.06814604976775024
121030.00399999999,0.2177103609,0.14938504958210838,-0.06832531131789163
121110.00399999999,0.2181009501,0.14955578021386434,-0.06854516988613565
121180.00399999999,0.2184471041,0.1497039733069213,-0.0687431307930787
121250.00399999999,0.2187695205,0.14985104498024512,-0.06891847551975488
121330.00399999999,0.2191341817,0.15001771870809608,-0.06911646299190394
121400.00399999999,0.2195129246,0.1501623787190369,-0.0693505458809631
121480.00399999999,0.2198916823,0.15032626847827985,-0.06956541382172016
121550.00399999999,0.220217064,0.1504684324298208,-0.06974863157017919
121630.00399999999,0.22058025,0.1506294604810035,-0.0699507895189965
121700.00399999999,0.22093454,0.15076913897951477,-0.07016540102048524
121770.00399999999,0.221236214,0.15090761959737745,-0.07032859440262254
121850.00399999999,0.2216097713,0.15106446554430836,-0.07054530575569165
121920.00399999999,0.2219166309,0.15120043168242464,-0.07071619921757535
122000.00399999999,0.2222761065,0.15135440162368474,-0.07092170487631524
122070.00399999999,0.2225933224,0.15148784444853586,-0.07110547795146413
122150.00399999999,0.2229038924,0.151638884603495,-0.07126500779650499
122220.00399999999,0.2232055515,0.15176980592182043,-0.07143574557817955
122290.00399999999,0.2234597951,0.15189952644399246,-0.07156026865600754
122370.00399999999,0.223794058,0.15204635046401738,-0.07174770753598261
122440.00399999999,0.2240371704,0.1521735412529145,-0.07186362914708552
122520.00500000003,0.2243284732,0.1523174685726861,-0.07201100462731388
122590.00500000003,0.2245574892,0.15244215102631414,-0.07211533817368584
122670.00500000003,0.2247998714,0.15258319869278386,-0.07221667270721613
122740.00500000003,0.225079298,0.15270540615843534,-0.07237389184156467
122810.00500000003,0.2252853364,0.15282643945455088,-0.07245889694544913
122890.00500000003,0.2255091965,0.15296333628336137,-0.07254586021663864
122960.00500000003,0.2257426679,0.15308192278007984,-0.07266074511992016
123040.00500000003,0.2259383351,0.15321603480277218,-0.07272230029722782
123110.00500000003,0.2261184454,0.15333217965710572,-0.07278626574289429
123190.00500000003,0.2263133824,0.15346354528782258,-0.07284983711217743
123260.00500000003,0.2265357375,0.15357732169149327,-0.07295841580850673
123330.00500000003,0.226663962,0.1536899616457202,-0.07297400035427978
123410.00500000003,0.2268373966,0.1538173724017132,-0.07302002419828679
123480.00500000003,0.2269915789,0.15392770372135722,-0.07306387517864277
123560.00500000003,0.2271435261,0.1540524718600305,-0.0730910542399695
123630.00500000003,0.2273162156,0.15416054001649354,-0.07315567558350647
123710.00500000003,0.2274303585,0.15428271669782606,-0.07314764180217395
123780.00500000003,0.2275719196,0.15438853202965924,-0.07318338757034076
123860.00500000003,0.2277090549,0.15450822253352123,-0.07320083236647879
123930.00500000003,0.2278135568,0.15461186136059663,-0.07320169543940339
124000.00500000003,0.2279684693,0.15471452359208288,-0.07325394570791713
124080.00500000003,0.228081122,0.15483063281063855,-0.07325048918936145
124150.00500000003,0.2281922996,0.15493118498552574,-0.07326111461447427
124230.00500000003,0.2282827199,0.1550449135820622,-0.07323780631793778
124300.00500000003,0.228435427,0.1551434672214035,-0.07329195977859648
124380.00500000003,0.2285176963,0.15525492117461098,-0.073262775125389
124450.00500000003,0.2286310941,0.15535149226031755,-0.07327960183968243
124520.00500000003,0.2286896408,0.1554471371208039,-0.0732425036791961
124600.00500000003,0.2288023084,0.15555540846578536,-0.07324689993421463
124670.00500000003,0.2288793921,0.15564919093883267,-0.07323020116116732
124750.00500000003,0.2289890796,0.155755354124037,-0.07323372547596302
124820.00500000003,0.2290617377,0.15584735600018296,-0.07321438169981703
124900.00500000003,0.2291640192,0.15595150603702,-0.07321251316298003
124970.00500000003,0.2292485088,0.15604178247156214,-0.07320672632843786
125040.00500000003,0.2293285578,0.156131279626796,-0.07319727817320401
125120.00500000003,0.2294063866,0.15623262370591098,-0.07317376289408903
125190.00500000003,0.2294753045,0.1563204987464102,-0.07315480575358979
125270.00500000003,0.2295575738,0.15642002799903842,-0.07313754580096157
125340.00500000003,0.2296198457,0.15650635053400666,-0.07311349516599333
125420.00500000003,0.2297028601,0.15660416419601225,-0.07309869590398774
125490.00500000003,0.2297651321,0.1566890149446208,-0.07307611715537918
125560.00500000003,0.2298481315,0.1567732349215412,-0.07307489657845881
125640.00500000003,0.2299192846,0.1568686712525609,-0.07305061334743909
125710.00500000003,0.229984507,0.15695151207635158,-0.07303299492364843
125790.00500000003,0.2300682664,0.15704546111221895,-0.07302280528778105
125860.00500000003,0.2301097661,0.1571270114820822,-0.07298275461791781
125940.00500000003,0.2301883399,0.1572195304140538,-0.07296880948594622
126010.00500000003,0.2302468866,0.15729988821390886,-0.07294699838609114
126080.00500000003,0.2302943319,0.15737971079149984,-0.07291462110850017
126160.00500000003,0.230374366,0.1574703111065077,-0.0729040548934923
126230.00500000003,0.2304514647,0.15754904970213474,-0.07290241499786526
126310.00500000003,0.2305078059,0.15763844735025792,-0.07286935854974208
126380.00500000003,0.2305730283,0.15771618173780136,-0.07285684656219865
126460.00500000003,0.230641216,0.15780447632706984,-0.07283673967293017
126530.00500000003,0.2306997627,0.15788126776178416,-0.07281849493821585
126600.00500000003,0.2307605445,0.15795766051712895,-0.07280288398287105
126680.00500000003,0.2308116853,0.15804448194926557,-0.07276720335073444
126750.00500000003,0.2308731973,0.15812005457499712,-0.07275314272500288
126830.00500000003,0.2309384197,0.15820599259383392,-0.07273242710616609
126900.00500000003,0.2309865952,0.15828082520685724,-0.07270576999314277
126980.00500000003,0.2310607135,0.15836596979500514,-0.07269474370499485
127050.00500000003,0.2311207652,0.15844015187345792,-0.07268061332654208
127120.00500000003,0.2311882228,0.1585140520725215,-0.0726741707274785
127200.00500000003,0.2312527001,0.15859818110980614,-0.07265451899019387
127270.00500000003,0.2313053161,0.1586715306732834,-0.07263378542671658
127350.00500000003,0.2313809246,0.15875508420787843,-0.07262584039212158
127420.00500000003,0.231428355,0.15882796401401786,-0.07260039098598214
127500.00500000003,0.2315032184,0.15891102541187563,-0.07259219298812436
127570.00500000003,0.2315587997,0.15898351559310783,-0.07257528410689218
127640.00500000003,0.231615141,0.1590558444448095,-0.0725592965551905
127720.00500000003,0.2316899896,0.15913833702475413,-0.07255165257524587
127790.00500000003,0.2317500263,0.15921039059210423,-0.07253963570789576
127870.00500000003,0.2318234146,0.1592926098674014,-0.0725308047325986
127940.00500000003,0.2318923473,0.15936445727375964,-0.07252789002624035
128020.00500000003,0.2319709212,0.15944648440068343,-0.07252443679931658
128090.00500000003,0.2320361435,0.15951820489161195,-0.07251793860838807
128160.00500000003,0.2320961803,0.15958988205326785,-0.07250629824673216
128240.00500000003,0.232154727,0.1596717630647861,-0.07248296393521392
128310.00500000003,0.2322399616,0.15974343025779134,-0.07249653134220865
128390.00500000003,0.2323089093,0.15982532150600903,-0.07248358779399097
128460.00500000003,0.2323748767,0.15989703678693268,-0.07247783991306733
128540.00500000003,0.2324134111,0.1599790230286201,-0.07243438807137989
128610.00500000003,0.2325023711,0.1600508486388888,-0.0724515224611112
128680.00500000003,0.2326053977,0.16012277514661621,-0.07248262255338378
128760.00500000003,0.2326883972,0.1602050704535705,-0.07248332674642952
128830.00500000003,0.2327677161,0.16027719973114585,-0.07249051636885415
128910.00500000003,0.2328484952,0.16035979569104675,-0.07248869950895326
128980.00500000003,0.2329315096,0.1604322100076941,-0.07249929959230592
129060.00500000003,0.2329848707,0.16051516005854383,-0.07246971064145619
129130.00500000003,0.2330834568,0.16058794985613314,-0.07249550694386686
129210.00500000003,0.2331753671,0.16067136756025138,-0.07250399953974862
129280.00500000003,0.2332613468,0.16074458092513888,-0.07251676587486111
129350.00500000003,0.2333680838,0.16081804015240084,-0.07255004364759915
129430.00500000003,0.2334851921,0.16090227688889785,-0.07258291521110213
129500.00500000003,0.2335348427,0.16097623306868053,-0.07255860963131947
129580.00500000003,0.2335793078,0.16106109473092273,-0.07251821306907727
129650.00500000003,0.2337001413,0.1611356723330965,-0.0725644689669035
129730.00500000003,0.2338239104,0.16122126412577373,-0.07260264627422627
129800.00500000003,0.233890608,0.16129647983880965,-0.07259412816119035
129870.00500000003,0.2340358943,0.16137205389923803,-0.07266384040076196
129950.00500000003,0.2340959162,0.16145880063877138,-0.07263711556122862
130020.00500000003,0.2342034131,0.1615351038948623,-0.0726683092051377
130100.00500000003,0.2343479544,0.16162277965833033,-0.07272517474166967
130170.00500000003,0.2344368845,0.1616998860432956,-0.0727369984567044
130250.00500000003,0.2346021682,0.16178854413467159,-0.0728136240653284
130320.00500000003,0.2346955687,0.1618665287140391,-0.07282903998596091
130390.00500000003,0.2348082215,0.1619449377573848,-0.07286328374261519
130470.00500000003,0.2349512726,0.1620351048684131,-0.0729161677315869
130540.00500000003,0.2350943238,0.16211449479874462,-0.07297982900125538
130620.00500000003,0.2352202982,0.16220578276671857,-0.07301451543328144
130690.00500000003,0.2353707701,0.16228619848441195,-0.07308457161558804
130770.00500000003,0.2355308682,0.16237869153059703,-0.07315217666940296
130840.00500000003,0.2356783897,0.16246017904089408,-0.07321821065910591
130910.00500000003,0.2358266264,0.16254217124393092,-0.07328445515606907
130990.00500000003,0.2359941453,0.1626365473336877,-0.0733575979663123
131060.00500000003,0.2361342162,0.16271968931949787,-0.07341452688050212
131140.00500000003,0.2363224775,0.1628154061756041,-0.07350707132439588
131210.00500000003,0.2364892513,0.1628997704889691,-0.07358948081103092
131290.00500000003,0.2366752774,0.1629968939827299,-0.0736783834172701
131360.00500000003,0.2368664891,0.16308253310355436,-0.07378395599644563
131430.00500000003,0.2370118052,0.16316873473535923,-0.07384307046464078
131510.00500000003,0.2372593433,0.16326805475746625,-0.07399128854253376
131580.00500000003,0.2374394685,0.1633556121957251,-0.07408385630427491
131660.00500000003,0.2376529127,0.16345644418957,-0.07419646851042999
131730.00500000003,0.2378500849,0.16354537863154214,-0.07430470626845787
131810.00500000003,0.2381087393,0.1636478360400787,-0.0744609032599213
131880.00500000003,0.2383474261,0.16373820909350495,-0.07460921700649506
131950.00500000003,0.2385579199,0.16382925153895503,-0.07472866836104497
132030.00500000003,0.2388284653,0.16393414509727544,-0.07489432020272455
132100.00500000003,0.2390500754,0.16402666591696305,-0.07502340948303696
132180.00500000003,0.2393509895,0.16413328863807292,-0.07521770086192708
132250.00500000003,0.2396267205,0.16422735935222516,-0.07539936114777485
132330.00500000003,0.2399113327,0.16433574220308586,-0.07557559049691415
132400.00500000003,0.2401759475,0.16443135647274737,-0.07574459102725262
132470.00500000003,0.2404746264,0.16452773571709373,-0.07594689068290628
132550.00500000003,0.2407933623,0.16463880594067018,-0.07615455635932983
132620.00500000003,0.2411254197,0.164736817259687,-0.07638860244031301
132700.00500000003,0.2414626628,0.16484975059772883,-0.07661291220227118
132770.00500000003,0.2417932302,0.16494939933966474,-0.07684383086033525
132850.00500000003,0.2421919852,0.16506426526834309,-0.0771277199316569
132920.00500000003,0.2425247878,0.16516560786746612,-0.07735917993253388
132990.00500000003,0.2429094762,0.16526775282942277,-0.07764172337057723
133070.00500000003,0.2433504611,0.16538548850431464,-0.07796497259568536
133140.00500000003,0.243724063,0.1654893693560849,-0.07823469364391508
133220.00500000003,0.2441850752,0.16560908011560493,-0.07857599508439506
133290.00500000003,0.2446193844,0.16571472761623254,-0.07890465678376746
133370.00500000003,0.2450937778,0.16583645832023286,-0.07925731947976714
133440.00500000003,0.2455725819,0.16594389915467744,-0.07962868274532256
133510.00500000003,0.2459950596,0.16605213258911708,-0.07994292701088293
133590.00500000003,0.2465665191,0.1661768947161477,-0.0803896243838523
133660.00500000003,0.247070536,0.16628697581270305,-0.08078356018729696
133740.00500000003,0.2476419955,0.16641381210138131,-0.08122818339861868
133810.00500000003,0.2481667548,0.16652570792562374,-0.08164104687437626
133890.00500000003,0.2487923056,0.16665463983899642,-0.08213766576100359
133960.00500000003,0.2493593544,0.1667683818212781,-0.08259097257872192
134040.00500000003,0.2500197291,0.16689942558272763,-0.08312030351727234
134110.00500000003,0.2506356835,0.1670150353594602,-0.0836206481405398
134180.00500000003,0.2512597442,0.16713150789326198,-0.08412823630673805
134260.00500000003,0.2519705594,0.1672656707570029,-0.0847048886429971
134330.00500000003,0.2526368797,0.16738401122079688,-0.0852528684792031
134410.00500000003,0.2533973455,0.16752031286495112,-0.08587703263504887
134480.00500000003,0.2541029751,0.16764052308449096,-0.08646245201550906
134560.00500000003,0.2549116015,0.16777897482969845,-0.08713262667030153
134630.00500000003,0.2556365132,0.1679010461719139,-0.08773546702808613
134700.00500000003,0.2564014196,0.16802399584167851,-0.0883774237583215
134780.00500000003,0.25729087,0.16816557859374195,-0.08912529140625805
134850.00500000003,0.2580483556,0.16829039393429485,-0.08975796166570515
134930.00500000003,0.2589986026,0.1684341202861624,-0.09056448231383762
135000.00500000003,0.2598287165,0.16856079863067078,-0.09126791786932922
135080.00500000003,0.2608233988,0.16870663948001832,-0.09211675931998167
135150.00500000003,0.2616831958,0.16883515233969112,-0.09284804346030887
135220.00500000003,0.2626126409,0.1689645655582864,-0.09364807534171363
135300.00500000003,0.2636814415,0.1691134856949872,-0.09456795580501282
135370.00500000003,0.2646487057,0.1692447129217302,-0.09540399277826977
135450.00500000003,0.2657434642,0.16939570590954736,-0.09634775829045264
135520.00500000003,0.2667789161,0.16952875839859516,-0.09725015770140483
135600.00500000003,0.2679351866,0.16968182196193804,-0.09825336463806195
135670.00500000003,0.2690024972,0.16981665508332305,-0.09918584211667697
135740.00500000003,0.2700742781,0.16995231340309327,-0.10012196469690673
135820.00500000003,0.2712905705,0.17010832600892203,-0.10118224449107796
135890.00500000003,0.2724142373,0.17024573502563564,-0.10216850227436433
135970.00500000003,0.2737128139,0.17040375281520465,-0.10330906108479537
136040.00500000003,0.2748965025,0.17054287839794996,-0.10435362410205001
136120.00500000003,0.2762862444,0.1707028750644206,-0.10558336933557938
136190.00500000003,0.2775010467,0.17084369386497153,-0.10665735283502845
136260.00500000003,0.2787514627,0.1709853082775661,-0.1077661544224339
136340.00500000003,0.2802019715,0.17114807463554196,-0.10905389686445802
136410.00500000003,0.2814597785,0.17129129132206727,-0.1101684871779327
136490.00500000003,0.2829607129,0.17145591689200884,-0.11150479600799118
136560.00500000003,0.2842793167,0.17160073547861385,-0.11267858122138616
136640.00500000003,0.2858335972,0.17176714383464065,-0.11406645336535937
136710.00500000003,0.2872166634,0.1719135330142098,-0.11530313038579021
136780.00500000003,0.2885715961,0.17206060083756977,-0.11651099526243022
136860.00500000003,0.2901977599,0.17222955303920962,-0.1179682068607904
136930.00500000003,0.2916349471,0.17237812737893396,-0.11925681972106603
137010.00500000003,0.2932752073,0.17254873187318667,-0.12072647542681333
137080.00500000003,0.294733882,0.17269872624617275,-0.12203515575382726
137160.00500000003,0.2964297533,0.1728709421613431,-0.12355881113865688
137230.00500000003,0.2979440093,0.17302231180259217,-0.12492169749740781
137300.00500000003,0.2994745672,0.17317431320811108,-0.1263002539918889
137380.00500000003,0.3012304902,0.1733487709667715,-0.12788171923322847
137450.00500000003,0.3027654886,0.17350204027089788,-0.12926344832910214
137530.00500000003,0.3045495749,0.1736779289662911,-0.1308716459337089
137600.00500000003,0.3061305583,0.1738324235747704,-0.1322981347252296
137680.00500000003,0.3079509139,0.17400966883097815,-0.13394124506902186
137750.00500000003,0.3095504344,0.17416534355201657,-0.13538509084798345
137820.00500000003,0.3111692071,0.17432151683366195,-0.13684769026633806
137900.00500000003,0.3130185008,0.17450060127261086,-0.13851789952738913
137970.00500000003,0.3146573007,0.17465784352339198,-0.139999457176608
138050.00500000003,0.3165992498,0.17483814582116758,-0.1417611039788324
138120.00500000003,0.3182595372,0.17499639405257494,-0.14326314314742505
138200.00500000003,0.3201577365,0.175177758997684,-0.144979977502316
138270.00500000003,0.3218506575,0.17533691789176012,-0.1465137396082399
138340.00500000003,0.3235501945,0.17549649247898325,-0.14805370202101675
138420.00500000003,0.3255010545,0.17567931795593994,-0.14982173654406006
138490.00500000003,0.3272413909,0.1758397153693295,-0.1514016755306705
138570.00500000003,0.3292604089,0.17602345559837448,-0.15323695330162554
138640.00500000003,0.3309970498,0.17618454616356255,-0.15481250363643745
138720.00500000003,0.3330219984,0.1763690612503813,-0.15665293714961873
138790.00500000003,0.3348016441,0.17653083634177463,-0.15827080775822538
138870.00500000003,0.3368769884,0.17671610036994706,-0.16016088803005296
138940.00500000003,0.3386692107,0.17687844041154102,-0.16179077028845898
139010.00500000003,0.3405170441,0.1770410639581778,-0.16347598014182219
139090.00500000003,0.3425923884,0.17722717133461008,-0.16536521706538992
139160.00500000003,0.3444802463,0.17739027136609378,-0.16708997493390623
139240.00500000003,0.3465881944,0.17757687797854216,-0.16901131642145784
139310.00500000003,0.3484790027,0.1777403480966717,-0.1707386546033283
139390.00500000003,0.3506381214,0.17792735131858484,-0.17271077008141517
139460.00500000003,0.3525504172,0.17809114111197297,-0.17445927608802705
139530.00500000003,0.354454577,0.17825502600558427,-0.17619955099441573
139610.00500000003,0.3567078412,0.17844248300443957,-0.1782653581955604
139680.00500000003,0.3586268127,0.17860656356069812,-0.1800202491393019
139760.00500000003,0.3608978391,0.1787941781198449,-0.1821036609801551
139830.00500000003,0.3628902137,0.17895838852350246,-0.18393182517649756
139910.00500000003,0.3651560545,0.1791460716503562,-0.1860099828496438
139980.00500000003,0.3671743274,0.17931031134538997,-0.18786401605461003
140050.00500000003,0.3691993058,0.17947454875804414,-0.18972475704195585
140130.00500000003,0.3715451956,0.17966220249326048,-0.1918829931067395
140200.00500000003,0.3735857606,0.17982635775527164,-0.19375940284472834
140280.00500000003,0.3759672344,0.18001387640727415,-0.19595335799272587
140350.00500000003,0.3780692816,0.18017787886197748,-0.1978914027380225
140430.00500000003,0.3804596663,0.18036516319600898,-0.20009450310399102
140500.00500000003,0.3825832009,0.18052893731686287,-0.2020542635831371
140570.00500000003,0.3847185969,0.18069256228919445,-0.20402603461080554
140650.00500000003,0.3871653378,0.18087939463602595,-0.20628594316397406
140720.00500000003,0.3893511593,0.1810426996655125,-0.20830845963448752
140800.00500000003,0.3917986155,0.18122907827590234,-0.21056953722409766
140870.00500000003,0.3939851522,0.18139194939924755,-0.21259320280075247
140950.00500000003,0.3965393305,0.18157784150825962,-0.2149614889917404
141020.00500000003,0.3987414539,0.1817402273472095,-0.2170012265527905
141090.00500000003,0.4010021389,0.18190238379794926,-0.21909975510205076
141170.00500000003,0.4035919011,0.1820873632322051,-0.2215045378677949
141240.00500000003,0.4058570266,0.1822489566554656,-0.22360806994453442
141320.00500000003,0.4084630907,0.1824332581059312,-0.22602983259406878
141390.00500000003,0.4107170999,0.18259418324966595,-0.22812291665033405
141470.00500000003,0.4133743346,0.182777708653072,-0.230596625946928
141540.00500000003,0.4157402515,0.18293793580817222,-0.23280231569182777
141610.00500000003,0.4180750549,0.18309781971493197,-0.23497723518506805
141690.00500000003,0.4207389355,0.18328010791689794,-0.23745882758310208
141760.00500000003,0.4229180813,0.18343917961300224,-0.23947890168699779
141840.00500000003,0.4256220162,0.18362052964138276,-0.24200148655861725
141910.00500000003,0.4280087054,0.18377876708812105,-0.24422993831187897
141990.00500000003,0.4307555854,0.18395910982274186,-0.24679647557725812
142060.00500000003,0.4332334697,0.18411649373976893,-0.24911697596023105
142130.00500000003,0.4356794655,0.18427340657742605,-0.25140605892257395
142210.00500000003,0.438475281,0.18445219239139835,-0.2540230886086017
142280.00500000003,0.4409968555,0.1846081484603559,-0.2563887070396441
142360.00500000003,0.4439350069,0.18478583581822403,-0.25914917108177593
142430.00500000003,0.4464224875,0.18494076922290595,-0.2614817182770941
142510.00500000003,0.449388057,0.18511728278240222,-0.2642707742175978
142580.00500000003,0.4518978298,0.18527118959537386,-0.2666266402046261
142650.00500000003,0.454488337,0.18542461333653426,-0.26906372366346576
142730.00500000003,0.4574998617,0.18559930681871004,-0.27190055488128995
142800.00500000003,0.4601363242,0.18575160329033322,-0.2743847209096668
142880.00500000003,0.4632338285,0.18592503158972676,-0.2773087969102732
142950.00500000003,0.4659363031,0.18607620789180718,-0.2798600952081928
143030.00500000003,0.4691182971,0.18624833950442127,-0.28286995759557876
143100.00500000003,0.4719163477,0.1863983638813731,-0.2855179838186269
143170.00500000003,0.4746832848,0.18654782093089625,-0.2881354638691037
143250.00500000003,0.4779853821,0.18671799279632512,-0.2912673893036749
143320.00500000003,0.4808464646,0.1868662670859286,-0.29398019751407145
143400.00500000003,0.4842004478,0.18703505406836013,-0.29716539373163986
143470.00500000003,0.4871712029,0.18718212872708181,-0.2999890741729182
143550.00500000003,0.4904043376,0.1873494973568121,-0.3030548402431879
143620.00500000003,0.4933610857,0.18749535619664864,-0.30586572950335134
143700.00500000003,0.4968180954,0.18766132996957993,-0.30915676543042003
143770.00500000003,0.4999415576,0.18780596542986416,-0.3121355921701358
143840.00500000003,0.5030798912,0.1879500155236615,-0.31512987567633843
143920.00500000003,0.5066732168,0.18811390089623392,-0.31855931590376607
143990.00500000003,0.5098827481,0.18825668437792928,-0.3216260637220707
144070.00500000003,0.5136413574,0.18841917812200987,-0.3252221792779902
144140.00500000003,0.51694417,0.1885607228275611,-0.32838344717243895
144220.00500000003,0.5207569599,0.18872177645549515,-0.3320351834445049
144290.00500000003,0.5241584778,0.18886209802343565,-0.33529637977656435
144360.00500000003,0.5275502801,0.18900180222175386,-0.33854847787824616
144440.00500000003,0.5315809846,0.1891607938599103,-0.3424201907400897
144510.00500000003,0.5351336002,0.18929927978092306,-0.3458343204190769
144590.00500000003,0.5392406583,0.18945684231489193,-0.3497838159851081
144660.00500000003,0.5429496765,0.18959411459891942,-0.35335556190108064
144740.00500000003,0.5471923947,0.18975026891809438,-0.35744212578190565
144810.00500000003,0.5510563254,0.18988634822567446,-0.3611699771743256
144880.00500000003,0.5549017787,0.19002181189057932,-0.3648799668094207
144960.00500000003,0.5594439507,0.19017598540972838,-0.3692679652902716
145030.00500000003,0.5634509325,0.19031028363766067,-0.37314064886233933
145110.00500000003,0.5681762099,0.1904631185319133,-0.3777130913680866
145180.00500000003,0.5723388791,0.1905962546635573,-0.3817426244364427
145260.00500000003,0.5772004724,0.1907477490231733,-0.3864527233768268
145330.00500000003,0.5815551877,0.19087974777587827,-0.3906754399241218
145400.00500000003,0.5860238671,0.19101123148137025,-0.39501263561862976
145480.00500000003,0.5911886692,0.1911608818688945,-0.40002778733110556
145550.00500000003,0.5957865119,0.1912912658305847,-0.4044952460694153
145630.00500000003,0.6011298895,0.1914396391927889,-0.4096902503072111
145700.00500000003,0.6059418917,0.19156895621158399,-0.414372935488416
145780.00500000003,0.6115766168,0.19171617712774403,-0.41986043967225595
145850.00500000003,0.6165628433,0.19184445905125475,-0.42471838424874525
145920.00500000003,0.6216816902,0.19197227016587262,-0.4297094200341274
146000.00500000003,0.6277188659,0.19211781380497905,-0.435601052095021
146070.00500000003,0.6330727339,0.1922446515434386,-0.44082808235656135
146150.00500000003,0.6393975019,0.19238910906566295,-0.447008392834337
146220.00500000003,0.6449708343,0.19251503343522436,-0.45245580086477566
146300.00500000003,0.6515572667,0.19265842811328096,-0.4588988385867191
146370.00500000003,0.6574937105,0.19278347023404985,-0.4647102402659502
146440.00500000003,0.6635754704,0.19290812990267156,-0.4706673404973284
146520.00500000003,0.6706985831,0.19305010366091346,-0.4776484794390865
146590.00500000003,0.6771168113,0.19317393422949175,-0.48394287707050826
146670.00500000003,0.6846609712,0.19331502291753266,-0.49134594828246736
146740.00500000003,0.691496551,0.1934381103696861,-0.49805844063031385
146820.00500000003,0.69956249,0.19357835775336846,-0.5059841322466316
146890.00500000003,0.7069073319,0.19370073762596313,-0.5132065942740369
146960.00500000003,0.7145137787,0.19382279353102302,-0.5206909851689769
147040.00500000003,0.7235093117,0.19396191283808228,-0.5295473988619177
147110.00500000003,0.7318310142,0.1940833758598684,-0.5377476383401316
147190.00500000003,0.7417516112,0.19422181568361724,-0.5475297955163827
147260.00500000003,0.7509969473,0.1943427140146459,-0.5566542332853541
147340.00500000003,0.7621079683,0.19448056570980765,-0.5676274025901924
147410.00500000003,0.7723627687,0.19460093520377092,-0.5777618334962291
147480.00500000003,0.7831054926,0.1947211066104549,-0.588384385989545
147560.00500000003,0.7960139513,0.19485818967263238,-0.6011557616273676
147630.00500000003,0.8078306317,0.19497797075283324,-0.6128526609471667
147710.00500000003,0.8217791319,0.19511461894376908,-0.6266645129562309
147780.00500000003,0.8345024586,0.1952340422169859,-0.6392684163830141
147860.00500000003,0.8496102095,0.19537035073617465,-0.6542398587638254
147930.00500000003,0.8634171486,0.19548951978887621,-0.6679276288111238
148000.00500000003,0.8777526617,0.1956085574053524,-0.6821441042946476
148080.00500000003,0.8948885202,0.19574452381146104,-0.699143996388539
148150.00500000003,0.9104456306,0.1958634106148063,-0.7145822199851938
148230.00500000003,0.9288868904,0.19599920710262014,-0.7328876832973799
148300.00500000003,0.9455062151,0.1961180186874271,-0.7493881964125729
148380.00500000003,0.9648837447,0.1962537420683923,-0.7686300026316077
148450.00500000003,0.9821279645,0.1963725256729299,-0.78575543882707
148521.31000000003,1.0000014305,0.19649353837541608,-0.803507892124584
