time_s,voltage_exp_V,voltage_sim_V,residual_V
0.0,0.1100081354,0.11565904325884088,0.005650907858840884
70.0,0.1110087186,0.11666852473022175,0.005659806130221753
140.0,0.1116424352,0.11694814657529559,0.005305711375295591
220.0,0.1121872067,0.11721723234759483,0.005030025647594832
290.0,0.1125911474,0.11729678403614392,0.004705636636143928
370.0,0.1129839867,0.1174061114749631,0.004422124774963107
440.0,0.1132937968,0.11741682811708212,0.004123031317082124
510.0,0.1135895252,0.11735900131307223,0.003769476113072226
590.0,0.1138600558,0.11730495855459604,0.003444902754596038
660.0,0.1140950322,0.11726553309420354,0.0031705008942035373
740.0,0.1143173873,0.11722727582485874,0.002909888524858739
810.0,0.1145100892,0.11719856193623285,0.0026884727362328498
890.0,0.1146813035,0.11710233458073203,0.002421031080732036
960.0,0.1148287952,0.11701113256284706,0.0021823373628470644
1030.0,0.1149399728,0.11692386907932427,0.001983896279324271
1110.0,0.1150837541,0.11682829332878089,0.0017445392287808864
1180.0,0.1151356399,0.11674777162384159,0.0016121317238415867
1260.0,0.1152364463,0.11665226066133406,0.0014158143613340612
1330.0,0.1152727753,0.11656420655172714,0.0012914312517271348
1410.0,0.1153468937,0.11646628829971209,0.0011193945997120952
1480.0,0.115393579,0.11638272450635481,0.000989145506354816
1550.0,0.1153735667,0.11630084386612374,0.0009272771661237439
1630.0,0.1154165566,0.11620933617915527,0.0007927795791552728
1700.0,0.1154069304,0.1161307433857438,0.0007238129857438103
1780.0,0.1153965443,0.11604253649498569,0.0006459921949856923
1850.0,0.1153794974,0.1159666903856858,0.0005871929856857971
1920.0,0.1153239161,0.11589303025791212,0.0005691141579121095
2000.0,0.1153090894,0.1158196887925203,0.0005105993925203084
2070.0,0.1152890772,0.11575643782842153,0.00046736062842152315
2150.0,0.1152119786,0.11568505948764946,0.00047308088764945466
2220.0,0.115163058,0.11562345449034117,0.00046039649034117225
2300.0,0.1150985807,0.11555387421963953,0.00045529351963953524
2370.0,0.1150644869,0.11549371722655988,0.00042923032655987903
2440.0,0.1150103807,0.1154341361804028,0.00042375548040279876
2520.0,0.1149755418,0.11536676783071695,0.0003912260307169513
2590.0,0.114906624,0.11530831124492633,0.000401687244926327
2670.0,0.1148577034,0.11524366092027655,0.0003859575202765503
2740.0,0.1147813648,0.11519235842310083,0.0004109936231008332
2820.0,0.1147576421,0.11513432290600031,0.0003766808060003124
2890.0,0.1146798134,0.11508385301567416,0.00040403961567415936
2960.0,0.1146301627,0.11503379721699611,0.0004036345169961125
3040.0,0.1145901382,0.11497704534576149,0.000386907145761492
3110.0,0.114544183,0.11492768648640928,0.0003835034864092812
3190.0,0.1144826561,0.11487166943048699,0.0003890133304869925
3260.0,0.1144337505,0.11482295150051358,0.000389201000513581
3330.0,0.1143877953,0.11477449784610802,0.00038670254610802257
3410.0,0.1143196076,0.11471945458259367,0.00039984698259366847
3480.0,0.1142536402,0.11472856260201081,0.00047492240201080227
3560.0,0.1142047197,0.11468472444582478,0.00048000474582478303
3630.0,0.1141357869,0.11464654964928626,0.0005107627492862699
3710.0,0.1141076237,0.114603212507019,0.0004955888070190123
3780.0,0.1140727848,0.11456547573051036,0.0004926909305103672
3850.0,0.1140127629,0.11452790069645666,0.0005151377964566634
3930.0,0.1139801443,0.11448517528932742,0.0005050309893274152
4000.0,0.1139490157,0.11444799352815177,0.0004989778281517671
4080.0,0.1138711721,0.11440560652607867,0.0005344344260786726
4150.0,0.1138222516,0.11436870718699835,0.000546455586998354
4230.0,0.1137881577,0.11432755463232494,0.000539396932324937
4300.0,0.1137340516,0.11429638169219053,0.0005623300921905328
4370.0,0.1137029231,0.11426536489094147,0.000562441790941462
4450.0,0.1136740297,0.11423007494004575,0.0005560452400457522
4520.0,0.1136213988,0.11419927947248151,0.0005778806724815178
4600.0,0.1135798991,0.1141642526049863,0.0005843535049862986
4670.0,0.1135687828,0.114133754490361,0.0005649716903610019
4750.0,0.1135035455,0.11409893903291306,0.0005953935329130605
4820.0,0.1135065109,0.114068675532286,0.0005621646322860052
4890.0,0.1134709418,0.11403845057652601,0.0005675087765260045
4970.0,0.1133946031,0.11400396111766983,0.0006093580176698282
5040.0,0.1133605093,0.1139753599910796,0.0006148506910796103
5120.0,0.1133278906,0.1139453936331169,0.0006175030331169035
5190.0,0.1133145541,0.11391928411298771,0.0006047300129877059
5260.0,0.113322705,0.11389324876946647,0.0005705437694664695
5340.0,0.1132723093,0.11386355741458715,0.0005912481145871479
5410.0,0.1132285744,0.1138376439076196,0.0006090695076196029
5490.0,0.1132293195,0.1138081541032341,0.0005788346032341019
5560.0,0.1131500155,0.11378238826140652,0.0006323727614065133
5640.0,0.1131692827,0.11375307197782408,0.0005837892778240844
5710.0,0.113101095,0.11372746977965406,0.0006263747796540625
5780.0,0.1130803376,0.113701938624817,0.000621601024817009
5860.0,0.1130543947,0.11368231039782573,0.0006279156978257205
5930.0,0.1130284518,0.11367023978215426,0.0006417879821542655
6010.0,0.1129921377,0.1136565365480805,0.0006643988480805052
6080.0,0.1129654646,0.11364458825147752,0.0006791236514775284
6160.0,0.1129254401,0.11363102269023559,0.0007055825902355928
6230.0,0.1129017174,0.11361920631098668,0.0007174889109866772
6300.0,0.1128750294,0.11360742871143326,0.0007323993114332628
6380.0,0.1128772497,0.11359406344355863,0.000716813743558628
6450.0,0.1128424257,0.11358238969759224,0.0007399639975922412
6530.0,0.1128439009,0.1135691516405482,0.0007252507405482028
6600.000999999989,0.1128016561,0.11355748174591726,0.0007558256459172658
6670.000999999989,0.1128031462,0.1135397738986767,0.0007366276986767034
6750.000999999989,0.1127801687,0.11351957990028598,0.0007394112002859776
6820.000999999989,0.1127312481,0.11350193183783065,0.0007706837378306519
6900.000999999989,0.1127186418,0.11348184918058069,0.0007632073805806799
6970.000999999989,0.1126897335,0.11346430504113991,0.0007745715411399123
7050.000999999989,0.1127060503,0.11344435933230085,0.000738309032300849
7120.000999999989,0.1126549095,0.11342686276309623,0.0007719532630962311
7190.000999999989,0.112667501,0.1134094985922012,0.000741997592201199
7270.000999999989,0.1126356274,0.11338963927290566,0.0007540118729056633
7340.000999999989,0.1125941128,0.11337228205512681,0.0007781692551268038
7420.000999999989,0.1126163602,0.1133523922712362,0.0007360320712361951
7490.000999999989,0.1125659496,0.11333451655327759,0.0007685669532775802
7570.000999999989,0.1125489026,0.11331417715819339,0.0007652745581933906
7640.000999999989,0.1125703901,0.11329644382141574,0.000726053721415737
7710.000999999989,0.1125185192,0.1132786873658777,0.000760168165877706
7790.000999999989,0.1125237048,0.11325847385001318,0.0007347690500131843
7860.000999999989,0.1125022024,0.11324080845627593,0.0007386060562759311
7940.000999999989,0.1124992371,0.11322066003396086,0.0007214229339608663
8010.000999999989,0.1125140637,0.11320306687812151,0.0006890031781215111
8090.000999999989,0.1124666333,0.1131829747687612,0.0007163414687612057
8160.000999999989,0.1124821901,0.11316546241994753,0.0006832723199475255
8230.00099999999,0.1124703288,0.11315061983021399,0.0006802910302139836
8310.00099999999,0.1124532819,0.1131373934774256,0.0006841115774256085
8380.00099999999,0.1124103069,0.11312581366458566,0.0007155067645856494
8460.00099999999,0.1123977005,0.11311265340908247,0.0007149529090824669
8530.00099999999,0.1124140024,0.11310118940541179,0.0006871870054117879
8600.00099999999,0.1124221534,0.11308972865645596,0.0006675752564559573
8680.00099999999,0.1124065965,0.11307666776986311,0.0006700712698631123
8750.00099999999,0.1123636067,0.11306523108798987,0.0007016243879898743
8830.00099999999,0.1123406291,0.11305221928352674,0.0007115901835267335
8900.00099999999,0.1123717576,0.11304089894161022,0.0006691413416102243
8980.00099999999,0.1123228371,0.11302792030314246,0.0007050832031424564
9050.00099999999,0.1123102456,0.11301636754743025,0.0007061219474302494
9120.00099999999,0.1123339534,0.11300479632351193,0.0006708429235119245
9200.00099999999,0.1122657657,0.11299151351553324,0.000725747815533237
9270.00099999999,0.112268731,0.11297996523333431,0.0007112342333343152
9350.00099999999,0.1122739166,0.11296679933980182,0.0006928827398018228
9420.00099999999,0.1122657657,0.11295527851075443,0.0006895128107544252
9500.00099999999,0.1122650355,0.11294216333548301,0.0006771278354830157
9570.00099999999,0.1122309417,0.1129306740810953,0.0006997323810953027
9640.00099999999,0.1121872067,0.11291922042711851,0.0007320137271185079
9720.00099999999,0.1121864617,0.1129061595757171,0.0007196978757171013
9790.00099999999,0.1121612638,0.11289474395050085,0.0007334801505008565
9870.00099999999,0.1121568233,0.1128887099933504,0.0007318866933504059
9940.00099999999,0.1121560782,0.11288419955964121,0.0007281213596412178
10010.00099999999,0.1121575534,0.1128797052364059,0.0007221518364059071
10090.00099999999,0.1121108681,0.11287455176595546,0.0007636836659554586
10160.00099999999,0.1121434718,0.11287011704648806,0.0007266452464880502
10240.00099999999,0.112136066,0.11286503393002788,0.0007289679300278712
10310.00099999999,0.1120856702,0.11286055757864781,0.0007748873786478094
10390.00099999999,0.1120893657,0.11285552778881044,0.0007661620888104459
10460.00099999999,0.1120960414,0.11285115631189035,0.0007551149118903561
10530.00099999999,0.1120626926,0.11284675375167467,0.0007840611516746754
10610.00099999999,0.1120441556,0.11283980572201766,0.0007956501220176548
10680.00099999999,0.1120678782,0.11283214082419077,0.0007642626241907702
10760.00099999999,0.1120560169,0.11282337489753393,0.0007673579975339268
10830.00099999999,0.1120404452,0.11281571910832291,0.0007752739083229099
10910.00099999999,0.1120159924,0.11280699157425497,0.0007909991742549721
10980.00099999999,0.1120130271,0.1127993767638199,0.0007863496638199075
11050.00099999999,0.1120115519,0.1127917827121215,0.0007802308121214879
11130.00099999999,0.1120226681,0.112783114336443,0.000760446236443002
11200.00099999999,0.1120189577,0.1127755531643628,0.000756595464362797
11280.00099999999,0.1120048761,0.11276690776171544,0.0007620316617154427
11350.00099999999,0.1119930148,0.11275936117286417,0.0007663463728641712
11430.00099999999,0.1119878292,0.11274957568653617,0.0007617464865361662
11500.00099999999,0.111977458,0.11274070622914252,0.0007632482291425186
11570.00099999999,0.111977458,0.11273185005891312,0.000754392058913117
11650.00099999999,0.1119485497,0.11272172872893707,0.0007731790289370738
11720.00099999999,0.111941874,0.11271288559057457,0.0007710115905745774
11800.00099999999,0.11195077,0.11270283383898934,0.0007520638389893336
11870.00099999999,0.1119292825,0.11269401166007169,0.0007647291600716838
11940.00099999999,0.1119351983,0.11268522992129676,0.0007500316212967623
12020.00099999999,0.1119366884,0.11267519725639119,0.0007385088563911929
12090.00099999999,0.1119114906,0.11266642599229962,0.0007549353922996216
12170.00099999999,0.1119092703,0.11265648491747879,0.0007472146174787864
12240.00099999999,0.1119085252,0.11265286857636211,0.0007443433763621166
12320.00099999999,0.111879617,0.11264873198604261,0.00076911498604261
12390.00099999999,0.1118951887,0.11264516418929493,0.0007499754892949378
12460.00099999999,0.1118685007,0.1126415546422452,0.0007730539422452082
12540.00099999999,0.1118944436,0.11263749043113104,0.0007430468311310362
12610.00099999999,0.1118677557,0.11263393232884185,0.000766176628841847
12690.00099999999,0.111889258,0.11262989287101857,0.0007406348710185667
12760.00099999999,0.1118514538,0.11262633069745948,0.0007748768974594755
12840.00099999999,0.1118907332,0.11262233898172043,0.0007316057817204347
12910.00099999999,0.1118536741,0.11261880147291697,0.0007651273729169794
12980.00099999999,0.1118314415,0.11261570964374729,0.0007842681437472826
13060.00099999999,0.1118240356,0.11261482000543273,0.0007907844054327318
13130.00099999999,0.1118558943,0.11261410724663247,0.000758212946632475
13210.00099999999,0.1118151397,0.11261321513128567,0.0007980754312856692
13280.00099999999,0.1118166149,0.11261249036959887,0.0007958754695988751
13350.00099999999,0.1118403375,0.11261179299135575,0.000771455491355752
13430.00099999999,0.1118284762,0.11261096895210268,0.0007824927521026814
13500.00099999999,0.1118255109,0.11261026090520707,0.0007847500052070716
13580.00099999999,0.1117832661,0.11260943872834725,0.0008261726283472492
13650.00099999999,0.1118306965,0.11260878542733474,0.0007780889273347469
13730.00099999999,0.1118240356,0.11260802264122079,0.0007839870412207905
13800.00099999999,0.1117840111,0.11260631976034838,0.0008223086603483809
13870.00099999999,0.1118084639,0.1126033468342615,0.0007948829342614983
13950.00099999999,0.1117662191,0.11259991766507084,0.0008336985650708451
14020.00099999999,0.1117751151,0.11259694845896283,0.0008218333589628257
14100.00099999999,0.1117899418,0.11259358048209497,0.0008036386820949731
14170.00099999999,0.1117610335,0.11259061814425927,0.0008295846442592791
14250.00099999999,0.1117669642,0.11258724061501005,0.0008202764150100489
14320.00099999999,0.1117521375,0.11258430777990025,0.0008321702799002489
14390.00099999999,0.1117810458,0.1125814131962889,0.0008003673962888869
14470.00099999999,0.111755833,0.11257805758166226,0.0008222245816622564
14540.00099999999,0.1117810458,0.11257516133236325,0.0007941155323632487
14620.00099999999,0.1117365658,0.11256949751709672,0.0008329317170967104
14690.00099999999,0.1117758453,0.11256339898456169,0.0007875536845616954
14770.00099999999,0.1117543578,0.11255637390932201,0.0008020161093220124
14840.00099999999,0.1117261946,0.11255024388021106,0.0008240492802110699
14910.00099999999,0.1117254496,0.11254413279515973,0.0008186831951597362
14990.00099999999,0.1117180437,0.11253716721831103,0.000819123518311024
15060.00099999999,0.1117899418,0.11253110832391289,0.0007411665239128867
15140.00099999999,0.1117899418,0.11252414491159432,0.0007342031115943198
15210.00099999999,0.1117699295,0.11251805911362439,0.0007481296136243876
15280.00099999999,0.1117462069,0.11251196445976357,0.0007657575597635607
15360.00099999999,0.1117587984,0.11250505727425694,0.0007462588742569443
15430.00099999999,0.1117625087,0.11250486861011799,0.0007423599101179928
15510.00099999999,0.1117239743,0.11250577890416817,0.0007818046041681709
15580.00099999999,0.1117491722,0.11250662649816623,0.0007574542981662324
15660.00099999999,0.1117284149,0.11250755189618902,0.0007791369961890199
15730.00099999999,0.1117091477,0.11250838782913082,0.0007992401291308238
15800.00099999999,0.1117187887,0.11250923427157133,0.0007904455715713327
15880.00099999999,0.1117180437,0.11251020946370924,0.0007921657637092322
15950.00099999999,0.1117380559,0.11251107923909257,0.0007730233390925711
16030.00099999999,0.1117150784,0.11251205555281844,0.0007969771528184427
16100.00099999999,0.1117150784,0.11251267456871224,0.0007975961687122363
16180.00099999999,0.1117469519,0.1125115668271823,0.0007646149271823
16250.00099999999,0.1117187887,0.11251056920634318,0.0007917805063431815
16320.00099999999,0.1117469519,0.11250959775385444,0.0007626458538544378
16400.00099999999,0.111729905,0.11250847370036832,0.0007785687003683123
16470.00099999999,0.1117476821,0.11250752257602845,0.0007598404760284505
16550.00099999999,0.1117261946,0.11250640966665877,0.0007802150666587765
16620.00099999999,0.1117046922,0.1125054312793447,0.0008007390793447061
16690.00099999999,0.1117054373,0.11250448969335478,0.0007990523933547738
16770.00099999999,0.111729905,0.11250344697268999,0.0007735419726899867
16840.00099999999,0.1117350906,0.11250250693766281,0.0007674163376628074
16920.00099999999,0.1117284149,0.11250352600152644,0.000775111101526435
16990.00099999999,0.111702472,0.11250756580094032,0.0008050938009403208
17070.002000000008,0.1117269397,0.11251224461485192,0.000785304914851917
17140.002000000008,0.1117165536,0.1125163150390168,0.0007997614390167912
17210.002000000008,0.1117269397,0.1125204070479774,0.0007934673479774029
17290.002000000008,0.1116995066,0.11252505813518138,0.0008255515351813791
17360.002000000008,0.1117432415,0.11252918883133092,0.0007859473313309162
17440.002000000008,0.1117387861,0.11253387381834076,0.0007950877183407618
17510.002000000008,0.1116913557,0.11253795039062955,0.0008465946906295596
17590.002000000008,0.1117002517,0.11254264673881892,0.0008423950388189161
17660.002000000008,0.1116972864,0.11254677417776571,0.0008494877777657089
17730.002000000008,0.1116980314,0.11254776537931759,0.0008497339793175906
17810.002000000008,0.1117313802,0.1125460643261228,0.0008146841261228027
17880.002000000008,0.1116972864,0.11254452925842208,0.0008472428584220815
17960.002000000008,0.1117402762,0.11254284559538819,0.0008025693953881835
18030.002000000008,0.1117098927,0.11254132830657282,0.0008314356065728251
18110.002000000008,0.1117180437,0.11253963531755257,0.0008215916175525612
18180.002000000008,0.111720264,0.11253814791977124,0.0008178839197712368
18250.002000000008,0.1117269397,0.11253668644451846,0.0008097467445184608
18330.002000000008,0.1117076576,0.11253498062830249,0.0008273230283024902
18400.002000000008,0.1117387861,0.11253352917418341,0.00079474307418341
18480.002000000008,0.1117158234,0.11253184015066203,0.0008160167506620353
18550.002000000008,0.111729905,0.1125324526605744,0.0008025476605744014
18620.002000000008,0.1117336005,0.11253346492747801,0.0007998644274780087
18700.002000000008,0.1117106229,0.11253460367379658,0.0008239807737965843
18770.002000000008,0.1117454618,0.11253564124453119,0.0007901794445311916
18850.002000000008,0.1117476821,0.11253681588283818,0.0007891337828381806
18920.002000000008,0.1117573231,0.11253784189272652,0.0007805187927265173
19000.002000000008,0.111720264,0.11253899521666488,0.0008187312166648836
19070.002000000008,0.1117536128,0.11254005666123398,0.0007864438612339847
19140.002000000008,0.1117676944,0.11254110518853505,0.000773410788535045
19220.002000000008,0.1117565781,0.11254229873357037,0.0007857206335703665
19290.002000000008,0.1117373109,0.11254332793872582,0.0008060170387258203
19370.002000000008,0.1117684394,0.11254665964511407,0.0007782202451140641
19440.002000000008,0.1117350906,0.11254956661949439,0.0008144760194943867
19520.002000000008,0.1117343456,0.11255292753718701,0.0008185819371870073
19590.002000000008,0.1117684394,0.11255589925162504,0.0007874598516250386
19660.002000000008,0.1117343456,0.11255883137542325,0.0008244857754232393
19740.002000000008,0.1117336005,0.11256221047414114,0.0008286099741411368
19810.002000000008,0.1117417514,0.1125651859382041,0.0008234345382040903
19890.002000000008,0.1117587984,0.1125685752522102,0.0008097768522102033
19960.002000000008,0.1117350906,0.11257152579014099,0.0008364351901409828
20030.002000000008,0.1117543578,0.11257450613132594,0.0008201483313259456
20110.002000000008,0.1117617637,0.11257755279229784,0.0008157890922978334
20180.002000000008,0.1117610335,0.11257909845733459,0.0008180649573345938
20260.002000000008,0.1117676944,0.11258087925794384,0.0008131848579438355
20330.002000000008,0.1117639989,0.11258243802600953,0.0008184391260095403
20410.002000000008,0.1117610335,0.11258421572949728,0.0008231822294972879
20480.002000000008,0.1117928922,0.11258581342403126,0.0007929212240312677
20550.002000000008,0.1117906719,0.11258737881033112,0.0007967069103311242
20630.002000000008,0.1117617637,0.11258915916077603,0.0008273954607760231
20700.002000000008,0.1117788106,0.11259074892771377,0.000811938327713771
20780.002000000008,0.1117847413,0.11259257270387668,0.0008078314038766771
20850.002000000008,0.1118017882,0.1125941565854269,0.0007923683854269004
20930.002000000008,0.1117840111,0.1125987152584125,0.0008147041584125048
21000.002000000008,0.1117884517,0.11260546011928944,0.0008170084192894445
21070.002000000008,0.1117988229,0.11261221568288306,0.00081339278288306
21150.002000000008,0.1118314415,0.11261995230107413,0.0007885108010741299
21220.002000000008,0.1118173599,0.11262670375167708,0.0008093438516770801
21300.002000000008,0.1118306965,0.11263442388268488,0.0008037273826848879
21370.002000000008,0.1118203253,0.11264118871596732,0.0008208634159673212
21450.002000000008,0.1118195802,0.1126489150272543,0.0008293348272542939
21520.002000000008,0.1118299514,0.11265569193515015,0.0008257405351501518
21590.002000000008,0.1118277311,0.11266245666039781,0.0008347255603978199
21670.002000000008,0.1118418127,0.11266955428851247,0.0008277415885124678
21740.002000000008,0.1118521988,0.1126755329509241,0.0008233341509241016
21820.002000000008,0.1118388474,0.11268234083859946,0.000843493438599463
21890.002000000008,0.111871466,0.11268834970843931,0.0008168837084393116
21960.002000000008,0.1118403375,0.11269430390886653,0.0008539664088665355
22040.002000000008,0.111861825,0.1127011532832386,0.0008393282832385995
22110.002000000008,0.1118781418,0.11270715321988556,0.0008290114198855614
22190.002000000008,0.1118833274,0.1127139971993891,0.0008306697993891027
22260.002000000008,0.1118596047,0.11271998097713323,0.0008603762771332291
22340.002000000008,0.1118492335,0.1127268227258398,0.0008775892258397894
22410.002000000008,0.111888513,0.1127328537080609,0.0008443407080609006
22480.002000000008,0.111870721,0.11273959196219357,0.0008688709621935686
22560.002000000008,0.1118766516,0.11274733510574154,0.000870683505741543
22630.002000000008,0.1118981391,0.11275414073901188,0.0008560016390118802
22710.002000000008,0.1119025946,0.11276191049585138,0.0008593158958513786
22780.002000000008,0.111897409,0.11276869538240261,0.0008712863824026085
22860.002000000008,0.1119277924,0.11277647656028213,0.0008486841602821232
22930.002000000008,0.1119255722,0.11278327435583996,0.0008577021558399539
23000.002000000008,0.1119292825,0.11279007800958091,0.0008607955095809028
23080.002000000008,0.1119470596,0.11279788325322454,0.0008508236532245445
23150.002000000008,0.1119537354,0.11280468001517227,0.0008509446151722666
23230.002000000008,0.1119448394,0.11281360556319306,0.0008687661631930632
23300.002000000008,0.1119455844,0.11282540624219603,0.0008798218421960241
23370.002000000008,0.1119848639,0.11283723766241024,0.0008523737624102495
23450.002000000008,0.1119937599,0.1128507418612944,0.000856981961294398
23520.002000000008,0.1120070964,0.11286255570151346,0.000855459301513456
23600.002000000008,0.1119804233,0.11287603717749073,0.0008956138774907224
23670.002000000008,0.1120137721,0.11288788271584166,0.0008741106158416528
23750.002000000008,0.1120256335,0.11290139784461126,0.0008757643446112573
23820.002000000008,0.1120152473,0.1129132173240334,0.0008979700240333982
23890.002000000008,0.1119996905,0.11292502110957567,0.0009253306095756697
23970.002000000008,0.1120523065,0.11293857242896232,0.0008862659289623209
24040.002000000008,0.1120241433,0.11294943023015164,0.0009252869301516337
24120.002000000008,0.1120508313,0.1129600117044543,0.0009091804044542989
24190.002000000008,0.1120508313,0.11296925069211791,0.0009184193921179112
24270.002000000008,0.1120530516,0.11297981809638312,0.0009267664963831246
24340.002000000008,0.1120397151,0.1129890632607363,0.000949348160736288
24410.002000000008,0.1120582372,0.11299832261336161,0.000940085413361616
24490.002000000008,0.1120967865,0.11300891789523039,0.0009121313952303867
24560.002000000008,0.1121041924,0.11301817843809246,0.0009139860380924653
24640.002000000008,0.1121219844,0.11302877308331881,0.0009067886833188099
24710.002000000008,0.112100482,0.11303801979083666,0.0009375377908366622
24790.002000000008,0.1121382862,0.11304863814770848,0.0009103519477084709
24860.002000000008,0.1121494025,0.11305656542560703,0.0009071629256070385
24930.002000000008,0.1121286601,0.1130637516153738,0.0009350915153737982
25010.002000000008,0.1121242046,0.11307196320152571,0.0009477586015257111
25080.002000000008,0.1121494025,0.11307917017396285,0.0009297676739628558
25160.002000000008,0.1121545881,0.11308741788511946,0.0009328297851194656
25230.002000000008,0.1121775657,0.11309461895960314,0.0009170532596031455
25300.002000000008,0.1121901721,0.11310183525933618,0.0009116631593361763
25380.002000000008,0.1121820211,0.11311006426290364,0.0009280431629036384
25450.002000000008,0.1122057289,0.113117289986361,0.0009115610863610069
25530.002000000008,0.1122346371,0.11312554809483683,0.0008909109948368188
25600.002000000008,0.1122420579,0.11313276427786095,0.0008907063778609559
25680.002000000008,0.1122450233,0.11314888628797974,0.000903862987979745
25750.002000000008,0.1122464985,0.1131646338804359,0.0009181353804359055
25820.002000000008,0.1122620702,0.11318039775493974,0.0009183275549397435
25900.002000000008,0.1122620702,0.11319842039438893,0.000936350194388938
25970.002000000008,0.1122880131,0.11321419998643675,0.0009261868864367528
26050.002000000008,0.1122983843,0.11323223249768782,0.0009338481976878255
26120.002000000008,0.1123065352,0.11324801043626559,0.0009414752362655876
26200.002000000008,0.1123161763,0.11326603741675356,0.0009498611167535614
26270.002000000008,0.1123258024,0.11328181198205306,0.0009560095820530662
26340.002000000008,0.1123258024,0.11329758814026565,0.0009717857402656571
26420.002000000008,0.11234878,0.11331397888959543,0.0009651988895954394
26490.002000000008,0.1123584211,0.11332797284133853,0.0009695517413385313
26570.002000000008,0.1123784333,0.11334396112892661,0.0009655278289266156
26640.002000000008,0.1123902947,0.1133579531100231,0.000967658410023095
26710.002000000008,0.1123813987,0.11337192977062528,0.0009905310706252862
26790.002000000008,0.1124236435,0.11338794265475885,0.0009642991547588464
26860.002000000008,0.1124080718,0.11340192068416556,0.0009938488841655657
26940.002000000008,0.1124436557,0.11341794346333142,0.0009742877633314162
27010.002000000008,0.1124732941,0.11343195535695613,0.0009586612569561365
27090.002000000008,0.1124770045,0.11344795262610907,0.0009709481261090669
27160.002000000008,0.1124762595,0.11346180210908009,0.0009855426090800978
27230.002000000008,0.1124866456,0.113472959111999,0.0009863135119990013
27310.002000000008,0.1124985069,0.11348570051582507,0.0009871936158250688
27380.002000000008,0.1125274003,0.1134968685803644,0.0009694682803643995
27460.002000000008,0.1125392616,0.11350962183403997,0.0009703602340399714
27530.002000000008,0.1125444472,0.11352077754332703,0.000976330343327031
27610.002000000008,0.1125555784,0.11353353617049024,0.0009779577704902426
27680.002000000008,0.1125837415,0.11354470734419947,0.0009609658441994684
27750.002000000008,0.112605229,0.11355588070165348,0.0009506517016534821
27830.002000000008,0.1125703901,0.11356860923973555,0.000998219139735551
27900.002000000008,0.1125985533,0.11357979247618473,0.0009812391761847283
27980.002000000008,0.1126104295,0.11359444679219036,0.000984017292190359
28050.002000000008,0.112614885,0.1136114438665353,0.0009965588665352965
28130.002000000008,0.1126274765,0.11363087831065272,0.0010034018106527126
28200.002000000008,0.1126778871,0.11364790944759912,0.0009700223475991171
28270.002000000008,0.1126637906,0.1136649012395249,0.0010011106395249048
28350.002000000008,0.1126890033,0.11368434837283344,0.0009953450728334284
28420.002000000008,0.1126756519,0.11370135062366152,0.0010256987236615112
28500.002000000008,0.11274755,0.11372083124771022,0.0009732812477102198
28570.002000000008,0.1127312481,0.11373783254068472,0.0010065844406847158
28640.002000000008,0.1127327234,0.11375484293434532,0.0010221195343453199
28720.002000000008,0.1127816439,0.1137743157016876,0.0009926718016875918
28790.002000000008,0.1128024012,0.11379217615631879,0.0009897749563187869
28870.002000000008,0.1128142625,0.11381370343837284,0.000999440938372842
28940.002000000008,0.1128016561,0.11383252069405679,0.0010308645940567962
29020.002000000008,0.1128246337,0.11385405649858352,0.0010294227985835208
29090.002000000008,0.1128505766,0.11387291572484053,0.001022339124840524
29160.002000000008,0.1128550172,0.11389175218608182,0.001036734986081811
29240.002000000008,0.1128594726,0.11391327927966662,0.001053806679666619
29310.002000000008,0.1128728092,0.11393212847166632,0.0010593192716663313
29390.002000000008,0.1129350662,0.11395369739586725,0.001018631195867245
29460.002000000008,0.112942487,0.11397254807608415,0.0010300610760841517
29540.002000000008,0.1129402518,0.11399406796971961,0.0010538161697196124
29610.002000000008,0.1129224747,0.11401003101820015,0.0010875563182001502
29680.002000000008,0.1129921377,0.11402495476443146,0.0010328170644314655
29760.002000000008,0.1129988134,0.11404198786528637,0.0010431744652863728
29830.002000000008,0.1130099297,0.11405689054555906,0.0010469608455590668
29910.002000000008,0.113030687,0.11407393263226324,0.00104324563226324
29980.002000000008,0.1130410582,0.1140888417346565,0.0010477835346564962
30050.002000000008,0.1130618155,0.11410375712283587,0.0010419416228358708
30130.002000000008,0.1130870134,0.11412081006957275,0.001033796669572748
30200.002000000008,0.1130966395,0.11413572606549069,0.0010390865654906906
30280.002000000008,0.1131307334,0.11415277261694723,0.0010220392169472264
30350.002000000008,0.1131322235,0.1141676893916937,0.0010354658916936904
30430.002000000008,0.1131581664,0.11419783428278435,0.0010396678827843536
30500.002000000008,0.1131752133,0.11422574702743576,0.0010505337274357707
30570.002000000008,0.1132263541,0.11425370064420033,0.001027346544200336
30650.002000000008,0.1131685376,0.1142855906009167,0.001117053000916704
30720.002000000008,0.1132033765,0.11431351795790691,0.0011101414579069158
30800.002000000008,0.1132285744,0.11434544901873794,0.0011168746187379397
30870.002000000008,0.1132582277,0.11437232891900959,0.0011141012190095806
30950.002000000008,0.1132930517,0.11439562683013904,0.0011025751301390468
31020.002000000008,0.1133056581,0.11441600337323576,0.001110345273235766
31090.002000000008,0.1133345664,0.11443637036045445,0.0011018039604544505
31170.002000000008,0.1133375317,0.11445964125984602,0.0011221095598460268
31240.002000000008,0.1133456826,0.11448000810820373,0.0011343255082037346
31320.002000000008,0.1133938581,0.11450331997200999,0.001109461872009998
31390.002000000008,0.1133886725,0.1145236872032794,0.0011350147032794106
31470.002000000008,0.1134368479,0.11454699444510698,0.0011101465451069797
31540.002000000008,0.1134635359,0.11456738996964806,0.0011038540696480664
31610.002000000008,0.1134650111,0.11458775149860576,0.0011227403986057566
31690.002000000008,0.1135042906,0.11461246207197143,0.0011081714719714253
31760.002000000008,0.1135042906,0.11463619516270768,0.0011319045627076751
31840.002000000008,0.1135280132,0.1146633527356185,0.001135339535618507
31910.002000000008,0.1135346889,0.11468709044430891,0.0011524015443089147
31980.002000000008,0.1135717481,0.11471085275963089,0.0011391046596308935
32060.002000000008,0.1135850847,0.11473799627676388,0.0011529115767638792
32130.002000000008,0.1136095375,0.11476176344156419,0.0011522259415641944
32210.002000000008,0.1136399359,0.11478893141041377,0.0011489955104137667
32280.002000000008,0.113649562,0.11481267952059054,0.001163117520590548
32360.002000000008,0.1136740297,0.11483983835437353,0.0011658086543735319
32430.002000000008,0.1137073785,0.11486360795229153,0.0011562294522915323
32500.002000000008,0.113756299,0.11488865709273868,0.0011323580927386778
32580.002000000008,0.1137822419,0.11491848759082367,0.00113624569082367
32650.002000000008,0.1138074398,0.11494460208223403,0.0011371622822340388
32730.002000000008,0.1137896478,0.11497439848527682,0.0011847506852768197
32800.00200000001,0.1138519049,0.11500052847259098,0.00114862357259099
32880.00200000001,0.1138556153,0.11503035232361289,0.0011747370236128846
32950.00200000001,0.1138696969,0.11505644884678201,0.0011867519467820137
33020.00200000001,0.1138978601,0.1150825611945249,0.0011847010945248981
33100.00200000001,0.1139312238,0.11511241120687221,0.0011811874068722167
33170.00200000001,0.113969028,0.11513852008237635,0.00116949208237635
33250.00200000001,0.1139808893,0.11516835758077382,0.001187468280773818
33320.00200000001,0.1139934808,0.11519456892952049,0.0012010881295204806
33390.00200000001,0.1140246093,0.11522081302681411,0.0011962037268141157
33470.00200000001,0.1140453666,0.11525079902571127,0.0012054324257112642
33540.00200000001,0.1140772402,0.11527704346857698,0.0011998032685769794
33620.00200000001,0.1140913218,0.11530703330692174,0.001215711506921735
33690.00200000001,0.1141254157,0.11533327985148703,0.0012078641514870342
33770.00200000001,0.1141624749,0.11536328805897325,0.0012008131589732463
33840.00200000001,0.1141802669,0.1153895318333642,0.001209264933364207
33910.00200000001,0.1142158359,0.11541577703509515,0.0011999411350951394
33990.00200000001,0.114225477,0.11544576551445157,0.0012202885144515646
34060.00200000001,0.1142499298,0.11547201622756549,0.0012220864275654941
34140.00200000001,0.1142906994,0.11550400746492126,0.001213308064921259
34210.00200000001,0.1142899543,0.11553204939733198,0.0012420950973319883
34290.00200000001,0.1143314689,0.11556412683985842,0.0012326579398584253
34360.00200000001,0.1143751889,0.11559221520684959,0.0012170263068495973
34430.00200000001,0.1143818647,0.11562027971935407,0.0012384150193540666
34510.00200000001,0.1144122481,0.11565234432306773,0.001240096223067727
34580.00200000001,0.1144500524,0.1156804309767143,0.0012303785767142916
34660.00200000001,0.1144767404,0.11571249696276222,0.0012357565627622163
34730.00200000001,0.1145130545,0.11574058919937083,0.0012275346993708275
34810.00200000001,0.1145486236,0.11577267420290474,0.0012240506029047443
34880.00200000001,0.1145834625,0.11580303835323633,0.0012195758532363293
34950.00200000001,0.1145871729,0.11584173333800701,0.0012545604380070075
35030.00200000001,0.114641279,0.11588598924751184,0.0012447102475118405
35100.00200000001,0.1146561056,0.11592467917924174,0.001268573579241733
35180.00200000001,0.1146664768,0.11596891847313466,0.0013024416731346605
35250.00200000001,0.114721328,0.11600765219712951,0.0012863241971295125
35320.00200000001,0.1147598624,0.11604638049542135,0.0012865180954213518
35400.00200000001,0.1147702336,0.11609060792380549,0.0013203743238054955
35470.00200000001,0.1148117483,0.11612433535274388,0.0013125870527438827
35550.00200000001,0.1148458421,0.11616126086077123,0.0013154187607712364
35620.00200000001,0.1148628891,0.1161935367902194,0.0013306476902193998
35700.00200000001,0.1149088442,0.11623045119240852,0.0013216069924085194
35770.00200000001,0.1149184704,0.11626274108466503,0.0013442706846650276
35840.00200000001,0.1149614602,0.1162950359028187,0.0013335757028186956
35920.00200000001,0.1149955541,0.11633194731368222,0.0013363932136822299
35990.00200000001,0.1150548458,0.11636426585080589,0.0013094200508058929
36070.00200000001,0.1150748581,0.11640116906142961,0.0013263109614296137
36140.00200000001,0.1150896847,0.11643345214577804,0.0013437674457780352
36220.00200000001,0.115109697,0.11647069017210394,0.001360993172103947
36290.00200000001,0.1151519418,0.11651051627824668,0.0013585744782466797
36360.00200000001,0.1151956767,0.11655033798128465,0.0013546612812846553
36440.00200000001,0.1152179092,0.11659581884847516,0.001377909648475159
36510.00200000001,0.115243867,0.11663563196228255,0.001391764962282549
36590.00200000001,0.1153076142,0.11668115395318923,0.0013735397531892263
36660.00200000001,0.1153216958,0.11672096140193955,0.0013992656019395505
36730.00200000001,0.1153506041,0.11676076984410733,0.0014101657441073223
36810.00200000001,0.1154128611,0.11680628818518167,0.00139342708518167
36880.00200000001,0.1154224873,0.11684608000463995,0.001423592704639945
36960.00200000001,0.1154899448,0.1168916118081775,0.0014016670081775096
37030.00200000001,0.1154980958,0.11693140273176525,0.0014333069317652436
37110.00200000001,0.1155455261,0.11697684274492567,0.0014313166449256703
37180.00200000001,0.1155655384,0.11701659737373453,0.0014510589737345286
37250.00200000001,0.1156033427,0.1170563428167338,0.0014530001167337991
37330.00200000001,0.115676716,0.11710181108803269,0.0014250950880326935
37400.00200000001,0.1157011688,0.11714155390489955,0.0014403851048995497
37480.00200000001,0.1157367527,0.11718699133004579,0.001450238630045786
37550.00200000001,0.1157827079,0.11722676148084565,0.00144405358084565
37630.00200000001,0.1158301383,0.11727221320712547,0.0014420749071254735
37700.00200000001,0.1158583015,0.11731197162092424,0.001453670120924247
37770.00200000001,0.1158812791,0.11735171578073256,0.0014704366807325592
37850.00200000001,0.1159279794,0.11739865605089761,0.0014706766508976038
37920.00200000001,0.1159887463,0.1174418621697084,0.0014531158697083935
38000.00200000001,0.1160265505,0.11749123347154213,0.0014646829715421195
38070.00200000001,0.1160354465,0.1175344100586132,0.0014989635586132033
38150.00200000001,0.1161006689,0.11758379425279855,0.001483125352798556
38220.00200000001,0.1161303222,0.11762698940359723,0.0014966672035972295
38290.00200000001,0.1161799729,0.117670192539642,0.001490219639642007
38370.00200000001,0.1162288934,0.11771956306566182,0.0014906696656618174
38440.00200000001,0.1162755936,0.11776276240273072,0.0014871688027307123
38520.00200000001,0.1162852198,0.11781211234667266,0.0015268925466726535
38590.00200000001,0.1163341403,0.11785531170018801,0.0015211714001880094
38660.00200000001,0.11637564,0.11790018302734401,0.0015245430273440053
38740.00200000001,0.1164186299,0.11795295706600177,0.0015343271660017699
38810.00200000001,0.1164601445,0.11799912876966476,0.001538984269664756
38890.00200000001,0.1165268421,0.11805190959501329,0.0015250674950132853
38960.00200000001,0.116562441,0.11809808669093785,0.0015356456909378507
39040.00200000001,0.116615802,0.11815087189145256,0.0015350698914525507
39110.00200000001,0.116650641,0.11819703798492842,0.001546396984928422
39180.00200000001,0.1166854799,0.11824321535339442,0.0015577354533944238
39260.00200000001,0.1167269796,0.11829599684191236,0.0015690172419123571
39330.00200000001,0.1167773753,0.11834217377644399,0.0015647984764439876
39410.00200000001,0.11681889,0.11839495476581868,0.0015760647658186883
39480.00200000001,0.1168566793,0.11844348255201773,0.0015868032520177239
39560.00200000001,0.1169174612,0.11849952188776276,0.0015820606877627597
39630.00200000001,0.1169574857,0.11854855058367403,0.001591064883674026
39700.00200000001,0.1170049161,0.1185975822966032,0.0015926661966031985
39780.00200000001,0.1170449406,0.11865361334514202,0.001608672745142023
39850.00200000001,0.1170946062,0.11870265429761995,0.0016080480976199407
39930.00200000001,0.1171435267,0.11875868784653848,0.0016151611465384796
40000.00200000001,0.1171983629,0.11880773797813178,0.001609375078131775
40070.00200000001,0.1172146797,0.11885674910771289,0.0016420694077128872
40150.00200000001,0.117288053,0.11891279959111964,0.0016247465911196357
40220.00200000001,0.1173280776,0.11896182986741166,0.0016337522674116645
40300.00200000001,0.1174036711,0.1190255315143326,0.0016218604143325988
40370.00200000001,0.117455557,0.1190816103136979,0.0016260533136979033
40450.00200000001,0.1174763143,0.11914565716781746,0.001669342867817461
40520.00200000001,0.1175111383,0.1192017168296475,0.0016905785296475045
40590.00200000001,0.1175682098,0.11925778039507895,0.0016895705950789458
40670.00200000001,0.1176623404,0.11932188891701137,0.001659548517011375
40740.00200000001,0.1176934689,0.11937795138616261,0.0016844824861626112
40820.00200000001,0.1177483201,0.1194420239779116,0.0016937038779115954
40890.00200000001,0.1178053916,0.11950015593567359,0.0016947643356735875
40970.00200000001,0.1178446859,0.11956786868200979,0.001723182782009794
41040.00200000001,0.117906943,0.11962714097269464,0.0017201979726946398
41110.00200000001,0.1179684699,0.11968641988132495,0.0017179499813249482
41190.00200000001,0.1179973781,0.11975412032332125,0.001756742223321256
41260.00200000001,0.1180499941,0.119813376356374,0.0017633822563739993
41340.00200000001,0.1181122512,0.11988111440665854,0.001768863206658533
41410.00200000001,0.1181596965,0.1199403668142627,0.0017806703142627112
41490.00200000001,0.118244186,0.12000813430345932,0.0017639483034593145
41560.00200000001,0.1183086634,0.12006740883968944,0.0017587454396894436
41630.00200000001,0.1183486879,0.12012666714842386,0.0017779792484238638
41710.00200000001,0.1183946431,0.12019661385252683,0.0018019707525268325
41780.00200000001,0.1184606105,0.12025834627488376,0.001797735774883763
41860.00200000001,0.1185147166,0.12032886926509265,0.001814152665092647
41930.00200000001,0.118579939,0.1203906128349644,0.001810673834964402
42000.00200000001,0.1186199635,0.12045231478849125,0.0018323512884912546
42080.00200000001,0.1186644286,0.12052283822838475,0.0018584096283847523
42150.00200000001,0.118730396,0.12058456959858042,0.001854173598580422
42230.00200000001,0.1188252717,0.12065513046041962,0.0018298587604196198
42300.00200000001,0.1188741922,0.12071686063127574,0.001842668431275729
42380.00200000001,0.1189127266,0.1207873682666218,0.0018746416666217958
42450.00200000001,0.1189861,0.12084930354300545,0.0018632035430054539
42520.00200000001,0.1190528125,0.12092032758081803,0.001867515080818033
42600.00200000001,0.1190920919,0.12100144367776666,0.0019093517777666602
42670.00200000001,0.1191847473,0.12107248479194202,0.0018877374919420153
42750.00200000001,0.1192433089,0.12115364324343492,0.001910334343434919
42820.00200000001,0.1192870438,0.12122466758850374,0.001937623788503734
42900.00200000001,0.1193848699,0.1213089156227794,0.001924045722779405
42970.00200000001,0.1194248945,0.12138258874173377,0.001957694241733768
43040.00200000001,0.1194871515,0.1214562859641242,0.001969134464124195
43120.00200000001,0.1195486784,0.12154049811452838,0.0019918197145283867
43190.00200000001,0.1196161211,0.12161418618135507,0.0019980650813550688
43270.00200000001,0.119686529,0.12169840998054628,0.0020118809805462767
43340.00200000001,0.1197524965,0.1217721023976237,0.0020196058976237052
43410.00200000001,0.1198184639,0.12184579224935199,0.0020273283493519867
43490.00200000001,0.1198755354,0.1219300103948303,0.002054474994830302
43560.00200000001,0.1199533492,0.12200370330554823,0.002050354105548227
43640.00200000001,0.1200193167,0.122087650492078,0.002068333792077992
43710.00200000001,0.1201067865,0.12216030894898972,0.0020535224489897086
43790.00200000001,0.1201853454,0.12224335492768766,0.002058009527687657
43860.00200000001,0.1202238798,0.12231598970400277,0.00209210990400277
43930.00200000001,0.120287627,0.12238863397014776,0.00210100697014777
44010.00200000001,0.1203780621,0.12247167848275456,0.0020936163827545567
44080.00200000001,0.1204625666,0.12254435334932828,0.002081786749328282
44160.00200000001,0.1205337197,0.12262739047709731,0.002093670777097309
44230.00200000001,0.1205996722,0.12270003604504659,0.002100363845046596
44310.00200000001,0.120668605,0.12278306173075107,0.0021144567307510714
44380.00200000001,0.120739013,0.12285573230007046,0.0021167193000704576
44450.00200000001,0.1207946092,0.12293393180022222,0.002139322600222218
44530.00200000001,0.1208946705,0.12303370436779304,0.0021390338677930443
44600.00200000001,0.1209532171,0.12312099783375818,0.0021677807337581873
44680.00200000001,0.12106736,0.12321787179199278,0.0021505117919927846
44750.00200000001,0.1210910827,0.12330071439378376,0.0022096316937837562
44830.00200000001,0.121191144,0.12339542090508915,0.0022042769050891475
44900.00200000001,0.1212593317,0.12347830244945113,0.002218970749451127
44970.00200000001,0.1213638335,0.12356119495077345,0.0021973614507734412
45050.00200000001,0.1214038581,0.12365587682956383,0.0022520187295638344
45120.00200000001,0.1215246618,0.1237387774975355,0.0022141156975354903
45200.00200000001,0.1215913743,0.12383346190713877,0.0022420876071387735
45270.00200000001,0.1216484606,0.12391632797166825,0.0022678673716682585
45340.00200000001,0.1217218339,0.12399919458564218,0.002277360685642174
45420.00200000001,0.1218241155,0.12409388788788214,0.0022697723878821463
45490.00200000001,0.1219390035,0.12418376385209454,0.0022447603520945325
45570.00200000001,0.1220079362,0.12428880857943368,0.002280872379433682
45640.00200000001,0.1220961362,0.12438074932853746,0.0022846131285374632
45720.00200000001,0.1221754402,0.12448578156236144,0.00231034136236144
45790.00200000001,0.1222666055,0.12457771708295882,0.0023111115829588247
45860.00200000001,0.1223110706,0.1246696121928167,0.002358541592816704
45940.00200000001,0.1224178076,0.12477466049652725,0.002356852896527248
46010.00200000001,0.1225223094,0.12486660324273613,0.002344293842736128
46090.00200000001,0.122624591,0.12497166753399354,0.0023470765339935334
46160.00200000001,0.122686103,0.12506357126307643,0.0023774682630764293
46240.00200000001,0.1227817237,0.1251686199967701,0.002386896296770094
46310.00200000001,0.1228528917,0.1252601921003103,0.0024073004003103138
46380.00200000001,0.1229418367,0.12535179008335576,0.0024099533833557563
46460.00200000001,0.1230641305,0.12545648402167153,0.002392353521671539
46530.00200000001,0.1231330484,0.12554806911534522,0.0024150207153452175
46610.00200000001,0.1231975406,0.12565269766519804,0.002455157065198041
46680.00200000001,0.1232938915,0.1257442955505062,0.0024504040505061997
46750.00200000001,0.1233776361,0.12583587989675055,0.0024582437967505533
46830.00200000001,0.1234903038,0.1259405635039281,0.0024502597039280927
46900.00200000001,0.12358962,0.12603215470169724,0.002442534701697238
46980.00200000001,0.1236526221,0.12613678347198898,0.00248416137198898
47050.00200000001,0.1237386018,0.12622946765443727,0.002490865854437266
47130.00200000001,0.1238601506,0.1263437596329942,0.002483609032994216
47200.00200000001,0.1239305586,0.12644372644891924,0.002513167848919237
47270.00200000001,0.1240098625,0.126543693429545,0.0025338309295449973
47350.00200000001,0.1241499633,0.12665799014742274,0.0025080268474227396
47420.00200000001,0.1242240816,0.12675796504910106,0.0025338834491010626
47500.00200000001,0.1243085712,0.1268722142631034,0.0025636430631034157
47570.00200000001,0.1244301349,0.1269722214685808,0.0025420865685808064
47650.00200000001,0.124545753,0.1270865058515278,0.002540752851527814
47720.00200000001,0.1246035695,0.12718645264971662,0.002582883149716622
47790.00200000001,0.124714002,0.12728643733237444,0.0025724353323744314
47870.00200000001,0.1248303652,0.12740506826799322,0.00257470306799322
47940.00200000001,0.1249200553,0.12751652729537388,0.0025964719953738835
48020.00200000001,0.1250430793,0.12764393274081182,0.002600853440811818
48090.00200000001,0.1251157224,0.12775536509397561,0.0026396426939756246
48170.00200000001,0.1252291203,0.12788275442770758,0.0026536341277075826
48240.00200000001,0.1253410578,0.1279942170761977,0.0026531592761977196
48310.00200000001,0.1253988594,0.128105633120083,0.002706773720082989
48390.00200000001,0.1255500615,0.12822651463201984,0.002676453132019835
48460.00200000001,0.1256464124,0.12833096307538266,0.0026845506753826742
48540.00200000001,0.1257501841,0.12845030050710082,0.0027001164071008277
48610.00200000001,0.1258428246,0.12855472243936605,0.0027118978393660675
48680.00200000001,0.1259362102,0.12865913595268424,0.0027229257526842354
48760.00200000001,0.1260577738,0.1287784776626485,0.002720703862648499
48830.00200000001,0.126174137,0.1288829234203117,0.0027087864203117207
48910.00200000001,0.1262882799,0.12900226998367265,0.0027139900836726516
48980.00200000001,0.1263668388,0.12910666967081375,0.002739830870813753
49060.00200000001,0.1264854372,0.12922600407428897,0.0027405668742889744
49130.00200000001,0.1265743822,0.12933059942696587,0.002756217226965868
49200.00200000001,0.1267026067,0.1294411754747709,0.002738568774770911
49280.00200000001,0.1267952621,0.12956750124120542,0.002772239141205418
49350.00200000001,0.1269019842,0.12967805545601446,0.0027760712560144507
49430.00200000001,0.1270124167,0.12980439032279883,0.0027919736227988434
49500.00200000001,0.1271362007,0.12991495224535282,0.0027787515453528144
49580.00200000001,0.1272733212,0.13004131414527995,0.0027679929452799346
49650.00200000001,0.1273489147,0.13015183576976067,0.0028029210697606555
49720.00200000001,0.127448231,0.13026237516176864,0.0028141441617686447
49800.00200000001,0.1275786757,0.13038869390110178,0.0028100182011017716
49870.00200000001,0.1276802272,0.13049922829469732,0.002819001094697321
49950.00200000001,0.1278284788,0.13062619650958623,0.0027977177095862282
50020.00200000001,0.1279211193,0.13073892312656493,0.0028178038265649352
50090.00200000001,0.1280174702,0.1308516507519289,0.002834180551928883
50170.00200000001,0.1281634867,0.13098052100743618,0.0028170343074361837
50240.00200000001,0.1282679886,0.13109326235290655,0.0028252737529065597
50320.00200000001,0.12836954,0.13122207409451625,0.002852534094516246
50390.00200000001,0.1284947991,0.13133482562668897,0.0028400265266889657
50470.00200000001,0.1286096722,0.13146363608498865,0.002853963884988653
50540.00200000001,0.1287349313,0.13157637024079874,0.002841438940798746
50610.00200000001,0.128847599,0.13168909973585946,0.0028415007358594535
50690.00200000001,0.1289595217,0.1318179362941419,0.002858414594141906
50760.00200000001,0.1290529221,0.13193012900379036,0.002877206903790369
50840.00200000001,0.1291840971,0.13205741864768275,0.0028733215476827445
50910.00200000001,0.129289344,0.1321688070736343,0.002879463073634292
50990.00200000001,0.1294420362,0.13229606194774385,0.002854025747743849
51060.00200000001,0.1295346767,0.13240739505308644,0.0028727183530864453
51130.00200000001,0.1296503097,0.13251875818617365,0.0028684484861736526
51210.00200000001,0.1297911257,0.13264604122367912,0.0028549155236791135
51280.00200000001,0.1298793256,0.1327573830232341,0.002878057423234076
51360.00200000001,0.1300394237,0.13288464382859994,0.0028452201285999457
51430.00200000001,0.1301268935,0.1329959727886701,0.0028690792886700844
51510.00200000001,0.1302788407,0.13312324856457453,0.0028444078645745163
51580.00200000001,0.1303922385,0.1332358035629982,0.0028435650629981823
51650.00200000001,0.1304997057,0.13334909086753288,0.0028493851675328863
51730.00200000001,0.1306116283,0.13347854175032492,0.002866913450324915
51800.00200000001,0.1307353973,0.1335918163440025,0.002856419044002495
51880.00200000001,0.1308695525,0.13372128564024824,0.002851733140248225
51950.00200000001,0.1309992671,0.1338345853813477,0.0028353182813476985
52020.00200000001,0.1310815364,0.13394784113967256,0.0028663047396725594
52100.00200000001,0.1312394142,0.13407729959446396,0.0028378853944639737
52170.00200000001,0.1313513368,0.13419057399484036,0.0028392371948403605
52250.00200000001,0.1314788163,0.1343200211443168,0.002841204844316797
52320.00200000001,0.1315855533,0.1344332848486346,0.002847731548634602
52400.00200000001,0.1317159981,0.13455732948532778,0.002841331385327772
52470.00200000001,0.1318167895,0.134664261909612,0.0028474724096120008
52540.00200000001,0.1319435388,0.1347712057293467,0.0028276669293466894
52620.00200000001,0.1320895553,0.1348934299418317,0.0028038746418317106
52690.00200000001,0.1322059184,0.13500037216533733,0.0027944537653373236
52770.00200000001,0.1323282123,0.1351225742561185,0.002794361956118513
52840.00200000001,0.1324127167,0.1352294697518994,0.0028167530518994066
52920.00200000001,0.1325401962,0.13535164964178958,0.0028114534417895964
52990.00200000001,0.1326476783,0.13545856305645382,0.0028108847564538297
53060.00200000001,0.1327632964,0.1355654702965705,0.0028021738965705034
53140.00200000001,0.1329211593,0.1356877006315913,0.0027665413315912935
53210.00200000001,0.1330086291,0.13579167790396135,0.002783048803961352
53290.00200000001,0.1331338882,0.1359103141564919,0.0027764259564919125
53360.00200000001,0.1332658082,0.136014141869447,0.0027483336694469895
53430.00200000001,0.1333814412,0.13611796017653763,0.002736518976537622
53510.00200000001,0.1334866881,0.13623657186787777,0.00274988376787777
53580.00200000001,0.1336067766,0.13634039811922133,0.0027336215192213242
53660.00200000001,0.1337394416,0.13645904627756067,0.002719604677560661
53730.00200000001,0.1338580251,0.1365628605019482,0.0027048354019482135
53810.00200000001,0.1339566112,0.13668146135929585,0.002724850159295855
53880.00200000001,0.1340744495,0.13678526851072798,0.0027108190107279773
53950.00200000001,0.1342056394,0.13688896652994184,0.002683327129941848
54030.00200000001,0.1343249679,0.13700354433394757,0.0026785764339475604
54100.00200000001,0.1344205886,0.13710377901985182,0.002683190419851822
54180.00200000001,0.1345554739,0.13721835291827306,0.0026628790182730566
54250.00200000001,0.1346674114,0.13731859871496183,0.0026511873149618337
54330.00200000001,0.1347822994,0.13743315303785328,0.0026508536378532788
54400.00200000001,0.1349031031,0.13753339704404066,0.002630293944040657
54470.00200000001,0.1350009441,0.13763364967042108,0.0026327055704210844
54550.00200000001,0.1351269484,0.13774820708658897,0.0026212586865889675
54620.00200000001,0.1352069825,0.13784841133538817,0.0026414288353881765
54700.00200000001,0.1353300214,0.1379629720602173,0.0026329506602172925
54770.00200000001,0.1354389787,0.13805804046590958,0.0026190617659095916
54850.00200000001,0.1355679482,0.13815010463174965,0.002582156431749638
54920.00200000001,0.1356620789,0.13823155309905877,0.0025694741990587577
54990.00200000001,0.1357977241,0.13832070655563902,0.0025229824556390335
55070.00200000001,0.1359037161,0.1384225494123847,0.0025188333123846995
55140.00200000001,0.1360148937,0.13851167136737144,0.0024967776673714415
55220.00200000001,0.1361268014,0.1386135210065727,0.002486719606572707
55290.00200000001,0.1362261176,0.13870263679114403,0.0024765191911440276
55360.00200000001,0.1363298893,0.1387917525277772,0.0024618632277771946
55440.00200000001,0.1364262402,0.13889357454623374,0.0024673343462337516
55510.00200000001,0.1365537196,0.13898271221415398,0.0024289926141539686
55590.00200000001,0.1366760135,0.13908456297895264,0.0024085494789526374
55660.00200000001,0.1367686689,0.139173679133073,0.0024050102330729906
55740.00200000001,0.1368961483,0.13927310193162754,0.002376953631627543
55810.00200000001,0.1369695365,0.13935490603171685,0.0023853695317168633
55880.00200000001,0.1370703429,0.13943672735584184,0.0023663844558418357
55960.00200000001,0.1371778101,0.13953022650209423,0.002352416402094243
56030.00200000001,0.137256369,0.13961202837364928,0.002355659373649288
56110.00200000001,0.1373675466,0.13970550294277057,0.002337956342770564
56180.00200000001,0.1374676079,0.13978732202471517,0.0023197141247151554
56260.00200000001,0.1375654489,0.13988081835814925,0.0023153694581492523
56330.00200000001,0.1376744062,0.1399626365698643,0.002288230369864308
56400.00200000001,0.1377507448,0.14004442331663647,0.002293678516636477
56480.00200000001,0.1378641427,0.14013791486103755,0.0022737721610375516
56550.00200000001,0.1379767954,0.14021834290190308,0.002241547501903085
56630.00200000001,0.138089478,0.14030800251171904,0.0022185245117190555
56700.00200000001,0.138159886,0.1403864328278472,0.0022265468278472034
56770.00200000001,0.1382547617,0.14046488231320464,0.002210120613204636
56850.00200000001,0.1383355409,0.1405545112182422,0.002218970318242197
56920.00200000001,0.1384585798,0.14063298897648746,0.002174409176487452
57000.00200000001,0.1385252923,0.1407226011874516,0.002197308887451621
57070.00200000001,0.1386142224,0.14080103015327444,0.0021868077532744556
57150.00200000001,0.1387298554,0.1408906841692163,0.0021608287692163053
57220.00200000001,0.1388128698,0.14096911362722875,0.00215624382722876
57290.00200000001,0.1389233023,0.14104757342908747,0.002124271129087474
57370.00200000001,0.1389707327,0.1411290099394266,0.0021582772394266037
57440.00200000001,0.1390982121,0.14119452286030948,0.002096310760309472
57520.00200000001,0.1391612291,0.14126934037847214,0.00210811127847213
57590.00200000001,0.139230907,0.1413348122050947,0.0021039052050947082
57670.00200000001,0.1393524557,0.14140966656701864,0.002057210867018655
57740.00200000001,0.1394191682,0.14147512732587963,0.002055959125879636
57810.00200000001,0.139522925,0.14154063932245903,0.0020177143224590355
57890.00200000001,0.139584437,0.14161545622171945,0.0020310192217194434
57960.00200000001,0.1396607906,0.14168092317235612,0.0020201325723561148
58040.00200000001,0.1397771537,0.14175578112667367,0.001978627426673679
58110.00200000001,0.1398416311,0.14181784255903368,0.0019762114590336777
58190.00200000001,0.139937982,0.14188581073604328,0.0019478287360432944
58260.00200000001,0.1399943084,0.1419452481869518,0.001950939786951822
58330.00200000001,0.1400647312,0.14200470077667943,0.00193996957667944
58410.00200000001,0.1401692331,0.14207267073016533,0.0019034376301653166
58480.00200000001,0.1402300149,0.14213211556133956,0.0019021006613395564
58560.00200000001,0.1403389722,0.14220008168164747,0.0018611094816474716
58630.00200000001,0.1403715909,0.1422595148156696,0.0018879239156695815
58700.00200000001,0.1404820234,0.1423189842181941,0.0018369608181941222
58780.00200000001,0.1405576319,0.14238695178363914,0.00182931988363913
58850.00200000001,0.1406058073,0.14244636890910917,0.0018405616091091703
58930.00200000001,0.1406836212,0.14251355579781633,0.0018299345978163295
59000.00200000001,0.1407725662,0.14257205662854253,0.0017994904285425217
59080.00200000001,0.1408363134,0.14263887694799948,0.0018025635479994861
59150.00200000001,0.14089486,0.14269734685236207,0.0018024868523620619
59220.00200000001,0.1409719437,0.14275582778175916,0.0017838840817591683
59300.00200000001,0.1410549581,0.1428226601317652,0.0017677020317652115
59370.00200000001,0.1411216557,0.14288113441310746,0.0017594787131074707
59450.00200000001,0.1412054151,0.14294795816972544,0.001742543069725433
59520.00200000001,0.141266197,0.14300642667379465,0.001740229673794641
59600.00200000001,0.1413447708,0.143073253564728,0.0017284827647280065
59670.00200000001,0.1414070278,0.14313171499152694,0.0017246871915269357
59740.00200000001,0.14147003,0.14317954009729295,0.001709510097292949
59820.00200000001,0.1415537894,0.14323196589644382,0.001678176496443834
59890.00200000001,0.1415923238,0.14327781758714425,0.0016854937871442488
59970.00200000001,0.1416679174,0.1433302283779078,0.0016623109779077827
60040.00200000001,0.1417264789,0.14337608571389548,0.0016496068138954767
60110.00200000001,0.1417768747,0.14342193648506857,0.001645061785068569
60190.00200000001,0.1418435872,0.14347434427937458,0.001630757079374573
60260.00200000001,0.1419088095,0.1435202030007923,0.0016113935007922853
60340.00200000001,0.1420014501,0.14357226121084735,0.0015708111108473366
60410.00200000001,0.1420577914,0.14361764361983298,0.0015598522198329856
60490.00200000001,0.1421215236,0.14366951653254162,0.0015479929325416253
60560.00200000001,0.1421556175,0.14371487411810194,0.0015592566181019396
60630.00200000001,0.1422304809,0.14376026690491972,0.0015297860049197087
60710.00200000001,0.1422905177,0.14381212372632723,0.0015216060263272269
60780.00200000001,0.1423416585,0.14385750018811438,0.0015158416881143888
60860.00200000001,0.1423994601,0.14390935428747081,0.0015098941874708005
60930.00200000001,0.1424335688,0.14395470680884254,0.001521138008842543
61010.00200000001,0.1424958408,0.14400657911784448,0.0015107383178444844
61080.00200000001,0.1425447464,0.14405193828545176,0.0015071918854517585
61150.00200000001,0.1426055282,0.14409362213603774,0.0014880939360377432
61230.00200000001,0.1426752061,0.1441404694296564,0.00146526332965638
61300.00200000001,0.1427189261,0.14418146860799375,0.0014625425079937415
61380.00200000001,0.142780453,0.14422831073870176,0.0014478577387017633
61450.00200000001,0.142824173,0.14426929564425894,0.0014451226442589449
61530.00200000001,0.1428945959,0.1443161428271298,0.0014215469271297854
61600.00200000001,0.1429323852,0.14435712440958237,0.0014247392095823597
61670.00200000001,0.1429983526,0.14439812932867535,0.0013997767286753615
61750.00200000001,0.1430339366,0.144444960107289,0.0014110235072889998
61820.00200000001,0.1430917382,0.14448595655411764,0.0013942183541176267
61900.00200000001,0.1431436241,0.1445328162231207,0.0013891921231206916
61970.00200000001,0.1432029158,0.1445743213225559,0.0013714055225559074
62040.00200000001,0.1432281137,0.14461580818660652,0.0013876944866065277
62120.00200000001,0.1432659179,0.14466320837259133,0.0013972904725913227
62190.00200000001,0.1433341056,0.14470472102743448,0.0013706154274344684
62270.00200000001,0.1433719099,0.144752135538889,0.0013802256388889822
62340.00200000001,0.1434126794,0.14479362590935957,0.0013809465093595763
62420.00200000001,0.1434586197,0.14484103369305737,0.0013824139930573576
62490.00200000001,0.1435431391,0.14488254099916292,0.0013394018991629286
62560.00200000001,0.1435535103,0.1449240141298727,0.0013705038298727212
62640.00200000001,0.1436239183,0.14497144093446734,0.0013475226344673574
62710.00200000001,0.1436654329,0.14501158524510482,0.001346152345104823
62790.00200000001,0.1436950713,0.145042542028386,0.0013474707283860077
62860.00200000001,0.1437269449,0.14506963214057872,0.0013426872405787327
62940.00200000001,0.1437906921,0.1451006130409623,0.0013099209409623003
63010.00200000001,0.1438136697,0.14512771030900556,0.0013140406090055567
63080.00200000001,0.1438588798,0.14515481125199425,0.0012959314519942478
63160.00200000001,0.1439404041,0.14518838290067887,0.0012479788006788672
63230.00200000001,0.1439359635,0.14522333573950588,0.0012873722395058684
63310.00200000001,0.143984139,0.14526332099842068,0.0012791819984206698
63380.00200000001,0.1440382451,0.14529830841120994,0.0012600633112099524
63450.00200000001,0.1440634429,0.14533328454558286,0.0012698416455828587
63530.00200000001,0.1441294104,0.14537327554823382,0.0012438651482338248
63600.00200000001,0.1441479325,0.14540823613567738,0.00126030363567739
63680.00200000001,0.1441775858,0.14544820953677354,0.0012706237367735296
63750.00200000001,0.1442302018,0.14548318183489584,0.001252980034895823
63830.00200000001,0.1442702264,0.14552315233013224,0.001252925930132237
63900.00200000001,0.1443124712,0.14555812915890134,0.0012456579589013583
63970.00200000001,0.1443688124,0.14559131988087687,0.0012225074808768777
64050.00200000001,0.1443814039,0.14562576900153806,0.001244365101538053
64120.00200000001,0.1444495916,0.14565594505802754,0.001206353458027526
64200.00200000001,0.1444518119,0.14569037682837938,0.001238564928379371
64270.00200000001,0.1445007324,0.14572052373598865,0.0012197913359886514
64350.00200000001,0.1445333511,0.1457549762111705,0.0012216251111704934
64420.00200000001,0.1445719004,0.14578512925183623,0.0012132288518362233
64490.00200000001,0.1446423233,0.1458153073795337,0.001172984079533701
64570.00200000001,0.1446630657,0.14584974932518482,0.0011866836251848145
64640.00200000001,0.1446652859,0.14587987118086296,0.001214585280862962
64720.00200000001,0.1447245926,0.1459143349147785,0.0011897423147785025
64790.00200000001,0.1447408944,0.14594200962808593,0.0012011152280859416
64870.00200000001,0.1447935104,0.14597139939075346,0.0011778889907534673
64940.00200000001,0.1447950006,0.14599709828099555,0.0012020976809955508
65010.00200000001,0.1448298395,0.14602280900805442,0.00119296950805442
65090.00200000001,0.1449039578,0.14605221198530238,0.001148254185302372
65160.00200000001,0.1449150741,0.14607790018454792,0.0011628260845479022
65240.00200000001,0.144958064,0.14610728762405759,0.0011492236240575882
65310.00200000001,0.1449832618,0.14613299943560715,0.0011497376356071343
65380.00200000001,0.1450380981,0.14615871736535113,0.0011206192653511193
65460.00200000001,0.1450455189,0.14618807477844203,0.0011425558784420309
65530.00200000001,0.145090729,0.14621379672890963,0.0011230677289096325
65610.00200000001,0.1451403946,0.14621190776334575,0.0010715131633457498
65680.00200000001,0.1451344639,0.14623482537534854,0.0011003614753485325
65760.00200000001,0.145205617,0.14626107234821872,0.0010554553482187146
65830.00200000001,0.1451996863,0.14628399183355273,0.0010843055335527374
65900.00200000001,0.1452263594,0.1463069252488417,0.001080565848841697
65980.00200000001,0.1452626884,0.14633313822774985,0.001070449827749842
66050.00200000001,0.1453123391,0.14635608953663598,0.0010437504366359873
66130.00200000001,0.1453493983,0.14638231314511144,0.001032914845111449
66200.00200000001,0.1453716308,0.14640525186986,0.0010336210698599912
66280.00399999999,0.1453523636,0.14643144315899265,0.0010790795589926405
66350.00399999999,0.1453968287,0.14645438148587153,0.001057552785871524
66420.00399999999,0.1454420537,0.14647781102328322,0.0010357573232832318
66500.00399999999,0.1454657614,0.1465056962143002,0.001039934814300203
66570.00399999999,0.1455198675,0.146530126172565,0.0010102586725649898
66650.00399999999,0.1455139369,0.14655800509313022,0.0010440681931302154
66720.00399999999,0.1455309838,0.14658241798138927,0.0010514341813892547
66790.00399999999,0.1455888003,0.14660682395191643,0.0010180236519164443
66870.00399999999,0.1456147432,0.14663472021653595,0.0010199770165359445
66940.00399999999,0.1456570029,0.14665912958544475,0.0010021266854447486
67020.00399999999,0.145666644,0.1466870204265313,0.0010203764265312998
67090.00399999999,0.1456770152,0.14671141269985738,0.0010343974998573702
67170.00399999999,0.145720005,0.14673931843476518,0.0010193134347651622
67240.00399999999,0.1457385272,0.14676020801881523,0.0010216808188152349
67310.00399999999,0.1457429826,0.14677755485307292,0.001034572253072935
67390.00399999999,0.145790413,0.14679737035844462,0.00100695735844461
67460.00399999999,0.1458022743,0.1468147118664652,0.0010124375664651852
67540.00399999999,0.1458445191,0.14683453793857945,0.000990018838579465
67610.00399999999,0.1458511949,0.1468518705439839,0.0010006756439839004
67690.00399999999,0.145878613,0.14687168765098763,0.0009930746509876354
67760.00399999999,0.145905301,0.14688903041465828,0.0009837294146582964
67830.00399999999,0.1459475458,0.14690637316797606,0.0009588273679760617
67910.00399999999,0.1459608823,0.1469261913221372,0.0009653090221371785
67980.00399999999,0.1459631026,0.14694351699182162,0.0009804143918216157
68060.00399999999,0.1460216641,0.14696334697913524,0.0009416828791352361
68130.00399999999,0.14602907,0.146980687123638,0.0009516171236379767
68210.00399999999,0.1460350007,0.147000488373641,0.0009654876736409912
68280.00399999999,0.1460631639,0.14701782702551297,0.0009546631255129834
68350.00399999999,0.1461150497,0.1470351809143219,0.000920131214321912
68430.00399999999,0.1461091191,0.14705498290428837,0.0009458638042883771
68500.00399999999,0.1461320966,0.14707231778609192,0.0009402211860919107
68580.00399999999,0.1461654454,0.1470921334662258,0.0009266880662257837
68650.00399999999,0.1461647153,0.14710946355971105,0.0009447482597110535
68720.00399999999,0.1462173313,0.14712682406526076,0.0009094927652607554
68800.00399999999,0.146224007,0.14714662145495175,0.000922614454951759
68870.00399999999,0.1462395638,0.14716455625970193,0.0009249924597019288
68950.00399999999,0.1462751478,0.14718540518095774,0.0009102573809577352
69020.00399999999,0.1462647617,0.14720361867603737,0.0009388569760373777
69100.00399999999,0.1463240683,0.14722447300390518,0.0009004047039051777
69170.00399999999,0.1463351846,0.14724270088929553,0.0009075162892955291
69240.00399999999,0.1463544518,0.14726093335924234,0.0009064815592423336
69320.00399999999,0.1463440806,0.14728175471837301,0.0009376741183730053
69390.00399999999,0.1464122683,0.1473000043862573,0.0008877360862572792
69470.00399999999,0.1464078128,0.1473208242628137,0.0009130114628136954
69540.00399999999,0.1464233845,0.14733906279991665,0.0009156782999166502
69620.00399999999,0.1464263499,0.14735987911749932,0.0009335292174993126
69690.00399999999,0.1464671046,0.1473739842938665,0.0009068796938664914
69760.00399999999,0.1464797109,0.14738720958469267,0.0009074986846926703
69840.00399999999,0.1465026885,0.14740233277353126,0.0008996442735312582
69910.00399999999,0.1465219557,0.1474155565862093,0.0008936008862092948
69990.00399999999,0.1465471536,0.14743067938456006,0.0008835257845600519
70060.00399999999,0.1465649456,0.14744391011717145,0.0008789645171714544
70130.00399999999,0.1465627253,0.14745712017868304,0.0008943948786830358
70210.00399999999,0.1465945989,0.14747223520187885,0.0008776363018788425
70280.00399999999,0.1466101557,0.14748546711669247,0.0008753114166924758
70360.00399999999,0.1466435045,0.14750059165661167,0.0008570871566116744
70430.00399999999,0.1466612965,0.14751380822944288,0.0008525117294428675
70510.00399999999,0.1466538906,0.14753151776371276,0.0008776271637127575
70580.00399999999,0.146685034,0.1475474434598251,0.0008624094598251031
70650.00399999999,0.1466991156,0.14756335422068684,0.0008642386206868247
70730.00399999999,0.1467213482,0.14758154022709144,0.0008601920270914498
70800.00399999999,0.146710977,0.14759743923819502,0.0008864622381950238
70880.00399999999,0.1467443258,0.14761563624890306,0.0008713104489030676
70950.00399999999,0.1467421055,0.14763153172897647,0.0008894262289764754
71030.00399999999,0.1467858255,0.1476497320764325,0.0008639065764325105
71100.00399999999,0.1467976868,0.14766563743053018,0.0008679506305301898
71170.00399999999,0.1468191892,0.14768155621149273,0.0008623670114927262
71250.00399999999,0.1468577236,0.14769974254125975,0.0008420189412597645
71320.00499999998,0.1468473524,0.14771316197811357,0.00086580957811358
71400.00499999998,0.1468999684,0.14772843340132627,0.0008284650013262729
71470.00499999998,0.1468688399,0.147741755411527,0.0008729155115270171
71550.00499999998,0.1468999684,0.14775701616534423,0.0008570477653442321
71620.00499999998,0.1469207257,0.1477703714237776,0.0008496457237776034
71690.00499999998,0.1469274014,0.14778371098963095,0.0008563095896309547
71770.00499999998,0.1469466686,0.14779896608182896,0.0008522974818289675
71840.00499999998,0.146976307,0.14781231611874612,0.0008360091187461227
71920.00499999998,0.1470037401,0.14782757708391253,0.0008238369839125292
71990.00499999998,0.1470304132,0.14784092441769323,0.0008105112176932383
72060.00499999998,0.1470445096,0.14785426980414978,0.0008097602041497731
72140.00499999998,0.1470163316,0.14786971027199022,0.0008533786719902292
72210.00499999998,0.1470600665,0.14788326472028385,0.0008231982202838439
72290.00499999998,0.1470793337,0.14789873884883276,0.000819405148832747
72360.00499999998,0.1470971256,0.14791227275993588,0.0008151471599358862
72440.00499999998,0.1470993459,0.14792773665338144,0.000828390753381425
72510.00499999998,0.1470986158,0.14794126018402465,0.0008426443840246489
72580.00499999998,0.1471334398,0.14795481319249815,0.0008213733924981592
72660.00499999998,0.1471512318,0.1479702750832389,0.0008190432832388961
72730.00499999998,0.1471564174,0.14798380350500953,0.0008273861050095421
72810.00499999998,0.1471719891,0.1479992718348364,0.0008272827348363987
72880.00499999998,0.1471845806,0.14801278996350886,0.0008282093635088583
72960.00499999998,0.1472016275,0.14802803606730303,0.0008264085673030386
73030.00499999998,0.147232756,0.14804138592609345,0.0008086299260934571
73100.00499999998,0.1472320259,0.14805472458573343,0.0008226986857334251
73180.00499999998,0.1472520381,0.14806996672101644,0.0008179286210164283
73250.00499999998,0.1472572237,0.14808329942815007,0.0008260757281500775
73330.00499999998,0.1472609341,0.14809854855510104,0.0008376144551010545
73400.00499999998,0.1472987235,0.14811189521302884,0.0008131717130288318
73470.00499999998,0.1473046541,0.1481252377520623,0.0008205836520623067
73550.00499999998,0.1473276317,0.1481404826471229,0.0008128509471229117
73620.00499999998,0.1473372728,0.14815381995047178,0.0008165471504717747
73700.00499999998,0.1473461688,0.14816936464715508,0.0008231958471550671
73770.00499999998,0.147329852,0.14818415139643426,0.0008542993964342493
73850.00499999998,0.1473869234,0.14820110282514465,0.0008141794251446399
73920.00499999998,0.1474032402,0.148215908119455,0.0008126679194550013
73990.00499999998,0.1474024951,0.14823070766607452,0.0008282125660745154
74070.00499999998,0.1474195421,0.1482476225288584,0.000828080428858402
74140.00499999998,0.1474380642,0.14826243473625622,0.0008243705362562248
74220.00499999998,0.1474462152,0.14827935510414658,0.0008331399041465737
74290.00499999998,0.1474877298,0.14829417450375293,0.0008064447037529343
74370.00499999998,0.1474551111,0.14831106535005933,0.0008559542500593265
74440.00499999998,0.1475062519,0.1483258923719222,0.0008196404719222061
74510.00499999998,0.1475084871,0.14834001374307573,0.0008315266430757307
74590.00499999998,0.1475032866,0.1483526822659767,0.0008493956659766932
74660.00499999998,0.1475299746,0.14836378148178309,0.0008338068817830835
74740.00499999998,0.1475373805,0.14837646478463784,0.000839084284637831
74810.00499999998,0.1475618482,0.14838755984511706,0.0008257116451170499
74890.00499999998,0.1475788951,0.14840024690883397,0.00082135180883397
74960.00499999998,0.1475929767,0.14841134033716377,0.0008183636371637826
75030.00499999998,0.147604093,0.14842244036744834,0.0008183473674483466
75110.00499999998,0.1476433724,0.14843513717216805,0.0007917647721680521
75180.00499999998,0.1476404071,0.14844621781714357,0.0008058107171435569
75260.00499999998,0.1476685703,0.14845890471015238,0.0007903344101523879
75330.00499999998,0.1476826519,0.14847192529920217,0.0007892733992021783
75400.00499999998,0.1476893276,0.14848959690073468,0.0008002693007346795
75480.00499999998,0.1477100849,0.14850978767598444,0.0007997027759844288
75550.00499999998,0.1477160156,0.148527460386496,0.0008114447864960017
75630.00499999998,0.1477308422,0.14854763916167502,0.0008167969616750259
75700.00499999998,0.1477545649,0.14856531840344256,0.0008107535034425628
75780.00499999998,0.1477805078,0.14858552596419394,0.0008050181641939547
75850.00499999998,0.1477834731,0.1486031815899379,0.0008197084899378981
75920.00499999998,0.1478079259,0.14862084669593217,0.000812920795932176
76000.00499999998,0.1478057057,0.14864103505423978,0.0008353293542397722
76070.00499999998,0.1478279382,0.14865870498934497,0.0008307667893449611
76150.00499999998,0.1478561014,0.1486777040764212,0.0008216026764212014
76220.00499999998,0.1478598118,0.14869236600247113,0.0008325542024711363
76300.00499999998,0.1478820443,0.1487091294552526,0.0008270851552526215
76370.00499999998,0.1478805691,0.14872378923878535,0.00084322013878535
76440.00499999998,0.147879824,0.14873844369617478,0.0008586196961747894
76520.00499999998,0.1479302198,0.14875521665928088,0.0008249968592808632
76590.00499999998,0.1479376405,0.1487698726559947,0.0008322321559947055
76670.00499999998,0.1479465365,0.1487866246883886,0.0008400881883885991
76740.00499999998,0.1479798853,0.148801301978283,0.0008214166782830046
76810.00499999998,0.1479791403,0.14881594079033306,0.0008368004903330506
76890.00499999998,0.1479813606,0.14883269279843195,0.0008513321984319477
76960.00499999998,0.1480043381,0.1488488804540456,0.0008445423540456021
77040.00499999998,0.1480288059,0.14887058929738528,0.0008417833973852762
77110.00499999998,0.1480413973,0.14888959078358965,0.0008481934835896654
77190.00499999998,0.1480792016,0.1489113120196729,0.0008321104196729046
77260.00499999998,0.1480725259,0.14893029431749977,0.0008577684174997657
77330.00499999998,0.1481029242,0.14894929058922007,0.0008463663892200601
77410.00499999998,0.1481110752,0.14897098812543735,0.0008599129254373561
77480.00499999998,0.1481125504,0.1489899736947351,0.0008774232947351135
77560.00499999998,0.1481325626,0.14901167868112317,0.0008791160811231769
77630.00499999998,0.1481659263,0.14903067952826815,0.0008647532282681503
77710.00499999998,0.1481762975,0.14905237590403475,0.0008760784040347525
77780.00499999998,0.1481948197,0.14906974045903187,0.0008749207590318664
77850.00499999998,0.1482000202,0.14908502337711022,0.0008850031771102107
77930.00499999998,0.1482370794,0.14910250985260692,0.0008654304526069245
78000.00499999998,0.1482526362,0.14911780514046807,0.000865168940468064
78080.00499999998,0.1482889503,0.1491352875070472,0.0008463372070471875
78150.00499999998,0.1482785791,0.1491505719609637,0.0008719928609637051
78230.00499999998,0.1483237892,0.14916805259927754,0.0008442633992775395
78300.00499999998,0.1483059973,0.1491833210025693,0.0008773237025693215
78370.00499999998,0.1483260095,0.1491986206351808,0.0008726111351808064
78450.00499999998,0.1483386159,0.14921609251374732,0.0008774766137473189
78520.00499999998,0.1483875364,0.14923138823279125,0.0008438518327912592
78600.00499999998,0.1484090239,0.149271974543152,0.0008629506431520051
78670.00499999998,0.1484231055,0.14931617015749582,0.0008930646574958068
78740.00499999998,0.1484371871,0.1493338825995631,0.0008966954995630882
78820.00499999998,0.1484571993,0.1493541187235214,0.0008969194235213807
78890.00499999998,0.1484764665,0.1493718242401026,0.0008953577401026036
78970.00499999998,0.1484927833,0.14939205544929732,0.000899272149297331
79040.00499999998,0.1484883279,0.14940975026158965,0.0009214223615896522
79120.00499999998,0.148525387,0.14942999355696757,0.0009046065569675577
79190.00499999998,0.1485498548,0.14944770706424917,0.0008978522642491826
79260.00499999998,0.1485705972,0.14946540292773897,0.0008948057277389787
79340.00499999998,0.1485839486,0.14948563178186958,0.0009016831818695892
79410.00499999998,0.1485913545,0.14950333096260582,0.0009119764626058235
79490.00499999998,0.148649171,0.14952450487980762,0.0008753338798076216
79560.00499999998,0.148640275,0.14954428303272976,0.000904008032729775
79640.00499999998,0.1486810446,0.14956693255581893,0.0008858879558189259
79710.00499999998,0.1487054974,0.1495867331064652,0.0008812357064651999
79780.00499999998,0.148720324,0.14960653083091102,0.0008862068309110349
79860.00499999998,0.1487217993,0.14962914225615342,0.0009073429561534119
79930.00499999998,0.1487536728,0.14964895739131123,0.0008952845913112462
80010.00499999998,0.1487729549,0.14967157100671608,0.0008986161067160714
80080.00499999998,0.1488115042,0.14969138846048427,0.0008798842604842705
80150.00499999998,0.1488211304,0.14971117638072656,0.0008900459807265615
80230.00499999998,0.1488507837,0.14973379729199138,0.0008830135919913884
80300.00499999998,0.1488641202,0.14975657166505618,0.0008924514650561766
80380.00499999998,0.148880437,0.1497884120629311,0.0009079750629310823
80450.00499999998,0.1489122957,0.14981630554574732,0.0009040098457473167
80530.00499999998,0.1489122957,0.14984815721458217,0.0009358615145821647
80600.00499999998,0.1489493549,0.14987603675301497,0.0009266818530149767
80670.00499999998,0.1489812285,0.1499039132649831,0.0009226847649830838
80750.00499999998,0.1489893794,0.14993576595507024,0.0009463865550702333
80820.00499999998,0.1490079165,0.14996362593250562,0.0009557094325056137
80900.00499999998,0.1490353346,0.14999547370281321,0.0009601391028132011
80970.00499999998,0.149091661,0.15002336470304875,0.000931703703048764
81050.00499999998,0.1490931511,0.15005521287259777,0.0009620617725977776
81120.00499999998,0.1491057426,0.1500817379501752,0.0009759953501752017
81190.00499999998,0.1491353959,0.15010655675742193,0.0009711608574219377
81270.00499999998,0.1491509527,0.15013490406047186,0.0009839513604718575
81340.00499999998,0.1492058039,0.15015973703051466,0.0009539331305146725
81420.00499999998,0.1491872817,0.15018806715652439,0.001000785456524378
81490.00499999998,0.1492473185,0.1502128959189452,0.0009655774189452071
81570.00499999998,0.1492532492,0.1502412359392308,0.0009879867392308117
81640.00499999998,0.1492880732,0.15026605173869337,0.0009779785386933582
81710.00499999998,0.1493088305,0.15029084995064262,0.000982019450642635
81790.00499999998,0.1493540406,0.15031921567215498,0.000965175072154989
81860.00499999998,0.1493733078,0.15034402542246028,0.0009707176224602876
81940.00499999998,0.1493933201,0.15037333518248763,0.0009800150824876286
82010.00499999998,0.1493925899,0.15040009497450207,0.001007505074502063
82080.00499999998,0.1494148225,0.1504268598934293,0.0010120373934293103
82160.00499999998,0.1494844854,0.15045749077875847,0.000973005378758468
82230.00499999998,0.149490416,0.15048424665283622,0.0009938306528362306
82310.00499999998,0.1495289654,0.1505148468661997,0.0009858814661997117
82380.00499999998,0.1495549083,0.15054161389554016,0.0009867055955401494
82460.00499999998,0.1495941877,0.15057221432884,0.0009780266288400008
82530.00499999998,0.149577871,0.15059896104938414,0.001021090049384138
82600.00499999998,0.1496090144,0.15062572687677123,0.0010167124767712366
82680.00499999998,0.1496586651,0.15065632754599184,0.000997662445991837
82750.00499999998,0.1496920139,0.1506845883412595,0.0009925744412594972
82830.00499999998,0.1497046202,0.1507193656639883,0.0010147454639883036
82900.00499999998,0.1497490853,0.1507498281573104,0.0010007428573103883
82980.00499999998,0.149772808,0.15078461061545695,0.0010118026154569415
83050.00499999998,0.1497972608,0.15081505581383217,0.0010177950138321734
83120.00499999998,0.1498069167,0.1508454944575524,0.0010385777575524224
83200.00499999998,0.1498521268,0.1508802944910439,0.0010281676910438853
83270.00499999998,0.1498699188,0.15091072737931321,0.0010408085793132127
83350.00499999998,0.1499091983,0.1509455136682662,0.0010363153682662052
83420.00499999998,0.1499373615,0.15097595373335737,0.001038592233357366
83490.00499999998,0.1499766409,0.15100639800603977,0.0010297571060397526
83570.00499999998,0.149986282,0.1510408838138088,0.0010546018138088142
83640.00499999998,0.1500470638,0.15107070242020165,0.0010236386202016612
83720.00499999998,0.150065586,0.1511047537938235,0.0010391677938234867
83790.00499999998,0.1501041353,0.15113455930109995,0.0010304240010999555
83870.00499999998,0.1501152515,0.15116860295126477,0.0010533514512647835
83940.00499999998,0.1501411945,0.15119839430816126,0.0010571998081612688
84010.00499999998,0.1502086371,0.15122822255715507,0.001019585457155081
84090.00499999998,0.1502027065,0.15126224820438808,0.0010595417043880728
84160.00499999998,0.1502738595,0.1512920643991406,0.0010182048991406178
84240.00499999998,0.1502723694,0.15132608785525872,0.0010537184552587286
84310.00499999998,0.1503079534,0.15135588562041014,0.001047932220410136
84390.00499999998,0.1503390819,0.15139304642184895,0.0010539645218489435
84460.00499999998,0.1503731757,0.15142916158695752,0.0010559858869575167
84530.00499999998,0.1504213512,0.1514652932680555,0.0010439420680554978
84610.00499999998,0.1504369229,0.15150655834428828,0.001069635444288286
84680.00499999998,0.1504984349,0.15154268300888526,0.0010442481088852595
84760.00499999998,0.1505206674,0.15158395013217157,0.001063282732171572
84830.00499999998,0.1505421698,0.15162005351845156,0.0010778837184515777
84910.00499999998,0.1505977511,0.1516613459295495,0.0010635948295494857
84980.00499999998,0.1506177634,0.15169743059921895,0.0010796671992189533
85050.00499999998,0.1506696492,0.15173356373563412,0.0010639145356341195
85130.00499999998,0.1507104188,0.15177529910536575,0.0010648803053657507
85200.00499999998,0.150746733,0.15181320946128057,0.00106647646128058
85280.00499999998,0.1507815719,0.1518565261565062,0.0010749542565061943
85350.00499999998,0.1508156657,0.1518944403376235,0.0010787746376235141
85420.00499999998,0.1508230716,0.15193232087803318,0.0011092492780331864
85500.00499999998,0.1508616209,0.15197562416257832,0.0011140032625783225
85570.00499999998,0.1509253681,0.15201354822189717,0.0010881801218971532
85650.00499999998,0.1509564966,0.15205684795588142,0.0011003513558814348
85720.00499999998,0.1509957761,0.1520947516326589,0.0010989755326588913
85800.00499999998,0.1510187536,0.15213804130932557,0.001119287709325567
85870.00499999998,0.1510387659,0.1521759243221822,0.0011371584221821773
85940.00499999998,0.151101023,0.15221382914560122,0.0011128061456012195
86020.00499999998,0.15111956,0.15225704799177803,0.0011374879917780134
86090.00499999998,0.1511862576,0.15229489226674495,0.0011086346667449343
86170.00499999998,0.1511973888,0.1523380999704135,0.0011407111704135053
86240.00499999998,0.1512359232,0.15237592907146058,0.0011400058714605699
86320.00499999998,0.1512900293,0.1524191629109648,0.001129133610964811
86390.00499999998,0.1513241231,0.15245698840581218,0.001132865305812164
86460.00499999998,0.1513700783,0.15249481121009434,0.0011247329100943504
86540.00499999998,0.1514034271,0.15253803247492323,0.001134605374923242
86610.00499999998,0.1514493823,0.15257585873234908,0.0011264764323490883
86690.00499999998,0.1514975578,0.1526190849297156,0.0011215271297156104
86760.00499999998,0.1515249759,0.15265806222319347,0.0011330863231934774
86830.00499999998,0.1515650004,0.1527023993884575,0.0011373989884574942
86910.00499999998,0.1516205966,0.1527530890130237,0.0011324924130237113
86980.00499999998,0.1516613662,0.15279744208677426,0.0011360758867742515
87060.00499999998,0.151712507,0.152848118231376,0.0011356112313760103
87130.00499999998,0.1517599374,0.15289246853967026,0.0011325311396702675
87210.00499999998,0.1517955065,0.1529431353311158,0.001147628831115799
87280.00499999998,0.1518518478,0.15298748387865474,0.0011356360786547448
87350.00499999998,0.1518659443,0.15303180313815062,0.001165858838150624
87430.00499999998,0.1519044787,0.15308246366506714,0.0011779849650671304
87500.00499999998,0.1519571096,0.15312680623007666,0.0011696966300766554
87580.00499999998,0.1519800872,0.15317721644036988,0.0011971292403698819
87650.00499999998,0.1520378888,0.15322035339186402,0.0011824645918640242
87730.00499999998,0.1520549357,0.1532696206792853,0.0012146849792852854
87800.00499999998,0.1521475911,0.15331278763152745,0.0011651965315274404
87870.00499999998,0.1521712989,0.15335590772401925,0.0011846088240192454
87950.00499999998,0.152235046,0.1534052067930453,0.0011701607930452995
88020.00499999998,0.1522357911,0.1534482918125188,0.0012125007125187992
88100.00499999998,0.1522847116,0.15349757220985133,0.0012128606098513184
88170.00499999998,0.1523573399,0.15354071318534307,0.00118337328534307
88250.00499999998,0.1523862481,0.15358997588066822,0.0012037277806682123
88320.00499999998,0.1524499804,0.15363311150258346,0.0011831311025834734
88390.00499999998,0.1524996459,0.15367657662479883,0.0011769307247988248
88470.00499999998,0.1525670886,0.15373101010483126,0.0011639215048312446
88540.00499999998,0.1525871009,0.15377860834917462,0.0011915074491746225
88620.00499999998,0.1526426971,0.15383302622860057,0.0011903291286005646
88690.00499999998,0.1526760459,0.15388062074413572,0.0012045748441357196
88760.00499999998,0.1527427584,0.15392824843349423,0.0011854900334942187
88840.00499999998,0.1527768523,0.1539826543024228,0.0012058020024228178
88910.00499999998,0.1528131664,0.1540302554700793,0.001217089070079308
88990.00499999998,0.1528954506,0.15408468292381006,0.0011892323238100466
89060.00499999998,0.1529503018,0.15413229742712864,0.0011819956271286458
89140.00499999998,0.1530029178,0.15418670684333208,0.0011837890433320786
89210.00499999998,0.1530481279,0.1542343504512687,0.001186222551268712
89280.00499999998,0.1530592442,0.1542823819149023,0.0012231377149022893
89360.00499999998,0.1531081647,0.1543372837479718,0.001229119047971794
89430.00499999998,0.1531808078,0.15438535368999484,0.0012045458899948291
89510.00499999998,0.1532215625,0.15444024235029763,0.0012186798502976381
89580.00499999998,0.1532993913,0.15448831198141133,0.0011889206814113262
89660.00499999998,0.1533075422,0.15454319564357122,0.0012356534435712108
89730.00499999998,0.1533749849,0.15459125626939074,0.0012162713693907312
89800.00499999998,0.1534253955,0.15463928719941356,0.0012138916994135496
89880.00499999998,0.1534780115,0.15469419355901198,0.001216182059011972
89950.00499999998,0.1535217464,0.1547422341044634,0.0012204877044633966
90030.00499999998,0.1535995752,0.1547980189733343,0.0011984437733343067
90100.00499999998,0.1536395848,0.15485468095854515,0.001215096158545148
90170.00499999998,0.1536788791,0.1549113395028302,0.0012324604028302044
90250.00499999998,0.1537389159,0.15497610124789046,0.0012371853478904682
90320.00499999998,0.1537856013,0.1550327515941543,0.0012471502941543144
90400.00499999998,0.153862685,0.15509751921191617,0.0012348342119161693
90470.00499999998,0.1539019793,0.15515416907116614,0.0012521897711661456
90550.00499999998,0.1539597958,0.15521436166852437,0.0012545658685243766
90620.00499999998,0.1540094614,0.15526618209402376,0.0012567206940237718
90690.00499999998,0.1540650427,0.15531801623794578,0.0012529735379457896
90770.00499999998,0.154146567,0.15537726291508763,0.0012306959150876207
90840.00499999998,0.1542051286,0.15542910342713098,0.0012239748271309914
90920.00499999998,0.1542310715,0.15548831492415238,0.0012572434241523711
90990.00499999998,0.1543081552,0.15554016289900385,0.001232007699003862
91070.00499999998,0.1543533653,0.15559938174364496,0.0012460164436449706
91140.00499999998,0.1544096917,0.15565121409761662,0.001241522397616629
91210.00499999998,0.1544430405,0.15570302171007938,0.0012599812100793917
91290.00499999998,0.1545267999,0.15576226272941118,0.0012354628294111714
91360.00499999998,0.1545757204,0.15581997347872523,0.0012442530787252215
91440.00499999998,0.1546179652,0.15588750972684345,0.0012695445268434413
91510.00499999998,0.1546950489,0.15594662272894091,0.0012515738289409217
91590.00499999998,0.154758051,0.15601417141834828,0.0012561204183482721
91660.00499999998,0.1548151076,0.15607326919995915,0.0012581615999591456
91730.00499999998,0.1548714489,0.15613237743902716,0.0012609285390271507
91810.00499999998,0.1549381614,0.1561999155752473,0.0012617541752472927
91880.00499999998,0.154961139,0.15625898542133906,0.0012978464213390661
91960.00499999998,0.1550337821,0.15632652511766557,0.0012927430176655763
92030.00499999998,0.1550960392,0.15638562448028848,0.0012895852802884689
92100.00499999998,0.1551494002,0.15644472838275425,0.0012953281827542407
92180.00499999998,0.1552012861,0.15651318349103654,0.0013118973910365428
92250.00499999998,0.1552813351,0.15657342487580292,0.0012920897758029182
92330.00499999998,0.1553317308,0.15664225499058293,0.001310524190582918
92400.00499999998,0.1553791612,0.15670248994382802,0.0013233287438280117
92480.00499999998,0.155448094,0.1567713155920285,0.001323221592028495
92550.00499999998,0.1555192471,0.15683155916510252,0.0013123120651025166
92620.00499999998,0.1555778086,0.15689178479587218,0.001313976195872174
92700.00499999998,0.1556385756,0.15696062265249341,0.0013220470524934191
92770.00499999998,0.1557215899,0.15702087505992818,0.0012992851599281652
92850.00499999998,0.155775696,0.15708969478715668,0.0013139987871566838
92920.00499999998,0.1558364779,0.15714992501799638,0.0013134471179963858
93000.00499999998,0.1559017152,0.1572236270191389,0.0013219118191388768
93070.00499999998,0.1559706479,0.15728982800314975,0.0013191801031497419
93140.00499999998,0.1560277045,0.1573560276243405,0.0013283231243405025
93220.00499999998,0.1561010927,0.15743168570487032,0.0013305930048703174
93290.00499999998,0.1561826169,0.15749790542246178,0.0013152885224617938
93370.00499999998,0.1562463641,0.15757355940059115,0.0013271953005911385
93440.00499999998,0.1563071311,0.15763977653344619,0.001332645433446189
93510.00499999998,0.1563634723,0.15770601375959165,0.0013425414595916452
93590.00499999998,0.1564301699,0.15778171861691198,0.0013515487169119822
93660.00499999998,0.1564991027,0.15784794864827223,0.001348845948272226
93740.00499999998,0.1565687656,0.15792365514013718,0.001354889540137183
93810.00499999998,0.1566503048,0.15798990307860883,0.0013395982786088279
93890.00499999998,0.1567073762,0.15806559328742045,0.0013582170874204547
93960.00499999998,0.1567770392,0.15813182422476973,0.001354785024769739
94030.00499999998,0.156846717,0.15819806900401334,0.0013513520040133453
94110.00499999998,0.156909734,0.15827376804974785,0.0013640340497478587
94180.00499999998,0.1569949687,0.15834000539815285,0.0013450366981528628
94260.00499999998,0.15705055,0.158417159000466,0.0013666090004659792
94330.00499999998,0.1571276337,0.1584862449961005,0.0013586112961005148
94410.00499999998,0.1572054625,0.15856519404890215,0.0013597315489021489
94480.00499999998,0.157281056,0.1586342824225051,0.0013532264225050994
94550.00499999998,0.1573484987,0.15870337432881992,0.0013548756288199182
94630.00499999998,0.1574144661,0.15878231841686552,0.0013678523168655088
94700.00499999998,0.157475248,0.15885139736604909,0.0013761493660490731
94780.00499999998,0.1575649232,0.1589303564428506,0.0013654332428506
94850.00499999998,0.1576286703,0.15899944875705974,0.0013707784570597403
94930.00499999998,0.1577079743,0.15907839338074914,0.0013704190807491412
95000.00499999998,0.1577798724,0.1591474785142389,0.0013676061142389173
95070.00499999998,0.1578532457,0.1592182271516313,0.001364981451631303
95150.00499999998,0.157917738,0.15930230760864608,0.0013845696086460801
95220.00499999998,0.1579918563,0.15937587109523288,0.0013840147952328685
95300.00499999998,0.158104524,0.15945999272529598,0.0013554687252959885
95370.00499999998,0.1581512094,0.15953355116041532,0.0013823417604153232
95440.00499999998,0.1582231075,0.1596071308488293,0.0013840233488293108
95520.00499999998,0.1583305746,0.15969123796002935,0.0013606633600293516
95590.00499999998,0.1583691239,0.1597647989420545,0.0013956750420545116
95670.00499999998,0.1584499031,0.15984887323016364,0.0013989701301636293
95740.00499999998,0.158510685,0.15992245802279548,0.001411773022795465
95820.00499999998,0.1586315036,0.16000657752811165,0.0013750739281116475
95890.00499999998,0.1587197036,0.1600828039122285,0.001363100312228499
95960.00499999998,0.1587982625,0.16016351741796583,0.0013652549179658247
96040.00499999998,0.1588738859,0.16025575099223308,0.0013818650922330644
96110.00499999998,0.1589146405,0.16033641018289024,0.0014217696828902338
96190.00499999998,0.1590095162,0.16042863926593226,0.001419123065932254
96260.00499999998,0.1590991914,0.16050935620385226,0.001410164803852254
96340.00499999998,0.1591644138,0.16060156763126826,0.001437153831268273
96410.00499999998,0.1592555791,0.16068229010905322,0.0014267110090532276
96480.00499999998,0.1593593508,0.1607630039421037,0.0014036531421036946
96560.00499999998,0.1594557017,0.16085524844292984,0.0013995467429298303
96630.00499999998,0.1594868302,0.1609361057518417,0.0014492755518416833
96710.00499999998,0.1595750302,0.16102916693602776,0.0014541367360277613
96780.00499999998,0.1596876979,0.16111062112157615,0.001422923221576139
96850.00499999998,0.1597506851,0.16119205209904414,0.0014413669990441247
96930.00499999998,0.1598589122,0.16128513157397606,0.001426219373976051
97000.00499999998,0.1599478573,0.16136658827816025,0.0014187309781602542
97080.00499999998,0.1600234658,0.16145964379914604,0.0014361779991460544
97150.00499999998,0.1601027697,0.1615410811142303,0.0014383114142302866
97230.00499999998,0.16019319,0.16163414893241668,0.0014409589324166638
97300.00499999998,0.1602902859,0.16171559797643514,0.001425312076435148
97370.00499999998,0.1603688449,0.16179703962898365,0.001428194728983645
97450.00499999998,0.1604459286,0.16189278256476358,0.0014468539647635725
97520.00499999998,0.1605504453,0.16198493302191624,0.0014344877219162333
97600.00499999998,0.160626784,0.16209021584506633,0.0014634318450663375
97670.00499999998,0.1607357264,0.1621823791263007,0.0014466527263007067
97750.00499999998,0.1608358026,0.16228768904893193,0.0014518864489319327
97820.00499999998,0.1609151065,0.16237982039014964,0.0014647138901496548
97890.00499999998,0.1609862596,0.1624719543085359,0.0014856947085359062
97970.00499999998,0.1611219049,0.16257728022565382,0.0014553753256538182
98040.00499999998,0.1612086147,0.1626694463692992,0.0014608316692991952
98120.00499999998,0.1612768024,0.16277473349732283,0.0014979310973228244
98190.00499999998,0.1613709331,0.16286688695887053,0.0014959538588705246
98270.00499999998,0.1615006477,0.1629717893206209,0.0014711416206208972
98340.00499999998,0.1615606844,0.1630622187993929,0.0015015343993929064
98410.00499999998,0.161645174,0.16315265623161562,0.00150748223161562
98490.00499999998,0.1617711931,0.16325604209448177,0.0014848489944817855
98560.00499999998,0.1618601233,0.1633464909731692,0.0014863676731692033
98640.00499999998,0.1619690806,0.16344986857731314,0.0014807879773131305
98710.00499999998,0.1620587707,0.16354033310462734,0.0014815624046273512
98780.00499999998,0.1621217579,0.1636307640404958,0.0015090061404958166
98860.00499999998,0.1622685194,0.16373415980243816,0.0014656404024381564
98930.00499999998,0.1623115093,0.16382458332679634,0.001513074026796346
99010.00499999998,0.1624604762,0.1639279930557191,0.001467516855719081
99080.00499999998,0.1625145823,0.1640204217652367,0.001505839465236719
99160.00499999998,0.1626346558,0.16414396123800912,0.0015093054380091175
99230.00499999998,0.1627369523,0.16425207607050885,0.0015151237705088583
99300.00499999998,0.1628377587,0.16435411135906935,0.0015163526590693532
99380.00499999998,0.1629519016,0.16446648651872758,0.0015145849187275795
99450.00499999998,0.1630534381,0.1645648022042902,0.0015113641042902026
99530.00499999998,0.1631364524,0.16467716227372714,0.0015407098737271474
99600.00499999998,0.1632639319,0.16477550313360628,0.0015115712336062903
99680.00499999998,0.1633476913,0.16488785602267134,0.00154016472267135
99750.00499999998,0.1634714603,0.16498621112199896,0.0015147508219989503
99820.00499999998,0.1635277867,0.16508452005144625,0.0015567333514462378
99900.00499999998,0.1636708379,0.16519692335556316,0.0015260854555631531
99970.00499999998,0.1637523919,0.16529524603131202,0.001542854131312027
100050.00499999998,0.1638657898,0.16540762390094435,0.001541834100944356
100120.00499999998,0.1639903039,0.1655075022691156,0.0015171983691155966
100190.00499999998,0.1640881449,0.16560824853831443,0.001520103638314424
100270.00499999998,0.1641896814,0.1657233845143708,0.001533703114370788
100340.00499999998,0.1643193811,0.1658241515467399,0.0015047704467399114
100420.00499999998,0.1643868387,0.16593928716937895,0.0015524484693789364
100490.00499999998,0.1645202488,0.16604006610992217,0.001519817309922178
100570.00499999998,0.1646373719,0.16615521565360158,0.0015178437536015887
100640.00499999998,0.1647122204,0.16625596376774643,0.0015437433677464307
100710.00499999998,0.1648263633,0.16635673435229398,0.0015303710522939773
100790.00499999998,0.1649442166,0.16647189905282284,0.0015276824528228372
100860.00499999998,0.1650494635,0.16657266681076374,0.0015232033107637488
100940.00499999998,0.1651584208,0.16668976809393038,0.0015313472939303685
101010.00499999998,0.1652984917,0.1667936035452593,0.0014951118452593004
101090.00499999998,0.1654059738,0.16691226447667973,0.0015062906766797335
101160.00499999998,0.1654800922,0.1670160532452764,0.001535961045276396
101230.00499999998,0.165620178,0.16711991900180462,0.001499741001804611
101310.00499999998,0.1657291353,0.16723857922225246,0.001509443922252468
101380.00499999998,0.1658136249,0.16734239994887756,0.0015287750488775509
101460.00499999998,0.1659544557,0.16746108036270863,0.0015066246627086222
101530.00499999998,0.16603598,0.16756490987316924,0.0015289298731692436
101610.00499999998,0.1661649495,0.16768358251648482,0.0015186330164848327
101680.00499999998,0.1662761271,0.16778743261325343,0.0015113055132534303
101750.00499999998,0.1663962007,0.16789358967477436,0.0014973889747743607
101830.00499999998,0.166496262,0.16801747822813745,0.0015212162281374453
101900.00499999998,0.1666230112,0.1681259060025701,0.0015028948025700983
101980.00499999998,0.1667171419,0.16824979399852363,0.0015326520985236292
102050.00499999998,0.1668661237,0.16835824365595492,0.0014921199559549125
102120.00499999998,0.166930601,0.1684666474103283,0.0015360464103282845
102200.00499999998,0.1670573354,0.16859055763285413,0.0015332222328541256
102270.00499999998,0.1672011316,0.16869901928041503,0.0014978876804150332
102350.00499999998,0.1672863662,0.168822916574149,0.0015365503741489872
102420.00499999998,0.1674042195,0.1689313608188083,0.001527141318808295
102500.00499999998,0.1675361544,0.16905529562301586,0.0015191412230158574
102570.00499999998,0.1676532626,0.1691641743612173,0.001510911761217315
102640.00499999998,0.1677792668,0.16927346679224087,0.0014941999922408744
102720.00499999998,0.1679008156,0.16939835305619022,0.0014975374561902177
102790.00499999998,0.1680068076,0.16950763047979706,0.0015008228797970535
102870.00499999998,0.1681261361,0.16963252854418984,0.0015063924441898469
102940.00499999998,0.168223232,0.16974181075471415,0.001518578754714145
103020.00499999998,0.1683447808,0.1698667114229322,0.0015219306229321827
103090.00499999998,0.1685011834,0.16997603734732625,0.0014748539473262434
103160.00499999998,0.1685797572,0.1700853223012418,0.0015055651012417792
103240.00499999998,0.1687094569,0.17021024011456853,0.0015007832145685351
103310.00499999998,0.1688191444,0.17031954886852418,0.0015004044685241746
103390.00499999998,0.1689540446,0.17045509729448716,0.001501052694487165
103460.00499999998,0.1690859795,0.1705717961140148,0.0014858166140147844
103530.00499999998,0.1691623181,0.17068844133600125,0.0015261232360012644
103610.00499999998,0.1692957282,0.17082178865626751,0.0015260604562675195
103680.00499999998,0.1694135964,0.17093847632853076,0.001524879928530759
103760.00499999998,0.1695418209,0.17107182590077497,0.0015300050007749644
103830.00499999998,0.1696678102,0.17118852990482433,0.0015207197048243415
103910.00499999998,0.1697997451,0.17132190961440602,0.0015221645144060103
103980.00499999998,0.1699190736,0.17143860296984403,0.001519529369844036
104050.00499999998,0.1700398922,0.17155532612311108,0.001515433923111098
104130.00499999998,0.17015329,0.17168870993171806,0.0015354199317180461
104200.00499999998,0.1702667028,0.17180456521627602,0.0015378624162760146
104280.00499999998,0.1704008579,0.17193441638203466,0.0015335584820346526
104350.00499999998,0.170516476,0.17204802296302948,0.0015315469630294842
104430.00499999998,0.1706417352,0.1721778746490848,0.001536139449084789
104500.00499999998,0.1707558781,0.17229150150505346,0.001535623405053449
104570.00499999998,0.1708744615,0.1724051313649786,0.001530669864978601
104650.00499999998,0.1710278839,0.17253502019532874,0.001507136295328726
104720.00499999998,0.1711168289,0.17264863242699743,0.001531803526997444
104800.00499999998,0.1712495238,0.17277851157228763,0.0015289877722876322
104870.00499999998,0.1713851541,0.17289217877418067,0.0015070246741806792
104950.00499999998,0.1715155989,0.17302208260588314,0.0015064837058831326
105020.00499999998,0.1716178805,0.17313708629357952,0.0015192057935795311
105090.00499999998,0.1717268378,0.17325532938947114,0.0015284915894711315
105170.00499999998,0.1718928665,0.17339046374009848,0.001497597240098486
105240.00499999998,0.1719914377,0.17350868337083544,0.0015172456708354431
105320.00499999998,0.1721441299,0.1736438388110336,0.0014997089110335982
105390.00499999998,0.1722656935,0.1737620947638506,0.0014964012638505886
105460.00499999998,0.1723605543,0.17388033095427707,0.0015197766542770774
105540.00499999998,0.1724917442,0.17401548490872798,0.0015237407087279886
105610.00499999998,0.1726221889,0.17413374775117094,0.0015115588511709355
105690.00499999998,0.1727719158,0.17426892986361162,0.001497014063611607
105760.00499999998,0.1728771627,0.1743871831524879,0.001510020452487909
105840.00499999998,0.1730387509,0.17452440643080255,0.0014856555308025432
105910.00499999998,0.1731602997,0.1746487131074069,0.0014884134074069078
105980.00499999998,0.1732951999,0.17477305694695416,0.0014778570469541619
106060.00499999998,0.1733878404,0.17491511434000862,0.0015272739400086222
106130.00499999998,0.1735234857,0.17503943680258227,0.0015159511025822636
106210.00499999998,0.173676908,0.17518155010397862,0.0015046421039786317
106280.00499999998,0.1737784445,0.1753058743993095,0.0015274298993095126
106360.00499999998,0.1739400327,0.1754479881136384,0.0015079554136384066
106430.00499999998,0.1740727127,0.17557235315443417,0.0014996404544341813
106500.00499999998,0.1742224246,0.17569672744481268,0.001474302844812675
106580.00499999998,0.174341023,0.17583884127797458,0.001497818277974572
106650.00499999998,0.1744996309,0.1759694760384035,0.0014698451384034805
106730.00499999998,0.1746085733,0.17614277664159955,0.001534203341599566
106800.00499999998,0.174747929,0.17628331920043355,0.0015353902004335562
106870.00499999998,0.1748791188,0.17641704382694362,0.0015379250269436096
106950.00499999998,0.1750095785,0.17656986163909705,0.001560283139097035
107020.00499999998,0.1751615107,0.17670362481776003,0.001542114117760035
107100.00499999998,0.1753090024,0.1768564645162551,0.001547462116255116
107170.00499999998,0.17542018,0.17699018890942364,0.0015700089094236314
107250.00499999998,0.1755928844,0.17714307097583348,0.0015501865758334732
107320.00499999998,0.175713703,0.177276828345673,0.0015631253456729888
107390.00499999998,0.1758174747,0.17741057342297412,0.0015930987229741123
107470.00499999998,0.1760116667,0.1775634880352257,0.0015518213352256893
107540.00499999998,0.1761176437,0.17769725004660575,0.0015796063466057553
107620.00499999998,0.1763177663,0.17785439936147923,0.00153663306147922
107690.00499999998,0.1764081866,0.17799451907223016,0.0015863324722301675
107770.00499999998,0.1765823811,0.17815469972710885,0.001572318627108854
107840.00499999998,0.1767009646,0.17829484750507896,0.0015938829050789471
107910.00499999998,0.1768506914,0.17843500671100457,0.0015843153110045582
107990.00499999998,0.1770196706,0.17859519744726268,0.0015755268472626704
108060.00499999998,0.1771605015,0.17873538383082654,0.0015748823308265325
108140.00499999998,0.1772939116,0.17889557736954081,0.001601665769540822
108210.00499999998,0.1774562448,0.17903579333022931,0.0015795485302293188
108290.00499999998,0.1776230037,0.17919602376183344,0.0015730200618334356
108360.00499999998,0.1777215898,0.17933621441424186,0.0016146246142418608
108430.00499999998,0.1779046506,0.17948401714243217,0.0015793665424321812
108510.00499999998,0.1780425161,0.17965943646625765,0.001616920366257657
108580.00499999998,0.1782048345,0.17981297546068664,0.0016081409606866492
108660.00499999998,0.1783894002,0.1799884444397393,0.0015990442397393057
108730.00499999998,0.178546533,0.18014197250740366,0.001595439507403651
108800.00499999998,0.1786762327,0.18029548770174952,0.001619255001749531
108880.00499999998,0.1788667142,0.18047097202214557,0.0016042578221455717
108950.00499999998,0.1790053248,0.180624517312445,0.0016191925124449946
109030.00499999998,0.1791995168,0.18080002832993647,0.0016005115299364547
109100.00499999998,0.1793396026,0.1809535861592016,0.0016139835592015872
109180.00499999998,0.1795174927,0.181129090049343,0.0016115973493429914
109250.00499999998,0.179697603,0.1812926305060919,0.0015950275060918895
109320.00499999998,0.1798354536,0.1814620588719747,0.001626605271974696
109400.00499999998,0.1800177842,0.1816557211591395,0.0016379369591394966
109470.00499999998,0.1801793724,0.18182517917820976,0.0016458067782097463
109550.00499999998,0.1803906113,0.18201887501459252,0.001628263714592515
109620.00499999998,0.1805403382,0.18218835603970818,0.0016480178397081657
109700.00499999998,0.1806982011,0.18238568239222214,0.001687481292222126
109770.00499999998,0.1808812767,0.18255980117913467,0.0016785244791346632
109840.00499999998,0.1810376793,0.18273390948697044,0.0016962301869704322
109920.00499999998,0.1812407523,0.1829329304721789,0.0016921781721788987
109990.00499999998,0.1813978851,0.18310707108025243,0.0017091859802524367
110070.00499999998,0.1816217303,0.1833061171926101,0.0016843868926101069
110140.00499999998,0.1817944199,0.18348028829378088,0.001685868393780876
110210.00499999998,0.1819708347,0.1836544677445519,0.0016836330445519077
110290.00499999998,0.1821642816,0.18385352613089004,0.0016892445308900328
110360.00499999998,0.1823429018,0.18402773100812403,0.0016848292081240168
110440.00499999998,0.182538569,0.18422680316037085,0.0016882341603708384
110510.00499999998,0.182726115,0.18441534439708093,0.001689229397080938
110590.00499999998,0.1829099208,0.18463735055713557,0.001727429757135579
110660.00499999998,0.1831293106,0.18483167635431375,0.0017023657543137338
110730.00499999998,0.1833020002,0.1850259871496317,0.0017239869496316895
110810.00499999998,0.1835191697,0.18524806119230036,0.0017288914923003496
110880.00499999998,0.1836622357,0.1854423454054952,0.001780109705495192
110960.00499999998,0.1839016378,0.185664452915561,0.0017628151155610061
111030.00499999998,0.1840698719,0.18585877408977258,0.0017889021897725954
111110.00499999998,0.1843226254,0.18608091005234872,0.0017582846523487294
111180.00499999998,0.1844960749,0.18627548391687476,0.0017794090168747612
111250.00499999998,0.1846835911,0.18647192309668015,0.0017883319966801592
111330.00499999998,0.1849014908,0.18669644989527664,0.0017949590952766326
111400.00499999998,0.1851016134,0.18689292838470864,0.0017913149847086363
111480.00499999998,0.1853365749,0.18711749685060564,0.0017809219506056406
111550.00499999998,0.1855529994,0.18731401523043095,0.0017610158304309509
111630.00499999998,0.1857301444,0.18753856413596937,0.0018084197359693743
111700.00499999998,0.1859243363,0.18773506716949023,0.0018107308694902402
111770.00499999998,0.1861511469,0.18793162541977645,0.0017804785197764461
111850.00499999998,0.1864038855,0.18815625414893822,0.0017523686489382129
111920.00499999998,0.186568439,0.18835278756829835,0.001784348568298344
112000.00499999998,0.1868026406,0.1885832347212608,0.0017805941212608034
112070.00499999998,0.1870146394,0.18881324029889487,0.0017986008988948865
112140.00499999998,0.1872369945,0.18904326502673705,0.0018062705267370416
112220.00499999998,0.1874926984,0.1893003196562409,0.0018076212562408989
112290.00499999998,0.1876713187,0.18951602209233467,0.0018447033923346678
112370.00499999998,0.1879151911,0.18976254510063534,0.0018473540006353484
112440.00499999998,0.188117519,0.18997826784860253,0.001860748848602517
112520.00499999998,0.1883658171,0.19022481665059326,0.0018589995505932655
112590.00499999998,0.1886193007,0.19044061653270883,0.0018213158327088363
112660.00499999998,0.1888327748,0.19065640515878612,0.0018236303587861324
112740.00499999998,0.189047724,0.19090297649404608,0.0018552524940460835
112810.00499999998,0.1892900765,0.19111877646633968,0.001828699966339692
112890.00499999998,0.1895332038,0.19136540317321793,0.0018321993732179354
112960.00499999998,0.1897674203,0.19158123477093406,0.0018138144709340664
113040.00499999998,0.1900275648,0.19183287043262504,0.0018053056326250427
113110.00499999998,0.1902388036,0.1920587890339191,0.0018199854339190913
113180.00499999998,0.1904404163,0.1922846865190555,0.001844270219055505
113260.00499999998,0.190702796,0.19254288976345002,0.0018400937634500125
113330.00499999998,0.1909570247,0.19276884987675508,0.001811825176755072
113410.00499999998,0.1911927313,0.19302706697255234,0.0018343356725523396
113480.00499999998,0.1914247274,0.19325305132127577,0.0018283239212757707
113550.00499999998,0.19166857,0.19347905000874457,0.0018104800087445638
113630.00499999998,0.191898331,0.1937373083140408,0.001838977314040785
113700.00499999998,0.1921429336,0.19396331713608378,0.0018203835360837695
113780.00499999998,0.1924171746,0.19422162883971306,0.0018044542397130658
113850.00499999998,0.1926402599,0.19444804386127784,0.0018077839612778424
113930.00499999998,0.1929071099,0.19470733193850578,0.0018002220385057721
114000.00499999998,0.1931250095,0.19493420458617838,0.0018091950861783834
114070.00499999998,0.193359971,0.1951610913172705,0.0018011203172705048
114150.00499999998,0.1936312467,0.195420422518442,0.0017891758184419848
114220.00499999998,0.1938647181,0.1956473445450867,0.001782626445086699
114300.00499999998,0.1941159815,0.19590668847741333,0.00179070697741332
114370.00499999998,0.1943731755,0.19613364228188934,0.0017604667818893471
114450.00499999998,0.194608137,0.19639301693495292,0.0017848799349529376
114520.00499999998,0.1948304921,0.19661997389654282,0.0017894817965428134
114590.00499999998,0.1950609982,0.1968469432573331,0.0017859450573330937
114670.00499999998,0.1953233927,0.19710045438992546,0.0017770616899254743
114740.00499999998,0.1955420375,0.19731647272135983,0.001774435221359838
114820.00499999998,0.1958133131,0.19756335734219613,0.0017500442421961304
114890.00499999998,0.1960453093,0.19777942038752166,0.001734111087521667
114970.00499999998,0.1962854564,0.19802632443407917,0.0017408680340791627
115040.00499999998,0.1965159625,0.1982423840630858,0.001726421563085806
115110.00499999998,0.1967753768,0.19845849251435002,0.0016831157143500086
115190.00499999998,0.1970095932,0.19870543216125047,0.0016958389612504732
115260.00499999998,0.1972482651,0.19892154706702653,0.0016732819670265409
115340.00499999998,0.1974795014,0.19916853405767365,0.0016890326576736447
115410.00499999998,0.1977389306,0.19938467922243508,0.0016457486224350781
115480.00499999998,0.1979472041,0.19960262734453427,0.001655423244534271
115560.00499999998,0.1981791854,0.19985377703186036,0.0016745916318603449
115630.00499999998,0.1984319538,0.20007360168572497,0.0016416478857249617
115710.00499999998,0.1986624599,0.20032478899995804,0.001662329099958032
115780.00499999998,0.198867023,0.20054459672957314,0.0016775737295731397
115860.00499999998,0.1991723925,0.2007958916638213,0.001623499163821318
115930.00499999998,0.1993517727,0.20101570536512592,0.0016639326651259057
116000.00499999998,0.1996030211,0.20123558643981948,0.0016325653398194806
116080.00499999998,0.199875772,0.2014868851314987,0.0016111131314986982
116150.00499999998,0.2000462711,0.2017067285653422,0.0016604574653421855
116230.00499999998,0.2002945542,0.20195800759187582,0.0016634533918758188
116300.00499999998,0.2005561888,0.20217895941044806,0.0016227706104480488
116380.00499999998,0.2008215487,0.20243221408770184,0.001610665387701854
116450.00499999998,0.2010113001,0.2026537749792705,0.0016424748792704946
116520.00499999998,0.2012603283,0.20287540621395142,0.001615077913951407
116600.00499999998,0.2015108466,0.2031286783936816,0.0016178317936816067
116670.00499999998,0.2017176449,0.20335031022367422,0.0016326653236742317
116750.00499999998,0.2019429654,0.20360357414449376,0.0016606087444937523
116820.00499999998,0.2021645755,0.20382522005523912,0.0016606445552391214
116890.00499999998,0.2024025172,0.20404689030585996,0.0016443731058599642
116970.00499999998,0.2026619315,0.2043002412883341,0.001638309788334097
117040.00499999998,0.2028835416,0.2045219117340689,0.001638370134068895
117120.00499999998,0.2031392455,0.20478148362583198,0.001642238125831974
117190.00499999998,0.2033675462,0.2050117677963083,0.0016442215963083096
117270.00499999998,0.2036247253,0.2052749424867326,0.0016502171867325832
117340.00499999998,0.2038626522,0.20550525751175924,0.0016426053117592487
117410.00499999998,0.2040991038,0.20573557928795666,0.0016364754879566734
117490.00499999998,0.2043170035,0.20599876384440524,0.001681760344405231
117560.00499999998,0.2045771629,0.20622910954892437,0.001651946648924374
117640.00499999998,0.2048499286,0.2064923652051004,0.0016424366051003836
117710.00499999998,0.2050544918,0.20672269303201182,0.0016682012320118345
117790.00499999998,0.2053324282,0.20698596515822634,0.0016535369582263426
117860.00499999998,0.20557037,0.2072163424695998,0.001645972469599799
117930.00499999998,0.2058268189,0.20746520748418107,0.0016383885841810553
118010.00499999998,0.206092149,0.20775589396603417,0.001663744966034164
118080.00499999998,0.2063263804,0.20800772399427542,0.0016813435942754085
118160.00499999998,0.206596911,0.20829555710503714,0.0016986461050371437
118230.00499999998,0.2068585455,0.20854743992448155,0.0016888944244815574
118310.00499999998,0.2071024179,0.20883528186535216,0.0017328639653521605
118380.00499999998,0.2073692381,0.20908717547342315,0.0017179373734231562
118450.00499999998,0.2076108605,0.20933907984015954,0.0017282193401595425
118530.00499999998,0.2078851163,0.20962696916609652,0.001741852866096516
118600.00499999998,0.20818232,0.2098789484276273,0.0016966284276273003
118680.00499999998,0.2084276527,0.2101668521912918,0.0017391994912918096
118750.00499999998,0.2086826265,0.21041880174642397,0.001736175246423971
118820.00499999998,0.2089665085,0.2106838724102374,0.001717363910237385
118900.00499999998,0.2092511207,0.21100001505070282,0.0017488943507028287
118970.00499999998,0.2094808966,0.21127662435401195,0.001795727754011961
119050.00499999998,0.2097818106,0.21159277797878578,0.0018109673787857772
119120.00499999998,0.2100716084,0.2118694375957893,0.0017978291957893022
119200.00499999998,0.2104088664,0.2121856671503491,0.0017768007503490835
119270.00499999998,0.2106779069,0.2124623622313211,0.0017844553313210998
119340.00499999998,0.2109410465,0.2127390456480183,0.0017979991480182866
119420.00499999998,0.2112664282,0.21305531560457913,0.001788887404579137
119490.00499999998,0.2115443647,0.2133320394408151,0.0017876747408151206
119570.00499999998,0.2118615955,0.21364829842194422,0.0017867029219442165
119640.00499999998,0.2121684551,0.21394772602393258,0.0017792709239325966
119720.00499999998,0.2124871761,0.21430290856146111,0.001815732461461106
119790.00499999998,0.2127673328,0.2146137097684212,0.001846376968421215
119860.00499999998,0.2130727023,0.21492453050659852,0.0018518282065985159
119940.00499999998,0.2134373784,0.21527980769510394,0.0018424292951039478
120010.00499999998,0.2137234658,0.215590651814149,0.0018671860141489804
120090.00499999998,0.2141014934,0.21595378739822021,0.0018522939982202058
120160.00499999998,0.2144083381,0.2162825370753284,0.001874198975328395
120230.00499999998,0.2147218734,0.21661127750865786,0.001889404108657844
120310.00499999998,0.2150820792,0.21698702737195802,0.0019049481719580208
120380.00499999998,0.2153763473,0.21731579516987165,0.0019394478698716577
120460.00499999998,0.2157498896,0.2176915497412515,0.0019416601412514944
120530.00499999998,0.2161012292,0.21802038805253673,0.0019191588525367398
120610.00499999998,0.2164696008,0.21839618749847853,0.001926586698478533
120680.00499999998,0.2167971879,0.21872503145887515,0.001927843558875153
120750.00499999998,0.2171485275,0.2190539255071696,0.0019053980071696008
120830.00499999998,0.2174939215,0.21942973778501546,0.0019358162850154625
120900.00499999998,0.2178541422,0.21975517257481797,0.0019010303748179802
120980.00499999998,0.2182440013,0.22012206465928036,0.0018780633592803686
121050.00499999998,0.218570143,0.22044309293709544,0.0018729499370954417
121130.00499999998,0.2189718485,0.22081003896167484,0.0018381904616748268
121200.00499999998,0.2192883492,0.22113106941085642,0.0018427202108564078
121270.00499999998,0.2196537554,0.22145220849755953,0.0017984530975595214
121350.00499999998,0.2200428843,0.22181919539790634,0.0017763110979063523
121420.00499999998,0.2203526944,0.22214028585567566,0.001787591455675669
121500.00499999998,0.2207247913,0.22250729112424542,0.0017824998242454149
121570.00499999998,0.2210723907,0.2228284600817388,0.0017560693817387785
121650.00499999998,0.2214511484,0.223195517573203,0.0017443691732030031
121720.00499999998,0.2217253894,0.22347828985046148,0.0017529004504614754
121790.00499999998,0.222058937,0.22373449862615513,0.0016755616261551198
121870.00499999998,0.2224161774,0.22400876500316425,0.0015925876031642472
121940.00499999998,0.2227148861,0.2242487481902078,0.0015338620902077826
122020.00499999998,0.2230195105,0.2245230197612123,0.0015035092612123158
122090.00499999998,0.223315984,0.2247630459272645,0.0014470619272645147
122160.00499999998,0.223582834,0.22500307089462895,0.0014202368946289456
122240.00499999998,0.2238674462,0.2252773656026841,0.0014099194026841178
122310.00600000002,0.22412242,0.22551739287855244,0.0013949728785524473
122390.00600000002,0.2244463116,0.225791771476963,0.0013454598769629955
122460.00600000002,0.2246590257,0.22603184022610912,0.0013728145261091285
122540.00600000002,0.2249384671,0.22630619894372345,0.0013677318437234354
122610.00600000002,0.2251660079,0.22652974802829326,0.001363740128293267
122680.00600000002,0.2253661305,0.22667648500227144,0.0013103545022714325
122760.00600000002,0.2255899757,0.22685396311152334,0.0012639874115233374
122830.00600000002,0.225787878,0.22700926981929537,0.0012213918192953699
122910.00600000002,0.2260161638,0.22718678565349248,0.0011706218534924817
122980.00600000002,0.2262192518,0.2273421452892559,0.0011228934892558995
123060.00600000002,0.2264586538,0.22751968200514106,0.0010610282051410624
123130.00600000002,0.2265527844,0.22767503147255352,0.0011222470725535116
123200.00600000002,0.2267128825,0.22783034984399342,0.001117467343993428
123280.00600000002,0.2269374728,0.2280079429216486,0.001070470121648598
123350.00600000002,0.2270731032,0.22816330613443783,0.001090202934437845
123430.00600000002,0.2272257954,0.2283408626635775,0.0011150672635774905
123500.00600000002,0.2273532748,0.22845752624946097,0.001104251449460969
123570.00600000002,0.2274777889,0.22856070063396478,0.0010829117339647698
123650.00600000002,0.227611959,0.22867863781241396,0.001066678812413957
123720.00600000002,0.2277312875,0.2287818385321792,0.0010505510321792144
123800.00600000002,0.2278950959,0.2288998116104768,0.0010047157104767779
123870.00600000002,0.2279773653,0.22900299073951497,0.0010256254395149544
123950.00600000002,0.2281144708,0.22912096032737805,0.0010064895273780572
124020.00600000002,0.2282308489,0.22922418904569186,0.0009933401456918567
124090.00600000002,0.2283420265,0.22932742405416803,0.0009853975541680438
124170.00600000002,0.2284317166,0.22938594824652264,0.0009542316465226408
124240.00600000002,0.2285658717,0.22946458491957816,0.0008987132195781566
124320.00600000002,0.2286555469,0.2295544107212178,0.000898863821217788
124390.00600000002,0.2287496775,0.22963302772216435,0.0008833502221643474
124470.00600000002,0.22886011,0.2297228924741474,0.0008627824741473944
124540.00600000002,0.2289142162,0.22980149642471173,0.0008872802247117395
124610.00600000002,0.2290083617,0.22988012511516503,0.0008717634151650389
124690.00600000002,0.2291099131,0.229969996301726,0.0008600832017259807
124760.00600000002,0.2291825414,0.23004862732708917,0.0008660859270891719
124840.00600000002,0.229276672,0.2301385046309837,0.0008618326309837165
124910.00600000002,0.229355976,0.23021715095645717,0.0008611749564571836
124990.00600000002,0.229444176,0.23030152909103413,0.0008573530910341298
125060.00600000002,0.2295071781,0.23036572876892075,0.0008585506689207656
125130.00600000002,0.2295827866,0.23042993185528096,0.0008471452552809566
125210.00600000002,0.2296724617,0.23050331452546607,0.0008308528254660774
125280.00600000002,0.2297599316,0.23056753416239245,0.0008076025623924565
125360.00600000002,0.2298007011,0.23064090054225145,0.0008401994422514436
125430.00600000002,0.2298770398,0.23070512674187693,0.0008280869418769432
125500.00600000002,0.229931891,0.23076934650934838,0.0008374555093483838
125580.00600000002,0.2300067544,0.23084274432577023,0.0008359899257702197
125650.00600000002,0.2300682664,0.23090695847240167,0.00083869207240167
125730.00600000002,0.2301156968,0.23098036051361873,0.0008646637136187352
125800.00600000002,0.2302053869,0.2310421917742212,0.000836804874221192
125880.00600000002,0.2302668989,0.23110892880014622,0.0008420299001462295
125950.00600000002,0.2303276807,0.23116731948009578,0.0008396387800957694
126020.00600000002,0.230402559,0.23122572267504063,0.0008231636750406224
126100.00600000002,0.2304566652,0.23129246293848432,0.0008357977384843285
126170.00600000002,0.2305181772,0.23135087785368458,0.0008327006536845705
126250.00600000002,0.2305893302,0.23141762113837794,0.0008282909383779402
126320.00600000002,0.2306604832,0.23147604245272863,0.000815559252728637
126400.00600000002,0.2307064384,0.2315428002057427,0.0008363618057427025
126470.00600000002,0.2307835221,0.23160122726750337,0.0008177051675033742
126540.00600000002,0.2308235466,0.23165964477630896,0.000836098176308947
126620.00600000002,0.2309043258,0.2317272298123489,0.0008229040123488851
126690.00600000002,0.2309554666,0.23178700684311354,0.0008315402431135488
126770.00600000002,0.2310303301,0.2318553341367116,0.000825004036711624
126840.00600000002,0.2310874164,0.2319151110649803,0.0008276946649803107
126910.00600000002,0.2311526388,0.23197491056432604,0.0008222717643260324
126990.00600000002,0.2312141508,0.23204324866844567,0.0008290978684456773
127060.00600000002,0.2312682569,0.2321030429073125,0.0008347860073125157
127140.00600000002,0.231331259,0.23217137772226354,0.0008401187222635276
127210.00600000002,0.2313794345,0.23223118603935378,0.0008517515393537678
127290.00600000002,0.2314535528,0.2322995480956406,0.0008459952956406114
127360.00600000002,0.2315113693,0.23235935516823597,0.0008479858682359787
127430.00600000002,0.2315684408,0.2324199915160423,0.0008515507160423152
127510.00600000002,0.2316469997,0.23248983152110686,0.0008428318211068653
127580.00600000002,0.2317129672,0.2325509394353411,0.0008379722353411001
127660.00600000002,0.2317774594,0.23262077381096144,0.0008433144109614432
127730.00600000002,0.2318352759,0.2326818907850935,0.000846614885093494
127810.00600000002,0.2319190353,0.23275175022710898,0.0008327149271089851
127880.00600000002,0.2320020497,0.23281288291287056,0.0008108332128705653
127950.00600000002,0.2320265025,0.2328739865366567,0.0008474840366566871
128030.00600000002,0.2321198881,0.2329438581027518,0.000823970002751806
128100.00600000002,0.2322051227,0.233005004001016,0.00079988130101602
128180.00600000002,0.2322725803,0.233074871410905,0.0008022911109049902
128250.00600000002,0.2323229909,0.23315835228243653,0.0008353613824365336
128330.00600000002,0.2324015498,0.2332590071057763,0.0008574573057762991
128400.00600000002,0.2324823588,0.23334708556031605,0.0008647267603160425
128470.00600000002,0.2325253487,0.233428494884158,0.0009031461841580157
128550.00600000002,0.2326187342,0.23351449000698388,0.0008957558069838667
128620.00600000002,0.2327165753,0.23358975442990854,0.0008731791299085301
128700.00600000002,0.2327558547,0.23367572507618728,0.0009198703761872928
128770.00600000002,0.2328321934,0.2337509841478018,0.0009187907478017954
128840.00600000002,0.2329129875,0.2338262292326006,0.0009132417326006004
128920.00600000002,0.2330182344,0.2339122531759093,0.0008940187759093055
128990.00600000002,0.2331353277,0.23398754100556737,0.0008522133055673675
129070.00600000002,0.2332153916,0.23407355458163018,0.0008581629816301894
129140.00600000002,0.2332746983,0.23414881272382002,0.000874114423820016
129220.00600000002,0.2334058732,0.2342348761365195,0.0008290029365194962
129290.00600000002,0.233457759,0.2343374877202939,0.0008797287202939041
129360.00600000002,0.2335429937,0.23445115641746206,0.0009081627174620521
129440.00600000002,0.233634159,0.23457589466804646,0.0009417356680464506
129510.00600000002,0.2337349504,0.23468215662194947,0.0009472062219494648
129590.00600000002,0.2338431627,0.23480360470334266,0.0009604420033426653
129660.00600000002,0.2339476794,0.23490987392375143,0.0009621945237514307
129740.00600000002,0.2340284735,0.23503129898935934,0.0010028254893593436
129810.00600000002,0.2341744751,0.23513761814408135,0.0009631430440813493
129880.00600000002,0.2342767864,0.2352439024270666,0.0009671160270666168
129960.00600000002,0.2343768626,0.23536535790305146,0.000988495303051451
130030.00600000002,0.2345139831,0.23547167456897564,0.0009576914689756466
130110.00600000002,0.2346333116,0.23559315697892375,0.0009598453789237404
130180.00600000002,0.2347355932,0.23569943348109898,0.000963840281098971
130250.00600000002,0.2348682433,0.2358663840524171,0.0009981407524171093
130330.00600000002,0.2349875718,0.23603408022017588,0.0010465084201758956
130400.00600000002,0.2351150662,0.23618082701537857,0.0010657608153785691
130480.00600000002,0.2353025824,0.2363485825210732,0.0010460001210732262
130550.00600000002,0.2354070991,0.23649533521993943,0.0010882361199394397
130630.00600000002,0.2355523854,0.23666305278055152,0.0011106673805515166
130700.00600000002,0.2357250899,0.23680986022712042,0.0010847703271204268
130770.00600000002,0.2358733267,0.2369566438529157,0.0010833171529157082
130850.00600000002,0.2360393554,0.23712440720537425,0.001085051805374243
130920.00600000002,0.2361779362,0.2372711983514474,0.001093262151447394
131000.00600000002,0.2363647074,0.23743897799212837,0.0010742705921283624
131070.00600000002,0.2365285307,0.2376337143709846,0.0011051836709846108
131150.00600000002,0.2367101163,0.23786860754029368,0.0011584912402936853
131220.00600000002,0.236912474,0.23807417724442154,0.0011617032444215247
131290.00600000002,0.2370948046,0.2382797155098911,0.0011849109098911181
131370.00600000002,0.23732014,0.23851465429365892,0.0011945142936589104
131440.00600000002,0.2374980003,0.2387202092034887,0.0012222089034886752
131520.00600000002,0.2377381474,0.23895515913806914,0.0012170117380691514
131590.00600000002,0.2379323393,0.2391607245841892,0.0012283852841891985
131670.00600000002,0.2381724864,0.23939568368704456,0.001223197287044564
131740.00600000002,0.2383911461,0.23960359921721255,0.0012124531172125474
131810.00600000002,0.2386046201,0.23987971319339235,0.0012750930933923543
131890.00600000002,0.2388847917,0.24019533249342662,0.0013105407934266289
131960.00600000002,0.2391471714,0.2404715238206055,0.0013243524206054957
132040.00600000002,0.2394184321,0.24078712329182372,0.0013686911918237288
132110.00600000002,0.2397112399,0.2410633387463822,0.0013520988463821826
132180.00600000002,0.2399639636,0.24133953156064328,0.0013755679606432814
132260.00600000002,0.2402915806,0.24165519616413267,0.0013636155641326697
132330.00600000002,0.2405650765,0.24193141303731264,0.0013663365373126346
132410.00600000002,0.2408926636,0.24232477171260552,0.0014321081126055235
132480.00600000002,0.2411876768,0.2426941597331561,0.0015064829331561114
132560.00600000002,0.2415768057,0.24311635528458003,0.0015395495845800244
132630.00600000002,0.2418955117,0.24348577694425338,0.001590265244253375
132700.00600000002,0.2422327548,0.24385521465349064,0.001622459853490632
132780.00600000002,0.2426456064,0.24427744479540786,0.0016318383954078697
132850.00600000002,0.2429962009,0.24464689894709615,0.0016506980470961663
132930.00600000002,0.2434690446,0.24506916529738748,0.0016001206973874915
133000.00600000002,0.2438278049,0.24544647673240133,0.0016186718324013305
133080.00600000002,0.2443333119,0.2460121823330613,0.001678870433061308
133150.00600000002,0.2447164804,0.24650713982776545,0.001790659427765462
133220.00600000002,0.2451864332,0.24700217299845595,0.001815739798455951
133300.00600000002,0.2456941456,0.24756789379066058,0.001873748190660579
133370.00600000002,0.2461529225,0.2480629143204322,0.0019099918204321942
133450.00600000002,0.2467043847,0.24862867539589528,0.001924290695895281
133520.00600000002,0.2472076565,0.24912372366118352,0.0019160671611835045
133590.00600000002,0.2477109283,0.24961877881077266,0.0019078505107726629
133670.00600000002,0.2483239025,0.25023378357601656,0.0019098810760165563
133740.00600000002,0.2488761097,0.25084160847776327,0.0019654987777632804
133820.00600000002,0.2495216578,0.2515362709738699,0.002014613173869889
133890.00600000002,0.2501123846,0.2521441160717903,0.00203173147179031
133970.00600000002,0.2508083582,0.2528622160282573,0.0020538578282572884
134040.00600000002,0.2514361739,0.253557368871023,0.002121194971022977
134110.00600000002,0.2520713508,0.2542525290399244,0.0021811782399244195
134190.00600000002,0.2528207302,0.25504702923332345,0.0022262990333234423
134260.00600000002,0.2535011172,0.2557422502299789,0.002241133029978859
134340.00600000002,0.2542971671,0.25653681471750567,0.002239647617505669
134410.00600000002,0.2550094426,0.2572925949492947,0.0022831523492946593
134490.00600000002,0.2558529377,0.25819147335125636,0.002338535651256357
134560.00600000002,0.2566171288,0.25897804370026795,0.002360914900267963
134630.00600000002,0.2574005425,0.25976460506099186,0.002364062560991864
134710.00600000002,0.2582833171,0.26073822019627046,0.0024549030962704443
134780.00600000002,0.2591045797,0.26162014604858863,0.002515566348588627
134860.00600000002,0.2600666285,0.26262811691485183,0.00256148841485182
134930.00600000002,0.2609279156,0.2635100656309255,0.0025821500309254897
135010.00600000002,0.2619856,0.26454964690812244,0.0025640469081224526
135080.00600000002,0.2628594637,0.26552747463130577,0.002668010931305753
135150.00600000002,0.2638155818,0.26650538985582045,0.002689808055820475
135230.00600000002,0.2649133205,0.2676229742687449,0.0027096537687448796
135300.00600000002,0.2659116983,0.26868067119657785,0.002768972896577848
135380.00600000002,0.2670242488,0.2699218498710331,0.0028976010710331512
135450.00600000002,0.2680989802,0.271008022772456,0.002909042572456
135520.00600000002,0.2691455483,0.27209418185717027,0.002948633557170288
135600.00600000002,0.2703885436,0.27333554383256536,0.002947000232565389
135670.00600000002,0.2714788318,0.2744217676885094,0.0029429358885094126
135750.00600000002,0.2727314532,0.27585001474081855,0.0031185615408185763
135820.00600000002,0.2739121914,0.277101000967768,0.003188809567768014
135900.00600000002,0.2752656043,0.27853072399302736,0.0032651196930273407
135970.00600000002,0.2764455974,0.27978174538994915,0.003336147989949134
136040.00600000002,0.2776878476,0.28103284948817997,0.003345001888179988
136120.00600000002,0.2790864706,0.2824626639465912,0.003376193346591172
136190.00600000002,0.2803680003,0.28371379798547564,0.00334579768547566
136270.00600000002,0.2818526328,0.2851437477899908,0.0032911149899907954
136340.00600000002,0.2831230462,0.28650550095948224,0.003382454759482234
136420.00600000002,0.2846654654,0.28809253631978105,0.003427070919781061
136490.00600000002,0.2860322297,0.28948129066124223,0.0034490609612422563
136560.00600000002,0.2873878777,0.290869996785327,0.0034821190853269735
136640.00600000002,0.2889866531,0.2924571768856967,0.003470523785696733
136710.00600000002,0.2904216051,0.29390156540587487,0.003479960305874885
136790.00600000002,0.2920463085,0.2955887646794363,0.0035424561794362708
136860.00600000002,0.2934923768,0.29706512688060727,0.0035727500806072565
136930.00600000002,0.2949695885,0.29854153715212783,0.003571948652127843
137010.00600000002,0.2966461778,0.30022884501430314,0.0035826672143031146
137080.00600000002,0.2981433868,0.3017878699216091,0.003644483121609088
137160.00600000002,0.299864471,0.30360058075301727,0.003736109753017247
137230.00600000002,0.3014054,0.30518676730584254,0.0037813673058425534
137310.00600000002,0.3032013476,0.30699965949278,0.0037983118927800152
137380.00600000002,0.3047496974,0.30858593042045646,0.0038362330204564365
137450.00600000002,0.3063432872,0.310172322741749,0.003829035541749015
137530.00600000002,0.3081555068,0.31198530594611773,0.0038297991461177516
137600.00600000002,0.3097572327,0.3135716643248586,0.0038144316248586163
137680.00600000002,0.3116109967,0.31538469220512855,0.0037736955051285714
137750.00600000002,0.3132549524,0.3170643019008173,0.003809349500817294
137830.00600000002,0.3151672482,0.3189844489151759,0.0038172007151758836
137900.00600000002,0.3168119788,0.32066454264489797,0.0038525638448979604
137970.00600000002,0.3184752166,0.3223447157602559,0.003869499160255918
138050.00600000002,0.3203815818,0.324264876108581,0.003883294308581031
138120.00600000002,0.3220915198,0.32594510865681087,0.0038535888568108634
138200.00600000002,0.3240631223,0.32789645178240356,0.003833329482403558
138270.00600000002,0.3257575333,0.32965567141879426,0.0038981381187942477
138350.00600000002,0.3277491331,0.3316662769135169,0.003917143813516932
138420.00600000002,0.3294701576,0.3334255119847678,0.003955354384767795
138490.00600000002,0.3312690556,0.33518484272120586,0.003915787121205883
138570.00600000002,0.3333184719,0.33725844158096346,0.00393996968096344
138640.00600000002,0.3350529075,0.3391134772255089,0.004060569725508889
138720.00600000002,0.3371504843,0.3412337176682517,0.004083233368251726
138790.00600000002,0.3389219642,0.3430888533281901,0.004166889128190132
138860.00600000002,0.3407668173,0.3449441094140998,0.004177292114099784
138940.00600000002,0.342889607,0.3470644736158348,0.004174866615834827
139010.00600000002,0.3447566926,0.3489198512880585,0.004163158688058499
139090.00600000002,0.3468661606,0.3510402383668,0.004174077766800011
139160.00600000002,0.3487450778,0.3528955812432615,0.004150503443261455
139240.00600000002,0.3509390652,0.35501613004755683,0.004077064847556822
139310.00600000002,0.3528009653,0.3569690484710848,0.004168083171084802
139380.00600000002,0.3547569811,0.35893302243070846,0.00417604133070848
139460.00600000002,0.3569768667,0.36117766426330045,0.00420079756330044
139530.00600000002,0.3589344025,0.36314171755910785,0.004207315059107819
139610.00600000002,0.3611869216,0.3653864077990866,0.004199486199086611
139680.00600000002,0.3631711006,0.3673937760410187,0.004222675441018675
139760.00600000002,0.3654376864,0.3697221144349336,0.004284428034933563
139830.00600000002,0.3674560189,0.3717594621893672,0.004303443289367159
139900.00600000002,0.3695054352,0.3737969067210033,0.004291471521003287
139980.00600000002,0.3718261421,0.3761254648537731,0.004299322753773094
140050.00600000002,0.3738940954,0.3781954606793678,0.004301365279367808
140130.00600000002,0.3762555718,0.3806555774453405,0.004400005645340488
140200.00600000002,0.378357619,0.38280822978215767,0.0044506107821576935
140270.00600000002,0.3804596663,0.3849608933997263,0.004501227099726279
140350.00600000002,0.3828789294,0.38742118083471955,0.004542251434719535
140420.00600000002,0.385021776,0.3895739977105884,0.004552221710588444
140500.00600000002,0.387485534,0.39203441576123577,0.004548881761235746
140570.00600000002,0.3896379769,0.39418727893897554,0.004549302038975522
140650.00600000002,0.3921024799,0.3966477265150331,0.004545246615033083
140720.00600000002,0.3943068385,0.39880071079910384,0.004493872299103863
140790.00600000002,0.3965393305,0.40102100509651495,0.00448167459651494
140870.00600000002,0.3990846574,0.4036325185645178,0.00454786116451783
140940.00600000002,0.4013334513,0.40584117104062134,0.004507719740621363
141020.00600000002,0.4039550722,0.40845022562519157,0.004495153425191578
141090.00600000002,0.4061742425,0.41070415392601256,0.004529911426012556
141170.00600000002,0.4087373316,0.413356700828319,0.004619369228319015
141240.00600000002,0.4110358059,0.4156593091138461,0.004623503213846081
141310.00600000002,0.4133743346,0.41802000206423773,0.004645667464237724
141390.00600000002,0.4160775244,0.4206387924349065,0.004561268034906474
141460.00600000002,0.4184071124,0.4228715462064776,0.004464433806477597
141540.00600000002,0.4210606217,0.4255201346335597,0.004459512933559673
141610.00600000002,0.423270911,0.42791128786608323,0.004640376866083207
141690.00600000002,0.4259874225,0.4306675059359455,0.0046800834359455035
141760.00600000002,0.4283822477,0.4330643045215187,0.004682056821518676
141830.00600000002,0.4307555854,0.4355154407611462,0.0047598553611462036
141910.00600000002,0.4335388541,0.43829091932123676,0.004752065221236779
141980.00600000002,0.4360204041,0.4407939949519727,0.004773590851972709
142060.00600000002,0.4388659,0.44368641643897366,0.004820516438973688
142130.00600000002,0.441383779,0.44619381855252027,0.0048100395525202955
142200.00600000002,0.4439350069,0.4487617195835101,0.004826712683510093
142280.00600000002,0.4467857182,0.4516693216778929,0.004883603477892906
142350.00600000002,0.449388057,0.4541693104081441,0.004781253408144115
142430.00600000002,0.4522506297,0.45717252443364387,0.00492189473364385
142500.00600000002,0.4548241198,0.4597955168641514,0.004971397064151395
142580.00600000002,0.4578348994,0.4628643505197392,0.005029451119739181
142650.00600000002,0.460524708,0.46555857940933965,0.005033871409339641
142720.00600000002,0.4632338285,0.46830375041859895,0.005069921918598952
142800.00600000002,0.4663439691,0.47149785977847064,0.005153890678470663
142870.00600000002,0.4691182971,0.4742552403741296,0.005136943274129557
142950.00600000002,0.472274363,0.4774910373305068,0.005216674330506821
143020.00600000002,0.4750850499,0.48039393201854985,0.005308882118549851
143100.00600000002,0.4783641696,0.48370328769585247,0.005339118095852469
143170.00600000002,0.4812526703,0.48660350130033636,0.005350831000336342
143240.00600000002,0.4842004478,0.4894653060376323,0.005264858237632286
143320.00600000002,0.4875921905,0.4928074312092696,0.005215240709269597
143390.00600000002,0.4904043376,0.4958285370073167,0.005424199407316699
143470.00600000002,0.4937850535,0.49929197645313095,0.005506922953130933
143540.00600000002,0.4968180954,0.5023711156074275,0.005553020207427539
143610.00600000002,0.4999415576,0.5055325081183633,0.00559095051836328
143690.00600000002,0.503518641,0.5092003127198839,0.005681671719883874
143760.00600000002,0.5066732168,0.5124000424191755,0.00572682561917548
143840.00600000002,0.5103837848,0.516171244506304,0.00578745970630401
143910.00600000002,0.5136413574,0.5194974203456404,0.005856062945640339
143990.00600000002,0.5174334049,0.5233126733195641,0.005879268419564099
144060.00600000002,0.5207569599,0.5267234004893352,0.0059664405893351535
144130.00600000002,0.5241584778,0.530134416697259,0.005975938897259003
144210.00600000002,0.5280505419,0.5342036558020384,0.006153113902038432
144280.00600000002,0.5315809846,0.5377452091872463,0.006164224587246303
144360.00600000002,0.5356702209,0.5418993353578345,0.006229114457834473
144430.00600000002,0.5392406583,0.5455824032334018,0.006341744933401783
144510.00600000002,0.5434736609,0.5499060107472766,0.006432349847276586
144580.00600000002,0.5471923947,0.5537435026156287,0.006551107915628629
144650.00600000002,0.5510563254,0.5576670127798564,0.0066106873798563726
144730.00600000002,0.5554724336,0.5622052568886953,0.006732823288695289
144800.00600000002,0.5594439507,0.5662772215019154,0.006833270801915425
144880.00600000002,0.5640460849,0.5709862873538669,0.0069402024538669504
144950.00600000002,0.5681762099,0.5751900408887394,0.007013830988739422
145030.00600000002,0.5729555488,0.5800976313703244,0.007142082570324448
145100.00600000002,0.5772004724,0.5844861115290256,0.007285639129025578
145170.00600000002,0.5815551877,0.5889512345001344,0.007396046800134393
145250.00600000002,0.5866791606,0.5941168088406614,0.007437648240661399
145320.00600000002,0.5911886692,0.5987348639432228,0.007546194743222823
145400.00600000002,0.5964439511,0.6041695439854206,0.007725592885420518
145470.00600000002,0.6011298895,0.6090218605060527,0.007891971006052656
145540.00600000002,0.6059418917,0.6139551891583224,0.008013297458322355
145620.00600000002,0.6115766168,0.6196860217135971,0.008109404913597129
145690.00600000002,0.6165628433,0.6248681962325109,0.00830535293251089
145770.00600000002,0.6224636436,0.6309231701517406,0.008459526551740648
145840.00600000002,0.6277188659,0.6363484430672888,0.008629577167288738
145920.00600000002,0.6338458061,0.6426780155363722,0.008832209436372196
145990.00600000002,0.6393975019,0.6483074342002944,0.008909932300294354
146060.00600000002,0.6449708343,0.6541296307901894,0.009158796490189358
146140.00600000002,0.6515572667,0.6609261330783412,0.009368866378341223
146210.00600000002,0.6574937105,0.6670411224870906,0.009547411987090526
146290.00600000002,0.6644382477,0.6742311011412844,0.009792853441284333
146360.00600000002,0.6706985831,0.6807178491798005,0.010019266079800526
146440.00600000002,0.6780759096,0.68834163042642,0.010265720826420077
146510.00600000002,0.6846609712,0.6952654036427763,0.010604432442776313
146580.00600000002,0.691496551,0.702372642417062,0.010876091417062028
146660.00600000002,0.69956249,0.7108222802497197,0.011259790249719681
146730.00600000002,0.7069073319,0.7185535372373364,0.011646205337336402
146810.00600000002,0.7156241536,0.7276693079281493,0.012045154328149343
146880.00600000002,0.7235093117,0.7361118968911351,0.012602585191135107
146950.00600000002,0.7318310142,0.7449394820663058,0.013108467866305817
147030.00600000002,0.7417516112,0.7556257764473342,0.013874165247334203
147100.00600000002,0.7509969473,0.7654813459638632,0.014484398663863196
147180.00600000002,0.7621079683,0.7773924407681889,0.01528447246818887
147250.00600000002,0.7723627687,0.7882947635214161,0.015931994821416162
147330.00600000002,0.7846805453,0.8013740908753485,0.016693545575348523
147400.00600000002,0.7960139513,0.8132877500207742,0.01727379872077428
147470.00600000002,0.8078306317,0.8256485166643557,0.017817884964355657
147550.00600000002,0.8217791319,0.8403318727474924,0.018552740847492477
147620.00600000002,0.8345024586,0.8536972945679593,0.019194835967959234
147700.00600000002,0.8496102095,0.8695900012763011,0.01997979177630116
147770.00600000002,0.8634171486,0.8841023869407945,0.0206852383407945
147850.00600000002,0.879861474,0.9014203168768464,0.021558842876846396
147920.00600000002,0.8948885202,0.9171746309861883,0.022286110786188362
147990.00600000002,0.9104456306,0.9333989374799472,0.022953306879947122
148070.00600000002,0.9288868904,0.9524649472800486,0.023578056880048548
148140.00600000002,0.9455062151,0.9694631087962422,0.02395689369624221
148220.00600000002,0.9648837447,0.989259710560879,0.02437596586087898
148290.00600000002,0.9821279645,1.0072140247648602,0.025086060264860266
148361.31100000002,1.0000014305,1.0263579772164113,0.0263565467164113
