time_s,voltage_exp_V,voltage_sim_V,residual_V
0.0,3.6830756664276123,3.750873020633426,0.06779735420581368
3.031285778073652,3.6830756664276123,3.7508729823694216,0.06779731594180927
6.046994598480524,3.6829137802124023,3.7508729496793993,0.06795916946699698
10.09371272590215,3.6830756664276123,3.750872912577509,0.06779724614989657
13.109309878433123,3.6829137802124023,3.7508670133240303,0.06795323311162793
17.15587853890611,3.6829137802124023,3.750872563844576,0.06795878363217378
20.18680954915544,3.6129791736602783,3.721049850914183,0.10807067725390462
24.234191363131686,3.5203804969787598,3.6865036570499434,0.16612316007118366
27.281116564299737,3.602780342102051,3.715702916243946,0.1129225741418951
31.31227960348042,3.6328911781311035,3.7290287104653785,0.09613753233427502
34.32790824436597,3.6829137802124023,3.748962293697885,0.06604851348548246
38.37474033036051,3.7271087169647217,3.767480269458771,0.04037155249404911
41.405993487260275,3.639204740524292,3.7323119785961367,0.09310723807184473
45.43719091701496,3.5043540000915527,3.6812711802059965,0.1769171801144438
48.468397728582204,3.6615450382232666,3.7400125857665487,0.07846754754328211
52.49963592979839,3.7248423099517822,3.7659270401925378,0.04108473024075554
55.5308844150677,3.5411019325256348,3.692771644936439,0.15166971241080418
59.577687208169664,3.5501675605773926,3.6957935970016993,0.14562603642430672
62.60869500449917,3.6236636638641357,3.7229768272111414,0.09931316334700568
66.65576303262424,3.6254444122314453,3.7233193971010605,0.09787498486961521
69.68700196412465,3.6372621059417725,3.7280289966960716,0.09076689075429911
73.71821399020337,3.6654303073883057,3.7409409688216417,0.07551066143333607
76.7339981881887,3.598247528076172,3.7135498323318226,0.11530230425565069
80.79630593978436,3.5954954624176025,3.711362607675304,0.11586714525770159
83.82756912663899,3.523132562637329,3.684216581457542,0.16108401882021273
87.85891958720822,3.5917723178863525,3.708027756305981,0.11625543841962838
90.874378781431,3.6474609375,3.7304327115392235,0.08297177403922351
94.92125604986722,3.5797927379608154,3.703637812699671,0.12384507473885575
97.95263379679818,3.6670491695404053,3.737890869879954,0.07084170033954873
101.99928481721872,3.602294683456421,3.713266239512715,0.11097155605629405
105.01502112102753,3.6707725524902344,3.7409284996056362,0.07015594711540185
109.06177110772114,3.5668418407440186,3.6997081532870015,0.13286631254298298
112.07734550362147,3.5953335762023926,3.7105374266602187,0.1152038504578261
116.1241650584343,3.8057851791381836,3.793540421122845,-0.01224475801533842
119.15540698237965,3.7601332664489746,3.778980721076798,0.018847454627823446
123.18681052003012,3.6693155765533447,3.7441057508273277,0.07479017427398293
126.21787929810307,3.668668031692505,3.7439849755776082,0.07531694388510335
130.26431148897973,3.668506145477295,3.7439957396292796,0.07548959415198464
133.31123154735542,3.668506145477295,3.744062466428324,0.07555632095102904
137.358051773841,3.668344259262085,3.7441894539775076,0.07584519471542261
140.38937118560716,3.668506145477295,3.7442923223664053,0.07578617688911038
144.4516832078334,3.668829917907715,3.7444482457431336,0.07561832783541877
147.4672409522973,3.668829917907715,3.7445595756759724,0.07572965776825757
151.51411966431988,3.668829917907715,3.744704409215484,0.07587449130776935
154.54529462161736,3.668991804122925,3.7448082149257518,0.07581641080282697
158.57652988552582,3.668991804122925,3.7449392770995003,0.07594747297657545
161.60768872271,3.668991804122925,3.7450324120063674,0.07604060788344258
165.63896460268734,3.5300936698913574,3.690113848926119,0.1600201790347615
168.67018616596033,3.4112696647644043,3.650929480789925,0.23965981602552056
172.7169979765058,3.5619852542877197,3.6975713704413655,0.1355861161536458
175.74827926340004,3.6617069244384766,3.736037576866887,0.07433065242841064
179.79567003967895,3.589020252227783,3.7076457131651237,0.1186254609373405
182.8268906054691,3.7607808113098145,3.77717028647135,0.01638947516153566
186.88949349651375,3.6704487800598145,3.742820377667795,0.0723715976079804
189.92054380863556,3.543853998184204,3.6932124050363155,0.14935840685211144
193.93613196531805,3.351209878921509,3.6325308797201723,0.2813210007986635
196.9515648791421,3.453521728515625,3.6585317248960436,0.2050099963804186
200.98295678284558,3.3491055965423584,3.626054839729602,0.2769492431872438
203.99859757396553,3.4281058311462402,3.645116112588667,0.21701028144242684
208.04498576535116,3.5914485454559326,3.6992316513862002,0.10778310593026763
211.0610759698211,3.5639278888702393,3.6892435076683,0.12531561879806086
215.092445833674,3.478614091873169,3.6585787527785945,0.1799646609054255
218.12299497866115,3.482337474822998,3.6595519368385423,0.17721446201554425
222.1700203255823,3.4509315490722656,3.648013962480178,0.19708241340791233
225.18612578802276,3.334697723388672,3.6136063781585044,0.2789086547698325
229.21722452719405,3.5378642082214355,3.6733371835998634,0.13547297537842784
232.26391292910193,3.4844419956207275,3.65427033053088,0.16982833491015237
236.3260880707021,3.43280029296875,3.6372316485798977,0.20443135561114767
239.35769327866,3.4881653785705566,3.654185679540613,0.1660203009700565
243.38893422671026,3.511153221130371,3.6612271497752955,0.15007392864492441
246.41979189444828,3.511153221130371,3.661325443464431,0.15017222233406002
250.45144600564163,3.6453564167022705,3.713091569427294,0.06773515272502362
253.48277319676708,3.564089775085449,3.682263994868542,0.11817421978309284
257.51390419621384,3.5096962451934814,3.6629935220002245,0.1532972768067431
260.5450650183375,3.581897258758545,3.6897083687194283,0.10781110996088339
264.5919537352602,3.6296534538269043,3.7091552059443735,0.07950175211746924
267.6387530632019,3.5577762126922607,3.6823297076096013,0.12455349491734058
271.67017973341717,3.5537290573120117,3.6807552110610646,0.1270261537490529
274.6855828581174,3.3355071544647217,3.611536802081382,0.27602964761666016
278.73253366454446,3.4145073890686035,3.629827640039779,0.21532025097117558
281.7638116432063,3.5093724727630615,3.659217772269712,0.1498452995066506
285.8105198659796,3.668506145477295,3.720087709381094,0.051581563903798866
288.8417585318093,3.5411019325256348,3.671301540094975,0.13019960756934035
292.87295497912055,3.56133770942688,3.6783934789568953,0.1170557695300154
295.8886137349509,3.6170263290405273,3.7014543441154464,0.08442801507491904
299.9353981372915,3.618483304977417,3.704134530143702,0.0856512251662851
302.9661573750891,3.6778953075408936,3.7286535472732805,0.05075823973238691
306.99808349816885,3.7114057540893555,3.743643013552168,0.03223725946281242
310.029171283546,3.7350411415100098,3.7542248087022596,0.019183667192249843
314.0603215559495,3.69311261177063,3.73991357097071,0.04680095920007998
317.0917563548537,3.660735607147217,3.7283335860534343,0.06759797890621755
321.1383069152871,3.7855494022369385,3.7780712135103927,-0.00747818872654582
324.1696216403943,3.6668872833251953,3.7338010776021653,0.06691379427696997
328.21619521810135,3.683885097503662,3.7409851816231994,0.057100084119537264
331.24770962009643,3.6542601585388184,3.729508874083275,0.07524871554445678
335.27898971556715,3.6536126136779785,3.72940003327077,0.07578741959279167
338.3101811187844,3.6531269550323486,3.7294136544041674,0.07628669937181876
342.35690350179357,3.6528031826019287,3.729502779324875,0.07669959672294624
345.388249379419,3.6526412963867188,3.7296017353284374,0.07696043894171867
349.41943524039016,3.498687982559204,3.669769324080021,0.171081341520817
352.41958927832457,3.4350666999816895,3.647958155706753,0.2128914557250634
356.45068322556835,3.4803948402404785,3.6594629455579177,0.17906810531743922
359.48206790976474,3.511638879776001,3.6697217379773788,0.1580828582013778
363.52827097045883,3.5016019344329834,3.6645082984662456,0.1629063640332622
366.5599918362277,3.552272081375122,3.682097578316725,0.12982549694160284
370.60645308942185,3.4936695098876953,3.6594060545032154,0.16573654461552012
373.6378473875411,3.5846493244171143,3.6925608440933457,0.10791151967623147
377.6847802844022,3.577040672302246,3.6898615750366677,0.11282090273442158
380.71612152548914,3.5990569591522217,3.6991396826701064,0.10008272351788472
384.7473588044086,3.656040906906128,3.7221262011366494,0.06608529423052145
387.7786235802196,3.7941293716430664,3.775311402040603,-0.018817969602463513
391.8254296414598,3.7284038066864014,3.7554190844042203,0.027015277717818975
394.87227820692715,3.6490797996520996,3.7251402800489535,0.07606048039685387
398.91902750190275,3.6484322547912598,3.725228141367632,0.07679588657637204
401.9347202673598,3.6484322547912598,3.7254080679634045,0.07697581317214475
405.9815609447396,3.470357894897461,3.65836351864142,0.18800562374395913
409.0124617798938,3.3364784717559814,3.617568304012641,0.28108983225665973
413.0596831044968,3.489946126937866,3.6591822938118534,0.16923616687398724
416.0752825828131,3.631757974624634,3.71239844721367,0.08064047258903617
420.1062625063205,3.766446828842163,3.7673107696414165,0.0008639407992534487
423.1376045995312,3.73342227935791,3.756925357003171,0.023503077645260717
427.1846469888551,3.6445469856262207,3.723362289414305,0.0788153037880841
430.23100373044144,3.6443850994110107,3.723611161278529,0.07922606186751846
434.27831610160865,3.6448707580566406,3.7240203101766154,0.07914955211997476
437.32508347002295,3.6448707580566406,3.7243436095828804,0.07947285152623973
441.3871802566391,3.6453564167022705,3.7247675631817136,0.07941114647944314
444.4187726326709,3.6455183029174805,3.7250709630163623,0.07955266009888184
448.45003902904864,3.5370547771453857,3.6813200703274687,0.14426529318208292
451.49673764136605,3.4261631965637207,3.6432550877438485,0.21709189118012784
455.5281925368181,3.4633967876434326,3.65370563243848,0.19030884479504717
458.57495280756484,3.412240982055664,3.636126235728419,0.2238852536727549
462.63693164567303,3.5163333415985107,3.6672640577129956,0.15093071611448483
465.6530068578322,3.568460702896118,3.6862503545919765,0.11778965169585831
469.6842521316539,3.5454728603363037,3.6767909085183845,0.13131804818208082
472.71546085297086,3.597276210784912,3.696696895179886,0.09942068439497387
476.7312993726737,3.584811210632324,3.692344837724746,0.10753362709242165
479.7466935801822,3.584973096847534,3.692729469991217,0.1077563731436828
483.8087356005126,3.5496819019317627,3.678965035032386,0.12928313310062345
486.82494520210093,3.5867538452148438,3.692713375707847,0.10595953049300322
490.8872045181706,3.602618455886841,3.69934892161874,0.09673046573189925
493.90282552004646,3.7350411415100098,3.7523740427428356,0.017332901232825826
497.93386313711744,3.742164134979248,3.7578004797192452,0.0156363447399972
500.9492668081766,3.696674108505249,3.7418436949472,0.045169586441951015
504.98093070873074,3.6445469856262207,3.722304060409489,0.0777570747832681
508.02781572490494,3.644223213195801,3.722376726792302,0.07815351359650125
512.0897042633078,3.593552827835083,3.7015889433271285,0.1080361154920455
515.1057987985514,3.5880489349365234,3.6992406898112753,0.11119175487475186
519.1370351000405,3.5088868141174316,3.668269468860137,0.1593826547427053
522.1838848183797,3.5347883701324463,3.6766996530089635,0.14191128287651722
526.2149962792064,3.5391592979431152,3.6775299204020864,0.13837062245897114
529.2463484725486,3.5922577381134033,3.6980525234245554,0.10579478531115205
533.2616642464163,3.6045610904693604,3.7030280094888974,0.09846691901953708
536.2931438167288,3.585458755493164,3.6957416469804243,0.11028289148726023
540.3243762536003,3.6285202503204346,3.7129400833883865,0.08441983306795198
543.3556408389377,3.64827036857605,3.7220309556604523,0.07376058708440247
547.3870316048051,3.7199857234954834,3.7510256800517445,0.031039956556261128
550.4336853454588,3.6409854888916016,3.720766240286462,0.07978075139486052
554.4649154064173,3.6408236026763916,3.7210971403954654,0.08027353771907375
557.4957859712486,3.6411473751068115,3.7213879089238366,0.08024053381702512
561.5429762335552,3.6411473751068115,3.7217648400483467,0.08061746494153521
564.5743064722628,3.6414711475372314,3.7220478856249244,0.08057673808769295
568.6368649527903,3.5632803440093994,3.689686006948093,0.12640566293869337
571.6830640570988,3.469386577606201,3.655457894728543,0.18607131712234182
575.6991736613818,3.617673873901367,3.709643391818564,0.09196951791719687
578.7305869467527,3.6039135456085205,3.7042423778135847,0.10032883220506417
582.7772510948416,3.6277108192443848,3.7138449642716487,0.08613414502726391
585.7928781768496,3.6123316287994385,3.7079935115497222,0.09566188275028376
589.8396715565286,3.622044801712036,3.7118293608476316,0.08978455913559547
592.8551767853096,3.5827066898345947,3.696065929332176,0.11335923949758131
596.9021709245717,3.552595853805542,3.684117144441751,0.1315212906362091
599.9333669041844,3.576555013656616,3.692533187911649,0.11597817425503276
603.9647519157334,3.609741449356079,3.705857517503397,0.09611606814731788
607.0111145670198,3.5219993591308594,3.671544957429923,0.14954559829906344
611.0426484189557,3.6574978828430176,3.7269474993652456,0.06944961652222803
614.0894995758645,3.7332603931427,3.7560530085150248,0.022792615372324576
618.1050010318031,3.638395309448242,3.7201098083558133,0.0817144989075711
621.1207306339275,3.638557195663452,3.720361211808431,0.08180401614497868
625.1675505797139,3.638880968093872,3.7207382492219576,0.08185728112808555
628.2144735553557,3.639042854309082,3.7210170016115693,0.08197414730248731
632.2605567728169,3.639366626739502,3.7213848702035297,0.08201824346402775
635.2769174503555,3.639528512954712,3.7216346243699205,0.08210611141520863
639.2926327835048,3.6401760578155518,3.721958664623753,0.08178260680820104
642.339356974473,3.640014171600342,3.7221844619003974,0.08217029030005563
646.3862022482899,3.5789833068847656,3.696723144199132,0.11773983731436655
649.4330085235233,3.5140669345855713,3.671795560370232,0.15772862578466063
653.4800873785971,3.4713292121887207,3.655024642023686,0.18369542983496512
656.5107162620116,3.5139050483703613,3.668316646928202,0.1544115985578407
660.5424418059592,3.5593950748443604,3.6845263543419575,0.12513127949759717
663.5735264535215,3.597599983215332,3.699606113136709,0.10200612992137703
667.6047745744254,3.639366626739502,3.717515897383586,0.07814927064408383
670.6361289732595,3.7164242267608643,3.7490425701025174,0.032618343341653144
674.6828538574882,3.6947314739227295,3.7423961163809114,0.047664642458181916
677.7140679672193,3.6377477645874023,3.7202992372641597,0.08255147267675733
681.7448710356184,3.6379096508026123,3.7205079146557396,0.0825982638531273
684.776565816479,3.6382334232330322,3.7207154605933046,0.08248203736027238
688.8076548164136,3.6382334232330322,3.721009014519533,0.08277559128650092
691.8389574213579,3.638395309448242,3.721229765902841,0.08283445645459864
695.8703580066576,3.6086082458496094,3.7091232467225086,0.10051500087289922
698.9014143638269,3.5334932804107666,3.6794471762494556,0.145953895838689
702.932677512119,3.593714714050293,3.7023633027853315,0.10864858873503858
705.9640606324247,3.507267951965332,3.6680174192323527,0.16074946726702066
709.9950789264112,3.523941993713379,3.6726897831065726,0.14874778939319366
713.04143021442,3.551948308944702,3.6815625772796734,0.12961426833497125
717.0731480892864,3.664944648742676,3.727333041317794,0.06238839257511808
720.0888241281209,3.696026563644409,3.7405024531085447,0.0444758894641355
724.1512671563505,3.6361289024353027,3.7179896499686214,0.08186074753331862
727.1824849953555,3.6330530643463135,3.7169824125555047,0.08392934820919118
731.1982403831862,3.482175588607788,3.65880317387571,0.176627585267922
734.2292789761486,3.4891366958618164,3.659593701829842,0.1704570059680255
738.2601379336338,3.4760239124298096,3.653811131003817,0.17778721857400726
741.2919096709957,3.5343027114868164,3.673720139994585,0.13941742850776873
745.3386119339302,3.56101393699646,3.6833194879140367,0.12230555091757678
748.3542041291221,3.6047229766845703,3.7004361316960823,0.09571315501151201
752.4010353379417,3.6782190799713135,3.731469046723648,0.05324996675233473
755.4317000956253,3.7193381786346436,3.748643811005003,0.029305632370359547
759.4635338939624,3.635643243789673,3.7164178924892015,0.08077464869952866
762.4794306921503,3.635157585144043,3.716747143891182,0.08158955874713891
766.5261638369338,3.5639278888702393,3.6873475634539603,0.12341967458372105
769.5416654517212,3.452874183654785,3.6472421202618435,0.1943679366070583
773.6035234641604,3.5294461250305176,3.6718330782697786,0.14238695323926098
776.6198284882012,3.5016019344329834,3.6612033238695076,0.15960138943652424
780.6508889170327,3.5389974117279053,3.674941326220373,0.13594391449246768
783.6976666763112,3.5867538452148438,3.6935293053241898,0.10677546010934602
787.7289300100674,3.615083694458008,3.704940451206687,0.08985675674867899
790.7597710464179,3.6043992042541504,3.7011535010770578,0.09675429682290737
794.7913738850184,3.5950098037719727,3.6974827867481967,0.10247298297622409
797.8226628610464,3.5953335762023926,3.6977071708253533,0.1023735946229607
801.8539918531897,3.4344191551208496,3.6386531834844553,0.2042340283636057
804.9007013425762,3.4674439430236816,3.6476208532960284,0.18017691027234672
808.9163054188757,3.5419113636016846,3.67258800773482,0.1306766441331355
811.9476738476187,3.577688217163086,3.686144915514837,0.10845669835175098
815.9943632234863,3.594038486480713,3.6928452116343315,0.09880672515361866
819.0096426102646,3.597923755645752,3.694539168363615,0.09661541271786289
823.0568128477425,3.6042373180389404,3.696968016742039,0.09273069870309847
826.0880815282653,3.5908010005950928,3.6924625229662373,0.10166152237114456
830.1346445898089,3.6167025566101074,3.7036190960131954,0.08691653940308797
833.1505019348151,3.639042854309082,3.7130505358311154,0.07400768152203341
837.1818591271403,3.696674108505249,3.737476110221687,0.040802001716437886
840.2130017740346,3.6160550117492676,3.705054988506732,0.08899997675746452
844.2441972790002,3.5632803440093994,3.6846755697221054,0.121395225712706
847.2755602641992,3.5334932804107666,3.6726964079583113,0.1392031275475447
851.3222246929909,3.594362258911133,3.697060207952802,0.10269794904166929
854.3534485920754,3.576878786087036,3.689718866533667,0.11284008044663096
858.415549749574,3.576878786087036,3.690158695289811,0.11327990920277475
861.4471920949472,3.601323366165161,3.6999460551316616,0.0986226889665005
865.5092784305598,3.672229528427124,3.729196841099891,0.056967312672767
868.5565041545706,3.573802947998047,3.6892159881934425,0.11541304019539567
872.5877158047151,3.5472536087036133,3.678186476848825,0.13093286814521177
875.6034241990674,3.564413547515869,3.6848206227376012,0.12040707522173211
879.6654479038261,3.6006758213043213,3.6997673756769025,0.09909155437258121
882.6970087263326,3.630139112472534,3.7120086875450795,0.08186957507254533
886.7282701403128,3.631596088409424,3.713310678394181,0.08171458998475734
889.7590935076951,3.5592331886291504,3.683536075784609,0.12430288715545856
893.7907750120503,3.6163787841796875,3.706772778191894,0.09039399401220649
896.8219169421609,3.5925815105438232,3.697355462160195,0.10477395161637171
900.8531777396092,3.6280345916748047,3.7115627412036116,0.08352814952880694
903.8843573234226,3.5953335762023926,3.6984956405971623,0.10316206439476971
907.9312096748472,3.6283583641052246,3.71214320218722,0.08378483808199544
910.9465570959328,3.569108247756958,3.6879891116221355,0.11888086386517749
914.9780918150173,3.664135217666626,3.726374446547677,0.062239228881050934
918.0093200148112,3.6082844734191895,3.7037920769111574,0.09550760349196796
922.0561825365476,3.582059144973755,3.6944287428841998,0.11236959791044487
925.0717629925275,3.5793070793151855,3.6929465082765636,0.11363942896137802
929.1185899106677,3.626091957092285,3.7123230743187365,0.08623111722645138
932.1498247269192,3.597438097000122,3.7001490525479683,0.10271095554784626
936.2118058657543,3.5998663902282715,3.700559311184938,0.10069292095666649
939.2435049222549,3.5967905521392822,3.6998305660577326,0.10304001391845041
943.2903873535288,3.5634422302246094,3.685132427935589,0.12169019771097966
946.3368108913346,3.6338624954223633,3.714742710584853,0.08088021516248967
950.3373984897044,3.7269468307495117,3.752381740918214,0.025434910168702363
953.3680313179393,3.6322436332702637,3.715062998983144,0.08281936571288018
957.3996474847045,3.631434202194214,3.71514431355433,0.08371011136011619
960.4310139686095,3.5587475299835205,3.685203858260558,0.12645632827703768
964.4620076012252,3.4677677154541016,3.6521566040770583,0.18438888862295677
967.508401329851,3.52005672454834,3.668720132070244,0.1486634075219042
971.5089466179343,3.4192020893096924,3.6327910476662844,0.21358895835659197
974.5401279611215,3.5542147159576416,3.6785335009770397,0.12431878501939808
978.5869948988475,3.6456801891326904,3.715969997973308,0.07028980884061742
981.6182706970831,3.626739501953125,3.7091052150715793,0.08236571311845431
985.6652716733588,3.6327292919158936,3.712217010622988,0.07948771870709459
988.6963707618634,3.635481357574463,3.713240400344874,0.07775904277041112
992.7275908830852,3.555995464324951,3.681793956941018,0.12579849261606668
995.7589112973474,3.5835161209106445,3.6919109624243602,0.1083948415137157
999.8055925880981,3.531550645828247,3.670662996420509,0.1391123505922618
1002.8212275847982,3.577202558517456,3.6883341188935184,0.11113156037606231
1006.8523865287862,3.6035897731781006,3.699438746743572,0.0958489735654715
1009.8836245780913,3.6294915676116943,3.709900494991809,0.08040892738011474
1013.9460276268292,3.635481357574463,3.713114134504086,0.07763277692962323
1016.9617224875001,3.725166082382202,3.7497760506467914,0.024609968264589277
1021.0242176905631,3.6294915676116943,3.7130684764923054,0.08357690888061109
1024.0554425670853,3.6293296813964844,3.713125850985487,0.08379616958900282
1028.0866605379524,3.6293296813964844,3.7133090357221583,0.08397935432567394
1031.1178735649846,3.6296534538269043,3.7134717501731336,0.08381829634622928
1035.1491997451376,3.6296534538269043,3.7136999439826663,0.08404649015576204
1038.1802964677554,3.629977226257324,3.7138718567497695,0.08389463049244528
1042.2270068709477,3.629977226257324,3.714095275331515,0.08411804907419063
1045.2427439416606,3.630300998687744,3.7142552234349506,0.08395422474720649
1049.289608182673,3.630462884902954,3.7144597965805364,0.08399691167758228
1052.3204498155064,3.601161479949951,3.7019828066022322,0.10082132665228105
1056.3210309527967,3.4472081661224365,3.6444782153699347,0.19727004924749814
1059.3520404483497,3.4972310066223145,3.6598246596786774,0.16259365305636297
1063.3988956218018,3.51957106590271,3.666959810885368,0.14738874498265808
1066.4146259356967,3.5590713024139404,3.6819749804948576,0.12290367808091718
1070.4613727444885,3.6175119876861572,3.7062391807816937,0.08872719309553645
1073.4920550257812,3.589182138442993,3.6941990294201266,0.1050168909771334
1077.5082703732005,3.654907703399658,3.7205381893145155,0.06563048591485732
1080.5238532000803,3.7080061435699463,3.742640665743526,0.03463452217357954
1084.5702128053308,3.6277108192443848,3.71196376229478,0.08425294305039532
1087.601774048886,3.6277108192443848,3.712135558254154,0.08442473900976921
1091.6488973044507,3.627387046813965,3.7124121051355345,0.0850250583215697
1094.6799313460833,3.627548933029175,3.712623591696599,0.08507465866742425
1098.711240092849,3.6280345916748047,3.712912192807817,0.08487760113301235
1101.7424781972804,3.614598035812378,3.7073757585209517,0.09277772270857376
1105.758569701531,3.4965834617614746,3.6609394705897262,0.16435600882825163
1108.8045475753133,3.581573486328125,3.692597623210066,0.1110241368819409
1112.8360996024785,3.5210280418395996,3.669410204851602,0.14838216301200235
1115.8672931610672,3.589344024658203,3.6949229645281463,0.10557893986994316
1119.9137459632293,3.5245895385742188,3.6693957421776147,0.1448062036033959
1122.9297412966116,3.6001901626586914,3.698943201365547,0.09875303870685581
1126.9767769792488,3.5504913330078125,3.6788542195666514,0.12836288655883887
1130.007468137639,3.5710508823394775,3.6866601106683676,0.11560922832889009
1134.0390031725146,3.5987331867218018,3.6981343153367012,0.09940112861489947
1137.0704665525373,3.6199402809143066,3.7071536630261845,0.0872133821118779
1141.1171047209828,3.6492416858673096,3.719774147905492,0.07053246203818242
1144.1484034212117,3.671743869781494,3.729246794413514,0.05750292463201978
1148.1952031817673,3.6833994388580322,3.7350103976651003,0.05161095880706812
1151.2420143291238,3.627063274383545,3.712736832507659,0.08567355812411392
1155.2572499735943,3.627063274383545,3.7127458105460054,0.08568253616246047
1158.304489958089,3.627225160598755,3.7128194419380742,0.08559428133931934
1162.3357774018514,3.627063274383545,3.712956885044811,0.085893610661266
1165.3669697875157,3.627387046813965,3.7130743554670467,0.08568730865308183
1169.4137917182416,3.547577381134033,3.679958477636686,0.13238109650265262
1172.4450410506179,3.424706220626831,3.636472499810153,0.21176627918332214
1176.4917637393846,3.544339656829834,3.67740951777306,0.13306986094322593
1179.5231305039888,3.709463119506836,3.743165545723766,0.03370242621693009
1183.5856046697008,3.6238255500793457,3.7095453521624315,0.08571980208308583
1186.6168447791315,3.6239874362945557,3.709988272430818,0.0860008361362623
1190.6637365887473,3.6246349811553955,3.710521861953977,0.08588688079858153
1193.6949772545522,3.6249587535858154,3.7108626025266434,0.08590384894082792
1197.7417342988192,3.592905282974243,3.6974721724191832,0.10456688944494008
1200.7723590519527,3.4880034923553467,3.6569073347613448,0.1689038424059981
1204.7886256719648,3.6249587535858154,3.7091264724015627,0.08416771881574725
1207.83482588904,3.609903335571289,3.7035433230107766,0.09363998743948754
1211.8822369658374,3.4972310066223145,3.6597570154932235,0.16252600887090907
1214.8979963771417,3.557290554046631,3.681537017831963,0.12424646378533222
1218.928965659161,3.6207497119903564,3.7067910547754837,0.0860413427851272
1221.9759403885873,3.5799546241760254,3.69074432109284,0.1107896969168145
1226.006884172155,3.5987331867218018,3.697805042715662,0.09907185599386015
1229.0072704881022,3.6337006092071533,3.7121424874148135,0.07844187820766013
1233.038416033749,3.6288440227508545,3.7119967561042677,0.08315273335341322
1236.0853430193638,3.6772477626800537,3.7315844883726053,0.054336725692551546
1240.1161131006775,3.6243112087249756,3.7108906962214427,0.08657948749646716
1243.1478579962495,3.6246349811553955,3.7110295460934823,0.08639456493808684
1247.1790976861703,3.6249587535858154,3.7112468062497808,0.08628805266396533
1250.2098519315405,3.6252825260162354,3.7114268507503407,0.08614432473410538
1254.2415351451527,3.6212353706359863,3.710035547512682,0.0888001768766955
1257.2727395657712,3.589829683303833,3.6967505246635315,0.10692084135969848
1261.319575240701,3.5535671710968018,3.6812568961448218,0.12768972504802
1264.3508148288274,3.622044801712036,3.7093291595484894,0.08728435783645327
1268.3970544605254,3.52021861076355,3.6676253494218436,0.1474067386582938
1271.4288330298914,3.4290771484375,3.6361525842567683,0.20707543581926835
1275.4602335099298,3.5245895385742188,3.6664593891669943,0.14186985059277557
1278.5065009994141,3.5508151054382324,3.6762032362842127,0.12538813084598033
1282.5381500630428,3.5909628868103027,3.6915100633872315,0.1005471765769288
1285.569426177066,3.5912866592407227,3.6921259508636726,0.10083929162294991
1289.600662473542,3.553243398666382,3.677173533926365,0.12393013525998331
1292.6162729442149,3.5498437881469727,3.6754693831187666,0.12562559497179393
1296.6472201112047,3.5676512718200684,3.6823088768387935,0.11465760501872513
1299.6630259279846,3.679352283477783,3.7297832658467835,0.05043098236900034
1303.6786334679018,3.652317523956299,3.721644030112526,0.06932650615622737
1306.694262058667,3.7329366207122803,3.7525250826378698,0.019588461925589495
1310.7411014378085,3.623016119003296,3.7104886973084295,0.08747257830513355
1313.7723764089933,3.622854232788086,3.7103947898315903,0.08754055704350439
1317.8035989813143,3.623016119003296,3.7104194012789877,0.08740328227569183
1320.834768625391,3.623339891433716,3.710504229048269,0.08716433761455322
1324.8662381422291,3.6236636638641357,3.710644641799636,0.08698097793550019
1327.9125440473072,3.6238255500793457,3.710763092122411,0.08693754204306536
1331.9284584307898,3.6241493225097656,3.7109238789817143,0.08677455647194865
1334.959851375541,3.6243112087249756,3.711039090525954,0.08672788180097823
1339.00609658111,3.544501543045044,3.6780541011496526,0.13355255810460864
1342.0377424051403,3.506944179534912,3.6638403176113923,0.15689613807648017
1346.0846418537694,3.511153221130371,3.6636874936322776,0.15253427250190654
1349.1159055919925,3.462425470352173,3.6444124071625787,0.1819869368104059
1353.1626088925186,3.6256062984466553,3.7058075056792203,0.08020120723256507
1356.1934076185753,3.6239874362945557,3.705758904962863,0.08177146866830753
1360.2251061653478,3.6422805786132812,3.7140593363478454,0.0717787577345641
1363.2557565071547,3.622854232788086,3.7061058070360233,0.08325157424793739
1367.3186594348263,3.622530460357666,3.706792801564462,0.08426234120679599
1370.3500515324704,3.622692346572876,3.7072378692987358,0.0845455227258598
1374.0375295798003,3.623178005218506,3.7077149995695997,0.08453699435109385
1377.0843631529606,3.623339891433716,3.708064821695239,0.08472493026152339
1381.1155992439308,3.623501777648926,3.7084711071949332,0.08496932954600744
1384.1469984893592,3.6239874362945557,3.7087538133504196,0.08476637705586398
1388.1781593431006,3.6239874362945557,3.709086479726715,0.08509904343215924
1391.2092734890648,3.6243112087249756,3.7093129247159666,0.08500171599099104
1395.2248910138333,3.482499361038208,3.653713234537622,0.17121387349941397
1398.2562986050289,3.5678131580352783,3.6861395824728023,0.11832642443752395
1402.302981514811,3.5344645977020264,3.6728045913049616,0.13833999360293525
1405.3496887435685,3.6280345916748047,3.709802020427028,0.0817674287522232
1409.3812521189648,3.7029876708984375,3.741267854002504,0.038280183104066445
1412.4117808281007,3.586106300354004,3.6942048064664883,0.1080985061124844
1415.4278570126808,3.5297698974609375,3.6711952935468255,0.141425396085888
1419.4748907705289,3.572507858276367,3.688955004270918,0.11644714599455064
1422.505975187527,3.6579835414886475,3.7235680596606535,0.06558451817200606
1426.5528813027413,3.6050467491149902,3.7012750130988623,0.09622826398387208
1429.5685456174033,3.4603209495544434,3.6467326292433064,0.18641167968886307
1433.615223690147,3.557290554046631,3.680722091521475,0.12343153747484426
1436.6464633334108,3.597114324569702,3.696267614599549,0.09915329002984663
1440.7089773332518,3.597761869430542,3.696950285840023,0.09918841640948095
1443.7401495938357,3.536892890930176,3.672527224253595,0.13563433332341912
1447.771394170919,3.5755836963653564,3.686464068223136,0.11088037185777955
1450.8027634116806,3.5830304622650146,3.690142816760276,0.10711235449526146
1454.8494399205338,3.507267951965332,3.660055679134069,0.1527877271687368
1457.8807132877191,3.5218374729156494,3.6650906404371497,0.1432531675215003
1461.927612881711,3.5723459720611572,3.6841806548636242,0.111834682802467
1464.9587784456344,3.5872395038604736,3.6900505624383015,0.10281105857782791
1468.9898977910816,3.623016119003296,3.705487839735051,0.08247172073175513
1472.0211886618272,3.5221612453460693,3.665373759946709,0.14321251460063955
1476.0526117781956,3.6215591430664062,3.705248391320013,0.08368924825360669
1479.0830204285703,3.5466060638427734,3.6743163838664024,0.12771032002362892
1483.1304897302507,3.524427652359009,3.6657980391337626,0.14137038677475378
1486.1462643494015,3.6205878257751465,3.704179575564311,0.08359174978916473
1490.1929508080138,3.73455548286438,3.7485112153558418,0.01395573249146187
1493.2085427475686,3.622206687927246,3.705229694086037,0.0830230061587911
1497.2555291225108,3.6209115982055664,3.7054897771646553,0.08457817895908892
1500.2866976337718,3.6209115982055664,3.705727493234189,0.08481589502862263
1504.3177929243575,3.6209115982055664,3.706052188163597,0.08514058995803042
1507.3334608129044,3.6209115982055664,3.7062893490025797,0.08537775079701326
1511.3805025205475,3.6213972568511963,3.70659179112927,0.08519453427807377
1514.4115589528992,3.6213972568511963,3.7068045529866858,0.08540729613548947
1518.4739944874782,3.6215591430664062,3.7070707355043693,0.08551159243796302
1521.5053755025401,3.621721029281616,3.7072555595424266,0.08553453026081037
1525.5360125377774,3.621721029281616,3.7074842761617086,0.0857632468800924
1528.5676936195487,3.622044801712036,3.707644278286442,0.08559947657440592
1532.5831903336766,3.621882915496826,3.7078360339244014,0.08595311842757525
1535.63016216088,3.544177770614624,3.6754444418687724,0.13126667125414837
1539.6925929285972,3.4022040367126465,3.625584683370005,0.22338064665735846
1542.7083103554214,3.3975093364715576,3.6224710620357268,0.22496172556416916
1546.7551051887203,3.623178005218506,3.7027005044468595,0.07952249922835364
1549.7701998658595,3.564899206161499,3.6796943314590456,0.11479512529754654
1553.8019540811583,3.629977226257324,3.707877627792433,0.0779004015351088
1556.817540577169,3.73471736907959,3.74888230203673,0.014164932957140053
1560.8330767695406,3.564899206161499,3.6835445594008074,0.11864535323930836
1563.879972352006,3.379863739013672,3.6192164168274026,0.2393526778137307
1567.926867976119,3.2990827560424805,3.5939092214297133,0.2948264653872328
1570.9580112796466,3.3686935901641846,3.609736668907412,0.2410430787432274
1574.9736748590149,3.3695030212402344,3.608368006373513,0.23886498513327847
1578.004766388709,3.510991334915161,3.6539101467455097,0.1429188118303486
1582.0364343192887,3.5181140899658203,3.655697200479471,0.1375831105136509
1585.0673118514533,3.4857370853424072,3.643390782990739,0.15765369764833181
1589.0826200063602,3.4073843955993652,3.6166030361455848,0.20921864054621953
1592.1297809792486,3.395566701889038,3.611548007038026,0.21598130514898806
1596.176434891866,3.2900171279907227,3.579233458319892,0.2892163303291695
1599.2076828257632,3.413212299346924,3.6134386810700265,0.2002263817231027
1603.2698765736677,3.478290319442749,3.633727938102398,0.1554376186596489
1606.3014737015183,3.3937859535217285,3.6058741674948456,0.21208821397311706
1610.3482588256593,3.403661012649536,3.6078895590439117,0.2042285463943756
1613.3795357516974,3.5009543895721436,3.6405659221167106,0.13961153254456704
1617.426450824205,3.4676058292388916,3.6289945701085244,0.16138874086963284
1620.4572073552663,3.5255608558654785,3.650484059837128,0.12492320397164969
1624.4887617533313,3.5582618713378906,3.6631626073757317,0.10490073603784111
1627.5199771612824,3.507591724395752,3.6443420921991834,0.13675036780343142
1631.5669423585205,3.4844419956207275,3.636659918979478,0.15221792335875062
1634.6136149811646,3.5626327991485596,3.6659391617325934,0.1033063625840338
1638.6449031266675,3.5670037269592285,3.669223200976859,0.10221947401763032
1641.676050279777,3.531874418258667,3.6556914493359063,0.12381703107723929
1645.7073462848348,3.6073131561279297,3.688620018138832,0.08130686201090231
1648.7230137974511,3.38714861869812,3.608994472029986,0.22184585333186568
1652.7385917537504,3.38763427734375,3.6069945750653796,0.21936029772162957
1655.7697680293313,3.5874013900756836,3.6779442473053288,0.09054285722964517
1659.8005881200916,3.643575668334961,3.700898141137692,0.057322472802731284
1662.8165368374794,3.569917678833008,3.6734544816836188,0.10353680285061095
1666.8322080508406,3.51859974861145,3.6531195237142313,0.13451977510278113
1669.8634741449314,3.5087249279022217,3.6486961861895137,0.13997125828729207
1673.9099068270298,3.598571300506592,3.6839111679750287,0.08533986746843691
1676.9259713876854,3.660249948501587,3.7091831510321236,0.04893320253053668
1680.9571212290211,3.6710963249206543,3.7151091907609803,0.04401286584032604
1683.9880672566323,3.7148053646087646,3.732937250548385,0.01813188593962023
1688.0197429114378,3.6461658477783203,3.7082559076641184,0.06209005988579808
1691.0504220047987,3.6770858764648438,3.722308656896132,0.045222780431288356
1695.0976274899876,3.643575668334961,3.708243823791828,0.0646681554568671
1698.1289209822535,3.6505367755889893,3.7119493860738455,0.061412610484856245
1702.175741684925,3.6155693531036377,3.697581518018054,0.0820121649144161
1705.1914446457558,3.614921808242798,3.6974567179784517,0.0825349097356538
1709.222559896014,3.614436149597168,3.6974152490147985,0.08297909941763049
1712.2693993237408,3.614274263381958,3.6974384902997284,0.08316422691777037
1716.3318693792244,3.614112377166748,3.6975117063315257,0.08339932916477766
1719.363286103151,3.535274028778076,3.664657762733517,0.12938373395544067
1723.3942581169686,3.3975093364715576,3.6160797103174245,0.21857037384586686
1726.441223493115,3.47456693649292,3.64045559659207,0.16588866009915026
1730.488013003167,3.362703800201416,3.6025865699034254,0.2398827697020094
1733.5188873173283,3.4970691204071045,3.6449027573023347,0.1478336368952302
1737.5661157195427,3.5341408252716064,3.659623157124093,0.1254823318524867
1740.5973750367666,3.5916104316711426,3.682734197133753,0.09112376546261025
1744.644169373827,3.5457966327667236,3.6657538997588874,0.1199572669921638
1747.6754371069947,3.5470917224884033,3.665869531389717,0.11877780890131362
1751.722256802157,3.5370547771453857,3.661838868609532,0.12478409146414604
1754.769088229983,3.6367764472961426,3.702256754186418,0.0654803068902754
1758.7844861883605,3.7274324893951416,3.738537626819282,0.01110513742414021
1761.8159296287704,3.710110664367676,3.7337933504707537,0.023682686103077888
1765.847340163833,3.6111984252929688,3.695330621710426,0.08413219641745728
1768.8940720589708,3.610550880432129,3.6952382702766036,0.08468738984447466
1772.9408887215905,3.610550880432129,3.6952916950325605,0.08474081460043159
1775.9721174476872,3.5296080112457275,3.6624417989412548,0.13283378769552723
1780.0033811423455,3.3610849380493164,3.6050625240653007,0.2439775860159843
1783.0346290612033,3.3865010738372803,3.6093196058933827,0.22281853205610247
1787.0814529367708,3.568622589111328,3.674281496989754,0.1056589078784258
1790.1126389666206,3.60650372505188,3.689743854790443,0.08324012973856298
1794.1594820299397,3.717233657836914,3.733672306339453,0.016438648502538733
1797.1746967006766,3.6076369285583496,3.6912290677564714,0.0835921391981218
1801.2062112595922,3.6069893836975098,3.6917656225237954,0.0847762388262856
1804.2375268217875,3.6071512699127197,3.6921715435235023,0.08502027361078257
1808.3000736232498,3.6074750423431396,3.692683664028202,0.08520862168506227
1811.3468986902408,3.6079607009887695,3.693039396652488,0.0850786956637184
1815.4093633272423,3.6084463596343994,3.6934760321244253,0.08502967249002591
1818.44072173104,3.6087701320648193,3.6937754202603728,0.08500528819555342
1822.4873953426795,3.4352285861968994,3.6277002460155754,0.19247165981867598
1825.503151836725,3.2998921871185303,3.5864819449357745,0.2865897578172443
1829.5499017031252,3.292121648788452,3.579740983435152,0.2876193346467
1832.5810538035475,3.4020421504974365,3.6085265729362384,0.20648442243880183
1836.5967584150203,3.553405284881592,3.662283148903475,0.10887786402188304
1839.6435173123537,3.569755792617798,3.669732951117626,0.09997715849982836
1843.6749089102887,3.5963048934936523,3.681896965183779,0.08559207169012684
1846.7058706620337,3.5752599239349365,3.674015657844744,0.0987557339098073
1850.7527970426818,3.547739267349243,3.663419179411159,0.11567991206191586
1853.7685862230646,3.5349502563476562,3.6580659643726365,0.12311570802498029
1857.7841652871211,3.577202558517456,3.675241735742703,0.09803917722524691
1860.8308661099363,3.578011989593506,3.6761611846758218,0.0981491950823159
1864.8777477843287,3.6746575832366943,3.716143365192151,0.0414857819554566
1867.9089806657794,3.713995933532715,3.7321653934726244,0.018169459939909594
1871.9557770930369,3.688256025314331,3.7242666112150484,0.03601058590071737
1874.9870378989654,3.6086082458496094,3.693031561717344,0.08442331586773477
1879.0495160094943,3.6079607009887695,3.692883885011934,0.08492318402316457
1882.0807076683523,3.5788214206695557,3.68029365116439,0.10147223049483411
1886.1275526013196,3.5221612453460693,3.6568128424993054,0.13465159715323605
1889.1432324295856,3.528312921524048,3.658529878683167,0.13021695715911896
1893.205637944462,3.4964215755462646,3.6465052177442034,0.1500836421979388
1896.2523740099787,3.499497413635254,3.646741127117291,0.14724371348203702
1900.2528726419587,3.531874418258667,3.658866128906485,0.12699171064781822
1903.2676844100897,3.568460702896118,3.6733258013194128,0.10486509842329461
1907.3150106507746,3.511153221130371,3.64984299228741,0.13868977115703895
1910.3305823900628,3.602780342102051,3.687066947193538,0.08428660509148722
1914.3930050325616,3.5710508823394775,3.6741388226996596,0.1030879403601821
1917.408594977158,3.7230615615844727,3.735525959569846,0.012464397985373132
1921.4395645448894,3.60569429397583,3.690423230276128,0.08472893630029787
1924.4554404560986,3.60553240776062,3.6906154878132007,0.08508308005258058
1928.4710947122658,3.60569429397583,3.6909361062587944,0.08524181228296435
1931.486540006903,3.60601806640625,3.6911866170397962,0.08516855063354623
1935.5334937005173,3.60634183883667,3.691515346395966,0.08517350755929609
1938.564722607065,3.60650372505188,3.6917506976152845,0.08524697256340463
1942.6115377158167,3.4679296016693115,3.637097279019701,0.1691676773503894
1945.6269663740568,3.503220796585083,3.6491217042003994,0.14590090761531638
1949.6428330839044,3.553405284881592,3.6674135816985696,0.11400829681697777
1952.6739907231095,3.5995426177978516,3.686496163926566,0.08695354612871453
1956.7364371297444,3.555833578109741,3.6683413334510186,0.11250775534127744
1959.7522502948086,3.6073131561279297,3.6895991830391557,0.082286026911226
1963.7990200206295,3.556157350540161,3.6688561686592163,0.11269881811905513
1966.8145267982654,3.5346264839172363,3.660299335159216,0.1256728512419798
1970.84572008772,3.5700795650482178,3.6745256862443787,0.10444612119616092
1973.8769572297606,3.5420732498168945,3.6633073765138837,0.12123412669698919
1977.9238779613552,3.5598807334899902,3.6698071913374566,0.10992645784746635
1980.9393423835863,3.482823133468628,3.6406724684731055,0.15784933500447762
1984.9864066573755,3.729698896408081,3.737597717098634,0.00789882069055281
1988.0175099613698,3.676438331604004,3.7192033526955988,0.04276502109159486
1992.0643583729907,3.6042373180389404,3.6912756391971993,0.08703832115825882
1995.0949567154057,3.6043992042541504,3.691343564624505,0.0869443603703548
1999.126763977707,3.6047229766845703,3.691518740813463,0.08679576412889256
2002.1423864983626,3.6048848628997803,3.6916744760285902,0.08678961312880995
2006.2048529849671,3.60537052154541,3.6918932973519394,0.08652277580652923
2009.2205552841515,3.60569429397583,3.6920549298953347,0.0863606359195046
2013.2518195702796,3.60601806640625,3.692264339600319,0.08624627319406919
2016.2829555656208,3.60634183883667,3.69241512964308,0.08607329080640991
2020.3143130937751,3.5003068447113037,3.649847851551682,0.1495410068403782
2023.3609901273958,3.5137431621551514,3.654226672172452,0.14048351001730053
2027.4078448497203,3.479099750518799,3.6409840523707278,0.16188430185192892
2030.4390762975927,3.4935076236724854,3.6454792003854544,0.15197157671296901
2034.454713100331,3.552110195159912,3.6671611537716373,0.11505095861172521
2037.4858818120847,3.552433967590332,3.667178806719152,0.11474483912882016
2041.548196536034,3.672714948654175,3.7169012651139917,0.044186316459816855
2044.5795817315047,3.6608974933624268,3.7127103687309955,0.05181287536856871
2048.61081849915,3.6039135456085205,3.690243261215853,0.0863297156073326
2051.6415609000505,3.6039135456085205,3.6904368037724655,0.08652325816394502
2055.673203156741,3.6043992042541504,3.690728135641206,0.08632893138705544
2058.704421852879,3.6045610904693604,3.690948655050695,0.08638756458133479
2062.7515061364647,3.6048848628997803,3.691231376499613,0.0863465135998327
2065.7823547616936,3.5708889961242676,3.676929123869585,0.10604012774531757
2069.8450736914965,3.498849868774414,3.6478706954516062,0.1490208266771922
2072.8606645684085,3.523941993713379,3.6569743648984283,0.1330323711850494
2076.89207281778,3.5840017795562744,3.6808349864004937,0.09683320684421926
2079.9231787583376,3.5122861862182617,3.6526283460868822,0.14034215986862053
2083.9543281685983,3.602618455886841,3.6892050256089455,0.08658656972210466
2086.9856417608826,3.5542147159576416,3.6699094919780793,0.11569477602043765
2091.0324360027043,3.6816186904907227,3.7213096421662946,0.039690951675571906
2094.048037110082,3.6029422283172607,3.6899529212307387,0.08701069291347796
2098.0637022332885,3.6029422283172607,3.690257271373883,0.08731504305662208
2101.0792724688326,3.523618221282959,3.657569574551445,0.13395135326848617
2105.1103556543057,3.4687390327453613,3.6364731333058193,0.167734100560458
2108.141761260562,3.43328595161438,3.6231860283904997,0.18990007677611986
2112.172381243363,3.4643681049346924,3.632597608063609,0.1682295031289165
2115.172894194442,3.5296080112457275,3.656433319367733,0.12682530812200543
2119.219751703702,3.5917723178863525,3.6821172147381027,0.09034489685175018
2122.2662163788773,3.6032660007476807,3.6873693840282584,0.08410338328057776
2126.2979791304133,3.672391414642334,3.7158505146088743,0.04345909996654029
2129.3290120292113,3.6403379440307617,3.703592663166806,0.06325471913604419
2133.3602522354086,3.601970911026001,3.688585745737964,0.08661483471196307
2136.3759362440796,3.602132797241211,3.6888063609032127,0.08667356366200174
2140.4383686959845,3.4680914878845215,3.6357490620123873,0.16765757412786586
2143.4538818194087,3.47440505027771,3.637814453144649,0.16340940286693906
2147.4851329979247,3.47489070892334,3.6363595692120017,0.1614688602886618
2150.500952744369,3.4179069995880127,3.6163106683580173,0.1984036687700046
2154.532118901305,3.4969072341918945,3.642015462760615,0.1451082285687204
2157.578819027389,3.5676512718200684,3.6695686527852107,0.10191738096514236
2161.6258994212913,3.5592331886291504,3.666316595711433,0.10708340708228281
2164.672519001939,3.573479175567627,3.672122717974818,0.0986435424071912
2168.7349829472223,3.5626327991485596,3.6682490319853187,0.10561623283675914
2171.7662161193875,3.5224850177764893,3.652313470918413,0.12982845314192382
2175.7975195128274,3.441542148590088,3.6229935034570273,0.18145135486693942
2178.8286936881777,3.4800710678100586,3.6352272816311277,0.15515621382106914
2182.8757812148324,3.5716984272003174,3.670602258051538,0.09890383085122068
2185.9064049604676,3.5867538452148438,3.6774726427338074,0.09071879751896361
2189.9535885461555,3.602618455886841,3.6845390308597388,0.08192057497289795
2192.9999584053803,3.5661942958831787,3.6700915540441823,0.10389725816100359
2197.0159635096206,3.5582618713378906,3.666411637909606,0.10814976657171549
2200.0473335824536,3.5716984272003174,3.6718717841473163,0.10017335694699891
2204.0784919249454,3.615083694458008,3.6906302853965993,0.0755465909385915
2207.1097197888994,3.655879020690918,3.7081829390999577,0.052303918409039696
2211.1409969520646,3.639366626739502,3.7020768663613204,0.06271023962181843
2214.1720861309113,3.51859974861145,3.6530247412283807,0.13442499261693053
2218.2036004091315,3.51892352104187,3.652350146487616,0.1334266254457459
2221.234707452433,3.470681667327881,3.63394980642802,0.16326813910013893
2225.265865158337,3.5456347465515137,3.661320168031364,0.11568542147985017
2228.2812296819793,3.531226873397827,3.655785711255737,0.12455883785790967
2232.312623705955,3.544825315475464,3.6611753908928146,0.11635007541735076
2235.3439506614886,3.6084463596343994,3.6871406242589897,0.07869426462459028
2239.406364532162,3.60601806640625,3.686388095298473,0.08037002889222311
2242.4376058195194,3.528151035308838,3.655319797100944,0.127168761792106
2246.4688435495664,3.507106065750122,3.6466933884850032,0.13958732273488117
2249.500098761575,3.499821186065674,3.643314351731225,0.14349316566555137
2253.5469904258352,3.5700795650482178,3.6704828558162363,0.10040329076801857
2256.593801016803,3.572831630706787,3.6715229879540727,0.09869135724728562
2260.640688605916,3.609579563140869,3.687284404455599,0.07770484131472966
2263.6718523352756,3.5336551666259766,3.657125376190251,0.12347020956427457
2267.718711679103,3.56085205078125,3.6676533051320135,0.10680125435076349
2270.7499299892806,3.5954954624176025,3.6819627975894638,0.08646733517186123
2274.7968536832414,3.5637660026550293,3.6690210876680456,0.10525508501301628
2277.8436188361447,3.5763931274414062,3.674170852365557,0.09777772492415071
2281.890502390219,3.5665180683135986,3.6699653740860168,0.10344730577241812
2284.9217832410286,3.597276210784912,3.6831319096581945,0.08585569887328237
2288.952901739369,3.6111984252929688,3.688757134478981,0.07755870918601238
2291.9685155182706,3.499983072280884,3.6442112791182986,0.14422820683741477
2295.999738882565,3.5506532192230225,3.6635870062064066,0.11293378698338419
2299.0306161189983,3.5540528297424316,3.664915255985382,0.11086242624295028
2303.0778299399317,3.5661942958831787,3.669464515764362,0.10327021988118323
2306.1086801340643,3.589182138442993,3.67922116724693,0.090039028803937
2310.1403195637213,3.5203804969787598,3.6509243209557796,0.1305438239770198
2313.1714821051246,3.5673274993896484,3.669315747595003,0.10198824820535446
2317.202734376355,3.5169808864593506,3.6492260446388016,0.13224515817945104
2320.2496315377502,3.6733624935150146,3.712766954986389,0.03940446147137422
2324.2965340489973,3.6545839309692383,3.706268514466106,0.05168458349686755
2327.3276438742178,3.6003520488739014,3.6848863934478553,0.08453434457395392
2331.359085977838,3.552595853805542,3.6646116839217013,0.11201583011615934
2334.3900797793394,3.4319908618927,3.6200193852893907,0.18802852339669052
2338.4213743357905,3.47408127784729,3.6331964456469574,0.1591151677996674
2341.452759355823,3.481689929962158,3.635112531688545,0.1534226017263869
2345.4837748678838,3.4964215755462646,3.6411520804596678,0.1447305049134031
2348.499475843775,3.552433967590332,3.662472853263477,0.1100388856731449
2352.530223358939,3.590153455734253,3.6779168627186563,0.08776340698440332
2355.5618440955404,3.6003520488739014,3.6824879023126744,0.08213585343877305
2359.5931008529296,3.672067642211914,3.7126706175088438,0.04060297529692969
2362.6086499759404,3.5472536087036133,3.662579828851029,0.11532622014741589
2366.6556595887087,3.568622589111328,3.6711666556828026,0.10254406657147452
2369.686760160901,3.568784475326538,3.671138106408944,0.1023536310824058
2373.7179461822707,3.508077383041382,3.646792056531978,0.13871467349059596
2376.7333241794367,3.523780107498169,3.6521791222544477,0.1283990147562788
2380.796121348929,3.6197783946990967,3.6911808899334018,0.07140249523430509
2383.826705836873,3.5958192348480225,3.6817960922497566,0.08597685740173411
2387.8583981982483,3.6288440227508545,3.6960519421127556,0.06720791936190107
2390.8741141814826,3.660249948501587,3.708789694465075,0.0485397459634882
2394.921021254082,3.598247528076172,3.6847915317679787,0.08654400369180681
2397.9365680964183,3.598409414291382,3.684839247698343,0.08642983340696109
2401.98342892895,3.598571300506592,3.684973983107584,0.08640268260099226
2405.0146312693905,3.5987331867218018,3.6850964720680492,0.08636328534624749
2409.0615295400858,3.5990569591522217,3.6852688379224525,0.08621187877023084
2412.0927717497398,3.5992188453674316,3.685398582374251,0.08617973700681958
2416.155156367615,3.5993807315826416,3.6855683409576026,0.08618760937496095
2419.1707576303706,3.5995426177978516,3.685689800431695,0.08614718263384358
2423.2176442821547,3.6000282764434814,3.685845751524154,0.08581747508067261
2426.264386818777,3.4799091815948486,3.6375373859648787,0.1576282043700301
2430.2957485223233,3.4765095710754395,3.6364986254738496,0.15998905439841016
2433.311336371702,3.466148853302002,3.6318685899655003,0.16571973666349837
2437.358160086871,3.470034122467041,3.6317757032484184,0.16174158078137735
2440.3894154592817,3.5045158863067627,3.6437513474687044,0.13923546116194174
2444.4050222673686,3.598571300506592,3.681206371371692,0.08263507086510025
2447.4207642703586,3.663163900375366,3.7085013902057984,0.045337489830432176
2451.467430493609,3.680485486984253,3.717114633073975,0.03662914608972212
2454.4986643775446,3.6157312393188477,3.6914797083413173,0.07574846902246968
2458.5455536508525,3.597114324569702,3.6842271394525143,0.0871128148828122
2461.5923289590246,3.5804402828216553,3.677260526030254,0.09682024320859872
2465.6079782979577,3.597114324569702,3.6840893202549023,0.08697499568520017
2468.6386899423196,3.597599983215332,3.684290603896473,0.08669062068114108
2472.6705531739026,3.5945241451263428,3.6830850637930843,0.08856091866674154
2475.70132991024,3.548063039779663,3.6637850792193642,0.11572203943970116
2479.748475391105,3.5182759761810303,3.652634286157686,0.13435830997665565
2482.7954506819297,3.4426753520965576,3.6237536193714663,0.18107826727490872
2486.8109946035365,3.5592331886291504,3.6666191031432938,0.10738591451414337
2489.8264326902354,3.5009543895721436,3.6432883685637867,0.14233397899164313
2493.842205361074,3.511962413787842,3.647041537472897,0.13507912368505526
2496.873462041738,3.5430445671081543,3.658576742986276,0.11553217587812181
2500.920273175594,3.5177903175354004,3.6486285034882497,0.13083818595284935
2503.9359263776023,3.5456347465515137,3.6594055885100647,0.11377084195855103
2507.9670701337927,3.569593906402588,3.6691950620677583,0.09960115566517036
2510.9983334559874,3.5702414512634277,3.669541189021457,0.09929973775802914
2515.04515564736,3.6662397384643555,3.709671813307024,0.043432074842668644
2518.092141629786,3.6325674057006836,3.696374422021689,0.0638070163210056
2522.1387969007847,3.596952438354492,3.6821403673740862,0.08518792901959404
2525.154400995594,3.5966286659240723,3.682334220526273,0.08570555460220053
2529.2007672423715,3.5967905521392822,3.682622196866337,0.08583164472705462
2532.2169167243555,3.596952438354492,3.6828372557969455,0.08588481744245335
2536.24835445208,3.597114324569702,3.683113201980058,0.08599887741035595
2539.26370264007,3.597276210784912,3.6833081078551766,0.08603189707026448
2543.310572264483,3.42859148979187,3.6182083366931588,0.18961684690128866
2546.357206025419,3.382939577102661,3.6029326844810914,0.21999310737843025
2550.373027397447,3.5954954624176025,3.6797008641348197,0.08420540171721713
2553.404334939678,3.672553062438965,3.710595186448273,0.038042124009308065
2557.4510551021594,3.593876600265503,3.680341692492603,0.0864650922271002
2560.4822961639547,3.594200372695923,3.680754556960294,0.08655418426437134
2564.513006381305,3.5946860313415527,3.6812576053833537,0.08657157404180094
2567.513495738669,3.5950098037719727,3.6815921246989456,0.08658232092697293
2571.5447691474947,3.5216755867004395,3.651461395347143,0.12978580864670342
2574.5759464606563,3.5297698974609375,3.6549704388301354,0.1252005413691979
2578.6070700215932,3.5626327991485596,3.667145912498846,0.10451311335028635
2581.654050024139,3.491726875305176,3.638797641529317,0.14707076622414128
2585.7008859597154,3.4716529846191406,3.63092576150492,0.15927277688577934
2588.747895836601,3.5665180683135986,3.667186562356325,0.10066849404272649
2592.794652123979,3.5415875911712646,3.656912551534431,0.11532496036316653
2595.81026934645,3.586106300354004,3.6752197575889936,0.08911345723498965
2599.8726883699455,3.631272315979004,3.694797502611617,0.0635251866326132
2602.903985280722,3.539968729019165,3.6576189053833215,0.11765017636415642
2606.950721673591,3.6540982723236084,3.7047699951293325,0.05067172280572407
2609.98165393194,3.5945241451263428,3.6806624172065314,0.08613827208018865
2614.0131671775925,3.5945241451263428,3.6809990079089805,0.08647486278263772
2617.0444829402804,3.5948479175567627,3.681254935598272,0.08640701804150952
2621.075614405887,3.5951716899871826,3.6815770781953683,0.08640538820818566
2624.122472515108,3.5911247730255127,3.680193996218476,0.08906922319296351
2628.169482523859,3.5786595344543457,3.6747041512109773,0.09604461675663156
2631.200571411977,3.5679750442504883,3.6704188656418264,0.10244382139133812
2635.2319254314025,3.56101393699646,3.6680751064088,0.10706116941234001
2638.2475638817014,3.593390941619873,3.6809934303339533,0.08760248871408027
2642.263001503783,3.3905482292175293,3.6050730648501994,0.2145248356326701
2645.2942982391214,3.502411365509033,3.6429192839730904,0.1405079184640572
2649.356314831177,3.5126099586486816,3.6461327892630813,0.13352283061439962
2652.4035839381468,3.5946860313415527,3.6795036214513575,0.08481759010980472
2656.45037256099,3.56133770942688,3.665893485023642,0.10455577559676232
2659.4815902596456,3.516171455383301,3.647377626756408,0.13120617137310742
2663.5284800041263,3.531388759613037,3.652923953561697,0.12153519394865997
2666.54410999838,3.545149087905884,3.6584927482677037,0.11334366036181986
2670.5909314378914,3.3724169731140137,3.596035155584822,0.22361818247080834
2673.6221557379686,3.535435914993286,3.6520482896955175,0.1166123747022314
2677.668870652393,3.7206332683563232,3.725179767698237,0.004546499341913979
2680.6846687198886,3.6578216552734375,3.7035558084598605,0.04573415318642304
2684.7157866869093,3.592905282974243,3.6788007097890834,0.08589542681484019
2687.7470609062184,3.593067169189453,3.679036827024128,0.0859696578346747
2691.7940099031475,3.593390941619873,3.6793936050521445,0.08600266343227148
2694.8251060994517,3.593552827835083,3.679660777400614,0.0861079495655308
2698.8719600899567,3.594038486480713,3.6800013917804013,0.08596290529968842
2701.9033598817477,3.594200372695923,3.6802407470046923,0.08604037430876943
2705.9344760643216,3.5945241451263428,3.6805308511797827,0.08600670605343996
2708.9500097038,3.5948479175567627,3.6807411796960645,0.08589326213930182
2712.9809285854026,3.4517409801483154,3.6250955931668596,0.17335461301854416
2716.012479478206,3.396538019180298,3.6039881083943737,0.20745008921407582
2720.0593262457332,3.5627946853637695,3.665017682308782,0.10222299694501258
2723.0905411725,3.5911247730255127,3.67732992591285,0.0862051528873371
2727.1218165813043,3.597438097000122,3.680038475555044,0.08260037855492186
2730.1686172726404,3.6155693531036377,3.687940819732826,0.07237146662918814
2734.1841978855446,3.64778470993042,3.702068609628413,0.0542838996979933
2737.1998176794186,3.592743396759033,3.6800048692290233,0.08726147246999005
2741.26229607566,3.593067169189453,3.6801836153426324,0.08711644615317926
2744.0122489750975,3.593390941619873,3.6803327008038664,0.08694175918399338
2748.0434504398945,3.593876600265503,3.6805569231757955,0.0866803229102926
2751.059168949414,3.594200372695923,3.6807212142782353,0.08652084158231244
2755.1059278733555,3.594200372695923,3.680925743370785,0.0867253706748623
2758.152721156257,3.5945241451263428,3.6810804725240343,0.08655632739769148
2762.184037186147,3.5950098037719727,3.6812656772427665,0.08625587347079389
2765.2308059229654,3.523780107498169,3.6518835432368255,0.12810343573865657
2769.2775351931086,3.4145073890686035,3.611850872719825,0.19734348365122134
2772.324736797098,3.380187511444092,3.598241355813603,0.21805384436951103
2776.3713502791106,3.5908010005950928,3.6749098145681556,0.0841088139730628
2779.38689409391,3.5967905521392822,3.6776771958154715,0.08088664367618925
2783.418173713195,3.577688217163086,3.669460406035644,0.09177218887255822
2786.4494845937334,3.544987201690674,3.6566576006453153,0.11167039895464148
2790.5118772766727,3.4315052032470703,3.6149847528646246,0.1834795496175543
2793.5428836995816,3.5710508823394775,3.6663555056009214,0.09530462326144384
2797.590003887515,3.6209115982055664,3.6866078770279587,0.06569627882239226
2800.6055708799904,3.425191879272461,3.612027599551328,0.18683572027886708
2804.652508418403,3.5182759761810303,3.6453329407471085,0.12705696456607818
2807.6837730137595,3.589020252227783,3.6739978323651235,0.08497758013734025
2811.7148617881285,3.5674893856048584,3.6659463466499798,0.09845696104512136
2814.7460858476225,3.5092105865478516,3.642321237379897,0.13311065083204543
2818.7925584089535,3.5948479175567627,3.6768812601457688,0.08203334258900608
2821.808595817045,3.495288372039795,3.637273935941299,0.14198556390150419
2824.8241520778174,3.515847682952881,3.6441153119454617,0.12826762899258082
2828.871020900231,3.4773190021514893,3.6298240406431757,0.1525050384916864
2831.9178478418908,3.5126099586486816,3.642564046311093,0.12995408766241123
2835.9641776981152,3.557128667831421,3.6600544720655988,0.10292580423417785
2838.980387189422,3.5009543895721436,3.6378212458981767,0.13686685632603313
2843.0117908573957,3.5174665451049805,3.6427772759090615,0.12531073080408106
2846.0427773156225,3.523941993713379,3.645837748555612,0.12189575484223303
2850.0896378022917,3.535435914993286,3.6492460794228956,0.11381016442960945
2853.1204974148677,3.4883272647857666,3.631515332243575,0.14318806745780854
2857.1520850055313,3.565061092376709,3.6627375810487948,0.09767648867208578
2860.198437165709,3.730022668838501,3.7269787455109418,-0.003043923327559206
2864.2303200161114,3.659602403640747,3.7029937353715674,0.043391331730820326
2867.276560578586,3.5916104316711426,3.67624506238137,0.08463463071022748
2871.2925602843934,3.5911247730255127,3.6763530656895154,0.08522829266400267
2874.3232177589525,3.5912866592407227,3.676512698586033,0.08522603934531015
2878.3550672312995,3.5914485454559326,3.6767592440180774,0.0853106985621448
2881.3707216463226,3.5916104316711426,3.6769511123680667,0.08534068069692413
2885.4174763347182,3.5917723178863525,3.677204732900588,0.08543241501423537
2888.433237425201,3.5919342041015625,3.677386731408263,0.08545252730670061
2892.4488320279233,3.5922577381134033,3.6776168943937355,0.0853591562803322
2895.495626418582,3.5925815105438232,3.6777815388160002,0.08520002827217699
2899.541912916902,3.592743396759033,3.677981106153881,0.08523770939484798
2902.542548357789,3.592743396759033,3.6781293280674685,0.0853859313084353
2906.5730745973196,3.593067169189453,3.6783033686631184,0.08523619947366523
2909.6049795511826,3.453359842300415,3.6236524340366705,0.17029259173625544
2913.651647067658,3.362380027770996,3.5933528014470193,0.2309727736760232
2916.6829683089745,3.485898971557617,3.6334813422636323,0.1475823707060151
2920.698541528487,3.5262084007263184,3.6468220133299525,0.12061361260363412
2923.7293345904545,3.5135812759399414,3.641870530958572,0.12828925501863075
2927.760694554672,3.6294915676116943,3.6890003210486233,0.05950875343692896
2930.791905055419,3.5953335762023926,3.675256423348694,0.07992284714630138
2934.8230557588977,3.383425235748291,3.597061360010075,0.21363612426178413
2937.838481474817,3.2743141651153564,3.56533763937702,0.29102347426166375
2941.870246321567,3.2652487754821777,3.5594264676858156,0.2941776922036379
2944.901521112297,3.271885871887207,3.5590687682793765,0.28718289639216943
2948.9483580403466,3.362380027770996,3.5824792082445223,0.22009918047352617
2951.9634985866287,3.4960978031158447,3.626831205488029,0.13073340237218423
2956.0107557103147,3.4876797199249268,3.624201906607261,0.1365221866823343
2959.0110597715793,3.452712297439575,3.6118297130082775,0.1591174155687023
2963.057689313555,3.3855297565460205,3.589345887149454,0.20381613060343362
2966.0888605515975,3.3738739490509033,3.5850695809614965,0.2111956319105932
2970.135721554554,3.3432776927948,3.575987065680789,0.23270937288598903
2973.1825274738985,3.4603209495544434,3.613601593857643,0.15328064430319976
2977.2293964567143,3.383425235748291,3.5863378665822543,0.20291263083396327
2980.2449715994735,3.3555808067321777,3.577029409047016,0.2214486023148381
2984.276212326975,3.4308578968048096,3.6011280175771536,0.17027012077234405
2987.307505503457,3.4336097240448,3.6017360607174207,0.1681263366726209
2991.3543235044053,3.454331159591675,3.6092394242002332,0.15490826460855844
2994.385548586437,3.568460702896118,3.6540298628500723,0.08556915995395409
2998.4479840809145,3.508077383041382,3.6310417679694567,0.12296438492807482
3001.4791984563053,3.43312406539917,3.6037864433424485,0.17066237794327854
3005.5104564267167,3.527989149093628,3.639431421064347,0.1114422719707191
3008.5261218541455,3.5538909435272217,3.650255635706647,0.09636469217942523
3012.557354641889,3.4970691204071045,3.6287412873165237,0.13167216690941919
3015.5729143512435,3.478452205657959,3.6217274770252788,0.14327527136731977
3019.5885236505383,3.4517409801483154,3.613318856155739,0.16157787600742335
3022.619695139205,3.338421106338501,3.5760330318822513,0.23761192554375032
3026.6661590089097,3.469872236251831,3.6184449501653306,0.14857271391349958
3029.697685105006,3.5925815105438232,3.6664013953179184,0.07381988477409518
3033.7602802417496,3.4646918773651123,3.61606234797745,0.15137047061233755
3036.7915422957813,3.486384630203247,3.6229484830111165,0.13656385280786942
3040.8380061354146,3.4880034923553467,3.6237791840360165,0.13577569168066983
3043.853962872756,3.544177770614624,3.646716966004137,0.10253919538951317
3047.900791896129,3.626415729522705,3.680589178701675,0.054173449178970046
3050.9476550729632,3.6379096508026123,3.6861548828340496,0.04824523203143727
3054.9944628785415,3.6625163555145264,3.6970588601772114,0.03454250466268505
3058.0258096634243,3.6209115982055664,3.681169718705573,0.06025812050000656
3062.0570043914595,3.617673873901367,3.681719275892191,0.06404540199082387
3065.0725779753375,3.713672161102295,3.719386287334168,0.005714126231873173
3069.1194062117575,3.622044801712036,3.6860209949903173,0.06397619327828119
3072.150412880277,3.6129791736602783,3.682060449137794,0.06908127547751564
3076.166240598097,3.5835161209106445,3.670144169510399,0.08662804859975459
3079.1974241317366,3.5830304622650146,3.6699359378062484,0.08690547554123373
3083.2287250039044,3.5831923484802246,3.669798574427424,0.08660622594719936
3086.275185483639,3.5831923484802246,3.6697578454558313,0.08656549697560667
3090.306812432238,3.5585856437683105,3.658987949637095,0.1004023058687844
3093.3379989833848,3.42940092086792,3.609331579139334,0.17993065827141397
3097.3691916863827,3.34182071685791,3.580288313610126,0.23846759675221563
3100.400441113994,3.4109458923339844,3.5999573227597628,0.1890114304257784
3104.4472569746176,3.4381425380706787,3.608785583447295,0.17064304537661634
3107.4784869287687,3.4315052032470703,3.6056413690857188,0.17413616583864844
3111.5098244772125,3.5309031009674072,3.643110885366128,0.11220778439872081
3114.5407258537125,3.4235730171203613,3.6019793174970136,0.17840630037665228
3118.587213161747,3.515362024307251,3.6354193130964347,0.12005728878918376
3121.6189990994426,3.506944179534912,3.6322679608665895,0.12532378133167743
3125.6815669332464,3.569432020187378,3.658352905382735,0.0889208851953569
3128.71282105755,3.586430072784424,3.6652447054012827,0.07881463261685884
3132.7595090900722,3.6864752769470215,3.704666402492352,0.018191125545330422
3135.790167597206,3.659278631210327,3.6960299979636098,0.03675136675328261
3139.8220138014112,3.5801165103912354,3.6654335371588815,0.08531702676764619
3142.853158688882,3.5799546241760254,3.6655205447550454,0.08556592057902002
3146.8844755508435,3.5174665451049805,3.6394097926602553,0.12194324755527486
3149.900062107001,3.4020421504974365,3.5974756539380124,0.19543350344057586
3153.9469307990985,3.297140121459961,3.5652770455433727,0.2681369240834117
3156.97817154511,3.3775973320007324,3.5862504835019386,0.20865315150120622
3161.024578277629,3.564737319946289,3.654165776956762,0.08942845701047286
3164.0562938251605,3.697321653366089,3.7080267694728795,0.010705116106790591
3168.1032229927478,3.642766237258911,3.6884411530405643,0.04567491578165317
3171.133915098486,3.5763931274414062,3.6625927247807715,0.08619959733936522
3175.149838805173,3.576716899871826,3.663063339034949,0.08634643916312301
3178.165500553445,3.577040672302246,3.66343771673563,0.08639704443338392
3182.1967091409715,3.577526330947876,3.6639141494313363,0.08638781848346033
3185.22792572686,3.578011989593506,3.664260450504991,0.0862484609114853
3189.2592076969922,3.5786595344543457,3.66468157449603,0.08602204004168446
3192.3060229595867,3.470196008682251,3.6209057499612225,0.15070974127897152
3196.3371901190185,3.3204517364501953,3.571486182283498,0.2510344458333025
3199.3684187198087,3.395566701889038,3.593984764931532,0.1984180630424941
3203.4152915371633,3.4475319385528564,3.611853209428107,0.1643212708752504
3206.430642070991,3.4476938247680664,3.6110185545015936,0.16332472973352719
3210.4777237531016,3.5001449584960938,3.62986725285426,0.1297222943581664
3213.524571471462,3.4769952297210693,3.620053223665156,0.1430579939440868
3217.571328996921,3.5294461250305176,3.6403353726038663,0.11088924757334873
3220.5715512345632,3.5163333415985107,3.6352802099191845,0.1189468683206738
3224.618261482374,3.5454728603363037,3.647619114020099,0.10214625368379515
3227.664912441105,3.4813661575317383,3.6223030782169694,0.14093692068523112
3231.71195324148,3.5184378623962402,3.636114330329752,0.11767646793351183
3234.7429002415192,3.5343027114868164,3.642518493291172,0.10821578180435543
3238.7897316758936,3.6743338108062744,3.6987085110398574,0.024374700233583013
3241.8212994456917,3.675143241882324,3.7003254244246593,0.025182182542335063
3245.8681326093683,3.5784976482391357,3.6625960000759,0.08409835183676417
3248.915080231338,3.577688217163086,3.6627140797508018,0.08502586258771583
3252.9618036218526,3.577688217163086,3.6629823366238776,0.08529411946079168
3255.9930245786163,3.5205423831939697,3.6395191587957028,0.11897677560173303
3260.0555720166667,3.5249133110046387,3.6411888554544007,0.11627554444976207
3263.1024968469173,3.4423515796661377,3.6093087090094933,0.1669571293433556
3267.1336862216267,3.478290319442749,3.6219778214986045,0.14368750205585545
3270.1648621363092,3.4724624156951904,3.619523240711521,0.14706082501633055
3274.1960946634063,3.5372166633605957,3.6449326032318297,0.10771593987123396
3277.2429298205097,3.5386736392974854,3.6454122936180084,0.1067386543205231
3281.2738495191443,3.51908540725708,3.637793095168349,0.11870768791126896
3284.2897445228627,3.5626327991485596,3.655240912736544,0.0926081135879846
3288.3054008642175,3.6157312393188477,3.6784435590666567,0.062712319747809
3291.352235620325,3.6547458171844482,3.693764257845938,0.03901844066148996
3295.399030208013,3.5754218101501465,3.662934954655052,0.08751314450490533
3298.430245159834,3.5755836963653564,3.663056357685884,0.08747266132052767
3302.461475155629,3.5759074687957764,3.6632853593449095,0.08737789054913314
3305.508336803654,3.5763931274414062,3.663484579434975,0.08709145199356882
3309.555258557786,3.576555013656616,3.663741821882531,0.08718680822591462
3312.6020753491866,3.498364210128784,3.63115141706632,0.13278720693753598
3316.633302096903,3.470843553543091,3.6212237032610495,0.15038014971795866
3319.6801352891125,3.553081512451172,3.653582855921253,0.10050134347008122
3323.6957121276355,3.5540528297424316,3.654046164112712,0.09999333437028035
3326.7269500616458,3.5632803440093994,3.6574924759272607,0.09421213191786126
3330.7737852052487,3.5634422302246094,3.6579400302509435,0.09449780002633412
3333.789509659571,3.5577762126922607,3.655315520669144,0.09753930797688337
3337.836195135733,3.4938313961029053,3.629273175167238,0.13544177906433275
3340.8670179417204,3.4880034923553467,3.6266942026923887,0.13869071033704206
3344.9143557912867,3.5134193897247314,3.635775834685824,0.12235644496109277
3347.9611285330757,3.5453109741210938,3.6487597458012226,0.10344877168012889
3351.992395741476,3.4143455028533936,3.5988703310155836,0.18452482816219007
3355.023597515501,3.5883727073669434,3.669055285928702,0.08068257856175842
3359.0704641625052,3.6463277339935303,3.68925129262965,0.04292355863611963
3362.1016394606486,3.5742886066436768,3.6610615847454513,0.08677297810177453
3366.148519576167,3.5746123790740967,3.6615027792868102,0.08689040021271355
3369.164149189477,3.5749361515045166,3.661836316677367,0.08690016517285049
3373.210944303468,3.5755836963653564,3.662243959813751,0.08666026344839439
3376.24218924492,3.5757455825805664,3.6625236460058073,0.08677806342524086
3380.2734075315784,3.5762312412261963,3.6628578680357053,0.08662662680950906
3383.3046961116233,3.5763931274414062,3.6630970048060196,0.08670387736461338
3387.3514567347847,3.576878786087036,3.663382800063661,0.08650401397662488
3390.3670566291403,3.515847682952881,3.637803219532951,0.12195553658006997
3394.398306323961,3.481851816177368,3.6249279301104886,0.14307611393312047
3397.429590122105,3.407546281814575,3.597630673108713,0.19008439129413768
3401.476398143219,3.4337716102600098,3.6050944447176496,0.17132283445763985
3404.523216217811,3.495450258255005,3.627269649014723,0.13181939075971805
3408.5546168131405,3.5163333415985107,3.6350918438632074,0.11875850226469664
3411.601301260205,3.5757455825805664,3.6599001228085757,0.08415454022800928
3415.6481373210954,3.671420097351074,3.698633161243797,0.027213063892722822
3418.6634835542245,3.631596088409424,3.6845578344721126,0.052961746062688775
3422.6950173109144,3.5746123790740967,3.6621387987743264,0.08752641970022967
3425.74162982899,3.5746123790740967,3.6622598646363906,0.08764748556229396
3429.773099516253,3.5750980377197266,3.6624862810920638,0.0873882433723372
3432.8043118465466,3.5754218101501465,3.6626706749258333,0.08724886477568683
3436.8355320680275,3.5757455825805664,3.662914306996357,0.0871687244157906
3439.88237408219,3.5457966327667236,3.65066830442876,0.10487167166203637
3443.9449681312253,3.4515790939331055,3.6138108481768954,0.16223175424378988
3446.991407458321,3.5307412147521973,3.6439382120138823,0.11319699726168508
3451.038192903259,3.482337474822998,3.6242893130086413,0.14195183818564328
3454.0542709173897,3.540130615234375,3.6484002089854837,0.10826959375110867
3458.1166087438287,3.524103879928589,3.6412374776288967,0.11713359770030785
3461.147882456873,3.602456569671631,3.673161669228845,0.07070509955721427
3465.1634846184097,3.573964834213257,3.6604142174410406,0.08644938322778373
3468.1946484430046,3.573479175567627,3.6608232194852617,0.08734404391763473
3472.2259059622884,3.5096962451934814,3.633826613594891,0.12413036840140945
3475.2415284027447,3.4182307720184326,3.600124512932492,0.18189374091405952
3479.272737772215,3.436361789703369,3.605375718994507,0.1690139292911379
3482.304059023565,3.412402868270874,3.5966779036174783,0.18427503534660428
3486.3508911296085,3.479099750518799,3.6200135951359425,0.14091384461714362
3489.397426490683,3.4972310066223145,3.626833439522683,0.12960243290036866
3493.4288548902005,3.5535671710968018,3.6494261736747067,0.09585900257790492
3496.460091109948,3.6154074668884277,3.675258166148618,0.059850699260190154
3500.522560804533,3.6443850994110107,3.6874209903925648,0.043035890981554026
3503.553890010673,3.572669744491577,3.6588864910949495,0.08621674660337231
3507.6006829392245,3.568460702896118,3.6576602621866767,0.08919955929055856
3510.6468438434786,3.5006306171417236,3.6295773202282002,0.1289467030864766
3514.6787872044624,3.3845584392547607,3.58831731575176,0.2037588764969991
3517.6943734949527,3.465825080871582,3.6149403478362667,0.1491152669646847
3521.741232763601,3.370798110961914,3.581535296872177,0.21073718591026314
3524.7724141218278,3.47505259513855,3.6170890291846334,0.14203643404608357
3528.8193044327127,3.524265766143799,3.636299960188697,0.11203419404489834
3531.866103364675,3.551786422729492,3.6475712945116907,0.09578487178219852
3535.8973180874673,3.577850103378296,3.659351163426275,0.0815010600479793
3538.9286035597797,3.531712532043457,3.640901050156346,0.1091885181128891
3542.9599069883043,3.51973295211792,3.636008130046828,0.11627517792890796
3545.9909392254485,3.3693411350250244,3.581774505399631,0.2124333703746064
3550.037919314749,3.450122117996216,3.6069324104332914,0.15681029243707556
3553.0847020664405,3.524265766143799,3.6367405469540928,0.11247478081029394
3557.1316195599793,3.5550241470336914,3.6496923096451104,0.09466816261141897
3560.1628202112115,3.5700795650482178,3.656362875194178,0.08628331014596036
3564.1942173078314,3.535435914993286,3.64198341825213,0.10654750325884388
3567.240855855678,3.540130615234375,3.643445347732586,0.1033147324982111
3571.287074846012,3.5634422302246094,3.654268050514264,0.09082582028965458
3574.318992200737,3.553405284881592,3.65035709117791,0.09695180629631839
3578.365819118877,3.585620641708374,3.663806329368548,0.07818568766017409
3581.396994221537,3.634186267852783,3.6837963379619816,0.04961007010919838
3585.4282559112035,3.4842801094055176,3.6224231172037475,0.13814300779822997
3588.4438324624643,3.499659299850464,3.6283244359130515,0.12866513606258767
3592.490696994206,3.444941759109497,3.6072338776135924,0.1622921185040953
3595.5063734190007,3.531064987182617,3.640832416132727,0.10976742895010982
3599.553207875899,3.4742431640625,3.6177197363467126,0.14347657228421262
3602.5687722518633,3.5134193897247314,3.63322982760997,0.11981043788523849
3606.6151865983375,3.594362258911133,3.667076289982746,0.07271403107161323
3609.6468211643514,3.609903335571289,3.673991451448949,0.06408811587765983
3613.6936926834787,3.5085630416870117,3.6326658976748156,0.1241028559878039
3616.7402326610354,3.483308792114258,3.622335840374375,0.13902704826011725
3620.7712766840486,3.471005439758301,3.617143106285475,0.1461376665271743
3623.786942091425,3.5377023220062256,3.6435331763442065,0.1058308543379809
3627.818617345234,3.5681369304656982,3.656188178538444,0.08805124807274556
3630.83413959638,3.568784475326538,3.65705291069351,0.08826843536697204
3634.8653630208173,3.482823133468628,3.621887553572228,0.1390644201036002
3637.88102711994,3.5535671710968018,3.6503262668717813,0.09675909577497954
3641.9121601243787,3.5634422302246094,3.655195186201742,0.09175295597713262
3644.9278071259578,3.565546751022339,3.6559566733356315,0.09040992231329259
3648.9590158287683,3.556643009185791,3.6527404854796575,0.09609747629386645
3652.005565430274,3.565870523452759,3.656849510944137,0.09097898749137823
3656.021473437897,3.5457966327667236,3.6487654228197535,0.10296879005302984
3659.0683771957047,3.610712766647339,3.6756006892259068,0.0648879225785679
3663.0995859135546,3.470357894897461,3.6175986978763794,0.1472408029789185
3666.1304663329065,3.51957106590271,3.637615037308711,0.11804397140600109
3670.1619862802327,3.522646903991699,3.6385883108004196,0.11594140680872034
3673.193265306505,3.564089775085449,3.6561205480685888,0.09203077298313955
3677.240086299902,3.565222978591919,3.6569118730058143,0.09168889441389538
3680.2865445089847,3.5373785495758057,3.6449611152019252,0.10758256562611956
3684.3182890251446,3.569108247756958,3.6588611208729462,0.08975287311598823
3687.365015551921,3.5009543895721436,3.630092964742359,0.12913857517021565
3691.4112989124405,3.5997045040130615,3.671613653055263,0.07190914904220147
3694.411894794888,3.6659159660339355,3.697981361500188,0.03206539546625242
3698.4586867460093,3.569917678833008,3.659832678499538,0.08991499966653027
3701.4899844086576,3.569755792617798,3.659736071348774,0.08998027873097625
3705.55245198798,3.4138598442077637,3.598371452695795,0.18451160848803116
3708.5835953366186,3.404470443725586,3.594804882856667,0.19033443913108128
3712.6148265755073,3.466472625732422,3.615444416023059,0.14897179029063734
3715.6613529893184,3.354609489440918,3.576790221930085,0.22218073248916692
3719.6929219135236,3.5085630416870117,3.629890542880042,0.12132750119303015
3722.7085051865142,3.5836780071258545,3.6610324592138346,0.07735445208798009
3726.7554259030694,3.56069016456604,3.652250357288518,0.09156019272247784
3729.8022269853755,3.5707271099090576,3.6566308341786575,0.08590372426959991
3733.864704965581,3.5425589084625244,3.6445347434743365,0.10197583501181207
3736.8803225990778,3.4928600788116455,3.6250894624537455,0.13222938364210002
3740.9271306252012,3.564251661300659,3.65379323614874,0.08954157484808078
3743.9583758072513,3.4684152603149414,3.615312979587112,0.14689771927217077
3748.0054994688253,3.503706455230713,3.62856837358806,0.12486191835734717
3751.0365011399044,3.568460702896118,3.655860797537114,0.08740009464099563
3755.0676534373524,3.564575433731079,3.653958107426776,0.08938267369569708
3758.0988759028733,3.569593906402588,3.6562266432843593,0.08663273688177142
3762.1145372667306,3.6296534538269043,3.680730521852998,0.05107706802609391
3765.1301551408214,3.5679750442504883,3.656272260417933,0.08829721616744468
3769.1925504803876,3.5676512718200684,3.6564770825240798,0.08882581070401141
3772.2084376345665,3.5679750442504883,3.6566623389504875,0.08868729469999925
3776.2544463466293,3.5681369304656982,3.6569123543356308,0.08877542386993253
3779.286280298813,3.568298816680908,3.657093560006408,0.08879474332549986
3783.317535757975,3.568622589111328,3.6573217577055237,0.08869916859419558
3786.3486850614354,3.568784475326538,3.657477006218249,0.08869253089171103
3790.3955405757333,3.569432020187378,3.6576834396678857,0.08825141948050774
3793.426775918295,3.569432020187378,3.657823797198838,0.08839177701146017
3797.473641191882,3.5014400482177734,3.6292351556968976,0.12779510747912415
3800.489220028834,3.384072780609131,3.5870362437187486,0.20296346310961777
3804.5362809843646,3.4026896953582764,3.5914923501258746,0.18880265476759828
3807.5829213818142,3.456759452819824,3.6098989982948257,0.15313954547500153
3811.629797697882,3.4687390327453613,3.6139222256040346,0.14518319285867332
3814.660658789133,3.555995464324951,3.6491871121812514,0.09319164785630019
3818.6922316481287,3.5789833068847656,3.659176020462942,0.08019271357817637
3821.7078218082606,3.594038486480713,3.6649350425888008,0.07089655610808787
3825.738856994285,3.622530460357666,3.6769847072417123,0.05445424688404632
3828.7702649012645,3.5668418407440186,3.6549513554805815,0.08810951473656292
3832.801514180046,3.5623090267181396,3.653283737199522,0.09097471048138228
3835.832852473799,3.5663561820983887,3.655373742185212,0.08901756008682327
3839.8795983452583,3.5668418407440186,3.655706698850249,0.08886485810623057
3842.9108552264224,3.5671656131744385,3.65593809973973,0.08877248656529169
3846.957962462122,3.5412638187408447,3.6451510584462037,0.10388723970535896
3850.0047008935217,3.4337716102600098,3.6036866009227966,0.1699149906627868
3854.051427050923,3.412726640701294,3.593954734813167,0.1812280941118729
3857.0981943642,3.5168190002441406,3.6340336599459935,0.11721465970185285
3861.1290378481754,3.470034122467041,3.6141570341978952,0.14412291173085423
3864.1450296427574,3.4680914878845215,3.613487513702922,0.1453960258184006
3868.1762526712155,3.511638879776001,3.62981933624748,0.11818045647147901
3871.20750855991,3.507915496826172,3.6288770713649097,0.12096157453873779
3875.238746129555,3.5135812759399414,3.6314123076734166,0.1178310317334752
3878.2700268801127,3.5375404357910156,3.6411825794731727,0.10364214368215707
3882.316826460221,3.5388355255126953,3.6416732646322476,0.1028377391195523
3885.348009733214,3.5880489349365234,3.662392452832308,0.07434351789578475
3889.394682232087,3.6447088718414307,3.6858973717484727,0.04118849990704199
3892.410584353518,3.622854232788086,3.6782804324261638,0.05542619963807782
3896.4573184105793,3.565870523452759,3.655648712950904,0.08977818949814509
3899.488550254431,3.565870523452759,3.655651568830403,0.0897810453776442
3903.535065005759,3.5660324096679688,3.655747225160875,0.08971481549290639
3906.5666178885076,3.5663561820983887,3.6558583801758573,0.08950219807746862
3910.6290685206586,3.5665180683135986,3.656014206045737,0.08949613773213816
3913.65991927118,3.4855751991271973,3.622715677639957,0.13714047851275968
3917.7071971264595,3.321261167526245,3.567090693827459,0.2458295263012138
3920.738286956919,3.482175588607788,3.620280521568965,0.13810493296117698
3924.754026580522,3.660411834716797,3.690902398186955,0.030490563470157994
3927.8008713565614,3.5627946853637695,3.652621230769471,0.08982654540570145
3931.847686440251,3.5631184577941895,3.653168917802219,0.09005046000802963
3934.8789196324615,3.5634422302246094,3.653543251310329,0.0901010210857196
3938.925764590491,3.564251661300659,3.653982338286097,0.0897306769854378
3941.9413784546086,3.531712532043457,3.6403910190692224,0.10867848702576532
3945.9727201132737,3.445913076400757,3.6072319611357027,0.16131888473494582
3949.0190434517353,3.564089775085449,3.6531989755750747,0.08910920048962545
3953.0507853012605,3.460968494415283,3.6110621915360515,0.15009369712076825
3956.0975906191125,3.457406997680664,3.610224477015624,0.15281747933495993
3960.1284150306274,3.5343027114868164,3.6405897996142063,0.10628708812738985
3963.175123963625,3.5093724727630615,3.6295122367025554,0.12013976393949388
3967.191441079289,3.5543766021728516,3.6485039902255756,0.09412738805272403
3970.238056700091,3.5464441776275635,3.645348532376892,0.09890435474932868
3974.269266906638,3.5090487003326416,3.6290291886579427,0.11998048832530106
3977.300560834992,3.568460702896118,3.6542463022739513,0.08578559937783314
3981.3317237689153,3.5636041164398193,3.6514342821984567,0.08783016575863734
3984.362984494641,3.5632803440093994,3.6519077674867573,0.08862742347735786
3988.4098256682482,3.5637660026550293,3.652450372517565,0.08868436986253592
3991.4406504591716,3.564089775085449,3.6528033017761063,0.08871352669065713
3995.4567281189666,3.539321184158325,3.6424738313690277,0.1031526472107025
3998.472245653371,3.56052827835083,3.651303070314597,0.09077479196376714
4002.519106410713,3.536892890930176,3.641728786146357,0.1048358952161812
4005.5504188401064,3.491726875305176,3.623116932100129,0.1313900567949533
4009.5971378146314,3.5618233680725098,3.651786678052571,0.08996330998006119
4012.628396525346,3.457730770111084,3.6097794194432273,0.15204864933214335
4016.6753112670303,3.421306610107422,3.597428505854153,0.1761218957467312
4019.7063992027797,3.462101697921753,3.610814979714796,0.148713281793043
4023.768921267685,3.5253989696502686,3.635638434568121,0.11023946491785264
4026.8158149604533,3.5292842388153076,3.636766271553149,0.1074820327378414
4030.878241171831,3.5299317836761475,3.637240013615296,0.10730822993914835
4033.893916127974,3.490917444229126,3.621824173441714,0.13090672921258806
4037.940684856305,3.507106065750122,3.6281457400668504,0.12103967431672835
4040.956296234235,3.5053253173828125,3.62741979712685,0.12209447974403753
4045.0033919312227,3.3448965549468994,3.5700328066369815,0.2251362516900821
4048.0500520377173,3.6900367736816406,3.7003530025707483,0.01031622888910766
4052.0656422595384,3.626901388168335,3.6762796895562246,0.04937830138788968
4055.112053767407,3.56149959564209,3.650788269432237,0.08928867379014704
4059.128130179095,3.5616614818573,3.6511249232616296,0.08946344140432982
4062.159265217051,3.5619852542877197,3.6514087633168284,0.08942350902910867
4066.1594361485622,3.5621471405029297,3.651772677377032,0.08962553687410235
4069.2058950243045,3.5624709129333496,3.652033630667886,0.08956271773453661
4073.2373662253303,3.5629565715789795,3.6523539647905503,0.08939739321157081
4076.2531003938166,3.5632803440093994,3.652574951885529,0.08929460787612964
4080.3154763250786,3.5632803440093994,3.652848846153585,0.08956850214418566
4083.3467595618276,3.4281058311462402,3.5993882659511254,0.17128243480488514
4087.377891508633,3.4839563369750977,3.620077682983382,0.1361213460082844
4090.4092438072366,3.4476938247680664,3.6060362713064227,0.15834244653835627
4094.455928185671,3.56101393699646,3.6518239521041655,0.09081001510770559
4097.502798044123,3.564575433731079,3.6529082393218557,0.08833280559077661
4101.549683192166,3.5885345935821533,3.663241863313896,0.0747072697317428
4104.5808584953265,3.581249713897705,3.66047458271452,0.0792248688168149
4108.611901641154,3.56149959564209,3.6519889207670273,0.09048932512493746
4111.658545422022,3.5616614818573,3.65218874165297,0.09052725979567011
4115.002809043421,3.5618233680725098,3.652410244995049,0.09058687692253908
4118.048913457878,3.5619852542877197,3.6526030471939204,0.09061779290620064
4122.095724511539,3.5626327991485596,3.652841959003717,0.09020915985515732
4125.142605853569,3.5627946853637695,3.653008410076561,0.09021372471279143
4129.158214641597,3.5632803440093994,3.6532110298233293,0.08993068581392993
4132.205052174606,3.5632803440093994,3.6533528373583586,0.09007249334895917
4136.236246932713,3.4922125339508057,3.62300177409631,0.13078924014550442
4139.28309953323,3.4195258617401123,3.595913754428778,0.17638789268866573
4143.345525789722,3.4849276542663574,3.6198591778635323,0.13493152359717486
4146.361225963614,3.4716529846191406,3.6153746037093653,0.14372161909022463
4150.392443002165,3.5676512718200684,3.6533276003876076,0.08567632856753926
4153.4393814964205,3.642604351043701,3.684491279442777,0.04188692839907571
4157.486129909201,3.523294448852539,3.6364054483785306,0.11311099952599157
4160.532937046577,3.404794216156006,3.5912318624893467,0.1864376463333408
4164.579847507612,3.547739267349243,3.646158466674844,0.09841919932560073
4167.611064088487,3.6359670162200928,3.682099267439388,0.046132251219295206
4171.657761238705,3.424220561981201,3.5974184452730364,0.17319788329183528
4174.673609892085,3.392652750015259,3.586551524204289,0.19389877418903012
4178.704711959534,3.5105056762695312,3.6288537934044696,0.11834811713493831
4181.735946961253,3.507267951965332,3.627064888969716,0.11979693700438387
4185.751424317212,3.524427652359009,3.634132099946547,0.10970444758753839
4188.798454655011,3.5100200176239014,3.6289019565861915,0.11888193896229016
4192.845232034873,3.4850895404815674,3.6181676282464896,0.13307808776492225
4195.86093006844,3.553243398666382,3.6462351199720744,0.09299172130569255
4199.907661779667,3.408031940460205,3.590729796657413,0.1826978561972079
4202.923290375438,3.4795854091644287,3.6161550941393603,0.1365696849749316
4206.9545074691305,3.536083459854126,3.6388765869438986,0.10279312708977262
4209.985752475743,3.498202323913574,3.623629209385679,0.12542688547210457
4214.048200315941,3.556319236755371,3.6471959654164428,0.09087672866107166
4217.079461999059,3.4897842407226562,3.621444976976191,0.1316607362535347
4221.126275193041,3.565384864807129,3.652130711625434,0.08674584681830488
4224.157526495321,3.456921339035034,3.6083884726914324,0.1514671336563982
4228.188732225735,3.483308792114258,3.61874797021268,0.1354391780984221
4231.219952190033,3.7076823711395264,3.707308171494132,-0.00037419964539431305
4235.251319452411,3.651831865310669,3.688177822387095,0.03634595707642596
4238.2824076738725,3.5593950748443604,3.6514592918740094,0.09206421702964906
4241.298117561939,3.5587475299835205,3.651302801679433,0.09255527169591238
4245.344577386579,3.5585856437683105,3.651282150722556,0.09269650695424536
4248.360514660486,3.5585856437683105,3.651326147456932,0.09274050368862152
4252.407310666702,3.5589094161987305,3.65142058133529,0.09251116513655955
4255.43862365749,3.5589094161987305,3.6515046994234726,0.09259528322474209
4259.469764882382,3.5592331886291504,3.6516228534040076,0.09238966477485722
4262.48540953311,3.5593950748443604,3.6517121875388945,0.09231711269453413
4266.532247112787,3.5598807334899902,3.6518301180554644,0.09194938456547419
4269.563487638243,3.5600426197052,3.651915844701552,0.09187322499635187
4273.610281298621,3.56036639213562,3.652025905112685,0.09165951297706476
4276.625945693479,3.56036639213562,3.6521044315324325,0.09173803939681235
4280.657186310706,3.449798345565796,3.6072196079458863,0.15742126238009035
4283.68837226036,3.3363165855407715,3.569114537631123,0.2327979520903516
4287.719574020895,3.3741977214813232,3.579769366163033,0.20557164468170974
4290.750819032521,3.56052827835083,3.6486691193166587,0.08814084096582864
4294.797038118093,3.5011162757873535,3.624987129370135,0.12387085358278149
4297.813354249774,3.5670037269592285,3.6534472049115614,0.08644347795233287
4301.8599487295,3.60650372505188,3.6684367135473366,0.0619329884954567
4304.875716932678,3.5017638206481934,3.626513888878928,0.12475006823073453
4308.9379934315075,3.239346981048584,3.541575687027769,0.30222870597918483
4311.969017974501,3.2291481494903564,3.536653414661754,0.30750526517139765
4316.000623895779,3.2215394973754883,3.531276615276002,0.3097371179005135
4319.031880461149,3.2992446422576904,3.5508476717904456,0.25160302953275515
4323.06312559963,3.4765095710754395,3.609752950876622,0.13324337980118273
4326.078737298361,3.4504458904266357,3.599868391911841,0.1494225014852053
4330.125525840998,3.415964365005493,3.5872324759365126,0.17126811093101946
4333.156780451511,3.3363165855407715,3.5609325454390834,0.22461595989831196
4337.188048507021,3.3557426929473877,3.566403784283345,0.21066109133595745
4340.219203980832,3.2158734798431396,3.524997142769199,0.3091236629260594
4344.2348444276395,3.3813207149505615,3.57272427655996,0.1914035616093983
4347.266040828297,3.4072225093841553,3.5806133011326082,0.17339079174845295
4351.2973628029795,3.358656644821167,3.565158697086459,0.20650205226529206
4354.328502572713,3.329679250717163,3.5554352577521353,0.22575600703497223
4358.35973712986,3.3936240673065186,3.5753463236614254,0.1817222563549068
4361.406562322169,3.3936240673065186,3.575521095391532,0.18189702808501362
4365.4534315455785,3.4548168182373047,3.598092798218466,0.14327597998116115
4368.46904408139,3.486384630203247,3.610018633113926,0.12363400291067883
4372.500045062294,3.354933261871338,3.5625910250796133,0.20765776320827545
4375.515847520717,3.4098126888275146,3.581436409766109,0.17162372093859446
4379.546890175327,3.4920506477355957,3.612403081500161,0.12035243376456517
4382.578348287243,3.4939932823181152,3.6147480510804177,0.12075476876230251
4386.625144699465,3.4062511920928955,3.5815043896136207,0.1752531975207252
4389.656410918866,3.5336551666259766,3.6333223400053973,0.09966717337942077
4393.718826378488,3.2084267139434814,3.524388247164744,0.3159615332212624
4396.750074217154,3.308634042739868,3.5496076011802726,0.24097355844040447
4400.796977946433,3.527665376663208,3.627613370147963,0.09994799348475514
4403.828223479355,3.5712127685546875,3.645387907356076,0.07417513880138848
4407.87503481872,3.572831630706787,3.6494272088249335,0.07659557811814643
4410.906295790068,3.4428372383117676,3.598932144305333,0.15609490599356546
4414.937006398384,3.43215274810791,3.594130931222679,0.16197818311476864
4417.968670387625,3.5247514247894287,3.629966155831757,0.10521473104232815
4421.999883441258,3.598409414291382,3.659823794749907,0.06141438045852521
4425.046872541443,3.5995426177978516,3.661347562977387,0.0618049451795355
4429.093240301987,3.6035897731781006,3.6632496689125444,0.05965989573444386
4432.109203831231,3.515847682952881,3.627115083244337,0.11126740029145621
4436.156045962227,3.6584692001342773,3.6861927185924195,0.027723518458142138
4439.187285319782,3.572993516921997,3.652792768107047,0.07979925118505005
4443.218585374918,3.6084463596343994,3.668585907249545,0.06013954761514562
4446.24974037756,3.544825315475464,3.642561016841074,0.09773570136561016
4450.2808688858095,3.544015884399414,3.6423313437017137,0.09831545930229968
4453.312301268699,3.543692111968994,3.6422820553409077,0.09858994337191351
4457.374650102527,3.543692111968994,3.6422902514199578,0.09859813945096363
4460.390299921117,3.544015884399414,3.6423283407737577,0.0983124563743436
4464.437157084518,3.415964365005493,3.5909257942562585,0.1749614292507653
4467.452784597601,3.321261167526245,3.5596244673763824,0.23836329985013727
4471.49945540226,3.362218141555786,3.571067955468841,0.20884981391305502
4474.54600018678,3.283865451812744,3.5461082515678504,0.2622427997551062
4478.577646934646,3.399775743484497,3.5807669021085737,0.18099115862407666
4481.593281680722,3.4591877460479736,3.6036048702056975,0.1444171241577239
4485.640089381042,3.4548168182373047,3.601070905776753,0.14625408753944846
4488.671321365247,3.470843553543091,3.6086229652398334,0.13777941169674257
4492.702522619526,3.4726243019104004,3.609178079853719,0.1365537779433188
4495.733794893989,3.461939811706543,3.60528466564103,0.14334485393448704
4499.765034448574,3.5723459720611572,3.649696924203514,0.07735095214235699
4502.765121033655,3.6573359966278076,3.6829052719374684,0.0255692753096608
4506.796215452076,3.631434202194214,3.6749599427517285,0.04352574055751468
4509.827406905417,3.539968729019165,3.6387656187218047,0.09879688970263967
4513.858618360078,3.5389974117279053,3.638778281291008,0.09978086956310284
4516.8742691410625,3.5388355255126953,3.6389117959763304,0.1000762704636351
4520.936750259076,3.4062511920928955,3.5868770949698634,0.1806259028769679
4523.98312288017,3.2817609310150146,3.547552890990659,0.2657919599756444
4528.01479666532,3.3023204803466797,3.5513126874067025,0.24899220706002279
4531.045634794435,3.4672820568084717,3.6074053876136336,0.14012333080516193
4535.077266469798,3.5511388778686523,3.6413380351427906,0.0901991572741383
4538.108517205663,3.6463277339935303,3.6780684937684063,0.031740759774876004
4542.139699828578,3.5349502563476562,3.635235236393103,0.10028498004544684
4545.170934288944,3.5344645977020264,3.635628501164746,0.10116390346271942
4549.202190590204,3.5347883701324463,3.6361870837832777,0.10139871365083142
4552.233423982918,3.535435914993286,3.6365853246675917,0.10114940967430552
4556.280214565635,3.535759687423706,3.6370754410288457,0.10131575360513967
4559.311478248725,3.536245346069336,3.6374115633127717,0.10116621724343577
4563.342658054626,3.457568883895874,3.60445760854262,0.14688872464674585
4566.358363145755,3.358818531036377,3.56947534737797,0.21065681634159317
4570.389521814057,3.2136070728302,3.5272539397259,0.3136468668957
4573.420436954813,3.209883689880371,3.5227969931809726,0.3129133033006015
4577.4675619697555,3.4269726276397705,3.589215041326142,0.16224241368637138
4580.483178284969,3.4761857986450195,3.6087768303322942,0.1325910316872747
4584.545028132085,3.5101819038391113,3.622943517496209,0.11276161365709747
4587.576921296615,3.5207042694091797,3.628425126027137,0.1077208566179575
4591.6235456005525,3.471005439758301,3.608367932319648,0.13736249256134725
4594.654949256961,3.470843553543091,3.6084615490506264,0.13761799550753562
4598.686150426023,3.457083225250244,3.6028245206059473,0.14574129535570313
4601.7170874763,3.5011162757873535,3.620489727894756,0.11937345210740258
4605.748607333411,3.502573251724243,3.6217271324534446,0.11915388072920141
4608.764488908713,3.6005139350891113,3.6618210596215333,0.06130712453242193
4612.795612329301,3.651669979095459,3.681944601432763,0.030274622337303825
4615.842297367839,3.6158931255340576,3.669688532517015,0.053795406982957594
4619.904773608712,3.5344645977020264,3.63776827240961,0.1033036747075835
4622.92041233971,3.5339789390563965,3.637628058980421,0.10364911992402437
4626.967230696548,3.503382682800293,3.6246076712308546,0.12122498843056162
4630.014223295439,3.504030227661133,3.625234943392335,0.1212047157312024
4634.060942625845,3.4506077766418457,3.603789654456917,0.1531818778150713
4637.092195657431,3.4179069995880127,3.5919223791927033,0.1740153796046906
4641.123388971944,3.411593437194824,3.588520742477029,0.1769273052822049
4644.154604810978,3.453197956085205,3.6042035459115827,0.15100558982637757
4648.20149109685,3.4920506477355957,3.6190314243776633,0.12698077664206764
4651.248350133377,3.43328595161438,3.5949884806516454,0.16170252903726556
4655.295263075579,3.527827262878418,3.6331915559282892,0.10536429304987127
4658.3108613458935,3.494317054748535,3.6195076247716917,0.1251905700231566
4662.341974942035,3.6290059089660645,3.673719851889368,0.04471394292330366
4665.3727530267315,3.5307412147521973,3.6350820897243596,0.10434087497216238
4669.404424606393,3.5304174423217773,3.6353579111979464,0.10494046887616904
4672.451325852955,3.5307412147521973,3.635613342360706,0.10487212760850895
4676.51375449037,3.5309031009674072,3.635947695039323,0.10504459407191558
4679.56062176239,3.531388759613037,3.636185404481907,0.10479664486886975
4683.576161894565,3.531712532043457,3.6364778607355275,0.10476532869207045
4686.6226343841845,3.3887674808502197,3.5811190601706704,0.19235157932045066
4690.6386937985735,3.4387900829315186,3.5989246568508237,0.1601345739193052
4693.669892459857,3.4758620262145996,3.6123925119099107,0.13653048569531112
4697.716712706391,3.5334932804107666,3.6359872912775524,0.10249401086678578
4700.747980599961,3.478614091873169,3.613421790724372,0.13480769885120303
4704.778800029078,3.5182759761810303,3.629474265513384,0.11119828933235354
4707.81047063979,3.479099750518799,3.613481790125851,0.1343820396070523
4711.857247478307,3.42842960357666,3.593778260447825,0.16534865687116485
4714.888208458127,3.4928600788116455,3.618733596198431,0.12587351738678532
4718.935294681538,3.487194061279297,3.6170932429925085,0.12989918171321158
4721.966609351504,3.482013702392578,3.614707525510326,0.1326938231177479
4725.997312596504,3.4355523586273193,3.597640473545778,0.16208811491845854
4729.013514388655,3.656364679336548,3.6842070904019852,0.02784241106543739
4733.060337407089,3.528474807739258,3.6347589511035103,0.10628414336425251
4736.107198493715,3.528312921524048,3.634923651786819,0.10661073026277101
4740.1539531219605,3.528474807739258,3.6352282369689393,0.10675342922968145
4743.1695639886275,3.5289604663848877,3.6354581708611455,0.10649770447625784
4747.200839743287,3.5291223526000977,3.635751249185757,0.10662889658565922
4750.232066895471,3.5294461250305176,3.6359576859756535,0.10651156094513592
4754.278850876763,3.5299317836761475,3.636213685697208,0.10628190202106058
4757.310218147624,3.5302555561065674,3.6363912004020724,0.10613564429550504
4761.3413531871265,3.481851816177368,3.6156369449668944,0.1337851287895262
4764.372572610078,3.420659065246582,3.592428559299573,0.1717694940529908
4768.419114924993,3.3698267936706543,3.573319360304658,0.2034925666340035
4771.450150946555,3.3975093364715576,3.582765176128534,0.18525583965697656
4775.466268270047,3.4565975666046143,3.6050682705593755,0.14847070395476125
4778.497383278162,3.4723005294799805,3.6110301882534825,0.13872965877350207
4782.513072090322,3.4850895404815674,3.6160739588783204,0.130984418396753
4785.544061871817,3.5967905521392822,3.6617567343022484,0.06496618216296612
4789.5911152133995,3.573802947998047,3.652871169311914,0.07906822131386715
4792.622371021895,3.527341604232788,3.634116416889392,0.10677481265660393
4796.669216671642,3.527179718017578,3.6343950158415477,0.10721529782396955
4799.700443051905,3.527179718017578,3.634628824362066,0.10744910634448779
4803.747313949487,3.527827262878418,3.634946468311797,0.10711920543337916
4806.763106909271,3.528151035308838,3.6351662793167288,0.10701524400789086
4810.80976654113,3.4797472953796387,3.615124966868771,0.13537767148913238
4813.840993908845,3.4183926582336426,3.5910623149281635,0.17266965669452095
4817.903452586015,3.396214246749878,3.5824325236916588,0.18621827694178084
4820.950293266866,3.5056490898132324,3.6237344905881077,0.11808540077487528
4824.981554375085,3.38811993598938,3.5793688170917033,0.1912488811023234
4828.012832398861,3.524427652359009,3.6317777333777683,0.10735008101875954
4832.0436547051395,3.549196243286133,3.6437511682226096,0.09455492493647677
4835.059618013831,3.60666561126709,3.6668804040832486,0.06021479281615871
4839.0907575394995,3.5253989696502686,3.634431291747611,0.1090323220973426
4842.122002992219,3.5252370834350586,3.634542658397435,0.10930557496237636
4846.153226251248,3.3973474502563477,3.583461799313061,0.1861143490567132
4849.200149773249,3.3856916427612305,3.5790873016789693,0.1933956589177388
4853.262535819678,3.3523430824279785,3.567323943772931,0.21498086134495242
4856.278172239923,3.379863739013672,3.575909418791171,0.19604567977749898
4860.309496445159,3.4357142448425293,3.595422888862272,0.1597086440197426
4863.340603182693,3.511476993560791,3.626070191063423,0.1145931975026322
4867.386970366799,3.5339789390563965,3.6357706428626555,0.10179170380625902
4870.387474541036,3.5954954624176025,3.6604583340895482,0.0649628716719457
4874.434356235481,3.5742886066436768,3.6529989254647752,0.07871031882109847
4877.465501493873,3.523456335067749,3.6328035484921672,0.10934721342441822
4881.527530396572,3.523294448852539,3.6330225119324284,0.10972806307988936
4884.543667046615,3.3845584392547607,3.579193379684073,0.1946349404293124
4888.606051118135,3.43280029296875,3.5974222516617047,0.1646219586929547
4891.652979898208,3.3897387981414795,3.580968275752292,0.19122947761081255
4895.715376230237,3.3763022422790527,3.5761978687340985,0.19989562645504577
4898.746617863457,3.411917209625244,3.5876810847506193,0.17576387512537517
4902.793519216826,3.5100200176239014,3.625779654179854,0.11575963655595256
4905.824619618594,3.4765095710754395,3.6124978884870944,0.13598831741165496
4909.840196171401,3.4799091815948486,3.61347648597913,0.13356730438428155
4912.871526821131,3.4799091815948486,3.613708188179945,0.13379900658509625
4916.918363408331,3.424706220626831,3.5921301014531895,0.1674238808263584
4919.933987482855,3.3533143997192383,3.56743403758784,0.21411963786860166
4923.980844270325,3.4112696647644043,3.586561614632215,0.17529194986781071
4927.012074034003,3.4881653785705566,3.6162500823013985,0.1280847037308419
4931.058922360418,3.51876163482666,3.629255222408193,0.11049358758153272
4934.074506635901,3.482985019683838,3.6141235214191294,0.1311385017352915
4938.121354977353,3.527665376663208,3.633216039591148,0.10555066292794013
4941.152590625676,3.47440505027771,3.6119516013514716,0.13754655107376168
4945.18363495445,3.4755382537841797,3.6120798633285975,0.13654160954441785
4948.215029473115,3.5328457355499268,3.6360620070037077,0.10321627145378098
4952.26195267084,3.5885345935821533,3.659328135936512,0.07079354235435886
4955.277526971506,3.5590713024139404,3.6477116518719237,0.08864034945798327
4959.308794189928,3.454169273376465,3.6062624017309233,0.15209312835445843
4962.33944051174,3.43247652053833,3.597451447835407,0.16497492729707686
4966.355528171414,3.4182307720184326,3.5924056007643053,0.17417482874587265
4969.386775584015,3.4595115184783936,3.607371015521351,0.14785949704295742
4973.433682235565,3.4028515815734863,3.585127544430593,0.18227596285710668
4976.480462841922,3.458378314971924,3.60596698906334,0.1475886740914163
4980.511679985739,3.5205423831939697,3.6307607445233474,0.11021836132937768
4983.5272622011,3.5221612453460693,3.6314879316603004,0.10932668631423104
4987.589742241427,3.461292266845703,3.6079022305059705,0.14660996366026735
4990.62057394455,3.4187164306640625,3.5915481966244274,0.17283176596036487
4994.636614106035,3.450122117996216,3.6036117351951553,0.1534896171989395
4997.652157424593,3.4839563369750977,3.6166215416231777,0.13266520464808007
5001.699026803395,3.47489070892334,3.6125439057619024,0.13765319683856259
5004.730269649634,3.5252370834350586,3.6331085075937852,0.10787142415872664
5008.745909394689,3.4556262493133545,3.606149113822558,0.15052286450920338
5011.777069515065,3.47391939163208,3.613148475384052,0.13922908375197185
5015.808341846219,3.51989483833313,3.631894900496873,0.11200006216374314
5018.839586261354,3.4771571159362793,3.6145771898330277,0.13742007389674837
5022.855165165009,3.477480888366699,3.6145147540744036,0.13703386570770437
5025.885947299783,3.4797472953796387,3.6150447072143934,0.13529741183475474
5029.9173995286,3.539644956588745,3.6403359331104337,0.10069097652168857
5032.93323245785,3.5265321731567383,3.6347518626366924,0.10821968947995408
5036.980033240954,3.4141836166381836,3.5905721383750375,0.17638852173685393
5040.011354662722,3.462587356567383,3.608987508262807,0.14640015169542409
5044.058133756851,3.4591877460479736,3.6073123092745494,0.14812456322657575
5047.089321135059,3.478937864303589,3.6146756545324505,0.13573779022886168
5051.1205640580265,3.502735137939453,3.6247755721365618,0.12204043419710864
5054.1517768394515,3.4311816692352295,3.5957177735860295,0.16453610435080002
5058.18303103045,3.5173046588897705,3.6309103506558222,0.11360569176605173
5061.214238107677,3.4268107414245605,3.5948059165155035,0.16799517509094297
5065.261128969942,3.5784976482391357,3.655131853699465,0.07663420546032906
5068.30801710888,3.5708889961242676,3.6522080639631884,0.08131906783892084
5072.354810568766,3.514552593231201,3.630324168864937,0.11577157563373586
5075.386096838058,3.4648537635803223,3.609545489174757,0.14469172559443466
5079.432943339929,3.3034536838531494,3.552921661106647,0.24946797725349779
5082.464104031729,3.3808350563049316,3.5770552635583788,0.19622020725344713
5086.510955375648,3.3364784717559814,3.5607210881866687,0.2242426164306872
5089.5418039557735,3.4026896953582764,3.584317562253525,0.18162786689524868
5093.573534041021,3.462425470352173,3.606476682798607,0.14405121244643393
5096.604644823623,3.5016019344329834,3.622130738424312,0.12052880399132881
5100.63593223229,3.5045158863067627,3.6236409459397203,0.11912505963295761
5103.682740046355,3.5869157314300537,3.657318953115412,0.07040322168535829
5107.729625269578,3.4224398136138916,3.5925738715363345,0.17013405792244285
5110.76090244123,3.478775978088379,3.614450212485682,0.1356742343973032
5114.792183895082,3.479099750518799,3.6146276088675076,0.13552785834870873
5117.8232879910465,3.4151549339294434,3.5900387885988714,0.17488385466942802
5121.885535081688,3.457730770111084,3.6063406485703977,0.14860987845931373
5124.916946136505,3.531388759613037,3.6360566169338466,0.10466785732080952
5128.948210843679,3.5105056762695312,3.628110631053701,0.11760495478416955
5131.979471213526,3.5411019325256348,3.640949137671171,0.09984720514553613
5136.026240628569,3.510667562484741,3.6275765601925896,0.11690899770784835
5139.056989716108,3.5100200176239014,3.6278087288128598,0.1177887111889584
5143.0732552283625,3.5098581314086914,3.628129142875966,0.1182710114672747
5146.119938853382,3.5098581314086914,3.628360947525265,0.11850281611657376
5150.166422246675,3.5101819038391113,3.628641768500505,0.11845986466139369
5153.1667793499255,3.5103437900543213,3.62884407225199,0.11850028219766884
5157.213584754529,3.5105056762695312,3.6290890040139714,0.11858332774444014
5160.229234081893,3.510667562484741,3.6292572344647978,0.11858967198005654
5164.2760632756945,3.510829448699951,3.6294656580147135,0.11863620931476238
5167.307339855877,3.510991334915161,3.6296097918344588,0.11861845691929762
5171.338511030299,3.3555808067321777,3.5698376815446053,0.2142568748124276
5174.369715145152,3.379378080368042,3.5790754180863886,0.19969733771834663
5178.432266016745,3.3774354457855225,3.577481716969717,0.2000462711841946
5181.47906028209,3.3725788593292236,3.5748929341572007,0.20231407482797703
5185.526001980859,3.4182307720184326,3.5908008434477585,0.1725700714293259
5188.54115833648,3.507106065750122,3.6255683033481483,0.11846223759802621
5192.5727948037675,3.5802783966064453,3.655729692046518,0.07545129544007256
5195.619677629493,3.593067169189453,3.6620036412090275,0.06893647201957442
5199.650815395777,3.5122861862182617,3.6300096190218056,0.11772343280354391
5202.682033124511,3.506782293319702,3.6280115248583913,0.12122923153868914
5206.7132927289895,3.4886510372161865,3.6206877727035636,0.13203673548737704
5209.728938677945,3.5062966346740723,3.6279279873780768,0.12163135270400449
5213.775256098215,3.506782293319702,3.6282160858403634,0.12143379252066122
5216.80698225215,3.503706455230713,3.626926848485212,0.12322039325449907
5220.822581150558,3.38828182220459,3.5812549904635684,0.1929731682589786
5223.838262407378,3.4221160411834717,3.5945800428210424,0.1724640016375707
5227.90051596913,3.338744878768921,3.5642415576754174,0.2254966789064965
5230.947513249666,3.4642062187194824,3.6093581620653508,0.14515194334586834
5234.978730288221,3.4235730171203613,3.5936639709776212,0.17009095385725992
5238.01012401492,3.4143455028533936,3.5902353789858097,0.17588987613241613
5242.025509021067,3.424544334411621,3.593013478292975,0.16846914388135392
5245.056789661354,3.420497179031372,3.5914263249703033,0.17092914593893127
5249.10357427923,3.461454153060913,3.6074207526197997,0.14596659955888658
5252.1348325689,3.4630730152130127,3.6079674784225073,0.14489446320949462
5256.166073146025,3.5058109760284424,3.6257168388136094,0.11990586278516702
5259.18173412238,3.5757455825805664,3.654493892630838,0.07874831005027172
5263.244108860665,3.552433967590332,3.6459200100445397,0.09348604245420766
5266.259742278442,3.5043540000915527,3.626438307780181,0.12208430768862844
5270.322201286435,3.503706455230713,3.626574339951314,0.12286788472060106
5273.353427862185,3.503706455230713,3.626738855487106,0.12303240025639317
5277.369040374473,3.504030227661133,3.626971024058494,0.12294079639736122
5280.400234474411,3.5041921138763428,3.6271450602985738,0.12295294642223098
5284.447126890533,3.4520647525787354,3.6052864666162647,0.15322171403752938
5287.478307647263,3.326441526412964,3.560129338964208,0.23368781255124427
5291.5247734918885,3.2984352111816406,3.5515371679452734,0.2531019567636328
5294.540869124863,3.499659299850464,3.623587534801195,0.12392823495073113
5298.572041687745,3.5545384883880615,3.644616288456886,0.09007780006882449
5301.618860283634,3.499497413635254,3.6235345752021577,0.12403716156690381
5305.650063517838,3.499983072280884,3.624153245011355,0.12417017273047115
5308.681190275191,3.5004687309265137,3.6245718954906323,0.12410316456411863
5312.71251303182,3.494478940963745,3.6224056191075786,0.12792667814383352
5315.743665031987,3.4234111309051514,3.594148692054647,0.17073756114949568
5319.790031519362,3.47408127784729,3.6155023177235552,0.1414210398762652
5322.806282102931,3.465177536010742,3.611256446250043,0.14607891023930097
5326.868664796017,3.3784067630767822,3.577915492819459,0.19950872974267675
5329.899904709957,3.3683698177337646,3.5740217356061788,0.2056519178724141
5333.9468499725845,3.4930219650268555,3.621213310552707,0.12819134552585165
5336.978069836638,3.4421896934509277,3.601015865214822,0.15882617176389413
5341.024835687811,3.4894604682922363,3.619859438065239,0.1303989697730028
5344.040489235678,3.536083459854126,3.6394664115932387,0.10338295173911272
5348.0875223068215,3.4565975666046143,3.6079547321796634,0.1513571655750492
5351.118103255951,3.5504913330078125,3.6458909425003307,0.09539960949251824
5355.149755372178,3.498202323913574,3.624971037216018,0.126768713302444
5358.180937722875,3.498202323913574,3.6251516083051785,0.12694928439160424
5362.212092857386,3.498526096343994,3.625420443092331,0.12689434674833677
5365.227814945811,3.498687982559204,3.6256268865767067,0.12693890401750263
5369.290034798672,3.494478940963745,3.6242089743412285,0.12973003337748334
5372.337095481995,3.4810423851013184,3.6185120946401166,0.13746970953879822
5376.383978484697,3.461939811706543,3.6108698576849587,0.14893004597841575
5379.4148140775,3.461454153060913,3.611557278587801,0.1501031255268881
5383.446448544801,3.444941759109497,3.6033281863653994,0.15838642725590235
5386.477624870509,3.280627727508545,3.546700664838885,0.2660729373303399
5390.493225548351,3.425191879272461,3.595583864583821,0.17039198531136002
5393.524476625069,3.408679485321045,3.5891900843499402,0.18051059902889532
5397.571349542675,3.4965834617614746,3.6235443236389226,0.12696086187744804
5400.6026798515595,3.4604828357696533,3.609344286012549,0.14886145024289554
5404.649376475467,3.4476938247680664,3.6045194723449896,0.1568256475769232
5407.680667697081,3.42859148979187,3.596897217349624,0.16830572755775375
5411.727474199415,3.425029993057251,3.5952239817469778,0.1701939886897268
5414.758807099755,3.259582757949829,3.538813835969511,0.27923107801968206
5418.805589712632,3.458216428756714,3.606125386057343,0.14790895730062914
5421.821043368072,3.627063274383545,3.6705809189256966,0.04351764454215168
5425.852409612926,3.495126485824585,3.6212131108264956,0.1260866250019106
5428.883465950039,3.494478940963745,3.621550753164191,0.12707181220044594
5432.930338140839,3.494317054748535,3.622060737259422,0.12774368251088664
5435.946183059925,3.494478940963745,3.6224196987768877,0.12794075781314262
5439.992889067187,3.494802713394165,3.6228598307015663,0.1280571173074012
5443.008614554066,3.494802713394165,3.623157501036612,0.12835478764244712
5447.055389623183,3.495126485824585,3.623519706050574,0.12839322022598898
5450.086574465073,3.495126485824585,3.6237538422671696,0.1286273564425846
5454.14904826989,3.413374185562134,3.5899826516374578,0.176608466075324
5457.164672224117,3.359304189682007,3.5714934864131376,0.21218929673113074
5461.227138876129,3.425029993057251,3.5972079056484114,0.17217791259116044
5464.258381752439,3.458378314971924,3.610518480918884,0.15214016594696034
5468.320855978305,3.489946126937866,3.622923711598533,0.1329775846606669
5471.35204592791,3.4960978031158447,3.6251798083137747,0.12908200519793
5475.383303417122,3.5135812759399414,3.632227388564722,0.11864611262478064
5478.414203460306,3.5493581295013428,3.6471751115802977,0.09781698207895495
5482.461353597766,3.4918887615203857,3.624498647439811,0.13260988591942535
5485.492632974907,3.4920506477355957,3.6245190073499827,0.13246835961438697
5489.040248568133,3.4923744201660156,3.624617050073807,0.13224262990779145
5492.087025450222,3.4926981925964355,3.6247201365342514,0.13202194393781586
5496.133879375571,3.4928600788116455,3.624863482763896,0.1320034039522504
5499.165198516661,3.4930219650268555,3.6249701384406148,0.1319481734137593
5503.18075054845,3.4933457374572754,3.62510643443837,0.1317606969810945
5506.211847521685,3.4935076236724854,3.62520444836525,0.13169682469276456
5510.2431710051205,3.3722550868988037,3.5771642281959606,0.20490914129715687
5513.274029710439,3.30134916305542,3.553650350646292,0.2523011875908723
5517.321236173062,3.374845266342163,3.5778033243171405,0.20295805797497746
5520.352504963859,3.4857370853424072,3.6207153694443255,0.13497828410191826
5524.383738613749,3.4972310066223145,3.624943892484737,0.12771288586242235
5527.430609178962,3.47472882270813,3.614588009024561,0.13985918631643113
5531.477389506163,3.392328977584839,3.5826378090319455,0.19030883144710664
5534.492909296179,3.317699670791626,3.557750948533786,0.24005127774216017
5538.508533382264,3.5255608558654785,3.6353447229247906,0.10978386705931209
5541.555440272878,3.51876163482666,3.632235189123227,0.1134735542965668
5545.6022804991335,3.3160808086395264,3.5575089096696892,0.24142810103016288
5548.633533826454,3.407870054244995,3.589701473892273,0.18183141964727767
5552.664836738699,3.460968494415283,3.6096267341367025,0.14865823972141934
5555.711630242149,3.4608066082000732,3.6100551091214914,0.14924850092141817
5559.758458699118,3.3970236778259277,3.584994654516467,0.18797097669053908
5562.78976733908,3.4892985820770264,3.6211574513149567,0.13185886923793033
5566.836548087322,3.445265531539917,3.6048954341562034,0.1596299026162864
5569.867744197258,3.3855297565460205,3.581342868593588,0.19581311204756746
5573.89898919539,3.379216194152832,3.5792903263371456,0.20007413218431358
5576.93010370226,3.399613857269287,3.586278942143766,0.18666508487447908
5580.961339703001,3.448503255844116,3.604631191147329,0.15612793530321278
5583.977030257953,3.4795854091644287,3.6181997066650453,0.1386142975006166
5587.992616284337,3.379216194152832,3.5785976757200526,0.19938148156722058
5591.023209047868,3.4183926582336426,3.593308389240187,0.17491573100654456
5595.055126088348,3.4237349033355713,3.5942254476035895,0.17049054426801824
5598.101949200478,3.363675117492676,3.5721029294894167,0.20842781199674087
5602.133149071313,3.4812042713165283,3.6185396548371664,0.13733538352063812
5605.1644791345825,3.622692346572876,3.671028921218239,0.04833657464536323
5609.195695085429,3.4881653785705566,3.61947818023953,0.1313128016689733
5612.226849170791,3.4850895404815674,3.619586282576364,0.13449674209479667
5616.273327406245,3.4844419956207275,3.6198800651476812,0.1354380695269537
5619.304909251066,3.4842801094055176,3.6201181867979915,0.1358380773924739
5623.351751141465,3.4846038818359375,3.620428400886553,0.13582451905061532
5626.398505703011,3.4844419956207275,3.6206495865889448,0.13620759096821722
5630.429848359156,3.4846038818359375,3.620922626102043,0.13631874426610535
5633.461080453635,3.4847657680511475,3.621112923043004,0.13634715499185646
5637.507513511668,3.4849276542663574,3.621347727300442,0.13642007303408477
5640.523183670874,3.4849276542663574,3.621509226122064,0.1365815718557064
5644.570369126217,3.4852514266967773,3.621709444326033,0.13645801762925558
5647.617137136225,3.4855751991271973,3.6218485889536693,0.13627338982647208
5650.648456152008,3.4854133129119873,3.6219780479272163,0.13656473501522903
5654.695340337654,3.2984352111816406,3.5536451241977316,0.255209913016091
5657.726567068796,3.235137939453125,3.5350141607283296,0.29987622127520464
5661.7730059563255,3.485898971557617,3.622931584725781,0.13703261316816384
5664.7734476701335,3.411593437194824,3.591974214493713,0.1803807772988888
5668.804569747379,3.2979495525360107,3.551063240237649,0.2531136877016382
5671.820220398033,3.5211899280548096,3.6322857001432576,0.11109577208844801
5675.83577122683,3.3968617916107178,3.582697737911084,0.18583594630036604
5678.86704798746,3.2589352130889893,3.537294769464438,0.27835955637544885
5682.913840640329,3.131369113922119,3.5040321621199233,0.37266304819780416
5685.9295869189555,3.1226272583007812,3.4997249005535975,0.3770976422528163
5689.976289753315,3.1090290546417236,3.494839284142354,0.38581022950063026
5693.0075074218985,3.2247772216796875,3.5226427883621962,0.29786556668250874
5697.054381968559,3.3639988899230957,3.5639038320041467,0.19990494208105103
5700.085598815098,3.3639988899230957,3.5652285530302033,0.20122966310710755
5704.132440329558,3.247926950454712,3.5274554080278877,0.2795284575731758
5707.16374877403,3.251164674758911,3.5284445790085064,0.27727990424959525
5711.210547562168,3.1922380924224854,3.5109092532698263,0.31867116084734093
5714.241819811577,3.197256565093994,3.5145498500057357,0.3172932849117416
5718.272700152269,3.370312452316284,3.567843472422442,0.19753102010615775
5721.304214403892,3.2466318607330322,3.526356527742786,0.27972466700975396
5725.351044028765,3.25553560256958,3.529700097826269,0.27416449525668884
5728.382289215828,3.296168804168701,3.5421079380673746,0.2459391338986734
5732.444772669649,3.30053973197937,3.5426891776387874,0.24214944565941732
5735.491794571462,3.322556257247925,3.5502336480078345,0.22767739075990967
5739.522870408637,3.420820951461792,3.585102840186549,0.1642818887247568
5742.5540512505795,3.383587121963501,3.57199066025968,0.18840353829617884
5746.585180726237,3.2989208698272705,3.5438151083365046,0.24489423850923409
5749.600893426301,3.403499126434326,3.580621302962326,0.177122176528
5753.647759301384,3.2743141651153564,3.533940206591711,0.2596260414763547
5756.678951972761,3.370312452316284,3.5664078019950614,0.19609534967877718
5760.710356733449,3.1087052822113037,3.4884491655237255,0.3797438833124218
5763.741484232654,3.3164045810699463,3.546659842966217,0.23025526189627055
5767.788319090552,3.252297878265381,3.5291091332004383,0.2768112549350574
5770.81951087472,3.334859609603882,3.555100434052595,0.2202408244487133
5774.866370263662,3.5016019344329834,3.615582554477929,0.1139806200449458
5777.897679234447,3.334373950958252,3.5541830925941245,0.2198091416358725
5781.944407316638,3.3238513469696045,3.549236717501481,0.22538537053187646
5784.9756442882535,3.359142303466797,3.561457393894388,0.20231509042759122
5789.038150298209,3.441542148590088,3.5938250663618008,0.15228291777171288
5792.069328588805,3.5100200176239014,3.6205003362398576,0.1104803186159562
5796.100561391588,3.523132562637329,3.626765201373543,0.10363263873621387
5799.131787751794,3.5702414512634277,3.645186258414091,0.0749448071506631
5803.163081335824,3.499335527420044,3.6196140609984404,0.12027853357839646
5806.194412381545,3.5017638206481934,3.6225250658481025,0.12076124519990916
5810.256752483649,3.515362024307251,3.6260875631698886,0.11072553886263758
5813.303381893758,3.506782293319702,3.6248960344550074,0.11811374113530526
5817.319206453722,3.4672820568084717,3.6086506782946355,0.1413686214861638
5820.3503751755015,3.4648537635803223,3.6086293444903745,0.14377558091005227
5824.366039346343,3.4640443325042725,3.608731450347456,0.14468711784318344
5827.3972439223435,3.4635586738586426,3.6088498710506034,0.14529119719196082
5831.44412472457,3.4632349014282227,3.609031472257644,0.14579657082942132
5834.475332984744,3.436847448348999,3.5981523029061053,0.1613048545571063
5838.506159696983,3.25602126121521,3.5354288016345365,0.2794075404193266
5841.506571701855,3.1912667751312256,3.517500755618813,0.32623398048758734
5845.553368469969,3.242908477783203,3.5298555250041943,0.2869470472209912
5848.584626609259,3.2945499420166016,3.5459654682624056,0.251415526245804
5852.615625359613,3.268486499786377,3.536611012414566,0.26812451262818904
5855.6314819727995,3.3979949951171875,3.5810249973093,0.1830300021921123
5859.647090500173,3.313004970550537,3.5503011724455593,0.2372962018950222
5862.677881191241,3.382615804672241,3.574239305662953,0.1916235009907119
5866.70952341786,3.3440871238708496,3.5598048061335543,0.2157176822627047
5869.74078524132,3.4421896934509277,3.5972102849683045,0.1550205915173768
5873.771945207849,3.5676512718200684,3.6454254189594906,0.07777414713942221
5876.803202820833,3.572669744491577,3.647498031619454,0.0748282871278767
5880.850036295287,3.5103437900543213,3.625222973107629,0.1148791830533078
5883.88128938702,3.4591877460479736,3.6059710433229544,0.14678329727498074
5887.943903415773,3.458054542541504,3.606017653912569,0.1479631113710651
5890.990547662808,3.3905482292175293,3.5791024297394554,0.18855420052192606
5895.037501782481,3.2207300662994385,3.5249288748045107,0.3041988085050722
5898.084396282255,3.3157570362091064,3.562957242117119,0.24720020590801273
5902.131092640502,3.366427183151245,3.578170621574282,0.21174343842303678
5905.146513258729,3.4400851726531982,3.602224498511868,0.16213932585866964
5909.209180805665,3.5885345935821533,3.6574366198804213,0.06890202629826803
5912.240427932553,3.5252370834350586,3.6343571120210876,0.10912002858602898
5916.30250838352,3.453197956085205,3.607084129629211,0.1538861735440058
5919.318509476241,3.453197956085205,3.607023127348035,0.15382517126283002
5923.36532536694,3.453359842300415,3.607114117885841,0.15375427558542576
5926.4119229678945,3.454007387161255,3.607227993602403,0.1532206064411481
5930.4434803934855,3.454331159591675,3.607399829975399,0.1530686703837243
5933.459059877048,3.4544930458068848,3.607533494412812,0.15304044860592736
5937.5052703060755,3.30167293548584,3.5505609013300643,0.24888796584422446
5940.521109636255,3.161479949951172,3.5112191867442446,0.3497392367930727
5944.552114246188,3.2406420707702637,3.533552700351597,0.2929106295813333
5947.568314268938,3.2943880558013916,3.551718408681065,0.25733035287967354
5951.615178630254,3.296492576599121,3.549777189706102,0.253284613106981
5954.646360484712,3.3604373931884766,3.570055252954741,0.20961785976626457
5958.661808442517,3.375169038772583,3.574519062163371,0.1993500233907879
5961.677581587999,3.396214246749878,3.5816213929388034,0.1854071461889255
5965.724436365461,3.3821301460266113,3.57633927645933,0.1942091304327187
5968.755623889036,3.4138598442077637,3.5888118727683596,0.17495202856059588
5972.771248772107,3.42826771736145,3.5958947487051027,0.16762703134365253
5975.802489312602,3.3845584392547607,3.5785695289807666,0.1940110897260059
5979.81810498776,3.486546516418457,3.618398946957809,0.13185243053935203
5982.848781168876,3.557452440261841,3.644312665436768,0.08686022517492731
5986.849343795107,3.56133770942688,3.646416837648304,0.08507912822142405
5989.864860321999,3.456921339035034,3.606288537445691,0.1493671984106566
5993.927165973371,3.4544930458068848,3.60599635057655,0.15150330476966545
5996.958563344138,3.454169273376465,3.6059806482410846,0.1518113748646197
6001.00542839216,3.3968617916107178,3.5839591285647874,0.1870973369540696
6004.051960830959,3.3897387981414795,3.5815644253629086,0.19182562722142915
6008.067897309429,3.3062057495117188,3.552607649394823,0.24640189988310413
6011.114640242031,3.3368022441864014,3.563063389538091,0.22626114535168984
6015.13035572055,3.3353452682495117,3.562501202238697,0.22715593398918532
6018.161675949355,3.4015564918518066,3.586509863087821,0.18495337123601452
6022.192799079214,3.404956102371216,3.5870578986218566,0.18210179625064082
6025.239517941922,3.382777690887451,3.5789746661689694,0.19619697528151825
6029.270415289939,3.408355712890625,3.5870526699638283,0.17869695707320332
6032.286501103485,3.4897842407226562,3.6201314058069856,0.1303471650843293
6036.333293149841,3.4520647525787354,3.601950582396767,0.14988582981803145
6039.364535364515,3.449312686920166,3.602334481589622,0.15302179466945587
6043.426445596895,3.449150800704956,3.60283378750122,0.15368298679626413
6046.442635303974,3.449312686920166,3.6031696664122954,0.1538569794921294
6050.47382265866,3.449474573135376,3.6035744038609803,0.1540998307256043
6053.48957221043,3.449798345565796,3.6038476822848597,0.15404933671906385
6057.53634635725,3.329841136932373,3.558101369770419,0.22826023283804586
6060.551810117839,3.3272509574890137,3.5595579833028905,0.23230702581387686
6064.567598472706,3.4196877479553223,3.592970445623104,0.1732826976677817
6067.6143180722465,3.420820951461792,3.5934909962569828,0.17267004479519077
6071.661177511312,3.4442942142486572,3.6021448492084573,0.15785063495980012
6074.6767753505555,3.43215274810791,3.5979455012603667,0.16579275315245656
6078.707975071011,3.4180688858032227,3.5919051895426013,0.17383630373937864
6081.739273410341,3.355095148086548,3.568273480202588,0.2131783321160401
6085.769978154069,3.403661012649536,3.5876018570898047,0.1839408444402686
6088.801274152571,3.375007152557373,3.5761201960694513,0.20111304351207826
6092.832909923123,3.4107840061187744,3.589369211428577,0.17858520530980249
6095.863754362941,3.2626585960388184,3.538089739387207,0.2754311433483885
6099.895402419064,3.4638824462890625,3.6105311035863936,0.14664865729733112
6102.942238282925,3.5501675605773926,3.640775713100438,0.09060815252304533
6106.973425196513,3.4462368488311768,3.602491135655626,0.1562542868244492
6110.019955239353,3.4463987350463867,3.602632186306237,0.15623345125985022
6114.067134128352,3.4467225074768066,3.602933465136454,0.15621095765964732
6117.0984064529475,3.4472081661224365,3.6031645972388016,0.15595643111636504
6121.144916287038,3.4475319385528564,3.6034581855678347,0.15592624701497826
6124.192072327645,3.4478557109832764,3.6036645728898815,0.15580886190660515
6128.2389569092775,3.4483413696289062,3.6039183334470297,0.15557696381812347
6131.269864125305,3.448665142059326,3.6040937441983774,0.1554286021390512
6135.317038984285,3.3068532943725586,3.5504277083509184,0.24357441397835977
6138.348201154771,3.337611675262451,3.562767584650888,0.225155909388437
6142.363848609006,3.2901790142059326,3.5480799665503344,0.2579009523444018
6145.410141321259,3.2791707515716553,3.5435765984885608,0.2644058469169055
6149.441898468849,3.379054307937622,3.57733571143606,0.19828140349843792
6152.488900912238,3.375007152557373,3.574819907379402,0.19981275482202898
6156.51962838753,3.4434847831726074,3.6007582886840392,0.15727350551143182
6159.566814497972,3.549034357070923,3.6400798481321432,0.0910454910612204
6163.613724658251,3.4470462799072266,3.601077831028403,0.1540315511211765
6166.644574366179,3.445751190185547,3.601255755658401,0.15550456547285396
6170.660060819777,3.445751190185547,3.6016061688471446,0.1558549786615977
6173.660519581001,3.446074962615967,3.601870406270198,0.15579544365423104
6177.691703015935,3.4465606212615967,3.6022059815873977,0.155645360325801
6180.722930123007,3.4467225074768066,3.602440177769065,0.15571767029225825
6184.7854460376075,3.3866629600524902,3.5796448537278884,0.1929818936753982
6187.801011370957,3.3039393424987793,3.5515740826240885,0.24763474012530917
6191.8478323944255,3.4336097240448,3.5989075476713284,0.16529782362652856
6194.863426058277,3.333402633666992,3.562024554729186,0.22862192106219403
6198.894730273765,3.4010708332061768,3.587830988050461,0.1867601548442841
6201.925898338915,3.34214448928833,3.5649567776620845,0.22281228837375444
6205.9572871048,3.47343373298645,3.612811145393538,0.13937741240708768
6209.003925266687,3.5100200176239014,3.626119136480257,0.1160991188563556
6213.050813928476,3.4433228969573975,3.6015660691507785,0.15824317219338102
6216.08207383216,3.3767879009246826,3.573408417974853,0.19662051705017047
6220.1289061938405,3.3285460472106934,3.561562403277973,0.23301635606727977
6223.160219194655,3.279818296432495,3.5451702563248277,0.2653519598923326
6227.1912489571805,3.276904344558716,3.5454961323315235,0.2685917877728077
6230.222698878715,3.3246607780456543,3.560043611767477,0.23538283372182267
6234.269026108399,3.3805112838745117,3.579330775487377,0.19881949161286538
6237.300688207932,3.4145073890686035,3.5906960503015277,0.1761886612329242
6241.331935767437,3.51989483833313,3.6305035040567306,0.11060866572360073
6244.347487897929,3.5210280418395996,3.630341526661534,0.10931348482193437
6248.378718019041,3.4431610107421875,3.600711474768733,0.1575504640265457
6251.42570334984,3.4384663105010986,3.599080419611578,0.16061410911047957
6255.456824600031,3.3515336513519287,3.566138330968619,0.2146046796166905
6258.488006178806,3.2213776111602783,3.527269885556384,0.3058922743961059
6262.5193978569405,3.30134916305542,3.550069955512049,0.24872079245662926
6265.5349411053285,3.1988754272460938,3.519664855915459,0.32078942866936533
6269.581677117258,3.3414969444274902,3.5640252395193555,0.22252829509186522
6272.628558985598,3.3769497871398926,3.5759437013497712,0.19899391420987866
6276.675399101579,3.3856916427612305,3.5774601720839363,0.19176852932270583
6279.70663137651,3.441380262374878,3.5990851261746917,0.15770486379981374
6283.722028858705,3.3907101154327393,3.58018559253436,0.18947547710162072
6286.737972739054,3.3771116733551025,3.575043165694269,0.1979314923391664
6290.800206782231,3.2461462020874023,3.5343598476776035,0.28821364559020113
6293.8159628401845,3.359466075897217,3.5722287886884168,0.21276271279119996
6297.87836100678,3.3761403560638428,3.5781119811607147,0.20197162509687194
6300.909577417235,3.3814826011657715,3.578848274939743,0.1973656737739713
6304.940791353067,3.4336097240448,3.597335087831782,0.16372536378698221
6307.987661071173,3.424058675765991,3.593632393549709,0.169573717783718
6312.0345553669795,3.4015564918518066,3.5840939545330293,0.18253746268122262
6315.065764288793,3.4226016998291016,3.5949967772885394,0.17239507745943783
6319.112614189122,3.43247652053833,3.5980138713806804,0.16553735084235033
6322.159509781617,3.452712297439575,3.6049993803989775,0.1522870829594023
6326.2065281211,3.4936695098876953,3.6191136794769565,0.1254441695892612
6329.237521511575,3.346029758453369,3.5617034692110368,0.2156737107576676
6333.268397371117,3.3445727825164795,3.563504308928694,0.2189315264122147
6336.284393466405,3.2895314693450928,3.54553246707136,0.25600099772626717
6340.3312142793475,3.366750955581665,3.572398600665365,0.20564764508370015
6343.346818714999,3.321746826171875,3.5557309365564524,0.23398411038457745
6347.393686479787,3.3638370037078857,3.5714578118802933,0.20762080817240758
6350.409307682163,3.4561119079589844,3.6065958003390017,0.15048389238001736
6354.440489974251,3.4561119079589844,3.6050104444798787,0.14889853652089435
6357.471517198923,3.3646464347839355,3.5708236628659207,0.20617722808198513
6361.518604720561,3.314300060272217,3.554045874636297,0.23974581436408027
6364.518706323011,3.3151094913482666,3.554411249246308,0.23930175789804142
6368.549808606,3.392490863800049,3.581736724166059,0.1892458603660101
6371.565454128897,3.42859148979187,3.5947716311636904,0.16618014137182024
6375.6118127617265,3.4313435554504395,3.596070150466182,0.16472659501574238
6378.643485748347,3.3321075439453125,3.5596204432358594,0.22751289929054686
6382.690285017685,3.3648083209991455,3.570635532142907,0.20582721114376135
6385.721544214612,3.4234111309051514,3.5928294859863397,0.1694183550811883
6389.737379170441,3.404146671295166,3.584658989433826,0.1805123181386601
6392.784014605546,3.416773796081543,3.5901834456412187,0.17340964955967575
6396.830841789342,3.42859148979187,3.594784810162163,0.16619332037029277
6399.862036596034,3.404146671295166,3.5864250297239275,0.1822783584287615
6403.877718180207,3.4812042713165283,3.6145812657164225,0.13337699439989414
6406.908832200865,3.3976712226867676,3.5832335920022937,0.18556236931552617
6410.940067219162,3.3725788593292236,3.576458037404861,0.2038791780756375
6413.955861557381,3.3683698177337646,3.574902648446141,0.20653283071237638
6418.017819643854,3.4238967895507812,3.595390293638797,0.17149350408801567
6421.033871227213,3.3907101154327393,3.582397823142127,0.19168770770938792
6425.049424652469,3.3947572708129883,3.582782794342431,0.18802552352944257
6428.0806259503115,3.424868106842041,3.597265195667475,0.1723970888254338
6432.1274203575485,3.3274128437042236,3.558192429541209,0.2307795858369852
6435.158765092328,3.461130380630493,3.6098783475879,0.14874796695740677
6439.18991514419,3.5219993591308594,3.6299135179532405,0.10791415882238109
6442.2210115710695,3.437333106994629,3.5977405237651654,0.1604074167705365
6446.252339976752,3.4357142448425293,3.597674660394794,0.1619604155522647
6449.267553559785,3.2581257820129395,3.5348402356080433,0.2767144535951038
6453.314823470297,3.296330690383911,3.5538169702694313,0.2574862798855202
6456.3460622113125,3.2984352111816406,3.553268303875554,0.2548330926939135
6460.377134429491,3.21490216255188,3.532022758398087,0.3171205958462071
6463.424112166398,3.3437633514404297,3.568877356513495,0.22511400507306512
6467.455336683561,3.400099515914917,3.5856349659291,0.18553545001418303
6470.502156547609,3.415964365005493,3.5908902923058728,0.1749259273003796
6474.564684111199,3.4684152603149414,3.6106691028214106,0.14225384250646922
6477.61138996654,3.4013946056365967,3.5837825930935434,0.18238798745694673
6481.673954376827,3.412564754486084,3.5912711813117717,0.17870642682568771
6484.7052084459865,3.421468496322632,3.5944877761419125,0.17301927981928067
6488.752110255489,3.3316218852996826,3.562576936277032,0.23095505097734925
6491.783330535571,3.3479723930358887,3.568098962623536,0.2201265695876473
6495.830105003188,3.4260013103485107,3.5964029170649363,0.17040160671642557
6498.861381508184,3.4311816692352295,3.5971618388900617,0.1659801696548322
6502.892558156229,3.4303722381591797,3.596533994939181,0.1661617567800011
6505.9080706129935,3.526855945587158,3.6314112589051692,0.10455531331801104
6509.923767014039,3.4319908618927,3.5967965913090523,0.16480572941635208
6512.954976231591,3.4316670894622803,3.5966882089221928,0.1650211194599125
6517.001888792849,3.4316670894622803,3.596711756438614,0.1650446669763337
6520.033176114761,3.4318289756774902,3.5967800550085007,0.1649510793310105
6524.079987018045,3.43231463432312,3.596882461775159,0.1645678274520388
6527.126144578975,3.43247652053833,3.596965140258527,0.1644886197201969
6531.158049599548,3.43280029296875,3.59707549707936,0.16427520411061014
6534.189548016762,3.43312406539917,3.5971570310020353,0.1640329656028654
6538.220472492285,3.43344783782959,3.597261942434215,0.1638141046046253
6541.251691148329,3.3570377826690674,3.5675865154655044,0.21054873279643704
6545.298596095639,3.1630988121032715,3.514019396018594,0.35092058391532266
6548.345364200883,3.2152259349823,3.5276641498090253,0.3124382148267255
6552.392216838023,3.271885871887207,3.5446444720825196,0.2727586001953126
6555.439066220522,3.293416738510132,3.5504863128120894,0.25706957430195754
6559.4703749823275,3.4141836166381836,3.591608177134874,0.1774245604966902
6562.517211131897,3.4316670894622803,3.5976619695359213,0.16599488007364105
6566.548375609658,3.4507696628570557,3.601830563748365,0.1510609008913093
6569.579630084834,3.491726875305176,3.616015001079755,0.12428812577457915
6573.626470942658,3.42842960357666,3.593451247942141,0.16502164436548084
6576.657670345787,3.4232492446899414,3.5915999773819323,0.16835073269199086
6580.70452254183,3.4221160411834717,3.591761929217159,0.16964588803368752
6583.72011535857,3.4281058311462402,3.5939336809063986,0.1658278497601584
6587.766985729842,3.42875337600708,3.5942632799953524,0.16550990398827237
6590.813840941853,3.3986425399780273,3.583037865961968,0.1843953259839406
6594.845072727101,3.231414556503296,3.5315052843096097,0.30009072780631385
6597.87628932302,3.2874269485473633,3.5465009820460764,0.25907403349871316
6601.907411350137,3.354123830795288,3.571852991235553,0.2177291604402649
6604.938713824755,3.350400686264038,3.5686005555174893,0.21819986925345125
6608.985647052443,3.292283535003662,3.5510486748825607,0.2587651398788986
6612.001258976728,3.383263349533081,3.5802382788252194,0.19697492929213833
6616.04801545959,3.3436014652252197,3.567447422840824,0.22384595761560444
6619.063629704655,3.346191644668579,3.5698234771011395,0.22363183243256035
6623.110484000921,3.3814826011657715,3.5799271337453566,0.19844453257958516
6626.126204796132,3.3860154151916504,3.580152228496627,0.19413681330497656
6630.172873380263,3.453683614730835,3.605175118964942,0.15149150423410696
6633.204069805986,3.511476993560791,3.625946354185485,0.11446936062469382
6637.266240742123,3.4300484657287598,3.5932556034166185,0.16320713768785877
6640.29787170417,3.4260013103485107,3.593253693334277,0.16725238298576617
6644.344723393951,3.425677537918091,3.59340784330504,0.16773030538694922
6647.375469694554,3.4260013103485107,3.5935531190813914,0.16755180873288067
6651.3915460460885,3.4263250827789307,3.593751090069737,0.16742600729080648
6654.422868991653,3.4266488552093506,3.5938912605787845,0.1672424053694339
6658.485426775442,3.2783613204956055,3.5426882983562926,0.26432697786068715
6661.532135934005,3.099801540374756,3.501773813965861,0.4019722735911051
6665.563310817655,3.3970236778259277,3.5903728341209815,0.19334915629505378
6668.594577758853,3.524265766143799,3.630725503800903,0.10645973765710437
6672.641379048215,3.4187164306640625,3.591489337331172,0.17277290666710954
6675.672641017038,3.4188783168792725,3.5917022629683473,0.1728239460890748
6679.719489949959,3.420173406600952,3.5920686280049416,0.1718952214039895
6682.750713693662,3.420982837677002,3.592329309964015,0.17134647228701283
6686.797600385547,3.3614087104797363,3.5705449086315113,0.20913619815177498
6689.813213888763,3.268972158432007,3.5435433373790035,0.2745711789469967
6693.828777569535,3.3818063735961914,3.5781551687368767,0.19634879514068526
6696.859966757242,3.337935447692871,3.562497068354438,0.22456162066156704
6700.906818321713,3.2738285064697266,3.5462790590896676,0.272450552619941
6703.938030782341,3.3371260166168213,3.566236547356155,0.22911053073933374
6707.999999996497,3.3448965549468994,3.565698317514734,0.22080176256783446
6711.000529664168,3.38811993598938,3.5814245963956486,0.1933046604062687
6715.03176098326,3.392328977584839,3.5822227922726286,0.18989381468778976
6718.047424140041,3.4149930477142334,3.589206973243489,0.1742139255292554
6722.078628767707,3.469386577606201,3.6163614515571973,0.14697487395099618
6725.1098043214915,3.4232492446899414,3.590974274834789,0.1677250301448474
6729.172344265891,3.4183926582336426,3.5911695360448057,0.17277687781116313
6732.187985703622,3.4188783168792725,3.5913777567173097,0.17249943983803728
6736.234708347278,3.4196877479553223,3.591654582108341,0.17196683415301894
6739.250304176516,3.392652750015259,3.5807156582692654,0.18806290825400662
6743.297238632254,3.4156405925750732,3.5897611687968074,0.17412057622173416
6746.328398792735,3.3866629600524902,3.5796775937673417,0.1930146337148515
6750.359734045458,3.3107385635375977,3.5536370316208794,0.24289846808328175
6753.390973643614,3.412726640701294,3.5894011232731993,0.17667448257190532
6757.437671896569,3.206160306930542,3.522717453207169,0.3165571462766268
6760.453331023324,3.2076172828674316,3.5318124713203245,0.32419518845289286
6764.48410078384,3.2828941345214844,3.549807575009421,0.2669134404879365
6767.484839386441,3.350076913833618,3.571566677559062,0.22148976372544382
6771.51579954075,3.3646464347839355,3.5730357705669915,0.20838933578305596
6774.547014487558,3.3656177520751953,3.5734406342343257,0.20782288215913036
6778.593276976135,3.337773561477661,3.565662137256628,0.22788857577896682
6781.60944426242,3.3324313163757324,3.5645103335628736,0.2320790171871412
6785.640618735051,3.2579638957977295,3.5404840748303954,0.2825201790326659
6788.65624830826,3.119551420211792,3.5036666162345034,0.3841151960227114
6792.718321360819,3.5587475299835205,3.638897842889807,0.08015031290628638
6795.734427369614,3.515685796737671,3.623448862197123,0.10776306545945191
6799.764997668783,3.4135360717773438,3.5878697526150765,0.1743336808377327
6802.781165285891,3.413050413131714,3.588015621802337,0.17496520867062326
6806.827168449145,3.4135360717773438,3.5883615152302752,0.1748254434529315
6809.843594369035,3.4141836166381836,3.588632308737997,0.1744486920998134
6813.889976129409,3.4149930477142334,3.5889807595720464,0.17398771185781303
6816.905876270917,3.4154787063598633,3.5892237177644275,0.17374501140456422
6820.921703166699,3.416126251220703,3.5895229408369764,0.1733966896162733
6823.967908115545,3.416611909866333,3.5897317403433355,0.17311983047700252
6827.999714390397,3.2419371604919434,3.533812963892988,0.29187580340104446
6831.015068974299,3.247765064239502,3.539118419883196,0.291353355643694
6835.062176220024,3.267838954925537,3.548640909461663,0.280801954536126
6838.09338977838,3.3562283515930176,3.587959152352673,0.23173080075965524
6842.1397592231115,3.409003257751465,3.591137218958013,0.182133961206548
6845.171437131983,3.4340953826904297,3.6001499079445183,0.1660545252540886
6849.218193705074,3.444456100463867,3.602386525678898,0.15793042521503065
6852.233889117117,3.4111077785491943,3.58888246860658,0.17777469005738578
6856.264819161497,3.4106221199035645,3.58906177148933,0.17843965158576536
6859.03073305183,3.4112696647644043,3.589222661590715,0.17795299682631072
6863.048773441569,3.412079095840454,3.5894551965149724,0.17737610067451826
6866.079946719688,3.412888526916504,3.58962252527129,0.17673399835478598
6870.111230624632,3.4136979579925537,3.5898306402514635,0.17613268225890977
6873.142303462817,3.4141836166381836,3.5899758615003474,0.17579224486216383
6877.173205948617,3.4146692752838135,3.590154626971078,0.1754853516872643
6880.204655749851,3.3361546993255615,3.558725627852656,0.22257092852709448
6884.252134379749,3.1964471340179443,3.5233281504031297,0.3268810163851854
6887.283136321505,3.296492576599121,3.5545810377878206,0.25808846118869955
6891.329168707482,3.3244988918304443,3.5691497724471377,0.24465088061669338
6894.345402709787,3.404308557510376,3.5904678871654463,0.18615932965507032
6898.407913025458,3.465825080871582,3.6098996154740783,0.1440745346024963
6901.43901801364,3.358494758605957,3.57219696309226,0.21370220448630306
6905.470329973403,3.1637463569641113,3.519006423929899,0.3552600669657875
6908.51719274923,3.3683698177337646,3.58149969770162,0.21312987996785537
6913.032461491835,3.462263584136963,3.6092250555539103,0.14696147141694738
6916.048471917777,3.226234197616577,3.5314772553374665,0.30524305772088933
6920.094645129189,3.2581257820129395,3.5555514620683484,0.2974256800554089
6923.110823402822,3.3685317039489746,3.585686356086417,0.21715465213744256
6927.157289543175,3.3521811962127686,3.5768144184571646,0.22463322224439608
6930.15803095276,3.292283535003662,3.551580277319739,0.259296742316077
6934.188434727541,3.3892531394958496,3.5878994413764858,0.19864630188063614
6937.220273431543,3.264601230621338,3.5459023600679527,0.2813011294466148
6941.251732196626,3.264439344406128,3.545013642474876,0.280574298068748
6944.2983816466,3.2081029415130615,3.537354817021888,0.3292518755088265
6948.34517594858,3.259097099304199,3.5499481886939614,0.29085108938976223
6951.376454062574,3.329355478286743,3.568802773074861,0.23944729478811766
6955.392020961361,3.3612468242645264,3.583113275987891,0.22186645172336483
6958.438830404473,3.289369583129883,3.552780583177318,0.263411000047435
6962.485234114472,3.2874269485473633,3.5579915883718978,0.2705646398245345
6965.516428434959,3.3863391876220703,3.587550355689803,0.20121116806773287
6969.548270137962,3.227367401123047,3.541336345501228,0.313968944378181
6972.56395185092,3.25650691986084,3.5530084016154304,0.29650148175459057
6976.595033738151,3.5508151054382324,3.64092722297627,0.0901121175380375
6979.625466809295,3.5059728622436523,3.6248964215193338,0.11892355927568143
6983.657440976938,3.396699905395508,3.5871510572033047,0.19045115180779693
6986.688748228444,3.395242929458618,3.586959527975158,0.19171659851653988
6990.720057280971,3.395242929458618,3.586963672920903,0.19172074346228474
6993.7355467405105,3.395404815673828,3.5870312060404212,0.19162639036659312
6997.751098441473,3.396214246749878,3.587152770339464,0.19093852358958596
7000.7823685455405,3.3968617916107178,3.5872547578988785,0.19039296628816071
7004.813502888304,3.3973474502563477,3.5873930119128996,0.19004556165655195
7007.844193560482,3.3978331089019775,3.5874955298368993,0.1896624209349218
7011.876066601471,3.3986425399780273,3.5876272021874587,0.18898466220943133
7014.922816481365,3.3991281986236572,3.5877222884078375,0.18859408978418024
7018.953468549011,3.399775743484497,3.587841721708381,0.18806597822388404
7021.969113445346,3.400261402130127,3.587926286952218,0.18766488482209098
7025.9853402562985,3.2034082412719727,3.5300716594378434,0.32666341816587074
7029.016455630321,2.9743399620056152,3.4902104529852496,0.5158704909796343
7033.047130680159,3.1702218055725098,3.5396461557737857,0.36942435020127595
7036.063452029826,3.2958450317382812,3.5539746272335933,0.258129595495312
7040.109469929754,3.152899980545044,3.5129134844511363,0.3600135039060923
7043.12586901286,3.425515651702881,3.595889569540303,0.17037391783742217
7047.187634209324,3.2942261695861816,3.545597363700277,0.25137119411409525
7050.21952094285,3.1019060611724854,3.499484120652169,0.3975780594796836
7054.250786226461,2.7716591358184814,3.465634303224839,0.6939751674063577
7057.297494462731,2.6890974044799805,3.4610284823742856,0.7719310778943052
7061.188114766715,2.4988815784454346,3.456092246062117,0.9572106676166823
