time_s,voltage_exp_V,voltage_sim_V,residual_V
0.0,0.0824038908,0.10980972659486228,0.027405835794862277
59.99900000001071,0.0966956839,0.11647118124054966,0.01977549734054966
129.9990000000107,0.1093002856,0.11679096857874176,0.007490682978741753
209.9990000000107,0.1107856184,0.11705016933885855,0.006264550938858554
279.9990000000107,0.1114801168,0.11719151116664159,0.005711394366641587
359.9990000000107,0.1120612025,0.11727414034340568,0.0052129378434056795
429.9990000000107,0.1124718189,0.11728176124522981,0.004809942345229801
509.9990000000107,0.1129113585,0.11729847314921053,0.00438711464921053
579.9990000000107,0.1132307947,0.11725767627080898,0.0040268815708089795
649.9990000000107,0.1134968847,0.11722342630108626,0.003726541601086264
729.9990000000107,0.1137874275,0.11715262371983841,0.0033651962198384122
799.9990000000107,0.1140431464,0.11710650990758177,0.003063363507581768
879.9990000000107,0.1142677218,0.1169677594811926,0.0027000376811926047
949.9990000000107,0.1144448668,0.11689490788079043,0.00245004108079043
1029.9990000000107,0.1146568358,0.11680653849438967,0.002149702694389674
1099.9990000000107,0.1147717237,0.1167376675207347,0.0019659438207347
1169.9990000000107,0.1149229258,0.11665749266099384,0.0017345668609938386
1249.9990000000107,0.115021497,0.1165356964575038,0.0015141994575038065
1319.9990000000107,0.1151504666,0.11645365663001897,0.0013031900300189692
1399.9990000000107,0.1152082831,0.11633409306526082,0.0011258099652608211
1469.9990000000107,0.1152987182,0.11625724269941759,0.0009585244994175929
1549.9990000000107,0.1153202057,0.11617360679754232,0.0008534010975423251
1619.9990000000107,0.1153557897,0.11611904822158768,0.0007632585215876786
1689.9990000000107,0.1154150814,0.11604072774531916,0.0006256463453191696
1769.9990000000107,0.1153780222,0.11593383901434276,0.0005558168143427605
1839.9990000000107,0.1153928488,0.11586117345735386,0.000468324657353858
1919.9990000000107,0.1154143363,0.11579904921251918,0.0003847129125191806
1989.9990000000107,0.1153913587,0.11571253463644035,0.0003211759364403488
2069.9990000000107,0.1153305918,0.11565142572059002,0.0003208339205900135
2139.9990000000107,0.1152809262,0.11556734848578765,0.00028642228578765194
2209.9990000000107,0.1152720302,0.11549515069147247,0.00022312049147246715
2289.9990000000107,0.115261659,0.11542732491231204,0.00016566591231204075
2359.9990000000107,0.115189746,0.11537870526989234,0.00018895926989234701
2439.9990000000107,0.1151297092,0.11532301454398027,0.00019330534398026566
2509.9990000000107,0.1151059866,0.11526538822087191,0.0001594016208719129
2589.9990000000107,0.1150163114,0.11519837104654346,0.00018205964654345597
2659.9990000000107,0.1149673909,0.11513966350315032,0.00017227260315032245
2729.9990000000107,0.1149132848,0.11509113176812466,0.00017784696812465917
2809.9990000000107,0.1148406565,0.1150284918898466,0.00018783538984659676
2879.9990000000107,0.1148213744,0.11496117628728385,0.00013980188728385246
2959.9990000000107,0.1147628278,0.11490890923587442,0.00014608143587442612
3029.9990000000107,0.1146894544,0.11487013698468816,0.00018068258468816045
3109.9990000000107,0.1146620214,0.11483429399087536,0.00017227259087536362
3179.9990000000107,0.114623487,0.11477974586014136,0.00015625886014136725
3249.9990000000107,0.1145397276,0.11471583902139476,0.000176111421394759
3329.9990000000107,0.114473775,0.11468333376784123,0.00020955876784123362
3399.9990000000107,0.114447087,0.1146204510033197,0.00017336400331970092
3479.9990000000107,0.1143655628,0.11456804633349776,0.00020248353349776316
3549.9990000000107,0.1143084913,0.11454597306664815,0.00023748176664815934
3629.9990000000107,0.1142365932,0.11452354410014357,0.00028695090014356495
3699.9990000000107,0.1142180562,0.11448050776273647,0.0002624515627364654
3769.9990000000107,0.1141602546,0.11444743685669334,0.0002871822566933441
3849.9990000000107,0.1141128093,0.11438554425424262,0.0002727349542426122
3919.9990000000107,0.1140720546,0.11434603687736863,0.000273982277368634
3999.9990000000107,0.1140201688,0.11432442596527788,0.00030425716527787694
4069.9990000000107,0.1139653176,0.11430925126078195,0.00034393366078194765
4149.999000000011,0.1139408648,0.11423442074770927,0.00029355594770927307
4219.999000000011,0.1138956398,0.11420672391645874,0.0003110841164587347
4289.999000000011,0.1138481945,0.11417859387097451,0.0003303993709745101
4369.999000000011,0.1138304174,0.11413389762679305,0.0003034802267930514
4439.999000000011,0.1137837172,0.11408232467979273,0.0002986074797927396
4519.999000000011,0.1137036681,0.1140186231090792,0.0003149550090792014
4589.999000000011,0.1136777252,0.1140145053959674,0.00033678019596740383
4669.999000000011,0.1136399359,0.11399997123428449,0.00036003533428448364
4739.999000000011,0.1135991663,0.11396926901936139,0.00037010271936138706
4809.999000000011,0.1135917455,0.1139570203270529,0.00036527482705291103
4889.999000000011,0.1135361642,0.11393148991226565,0.00039532571226565116
4959.999000000011,0.11349985,0.11388768642706316,0.0003878364270631651
5039.999000000011,0.1134605706,0.11384942807815929,0.0003888574781592824
5109.999000000011,0.1134338826,0.1138417733417017,0.000407890741701708
5189.999000000011,0.1134071946,0.1137931145528605,0.0003859199528604973
5259.999000000011,0.1133560538,0.11375949164478415,0.0004034378447841519
5339.999000000011,0.1133345664,0.11373122890553948,0.00039666250553947735
5409.999000000011,0.1133100986,0.11371201934816108,0.0004019207481610748
5479.999000000011,0.113252297,0.11369585140017271,0.0004435544001727132
5559.999000000011,0.1132396907,0.11368934609739378,0.0004496553973937778
5629.999000000011,0.1132218987,0.11365991421598746,0.000438015515987461
5709.999000000011,0.1131351888,0.11363251168330638,0.0004973228833063809
5779.999000000011,0.1131737232,0.11361925489913031,0.0004455316991303082
5859.999000000011,0.1131248176,0.11359559284698374,0.0004707752469837456
5929.999000000011,0.1130936742,0.11355741783756113,0.00046374363756113146
5999.999000000011,0.1130469888,0.11354038313732283,0.0004933943373228306
6079.999000000011,0.1130462438,0.11352107402318067,0.0004748302231806639
6149.999000000011,0.1129906625,0.11349171544330944,0.0005010529433094324
6229.999000000011,0.1129587889,0.11348758271233145,0.0005287938123314517
6299.999000000011,0.1129402518,0.11345936726705828,0.0005191154670582815
6379.999000000011,0.1129321009,0.1134388003499919,0.0005066994499919042
6449.999000000011,0.1128928214,0.113431983522972,0.0005391621229720034
6519.999000000011,0.1128579825,0.11343461954127773,0.0005766370412777361
6599.999000000011,0.1128402054,0.1134319753373719,0.0005917699373718943
6669.999000000011,0.1127994359,0.11340973582271949,0.0006102999227194927
6750.0,0.1127860993,0.11337659937367159,0.0005905000736715904
6820.0,0.1127645969,0.11335202930246463,0.0005874324024646299
6900.0,0.1127445847,0.11334584499907166,0.0006012602990716626
6970.0,0.112756446,0.11332145004027623,0.0005650040402762346
7040.0,0.1127134562,0.11330650711244394,0.0005930509124439376
7120.0,0.1127171665,0.1132968574543449,0.0005796909543449025
7190.0,0.112694934,0.11328844971277503,0.0005935157127750362
7270.0,0.1126845479,0.1132580337588595,0.000573485858859496
7340.0,0.1126712114,0.11324367103763551,0.0005724596376355112
7420.0,0.112604484,0.11324533672745064,0.0006408527274506387
7490.0,0.1126393378,0.1132495425450841,0.0006102047450840947
7560.0,0.1126185805,0.11323684843339582,0.0006182679333958246
7640.0,0.1125896722,0.1131997021788496,0.0006100299788495966
7710.0,0.1125540882,0.11318683859459273,0.0006327503945927349
7790.0,0.1125466824,0.11316080328063793,0.0006141208806379334
7860.0,0.1125496477,0.11312588468605432,0.0005762369860543154
7940.0,0.1125370413,0.11312367656456082,0.0005866352645608197
8010.0,0.1124962717,0.11312414472315893,0.0006278730231589341
8080.0,0.1124992371,0.11310761847459179,0.0006083813745917932
8160.0,0.1124836802,0.11307135812768139,0.0005876779276813848
8230.0,0.1124940515,0.11303444830574894,0.0005403968057489383
8310.0,0.1124681085,0.11302302036572291,0.0005549118657229152
8380.0,0.1124414355,0.11301997463388129,0.000578539133881284
8460.0,0.1124480963,0.11300910092757263,0.0005610046275726366
8530.0,0.1124110371,0.11299534742954448,0.0005843103295444796
8600.0,0.1124214232,0.11298415037484179,0.0005627271748417928
8680.0,0.1124021411,0.11298139362872982,0.0005792525287298123
8750.0,0.1124103069,0.11295812385677238,0.0005478169567723762
8830.0,0.1123591661,0.11293113834875529,0.0005719722487552842
8900.0,0.1123680472,0.11292029854175896,0.0005522513417589581
8980.0,0.1123717576,0.11293078404478536,0.0005590264447853655
9050.0,0.1123673171,0.11291985049268763,0.0005525333926876264
9120.0,0.1123465598,0.1128930336771644,0.0005464738771644023
9200.0,0.1123191416,0.11286708698575111,0.0005479453857511057
9270.0,0.1123228371,0.11287167613770013,0.0005488390377001301
9350.0,0.1123117208,0.11287398262645722,0.0005622618264572166
9420.0,0.1123013496,0.11285703362864957,0.0005556840286495696
9500.0,0.1122761518,0.11283584707695583,0.0005596952769558322
9570.0,0.1122843027,0.11281986379680253,0.0005355610968025282
9640.0,0.1122309417,0.11280221168307612,0.0005712699830761198
9720.0,0.112233907,0.11281417303300244,0.000580266033002444
9790.0,0.1122131497,0.11280571737627895,0.0005925676762789517
9870.0,0.1121990681,0.11279314388879093,0.0005940757887909348
9940.0,0.1121746004,0.11279090928009837,0.0006163088800983652
10020.0,0.1121560782,0.11277208365663037,0.0006160054566303752
10090.0,0.1121405065,0.11275094532314232,0.000610438823142323
10170.0,0.1121575534,0.11274122912815615,0.0005836757281561522
10240.0,0.1121464372,0.11273193900010527,0.000585501800105262
10310.0,0.1121419966,0.11271108468232423,0.0005690880823242261
10390.0,0.1121056825,0.11270716594868078,0.0006014834486807868
10460.0,0.1121204942,0.11271171850275895,0.0005912243027589442
10540.0,0.1121027172,0.11271435588417823,0.0006116386841782395
10610.0,0.1120723188,0.1127075067382761,0.000635187938276105
10690.0,0.1120626926,0.11267676578379221,0.0006140731837922103
10760.0,0.1120797396,0.11267451698722808,0.0005947773872280737
10830.0,0.1120500863,0.1126630641745215,0.0006129778745214975
10910.0,0.1120560169,0.11265942949319588,0.0006034125931958789
10980.0,0.1120411903,0.11267208896378973,0.0006308986637897362
11060.0,0.11203897,0.11264775218558137,0.0006087821855813719
11130.0,0.1120241433,0.11266112332877204,0.0006369800287720356
11210.0,0.1120115519,0.11266193176158287,0.0006503798615828671
11280.0,0.1119848639,0.11264898624392115,0.0006641223439211585
11350.0,0.1119915396,0.11263436689237266,0.0006428272923726663
11430.0,0.1119907945,0.11260029939336362,0.000609504893363616
11500.0,0.1119641066,0.1125912045781393,0.0006270979781392988
11580.0,0.1119863391,0.11259883151332967,0.0006124924133296683
11650.0,0.1119633764,0.11260707720068708,0.0006437008006870831
11730.0,0.111977458,0.11257066955448775,0.0005932115544877437
11800.0,0.111968562,0.11259712437643728,0.0006285623764372833
11870.0,0.1119396538,0.11259868586837932,0.0006590320683793199
11950.0,0.1119433641,0.11258660193153848,0.0006432378315384818
12020.0,0.1119211167,0.11258007720705493,0.0006589605070549259
12100.0,0.1119351983,0.11258628336468937,0.0006510850646893745
12170.0,0.1119344682,0.11255694480782913,0.0006224766078291311
12250.0,0.1119114906,0.11255259810603752,0.0006411075060375193
12320.0,0.111906305,0.11255542839446254,0.0006491233944625474
12390.0,0.1119300127,0.11252545742350002,0.0005954447235000243
12470.0,0.1118781418,0.11254014001510794,0.0006619982151079423
12540.0,0.111906305,0.11252609070791346,0.0006197857079134617
12620.0,0.1118685007,0.1125200979694867,0.0006515972694867006
12690.0,0.111879617,0.11253218152672131,0.0006525645267213137
12770.0,0.1118677557,0.11251221166890726,0.0006444559689072621
12840.0,0.1118877679,0.11250836296605883,0.0006205950660588266
12910.0,0.1118581295,0.11251140068673773,0.0006532711867377333
12990.0,0.111879617,0.11251260823148923,0.00063299123148923
13060.0,0.1118729413,0.11250043784230218,0.0006274965423021805
13140.0,0.1118314415,0.11247754314684652,0.0006461016468465169
13210.0,0.1118551642,0.11247231585334466,0.0006171516533446664
13290.0,0.1118558943,0.11247919604839976,0.0006233017483997655
13360.0,0.1118299514,0.1124824814875613,0.0006525300875613038
13430.0,0.1118136495,0.11245120628960618,0.0006375567896061834
13510.0,0.1118403375,0.11248759469030052,0.0006472571903005236
13580.0,0.1118284762,0.11250133213738238,0.00067285593738238
13660.0,0.1118255109,0.11249760209436178,0.0006720911943617902
13730.0,0.1117988229,0.11248257326204868,0.0006837503620486796
13810.0,0.1118306965,0.11247403928552437,0.0006433427855243729
13880.0,0.1117832661,0.11248996143248194,0.0007066953324819381
13950.0,0.1118017882,0.1124736473065692,0.0006718591065691948
14030.0,0.1118084639,0.1124481000363383,0.0006396361363383007
14100.0,0.1117669642,0.11246118043260046,0.0006942162326004642
14180.0,0.1117751151,0.11244794935533838,0.0006728342553383726
14250.0,0.1117906719,0.11242849347787606,0.0006378215778760632
14330.0,0.1117610335,0.11243550582377604,0.000674472323776043
14400.0,0.1117551029,0.11245386271561082,0.0006987598156108221
14470.0,0.1117980927,0.11242275873616855,0.0006246660361685502
14550.0,0.1117810458,0.11243915636533865,0.0006581105653386404
14620.0,0.1117536128,0.11243022152319916,0.0006766087231991624
14700.0,0.1117810458,0.11241776554594496,0.0006367197459449525
14770.0,0.1117840111,0.11242690731422904,0.0006428962142290412
14850.0,0.1117758453,0.11240981146762637,0.0006339661676263708
14920.0,0.1117654741,0.1124096663045941,0.0006441922045941073
15000.0,0.1117261946,0.11242393063705007,0.0006977360370500757
15070.0,0.1117254496,0.11243573102351957,0.0007102814235195737
15140.0,0.1117380559,0.11242686544094005,0.0006888095409400552
15220.0,0.1117899418,0.11239300880252737,0.000603067002527366
15290.0,0.1117943823,0.11240217112207054,0.0006077888220705485
15370.0,0.1117699295,0.11240685578517705,0.0006369262851770446
15440.0,0.1117462069,0.11239118747528876,0.0006449805752887505
15520.0,0.1117587984,0.11240342992438898,0.0006446315243889833
15590.0,0.1117625087,0.11238941840676449,0.0006269097067644891
15660.0,0.1117424965,0.11239074002304071,0.0006482435230407146
15740.0,0.1117491722,0.11240136706846947,0.0006521948684694717
15810.0,0.1117669642,0.11240715621821182,0.0006401920182118187
15890.0,0.1117091477,0.11238686421469753,0.0006777165146975295
15960.0,0.1117187887,0.11239202331452366,0.0006732346145236628
16040.0,0.1117180437,0.11240119107335869,0.0006831473733586862
16110.0,0.1117380559,0.11240106047676227,0.0006630045767622716
16180.0,0.1117484272,0.11238348630749193,0.0006350591074919254
16260.0,0.1117150784,0.11238237867294262,0.0006673002729426225
16330.0,0.111721009,0.11239351454027795,0.0006725055402779512
16410.0,0.1117187887,0.11239786998707958,0.0006790812870795804
16480.0,0.1117469519,0.11238875159190762,0.000641799691907613
16560.0,0.111729905,0.11239298148473001,0.0006630764847300047
16630.0,0.1117476821,0.11239819812212692,0.000650516022126929
16700.0,0.1117417514,0.112389678979699,0.0006479275796989897
16780.0,0.1117046922,0.11237822788261989,0.000673535682619894
16850.0,0.1117054373,0.11238724602688994,0.0006818087268899431
16930.0,0.111729905,0.11238385116602315,0.0006539461660231422
17000.0,0.1117350906,0.11237162710318595,0.0006365365031859443
17080.0,0.1117284149,0.11237597290325517,0.0006475580032551664
17150.0,0.111702472,0.11239088600272375,0.0006884140027237501
17220.00100000002,0.111721009,0.11237789177837296,0.0006568827783729608
17300.00100000002,0.1117165536,0.11239097299387779,0.000674419393877787
17370.00100000002,0.1117269397,0.11240046431363843,0.0006735246136384265
17450.00100000002,0.1116995066,0.1124057169034747,0.0007062103034747025
17520.00100000002,0.1117432415,0.11240578864180072,0.0006625471418007095
17600.00100000002,0.1117387861,0.11240774779268088,0.0006689616926808806
17670.00100000002,0.1116913557,0.11238517501769356,0.0006938193176935642
17740.00100000002,0.1117084026,0.11237597396709054,0.0006675713670905303
17820.00100000002,0.1116972864,0.11238110704266105,0.000683820642661051
17890.00100000002,0.1116980314,0.1123925316081521,0.0006945002081521073
17970.00100000002,0.1117313802,0.11238980259753048,0.0006584223975304865
18040.00100000002,0.1116972864,0.11238638952859023,0.0006891031285902322
18120.00100000002,0.1117402762,0.11240496693820339,0.0006646907382033829
18190.00100000002,0.1117098927,0.11242787664532158,0.0007179839453215903
18260.00100000002,0.1117276698,0.11239422360581067,0.0006665538058106685
18340.00100000002,0.111720264,0.1123909954390204,0.0006707314390203972
18410.00100000002,0.1117269397,0.11239734327398064,0.0006704035739806408
18490.00100000002,0.1117076576,0.11240347812199968,0.0006958205219996794
18560.00100000002,0.1117387861,0.11240195846610027,0.0006631723661002648
18640.00100000002,0.1117158234,0.11241484429589217,0.0006990208958921745
18710.00100000002,0.111729905,0.11240820533440214,0.0006783003344021377
18780.00100000002,0.1117336005,0.11240389868232539,0.0006702981823253906
18860.00100000002,0.1117106229,0.11240824821751903,0.0006976253175190322
18930.00100000002,0.1117454618,0.11241836095226557,0.0006728991522655658
19010.00100000002,0.1117476821,0.11241115305263434,0.0006634709526343457
19080.00100000002,0.1117573231,0.11242248666870816,0.0006651635687081603
19160.00100000002,0.111720264,0.1124367069858998,0.0007164429858998039
19230.00100000002,0.1117536128,0.11243662769337871,0.0006830148933787139
19300.00100000002,0.1117676944,0.11241916158677212,0.0006514671867721145
19380.00100000002,0.1117565781,0.11242466074788197,0.0006680826478819707
19450.00100000002,0.1117373109,0.11242321828932034,0.0006859073893203393
19530.00100000002,0.1117684394,0.11241964814901093,0.0006512087490109231
19600.00100000002,0.1117350906,0.11242383340988302,0.000688742809883014
19680.00100000002,0.1117343456,0.11244866314862556,0.0007143175486255537
19750.00100000002,0.1117684394,0.11244943666324039,0.0006809972632403904
19830.00100000002,0.1117373109,0.1124399423166122,0.0007026314166121983
19900.00100000002,0.1117336005,0.11243788738276907,0.0007042868827690646
19970.00100000002,0.1117417514,0.11246362438051198,0.0007218729805119756
20050.00100000002,0.1117587984,0.11245626605810137,0.0006974676581013722
20120.00100000002,0.1117350906,0.11246192472341253,0.0007268341234125258
20200.00100000002,0.1117484272,0.11247135605425984,0.0007229288542598411
20270.00100000002,0.1117617637,0.1124739056207845,0.0007121419207845037
20350.00100000002,0.1117462069,0.11247544844851447,0.0007292415485144615
20420.00100000002,0.1117676944,0.1124555149031267,0.0006878205031266987
20490.00100000002,0.1117639989,0.1124565937132094,0.0006925948132094073
20570.00100000002,0.1117610335,0.11247511403147475,0.0007140805314747589
20640.00100000002,0.1117928922,0.11248482821149572,0.0006919360114957251
20720.00100000002,0.1117973477,0.11249767399879003,0.0007003262987900355
20790.00100000002,0.1117617637,0.11248902218863442,0.0007272584886344191
20870.00100000002,0.1117758453,0.11248999683142175,0.00071415153142175
20940.00100000002,0.1117847413,0.11250424279858147,0.0007195014985814652
21010.00100000002,0.1118017882,0.1125001019292693,0.0006983137292693037
21090.00100000002,0.1117840111,0.11251567489601098,0.0007316637960109867
21160.00100000002,0.1117884517,0.11251334069826469,0.0007248889982646861
21240.00100000002,0.111800313,0.11251182956896214,0.0007115165689621367
21310.00100000002,0.1118314415,0.11252322526335527,0.0006917837633552693
21390.00100000002,0.1118284762,0.11253195542193915,0.0007034792219391545
21460.00100000002,0.1118306965,0.11254187582057493,0.0007111793205749339
21530.00100000002,0.1118203253,0.11254380466983471,0.0007234793698347175
21610.00100000002,0.1118195802,0.112544927054583,0.0007253468545829894
21680.00100000002,0.1118299514,0.11256158049071939,0.0007316290907193879
21760.00100000002,0.1118433028,0.1125762598405118,0.0007329570405117947
21830.00100000002,0.1118418127,0.11256669998039744,0.0007248872803974349
21910.00100000002,0.1118351519,0.11257590001924986,0.0007407481192498594
21980.00100000002,0.1118388474,0.11260560515425848,0.0007667577542584819
22050.00100000002,0.111871466,0.11260558356937043,0.0007341175693704322
22130.00100000002,0.1118670106,0.11258786435391295,0.0007208537539129534
22200.00100000002,0.111861825,0.11259723052940972,0.0007354055294097189
22280.00100000002,0.1118677557,0.1126221917396082,0.0007544360396082028
22350.00100000002,0.1118833274,0.11263039295961375,0.0007470655596137493
22430.00100000002,0.1118699759,0.1126048030968993,0.0007348271968992959
22500.00100000002,0.1118492335,0.11263452077618227,0.0007852872761822671
22570.00100000002,0.111888513,0.11265864116004394,0.0007701281600439452
22650.00100000002,0.111879617,0.11265845690340398,0.00077883990340398
22720.00100000002,0.1118766516,0.11264540511889562,0.0007687535188956179
22800.00100000002,0.1118899882,0.11266803262476226,0.0007780444247622587
22870.00100000002,0.1119025946,0.1126565994369515,0.0007540048369514968
22950.00100000002,0.1119218618,0.11265780031324525,0.0007359385132452573
23020.00100000002,0.1119277924,0.11268450816550309,0.0007567157655030826
23090.00100000002,0.1119255722,0.11269313046172376,0.0007675582617237553
23170.00100000002,0.1119203866,0.11271029754584716,0.0007899109458471554
23240.00100000002,0.1119470596,0.11270672519814419,0.0007596655981441935
23320.00100000002,0.1119337231,0.11269805385043119,0.0007643307504311969
23390.00100000002,0.1119448394,0.1127104472884895,0.0007656078884895057
23470.00100000002,0.1119841188,0.11274903747089061,0.0007649186708906103
23540.00100000002,0.1119648516,0.11273420044835714,0.0007693488483571376
23610.00100000002,0.1119937599,0.11272879502036784,0.0007350351203678357
23690.00100000002,0.1119767129,0.1127502478428859,0.0007735349428859006
23760.00100000002,0.1119804233,0.11276265035016977,0.0007822270501697676
23840.00100000002,0.1120115519,0.11277883004244797,0.0007672781424479663
23910.00100000002,0.1120256335,0.11279475402422667,0.0007691205242266741
23990.00100000002,0.1120034009,0.11280404253166075,0.0008006416316607562
24060.00100000002,0.1120137721,0.1128018465242895,0.0007880744242894921
24130.00100000002,0.1120523065,0.11283296238595193,0.000780655885951928
24210.00100000002,0.1120174825,0.11283235228581084,0.0008148697858108428
24280.00100000002,0.1120508313,0.11283263852120633,0.0007818072212063265
24360.00100000002,0.1120367497,0.11284325350920746,0.000806503809207465
24430.00100000002,0.1120530516,0.1128490595075451,0.0007960079075451099
24510.00100000002,0.1120797396,0.11286313637624613,0.0007833967762461286
24580.00100000002,0.1120678782,0.11287734941349938,0.000809471213499377
24650.00100000002,0.1120967865,0.11288820131086538,0.000791414810865379
24730.00100000002,0.1120723188,0.1128943902582007,0.0008220714582006933
24800.00100000002,0.1121219844,0.11290657417117395,0.0007845897711739463
24880.00100000002,0.1120945513,0.11292156434695706,0.0008270130469570647
24950.00100000002,0.1121382862,0.1129353753843253,0.000797089184325292
25030.00100000002,0.1121316105,0.11294717501468003,0.0008155645146800256
25100.00100000002,0.112127915,0.11295276031452503,0.0008248453145250356
25180.00100000002,0.1121264249,0.11297765402483573,0.000851229124835734
25250.00100000002,0.1121657044,0.11297055494564881,0.0008048505456488136
25320.00100000002,0.1121545881,0.11297009921044035,0.0008155111104403562
25400.00100000002,0.1121820211,0.11298490483640279,0.0008028837364027902
25470.00100000002,0.1121909171,0.11300687450624913,0.0008159574062491376
25550.00100000002,0.1122138947,0.11300763308208858,0.0007937383820885852
25620.00100000002,0.1122272313,0.1130339517544684,0.0008067204544684042
25700.00100000002,0.1121998131,0.11306462498531182,0.000864811885311817
25770.00100000002,0.1122487187,0.11307543171523855,0.0008267130152385532
25840.00100000002,0.1122450233,0.11306342666116326,0.0008184033611632613
25920.00100000002,0.112259835,0.1130912470644906,0.000831412064490597
25990.00100000002,0.1122613251,0.11310551632539863,0.0008441912253986245
26070.00100000002,0.1122850478,0.1131100257381889,0.0008249779381889061
26140.00100000002,0.1122843027,0.11312250638646709,0.0008382036864670872
26220.00100000002,0.112295419,0.11313075248387786,0.000835333483877862
26290.00100000002,0.1123020947,0.11315618066779444,0.0008540859677944462
26360.00100000002,0.1123161763,0.11317706298392233,0.0008608866839223267
26440.00100000002,0.1123324782,0.11318943736374694,0.000856959163746937
26510.00100000002,0.1123421192,0.11321437325309978,0.0008722540530997774
26590.00100000002,0.1123606414,0.11319659829801659,0.0008359568980165905
26660.00100000002,0.1123806536,0.11319505684067219,0.0008144032406721818
26740.00100000002,0.1123739779,0.11322179747885529,0.0008478195788552828
26810.00100000002,0.1123806536,0.11325874793514873,0.0008780943351487241
26880.00100000002,0.1124014109,0.11326692945162928,0.0008655185516292796
26960.00100000002,0.1124340147,0.11325426333031038,0.0008202486303103829
27030.00100000002,0.1124154925,0.11326458736931114,0.0008490948693111317
27110.00100000002,0.1124243885,0.11329731387019294,0.0008729253701929424
27180.00100000002,0.1124584824,0.11331605687826539,0.0008575744782653855
27260.00100000002,0.1124429107,0.11334418232484969,0.0009012716248496949
27330.00100000002,0.1124896109,0.1133508034960707,0.0008611925960707034
27400.00100000002,0.1124873757,0.1133575896472298,0.0008702139472298032
27480.00100000002,0.1124918312,0.11337205707242248,0.0008802258724224798
27550.00100000002,0.1125066578,0.11337731853591124,0.0008706607359112301
27630.00100000002,0.1125274003,0.11340241908245939,0.0008750187824593941
27700.00100000002,0.1125489026,0.11342176963431139,0.0008728670343113865
27780.00100000002,0.1125489026,0.11343622845938053,0.0008873258593805333
27850.00100000002,0.1125629842,0.11344404875383568,0.0008810645538356865
27920.00100000002,0.1125985533,0.11347939872533741,0.0008808454253374093
28000.00100000002,0.112614885,0.1135014155475514,0.0008865305475514035
28070.00100000002,0.1126296967,0.11351328300672696,0.000883586306726955
28150.00100000002,0.1126482338,0.11352953925977462,0.00088130545977462
28220.00100000002,0.1126474887,0.11355503243091855,0.0009075437309185447
28300.00100000002,0.1126534194,0.11355117780855636,0.0008977584085563678
28370.00100000002,0.1126801074,0.1135629564455566,0.0008828490455565913
28440.00100000002,0.1127023399,0.11358590345857998,0.0008835635585799778
28520.00100000002,0.1126934439,0.11361596428144725,0.0009225203814472588
28590.00100000002,0.1127119809,0.11363915806097238,0.0009271771609723894
28670.00100000002,0.1127193868,0.1136544197775217,0.0009350329775217048
28740.00100000002,0.1127201319,0.11366011628930778,0.0009399843893077714
28820.00100000002,0.1127860993,0.11367137590455528,0.0008852766045552851
28890.00100000002,0.1127883196,0.1136962208006414,0.000907901200641395
28960.00100000002,0.112783134,0.11371240386292082,0.0009292698629208285
29040.00100000002,0.1128231585,0.11372784803920676,0.0009046895392067489
29110.00100000002,0.1127986908,0.11373560278964241,0.0009369119896424083
29190.00100000002,0.1128483564,0.11375109147126247,0.0009027350712624699
29260.00100000002,0.1128676236,0.11381059689303792,0.000942973293037927
29340.00100000002,0.1128676236,0.1137921326394174,0.0009245090394174038
29410.00100000002,0.1129031926,0.11382498771060862,0.0009217951106086225
29480.00100000002,0.1128817052,0.11386136664869331,0.0009796614486933114
29560.00100000002,0.112897262,0.11384685102312508,0.0009495890231250859
29630.00100000002,0.1129195094,0.11388218020904761,0.0009626708090476055
29710.00100000002,0.1129506379,0.11389170737104944,0.0009410694710494383
29780.00100000002,0.1129550785,0.11391593962760693,0.0009608611276069323
29860.00100000002,0.1129632294,0.11395419115064263,0.00099096175064263
29930.00100000002,0.112985462,0.11395382241656879,0.0009683604165687948
30010.00100000002,0.1130432785,0.11397163219990729,0.0009283536999072917
30080.00100000002,0.1130521744,0.11399238411605409,0.0009402097160540884
30150.00100000002,0.1130632907,0.11401064275724304,0.0009473520572430422
30230.00100000002,0.1130603254,0.11402628226047083,0.0009659568604708374
30300.00100000002,0.1130973846,0.11405234033581739,0.0009549557358173866
30380.00100000002,0.11310184,0.11407642558892371,0.0009745855889237154
30450.00100000002,0.1131292582,0.11408978350770775,0.0009605253077077519
30530.00100000002,0.1131463051,0.11410303967852674,0.0009567345785267412
30600.00100000002,0.1131492704,0.11411933643415124,0.0009700660341512429
30670.00100000002,0.113144815,0.11416905518631681,0.0010242401863168188
30750.00100000002,0.1132218987,0.11418633307066159,0.0009644343706615849
30820.00100000002,0.1132233888,0.11420910249165263,0.0009857136916526232
30900.00100000002,0.1132493317,0.11424158932387617,0.0009922576238761693
30970.00100000002,0.113252297,0.11423706832222623,0.0009847713222262272
31050.00100000002,0.1132589579,0.1142931632171884,0.001034205317188397
31120.00100000002,0.1132982522,0.11430825634149952,0.0010100041414995153
31190.00100000002,0.1133241802,0.11432289291595268,0.0009987127159526848
31270.00100000002,0.1133427173,0.11436334696971295,0.0010206296697129469
31340.00100000002,0.1133605093,0.11437129861754354,0.001010789317543545
31420.00100000002,0.1133997887,0.11441356957732579,0.0010137808773257873
31490.00100000002,0.1133760661,0.1144311515810922,0.0010550854810921911
31570.00100000002,0.1134027541,0.11443313929084381,0.0010303851908438078
31640.00100000002,0.1134487092,0.11444144298470116,0.0009927337847011608
31710.00100000002,0.1134538949,0.11448566196562578,0.0010317670656257716
31790.00100000002,0.1134672314,0.11451591535702597,0.001048683957025981
31860.00100000002,0.1135042906,0.11453301372994217,0.0010287231299421634
31940.00100000002,0.1135028154,0.11455453618788122,0.0010517207878812246
32010.00100000002,0.1135146767,0.11458240109162654,0.0010677243916265428
32090.00100000002,0.1135746986,0.1146103338154965,0.0010356352154965026
32160.00100000002,0.1136013865,0.11463355705629835,0.0010321705562983535
32230.00100000002,0.1136073172,0.11465600948796288,0.0010486922879628796
32310.00100000002,0.1136443764,0.11468128090153128,0.00103690450153128
32380.00100000002,0.1136532724,0.11471203956612357,0.0010587671661235615
32460.00100000002,0.113694042,0.11474518945627118,0.0010511474562711898
32530.00100000002,0.1136925519,0.11476645916570048,0.0010739072657004883
32610.00100000002,0.1137222052,0.11478714205770202,0.001064936857702023
32680.00100000002,0.1137303561,0.11481028608219497,0.0010799299821949715
32750.00100000002,0.1137622297,0.11482395374632297,0.0010617240463229732
32830.00100000002,0.1137688905,0.11485282767123894,0.0010839371712389467
32900.00100000002,0.1137918681,0.11488196107702611,0.0010900929770261136
32980.00100000002,0.1138378233,0.11491374272962561,0.0010759194296256075
33050.00100000002,0.1138630211,0.11495602057130752,0.001092999471307518
33130.00100000002,0.1138852537,0.11498023353259279,0.0010949798325927962
33200.00100000002,0.1139327139,0.11499978219216485,0.0010670682921648522
33270.00100000002,0.1139438301,0.11502560031663467,0.0010817702166346643
33350.00100000002,0.113969028,0.11507015215043098,0.001101124150430982
33420.00100000002,0.1139890403,0.1150732950878942,0.001084254787894201
33500.00100000002,0.1140149832,0.11510503685090777,0.0010900536509077657
33570.00100000002,0.1140357256,0.1151402589178376,0.0011045333178376082
33650.00100000002,0.114066124,0.11517444229747005,0.0011083182974700456
33720.00100000002,0.1140950322,0.11519123673182172,0.001096204531821715
33790.00100000002,0.1141068786,0.1152165226871663,0.001109644087166295
33870.00100000002,0.1141320914,0.1152657291784961,0.0011336377784961077
33940.00100000002,0.1141572893,0.11531083606678284,0.001153546766782837
34020.00100000002,0.1141795218,0.11533899100490523,0.001159469204905228
34090.00100000002,0.1142158359,0.11536512039246452,0.001149284492464514
34170.00100000002,0.1142395586,0.11538820874259022,0.0011486501425902185
34240.00100000002,0.1142751276,0.11542208349258991,0.0011469558925899098
34310.00100000002,0.1142840236,0.11545634431279334,0.0011723207127933288
34390.00100000002,0.1143225729,0.11545836473963977,0.0011357918396397715
34460.00100000002,0.1143685281,0.11551189597334517,0.0011433678733451663
34540.00100000002,0.1143633276,0.11555771585074467,0.0011943882507446796
34610.00100000002,0.1144085526,0.11558368679073375,0.0011751341907337426
34690.00100000002,0.1144493073,0.11560947877219868,0.0011601714721986844
34760.00100000002,0.114464134,0.11566410348975731,0.0011999694897573132
34840.00100000002,0.1145026684,0.1156909069832049,0.0011882385832049092
34910.00100000002,0.1145249158,0.11571275860191527,0.0011878428019152648
34980.00100000002,0.1145501137,0.11573698872816761,0.001186875028167611
35060.00100000002,0.1145456582,0.11576824736623034,0.001222589166230345
35130.00100000002,0.1145856827,0.11580631236843272,0.0012206296684327267
35210.00100000002,0.1146338582,0.1158390768207004,0.0012052186207004018
35280.00100000002,0.11469464,0.11587197640360751,0.0011773364036075096
35360.00100000002,0.1147065014,0.11592007250655668,0.0012135711065566906
35430.00100000002,0.1147331744,0.1159710075676501,0.0012378331676500959
35500.00100000002,0.1147695035,0.11600206514958925,0.0012325616495892505
35580.00100000002,0.114782095,0.11603506682750704,0.0012529718275070406
35650.00100000002,0.1148176789,0.11605969119916909,0.001242012299169093
35730.00100000002,0.1148584336,0.1160839308682186,0.0012254972682185922
35800.00100000002,0.1148791909,0.11612395069401076,0.001244759794010758
35880.00100000002,0.1149095744,0.11617918913342137,0.0012696147334213675
35950.00100000002,0.1149495989,0.11621580634175525,0.0012662074417552488
36020.00100000002,0.1149748117,0.11624654361592589,0.0012717319159258889
36100.00100000002,0.1150044501,0.11630226104212839,0.0012978109421283857
36170.00100000002,0.1150266826,0.11632581414689035,0.0012991315468903475
36250.00100000002,0.1150637418,0.11636457522024722,0.0013008334202472271
36320.00100000002,0.1150867194,0.11639658967712345,0.0013098702771234538
36400.00100000002,0.1151526868,0.11643032701649945,0.0012776402164994538
36470.00100000002,0.1151830703,0.11647322436184826,0.0012901540618482643
36540.00100000002,0.1152001172,0.11652325975131342,0.0013231425513134248
36620.00100000002,0.1152319908,0.11656060346003148,0.0013286126600314807
36690.00100000002,0.1152920425,0.11658999488012306,0.001297952380123063
36770.00100000002,0.1152972281,0.1166416829070351,0.0013444548070351003
36840.00100000002,0.1153506041,0.11666446018391102,0.0013138560839110192
36920.00100000002,0.1153787673,0.11672260546913085,0.0013438381691308482
36990.00100000002,0.1154261976,0.1167642955433363,0.0013380979433362944
37060.00100000002,0.1154669672,0.11679770816794409,0.001330740967944083
37140.00100000002,0.1154943854,0.11686607405428379,0.0013716886542837897
37210.00100000002,0.1155284792,0.11689052534749193,0.001362046147491927
37290.00100000002,0.1155818403,0.11692362517052428,0.0013417848705242763
37360.00100000002,0.1155899912,0.1169560441804871,0.0013660529804871008
37440.00100000002,0.1156455874,0.11700088855123847,0.0013553011512384694
37510.00100000002,0.1156448424,0.11707053095770788,0.0014256885577078743
37580.00100000002,0.1157085896,0.11710256792459411,0.0013939783245941195
37660.00100000002,0.1157419384,0.11713961159071574,0.0013976731907157508
37730.00100000002,0.1157827079,0.11718441112082824,0.0014017032208282348
37810.00100000002,0.1158175319,0.11724790178424163,0.0014303698842416251
37880.00100000002,0.1158694178,0.11726785730183745,0.001398439501837448
37960.00100000002,0.1158961058,0.11731218092380112,0.0014160751238011249
38030.00100000002,0.1159442812,0.11736137827445166,0.0014170970744516592
38100.00100000002,0.1159894913,0.1174081623597533,0.0014186710597532959
38180.00100000002,0.1160317361,0.11744399697389232,0.0014122608738923181
38250.00100000002,0.1160739809,0.11749666770757025,0.0014226868075702531
38330.00100000002,0.1160895526,0.11755180376952486,0.0014622511695248502
38400.00100000002,0.1161510646,0.1175939579872072,0.0014428933872071975
38480.00100000002,0.1161681116,0.11763546925699934,0.0014673576569993463
38550.00100000002,0.1162377894,0.11767045691390769,0.0014326675139076928
38620.00100000002,0.1162629873,0.1177092202446318,0.001446232944631809
38700.00100000002,0.1163007915,0.11776786752133667,0.0014670760213366663
38770.00100000002,0.1163504422,0.11782676860916529,0.001476326409165285
38850.00100000002,0.1164090037,0.11788010933186628,0.0014711056318662818
38920.00100000002,0.1164527237,0.11791560797015033,0.0014628842701503303
39000.00100000002,0.1164660752,0.11796504784707472,0.0014989726470747144
39070.00100000002,0.1165357381,0.11801207730526785,0.0014763392052678515
39140.00100000002,0.116562441,0.1180583999535078,0.0014959589535077922
39220.00100000002,0.1166165471,0.11810942746691624,0.0014928803669162494
39290.00100000002,0.1166536063,0.11817143543197998,0.0015178291319799808
39370.00100000002,0.1166988164,0.11824430384497069,0.0015454874449706835
39440.00100000002,0.1167455018,0.11829622659516506,0.0015507247951650621
39520.00100000002,0.1167936921,0.11832581110147741,0.0015321190014774139
39590.00100000002,0.1168492734,0.11837737665196495,0.0015281032519649518
39670.00100000002,0.1168944836,0.11842645315752744,0.001531969557527435
39740.00100000002,0.1169263572,0.1184718025382052,0.0015454453382052064
39810.00100000002,0.1169760078,0.11852643689362441,0.0015504290936244058
39890.00100000002,0.1170293838,0.11860575499207882,0.0015763711920788182
39960.00100000002,0.1170634776,0.11864849384092604,0.0015850162409260515
40040.00100000002,0.1171123981,0.11871589990391122,0.0016035018039112225
40110.00100000002,0.1171546429,0.11877039538615573,0.0016157524861557387
40190.00100000002,0.1172035635,0.11881647976073033,0.0016129162607303321
40260.00100000002,0.1172665507,0.11889683060386842,0.001630279903868423
40330.00100000002,0.1173028797,0.1189457802267401,0.0016429005267400987
40410.00100000002,0.1173621714,0.11900178642283239,0.0016396150228323858
40480.00100000002,0.1174088567,0.11905153836016015,0.0016426816601601557
40560.00100000002,0.1174570322,0.11909211291242286,0.001635080712422854
40630.00100000002,0.1175244898,0.11914451229435474,0.0016200224943547364
40710.00100000002,0.1175430119,0.11920939668689953,0.0016663847868995385
40780.00100000002,0.1175978631,0.11927728420089509,0.0016794211008950843
40850.00100000002,0.1176749468,0.11935581208030693,0.001680865280306934
40930.00100000002,0.1177016348,0.1194147229455808,0.001713088145580799
41000.00100000002,0.1177757531,0.11945155247241707,0.0016757993724170611
41080.00100000002,0.1178246737,0.11950932306469947,0.0016846493646994753
41150.00100000002,0.117863968,0.11957641371171897,0.0017124457117189684
41230.00100000002,0.1179151088,0.11966687741067182,0.0017517686106718194
41300.00100000002,0.1179995984,0.11971174846828901,0.001712150068289009
41370.00100000002,0.1180040389,0.1197618569963532,0.0017578180963531975
41450.00100000002,0.1180633307,0.11983131138659366,0.0017679806865936593
41520.00100000002,0.1181241125,0.1198999964406077,0.0017758839406076948
41600.00100000002,0.1182063818,0.11996223266789223,0.0017558508678922335
41670.00100000002,0.1182271391,0.12002769048719238,0.0018005513871923728
41750.00100000002,0.1182945818,0.12009854250443949,0.0018039607044394862
41820.00100000002,0.1183568388,0.12015201394427616,0.0017951751442761565
41890.00100000002,0.1184257716,0.12019862695907184,0.0017728553590718454
41970.00100000002,0.1184776574,0.12028299092888221,0.001805333528882208
42040.00100000002,0.1185458452,0.12035604630520487,0.00181020110520487
42120.00100000002,0.1185962409,0.12043757120839918,0.0018413303083991833
42190.00100000002,0.1186273694,0.12050481351395227,0.0018774441139522702
42270.00100000002,0.1187103838,0.12056931036441103,0.0018589265644110287
42340.00100000002,0.1187741309,0.12062087885343148,0.0018467479534314823
42410.00100000002,0.1188408285,0.12068349601506688,0.0018426675150668842
42490.00100000002,0.1189038306,0.12075565816590199,0.0018518275659019923
42560.00100000002,0.118933484,0.12081368413696206,0.0018802001369620513
42640.00100000002,0.1190112978,0.12091996809023611,0.0019086702902361141
42710.00100000002,0.1190965474,0.12100109962177627,0.0019045522217762678
42790.00100000002,0.1191543639,0.12106926411238858,0.001914900212388576
42860.00100000002,0.1192017943,0.1211205651742488,0.0019187708742487986
42930.00100000002,0.119227007,0.12118815363681582,0.0019611466368158192
43010.00100000002,0.1193189025,0.12128842195088015,0.0019695194508801417
43080.00100000002,0.1193878353,0.12135615490336273,0.001968319603362731
43160.00100000002,0.1194575131,0.12143301682600134,0.001975503726001346
43230.00100000002,0.1195079088,0.12151017009004626,0.002002261290046256
43310.00100000002,0.1195901781,0.12160282280950495,0.0020126447095049488
43380.00100000002,0.1196309477,0.12165597541817566,0.0020250277181756565
43450.00100000002,0.119686529,0.12170997570154035,0.0020234467015403518
43530.00100000002,0.1197947413,0.12178374806922822,0.0019890067692282243
43600.00100000002,0.1198221743,0.12186817375422733,0.002045999454227329
43680.00100000002,0.1199177802,0.12194552358565615,0.0020277433856561444
43750.00100000002,0.1199726313,0.12203730972061598,0.002064678420615987
43830.00100000002,0.1200608313,0.12213756481427131,0.0020767335142713034
43900.00100000002,0.1201267987,0.12221287263902285,0.0020860739390228533
43970.00100000002,0.1201690435,0.12227530206355341,0.002106258563553412
44050.00100000002,0.1202705801,0.12235719987787436,0.00208661977787436
44120.00100000002,0.1203039289,0.1224431030202158,0.0021391741202158032
44200.00100000002,0.1204136461,0.12253765163574339,0.0021240055357433923
44270.00100000002,0.1204766482,0.12260897867935185,0.0021323304793518516
44350.00100000002,0.1205492765,0.12270338521586285,0.002154108715862857
44420.00100000002,0.1206360012,0.12278059145184991,0.0021445902518499177
44490.00100000002,0.1207056642,0.12286841479553848,0.0021627505955384707
44570.00100000002,0.1207597703,0.12297233021963674,0.0022125599196367446
44640.00100000002,0.1208531559,0.12304576394251619,0.0021926080425161976
44720.00100000002,0.1209117174,0.1231148669300076,0.0022031495300076087
44790.00100000002,0.1210073233,0.12320932258294204,0.002201999282942041
44870.00100000002,0.1210614294,0.12330327931169467,0.0022418499116946683
44940.00100000002,0.1211355478,0.12336537257810623,0.0022298247781062236
45020.00100000002,0.1212407947,0.1235064408688505,0.002265646168850499
45090.00100000002,0.1212986112,0.12358503858240974,0.0022864273824097364
45160.00100000002,0.1213653088,0.1236515512612896,0.0022862424612895976
45240.00100000002,0.1214394271,0.12372910372589832,0.0022896766258983237
45310.00100000002,0.121535778,0.12381687671655606,0.0022810987165560598
45390.00100000002,0.1216291934,0.12392547751187852,0.002296284111878516
45460.00100000002,0.121704787,0.1240108829414541,0.0023060959414541032
45540.00100000002,0.1217833608,0.1241017438140538,0.002318383014053793
45610.00100000002,0.1218693256,0.12418849726210204,0.0023191716621020486
45680.00100000002,0.1219256669,0.12430672916060168,0.0023810622606016824
45760.00100000002,0.1220331341,0.12439507093279493,0.002361936832794939
45830.00100000002,0.1221079826,0.12446384372124353,0.00235586112124353
45910.00100000002,0.1222228706,0.12456938235568916,0.0023465117556891596
45980.00100000002,0.1222755015,0.12468913561984223,0.002413634119842231
46060.00100000002,0.1223822236,0.12474939454570302,0.0023671709457030177
46130.00100000002,0.1224207729,0.12484493276259036,0.0024241598625903554
46200.00100000002,0.1225482523,0.12495080263920706,0.0024025503392070685
46280.00100000002,0.1226134747,0.12506283448369304,0.002449359783693039
46350.00100000002,0.1227090806,0.12512733540719506,0.0024182548071950555
46430.00100000002,0.1228172928,0.1252679973777236,0.002450704577723589
46500.00100000002,0.1228981018,0.12535993783551977,0.0024618360355197627
46580.00100000002,0.1230122447,0.12546730240238613,0.002455057702386132
46650.00100000002,0.1230507791,0.12557435470555578,0.002523575605555786
46720.00100000002,0.1231426895,0.1256662695941402,0.002523580094140207
46800.00100000002,0.1232234836,0.12575664568342224,0.002533162083422233
46870.00100000002,0.12332353,0.12586107770114333,0.002537547701143325
46950.00100000002,0.123439163,0.12598974409332184,0.0025505810933218326
47020.00100000002,0.1235043854,0.12607759998234047,0.0025732145823404717
47100.00100000002,0.1235999912,0.12618144187089966,0.002581450670899668
47170.00100000002,0.123686716,0.12626015217698427,0.002573436176984273
47240.00100000002,0.1238171607,0.126350618234344,0.0025334575343439886
47320.00100000002,0.1238749772,0.1264732919347586,0.0025983147347585916
47390.00100000002,0.1240076423,0.1265679814300355,0.002560339130035505
47470.00100000002,0.1240587831,0.12671180062985266,0.0026530175298526554
47540.00100000002,0.1241848022,0.12680346760629715,0.002618665406297155
47620.00100000002,0.1242581755,0.12690902187418993,0.0026508463741899274
47690.00100000002,0.1243693531,0.12702457998450567,0.0026552268845056737
47760.00100000002,0.1244494021,0.12713456875812085,0.002685166658120852
47840.00100000002,0.1245576143,0.1272338257345758,0.0026762114345758176
47910.00100000002,0.1246383935,0.12733456440771715,0.002696170907717149
47990.00100000002,0.1247673631,0.12746246995469795,0.002695106854697954
48060.00100000002,0.1248866916,0.12755771582754075,0.002671024227540744
48140.00100000002,0.1249719262,0.12767854854562097,0.002706622345620968
48210.00100000002,0.1250919998,0.1277690110793125,0.0026770112793124967
48280.00100000002,0.125137955,0.12786338930456304,0.0027254343045630403
48360.00100000002,0.1252646893,0.12799118549612526,0.00272649619612525
48430.00100000002,0.1253736615,0.12811916165282722,0.002745500152827207
48510.00100000002,0.1254707575,0.1282234423359453,0.0027526848359452905
48580.00100000002,0.1255841553,0.1283239167650017,0.002739761465001711
48660.00100000002,0.1256864369,0.1284521680357701,0.002765731135770083
48730.00100000002,0.1257776022,0.12856058636833514,0.0027829841683351397
48800.00100000002,0.1259013861,0.12867014189536097,0.0027687557953609554
48880.00100000002,0.1259873658,0.12879985815907036,0.0028124923590703566
48950.00100000002,0.1260881573,0.1289086247537719,0.002820467453771902
49030.00100000002,0.1262149066,0.1290237537640333,0.00280884716403329
49100.00100000002,0.1263283044,0.12913530338689128,0.002806998986891268
49180.00100000002,0.1264565289,0.12923837350897352,0.002781844608973516
49250.00100000002,0.1265262067,0.12934457536752164,0.002818368667521637
49320.00100000002,0.1266418397,0.12946150777375603,0.0028196680737560265
49400.00100000002,0.1267389208,0.1295950756801619,0.002856154880161915
49470.00100000002,0.1268389821,0.12973278389642326,0.002893801796423262
49550.00100000002,0.1269768476,0.12982969133868405,0.002852843738684052
49620.00100000002,0.1270657927,0.1299246635791285,0.002858870879128478
49700.00100000002,0.12721847,0.13006375306751883,0.002845283067518828
49770.00100000002,0.1273140758,0.13018976135674576,0.0028756855567457495
49850.00100000002,0.1274326742,0.13032016627196338,0.002887492071963371
49920.00100000002,0.1275179088,0.13042032517188376,0.0029024163718837648
49990.00100000002,0.127652064,0.13052638611529807,0.0028743221152980614
50070.00100000002,0.1277313828,0.13066713823655282,0.0029357554365528338
50140.00100000002,0.1278521866,0.13076676797760373,0.0029145813776037255
50220.00100000002,0.1279819012,0.13091567730522571,0.002933776105225716
50290.00100000002,0.1281160563,0.13102398908060453,0.0029079327806045274
50370.00100000002,0.1282183379,0.13113505955501947,0.0029167216550194663
50440.00100000002,0.1283258051,0.13126168050830508,0.0029358754083050886
50510.00100000002,0.128431052,0.13137215079765086,0.002941098797650865
50590.00100000002,0.128554821,0.13150472801146948,0.002949907011469466
50660.00100000002,0.128670454,0.13162136019602955,0.002950906196029557
50740.00100000002,0.1287801415,0.13174868701528752,0.002968545515287524
50810.00100000002,0.1288906038,0.1318478827546529,0.002957278954652892
50890.00100000002,0.1290432811,0.13196779923898552,0.0029245181389855324
50960.00100000002,0.129157424,0.1320836018785148,0.0029261778785148185
51030.00100000002,0.1292767525,0.13220534545231818,0.0029285929523181764
51110.00100000002,0.1294109076,0.1323374692283294,0.0029265616283293827
51180.00100000002,0.1294946522,0.13244941495884394,0.002954762758843932
51260.00100000002,0.1296013892,0.13257814728033118,0.002976758080331182
51330.00100000002,0.1297273934,0.13269801119560182,0.0029706177956018154
51410.00100000002,0.1298615336,0.13283498741059185,0.0029734538105918584
51480.00100000002,0.1299742013,0.13293189299547917,0.0029576916954791588
51550.00100000002,0.1300757527,0.13302986831828034,0.0029541156182803507
51630.00100000002,0.130211398,0.13315626290327898,0.002944864903278971
51700.00100000002,0.1303070039,0.1332749383183872,0.0029679344183871914
51780.00100000002,0.1304255873,0.13340742561653576,0.0029818383165357565
51850.00100000002,0.1305567771,0.13351351380494916,0.00295673670494917
51930.00100000002,0.1307087243,0.13366129520505296,0.0029525709050529647
52000.00100000002,0.1308110058,0.13378079128082093,0.002969785480820941
52070.00100000002,0.1309029162,0.1338858945221187,0.00298297832211869
52150.00100000002,0.1310526282,0.13401211440601707,0.0029594862060170757
52220.00100000002,0.1311326772,0.13412271544084603,0.002990038240846038
52300.00100000002,0.1312927902,0.1342450902322533,0.002952300032253302
52370.00100000002,0.1313891411,0.13434686743594318,0.002957726335943184
52450.00100000002,0.1315269917,0.13446087030067208,0.0029338786006720685
52520.00100000002,0.1316411346,0.13458884820183717,0.002947713601837182
52590.00100000002,0.1317463815,0.1346869202593882,0.0029405387593881838
52670.00100000002,0.1318998039,0.13480401580643306,0.0029042119064330574
52740.00100000002,0.1320013553,0.13492043400822518,0.0029190787082251646
52820.00100000002,0.1321347654,0.1350553196244976,0.002920554224497607
52890.00100000002,0.1322481632,0.13516418934705915,0.0029160261470591586
52970.00100000002,0.1323934495,0.1352775415492896,0.002884092049289577
53040.00100000002,0.1324705333,0.13538072123989336,0.002910187939893366
53110.00100000002,0.132609874,0.13549531490536543,0.0028854409053654384
53190.00100000002,0.1327366084,0.13561321948015403,0.0028766110801540234
53260.00100000002,0.1328596473,0.13570286386726535,0.0028432165672653553
53340.00100000002,0.132963419,0.13582428149017023,0.0028608624901702295
53410.00100000002,0.1330908984,0.13593939559218313,0.002848497192183136
53490.00100000002,0.1332169026,0.1360606333346995,0.002843730734699512
53560.00100000002,0.133316949,0.1361777204673152,0.0028607714673151985
53630.00100000002,0.1334155351,0.13627883888048536,0.0028633037804853545
53710.00100000002,0.133574903,0.13639427364079454,0.002819370640794544
53780.00100000002,0.1336831152,0.13650251767740726,0.0028194024774072513
53860.00100000002,0.1337883621,0.1366072726963952,0.002818910596395191
53930.00100000002,0.1339062005,0.13670876038483792,0.002802559884837935
54010.00100000002,0.1340373904,0.1368309736175674,0.002793583217567397
54080.00100000002,0.1341344863,0.1369356255100742,0.002801139210074216
54150.00100000002,0.1342604905,0.13702948148340388,0.002768990983403885
54230.00100000002,0.134370923,0.13715942963598426,0.0027885066359842614
54300.00100000002,0.1344791353,0.137245020607035,0.0027658853070350042
54380.00100000002,0.1346125454,0.13734377047097776,0.0027312250709777552
54450.00100000002,0.1347296685,0.13744489423898082,0.0027152257389808088
54530.00100000002,0.1348430663,0.1375674856367408,0.00272441933674078
54600.00100000002,0.1349564642,0.137645941895815,0.0026894776958150124
54680.00100000002,0.1350587457,0.13775068195102472,0.002691936251024707
54750.00100000002,0.1351780891,0.13785008154340217,0.0026719924434021602
54820.00100000002,0.1352618337,0.137946710605602,0.0026848769056020128
54900.00100000002,0.1354315728,0.1380451347442368,0.0026135619442367863
54970.00100000002,0.1355071664,0.13813648270483925,0.0026293163048392576
55050.00100000002,0.1356472522,0.13824059310535083,0.0025933409053508216
55120.00100000002,0.1357391477,0.1383297791746067,0.002590631474606697
55200.00100000002,0.1358570158,0.1384328577979536,0.002575841997953604
55270.00100000002,0.1359681934,0.1385454958881787,0.0025773024881786954
55340.00100000002,0.1360630691,0.13864799142678363,0.002584922326783645
55420.00100000002,0.1361890584,0.13874400350671293,0.002554945106712919
55490.00100000002,0.1362802237,0.13880850045120516,0.0025282767512051496
55570.00100000002,0.1363951117,0.13893871800572052,0.002543606305720536
55640.00100000002,0.136487022,0.1390260013804914,0.002538979380491385
55720.00100000002,0.1366167217,0.13911970953019054,0.0025029878301905395
55790.00100000002,0.1367227137,0.1392020531798266,0.002479339479826592
55860.00100000002,0.1368086934,0.13928392711847978,0.002475233718479797
55940.00100000002,0.1369102299,0.13938981532197758,0.0024795854219775704
56010.00100000002,0.1370340288,0.139478358250987,0.002444329450986993
56090.00100000002,0.1371466815,0.13957713464050642,0.002430453140506411
56160.00100000002,0.1372044981,0.1396633542284148,0.002458856128414816
56240.00100000002,0.1373267919,0.1397457922277718,0.002419000327771814
56310.00100000002,0.1374223977,0.13980152591406184,0.002379128214061832
56380.00100000002,0.1375187486,0.13988544951901974,0.0023667009190197486
56460.00100000002,0.137619555,0.13999929175854905,0.0023797367585490503
56530.00100000002,0.1377121955,0.14005335019186538,0.0023411546918653825
56610.00100000002,0.1378367245,0.14013371872150546,0.0022969942215054495
56680.00100000002,0.1379219592,0.1402274250500326,0.0023054658500326064
56760.00100000002,0.1380257159,0.14033755885056168,0.0023118429505616656
56830.00100000002,0.1381346881,0.1404191685345724,0.0022844804345723835
56900.00100000002,0.1382036209,0.1404626183891327,0.002258997489132719
56980.00100000002,0.1383118331,0.140559885192437,0.002248052092437003
57050.00100000002,0.1383941025,0.14064521101947142,0.002251108519471412
57130.00100000002,0.1385186166,0.14072888857786306,0.002210271977863054
57200.00100000002,0.1386075616,0.14078862851607124,0.002181066916071228
57280.00100000002,0.1386861205,0.14087006286032874,0.0021839423603287333
57350.00100000002,0.1387743205,0.1409480090504815,0.0021736885504815007
57420.00100000002,0.1388514042,0.14101793231466347,0.002166528114663474
57500.00100000002,0.1389566511,0.14108242190404896,0.0021257708040489653
57570.00100000002,0.1390581876,0.14114474067221108,0.002086553072211089
57650.00100000002,0.1391160041,0.14123967905967666,0.0021236749596766635
57720.00100000002,0.1392197907,0.14130391893937513,0.0020841282393751215
57800.00100000002,0.1392879784,0.1413728194041643,0.002084841004164284
57870.00100000002,0.1393657923,0.14145162953271406,0.0020858372327140495
57940.00100000002,0.1394888312,0.14150932055783746,0.0020204893578374683
58020.00100000002,0.1395436823,0.14158447512654548,0.0020407928265454844
58090.00100000002,0.1396622658,0.14165367576715002,0.0019914099671500263
58170.00100000002,0.1397482455,0.14172956102107992,0.0019813155210799127
58240.00100000002,0.1398238391,0.14178447273517836,0.0019606336351783438
58320.00100000002,0.139877215,0.14187169185330364,0.001994476853303645
58390.00100000002,0.1399490982,0.14193511753825572,0.0019860193382557068
58460.00100000002,0.1400691718,0.1419884679815882,0.0019192961815882037
58540.00100000002,0.1401232779,0.14205139141512965,0.0019281135151296425
58610.00100000002,0.1402300149,0.14212003042496688,0.0018900155249668704
58690.00100000002,0.1403026581,0.1422013941398024,0.0018987360398023956
58760.00100000002,0.1403493583,0.14226547634828635,0.0019161180482863416
58840.00100000002,0.1404331028,0.1423301993912524,0.001897096591252423
58910.00100000002,0.1405124068,0.14238336305563137,0.0018709562556313841
58980.00100000002,0.1405791193,0.14241998294692154,0.0018408636469215423
59060.00100000002,0.1406769603,0.14248679532622655,0.0018098350262265583
59130.00100000002,0.140725866,0.14255527065839513,0.001829404658395123
59210.00100000002,0.1408170313,0.14262284794930033,0.0018058166493003236
59280.00100000002,0.1408711374,0.14268802707037356,0.0018168896703735504
59360.00100000002,0.1409504563,0.142730656601519,0.0017802003015190138
59430.00100000002,0.1410238296,0.1427777504147033,0.001753920814703297
59510.00100000002,0.1411149949,0.1428477472488953,0.0017327523488952778
59580.00100000002,0.1411727965,0.14290229998546558,0.0017295034854655778
59650.00100000002,0.1412424743,0.14294890710749328,0.0017064328074932744
59730.00100000002,0.1413262337,0.14300582953128496,0.0016795958312849635
59800.00100000002,0.1413699687,0.14305956584583357,0.0016895971458335823
59880.00100000002,0.1414507627,0.14312449021505536,0.0016737275150553454
59950.00100000002,0.141532287,0.1431754310160707,0.0016431440160706856
60030.00100000002,0.141576767,0.14324591153291272,0.0016691445329127252
60100.00100000002,0.1416508704,0.1432957051647373,0.001644834764737313
60170.00100000002,0.1417072117,0.1433362689047318,0.0016290572047318042
60250.00100000002,0.1417472363,0.14340223422842555,0.00165499792842555
60320.00100000002,0.1418443322,0.14344326611356512,0.0015989339135651093
60400.00100000002,0.1419184357,0.14348966062047758,0.0015712249204775652
60470.00100000002,0.1419606954,0.14353262716763163,0.0015719317676316236
60550.00100000002,0.1419970095,0.14358526782677092,0.001588258326770925
60620.00100000002,0.1420503706,0.14362295610051087,0.0015725855005108702
60690.00100000002,0.1421230137,0.14368794435567367,0.0015649306556736742
60770.00100000002,0.1421912014,0.14375074267193505,0.0015595412719350554
60840.00100000002,0.1422771662,0.14379450841765415,0.0015173422176541496
60920.00100000002,0.1423223913,0.14385237624110653,0.001529984941106538
60990.00100000002,0.1423661113,0.14387393129684362,0.001507819996843629
61070.00100000002,0.142417267,0.14391159619973698,0.0014943291997369934
61140.00100000002,0.1424988061,0.14396168152769062,0.0014628754276906353
61210.00100000002,0.1425380856,0.14402426936442048,0.0014861837644204734
61290.00100000002,0.1425892264,0.14405817458203418,0.001468948182034191
61360.00100000002,0.1426455528,0.1440986762535919,0.0014531234535919146
61440.00100000002,0.1427167058,0.14414692040743982,0.0014302146074398059
61510.00100000002,0.1427530199,0.1441864438605758,0.0014334239605758026
61590.00100000002,0.1428078711,0.14422342599262034,0.0014155548926203243
61660.00100000002,0.1428819895,0.14427556688439944,0.001393577384399436
61730.00100000002,0.1429101527,0.1443287371661328,0.0014185844661327995
61810.00100000002,0.1429716647,0.1443784394143597,0.0014067747143597098
61880.00100000002,0.1430361569,0.1444043406879325,0.0013681837879325198
61960.00100000002,0.1430865526,0.14445602501650248,0.0013694724165024819
62030.00100000002,0.1431117505,0.14449071074888986,0.0013789602488898656
62110.00100000002,0.1431473345,0.14453474063259186,0.0013874061325918619
62180.00100000002,0.1432370096,0.1445788484031448,0.0013418388031448125
62250.00100000002,0.1432711035,0.14462452770345122,0.00135342420345122
62330.00100000002,0.1433237344,0.14464442707262856,0.0013206926726285484
62400.00100000002,0.143381536,0.1446794106308515,0.0012978746308514866
62480.00100000002,0.1434074789,0.14472616604689867,0.0013186871468986727
62550.00100000002,0.1434504688,0.14475805137638464,0.001307582576384636
62630.00100000002,0.1435179412,0.14480443577625463,0.0012864945762546265
62700.00100000002,0.1435468346,0.14484250897319165,0.001295674373191641
62770.00100000002,0.1435994655,0.1448704963300834,0.0012710308300833972
62850.00100000002,0.1436372697,0.14490477152891326,0.0012675018289132756
62920.00100000002,0.1436995268,0.14496588914450695,0.0012663623445069438
63000.00100000002,0.1437247247,0.14499395973296822,0.001269235032968219
63070.00100000002,0.1437551081,0.14502125113236322,0.0012661430323632206
63150.00100000002,0.1438277513,0.1450554055079625,0.001227654207962503
63220.00100000002,0.1438447982,0.14508732974208338,0.0012425315420833694
63290.00100000002,0.1438833326,0.1451324226394767,0.001249090039476708
63370.00100000002,0.1439604163,0.14517313426999764,0.0012127179699976398
63440.00100000002,0.1439871043,0.1452049762606161,0.001217871960616096
63520.00100000002,0.1440248936,0.1452432799357269,0.0012183863357268787
63590.00100000002,0.1440634429,0.1452848807326967,0.0012214378326966813
63670.00100000002,0.1441138387,0.14531065576485158,0.0011968170648515852
63740.00100000002,0.1441694349,0.14534403955531955,0.0011746046553195444
63810.00100000002,0.1441775858,0.1453788923669867,0.001201306566986693
63890.00100000002,0.1442502141,0.14541065764897698,0.001160443548976986
63960.00100000002,0.1442479938,0.14544143003688914,0.0011934362368891394
64040.00100000002,0.1443139613,0.1454597995757209,0.0011458382757209007
64110.00100000002,0.1443421245,0.14548037742081898,0.0011382529208189829
64190.00100000002,0.1444147527,0.1455202207084142,0.0011054680084141844
64260.00100000002,0.1444229186,0.14557728038767304,0.0011543617876730305
64330.00100000002,0.1444399655,0.145589371907033,0.0011494064070330101
64410.00100000002,0.1445044428,0.14561977890752664,0.0011153361075266488
64480.00100000002,0.1445014775,0.14564881816239086,0.001147340662390861
64560.00100000002,0.1445555836,0.145670014570505,0.0011144309705049815
64630.00100000002,0.1446126699,0.1457280656904209,0.0011153957904209144
64710.00100000002,0.1446601003,0.14576370098669025,0.0011036006866902426
64780.00100000002,0.1446890086,0.1457908444289745,0.0011018358289744956
64860.00100000002,0.1447216272,0.14582558301249818,0.0011039558124981697
64930.00100000002,0.1447675675,0.14585913347589408,0.0010915659758940766
65000.00100000002,0.1447912902,0.14587500621252364,0.0010837160125236334
65080.00100000002,0.1448224187,0.14589156816203486,0.0010691494620348463
65150.00100000002,0.1448491067,0.1459147514851888,0.0010656447851887796
65230.00100000002,0.1448846757,0.1459549879675591,0.0010703122675591037
65300.00100000002,0.1449143291,0.14597377285199428,0.0010594437519942934
65380.00100000002,0.1449536085,0.14599147444708843,0.0010378659470884344
65450.00100000002,0.1449699104,0.14602063344039823,0.001050723040398216
65520.00100000002,0.145002529,0.14605784719891263,0.001055318198912636
65600.00100000002,0.1450351328,0.14607716315348465,0.0010420303534846576
65670.00100000002,0.1451018453,0.14610208631104593,0.001000241011045927
65750.00100000002,0.1451159269,0.14612279985774335,0.0010068729577433488
65820.00100000002,0.1451277882,0.14614541157185013,0.0010176233718501293
65900.00100000002,0.145161882,0.14618993957764675,0.0010280575776467626
65970.00100000002,0.1452033818,0.14621969208686375,0.0010163102868637475
66040.00100000002,0.1452137679,0.14622922914998637,0.0010154612499863602
66120.00100000002,0.1452471167,0.14624463470129384,0.000997518001293829
66190.00100000002,0.1453071535,0.14627069748557206,0.0009635439855720518
66270.00100000002,0.1453279108,0.14630390630900106,0.0009759955090010708
66340.00100000002,0.1453716308,0.14632415960385137,0.0009525288038513546
66420.00100000002,0.1453627348,0.14634860997826696,0.000985875178266954
66490.003,0.1454198062,0.1463765720075795,0.0009567658075795016
66560.003,0.1454346329,0.14641265899025327,0.00097802609025327
66640.003,0.1454768777,0.14642081634287832,0.0009439386428783114
66710.003,0.1454931945,0.1464351358835229,0.0009419413835228818
66790.003,0.145515427,0.14645549504318023,0.0009400680431802255
66860.003,0.1455332041,0.1464748940392056,0.0009416899392055977
66940.003,0.1456028819,0.14649992729444158,0.0008970453944415757
67010.003,0.1456251293,0.14654866659532043,0.0009235372953204368
67080.003,0.1456147432,0.1465729136094594,0.0009581704094593912
67160.003,0.1456332803,0.14658253370278396,0.0009492534027839561
67230.003,0.1456799805,0.14659582978354896,0.0009158492835489584
67310.003,0.1457096338,0.14662916492443404,0.0009195311244340476
67380.003,0.145720005,0.14664886227810955,0.0009288572781095406
67460.003,0.145746693,0.1466618886942635,0.0009151956942634876
67530.003,0.145789668,0.14667301268197216,0.0008833446819721535
67600.003,0.1458141357,0.14671095703981898,0.0008968213398189706
67680.003,0.1458474845,0.14673426881949633,0.0008867843194963199
67750.003,0.1458497047,0.14674639158155142,0.0008966868815514228
67830.003,0.1458778679,0.14676451951919234,0.0008866516191923246
67900.003,0.1458978802,0.14679675793953872,0.0008988777395387282
67980.003,0.1459349394,0.14680666681438448,0.0008717274143844878
68050.003,0.1459393948,0.1468289535316053,0.0008895587316052889
68120.003,0.1459831148,0.14684428670297345,0.0008611719029734399
68200.003,0.1460216641,0.14684957179365493,0.0008279076936549279
68270.003,0.1459957212,0.14688080205544757,0.0008850808554475564
68350.003,0.1460424215,0.14689600394484947,0.0008535824448494822
68420.003,0.1460616887,0.14692134901161255,0.0008596603116125534
68500.003,0.14607355,0.14694782581669924,0.0008742758166992437
68570.003,0.1461039335,0.14694799224831553,0.0008440587483155293
68640.003,0.1461232007,0.14697513772867413,0.0008519370286741157
68720.003,0.1461565644,0.14699864731870368,0.0008420829187036905
68790.003,0.1461676806,0.14702247255926534,0.0008547919592653552
68870.003,0.1462091804,0.14705581256708938,0.0008466321670893839
68940.003,0.1462010294,0.14706315442016782,0.000862125020167831
69020.003,0.1462536454,0.1470698511584404,0.0008162057584404081
69090.003,0.1462514251,0.1470856295192292,0.000834204419229212
69160.003,0.1462877393,0.14710790696767478,0.0008201676676747871
69240.003,0.1462892294,0.14712544463356728,0.0008362152335672779
69310.003,0.1463485211,0.1471418826794038,0.0007933615794038229
69390.003,0.1463529617,0.1471646326634124,0.000811670963412392
69460.003,0.1463374048,0.14717683991147645,0.0008394351114764664
69540.003,0.1464033723,0.14717560531774757,0.0007722330177475645
69610.003,0.1464048475,0.14720324702693652,0.0007983995269365274
69690.003,0.1464330107,0.14722659507631447,0.0007935843763144657
69760.003,0.1464307904,0.1472396306833836,0.0008088402833835995
69830.003,0.1464671046,0.14725068121870147,0.0007835766187014592
69910.003,0.1464596987,0.14727796434790666,0.0008182656479066575
69980.003,0.1464834213,0.14730647911432446,0.0008230578143244571
70060.003,0.1465123296,0.14732433564895525,0.0008120060489552605
70130.003,0.1465249211,0.14732829354146276,0.0008033724414627519
70210.003,0.1465493739,0.14733285369487467,0.0007834797948746697
70280.003,0.1465649456,0.14735536804674518,0.0007904224467451815
70350.003,0.1465975642,0.14737374571948447,0.0007761815194844701
70430.003,0.1466116458,0.14739527072239242,0.000783624922392423
70500.003,0.1466205269,0.14741442809444796,0.0007939011944479712
70580.003,0.1466538906,0.14742804861244957,0.0007741580124495662
70650.003,0.1466635168,0.14744895933337018,0.0007854425333701787
70730.003,0.146684289,0.14745215638006923,0.0007678673800692315
70800.003,0.1466924399,0.14746105379297314,0.0007686138929731412
70870.003,0.1467206031,0.1474984377046084,0.0007778346046083962
70950.003,0.1467472911,0.14750182696720676,0.0007545358672067515
71020.003,0.1467517316,0.14752325971626762,0.000771528116267628
71100.003,0.1467850953,0.14754455106561185,0.0007594557656118439
71170.003,0.1467880607,0.14755185263480125,0.0007637919348012501
71250.003,0.1468162239,0.14756293619982053,0.00074671229982054
71320.003,0.1468162239,0.147582998230241,0.0007667743302410268
71390.003,0.1468332708,0.1475989893995709,0.0007657185995708915
71470.003,0.1468599439,0.14761110674020073,0.0007511628402007142
71540.00399999999,0.1468555033,0.1476178965956686,0.0007623932956686008
71620.00399999999,0.1468992382,0.1476436007428401,0.0007443625428401046
71690.00399999999,0.1468984932,0.14765857069566818,0.0007600774956681711
71770.00399999999,0.146922946,0.14767060735514675,0.0007476613551467559
71840.00399999999,0.146931842,0.1476810268848697,0.0007491848848696914
71910.00399999999,0.1469474137,0.14769580672227212,0.0007483930222721147
71990.00399999999,0.1469644606,0.1477197475272984,0.0007552869272983986
72060.00399999999,0.1469933689,0.1477264321395131,0.0007330632395130821
72140.00399999999,0.1469896585,0.1477296278801525,0.0007399693801524998
72210.00399999999,0.1470000297,0.14775518514090363,0.0007551554409036265
72290.00399999999,0.1470593214,0.147770648474917,0.0007113270749170009
72360.00399999999,0.1470274627,0.14779179534653392,0.0007643326465339162
72430.00399999999,0.1470585912,0.1478037611438736,0.0007451699438736081
72510.00399999999,0.1470830441,0.1477953364742811,0.0007122923742811094
72580.00399999999,0.1470867544,0.14783624107352444,0.0007494866735244521
72660.00399999999,0.1471334398,0.14784553637846579,0.0007120965784657984
72730.00399999999,0.1471304744,0.14785170424681637,0.0007212298468163847
72810.00399999999,0.1471319646,0.1478680993733884,0.0007361347733884083
72880.00399999999,0.1471497566,0.1478829125240771,0.0007331559240771057
72950.00399999999,0.14718014,0.14788710018068574,0.0007069601806857506
73030.00399999999,0.1471912563,0.14791580789087802,0.0007245515908780309
73100.00399999999,0.1472045928,0.1479411362901872,0.0007365434901872026
73180.00399999999,0.147206828,0.14791956210718674,0.0007127341071867244
73250.00399999999,0.1472372115,0.14796405299356796,0.0007268414935679701
73330.00399999999,0.1472461075,0.1479915872079051,0.000745479707905089
73400.00399999999,0.1472698152,0.14799654512868649,0.0007267299286864981
73470.00399999999,0.1472816765,0.14799148975511947,0.0007098132551194569
73550.00399999999,0.1472876072,0.1480271769465469,0.0007395697465469031
73620.00399999999,0.1473002136,0.14804699705910015,0.0007467834591001477
73700.00399999999,0.147330597,0.14804797611383158,0.0007173791138315733
73770.00399999999,0.1473461688,0.14803774263736172,0.0006915738373617086
73850.00399999999,0.1473357826,0.1480523165441781,0.000716533944178116
73920.00399999999,0.1473646909,0.14806694502893006,0.0007022541289300466
73990.00399999999,0.1473928541,0.14808026859161028,0.0006874144916102776
74070.00399999999,0.147392109,0.14810138899911585,0.0007092799991158527
74140.00399999999,0.1474136114,0.14812818406434444,0.0007145726643444372
74220.00399999999,0.1474321336,0.14814374735491584,0.0007116137549158519
74290.00399999999,0.1474321336,0.14815837291405454,0.0007262393140545498
74370.00399999999,0.1474395543,0.1481736888192273,0.0007341345192272974
74440.00399999999,0.1474855095,0.14818822763421474,0.0007027181342147415
74520.00399999999,0.1474899501,0.14821390084309496,0.0007239507430949754
74590.00399999999,0.1474869847,0.14823710605661242,0.0007501213566124265
74660.00399999999,0.1475262642,0.14825274605461553,0.0007264818546155183
74740.00399999999,0.147525534,0.14826246230582413,0.0007369283058241138
74810.00399999999,0.1475470215,0.14826419052402148,0.0007171690240214967
74890.00399999999,0.1475210786,0.14826824200876157,0.0007471634087615753
74960.00399999999,0.147568509,0.14827978628134697,0.0007112772813469836
75040.00399999999,0.1475855559,0.14829976800844988,0.0007142121084498798
75110.00399999999,0.1476144642,0.1483191768024981,0.0007047126024981032
75180.00399999999,0.1476359665,0.1483293717664131,0.0006934052664130941
75260.00399999999,0.1476344764,0.14835587850541523,0.000721402105415242
75330.00399999999,0.1476322562,0.1483711575340923,0.0007389013340922956
75410.00399999999,0.1476715356,0.14838431922304404,0.0007127836230440554
75480.00399999999,0.1476670951,0.1484149401699033,0.0007478450699033024
75560.00399999999,0.1476893276,0.14843555136056563,0.0007462237605656286
75630.00399999999,0.1476996988,0.1484377824532647,0.0007380836532646928
75700.00399999999,0.1477219462,0.14844009962327953,0.0007181534232795217
75780.00399999999,0.1477212012,0.1484622878236416,0.0007410866236415847
75850.00399999999,0.1477508545,0.14848326425838676,0.0007324097583867595
75930.00399999999,0.147756055,0.14851194494949901,0.0007558899494990168
76000.00399999999,0.1477760673,0.1485252038244439,0.0007491365244438886
76080.00399999999,0.1478079259,0.14853149916302338,0.000723573263023386
76150.00399999999,0.1478108913,0.14855292993957608,0.000742038639576087
76220.00399999999,0.1478249729,0.14856072589092428,0.0007357529909242932
76300.00399999999,0.1478486955,0.1485811162365346,0.0007324207365346225
76370.00399999999,0.1478627771,0.14860238651062452,0.0007396094106245088
76450.00399999999,0.1478575915,0.14861319085318925,0.0007555993531892513
76520.00399999999,0.147870928,0.14863462185411225,0.0007636938541122351
76600.00399999999,0.147879824,0.14864994548540553,0.0007701214854055338
76670.00399999999,0.1479042768,0.14866318891879535,0.0007589121187953352
76740.00399999999,0.1479346752,0.1486804423905355,0.0007457671905354846
76820.00399999999,0.1479450464,0.14869338872368382,0.0007483423236838149
76890.00399999999,0.1479635835,0.14871114568874397,0.0007475621887439721
76970.00399999999,0.1479791403,0.14872891977829414,0.0007497794782941325
77040.00399999999,0.1480102688,0.14874114388485402,0.0007308750848540047
77120.00399999999,0.1480043381,0.1487562842354481,0.0007519461354481005
77190.00399999999,0.1480310261,0.14879398762022936,0.000762961520229366
77260.00399999999,0.148056224,0.14880473358370372,0.0007485095837037326
77340.00399999999,0.1480732709,0.14880959173739677,0.0007363208373967756
77410.00399999999,0.1480695605,0.14884471010500916,0.0007751496050091566
77490.00399999999,0.1481029242,0.14887093928753742,0.0007680150875374048
77560.00399999999,0.1481029242,0.1488874292020728,0.0007845050020727773
77640.00399999999,0.1481125504,0.14889903098065135,0.0007864805806513664
77710.00399999999,0.1481496096,0.14890691437807452,0.0007573047780745079
77780.00399999999,0.148144424,0.1489374975078322,0.0007930735078321982
77860.00399999999,0.1481807381,0.14895756440335972,0.0007768263033597345
77930.00399999999,0.1481829733,0.14897147829856977,0.0007885049985697778
78010.00399999999,0.1482000202,0.14898976383875304,0.0007897436387530321
78080.00399999999,0.1482444853,0.14901243080973636,0.0007679455097363563
78160.00399999999,0.1482526362,0.14902261146523835,0.0007699752652383374
78230.00399999999,0.1482622772,0.14904593438267746,0.0007836571826774774
78300.00399999999,0.1482719034,0.14907633086792704,0.0008044274679270547
78380.00399999999,0.1483074874,0.14910972956396962,0.0008022421639696242
78450.00399999999,0.1483400911,0.1491199252568955,0.0007798341568955036
78530.00399999999,0.1483260095,0.1491248014470311,0.0007987919470311133
78600.00399999999,0.1483400911,0.14914499154812264,0.0008049004481226474
78680.00399999999,0.1483875364,0.14918412996453373,0.0007965935645337374
78750.00399999999,0.1483912319,0.14918718020626442,0.0007959483062644213
78820.00399999999,0.1484179199,0.1492134519441725,0.0007955320441724867
78900.00399999999,0.1484371871,0.14924142233581258,0.0008042352358125782
78970.00399999999,0.148454234,0.14926023281519926,0.0008059988151992714
79050.00399999999,0.1484764665,0.1492813392415383,0.000804872741538315
79120.00399999999,0.1484964788,0.14928949066214336,0.0007930118621433668
79200.00399999999,0.1484883279,0.14931635057852075,0.0008280226785207512
79270.00399999999,0.1485231668,0.14934562190819847,0.0008224551081984777
79350.00399999999,0.1485498548,0.14937094016171923,0.0008210853617192371
79420.00399999999,0.1485705972,0.1493720595967114,0.0008014623967114165
79490.00399999999,0.1485794932,0.14940173011134,0.0008222369113400074
79570.00399999999,0.1485913545,0.14943086235195546,0.0008395078519554677
79640.00399999999,0.1486165524,0.14943967896181148,0.0008231265618114936
79720.00399999999,0.148640275,0.14945520251366956,0.0008149275136695722
79790.00399999999,0.1486751139,0.14947756412331006,0.000802450223310075
79870.00399999999,0.1487054974,0.14950563884820472,0.0008001414482047275
79940.00399999999,0.148720324,0.14952825407199144,0.0008079300719914528
80010.00399999999,0.148728475,0.14954505174764054,0.0008165767476405461
80090.00399999999,0.1487536728,0.14958598182065325,0.0008323090206532602
80160.00399999999,0.1487751901,0.14961215766306551,0.0008369675630655049
80240.00399999999,0.1488115042,0.1496400829409105,0.0008285787409104961
80310.00399999999,0.1488211304,0.14966752384728793,0.0008463934472879298
80390.00399999999,0.1488507837,0.1496966162764363,0.0008458325764363062
80460.00399999999,0.1488641202,0.1497087644301687,0.0008446442301686952
80530.00399999999,0.1488774717,0.14973598422314932,0.0008585125231493074
80610.00399999999,0.1489122957,0.1497763691607972,0.0008640734607971989
80680.00399999999,0.1489197165,0.14976109898962428,0.0008413824896242872
80760.00399999999,0.1489493549,0.14981117549980527,0.0008618205998052741
80830.00399999999,0.1489812285,0.14983145017515467,0.0008502216751546665
80910.00399999999,0.1489893794,0.14985051687520962,0.0008611374752096057
80980.00399999999,0.1490079165,0.1499049655097018,0.0008970490097018058
81050.00399999999,0.1490338594,0.14989866897001683,0.0008648095700168335
81130.00399999999,0.149091661,0.14991966809512006,0.0008280070951200702
81200.00399999999,0.149091661,0.14994659729401447,0.00085493629401448
81280.00399999999,0.1491057426,0.14996708742944015,0.0008613448294401416
81350.00399999999,0.1491353959,0.14999915784146237,0.000863761941462371
81430.00399999999,0.1491509527,0.15003498386839884,0.00088403116839883
81500.00399999999,0.1492058039,0.15005960017675485,0.000853796276754859
81570.00399999999,0.1491850615,0.15008505941662903,0.0008999979166290362
81650.00399999999,0.1492473185,0.15014322091160812,0.0008959024116081127
81720.00399999999,0.1492465734,0.15014286745409033,0.0008962940540903352
81800.00399999999,0.1492880732,0.1501747779372784,0.0008867047372783932
81870.00399999999,0.1493088305,0.15021521571407884,0.0009063852140788475
81950.00399999999,0.1493540406,0.15023988891331908,0.0008858483133190875
82020.00399999999,0.1493733078,0.15025670111542214,0.0008833933154221429
82090.00399999999,0.1494037062,0.15027944937017387,0.0008757431701738594
82170.00399999999,0.1493925899,0.15030766199361895,0.0009150720936189349
82240.00399999999,0.1494148225,0.1503307257635554,0.0009159032635554232
82320.00399999999,0.1494844854,0.15036756881873597,0.0008830834187359693
82390.00399999999,0.149490416,0.15039919583375336,0.0009087798337533703
82470.00399999999,0.1495289654,0.15044528993500567,0.0009163245350056748
82540.00399999999,0.1495549083,0.1504880814258027,0.0009331731258026832
82610.00399999999,0.1495704651,0.15050486313469652,0.0009343980346965264
82690.00399999999,0.149577871,0.1505293307385591,0.0009514597385590906
82760.00399999999,0.1496090144,0.1505499830492179,0.0009409686492179159
82840.00399999999,0.1496586651,0.15057411605090326,0.0009154509509032571
82910.00399999999,0.1496920139,0.15060068534562474,0.0009086714456247313
82990.00399999999,0.1497046202,0.1506359806744786,0.0009313604744785875
83060.00399999999,0.1497490853,0.15066630695906463,0.000917221659064632
83130.00399999999,0.149773553,0.1507030341770875,0.0009294811770874933
83210.00399999999,0.1497972608,0.1507589871691706,0.0009617263691706068
83280.00399999999,0.1498069167,0.150771427657394,0.0009645109573940269
83360.00399999999,0.1498521268,0.15081286196869545,0.0009607351686954368
83430.00399999999,0.1498699188,0.1508507231049914,0.000980804304991395
83510.00399999999,0.1499091983,0.1508817151562132,0.000972516856213218
83580.00399999999,0.1499373615,0.15090431750917904,0.0009669560091790375
83650.00399999999,0.1499766409,0.15094344357085904,0.0009668026708590238
83730.00399999999,0.149986282,0.15097366867058173,0.0009873866705817358
83800.00399999999,0.1500470638,0.15099818230714965,0.0009511185071496564
83880.00399999999,0.150065586,0.1510574237535385,0.0009918377535385048
83950.00399999999,0.1501041353,0.15107323778433965,0.0009691024843396512
84030.00399999999,0.1501152515,0.15112011703851586,0.0010048655385158645
84100.00399999999,0.1501411945,0.15116078496545568,0.0010195904654556887
84180.00399999999,0.1502027065,0.1511839148197909,0.0009812083197908994
84250.00399999999,0.1502027065,0.15121642446028663,0.0010137179602866253
84320.00399999999,0.1502738595,0.15125554322286888,0.0009816837228688868
84400.00399999999,0.1502723694,0.1512873035040494,0.001014934104049403
84470.00399999999,0.1503079534,0.15130327571517876,0.000995322315178765
84550.00399999999,0.1503390819,0.15137036137286664,0.0010312794728666308
84620.00399999999,0.1503731757,0.15140153506370746,0.0010283593637074595
84700.00399999999,0.1504154205,0.1514309099576335,0.001015489457633495
84770.00399999999,0.1504369229,0.15145525466152437,0.0010183317615243825
84840.00399999999,0.1504984349,0.15148270176405845,0.0009842668640584473
84920.00399999999,0.1505206674,0.15152567953522456,0.0010050121352245533
84990.00399999999,0.1505421698,0.1515688795837782,0.0010267097837782235
85070.00399999999,0.1505977511,0.15161736242582727,0.0010196113258272577
85140.00399999999,0.1506177634,0.15165272305161545,0.001034959651615458
85220.00399999999,0.1506748348,0.1516817719925477,0.0010069371925477133
85290.00399999999,0.1507104188,0.15172337647507483,0.0010129576750748381
85360.00399999999,0.150746733,0.15176601625732347,0.0010192832573234778
85440.00399999999,0.1507815719,0.1518051048622281,0.0010235329622280964
85510.00399999999,0.1508156657,0.15184319978609548,0.0010275340860954885
85590.00399999999,0.150845319,0.15188089606103283,0.0010355770610328274
85660.00399999999,0.1508616209,0.15191982993773806,0.001058209037738067
85740.00399999999,0.1509320438,0.15196682551634183,0.0010347817163418316
85810.00399999999,0.1509564966,0.1519978646043234,0.0010413680043234175
85880.00399999999,0.1509957761,0.15203174594508695,0.0010359698450869426
85960.00399999999,0.1510187536,0.15206907884269583,0.0010503252426958265
86030.00399999999,0.1510387659,0.15210858024412707,0.0010698143441270624
86110.00399999999,0.1510980576,0.15217291511891623,0.001074857518916228
86180.00399999999,0.15111956,0.15218815824358578,0.0010685982435857666
86260.00399999999,0.1511773765,0.1522510568999051,0.0010736803999051026
86330.00399999999,0.1511973888,0.15230420141065948,0.00110681261065948
86400.00399999999,0.1512359232,0.15232840568367456,0.0010924824836745506
86480.00399999999,0.1512900293,0.15235452726301474,0.0010644979630147489
86550.00399999999,0.1513241231,0.1524099504060042,0.0010858273060041779
86630.00399999999,0.1513819396,0.1524685498210842,0.0010866102210842221
86700.00399999999,0.1514034271,0.1525012496038577,0.0010978225038577039
86780.00399999999,0.1514604986,0.1525154542031868,0.0010549556031868024
86850.00399999999,0.1514975578,0.15257299612076342,0.0010754383207634277
86920.00399999999,0.1515249759,0.15261695345580092,0.001091977555800927
87000.00399999999,0.1515798271,0.1526500173073032,0.001070190207303201
87070.00399999999,0.1516205966,0.15269062099958627,0.0010700243995862835
87150.00399999999,0.1516546905,0.1527690091756634,0.0011143186756634171
87220.00399999999,0.151712507,0.15280547125393495,0.0010929642539349582
87300.00399999999,0.1517680883,0.1528453207326067,0.0010772324326067118
87370.00399999999,0.1517955065,0.15291850389738748,0.0011229973973874707
87440.00399999999,0.1518518478,0.15295178757713337,0.0010999397771333796
87520.00399999999,0.1518689096,0.1529943353506726,0.0011254257506726206
87590.00399999999,0.1519044787,0.1530399274991624,0.0011354487991623863
87670.00399999999,0.1519585848,0.15309893435335775,0.0011403495533577612
87740.00399999999,0.1519800872,0.15313089542921662,0.001150808229216621
87820.00399999999,0.1520549357,0.15319151966574202,0.0011365839657420107
87890.00399999999,0.1520549357,0.15323087588689316,0.001175940186893154
87960.00399999999,0.1521475911,0.15326161011575334,0.001114019015753337
88040.00399999999,0.1521631479,0.15333503951712524,0.001171891617125248
88110.00399999999,0.152235046,0.15338642426440052,0.00115137826440051
88190.00399999999,0.1522861868,0.1534276163704312,0.0011414295704312016
88260.00399999999,0.1522847116,0.15345638352010754,0.001171671920107531
88340.00399999999,0.1523462236,0.1535004647845107,0.0011542411845107126
88410.00399999999,0.1523862481,0.15354889835996957,0.001162650259969561
88480.00399999999,0.1524499804,0.15359545746958964,0.0011454770695896455
88560.00399999999,0.152500391,0.15365295291559516,0.0011525619155951516
88630.00399999999,0.1525670886,0.15371304273178293,0.0011459541317829225
88710.00399999999,0.1525722742,0.15377676896481313,0.00120449476481313
88780.00399999999,0.1526426971,0.15381331792441602,0.0011706208244160188
88860.00399999999,0.1526990235,0.15385671670235543,0.0011576932023554254
88930.00399999999,0.1527538747,0.15390405440321553,0.0011501797032155425
89000.00399999999,0.1527768523,0.15395306776294987,0.001176215462949881
89080.00399999999,0.1528531909,0.1540045989717405,0.001151408071740495
89150.00399999999,0.1528954506,0.15405402944054974,0.0011585788405497344
89230.00399999999,0.152952522,0.15411301271578362,0.001160490715783613
89300.00399999999,0.1530029178,0.15415191492596858,0.0011489971259685816
89380.00399999999,0.1530192196,0.15421336453493836,0.001194144934938357
89450.00399999999,0.1530592442,0.15426859522387104,0.0012093510238710414
89530.00399999999,0.1531244665,0.15431991034940387,0.001195443849403871
89600.00399999999,0.1531689465,0.15434958877883415,0.001180642278834132
89670.00399999999,0.1532215625,0.15440647021979065,0.0011849077197906566
89750.00399999999,0.1532727033,0.15446801430276746,0.0011953110027674574
89820.00399999999,0.1533075422,0.1545292040324626,0.0012216618324625839
89900.00399999999,0.1534090787,0.154605447121622,0.0011963684216219905
89970.00399999999,0.1534261256,0.15463030159669455,0.001204175996694562
90050.00399999999,0.1534935832,0.1547095668408857,0.0012159836408856817
90120.00399999999,0.1535298973,0.15477120318937593,0.0012413058893759321
90190.00399999999,0.1535995752,0.15481643575985402,0.0012168605598540105
90270.00399999999,0.1536410749,0.15486922718912824,0.0012281522891282315
90340.00399999999,0.1536885053,0.15492426119943184,0.0012357558994318396
90420.00399999999,0.1537537277,0.15498901146582744,0.001235283765827433
90490.00399999999,0.1538004279,0.1550397202782779,0.0012392923782778842
90570.00399999999,0.1538560092,0.15507854242081445,0.001222533220814448
90640.00399999999,0.1538864225,0.15514769950285265,0.0012612770028526399
90710.00399999999,0.1539597958,0.1552099153660609,0.0012501195660609143
90790.00399999999,0.1540220529,0.1552686193194476,0.0012465664194475923
90860.00399999999,0.1540843099,0.15530449858150522,0.0012201886815052243
90940.00399999999,0.1541332304,0.15538094175970082,0.0012477113597008371
91010.00399999999,0.1541865915,0.1554366369731016,0.0012500454731015909
91090.00399999999,0.1542592347,0.15549573747444928,0.001236502774449283
91160.00399999999,0.1542822123,0.1555467950153468,0.001264582715346796
91230.00399999999,0.1543533653,0.1555903983188349,0.0012370330188349044
91310.00399999999,0.1544007957,0.15564397114881645,0.0012431754488164415
91380.00399999999,0.1544615775,0.15569797651049655,0.0012363990104965472
91460.00399999999,0.1545230895,0.1557653776869646,0.0012422881869646185
91530.00399999999,0.1545860916,0.15582506534471774,0.0012389737447177362
91610.00399999999,0.1546253711,0.155897704370322,0.0012723332703220014
91680.00399999999,0.1547091305,0.1559549947863293,0.001245864286329279
91750.00399999999,0.154758051,0.15601190611573978,0.001253855115739777
91830.00399999999,0.1548173428,0.15608833400434174,0.001270991204341737
91900.00399999999,0.1548625529,0.15613796453401269,0.0012754116340126798
91980.00399999999,0.154944092,0.15620090257588623,0.0012568105758862247
92050.00399999999,0.1549930125,0.1562598370556842,0.0012668245556841928
92130.00399999999,0.155050084,0.15632903998352773,0.0012789559835277298
92200.00399999999,0.1551049352,0.15638427964548998,0.0012793444454899938
92270.00399999999,0.1551745981,0.15644683182814695,0.0012722337281469431
92350.00399999999,0.1552464962,0.15651302292886304,0.0012665267288630433
92420.00399999999,0.155298382,0.15656277971420665,0.0012643977142066387
92500.00399999999,0.1553732306,0.15665542136874555,0.0012821907687455558
92570.00399999999,0.155386582,0.1567138800461863,0.0013272980461863093
92650.00399999999,0.1554925591,0.15678071941347022,0.0012881603134702047
92720.00399999999,0.1555288881,0.15684202111632026,0.0013131330163202448
92790.00399999999,0.1555881798,0.1569012989172982,0.0013131191172982004
92870.00399999999,0.1556474715,0.1569786548925481,0.001331183392548091
92940.00399999999,0.1557253003,0.1570406778392269,0.0013153775392268918
93020.00399999999,0.1557979286,0.15710711554722545,0.0013091869472254547
93090.00399999999,0.1558512896,0.15716960385358159,0.0013183142535815873
93170.00399999999,0.155926168,0.15725030183374983,0.0013241338337498243
93240.00399999999,0.1559995413,0.15731370620249874,0.001314164902498749
93310.00399999999,0.156024009,0.15737537260597764,0.0013513636059776513
93390.00399999999,0.156094417,0.15744689522145774,0.0013524782214577313
93460.00399999999,0.1561826169,0.15751024212559317,0.001327625225593182
93540.00399999999,0.1562485844,0.15758377263710335,0.0013351882371033519
93610.00399999999,0.1563138068,0.15765035225755245,0.001336545457552435
93690.00399999999,0.1563738436,0.15772958982987262,0.001355746229872612
93760.00399999999,0.1564442515,0.1578038855510752,0.001359634051075198
93830.00399999999,0.156510964,0.15785861292950934,0.0013476489295093375
93910.00399999999,0.1565798819,0.15792662195271678,0.0013467400527167883
93980.00399999999,0.156651035,0.15799386546049865,0.0013428304604986563
94060.00399999999,0.1567296088,0.1580674023569916,0.0013377935569915955
94130.00399999999,0.1567911208,0.15814227589646485,0.0013511550964648567
94210.00399999999,0.1568607986,0.15822651629486661,0.001365717694866625
94280.00399999999,0.1569223255,0.15829557220184834,0.0013732467018483518
94360.00399999999,0.1569964439,0.15836450805159322,0.0013680641515932124
94430.00399999999,0.1570653766,0.15843238551755928,0.0013670089175592814
94500.00399999999,0.1571328193,0.15851836978303951,0.0013855504830395104
94580.00399999999,0.1572113931,0.1586047813325252,0.001393388232525189
94650.00399999999,0.1572847664,0.158647856310787,0.0013630899107870131
94730.00399999999,0.1573544294,0.1587266149331803,0.0013721855331803035
94800.00399999999,0.1574263275,0.1588144770605848,0.001388149560584806
94880.00399999999,0.1574937701,0.15889645729510804,0.0014026871951080266
94950.00399999999,0.1575745642,0.15894694647830743,0.001372382278307438
95020.00399999999,0.1576479375,0.15902630255935854,0.0013783650593585384
95100.00399999999,0.1577272415,0.15913280794088006,0.0014055664408800517
95170.00399999999,0.1577895135,0.15919740633674598,0.001407892836745972
95250.00399999999,0.1578665972,0.15926488271902947,0.0013982855190294852
95320.00399999999,0.1579473913,0.1593707457708276,0.0014233544708276147
95400.00399999999,0.1580237299,0.15944096450586243,0.001417234605862433
95470.00399999999,0.1581193507,0.15951047553061962,0.0013911248306196222
95540.00399999999,0.1581919789,0.15958688900563003,0.0013949101056300317
95620.00399999999,0.1582357138,0.15967917293569847,0.0014434591356984605
95690.00399999999,0.1583135277,0.15974098959899094,0.0014274618989909282
95770.00399999999,0.1584254503,0.15983983657036122,0.001414386270361223
95840.00399999999,0.158492893,0.15992475119202262,0.001431858192022628
95920.00399999999,0.1585447788,0.160003946151412,0.001459167351411994
95990.00399999999,0.1586107463,0.1600945294163165,0.0014837831163165005
96060.00399999999,0.1587293297,0.16015526477842476,0.001425935078424756
96140.00399999999,0.1587797403,0.16022749557253732,0.001447755272537321
96210.00399999999,0.158883512,0.16030769248611873,0.0014241804861187257
96290.00399999999,0.1589591205,0.16041767970931903,0.0014585592093190325
96360.00399999999,0.1590206325,0.1604907870139364,0.0014701545139363947
96440.00399999999,0.1591169834,0.16057714423964015,0.001460160839640151
96510.00399999999,0.1592074037,0.16065926871322012,0.001451865013220116
96580.00399999999,0.159290418,0.16074763891181973,0.00145722091181974
96660.00399999999,0.1593385935,0.16085510166495146,0.001516508164951469
96730.00399999999,0.159467563,0.16093525947692738,0.001467696476927377
96810.00399999999,0.1595387161,0.16101987606247822,0.001481159962478218
96880.00399999999,0.1596098691,0.1611044668979956,0.0014945977979956004
96960.00399999999,0.1597254872,0.16119559785881943,0.0014701106588194401
97030.00399999999,0.1597936749,0.16128001118055107,0.0014863362805510871
97100.00399999999,0.159866333,0.1613620200610309,0.001495687061030898
97180.00399999999,0.1599656492,0.16145042274085142,0.001484773540851414
97250.00399999999,0.1600293964,0.16153598345028475,0.0015065870502847523
97330.00399999999,0.1601398289,0.16163853062816402,0.0014987017281640203
97400.00399999999,0.1602102369,0.16171945000202864,0.0015092131020286448
97480.00399999999,0.160299927,0.16180947648787145,0.0015095494878714366
97550.00399999999,0.1604022086,0.16191434412465772,0.001512135524657704
97620.00399999999,0.1604866982,0.16199344542942626,0.0015067472294262585
97700.00399999999,0.1605652571,0.16209573225792406,0.001530475157924066
97770.00399999999,0.1606749594,0.16219110721852725,0.0015161478185272415
97850.00399999999,0.1607542634,0.16227105469936579,0.0015167912993657717
97920.00399999999,0.1608513743,0.16235213302858423,0.0015007587285842394
98000.00399999999,0.1609314233,0.1624591883583082,0.0015277650583082059
98070.00399999999,0.1610455662,0.16255137581071344,0.0015058096107134489
98140.00399999999,0.1611233801,0.16262738713606884,0.001504007036068844
98220.00399999999,0.1612182558,0.16275222233974918,0.0015339665397491875
98290.00399999999,0.1613094211,0.162856364064285,0.0015469429642850085
98370.00399999999,0.1613983661,0.1629658399853708,0.0015674738853707904
98440.00399999999,0.1614739597,0.16305197813476238,0.0015780184347623794
98520.00399999999,0.1616133004,0.16315044004099327,0.0015371396409932792
98590.00399999999,0.1616666615,0.16322916651550426,0.0015625050155042564
98660.00399999999,0.1617659926,0.16331108131844543,0.001545088718445442
98740.00399999999,0.1618808806,0.16341422063773542,0.00153334003773542
98810.00399999999,0.1619765013,0.1635195028719062,0.0015430015719062051
98890.00399999999,0.1620624661,0.16362246627262148,0.0015600001726214785
98960.00399999999,0.1621477008,0.16371947410896293,0.001571773308962937
99040.00399999999,0.1622633338,0.1638381303208624,0.0015747965208623982
99110.00399999999,0.1623396724,0.16394560381103726,0.0016059314110372647
99190.00399999999,0.1624656767,0.16406028147828494,0.001594604778284936
99260.00399999999,0.1625738889,0.16414162544394018,0.0015677365439401847
99330.00399999999,0.1626435518,0.16422506465485281,0.0015815128548528068
99410.00399999999,0.1627717912,0.164341197073268,0.0015694058732680094
99480.00399999999,0.1628614813,0.16443692605741733,0.0015754447574173325
99560.00399999999,0.1629704237,0.16455612835763794,0.0015857046576379374
99630.00399999999,0.1630623341,0.1646503712709167,0.001588037170916684
99710.00399999999,0.1631668359,0.1647456471666409,0.0015788112666408893
99780.00399999999,0.1632935852,0.16485716073970674,0.0015635755397067352
99850.00399999999,0.1633765996,0.16494822948307278,0.0015716298830727726
99930.00399999999,0.1634699851,0.16506459392190126,0.0015946088219012666
100000.00399999999,0.1635856032,0.1651794191662603,0.0015938159662602924
100080.00399999999,0.1636960506,0.1652939779372099,0.0015979273372098979
100150.00399999999,0.1637894511,0.1653943469692943,0.0016048958692942983
100230.00399999999,0.1638932079,0.16550464442943807,0.0016114365294380706
100300.00399999999,0.1639917791,0.1656023261092276,0.0016105470092275809
100370.00399999999,0.1641125977,0.1657087975713509,0.0015961998713509007
100450.00399999999,0.1642356366,0.1658411916802715,0.0016055550802714924
100520.00399999999,0.1643134505,0.16595237799460397,0.0016389274946039534
100600.00399999999,0.1644157469,0.1660634729372152,0.0016477260372152192
100670.00399999999,0.1645350754,0.16613826370503879,0.0016031883050387774
100750.00399999999,0.1646662802,0.1662576350328139,0.0015913548328139182
100820.00399999999,0.1647366881,0.16636270936590378,0.0016260212659037765
100890.00399999999,0.1648545265,0.16646737351773513,0.0016128470177351473
100970.00399999999,0.1649731249,0.16658856216142431,0.001615437261424324
101040.00399999999,0.1650761515,0.16670364975640006,0.0016274982564000728
101120.00399999999,0.1651932448,0.16682676038799577,0.0016335155879957652
101190.00399999999,0.1653214693,0.1669308971378904,0.0016094278378903926
101270.00399999999,0.1654222757,0.16704875675357533,0.0016264810535753238
101340.00399999999,0.1655119509,0.1671524125853184,0.001640461685318395
101410.00399999999,0.1656038761,0.16726465926038625,0.0016607831603862588
101490.00399999999,0.1657713801,0.16737527888954032,0.0016038987895403145
101560.00399999999,0.1658573598,0.16746734143073688,0.0016099816307368897
101640.00399999999,0.1659707576,0.16759010249075323,0.0016193448907532437
101710.00399999999,0.1660767496,0.16768365595388857,0.0016069063538885764
101790.00399999999,0.1661886722,0.16780688719486048,0.0016182149948604785
101860.00399999999,0.1663035452,0.16792863636762742,0.0016250911676274071
101930.00399999999,0.1664258391,0.16806293705136627,0.0016370979513662676
102010.00399999999,0.1665466726,0.1681759756612961,0.0016293030612961057
102080.00399999999,0.1666667461,0.16828588474930053,0.0016191386493005222
102160.00399999999,0.1667779237,0.1684041632564088,0.0016262395564088095
102230.00399999999,0.1668624133,0.16849882113138304,0.0016364078313830244
102310.00399999999,0.1669965684,0.16862570820493158,0.0016291398049315953
102380.00399999999,0.1671277583,0.1687194373286811,0.0015916790286810978
102450.00399999999,0.1672248542,0.16883383139003671,0.00160897719003672
102530.00399999999,0.1673204601,0.16898563678740186,0.001665176687401848
102600.00399999999,0.1674412787,0.16909827332514502,0.001656994625145014
102680.00399999999,0.167586565,0.16920794965533575,0.0016213846553357614
102750.00399999999,0.1676895767,0.169319476705613,0.0016299000056129997
102830.00399999999,0.1678207666,0.16945288325649158,0.0016321166564915723
102900.00399999999,0.1679060012,0.16956360667507506,0.001657605475075069
102970.00399999999,0.1680572033,0.1696803252619582,0.001623121961958185
103050.00399999999,0.1681594849,0.1697844484719634,0.0016249635719634004
103120.00399999999,0.1682565808,0.16987783020902303,0.001621249409023029
103200.00399999999,0.1683937162,0.1700094673546167,0.001615751154616707
103270.00399999999,0.1685256511,0.1701424304817154,0.0016167793817153941
103350.00399999999,0.1686457098,0.17024857285205502,0.0016028630520550369
103420.00399999999,0.1687450409,0.17036324542562847,0.0016182045256284694
103490.00399999999,0.168851763,0.17049641249678368,0.0016446494967836955
103570.00399999999,0.1689814627,0.17060277944882518,0.00162131674882518
103640.00399999999,0.1691022813,0.170704351512442,0.0016020702124420194
103720.00399999999,0.1692275405,0.17083548621116748,0.0016079457111674855
103790.00399999999,0.1693313271,0.17095567572444187,0.001624348624441857
103870.00399999999,0.1694536209,0.1710804029041162,0.0016267820041162007
103940.00399999999,0.1696048081,0.1711954641957872,0.0015906560957872073
104020.00399999999,0.1697145104,0.17131836317534682,0.0016038527753468312
104090.00399999999,0.169807151,0.17143016786275622,0.0016230168627562325
104160.00399999999,0.1699590981,0.17155466081102969,0.0015955627110296744
104240.00399999999,0.1700902879,0.17169219744169434,0.0016019095416943407
104310.00399999999,0.1701814532,0.17181321261482527,0.0016317594148252679
104390.00399999999,0.1703386009,0.1719347299137033,0.0015961290137032902
104460.00399999999,0.1704230905,0.17202749957390898,0.0016044090739089634
104540.00399999999,0.1705542803,0.17215968106689813,0.0016054007668981352
104610.00399999999,0.1706587821,0.17228885241516123,0.0016300703151612417
104680.00399999999,0.1707914621,0.17241128615072981,0.0016198240507298012
104760.00399999999,0.1709085554,0.17254651950696942,0.001637964106969425
104830.00399999999,0.1710597575,0.1726678787052704,0.001608121205270402
104910.00399999999,0.1711939275,0.1727896135888269,0.001595686088826903
104980.00399999999,0.17130436,0.17289796202639898,0.0015936020263989936
105060.00399999999,0.171410352,0.17303008695089964,0.0016197349508996484
105130.00399999999,0.1715452522,0.17315439740173483,0.0016091452017348296
105200.00399999999,0.171649754,0.17329264893145807,0.0016428949314580832
105280.00399999999,0.1717972457,0.1734224450559458,0.0016251993559458222
105350.00399999999,0.1719076782,0.17352977427739766,0.0016220960773976612
105430.00399999999,0.1720247865,0.17365994840000437,0.0016351619000043727
105500.00399999999,0.1721552461,0.1737874766198651,0.0016322305198651077
105580.00399999999,0.1722857058,0.17393989232592483,0.0016541865259248334
105650.00399999999,0.1724094748,0.17406026167447006,0.0016507868744700671
105720.00399999999,0.1725369543,0.1741706728804299,0.0016337185804299048
105800.00399999999,0.1726725996,0.1742978106178472,0.0016252110178471835
105870.00399999999,0.1727934033,0.1744154388328957,0.0016220355328956937
105950.00399999999,0.1729638875,0.17456187067428314,0.0015979831742831407
106020.00399999999,0.1730513573,0.1747018055632914,0.0016504482632913875
106100.00399999999,0.1731877327,0.17487008386717762,0.0016823511671776037
106170.00399999999,0.1733122468,0.17495483061796596,0.001642583817965948
106240.00399999999,0.1734523326,0.1750698296102556,0.0016174970102555974
106320.00399999999,0.1735894531,0.17522314138536782,0.001633688285367807
106390.00399999999,0.1737065464,0.17536824845632765,0.0016617020563276519
106470.00399999999,0.173854053,0.17551580213466855,0.0016617491346685442
106540.00399999999,0.1739837676,0.17563154270476475,0.0016477751047647426
106620.00399999999,0.1741260737,0.17577445558246826,0.0016483818824682694
106690.00399999999,0.1742780209,0.17591215904337254,0.0016341381433725433
106760.00399999999,0.1743788123,0.1760479033220502,0.0016690910220502064
106840.00399999999,0.174500376,0.17617335174066073,0.0016729757406607204
106910.00399999999,0.174659729,0.17629361192527013,0.0016338829252701137
106990.00399999999,0.1747709066,0.1764537931404271,0.0016828865404271143
107060.00399999999,0.174916178,0.17662156430795817,0.0017053863079581622
107140.00399999999,0.1750599742,0.17673899019784678,0.0016790159978467833
107210.00399999999,0.1751919091,0.176866462105248,0.0016745530052480195
107280.00399999999,0.1753223538,0.17700292246076657,0.0016805686607665737
107360.00399999999,0.1754705906,0.1771557653183295,0.0016851747183294907
107430.00399999999,0.1755943596,0.1772976046955778,0.0017032450955777878
107510.00399999999,0.1757455766,0.17745749834654195,0.0017119217465419445
107580.00399999999,0.1759071499,0.17759771988217332,0.0016905699821733178
107660.00399999999,0.1760657728,0.17775869666232677,0.0016929238623267784
107730.00399999999,0.1761858314,0.1778980827681985,0.0017122513681984974
107800.00399999999,0.1763081253,0.17803627354243506,0.001728148242435057
107880.00399999999,0.1764704436,0.1782097627553184,0.001739319155318414
107950.00399999999,0.176634267,0.17836281516146843,0.0017285481614684184
108030.00399999999,0.1767728627,0.17848720179128377,0.0017143390912837675
108100.00399999999,0.1769218445,0.17862610412557603,0.0017042596255760212
108180.00399999999,0.1770767421,0.1787908743159565,0.0017141322159565098
108250.00399999999,0.1772146076,0.17893961347668336,0.0017250058766833665
108320.00399999999,0.1773858219,0.1790902617375031,0.0017044398375030967
108400.00399999999,0.177493304,0.1792494639953348,0.0017561599953348217
108470.00399999999,0.1776341349,0.17940211408141568,0.0017679791814156909
108550.00399999999,0.1778601855,0.17958572021842764,0.0017255347184276515
108620.00399999999,0.1780121326,0.17974719613830858,0.0017350635383085733
108700.00399999999,0.1781262755,0.1799133084872287,0.0017870329872287094
108770.00399999999,0.178297475,0.1800647524174493,0.0017672774174492811
108840.00399999999,0.1784190536,0.18022034555656025,0.001801291956560258
108920.00399999999,0.1786147207,0.1804049830030451,0.0017902623030451037
108990.00399999999,0.1787466556,0.18057143189474273,0.0018247762947427304
109070.00399999999,0.1789163798,0.18076091700570832,0.0018445372057083187
109140.00399999999,0.1790779531,0.18091456046610893,0.0018366073661089388
109220.00399999999,0.1792477071,0.18108964924847615,0.0018419421484761611
109290.00399999999,0.1794181764,0.18125184400771793,0.0018336676077179426
109370.00399999999,0.1795886457,0.18144214530512898,0.0018534996051289832
109440.00399999999,0.1797279865,0.18159936567265209,0.0018713791726520934
109510.00399999999,0.1799088269,0.1817588861720588,0.0018500592720587794
109590.00399999999,0.1801067442,0.18194833661772525,0.0018415924177252463
109660.00399999999,0.1802609116,0.1821158267461654,0.0018549151461653979
109740.00399999999,0.180458799,0.18229987320048396,0.0018410742004839609
109810.00399999999,0.180574432,0.1824681390377261,0.0018937070377260945
109890.00399999999,0.1807938069,0.18267134989077427,0.001877542990774278
109960.00399999999,0.1809502244,0.18285317862598324,0.0019029542259832444
110030.00399999999,0.1811088324,0.18302523159032355,0.0019163991903235478
110110.00399999999,0.1813296974,0.18323487004381234,0.0019051726438123473
110180.00399999999,0.1814994365,0.18342406679599219,0.0019246302959921857
110260.00399999999,0.1816669405,0.18363242012694705,0.001965479626947042
110330.00399999999,0.1818559468,0.18378173587848978,0.0019257890784897813
110410.00399999999,0.1820338368,0.18399952846650378,0.0019656916665037882
110480.00399999999,0.1822517365,0.18419182250720337,0.0019400860072033566
110550.00399999999,0.182415545,0.18436974692852912,0.0019542019285291035
110630.00399999999,0.1826089919,0.18459278154703906,0.001983789647039075
110700.00399999999,0.182814315,0.18476867936021255,0.0019543643602125405
110780.00399999999,0.1829751432,0.18497840083655265,0.002003257636552652
110850.00399999999,0.1831611842,0.18516878626585936,0.0020076020658593707
110930.00399999999,0.1833724231,0.18538596679704733,0.002013543697047343
111000.00399999999,0.1835725456,0.18558117413172104,0.0020086285317210406
111070.00399999999,0.1837593317,0.18577407273856536,0.0020147410385653597
111150.00399999999,0.1839587092,0.18598612762092134,0.0020274184209213564
111220.00399999999,0.1841654927,0.18616252896616034,0.0019970362661603513
111300.00399999999,0.1843670905,0.1863805575013061,0.002013467001306113
111370.00399999999,0.1845620424,0.18657799699378744,0.00201595459378745
111450.00399999999,0.184788838,0.18681800544934524,0.002029167449345226
111520.00399999999,0.1849874705,0.18703835611699288,0.0020508856169928757
111590.00399999999,0.1851705462,0.1872453381476549,0.0020747919476548915
111670.00399999999,0.1854181141,0.18746559664312695,0.0020474825431269494
111740.00399999999,0.1856404692,0.18766024247163846,0.002019773271638464
111820.00399999999,0.1858272403,0.18789473045563518,0.0020674901556351766
111890.00399999999,0.1860155016,0.1881202140462885,0.0021047124462885147
111970.00399999999,0.1862363815,0.18833955101824915,0.002103169518249154
112040.00399999999,0.186471343,0.18855035969086362,0.0020790166908636054
112110.00399999999,0.1866714507,0.18876994605550132,0.0020984953555013286
112190.00399999999,0.1868982613,0.1890162360302346,0.0021179747302345897
112260.00399999999,0.1871102452,0.18922255235630153,0.002112307156301535
112340.00399999999,0.1873429865,0.18945149260848243,0.0021085061084824275
112410.00399999999,0.1875534803,0.1896635058691387,0.002110025569138696
112490.00399999999,0.187816605,0.18991702899842527,0.002100423998425277
112560.00399999999,0.1880145073,0.19013472123131625,0.002120213931316256
112630.00399999999,0.1882279664,0.1903649805469076,0.00213701414690759
112710.00399999999,0.1884555072,0.19061256653760572,0.00215705933760571
112780.00399999999,0.1887141913,0.19082921606370354,0.002115024763703538
112860.00399999999,0.1889372766,0.19110599753729915,0.00216872093729914
112930.00399999999,0.1891529709,0.19131466497545066,0.0021616940754506653
113010.00399999999,0.1894146055,0.1915562299804793,0.002141624480479304
113080.00399999999,0.1896436363,0.1917799111842129,0.002136274884212891
113150.00399999999,0.1898652464,0.1920196378405631,0.0021543914405631193
113230.00399999999,0.1901254058,0.19226931831193728,0.002143912511937268
113300.00399999999,0.1903381348,0.19248727407233723,0.0021491392723372305
113380.00399999999,0.1906116307,0.19274742091337344,0.0021357902133734286
113450.00399999999,0.1908221245,0.19298044394605024,0.002158319446050244
113530.00399999999,0.191065982,0.1932255065989411,0.002159524598941115
113600.00399999999,0.1912927926,0.19344447801822437,0.0021516854182243583
113670.00399999999,0.1915425658,0.19367259819610094,0.0021300323961009338
113750.00399999999,0.1917834431,0.19394057886674293,0.0021571357667429236
113820.00399999999,0.1920287907,0.1941719070674928,0.0021431163674927867
113900.00399999999,0.1922741234,0.19442260990400162,0.0021484865040016232
113970.00399999999,0.1925276071,0.19465538311356637,0.002127776013566368
114050.00399999999,0.1927536726,0.19491735984650704,0.0021636872465070345
114120.00399999999,0.192996785,0.19513413135999538,0.002137346359995379
114200.00399999999,0.19326213,0.19538579923829733,0.002123669238297321
114270.00399999999,0.1934844851,0.19561885540546764,0.0021343703054676477
114340.00399999999,0.1937261224,0.19584660362000447,0.0021204812200044665
114420.00399999999,0.1939810812,0.19609916181653989,0.002118080616539897
114490.00399999999,0.1942404956,0.1963168019599274,0.0020763063599273934
114570.00399999999,0.1944902986,0.19658728731235714,0.0020969887123571396
114640.00399999999,0.1947119087,0.19682544945225874,0.0021135407522587524
114720.00399999999,0.1949690878,0.19708669550884597,0.0021176077088459755
114790.00399999999,0.1951966286,0.19729862407403845,0.0021019954740384428
114860.00399999999,0.1954204887,0.19750354757214408,0.002083058872144078
114940.00399999999,0.1956910193,0.19775726828010137,0.0020662489801013817
115010.00399999999,0.1959281862,0.19798332169968377,0.00205513549968378
115090.00399999999,0.1961601973,0.19823637660261384,0.002076179302613834
115160.00399999999,0.1963981092,0.19844878169836122,0.002050672498361217
115240.00399999999,0.1966760606,0.19871777184356068,0.0020417112435606732
115310.00399999999,0.196866557,0.19893328693992454,0.0020667299399245442
115380.00399999999,0.1971081793,0.19913308200821744,0.002024902708217452
115460.00399999999,0.1973712891,0.19936096973915188,0.001989680639151864
115530.00399999999,0.1975803077,0.1995824647105301,0.002002157010530081
115610.00399999999,0.1978612244,0.19984775707932506,0.0019865326793250537
115680.00399999999,0.1980813593,0.2000773112951506,0.0019959519951505966
115760.00399999999,0.1983429939,0.2003232469309329,0.0019802530309329103
115830.00399999999,0.1985772252,0.20052680955368005,0.001949584353680034
115900.00399999999,0.1987595558,0.2007662191477422,0.0020066633477422158
115980.00399999999,0.1990285963,0.20102135969103718,0.0019927633910371834
116050.00399999999,0.1992442906,0.20122360726953728,0.0019793166695372677
116130.00399999999,0.1994992644,0.2015022344819679,0.0020029700819679253
116200.00399999999,0.199725315,0.20170967471615267,0.001984359716152684
116280.00399999999,0.1999773234,0.20194864286351605,0.001971319463516058
116350.00399999999,0.2001885772,0.2021660219576566,0.001977444757656599
116420.00399999999,0.200399071,0.2023943764135827,0.0019953054135826986
116500.00399999999,0.2006651461,0.2026171658985201,0.0019520197985201104
116570.00399999999,0.2009112388,0.20284142004927935,0.0019301812492793502
116650.00399999999,0.2011736035,0.20310500373579704,0.0019314002357970483
116720.00399999999,0.2013892978,0.2033315273475489,0.0019422295475488849
116800.00399999999,0.2016057372,0.2035855654827837,0.001979828282783702
116870.00399999999,0.201851055,0.20380471384402785,0.0019536588440278446
116940.00399999999,0.2020734102,0.20402577736791125,0.0019523671679112509
117020.00399999999,0.202302441,0.20428447805759775,0.001982037057597752
117090.00399999999,0.2025396377,0.20451837827558284,0.001978740575582838
117170.00399999999,0.2027990371,0.2047705523619191,0.0019715152619191045
117240.00399999999,0.2030147314,0.20499625666528049,0.001981525265280476
117320.00399999999,0.2032719254,0.2052531904101137,0.0019812650101136975
117390.00399999999,0.2035165131,0.20547676023905723,0.0019602471390572362
117460.00399999999,0.2037069947,0.20572141866934543,0.0020144239693454247
117540.00399999999,0.2039842159,0.20597497039282384,0.0019907544928238485
117610.00399999999,0.2042087913,0.20620165880530544,0.0019928675053054457
117690.00399999999,0.2044652402,0.20647351695949465,0.002008276759494637
117760.00399999999,0.2046994567,0.20670849621479037,0.0020090395147903672
117840.00399999999,0.2049522102,0.20697273686695658,0.002020526666956568
117910.00399999999,0.2052182853,0.207211418310035,0.0019931330100350086
117980.00399999999,0.2054495364,0.20745637273907544,0.0020068363390754462
118060.00399999999,0.2057178617,0.2077392720898849,0.0020214103898849034
118130.00399999999,0.205950588,0.2079830682837131,0.0020324802837131117
118210.00399999999,0.2062218636,0.20824999577787318,0.0020281321778731765
118280.00399999999,0.206482023,0.2084951700925698,0.002013147092569806
118360.00399999999,0.2067407072,0.20878825027121267,0.0020475430712126597
118430.00399999999,0.206986025,0.20903812528268464,0.0020521002826846546
118500.00399999999,0.2072469443,0.2092862201810015,0.0020392758810014733
118580.00399999999,0.2074944973,0.20958003009510215,0.002085532795102152
118650.00399999999,0.2077768892,0.20983407440539115,0.0020571852053911377
118730.00399999999,0.2080288976,0.2100996302657502,0.0020707326657501968
118800.00399999999,0.2083142549,0.21038258063130644,0.002068325731306442
118880.00399999999,0.2085788697,0.21068387923037263,0.0021050095303726257
118950.00399999999,0.2088538408,0.2109530659138801,0.00209922511388011
119030.00399999999,0.2091140002,0.21127931852353632,0.0021653183235363083
119100.00399999999,0.2093838006,0.2115616631325718,0.002177862532571795
119170.00399999999,0.2096365392,0.2118244382432097,0.0021878990432097067
119250.00399999999,0.2099545151,0.21213922445150213,0.00218470935150214
119320.00399999999,0.2102272809,0.21242855353168508,0.0022012726316850695
119400.00399999999,0.2105719298,0.21276031201499795,0.0021883822149979526
119470.00399999999,0.2108313292,0.21304529100048883,0.0022139618004888284
119550.00399999999,0.2111456096,0.21337208244224637,0.002226472842246363
119620.00399999999,0.2114161402,0.21366693678337725,0.0022507965833772625
119690.00399999999,0.2117229998,0.21397299012213694,0.0022499903221369355
119770.00399999999,0.212017253,0.2143308534171982,0.0023136004171982194
119840.00399999999,0.2123137265,0.21464533730050328,0.0023316108005032865
119920.00399999999,0.2126517147,0.2149981149870455,0.002346400287045497
119990.00399999999,0.2129489183,0.21530157493868932,0.0023526566386893044
120070.00399999999,0.2132824659,0.21565715352953801,0.0023746876295380193
120140.00399999999,0.2135915458,0.21597043437933724,0.0023788885793372405
120210.00399999999,0.2139310092,0.21628102962801435,0.0023500204280143544
120290.00399999999,0.2142363787,0.21664708093330998,0.0024107022333099692
120360.00399999999,0.2145929039,0.21698496750157878,0.0023920636015787866
120440.00399999999,0.2149620056,0.21735162164157257,0.002389616041572562
120510.00399999999,0.2152392119,0.21768995937013647,0.0024507474701364607
120590.00399999999,0.2156342715,0.2180687879267786,0.00243451642677861
120660.00399999999,0.2159618735,0.2183929932265121,0.002431119726512082
120730.00399999999,0.2162650228,0.2187294488143046,0.002464426014304577
120810.00399999999,0.2166371047,0.21910363962570642,0.0024665349257064206
120880.00399999999,0.2169854641,0.21943093144189682,0.002445467341896823
120960.00399999999,0.2173805237,0.21981795483457575,0.002437431134575757
121030.00399999999,0.2177103609,0.22017987344595094,0.0024695125459509304
121110.00399999999,0.2181009501,0.2205346293725258,0.0024336792725258016
121180.00399999999,0.2184471041,0.2208747881812052,0.0024276840812051947
121250.00399999999,0.2187695205,0.22120871617267202,0.0024391956726720065
121330.00399999999,0.2191341817,0.2215678478005334,0.002433666100533388
121400.00399999999,0.2195129246,0.2219088326179364,0.0023959080179364045
121480.00399999999,0.2198916823,0.22225658616441976,0.0023649038644197595
121550.00399999999,0.220217064,0.22255754371271705,0.0023404797127170585
121630.00399999999,0.22058025,0.2229048623547232,0.002324612354723199
121700.00399999999,0.22093454,0.22320872902211666,0.0022741890221166516
121770.00399999999,0.221236214,0.22349068331056843,0.002254469310568441
121850.00399999999,0.2216097713,0.22379340338469908,0.002183632084699072
121920.00399999999,0.2219166309,0.2240662650829501,0.002149634182950111
122000.00399999999,0.2222761065,0.22438806270126704,0.0021119562012670567
122070.00399999999,0.2225933224,0.2246106069034735,0.002017284503473521
122150.00399999999,0.2229038924,0.2249012436224059,0.0019973512224059076
122220.00399999999,0.2232055515,0.2251351384174504,0.0019295869174504043
122290.00399999999,0.2234597951,0.22535368291366187,0.0018938878136618709
122370.00399999999,0.223794058,0.22561844549947038,0.0018243874994703924
122440.00399999999,0.2240371704,0.225844159616712,0.0018069892167119905
122520.00500000003,0.2243284732,0.2260949087079098,0.0017664355079098082
122590.00500000003,0.2245574892,0.22629624310936647,0.0017387539093664806
122670.00500000003,0.2247998714,0.22649821098472245,0.001698339584722458
122740.00500000003,0.225079298,0.22669298895170492,0.0016136909517049103
122810.00500000003,0.2252853364,0.2268444209856075,0.0015590845856074953
122890.00500000003,0.2255091965,0.22702959714278514,0.0015204006427851358
122960.00500000003,0.2257426679,0.22720871354213065,0.0014660456421306534
123040.00500000003,0.2259383351,0.22737520736876088,0.0014368722687608804
123110.00500000003,0.2261184454,0.227540628458705,0.0014221830587050066
123190.00500000003,0.2263133824,0.227690397977243,0.0013770155772429848
123260.00500000003,0.2265357375,0.22781032821440145,0.0012745907144014468
123330.00500000003,0.226663962,0.22794764605447784,0.001283684054477846
123410.00500000003,0.2268373966,0.22810006192949545,0.0012626653294954548
123480.00500000003,0.2269915789,0.22821294599561068,0.001221367095610687
123560.00500000003,0.2271435261,0.22834622886795894,0.0012027027679589464
123630.00500000003,0.2273162156,0.22847418323064955,0.0011579676306495423
123710.00500000003,0.2274303585,0.22861705938753055,0.001186700887530534
123780.00500000003,0.2275719196,0.22871732483646837,0.001145405236468361
123860.00500000003,0.2277090549,0.22882136834023503,0.0011123134402350188
123930.00500000003,0.2278135568,0.22892463607053284,0.0011110792705328332
124000.00500000003,0.2279684693,0.22904817376266928,0.0010797044626692787
124080.00500000003,0.228081122,0.22915693718406988,0.0010758151840698782
124150.00500000003,0.2281922996,0.22923798207716245,0.0010456824771624407
124230.00500000003,0.2282827199,0.2293232663692757,0.001040546469275705
124300.00500000003,0.228435427,0.22940017788799485,0.0009647508879948585
124380.00500000003,0.2285176963,0.2295114326973786,0.0009937363973785973
124450.00500000003,0.2286310941,0.22957825144659952,0.0009471573465995309
124520.00500000003,0.2286896408,0.22966023945135758,0.0009705986513575682
124600.00500000003,0.2288023084,0.2297586453069069,0.0009563369069069128
124670.00500000003,0.2288793921,0.22983157367048182,0.0009521815704818248
124750.00500000003,0.2289890796,0.22991939758680421,0.0009303179868042077
124820.00500000003,0.2290617377,0.229995345032168,0.0009336073321680183
124900.00500000003,0.2291640192,0.23007978961452738,0.0009157704145273671
124970.00500000003,0.2292485088,0.23015357107427775,0.0009050622742777514
125040.00500000003,0.2293285578,0.23023665561331827,0.0009080978133182704
125120.00500000003,0.2294063866,0.23028434088434144,0.0008779542843414256
125190.00500000003,0.2294753045,0.23033757518178444,0.0008622706817844328
125270.00500000003,0.2295575738,0.2304149171617247,0.0008573433617247161
125340.00500000003,0.2296198457,0.23048150680744398,0.0008616611074439839
125420.00500000003,0.2297028601,0.23058246235867558,0.0008796022586755881
125490.00500000003,0.2297651321,0.2306272845855898,0.0008621524855897955
125560.00500000003,0.2298481315,0.23067159154836026,0.0008234600483602583
125640.00500000003,0.2299192846,0.2307464677763715,0.0008271831763715098
125710.00500000003,0.229984507,0.23081530444976345,0.0008307974497634429
125790.00500000003,0.2300682664,0.2308986396996909,0.0008303732996909063
125860.00500000003,0.2301097661,0.2309572871960198,0.0008475210960197932
125940.00500000003,0.2301883399,0.23101918681861755,0.0008308469186175393
126010.00500000003,0.2302468866,0.23108168519206998,0.0008347985920699741
126080.00500000003,0.2302943319,0.23114253418170702,0.0008482022817070112
126160.00500000003,0.230374366,0.23121088894602904,0.0008365229460290391
126230.00500000003,0.2304514647,0.2312720700551282,0.0008206053551282066
126310.00500000003,0.2305078059,0.23134187720537436,0.0008340713053743565
126380.00500000003,0.2305730283,0.23139361286625001,0.0008205845662500044
126460.00500000003,0.230641216,0.23145654312877303,0.0008153271287730246
126530.00500000003,0.2306997627,0.23151773971778178,0.0008179770177817736
126600.00500000003,0.2307605445,0.2315815104519134,0.000820965951913416
126680.00500000003,0.2308116853,0.23165253541872158,0.0008408501187215645
126750.00500000003,0.2308731973,0.23170633674722488,0.0008331394472248788
126830.00500000003,0.2309384197,0.23176233681554606,0.0008239171155460523
126900.00500000003,0.2309865952,0.2318187330354474,0.0008321378354473885
126980.00500000003,0.2310607135,0.23189269669911997,0.0008319831991199789
127050.00500000003,0.2311207652,0.23193989132488801,0.00081912612488802
127120.00500000003,0.2311882228,0.2320049253941818,0.0008167025941817896
127200.00500000003,0.2312527001,0.23207254108777878,0.0008198409877787638
127270.00500000003,0.2313053161,0.23212757347683285,0.0008222573768328634
127350.00500000003,0.2313809246,0.23220378749467008,0.0008228628946700678
127420.00500000003,0.231428355,0.23227489067141016,0.0008465356714101591
127500.00500000003,0.2315032184,0.23234076305367277,0.0008375446536727782
127570.00500000003,0.2315587997,0.2324006733004484,0.0008418736004483784
127640.00500000003,0.231615141,0.23246570750572748,0.0008505665057274847
127720.00500000003,0.2316899896,0.23251965547576148,0.0008296658757614706
127790.00500000003,0.2317500263,0.2325984802813652,0.0008484539813652103
127870.00500000003,0.2318234146,0.2326834671314828,0.0008600525314828023
127940.00500000003,0.2318923473,0.23274974598663276,0.0008573986866327599
128020.00500000003,0.2319709212,0.2328196538610252,0.0008487326610251977
128090.00500000003,0.2320361435,0.23288348064486936,0.0008473371448693423
128160.00500000003,0.2320961803,0.2329303097530109,0.0008341294530108956
128240.00500000003,0.232154727,0.23299758217051328,0.0008428551705132736
128310.00500000003,0.2322399616,0.23308207169379472,0.000842110093794729
128390.00500000003,0.2323089093,0.2331642128087796,0.0008553035087796035
128460.00500000003,0.2323748767,0.23324046391654132,0.0008655872165413137
128540.00500000003,0.2324134111,0.23333062514875694,0.0009172140487569425
128610.00500000003,0.2325023711,0.23340681192632726,0.000904440826327263
128680.00500000003,0.2326053977,0.23347182418250514,0.0008664264825051504
128760.00500000003,0.2326883972,0.23358340277181305,0.0008950055718130456
128830.00500000003,0.2327677161,0.2336790691112235,0.000911353011223498
128910.00500000003,0.2328484952,0.23376888469870583,0.0009203894987058203
128980.00500000003,0.2329315096,0.23383139035966646,0.0008998807596664604
129060.00500000003,0.2329848707,0.23394422708134824,0.0009593563813482253
129130.00500000003,0.2330834568,0.2340343879374065,0.000950931137406491
129210.00500000003,0.2331753671,0.23410449259338753,0.0009291254933875281
129280.00500000003,0.2332613468,0.23416871096674902,0.0009073641667490251
129350.00500000003,0.2333680838,0.2342859825579138,0.0009178987579138154
129430.00500000003,0.2334851921,0.23438966760236812,0.000904475502368135
129500.00500000003,0.2335348427,0.23450330967911678,0.0009684669791167888
129580.00500000003,0.2335793078,0.23461961791549665,0.0010403101154966565
129650.00500000003,0.2337001413,0.23470637920181586,0.0010062379018158651
129730.00500000003,0.2338239104,0.23483894528491173,0.0010150348849117252
129800.00500000003,0.233890608,0.23492908012240485,0.0010384721224048488
129870.00500000003,0.2340358943,0.23503349969339743,0.0009976053933974383
129950.00500000003,0.2340959162,0.23516717396444214,0.0010712577644421406
130020.00500000003,0.2342034131,0.23528601291595788,0.0010825998159578742
130100.00500000003,0.2343479544,0.23540095987668186,0.0010530054766818564
130170.00500000003,0.2344368845,0.2355208270839957,0.0010839425839956895
130250.00500000003,0.2346021682,0.23566968746282982,0.0010675192628298302
130320.00500000003,0.2346955687,0.23580791660102482,0.0011123479010248238
130390.00500000003,0.2348082215,0.23594996879875452,0.0011417472987545196
130470.00500000003,0.2349512726,0.23612898822914635,0.001177715629146342
130540.00500000003,0.2350943238,0.23627418740086256,0.0011798636008625574
130620.00500000003,0.2352202982,0.23643338742510805,0.0012130892251080438
130690.00500000003,0.2353707701,0.23658030336429817,0.0012095332642981793
130770.00500000003,0.2355308682,0.23676327139132253,0.0012324031913225342
130840.00500000003,0.2356783897,0.23691107866309472,0.0012326889630947246
130910.00500000003,0.2358266264,0.23706665974422259,0.0012400333442225964
130990.00500000003,0.2359941453,0.23726347182294918,0.0012693265229491713
131060.00500000003,0.2361342162,0.2374470846027105,0.0013128684027104986
131140.00500000003,0.2363224775,0.23765613643928357,0.001333658939283583
131210.00500000003,0.2364892513,0.2378419875925212,0.001352736292521195
131290.00500000003,0.2366752774,0.23805449720565458,0.0013792198056545857
131360.00500000003,0.2368664891,0.23823877729565984,0.0013722881956598487
131430.00500000003,0.2370118052,0.23844066407946368,0.0014288588794636736
131510.00500000003,0.2372593433,0.2386860845808502,0.0014267412808501856
131580.00500000003,0.2374394685,0.2389116631095249,0.0014721946095249128
131660.00500000003,0.2376529127,0.23917407354553924,0.0015211608455392434
131730.00500000003,0.2378500849,0.2393989826796757,0.0015488977796756787
131810.00500000003,0.2381087393,0.23967410997172764,0.0015653706717276283
131880.00500000003,0.2383474261,0.23992196101281626,0.0015745349128162556
131950.00500000003,0.2385579199,0.24018067251742345,0.0016227526174234508
132030.00500000003,0.2388284653,0.24049338702274137,0.0016649217227413804
132100.00500000003,0.2390500754,0.24078764922010285,0.001737573820102839
132180.00500000003,0.2393509895,0.24110396171741413,0.0017529722174141338
132250.00500000003,0.2396267205,0.24138931047269405,0.0017625899726940453
132330.00500000003,0.2399113327,0.24173653003999332,0.001825197339993312
132400.00500000003,0.2401759475,0.24204884140241195,0.001872893902411965
132470.00500000003,0.2404746264,0.24238300220293746,0.0019083758029374565
132550.00500000003,0.2407933623,0.24276725082187983,0.001973888521879824
132620.00500000003,0.2411254197,0.2431115863496398,0.001986166649639798
132700.00500000003,0.2414626628,0.24353304563625627,0.002070382836256268
132770.00500000003,0.2417932302,0.24392275651904596,0.0021295263190459768
132850.00500000003,0.2421919852,0.2443670131672098,0.0021750279672098083
132920.00500000003,0.2425247878,0.24476066205477492,0.002235874254774922
132990.00500000003,0.2429094762,0.2451618713964214,0.0022523951964213973
133070.00500000003,0.2433504611,0.2456496339311847,0.0022991728311846926
133140.00500000003,0.243724063,0.24611121825699966,0.0023871552569996735
133220.00500000003,0.2441850752,0.24664717321450297,0.002462098014502978
133290.00500000003,0.2446193844,0.24712318693623048,0.002503802536230476
133370.00500000003,0.2450937778,0.24767706459697847,0.0025832867969784734
133440.00500000003,0.2455725819,0.24817837205324272,0.002605790153242721
133510.00500000003,0.2459950596,0.24871202634192097,0.0027169667419209564
133590.00500000003,0.2465665191,0.24933671775016616,0.0027701986501661724
133660.00500000003,0.247070536,0.24989112009103437,0.0028205840910343616
133740.00500000003,0.2476419955,0.2505473924836206,0.002905396983620634
133810.00500000003,0.2481667548,0.251150870066222,0.0029841152662219983
133890.00500000003,0.2487923056,0.2518444267632611,0.0030521211632610623
133960.00500000003,0.2493593544,0.2524796123921212,0.003120257992121178
134040.00500000003,0.2500197291,0.25323929056376304,0.0032195614637630654
134110.00500000003,0.2506356835,0.2538938213731853,0.003258137873185296
134180.00500000003,0.2512597442,0.2545718967432718,0.0033121525432717736
134260.00500000003,0.2519705594,0.25537727451249115,0.003406715112491132
134330.00500000003,0.2526368797,0.25611291751950627,0.0034760378195062835
134410.00500000003,0.2533973455,0.2569773009601337,0.0035799554601337324
134480.00500000003,0.2541029751,0.2577504494966266,0.0036474743966266043
134560.00500000003,0.2549116015,0.25862782927856104,0.0037162277785610653
134630.00500000003,0.2556365132,0.2594238032944603,0.0037872900944602716
134700.00500000003,0.2564014196,0.26026667211386206,0.0038652525138620497
134780.00500000003,0.25729087,0.2612520835495593,0.003961213549559306
134850.00500000003,0.2580483556,0.26214484609063243,0.004096490490632432
134930.00500000003,0.2589986026,0.2631600764019857,0.004161473801985671
135000.00500000003,0.2598287165,0.26406053265352836,0.004231816153528356
135080.00500000003,0.2608233988,0.2651650963143378,0.004341697514337828
135150.00500000003,0.2616831958,0.2661289273179257,0.004445731517925711
135220.00500000003,0.2626126409,0.2671137935283597,0.00450115262835965
135300.00500000003,0.2636814415,0.26827869664236165,0.004597255142361645
135370.00500000003,0.2646487057,0.2693393799170964,0.004690674217096402
135450.00500000003,0.2657434642,0.2705686234571072,0.004825159257107192
135520.00500000003,0.2667789161,0.27165487915772196,0.004875963057721977
135600.00500000003,0.2679351866,0.2729295127670733,0.004994326167073293
135670.00500000003,0.2690024972,0.27406182779942934,0.0050593305994293125
135740.00500000003,0.2700742781,0.2752021807522194,0.005127902652219407
135820.00500000003,0.2712905705,0.27656844712417683,0.005277876624176836
135890.00500000003,0.2724142373,0.2777713896250211,0.005357152325021153
135970.00500000003,0.2737128139,0.279180158650757,0.005467344750756997
136040.00500000003,0.2748965025,0.2804404644421518,0.005543961942151843
136120.00500000003,0.2762862444,0.2818950924444353,0.005608848044435288
136190.00500000003,0.2775010467,0.28317029279829514,0.0056692460982951665
136260.00500000003,0.2787514627,0.2844925947520716,0.005741132052071607
136340.00500000003,0.2802019715,0.28604285727554823,0.005840885775548255
136410.00500000003,0.2814597785,0.2873970504252219,0.005937271925221921
136490.00500000003,0.2829607129,0.2889469375208689,0.005986224620868896
136560.00500000003,0.2842793167,0.2903572037005278,0.006077887000527804
136640.00500000003,0.2858335972,0.2919808577018491,0.0061472605018491056
136710.00500000003,0.2872166634,0.29341408156095583,0.006197418160955814
136780.00500000003,0.2885715961,0.2948851288485015,0.006313532748501494
136860.00500000003,0.2901977599,0.2965470535388827,0.006349293638882703
136930.00500000003,0.2916349471,0.2980267414982315,0.0063917943982315095
137010.00500000003,0.2932752073,0.2997531420990079,0.006477934799007878
137080.00500000003,0.294733882,0.3012831530035966,0.006549271003596591
137160.00500000003,0.2964297533,0.30302350961177166,0.00659375631177167
137230.00500000003,0.2979440093,0.3045744499064665,0.006630440606466503
137300.00500000003,0.2994745672,0.30614763432439446,0.006673067124394472
137380.00500000003,0.3012304902,0.3079691290826645,0.006738638882664516
137450.00500000003,0.3027654886,0.30956349195199045,0.006798003351990434
137530.00500000003,0.3045495749,0.31139876575678854,0.006849190856788534
137600.00500000003,0.3061305583,0.31302219606803633,0.006891637768036307
137680.00500000003,0.3079509139,0.31489892806881986,0.006948014168819849
137750.00500000003,0.3095504344,0.3165587236408073,0.007008289240807264
137820.00500000003,0.3111692071,0.318211083640587,0.0070418765405869665
137900.00500000003,0.3130185008,0.32010190685886614,0.0070834060588661485
137970.00500000003,0.3146573007,0.321769016727585,0.0071117160275850355
138050.00500000003,0.3165992498,0.32369733335039896,0.007098083550398981
138120.00500000003,0.3182595372,0.32541748843925195,0.007157951239251947
138200.00500000003,0.3201577365,0.3273775249011519,0.007219788401151894
138270.00500000003,0.3218506575,0.32910084827961683,0.007250190779616805
138340.00500000003,0.3235501945,0.3308467820731236,0.007296587573123625
138420.00500000003,0.3255010545,0.3328707030480101,0.007369648548010088
138490.00500000003,0.3272413909,0.3346375853214747,0.007396194421474711
138570.00500000003,0.3292604089,0.33669232533774,0.007431916437739994
138640.00500000003,0.3309970498,0.3384871671207605,0.007490117320760492
138720.00500000003,0.3330219984,0.3405473807891559,0.007525382389155899
138790.00500000003,0.3348016441,0.34237536679482117,0.00757372269482115
138870.00500000003,0.3368769884,0.3445124955146976,0.007635507114697571
138940.00500000003,0.3386692107,0.346352164796111,0.007682954096110972
139010.00500000003,0.3405170441,0.3482222906768984,0.007705246576898417
139090.00500000003,0.3425923884,0.350394688932133,0.007802300532132989
139160.00500000003,0.3444802463,0.3522893542536494,0.0078091079536493635
139240.00500000003,0.3465881944,0.3544362881137619,0.007848093713761883
139310.00500000003,0.3484790027,0.35636457634413277,0.007885573644132782
139390.00500000003,0.3506381214,0.3586005495834862,0.007962428183486192
139460.00500000003,0.3525504172,0.3605603036566671,0.008009886456667059
139530.00500000003,0.354454577,0.3625279924904266,0.008073415490426616
139610.00500000003,0.3567078412,0.36478287615317617,0.008075034953176186
139680.00500000003,0.3586268127,0.36677323058032135,0.008146417880321333
139760.00500000003,0.3608978391,0.3690806228724231,0.008182783772423097
139830.00500000003,0.3628902137,0.3711273054410717,0.008237091741071678
139910.00500000003,0.3651560545,0.37346386833497336,0.008307813834973365
139980.00500000003,0.3671743274,0.3755116195989032,0.008337292198903223
140050.00500000003,0.3691993058,0.3775764424101971,0.008377136610197122
140130.00500000003,0.3715451956,0.3799713488595173,0.008426153259517288
140200.00500000003,0.3735857606,0.38205751501543217,0.008471754415432187
140280.00500000003,0.3759672344,0.3844931170086528,0.00852588260865278
140350.00500000003,0.3780692816,0.3866362862561037,0.008567004656103716
140430.00500000003,0.3804596663,0.3890917454212753,0.008632079121275282
140500.00500000003,0.3825832009,0.3912562445411014,0.008673043641101441
140570.00500000003,0.3847185969,0.3934092881911794,0.008690691291179387
140650.00500000003,0.3871653378,0.39592188993991895,0.008756552139918938
140720.00500000003,0.3893511593,0.39814703960822406,0.008795880308224036
140800.00500000003,0.3917986155,0.400699041743015,0.008900426243015014
140870.00500000003,0.3939851522,0.40295353307728876,0.00896838087728874
140950.00500000003,0.3965393305,0.405492954242269,0.00895362374226899
141020.00500000003,0.3987414539,0.40773806276601815,0.008996608866018163
141090.00500000003,0.4010021389,0.41001290397614576,0.009010765076145733
141170.00500000003,0.4035919011,0.4126667889675002,0.009074887867500214
141240.00500000003,0.4058570266,0.414982058228316,0.009125031628316016
141320.00500000003,0.4084630907,0.4176514944125657,0.00918840371256574
141390.00500000003,0.4107170999,0.41999252552228,0.009275425622280009
141470.00500000003,0.4133743346,0.4226320106538007,0.009257676053800679
141540.00500000003,0.4157402515,0.42483755294497394,0.009097301444973949
141610.00500000003,0.4180750549,0.42722507393726566,0.009150019037265644
141690.00500000003,0.4207389355,0.42994251335505745,0.009203577855057432
141760.00500000003,0.4229180813,0.43234445935088417,0.009426378050884143
141840.00500000003,0.4256220162,0.43515324302242314,0.009531226822423133
141910.00500000003,0.4280087054,0.43757955280365296,0.009570847403652938
141990.00500000003,0.4307555854,0.4404242162106898,0.009668630810689804
142060.00500000003,0.4332334697,0.44293751844258933,0.009704048742589344
142130.00500000003,0.4356794655,0.44546593126632805,0.009786465766328079
142210.00500000003,0.438475281,0.44837492799831813,0.009899646998318135
142280.00500000003,0.4409968555,0.45096738100042155,0.009970525500421545
142360.00500000003,0.4439350069,0.45385641389392,0.009921406993920023
142430.00500000003,0.4464224875,0.4564026570188868,0.009980169518886806
142510.00500000003,0.449388057,0.4594240155872488,0.010035958587248817
142580.00500000003,0.4518978298,0.4620876801225008,0.010189850322500804
142650.00500000003,0.454488337,0.46479111365577724,0.010302776655777224
142730.00500000003,0.4574998617,0.4679286637983136,0.010428802098313594
142800.00500000003,0.4601363242,0.47069836168870555,0.010562037488705545
142880.00500000003,0.4632338285,0.4738641527236206,0.01063032422362059
142950.00500000003,0.4659363031,0.47668476183908326,0.010748458739083255
143030.00500000003,0.4691182971,0.4799606146344846,0.010842317534484558
143100.00500000003,0.4719163477,0.4828644936169049,0.010948145916904906
143170.00500000003,0.4746832848,0.4857853303724369,0.01110204557243688
143250.00500000003,0.4779853821,0.4890574693610045,0.011072087261004504
143320.00500000003,0.4808464646,0.49198414120521694,0.011137676605216917
143400.00500000003,0.4842004478,0.4953891825620184,0.011188734762018426
143470.00500000003,0.4871712029,0.49842699883917185,0.011255795939171864
143550.00500000003,0.4904043376,0.5019888255202111,0.01158448792021105
143620.00500000003,0.4933610857,0.5051071922718504,0.011746106571850434
143700.00500000003,0.4968180954,0.5087547646039963,0.011936669203996275
143770.00500000003,0.4999415576,0.5119932487958818,0.012051691195881842
143840.00500000003,0.5030798912,0.515256887318249,0.012176996118249073
143920.00500000003,0.5066732168,0.5190420891813253,0.012368872381325335
143990.00500000003,0.5098827481,0.5223782950689694,0.012495546968969373
144070.00500000003,0.5136413574,0.5262387700276712,0.012597412627671112
144140.00500000003,0.51694417,0.5296922705612072,0.01274810056120712
144220.00500000003,0.5207569599,0.5337258712405509,0.012968911340550893
144290.00500000003,0.5241584778,0.5373014828530046,0.013143005053004586
144360.00500000003,0.5275502801,0.5409327768246484,0.013382496724648307
144440.00500000003,0.5315809846,0.545125982235867,0.013544997635866918
144510.00500000003,0.5351336002,0.5488637772452057,0.013730177045205738
144590.00500000003,0.5392406583,0.5532703232498123,0.014029664949812282
144660.00500000003,0.5429496765,0.5571530986800942,0.014203422180094183
144740.00500000003,0.5471923947,0.5616805954364382,0.014488200736438195
144810.00500000003,0.5510563254,0.5657399984646941,0.014683673064694092
144880.00500000003,0.5549017787,0.5698654095747964,0.014963630874796352
144960.00500000003,0.5594439507,0.574656599336484,0.015212648636484083
145030.00500000003,0.5634509325,0.5789468108481174,0.015495878348117387
145110.00500000003,0.5681762099,0.5839402650321805,0.0157640551321806
145180.00500000003,0.5723388791,0.5883950312015283,0.01605615210152822
145260.00500000003,0.5772004724,0.5935556420717036,0.016355169671703584
145330.00500000003,0.5815551877,0.5981662697492844,0.01661108204928441
145400.00500000003,0.5860238671,0.6029180934313048,0.016894226331304774
145480.00500000003,0.5911886692,0.6084386751922187,0.01725000599221871
145550.00500000003,0.5957865119,0.6133509855000784,0.0175644736000784
145630.00500000003,0.6011298895,0.6190866072687494,0.01795671776874941
145700.00500000003,0.6059418917,0.624258630512477,0.018316738812476974
145780.00500000003,0.6115766168,0.6302930513810182,0.018716434581018238
145850.00500000003,0.6165628433,0.6356908447594731,0.019128001459473132
145920.00500000003,0.6216816902,0.6412304320497673,0.019548741849767293
146000.00500000003,0.6277188659,0.6476267208062271,0.01990785490622704
146070.00500000003,0.6330727339,0.653431113055351,0.020358379155350992
146150.00500000003,0.6393975019,0.6602452795334804,0.020847777633480447
146220.00500000003,0.6449708343,0.6663316502279468,0.021360815927946808
146300.00500000003,0.6515572667,0.6735150884991745,0.021957821799174493
146370.00500000003,0.6574937105,0.6800026878753886,0.022508977375388595
146440.00500000003,0.6635754704,0.6866311829172872,0.02305571251728722
146520.00500000003,0.6706985831,0.6944622838467555,0.02376370074675549
146590.00500000003,0.6771168113,0.7015653883655516,0.02444857706555159
146670.00500000003,0.6846609712,0.709981164982018,0.025320193782017997
146740.00500000003,0.691496551,0.7177233447864925,0.026226793786492508
146820.00500000003,0.69956249,0.7268988459565333,0.027336355956533276
146890.00500000003,0.7069073319,0.7352303726008226,0.028323040700822588
146960.00500000003,0.7145137787,0.7439644123680538,0.029450633668053783
147040.00500000003,0.7235093117,0.7546353023575109,0.03112599065751087
147110.00500000003,0.7318310142,0.7644773518157032,0.032646337615703236
147190.00500000003,0.7417516112,0.7763261249133986,0.03457451371339859
147260.00500000003,0.7509969473,0.7871181727834896,0.036121225483489616
147340.00500000003,0.7621079683,0.8000959799581752,0.037988011658175114
147410.00500000003,0.7723627687,0.8120754015670372,0.03971263286703719
147480.00500000003,0.7831054926,0.8243872969839132,0.04128180438391327
147560.00500000003,0.7960139513,0.839025915059077,0.04301196375907701
147630.00500000003,0.8078306317,0.8522529195868882,0.04442228788688818
147710.00500000003,0.8217791319,0.8681335923216217,0.046354460421621724
147780.00500000003,0.8345024586,0.8826972510443329,0.04819479244433289
147860.00500000003,0.8496102095,0.8999123154378548,0.05030210593785478
147930.00500000003,0.8634171486,0.9155610041542457,0.05214385555424572
148000.00500000003,0.8777526617,0.9317160919749256,0.05396343027492556
148080.00500000003,0.8948885202,0.9507426247647787,0.055854104564778684
148150.00500000003,0.9104456306,0.9677508974571994,0.05730526685719939
148230.00500000003,0.9288868904,0.9874679501712074,0.05858105977120731
148300.00500000003,0.9455062151,1.0049418153055738,0.05943560020557381
148380.00500000003,0.9648837447,1.0249116255506379,0.060027880850637816
148450.00500000003,0.9821279645,1.0423853815986626,0.06025741709866261
148521.31000000003,1.0000014305,1.0601851604751522,0.0601837299751522
