time_s,voltage_exp_V,voltage_sim_V,residual_V
0.0,0.0824038908,0.10984888941714695,0.027444998617146943
59.99900000001071,0.0966956839,0.11658949522502869,0.019893811325028696
129.9990000000107,0.1093002856,0.11642171034059332,0.00712142474059331
209.9990000000107,0.1107856184,0.11642779749157893,0.005642179091578936
279.9990000000107,0.1114801168,0.11652903480976323,0.005048918009763231
359.9990000000107,0.1120612025,0.11666541489278162,0.004604212392781623
429.9990000000107,0.1124718189,0.11671669516551363,0.00424487626551362
509.9990000000107,0.1129113585,0.11680382336851163,0.003892464868511622
579.9990000000107,0.1132307947,0.11689880536228546,0.003668010662285462
649.9990000000107,0.1134968847,0.11700747178484813,0.003510587084848138
729.9990000000107,0.1137874275,0.117099944800347,0.003312517300346998
799.9990000000107,0.1140431464,0.11712925537752042,0.003086108977520416
879.9990000000107,0.1142677218,0.1171717715436014,0.0029040497436013946
949.9990000000107,0.1144448668,0.11721570168649205,0.0027708348864920462
1029.9990000000107,0.1146568358,0.11727242690881813,0.0026155911088181355
1099.9990000000107,0.1147717237,0.11732686664804469,0.0025551429480446947
1169.9990000000107,0.1149229258,0.1172990307841074,0.0023761049841073967
1249.9990000000107,0.115021497,0.11725759229086055,0.0022360952908605514
1319.9990000000107,0.1151504666,0.11722475080012382,0.002074284200123816
1399.9990000000107,0.1152082831,0.11719033123247209,0.001982048132472089
1469.9990000000107,0.1152987182,0.11716287453958321,0.0018641563395832145
1549.9990000000107,0.1153202057,0.11713397041112932,0.0018137647111293176
1619.9990000000107,0.1153557897,0.11711081042729615,0.0017550207272961499
1689.9990000000107,0.1154150814,0.11708941186046491,0.0016743304604649178
1769.9990000000107,0.1153780222,0.11705825444534823,0.0016802322453482316
1839.9990000000107,0.1153928488,0.11698805676120065,0.0015952079612006481
1919.9990000000107,0.1154143363,0.11690944804767202,0.001495111747672015
1989.9990000000107,0.1153913587,0.11684190962592039,0.0014505509259203908
2069.9990000000107,0.1153305918,0.11676600702908561,0.001435415229085607
2139.9990000000107,0.1152809262,0.11670072823843408,0.001419802038434087
2209.9990000000107,0.1152720302,0.11663639424459804,0.0013643640445980404
2289.9990000000107,0.115261659,0.11656227011364147,0.0013006111136414644
2359.9990000000107,0.115189746,0.11648919434863235,0.0012994483486323538
2439.9990000000107,0.1151297092,0.11640662104910522,0.0012769118491052223
2509.9990000000107,0.1151059866,0.11633516979844019,0.0012291831984401896
2589.9990000000107,0.1150163114,0.11625422020441593,0.0012379088044159325
2659.9990000000107,0.1149673909,0.11618408396138387,0.001216693061383875
2729.9990000000107,0.1149132848,0.11611451529505787,0.0012012304950578673
2809.9990000000107,0.1148406565,0.1160356660368601,0.001195009536860095
2879.9990000000107,0.1148213744,0.11596724971140542,0.0011458753114054199
2959.9990000000107,0.1147628278,0.11588960003518696,0.0011267722351869652
3029.9990000000107,0.1146894544,0.11582211080757958,0.001132656407579577
3109.9990000000107,0.1146620214,0.11574941916614331,0.0010873977661433193
3179.9990000000107,0.114623487,0.1156913926353095,0.0010679056353095073
3249.9990000000107,0.1145397276,0.11563371967070343,0.0010939920707034312
3329.9990000000107,0.114473775,0.11556828848825908,0.0010945134882590773
3399.9990000000107,0.114447087,0.11551142957870232,0.001064342578702318
3479.9990000000107,0.1143655628,0.11544676089787068,0.0010811980978706753
3549.9990000000107,0.1143084913,0.11539055099795557,0.0010820596979555785
3629.9990000000107,0.1142365932,0.1153266428687602,0.0010900496687601957
3699.9990000000107,0.1142180562,0.11527106985729971,0.0010530136572997062
3769.9990000000107,0.1141602546,0.11521571968666851,0.0010554650866685111
3849.9990000000107,0.1141128093,0.11515279505193254,0.0010399857519325373
3919.9990000000107,0.1140720546,0.11510144299480253,0.00102938839480253
3999.9990000000107,0.1140201688,0.1150457561444797,0.0010255873444797031
4069.9990000000107,0.1139653176,0.11499725970355963,0.0010319421035596271
4149.999000000011,0.1139408648,0.1149421504899818,0.0010012856899817985
4219.999000000011,0.1138956398,0.11489410838004384,0.0009984685800438348
4289.999000000011,0.1138481945,0.11484626490018195,0.0009980704001819468
4369.999000000011,0.1138304174,0.11479184223300949,0.0009614248330094971
4439.999000000011,0.1137837172,0.11474438884237168,0.0009606716423716799
4519.999000000011,0.1137036681,0.11469033468784376,0.000986666587843757
4589.999000000011,0.1136777252,0.11464325575427477,0.0009655305542747711
4669.999000000011,0.1136399359,0.11458966056535795,0.0009497246653579483
4739.999000000011,0.1135991663,0.11460045322239623,0.0010012869223962328
4809.999000000011,0.1135917455,0.11456296606705664,0.0009712205670566465
4889.999000000011,0.1135361642,0.11452023532314201,0.0009840711231420135
4959.999000000011,0.11349985,0.11448302906594489,0.0009831790659448891
5039.999000000011,0.1134605706,0.11444064101366865,0.0009800704136686406
5109.999000000011,0.1134338826,0.11440371949791112,0.0009698368979111222
5189.999000000011,0.1134071946,0.11436166415123973,0.0009544695512397339
5259.999000000011,0.1133560538,0.11432496857086735,0.0009689147708673573
5339.999000000011,0.1133345664,0.11428319732913818,0.000948630929138175
5409.999000000011,0.1133100986,0.11424677927747448,0.0009366806774744746
5479.999000000011,0.113252297,0.114210402927662,0.0009581059276620035
5559.999000000011,0.1132396907,0.1141745462200617,0.0009348555200617004
5629.999000000011,0.1132218987,0.1141438370344106,0.0009219383344105936
5709.999000000011,0.1131351888,0.11410880301474308,0.0009736142147430821
5779.999000000011,0.1131737232,0.11407830740984984,0.0009045842098498319
5859.999000000011,0.1131248176,0.11404357322235285,0.000918755622352857
5929.999000000011,0.1130936742,0.11401324004705304,0.0009195658470530499
5999.999000000011,0.1130469888,0.11398296741146278,0.0009359786114627872
6079.999000000011,0.1130462438,0.11394854669852601,0.0009023028985260112
6149.999000000011,0.1129906625,0.11391849780306404,0.0009278353030640341
6229.999000000011,0.1129587889,0.11388424565241222,0.0009254567524122209
6299.999000000011,0.1129402518,0.11385494457374822,0.000914692773748213
6379.999000000011,0.1129321009,0.11382512746388387,0.0008930265638838752
6449.999000000011,0.1128928214,0.11379905990543779,0.0009062385054377925
6519.999000000011,0.1128579825,0.11377309600720054,0.0009151135072005406
6599.999000000011,0.1128402054,0.11374351651618252,0.0009033111161825119
6669.999000000011,0.1127994359,0.1137176829310794,0.0009182470310794
6750.0,0.1127860993,0.11368827026883692,0.0009021709688369212
6820.0,0.1127645969,0.11366260133350341,0.0008980044335034076
6900.0,0.1127445847,0.11363331172160426,0.0008887270216042659
6970.0,0.112756446,0.11360779162341275,0.0008513456234127553
7040.0,0.1127134562,0.11358229059157592,0.0008688343915759095
7120.0,0.1127171665,0.11355924243566336,0.0008420759356633639
7190.0,0.112694934,0.11354719353982948,0.0008522595398294808
7270.0,0.1126845479,0.11353350434850935,0.0008489564485093526
7340.0,0.1126712114,0.11352158187259052,0.0008503704725905253
7420.0,0.112604484,0.11350798278960049,0.0009034987896004848
7490.0,0.1126393378,0.11349620706920224,0.00085686926920224
7560.0,0.1126185805,0.11348443302988706,0.0008658525298870651
7640.0,0.1125896722,0.11347102689384336,0.0008813546938433586
7710.0,0.1125540882,0.1134593391355443,0.000905250935544305
7790.0,0.1125466824,0.11344607137272952,0.0008993889727295229
7860.0,0.1125496477,0.11343453382433996,0.0008848861243399564
7940.0,0.1125370413,0.11341594374316678,0.0008789024431667819
8010.0,0.1124962717,0.1133982520773789,0.0009019803773789026
8080.0,0.1124992371,0.11338065261644668,0.0008814155164466875
8160.0,0.1124836802,0.11336052247274643,0.0008768422727464253
8230.0,0.1124940515,0.11334301073180898,0.000848959231808985
8310.0,0.1124681085,0.11332302334033904,0.0008549148403390466
8380.0,0.1124414355,0.11330557184295967,0.0008641363429596621
8460.0,0.1124480963,0.11328568778081594,0.0008375914808159413
8530.0,0.1124110371,0.11326829987087088,0.0008572627708708785
8600.0,0.1124214232,0.11325098461091304,0.0008295614109130461
8680.0,0.1124021411,0.11323120378607246,0.0008290626860724543
8750.0,0.1124103069,0.11321336497421391,0.0008030580742139082
8830.0,0.1123591661,0.1131929891220913,0.0008338230220912984
8900.0,0.1123680472,0.11317521905847881,0.0008071718584788112
8980.0,0.1123717576,0.11315497736643042,0.0007832197664304208
9050.0,0.1123673171,0.1131372791127563,0.0007699620127562951
9120.0,0.1123465598,0.1131196024209627,0.0007730426209626995
9200.0,0.1123191416,0.11309942569510685,0.0007802840951068452
9270.0,0.1123228371,0.11308183815249287,0.0007590010524928664
9350.0,0.1123117208,0.11306176313070732,0.0007500423307073151
9420.0,0.1123013496,0.11304421023797405,0.0007428606379740466
9500.0,0.1122761518,0.11302600932447189,0.0007498575244718891
9570.0,0.1122843027,0.11301443720417266,0.0007301345041726554
9640.0,0.1122309417,0.1130028441756672,0.0007719024756671911
9720.0,0.112233907,0.11298969753033443,0.0007557905303344353
9790.0,0.1122131497,0.11297820758112889,0.0007650578811288916
9870.0,0.1121990681,0.11296508376749176,0.0007660156674917651
9940.0,0.1121746004,0.11295364693324444,0.0007790465332444402
10020.0,0.1121560782,0.11294059434173975,0.0007845161417397578
10090.0,0.1121405065,0.11292918950241289,0.0007886830024128877
10170.0,0.1121575534,0.11291622858378238,0.0007586751837823785
10240.0,0.1121464372,0.11290487438220312,0.0007584371822031144
10310.0,0.1121419966,0.11289343400977485,0.0007514374097748466
10390.0,0.1121056825,0.11288013910454868,0.0007744566045486817
10460.0,0.1121204942,0.11286856885404495,0.0007480746540449446
10540.0,0.1121027172,0.11285533939646193,0.0007526221964619384
10610.0,0.1120723188,0.11284377665251576,0.0007714578525157556
10690.0,0.1120626926,0.11283060960324738,0.0007679170032473814
10760.0,0.1120797396,0.11281914370816351,0.000739404108163505
10830.0,0.1120500863,0.11280763884073516,0.0007575525407351597
10910.0,0.1120560169,0.11279454887893796,0.0007385319789379591
10980.0,0.1120411903,0.11278311124407163,0.0007419209440716334
11060.0,0.11203897,0.11277007109051321,0.0007311010905132059
11130.0,0.1120241433,0.11276371162528263,0.0007395683252826302
11210.0,0.1120115519,0.11275852945634163,0.0007469775563416214
11280.0,0.1119848639,0.11275399994029091,0.0007691360402909131
11350.0,0.1119915396,0.11274950348628521,0.0007579638862852123
11430.0,0.1119907945,0.11274441444020795,0.0007536199402079502
11500.0,0.1119641066,0.11273993603079843,0.0007758294307984304
11580.0,0.1119863391,0.11273488624536432,0.00074854714536432
11650.0,0.1119633764,0.11273045581459828,0.0007670794145982901
11730.0,0.111977458,0.11272544925841674,0.0007479912584167359
11800.0,0.111968562,0.11272106900482107,0.0007525070048210736
11870.0,0.1119396538,0.11271565824056201,0.0007760044405620142
11950.0,0.1119433641,0.1127068831518151,0.000763519051815098
12020.0,0.1119211167,0.11269918961542838,0.0007780729154283766
12100.0,0.1119351983,0.11269046371706606,0.0007552654170660672
12170.0,0.1119344682,0.11268282631473928,0.0007483581147392782
12250.0,0.1119114906,0.11267410740313281,0.0007626168031328179
12320.0,0.111906305,0.11266650062515206,0.0007601956251520603
12390.0,0.1119300127,0.1126589277705339,0.0007289150705339087
12470.0,0.1118781418,0.11265023365870762,0.0007720918587076214
12540.0,0.111906305,0.11264269709270966,0.0007363920927096618
12620.0,0.1118685007,0.11263404844520256,0.0007655477452025578
12690.0,0.111879617,0.11262572112109287,0.0007461041210928693
12770.0,0.1118677557,0.11261557701887845,0.0007478213188784472
12840.0,0.1118877679,0.11260672606175536,0.0007189581617553509
12910.0,0.1118581295,0.11259785551820022,0.0007397260182002152
12990.0,0.111879617,0.11258778148764174,0.0007081644876417437
13060.0,0.1118729413,0.11257894904451245,0.0007060077445124463
13140.0,0.1118314415,0.1125688617449821,0.0007374202449820927
13210.0,0.1118551642,0.11256008425883586,0.0007049200588358645
13290.0,0.1118558943,0.11255005292857856,0.0006941586285785645
13360.0,0.1118299514,0.11254126566660859,0.000711314266608587
13430.0,0.1118136495,0.11253249086550018,0.0007188413655001835
13510.0,0.1118403375,0.11252702397931447,0.0006866864793144689
13580.0,0.1118284762,0.11252340208421971,0.0006949258842197104
13660.0,0.1118255109,0.11251929240959765,0.0006937815095976602
13730.0,0.1117988229,0.1125156987137947,0.000716875813794704
13810.0,0.1118306965,0.1125116253230306,0.0006809288230306132
13880.0,0.1117832661,0.11250804719528838,0.0007247810952883821
13950.0,0.1118017882,0.1125045021179192,0.0007027139179191927
14030.0,0.1118084639,0.11250046977033046,0.000692005870330456
14100.0,0.1117669642,0.11249692243283066,0.0007299582328306603
14180.0,0.1117751151,0.11249290613768644,0.0007177910376864327
14250.0,0.1117906719,0.11248946781752008,0.0006987959175200759
14330.0,0.1117610335,0.11248858605444267,0.0007275525544426786
14400.0,0.1117551029,0.11248781830491718,0.000732715404917178
14470.0,0.1117980927,0.11248710069436053,0.0006890079943605298
14550.0,0.1117810458,0.1124862565769604,0.0007052107769603966
14620.0,0.1117536128,0.11248549999849329,0.0007318871984932918
14700.0,0.1117810458,0.11248470470558339,0.000703658905583382
14770.0,0.1117840111,0.11248400194946341,0.0006999908494634138
14850.0,0.1117758453,0.11248320984387737,0.0007073645438773757
14920.0,0.1117654741,0.112482515568446,0.0007170414684460058
15000.0,0.1117261946,0.11248171812047536,0.0007555235204753652
15070.0,0.1117254496,0.11248033473257367,0.0007548851325736711
15140.0,0.1117380559,0.11247735039401162,0.0007392944940116247
15220.0,0.1117899418,0.11247397047298043,0.0006840286729804246
15290.0,0.1117943823,0.11247099816916563,0.0006766158691656338
15370.0,0.1117699295,0.11246759540322235,0.0006976659032223442
15440.0,0.1117462069,0.11246461897788555,0.0007184120778855468
15520.0,0.1117587984,0.11246127135052698,0.0007024729505269861
15590.0,0.1117625087,0.11245833395686523,0.0006958252568652346
15660.0,0.1117424965,0.11245539515219674,0.0007128986521967445
15740.0,0.1117491722,0.11245206891189018,0.0007028967118901802
15810.0,0.1117669642,0.1124491683852908,0.0006822041852908023
15890.0,0.1117091477,0.11244389655680662,0.0007347488568066191
15960.0,0.1117187887,0.1124377610102206,0.0007189723102205975
16040.0,0.1117180437,0.11243075814082347,0.0007127144408234642
16110.0,0.1117380559,0.1124246469511023,0.0006865910511023032
16180.0,0.1117484272,0.11241854479254855,0.0006701175925485497
16260.0,0.1117150784,0.11241154679548869,0.0006964683954886891
16330.0,0.111721009,0.1124054529517515,0.0006844439517515039
16410.0,0.1117187887,0.11239850486500247,0.0006797161650024669
16480.0,0.1117469519,0.11239243114602716,0.0006454792460271613
16560.0,0.111729905,0.11238548008284854,0.000655575082848539
16630.0,0.1117476821,0.11237942800728842,0.0006317459072884279
16700.0,0.1117417514,0.11237841715249187,0.000636665752491869
16780.0,0.1117046922,0.11237931399086765,0.0006746217908676494
16850.0,0.1117054373,0.11238014292531978,0.0006747056253197797
16930.0,0.111729905,0.11238112140994369,0.0006512164099436862
17000.0,0.1117350906,0.11238195539866615,0.0006468647986661441
17080.0,0.1117284149,0.1123829171303991,0.00065450223039909
17150.0,0.111702472,0.11238374488305411,0.0006812728830541126
17220.00100000002,0.111721009,0.11238461058861962,0.000663601588619625
17300.00100000002,0.1117165536,0.1123856036024643,0.000669050002464297
17370.00100000002,0.1117269397,0.11238644280718262,0.0006595031071826157
17450.00100000002,0.1116995066,0.1123852856384016,0.0006857790384015988
17520.00100000002,0.1117432415,0.1123843270946569,0.0006410855946568927
17600.00100000002,0.1117387861,0.11238320223254629,0.0006444161325462883
17670.00100000002,0.1116913557,0.11238220094990793,0.000690845249907937
17740.00100000002,0.1117084026,0.11238124760982705,0.0006728450098270472
17820.00100000002,0.1116972864,0.11238013687278153,0.0006828504727815349
17890.00100000002,0.1116980314,0.11237918237677508,0.0006811509767750829
17970.00100000002,0.1117313802,0.11237811848981168,0.0006467382898116825
18040.00100000002,0.1116972864,0.1123771487682427,0.0006798623682427035
18120.00100000002,0.1117402762,0.11237610361779933,0.0006358274177993284
18190.00100000002,0.1117098927,0.11237668210556179,0.0006667894055617934
18260.00100000002,0.1117276698,0.11238077492282568,0.0006531051228256812
18340.00100000002,0.111720264,0.11238541111306255,0.0006651471130625503
18410.00100000002,0.1117269397,0.11238950653713113,0.0006625668371311316
18490.00100000002,0.1117076576,0.11239415775283755,0.0006865001528375547
18560.00100000002,0.1117387861,0.11239826478940299,0.0006594786894029842
18640.00100000002,0.1117158234,0.11240293386275715,0.0006871104627571567
18710.00100000002,0.111729905,0.1124070461831836,0.0006771411831835994
18780.00100000002,0.1117336005,0.11241115771838824,0.0006775572183882334
18860.00100000002,0.1117106229,0.11241584267074115,0.0007052197707411445
18930.00100000002,0.1117454618,0.11241997894017638,0.0006745171401763839
19010.00100000002,0.1117476821,0.112421357163735,0.000673675063735002
19080.00100000002,0.1117573231,0.11241984428187404,0.0006625211818740429
19160.00100000002,0.111720264,0.11241810062615185,0.0006978366261518459
19230.00100000002,0.1117536128,0.1124166210586523,0.0006630082586523006
19300.00100000002,0.1117676944,0.11241513129177204,0.0006474368917720325
19380.00100000002,0.1117565781,0.11241342630765082,0.0006568482076508148
19450.00100000002,0.1117373109,0.1124119230181921,0.0006746121181921
19530.00100000002,0.1117684394,0.11241025377942446,0.0006418143794244546
19600.00100000002,0.1117350906,0.11240875177108388,0.0006736611710838752
19680.00100000002,0.1117343456,0.11240707024878599,0.0006727246487859828
19750.00100000002,0.1117684394,0.11240562599103493,0.0006371865910349273
19830.00100000002,0.1117373109,0.11240610728472493,0.0006687963847249317
19900.00100000002,0.1117336005,0.11240711478770986,0.000673514287709856
19970.00100000002,0.1117417514,0.11240814170133855,0.0006663903013385403
20050.00100000002,0.1117587984,0.11240930700023251,0.0006505086002325106
20120.00100000002,0.1117350906,0.11241031524558126,0.0006752246455812572
20200.00100000002,0.1117484272,0.11241148244456835,0.0006630552445683474
20270.00100000002,0.1117617637,0.11241253711028673,0.0006507734102867285
20350.00100000002,0.1117462069,0.11241370168043376,0.00066749478043375
20420.00100000002,0.1117676944,0.11241475664196146,0.0006470622419614547
20490.00100000002,0.1117639989,0.11241579962941564,0.0006518007294156469
20570.00100000002,0.1117610335,0.1124170288144827,0.0006559953144827102
20640.00100000002,0.1117928922,0.11241998747622554,0.0006270952762255505
20720.00100000002,0.1117973477,0.11242334700473963,0.0006259993047396384
20790.00100000002,0.1117617637,0.1124262644179321,0.0006645007179321011
20870.00100000002,0.1117758453,0.11242963814122894,0.0006537928412289479
20940.00100000002,0.1117847413,0.11243260388659132,0.0006478625865913162
21010.00100000002,0.1118017882,0.11243555605970557,0.000633767859705564
21090.00100000002,0.1117840111,0.11243892806154836,0.0006549169615483602
21160.00100000002,0.1117884517,0.11244189297266334,0.000653441272663341
21240.00100000002,0.111800313,0.11244529207593257,0.0006449790759325696
21310.00100000002,0.1118314415,0.11244828141220231,0.0006168399122023077
21390.00100000002,0.1118284762,0.11245125281447746,0.0006227766144774605
21460.00100000002,0.1118306965,0.11245279332023862,0.0006220968202386296
21530.00100000002,0.1118203253,0.11245435351986961,0.0006340282198696173
21610.00100000002,0.1118195802,0.11245613372006333,0.0006365535200633238
21680.00100000002,0.1118299514,0.1124577062062267,0.0006277548062267047
21760.00100000002,0.1118433028,0.11245950411217936,0.0006162013121793625
21830.00100000002,0.1118418127,0.11246107719860418,0.0006192644986041801
21910.00100000002,0.1118351519,0.11246287240366473,0.0006277205036647332
21980.00100000002,0.1118388474,0.11246444882276393,0.0006256014227639384
22050.00100000002,0.111871466,0.11246605901264647,0.0005945930126464716
22130.00100000002,0.1118670106,0.11246787132568735,0.0006008607256873522
22200.00100000002,0.111861825,0.11247176706747167,0.0006099420674716693
22280.00100000002,0.1118677557,0.1124794798219104,0.0006117241219103925
22350.00100000002,0.1118833274,0.11248623654429876,0.0006029091442987661
22430.00100000002,0.1118699759,0.11249395343010553,0.0006239775301055267
22500.00100000002,0.1118492335,0.11250069567884091,0.0006514621788409058
22570.00100000002,0.111888513,0.11250748297794673,0.0006189699779467345
22650.00100000002,0.111879617,0.1125152076637095,0.0006355906637094955
22720.00100000002,0.1118766516,0.11252196759217294,0.0006453159921729346
22800.00100000002,0.1118899882,0.11252972592223139,0.0006397377222313871
22870.00100000002,0.1119025946,0.11253650306970504,0.0006339084697050412
22950.00100000002,0.1119218618,0.1125435505820754,0.0006216887820753997
23020.00100000002,0.1119277924,0.11254951860751344,0.00062172620751344
23090.00100000002,0.1119255722,0.11255549396053137,0.0006299217605313656
23170.00100000002,0.1119203866,0.11256232877752112,0.0006419421775211154
23240.00100000002,0.1119470596,0.11256833650092633,0.0006212769009263375
23320.00100000002,0.1119337231,0.11257516636395964,0.0006414432639596512
23390.00100000002,0.1119448394,0.11258115498792225,0.000636315587922251
23470.00100000002,0.1119841188,0.11258803052566581,0.0006039117256658039
23540.00100000002,0.1119648516,0.11259400458956252,0.0006291529895625231
23610.00100000002,0.1119937599,0.11260002676279629,0.0006062668627962869
23690.00100000002,0.1119767129,0.11260689397176127,0.000630181071761271
23760.00100000002,0.1119804233,0.11261367383743691,0.0006332505374369024
23840.00100000002,0.1120115519,0.11262145252797058,0.0006099006279705749
23910.00100000002,0.1120256335,0.1126282530323305,0.0006026195323304978
23990.00100000002,0.1120034009,0.11263599942502585,0.0006325985250258542
24060.00100000002,0.1120137721,0.11264280289548102,0.000629030795481017
24130.00100000002,0.1120523065,0.11264962627637287,0.0005973197763728677
24210.00100000002,0.1120174825,0.11265737872605283,0.0006398962260528301
24280.00100000002,0.1120508313,0.11266420509119761,0.0006133737911976078
24360.00100000002,0.1120367497,0.11267197836375482,0.0006352286637548304
24430.00100000002,0.1120530516,0.11267879662692994,0.0006257450269299414
24510.00100000002,0.1120797396,0.11268813338044086,0.0006083937804408496
24580.00100000002,0.1120678782,0.11269993328444447,0.0006320550844444717
24650.00100000002,0.1120967865,0.11271176101179287,0.0006149745117928623
24730.00100000002,0.1120723188,0.11272525487638267,0.0006529360763826708
24800.00100000002,0.1121219844,0.1127370981502084,0.0006151137502083959
24880.00100000002,0.1120945513,0.11275059449092907,0.0006560431909290732
24950.00100000002,0.1121382862,0.11276244763055114,0.0006241614305511345
25030.00100000002,0.1121316105,0.11277595624134722,0.0006443457413472103
25100.00100000002,0.112127915,0.11278777982864269,0.0006598648286426922
25180.00100000002,0.1121264249,0.11280130100991524,0.0006748761099152484
25250.00100000002,0.1121657044,0.11281315796553008,0.0006474535655300873
25320.00100000002,0.1121545881,0.11282382868699642,0.0006692405869964252
25400.00100000002,0.1121820211,0.1128344038062136,0.0006523827062135945
25470.00100000002,0.1121909171,0.11284365591063089,0.0006527388106308957
25550.00100000002,0.1122138947,0.1128542371083676,0.0006403424083676057
25620.00100000002,0.1122272313,0.1128634972882268,0.0006362659882268029
25700.00100000002,0.1121998131,0.1128740552243471,0.0006742421243470936
25770.00100000002,0.1122487187,0.11288333812943657,0.0006346194294365726
25840.00100000002,0.1122450233,0.11289261004389785,0.0006475867438978516
25920.00100000002,0.112259835,0.11290319896462954,0.0006433639646295369
25990.00100000002,0.1122613251,0.11291246199364383,0.0006511368936438222
26070.00100000002,0.1122850478,0.11292306884831797,0.0006380210483179771
26140.00100000002,0.1122843027,0.11293081111366897,0.0006465084136689642
26220.00100000002,0.112295419,0.11293904862268571,0.0006436296226857152
26290.00100000002,0.1123020947,0.1129462500637093,0.0006441553637093062
26360.00100000002,0.1123161763,0.11295346333330367,0.0006372870333036657
26440.00100000002,0.1123324782,0.1129616995498127,0.000629221349812692
26510.00100000002,0.1123421192,0.11296891492163161,0.0006267957216316011
26590.00100000002,0.1123606414,0.11297717033790862,0.000616528937908617
26660.00100000002,0.1123806536,0.11298438931890117,0.0006037357189011688
26740.00100000002,0.1123739779,0.11299262699089567,0.0006186490908956649
26810.00100000002,0.1123806536,0.1129998517820236,0.000619198182023592
26880.00100000002,0.1124014109,0.11300707473556934,0.0006056638355693422
26960.00100000002,0.1124340147,0.11302407462353159,0.0005900599235315884
27030.00100000002,0.1124154925,0.11303983207931442,0.0006243395793144174
27110.00100000002,0.1124243885,0.11305786035832378,0.0006334718583237836
27180.00100000002,0.1124584824,0.11307365491814884,0.0006151725181488404
27260.00100000002,0.1124429107,0.11309167784442013,0.000648767144420137
27330.00100000002,0.1124896109,0.1131074781833765,0.0006178672833765109
27400.00100000002,0.1124873757,0.11312326321962833,0.0006358875196283281
27480.00100000002,0.1124918312,0.11314130455272739,0.0006494733527273866
27550.00100000002,0.1125066578,0.11315709501687336,0.0006504372168733563
27630.00100000002,0.1125274003,0.1131751147696606,0.0006477144696606096
27700.00100000002,0.1125489026,0.11318910288976378,0.000640200289763776
27780.00100000002,0.1125489026,0.11320509932788059,0.0006561967278805869
27850.00100000002,0.1125629842,0.11321909838497518,0.0006561141849751873
27920.00100000002,0.1125985533,0.11323310905016822,0.0006345557501682142
28000.00100000002,0.112614885,0.11324912266693973,0.0006342376669397354
28070.00100000002,0.1126296967,0.11326312576048198,0.0006334290604819715
28150.00100000002,0.1126482338,0.1132791318575329,0.0006308980575328998
28220.00100000002,0.1126474887,0.11329314019491568,0.000645651494915675
28300.00100000002,0.1126534194,0.1133091522282747,0.0006557328282747049
28370.00100000002,0.1126801074,0.11332316733428813,0.0006430599342881205
28440.00100000002,0.1127023399,0.11333671948878522,0.0006343795887852194
28520.00100000002,0.1126934439,0.11334946154858098,0.0006560176485809893
28590.00100000002,0.1127119809,0.11336062278938416,0.0006486418893841689
28670.00100000002,0.1127193868,0.11337338658103188,0.0006539997810318804
28740.00100000002,0.1127201319,0.11338455191394853,0.0006644200139485218
28820.00100000002,0.1127860993,0.11339733920291419,0.0006112399029141874
28890.00100000002,0.1127883196,0.11340850089046063,0.0006201812904606252
28960.00100000002,0.112783134,0.11341967072629902,0.0006365367262990279
29040.00100000002,0.1128231585,0.11343245784497079,0.0006092993449707818
29110.00100000002,0.1127986908,0.11344361034149297,0.0006449195414929693
29190.00100000002,0.1128483564,0.11345640680862995,0.0006080504086299482
29260.00100000002,0.1128676236,0.11347021264266499,0.0006025890426649971
29340.00100000002,0.1128676236,0.11348964201820455,0.0006220184182045563
29410.00100000002,0.1129031926,0.11350668711035092,0.0006034945103509243
29480.00100000002,0.1128817052,0.11352369151354468,0.0006419863135446735
29560.00100000002,0.112897262,0.11354314805962085,0.0006458860596208482
29630.00100000002,0.1129195094,0.11356018516798173,0.0006406757679817271
29710.00100000002,0.1129506379,0.11357965195531047,0.0006290140553104756
29780.00100000002,0.1129550785,0.1135966728746879,0.000641594374687901
29860.00100000002,0.1129632294,0.11361613516669901,0.0006529057666990051
29930.00100000002,0.112985462,0.11363318350088403,0.0006477215008840326
30010.00100000002,0.1130432785,0.11365265864365848,0.0006093801436584806
30080.00100000002,0.1130521744,0.11367103156596577,0.0006188571659657693
30150.00100000002,0.1130632907,0.1136898843091672,0.0006265936091671975
30230.00100000002,0.1130603254,0.11371143536936422,0.0006511099693642247
30300.00100000002,0.1130973846,0.11373030087726202,0.0006329162772620162
30380.00100000002,0.11310184,0.11375185618210573,0.0006500161821057365
30450.00100000002,0.1131292582,0.11377072258400471,0.0006414643840047113
30530.00100000002,0.1131463051,0.11379227367510913,0.0006459685751091376
30600.00100000002,0.1131492704,0.1138111471974751,0.0006618767974750916
30670.00100000002,0.113144815,0.11382999565338871,0.0006851806533887117
30750.00100000002,0.1132218987,0.1138515864758726,0.0006296877758725922
30820.00100000002,0.1132233888,0.11387045490740207,0.0006470661074020612
30900.00100000002,0.1132493317,0.11388799439830241,0.0006386626983024141
30970.00100000002,0.113252297,0.11390289942674761,0.0006506024267476096
31050.00100000002,0.1132589579,0.11391994366886461,0.0006609857688646137
31120.00100000002,0.1132982522,0.1139348884831015,0.0006366362831014966
31190.00100000002,0.1133241802,0.11394981443108639,0.000625634231086386
31270.00100000002,0.1133427173,0.11396686217595768,0.0006241448759576745
31340.00100000002,0.1133605093,0.11398180008405288,0.0006212907840528886
31420.00100000002,0.1133997887,0.11399886350026417,0.0005990748002641655
31490.00100000002,0.1133760661,0.11401377181348922,0.0006377057134892145
31570.00100000002,0.1134027541,0.1140308418138619,0.0006280877138618995
31640.00100000002,0.1134487092,0.1140479253426626,0.0005992161426626036
31710.00100000002,0.1134538949,0.11407586328756693,0.0006219683875669235
31790.00100000002,0.1134672314,0.11410781710413317,0.0006405857041331814
31860.00100000002,0.1135042906,0.11413578829379362,0.0006314976937936145
31940.00100000002,0.1135028154,0.11416773175577918,0.0006649163557791854
32010.00100000002,0.1135146767,0.11419568929074425,0.0006810125907442538
32090.00100000002,0.1135746986,0.11422767320374708,0.0006529746037470807
32160.00100000002,0.1136013865,0.11425222761257044,0.0006508411125704383
32230.00100000002,0.1136073172,0.1142726115872313,0.0006652943872312994
32310.00100000002,0.1136443764,0.11429592883891011,0.0006515524389101163
32380.00100000002,0.1136532724,0.1143163226005396,0.0006630502005395972
32460.00100000002,0.113694042,0.11433964363897316,0.0006456016389731617
32530.00100000002,0.1136925519,0.11436003394772218,0.0006674820477221843
32610.00100000002,0.1137222052,0.114383340805947,0.000661135605947008
32680.00100000002,0.1137303561,0.11440374377891716,0.0006733876789171561
32750.00100000002,0.1137622297,0.11442414959693271,0.0006619198969327195
32830.00100000002,0.1137688905,0.11444746395789888,0.0006785734578988872
32900.00100000002,0.1137918681,0.11446786185267058,0.0006759937526705784
32980.00100000002,0.1138378233,0.11449367479662569,0.000655851496625684
33050.00100000002,0.1138630211,0.11451745554011593,0.0006544344401159252
33130.00100000002,0.1138852537,0.11454463904027656,0.0006593853402765693
33200.00100000002,0.1139327139,0.11456843471846999,0.0006357208184699925
33270.00100000002,0.1139438301,0.11459222031711735,0.0006483902171173506
33350.00100000002,0.113969028,0.11461939179865029,0.0006503637986502858
33420.00100000002,0.1139890403,0.1146431884644965,0.0006541481644965069
33500.00100000002,0.1140149832,0.114670376329221,0.0006553931292209991
33570.00100000002,0.1140357256,0.11469416699035002,0.0006584413903500258
33650.00100000002,0.114066124,0.11472135649984141,0.00065523249984141
33720.00100000002,0.1140950322,0.11474514841636675,0.0006501162163667501
33790.00100000002,0.1141068786,0.1147709921548149,0.0006641135548148963
33870.00100000002,0.1141320914,0.11480085475781325,0.000668763357813254
33940.00100000002,0.1141572893,0.11482698429751237,0.0006696949975123628
34020.00100000002,0.1141795218,0.11485684967624901,0.0006773278762490093
34090.00100000002,0.1142158359,0.11488298967285349,0.0006671537728534793
34170.00100000002,0.1142395586,0.1149128570842541,0.0006732984842540979
34240.00100000002,0.1142751276,0.11493899580983255,0.0006638682098325521
34310.00100000002,0.1142840236,0.11496513451197753,0.0006811109119775199
34390.00100000002,0.1143225729,0.11499500206032395,0.0006724291603239507
34460.00100000002,0.1143685281,0.11502116018656572,0.0006526320865657131
34540.00100000002,0.1143633276,0.11505103931295618,0.0006877117129561877
34610.00100000002,0.1144085526,0.11507732740299638,0.0006687748029963747
34690.00100000002,0.1144493073,0.11510735556675837,0.0006580482667583737
34760.00100000002,0.114464134,0.11513362331292527,0.0006694893129252782
34840.00100000002,0.1145026684,0.11516365882690092,0.0006609904269009315
34910.00100000002,0.1145249158,0.11518993425375194,0.0006650184537519421
34980.00100000002,0.1145501137,0.11521621724049498,0.0006661035404949833
35060.00100000002,0.1145456582,0.1152462321099349,0.0007005739099349012
35130.00100000002,0.1145856827,0.11527251645083803,0.0006868337508380284
35210.00100000002,0.1146338582,0.11530256246615171,0.0006687042661517179
35280.00100000002,0.11469464,0.11532885966212635,0.0006342196621263452
35360.00100000002,0.1147065014,0.11535970540846113,0.000653204008461139
35430.00100000002,0.1147331744,0.11538780513984773,0.000654630739847728
35500.00100000002,0.1147695035,0.11541591386772042,0.0006464103677204236
35580.00100000002,0.114782095,0.11544801922381333,0.0006659242238133273
35650.00100000002,0.1148176789,0.11547612832318901,0.000658449423189017
35730.00100000002,0.1148584336,0.11550825702095578,0.0006498234209557779
35800.00100000002,0.1148791909,0.11553636543208269,0.0006571745320826938
35880.00100000002,0.1149095744,0.11556848388525792,0.0006589094852579164
35950.00100000002,0.1149495989,0.11559660328488265,0.0006470043848826462
36020.00100000002,0.1149748117,0.11562470730301876,0.0006498956030187575
36100.00100000002,0.1150044501,0.11565683577492868,0.0006523856749286738
36170.00100000002,0.1150266826,0.11569125575848856,0.0006645731584885572
36250.00100000002,0.1150637418,0.11573555570446555,0.0006718139044655513
36320.00100000002,0.1150867194,0.11577431362845975,0.0006875942284597508
36400.00100000002,0.1151526868,0.11581864271667529,0.0006659559166752871
36470.00100000002,0.1151830703,0.11585740898258227,0.0006743386825822789
36540.00100000002,0.1152001172,0.1158961606444818,0.0006960434444818059
36620.00100000002,0.1152319908,0.11594046488809533,0.0007084740880953233
36690.00100000002,0.1152920425,0.11597820474994021,0.0006861622499402115
36770.00100000002,0.1152972281,0.11601514373113368,0.0007179156311336865
36840.00100000002,0.1153506041,0.11604749663337292,0.0006968925333729198
36920.00100000002,0.1153787673,0.11608444683137185,0.00070567953137185
36990.00100000002,0.1154261976,0.11611680092527431,0.0006906033252743055
37060.00100000002,0.1154669672,0.11614914928404185,0.0006821820840418463
37140.00100000002,0.1154943854,0.11618610221829052,0.0006917168182905276
37210.00100000002,0.1155284792,0.11621845710390266,0.0006899779039026555
37290.00100000002,0.1155818403,0.11625542169744257,0.0006735813974425714
37360.00100000002,0.1155899912,0.11628775283284355,0.0006977616328435465
37440.00100000002,0.1156455874,0.11632473793100982,0.0006791505310098228
37510.00100000002,0.1156448424,0.11636044369943624,0.000715601299436236
37580.00100000002,0.1157085896,0.11640032950050487,0.0006917399005048758
37660.00100000002,0.1157419384,0.11644589298293391,0.0007039545829339161
37730.00100000002,0.1157827079,0.11648577256051684,0.0007030646605168389
37810.00100000002,0.1158175319,0.11653133817684884,0.0007138062768488329
37880.00100000002,0.1158694178,0.11657121968271916,0.0007018018827191636
37960.00100000002,0.1158961058,0.11661678887336627,0.0007206830733662711
38030.00100000002,0.1159442812,0.11665667512774652,0.0007123939277465241
38100.00100000002,0.1159894913,0.11669654977989619,0.0007070584798961888
38180.00100000002,0.1160317361,0.1167421381507575,0.0007104020507574943
38250.00100000002,0.1160739809,0.11678202600985818,0.0007080451098581825
38330.00100000002,0.1160895526,0.11682754290904894,0.0007379903090489331
38400.00100000002,0.1161510646,0.11686737662732329,0.0007163120273232793
38480.00100000002,0.1161681116,0.11691286824131066,0.0007447566413106566
38550.00100000002,0.1162377894,0.11695270492280672,0.000714915522806725
38620.00100000002,0.1162629873,0.11699252035516396,0.0007295330551639612
38700.00100000002,0.1163007915,0.11703803008352641,0.0007372385835264089
38770.00100000002,0.1163504422,0.11707785961586403,0.0007274174158640317
38850.00100000002,0.1164090037,0.11712338285576486,0.0007143791557648604
38920.00100000002,0.1164527237,0.11716321028090698,0.0007104865809069855
39000.00100000002,0.1164660752,0.11720870529538856,0.0007426300953885523
39070.00100000002,0.1165357381,0.11724855613956932,0.000712818039569324
39140.00100000002,0.116562441,0.11729139151620946,0.0007289505162094562
39220.00100000002,0.1166165471,0.11734083779306387,0.0007242906930638726
39290.00100000002,0.1166536063,0.11738410411554548,0.000730497815545475
39370.00100000002,0.1166988164,0.11743355250504402,0.0007347361050440149
39440.00100000002,0.1167455018,0.11747683398025648,0.0007313321802564776
39520.00100000002,0.1167936921,0.11752628458767796,0.0007325924876779577
39590.00100000002,0.1168492734,0.1175695606348631,0.0007202872348631012
39670.00100000002,0.1168944836,0.11761901725654499,0.0007245336565449845
39740.00100000002,0.1169263572,0.11766228753685203,0.0007359303368520281
39810.00100000002,0.1169760078,0.11770555815695634,0.000729550356956335
39890.00100000002,0.1170293838,0.11775551091811753,0.0007261271181175366
39960.00100000002,0.1170634776,0.11780175907303914,0.0007382814730391429
40040.00100000002,0.1171123981,0.11785462727031691,0.0007422291703169104
40110.00100000002,0.1171546429,0.11790088703215496,0.0007462441321549607
40190.00100000002,0.1172035635,0.11795375092913457,0.0007501874291345745
40260.00100000002,0.1172665507,0.11800003076521624,0.0007334800652162438
40330.00100000002,0.1173028797,0.11804628411393032,0.0007434044139303236
40410.00100000002,0.1173621714,0.118099160551496,0.0007369891514959898
40480.00100000002,0.1174088567,0.1181454266944087,0.0007365699944087006
40560.00100000002,0.1174570322,0.11819829639643252,0.0007412641964325145
40630.00100000002,0.1175244898,0.1182445744421518,0.0007200846421517998
40710.00100000002,0.1175430119,0.11829871318049306,0.0007557012804930707
40780.00100000002,0.1175978631,0.11834783624331761,0.0007499731433176088
40850.00100000002,0.1176749468,0.11839697567862174,0.0007220288786217444
40930.00100000002,0.1177016348,0.11845310480708278,0.0007514700070827829
41000.00100000002,0.1177757531,0.11850224717852056,0.0007264940785205592
41080.00100000002,0.1178246737,0.1185583949140944,0.0007337212140944016
41150.00100000002,0.117863968,0.11860751278595444,0.0007435447859544392
41230.00100000002,0.1179151088,0.11866364549551377,0.0007485366955137657
41300.00100000002,0.1179995984,0.11871280673525031,0.0007132083352503066
41370.00100000002,0.1180040389,0.11876190854811984,0.0007578696481198438
41450.00100000002,0.1180633307,0.11881805741982564,0.0007547267198256408
41520.00100000002,0.1181241125,0.11887136323578389,0.0007472507357838831
41600.00100000002,0.1182063818,0.11893558806860563,0.0007292062686056339
41670.00100000002,0.1182271391,0.11899174453317274,0.0007646054331727353
41750.00100000002,0.1182945818,0.11905595065054209,0.0007613688505420796
41820.00100000002,0.1183568388,0.11911213580542653,0.0007552970054265223
41890.00100000002,0.1184257716,0.11916833623939516,0.0007425646393951629
41970.00100000002,0.1184776574,0.11923253193339742,0.0007548745333974122
42040.00100000002,0.1185458452,0.11928872281035492,0.0007428776103549223
42120.00100000002,0.1185962409,0.11935391051687136,0.000757669616871362
42190.00100000002,0.1186273694,0.11941327985244102,0.000785910452441016
42270.00100000002,0.1187103838,0.11948116585899457,0.0007707820589945708
42340.00100000002,0.1187741309,0.11954055557959642,0.0007664246795964225
42410.00100000002,0.1188408285,0.11959994997583158,0.000759121475831584
42490.00100000002,0.1189038306,0.11966782323207809,0.0007639926320780893
42560.00100000002,0.118933484,0.1197271932432825,0.0007937092432824949
42640.00100000002,0.1190112978,0.11979508101273742,0.0007837832127374211
42710.00100000002,0.1190965474,0.11985448541453769,0.0007579380145376902
42790.00100000002,0.1191543639,0.11992235626022753,0.0007679923602275235
42860.00100000002,0.1192017943,0.11998174415062449,0.0007799498506244895
42930.00100000002,0.119227007,0.12004222719966823,0.0008152201996682318
43010.00100000002,0.1193189025,0.12011292393302742,0.0007940214330274115
43080.00100000002,0.1193878353,0.12017479059917573,0.0007869552991757317
43160.00100000002,0.1194575131,0.12024548824532807,0.0007879751453280792
43230.00100000002,0.1195079088,0.12030733846267487,0.0007994296626748637
43310.00100000002,0.1195901781,0.12037804429367271,0.0007878661936727149
43380.00100000002,0.1196309477,0.12043990444710705,0.0008089567471070425
43450.00100000002,0.119686529,0.12050175104605178,0.0008152220460517778
43530.00100000002,0.1197947413,0.12057247351654692,0.0007777322165469225
43600.00100000002,0.1198221743,0.1206343166453562,0.0008121423453562038
43680.00100000002,0.1199177802,0.1207050257052365,0.0007872455052364974
43750.00100000002,0.1199726313,0.12077373633521131,0.0008011050352113164
43830.00100000002,0.1200608313,0.12085508541895054,0.0007942541189505381
43900.00100000002,0.1201267987,0.12092626110460011,0.0007994624046001181
43970.00100000002,0.1201690435,0.12099742996355244,0.000828386463552433
44050.00100000002,0.1202705801,0.12107878173774306,0.0008082016377430612
44120.00100000002,0.1203039289,0.12115191696971885,0.0008479880697188497
44200.00100000002,0.1204136461,0.12123635815151931,0.0008227120515193198
44270.00100000002,0.1204766482,0.12131022893141767,0.0008335807314176769
44350.00100000002,0.1205492765,0.12139464266881266,0.0008453661688126585
44420.00100000002,0.1206360012,0.12146851682115245,0.0008325156211524548
44490.00100000002,0.1207056642,0.12154239146063339,0.0008367272606333853
44570.00100000002,0.1207597703,0.12162680190638597,0.0008670316063859734
44640.00100000002,0.1208531559,0.12170068852196106,0.000847532621961064
44720.00100000002,0.1209117174,0.12178509714751413,0.0008733797475141414
44790.00100000002,0.1210073233,0.12185898342540594,0.0008516601254059397
44870.00100000002,0.1210614294,0.12194337273258886,0.0008819433325888554
44940.00100000002,0.1211355478,0.12201621392038553,0.0008806661203855232
45020.00100000002,0.1212407947,0.12209946135613002,0.0008586666561300194
45090.00100000002,0.1212986112,0.12217229765691212,0.0008736864569121178
45160.00100000002,0.1213653088,0.12224512549607697,0.0008798166960769654
45240.00100000002,0.1214394271,0.12232837017975037,0.0008889430797503761
45310.00100000002,0.121535778,0.1224012093969463,0.000865431396946309
45390.00100000002,0.1216291934,0.12248446502803578,0.0008552716280357808
45460.00100000002,0.121704787,0.12255731443864887,0.0008525274386488729
45540.00100000002,0.1217833608,0.1226405532706443,0.000857192470644294
45610.00100000002,0.1218693256,0.12271339973725297,0.0008440741372529731
45680.00100000002,0.1219256669,0.12278863991581668,0.0008629730158166843
45760.00100000002,0.1220331341,0.1228886670108162,0.0008555329108162063
45830.00100000002,0.1221079826,0.12297618875925495,0.0008682061592549528
45910.00100000002,0.1222228706,0.12307423592817597,0.0008513653281759653
45980.00100000002,0.1222755015,0.12315731263655155,0.000881811136551558
46060.00100000002,0.1223822236,0.12325229220652119,0.0008700686065211821
46130.00100000002,0.1224207729,0.12333537147353846,0.0009145985735384554
46200.00100000002,0.1225482523,0.12341848033670812,0.0008702280367081233
46280.00100000002,0.1226134747,0.12351342990800994,0.0008999552080099366
46350.00100000002,0.1227090806,0.1235965367149712,0.000887456114971194
46430.00100000002,0.1228172928,0.12369150993541937,0.0008742171354193667
46500.00100000002,0.1228981018,0.12377461165537781,0.0008765098553778078
46580.00100000002,0.1230122447,0.12386959157708707,0.0008573468770870785
46650.00100000002,0.1230507791,0.12395266197970504,0.0009018828797050515
46720.00100000002,0.1231426895,0.12404114910014177,0.0008984596001417738
46800.00100000002,0.1232234836,0.12414648081886685,0.00092299721886685
46870.00100000002,0.12332353,0.12423867342173447,0.0009151434217344739
46950.00100000002,0.123439163,0.12434402349236778,0.0009048604923677789
47020.00100000002,0.1235043854,0.12443619173174009,0.0009318063317400871
47100.00100000002,0.1235999912,0.12454154073470489,0.0009415495347048913
47170.00100000002,0.123686716,0.12463371839183632,0.0009470023918363157
47240.00100000002,0.1238171607,0.12472592525576093,0.0009087645557609297
47320.00100000002,0.1238749772,0.12483125958595047,0.0009562823859504688
47390.00100000002,0.1240076423,0.12492346906918629,0.0009158267691862926
47470.00100000002,0.1240587831,0.12502879235715908,0.0009700092571590796
47540.00100000002,0.1241848022,0.12512071113183398,0.0009359089318339842
47620.00100000002,0.1242581755,0.1252256733992122,0.0009674978992122024
47690.00100000002,0.1243693531,0.12531755136897918,0.0009481982689791835
47760.00100000002,0.1244494021,0.1254094017571334,0.0009599996571333924
47840.00100000002,0.1245576143,0.12551438818818225,0.000956773888182258
47910.00100000002,0.1246383935,0.12560624455855332,0.0009678510585533207
47990.00100000002,0.1247673631,0.12571124539721612,0.0009438822972161198
48060.00100000002,0.1248866916,0.12580312137367103,0.0009164297736710264
48140.00100000002,0.1249719262,0.12590810735380026,0.0009361811538002585
48210.00100000002,0.1250919998,0.1259999870231939,0.0009079872231939068
48280.00100000002,0.125137955,0.12609199950200053,0.0009540445020005395
48360.00100000002,0.1252646893,0.12620663509334848,0.0009419457933484698
48430.00100000002,0.1253736615,0.12630693748414384,0.0009332759841438332
48510.00100000002,0.1254707575,0.12642155896945298,0.0009508014694529776
48580.00100000002,0.1255841553,0.12652187138174706,0.0009377160817470587
48660.00100000002,0.1256864369,0.1266364944032212,0.0009500575032211911
48730.00100000002,0.1257776022,0.12673678948086153,0.0009591872808615287
48800.00100000002,0.1259013861,0.12683710914531368,0.0009357230453136689
48880.00100000002,0.1259873658,0.12695172479232925,0.000964358992329245
48950.00100000002,0.1260881573,0.12705202884528807,0.0009638715452880697
49030.00100000002,0.1262149066,0.12716665794340384,0.0009517513434038338
49100.00100000002,0.1263283044,0.12727050984294094,0.0009422054429409354
49180.00100000002,0.1264565289,0.12739831836734045,0.0009417894673404426
49250.00100000002,0.1265262067,0.12751012933037997,0.0009839226303799686
49320.00100000002,0.1266418397,0.1276219629940109,0.0009801232940108984
49400.00100000002,0.1267389208,0.12774974973646328,0.0010108289364632872
49470.00100000002,0.1268389821,0.12786157713467883,0.0010225950346788304
49550.00100000002,0.1269768476,0.12798939434434145,0.0010125467443414526
49620.00100000002,0.1270657927,0.1280950299306754,0.0010292372306753839
49700.00100000002,0.12721847,0.12821479932840912,0.0009963293284091235
49770.00100000002,0.1273140758,0.1283195907424854,0.0010055149424853804
49850.00100000002,0.1274326742,0.12843933434895832,0.0010066601489583105
49920.00100000002,0.1275179088,0.12854410051352774,0.0010261917135277465
49990.00100000002,0.127652064,0.12864890775349297,0.0009968437534929597
50070.00100000002,0.1277313828,0.1287686372083507,0.0010372544083507018
50140.00100000002,0.1278521866,0.12887343727819572,0.0010212506781957231
50220.00100000002,0.1279819012,0.12899319239346874,0.0010112911934687385
50290.00100000002,0.1281160563,0.1290980008320432,0.0009819445320431996
50370.00100000002,0.1282183379,0.12921876411595887,0.0010004262159588606
50440.00100000002,0.1283258051,0.12932970866642302,0.00100390356642302
50510.00100000002,0.128431052,0.12944065989883938,0.0010096078988393875
50590.00100000002,0.128554821,0.12956745796547145,0.0010126369654714362
50660.00100000002,0.128670454,0.12967841025631455,0.0010079562563145572
50740.00100000002,0.1287801415,0.12980520932504486,0.0010250678250448564
50810.00100000002,0.1288906038,0.129916156420552,0.0010255526205519838
50890.00100000002,0.1290432811,0.13004297615301216,0.0009996950530121729
50960.00100000002,0.129157424,0.1301539206417252,0.0009964966417252141
51030.00100000002,0.1292767525,0.13026489175647812,0.0009881392564781155
51110.00100000002,0.1294109076,0.13039168927845332,0.0009807816784533074
51180.00100000002,0.1294946522,0.1305033208069519,0.0010086686069518958
51260.00100000002,0.1296013892,0.13063264126385501,0.0010312520638550149
51330.00100000002,0.1297273934,0.13074580057189986,0.0010184071718998544
51410.00100000002,0.1298615336,0.13087513557514852,0.0010136019751485204
51480.00100000002,0.1299742013,0.1309882981247929,0.0010140968247928928
51550.00100000002,0.1300757527,0.13110145891490213,0.001025706214902139
51630.00100000002,0.130211398,0.13123079329714904,0.0010193952971490339
51700.00100000002,0.1303070039,0.13134395414475858,0.0010369502447585832
51780.00100000002,0.1304255873,0.1314732696456371,0.0010476823456370965
51850.00100000002,0.1305567771,0.13158644910780923,0.0010296720078092347
51930.00100000002,0.1307087243,0.13171579553878326,0.0010070712387832692
52000.00100000002,0.1308110058,0.1318281512651127,0.0010171454651126954
52070.00100000002,0.1309029162,0.13193995224069674,0.0010370360406967427
52150.00100000002,0.1310526282,0.13206773705285133,0.001015108852851332
52220.00100000002,0.1311326772,0.13217951469928388,0.001046837499283887
52300.00100000002,0.1312927902,0.13230731084482997,0.0010145206448299582
52370.00100000002,0.1313891411,0.13241911025213846,0.0010299691521384602
52450.00100000002,0.1315269917,0.13254689583829357,0.0010199041382935592
52520.00100000002,0.1316411346,0.132658702732808,0.001017568132808011
52590.00100000002,0.1317463815,0.13277050184579078,0.0010241203457907744
52670.00100000002,0.1318998039,0.13289830034601413,0.00099849644601413
52740.00100000002,0.1320013553,0.13301010509454333,0.0010087497945433233
52820.00100000002,0.1321347654,0.13313960063281413,0.0010048352328141386
52890.00100000002,0.1322481632,0.13325335363709992,0.0010051904370999287
52970.00100000002,0.1323934495,0.1333833705443819,0.0009899210443818918
53040.00100000002,0.1324705333,0.13349710212903892,0.0010265688290389263
53110.00100000002,0.132609874,0.13361086260112726,0.0010009886011272673
53190.00100000002,0.1327366084,0.13374086603685617,0.0010042576368561595
53260.00100000002,0.1328596473,0.13385463182468563,0.0009949845246856326
53340.00100000002,0.132963419,0.1339846294354975,0.0010212104354974938
53410.00100000002,0.1330908984,0.13409839541709537,0.0010074970170953768
53490.00100000002,0.1332169026,0.13422841970722793,0.0010115171072279383
53560.00100000002,0.133316949,0.13434203491226515,0.0010250859122651612
53630.00100000002,0.1334155351,0.1344494280001186,0.0010338929001185992
53710.00100000002,0.133574903,0.13457219847892615,0.0009972954789261579
53780.00100000002,0.1336831152,0.13467960422864672,0.0009964890286467132
53860.00100000002,0.1337883621,0.1348023387186612,0.0010139766186612054
53930.00100000002,0.1339062005,0.13490974029661695,0.0010035397966169646
54010.00100000002,0.1340373904,0.1350324966071206,0.000995106207120594
54080.00100000002,0.1341344863,0.13513991042617932,0.0010054241261793218
54150.00100000002,0.1342604905,0.13524731556361735,0.0009868250636173581
54230.00100000002,0.134370923,0.13537006969186083,0.000999146691860825
54300.00100000002,0.1344791353,0.13547748215136396,0.0009983468513639626
54380.00100000002,0.1346125454,0.13559928091044185,0.000986735510441844
54450.00100000002,0.1347296685,0.13570358267584368,0.0009739141758436654
54530.00100000002,0.1348430663,0.13582277420500546,0.0009797079050054558
54600.00100000002,0.1349564642,0.13592707219721226,0.0009706079972122694
54680.00100000002,0.1350587457,0.13604626046544108,0.0009875147654410665
54750.00100000002,0.1351780891,0.13615055925561445,0.0009724701556144411
54820.00100000002,0.1352618337,0.13625484352811762,0.0009930098281176192
54900.00100000002,0.1354315728,0.13637406428328336,0.0009424914832833475
54970.00100000002,0.1355071664,0.13647835044207893,0.0009711840420789375
55050.00100000002,0.1356472522,0.1365975745206854,0.0009503223206853983
55120.00100000002,0.1357391477,0.1367018648922543,0.0009627171922542976
55200.00100000002,0.1358570158,0.1368189358684331,0.0009619200684330975
55270.00100000002,0.1359681934,0.13691968783669428,0.000951494436694289
55340.00100000002,0.1360630691,0.13702042138765508,0.0009573522876550888
55420.00100000002,0.1361890584,0.13713555027702493,0.0009464918770249187
55490.00100000002,0.1362802237,0.1372362788864317,0.0009560551864316869
55570.00100000002,0.1363951117,0.13735140676530355,0.000956295065303564
55640.00100000002,0.136487022,0.13745213778971233,0.0009651157897123119
55720.00100000002,0.1366167217,0.13756727339770053,0.0009505516977005302
55790.00100000002,0.1367227137,0.1376680179474038,0.0009453042474037998
55860.00100000002,0.1368086934,0.13776874221215551,0.0009600488121555284
55940.00100000002,0.1369102299,0.13788386220975918,0.0009736323097591648
56010.00100000002,0.1370340288,0.13797007760372232,0.0009360488037223058
56090.00100000002,0.1371466815,0.13806260672525428,0.0009159252252542716
56160.00100000002,0.1372044981,0.13814865879747582,0.0009441606974758265
56240.00100000002,0.1373267919,0.13825103793052043,0.000924246030520437
56310.00100000002,0.1374223977,0.13834062605249173,0.0009182283524917234
56380.00100000002,0.1375187486,0.13843021432984395,0.0009114657298439632
56460.00100000002,0.137619555,0.13853259447262375,0.0009130394726237501
56530.00100000002,0.1377121955,0.1386221773906305,0.0009099818906305179
56610.00100000002,0.1378367245,0.13872457822520787,0.00088785372520786
56680.00100000002,0.1379219592,0.13881415835839128,0.0008921991583912825
56760.00100000002,0.1380257159,0.13891653837437842,0.000890822474378411
56830.00100000002,0.1381346881,0.13900614647826814,0.0008714583782681307
56900.00100000002,0.1382036209,0.13909572476785861,0.0008921038678586235
56980.00100000002,0.1383118331,0.139191680608604,0.0008798475086040092
57050.00100000002,0.1383941025,0.1392739365402642,0.0008798340402642046
57130.00100000002,0.1385186166,0.13936796838687637,0.0008493517868763678
57200.00100000002,0.1386075616,0.13945023092167025,0.0008426693216702363
57280.00100000002,0.1386861205,0.13954423611629854,0.0008581156162985326
57350.00100000002,0.1387743205,0.1396264999225263,0.0008521794225263002
57420.00100000002,0.1388514042,0.1397087579318918,0.0008573537318918023
57500.00100000002,0.1389566511,0.13980277124115584,0.0008461201411558428
57570.00100000002,0.1390581876,0.13988504970895374,0.0008268621089537465
57650.00100000002,0.1391160041,0.13997904666156286,0.0008630425615628601
57720.00100000002,0.1392197907,0.14006124837773298,0.0008414576777329708
57800.00100000002,0.1392879784,0.14015139988424555,0.0008634214842455357
57870.00100000002,0.1393657923,0.14023029113656826,0.0008644988365682504
57940.00100000002,0.1394888312,0.14030921197351656,0.0008203807735165658
58020.00100000002,0.1395436823,0.14039935794153494,0.0008556756415349365
58090.00100000002,0.1396622658,0.1404782713788228,0.0008160055788228038
58170.00100000002,0.1397482455,0.14056843926115528,0.0008201937611552745
58240.00100000002,0.1398238391,0.14064733948017785,0.0008235003801778384
58320.00100000002,0.139877215,0.1407374826750093,0.0008602676750092964
58390.00100000002,0.1399490982,0.1408163788274895,0.0008672806274895029
58460.00100000002,0.1400691718,0.14089529333747947,0.0008261215374794628
58540.00100000002,0.1401232779,0.14098145696848777,0.0008581790684877577
58610.00100000002,0.1402300149,0.14104735941089427,0.000817344510894269
58690.00100000002,0.1403026581,0.1411226443000315,0.0008199862000314861
58760.00100000002,0.1403493583,0.14118851120836043,0.0008391529083604243
58840.00100000002,0.1404331028,0.14126380481082787,0.0008307020108278829
58910.00100000002,0.1405124068,0.14132968450140837,0.000817277701408381
58980.00100000002,0.1405791193,0.14139556833299963,0.0008164490329996277
59060.00100000002,0.1406769603,0.14147087821613694,0.0007939179161369492
59130.00100000002,0.140725866,0.14153674886778608,0.000810882867786078
59210.00100000002,0.1408170313,0.14161204712270564,0.0007950158227056359
59280.00100000002,0.1408711374,0.14167606709343192,0.000804929693431905
59360.00100000002,0.1409504563,0.14174445144422934,0.0007939951442293425
59430.00100000002,0.1410238296,0.14180429050875784,0.0007804609087578296
59510.00100000002,0.1411149949,0.14187268257535912,0.0007576876753591089
59580.00100000002,0.1411727965,0.1419325241287459,0.0007597276287459043
59650.00100000002,0.1412424743,0.14199235341331362,0.0007498791133136173
59730.00100000002,0.1413262337,0.14206074389469256,0.0007345101946925614
59800.00100000002,0.1413699687,0.14212057335825234,0.0007506046582523573
59880.00100000002,0.1414507627,0.1421889667698323,0.0007382040698322989
59950.00100000002,0.141532287,0.1422488189917967,0.0007165319917966928
60030.00100000002,0.141576767,0.1423171909310967,0.0007404239310967176
60100.00100000002,0.1416508704,0.14237646680180674,0.0007255964018067496
60170.00100000002,0.1417072117,0.14243532261461006,0.0007281109146100584
60250.00100000002,0.1417472363,0.14250258322974477,0.0007553469297447712
60320.00100000002,0.1418443322,0.14256146927344532,0.000717137073445312
60400.00100000002,0.1419184357,0.1426287553316124,0.0007103196316123883
60470.00100000002,0.1419606954,0.14268761829870144,0.0007269228987014376
60550.00100000002,0.1419970095,0.14275487820980365,0.0007578687098036552
60620.00100000002,0.1420503706,0.14281373911233394,0.0007633685123339395
60690.00100000002,0.1421230137,0.14287261435178308,0.0007496006517830889
60770.00100000002,0.1421912014,0.14293989508465477,0.000748693684654772
60840.00100000002,0.1422771662,0.14299877950769155,0.0007216133076915487
60920.00100000002,0.1423223913,0.14305492186401947,0.000732530564019479
60990.00100000002,0.1423661113,0.14310109333950058,0.0007349820395005924
61070.00100000002,0.142417267,0.14315385841525502,0.0007365914152550335
61140.00100000002,0.1424988061,0.1432000590604895,0.0007012529604895068
61210.00100000002,0.1425380856,0.1432462332821202,0.000708147682120186
61290.00100000002,0.1425892264,0.1432990073341055,0.0007097809341055084
61360.00100000002,0.1426455528,0.1433451901430928,0.0006996373430928071
61440.00100000002,0.1427167058,0.1433979748769114,0.0006812690769113783
61510.00100000002,0.1427530199,0.14344379678986513,0.0006907768898651301
61590.00100000002,0.1428078711,0.14349603559927795,0.0006881644992779434
61660.00100000002,0.1428819895,0.1435417523328396,0.000659762832839611
61730.00100000002,0.1429101527,0.1435874495196545,0.0006772968196545048
61810.00100000002,0.1429716647,0.1436396886340275,0.0006680239340275118
61880.00100000002,0.1430361569,0.14368541521816705,0.0006492583181670619
61960.00100000002,0.1430865526,0.1437376459302486,0.0006510933302485977
62030.00100000002,0.1431117505,0.14378334272924448,0.0006715922292444831
62110.00100000002,0.1431473345,0.14383557436970262,0.0006882398697026226
62180.00100000002,0.1432370096,0.14388130608005897,0.0006442964800589812
62250.00100000002,0.1432711035,0.1439270128646594,0.0006559093646593961
62330.00100000002,0.1433237344,0.14397474819368195,0.0006510137936819316
62400.00100000002,0.143381536,0.14401605775103932,0.0006345217510393131
62480.00100000002,0.1434074789,0.14406325192300762,0.000655773023007622
62550.00100000002,0.1434504688,0.14410455698819769,0.0006540881881976768
62630.00100000002,0.1435179412,0.14415176466291618,0.0006338234629161832
62700.00100000002,0.1435468346,0.1441930652355334,0.0006462306355334013
62770.00100000002,0.1435994655,0.14423437664611766,0.0006349111461176615
62850.00100000002,0.1436372697,0.14428156917554716,0.000644299475547172
62920.00100000002,0.1436995268,0.14432288538469956,0.0006233585846995571
63000.00100000002,0.1437247247,0.1443700836503377,0.00064535895033771
63070.00100000002,0.1437551081,0.14441146468393554,0.0006563565839355356
63150.00100000002,0.1438277513,0.1444592750787302,0.0006315237787301864
63220.00100000002,0.1438447982,0.1445010862935669,0.0006562880935668813
63290.00100000002,0.1438833326,0.14454291445144035,0.0006595818514403551
63370.00100000002,0.1439604163,0.14459072987373287,0.0006303135737328602
63440.00100000002,0.1439871043,0.14463254569257283,0.000645441392572832
63520.00100000002,0.1440248936,0.1446803424958894,0.0006554488958893934
63590.00100000002,0.1440634429,0.14472216583050243,0.0006587229305024256
63670.00100000002,0.1441138387,0.1447699693499785,0.0006561306499784925
63740.00100000002,0.1441694349,0.1448117974728839,0.0006423625728838867
63810.00100000002,0.1441775858,0.14485361144628983,0.000676025646289824
63890.00100000002,0.1442502141,0.14489490894067666,0.0006446948406766684
63960.00100000002,0.1442479938,0.14492221487545054,0.0006742210754505373
64040.00100000002,0.1443139613,0.14495345457530232,0.0006394932753023275
64110.00100000002,0.1443421245,0.14498077845797466,0.0006386539579746608
64190.00100000002,0.1444147527,0.14501201663372204,0.0005972639337220309
64260.00100000002,0.1444229186,0.14503932760872082,0.0006164090087208141
64330.00100000002,0.1444399655,0.14507135637197385,0.0006313908719738637
64410.00100000002,0.1445044428,0.14511168735865954,0.0006072445586595421
64480.00100000002,0.1445014775,0.14514694803488884,0.0006454705348888368
64560.00100000002,0.1445555836,0.1451872754580812,0.0006316918580811792
64630.00100000002,0.1446126699,0.14522256359617094,0.0006098936961709545
64710.00100000002,0.1446601003,0.1452628881355194,0.0006027878355193972
64780.00100000002,0.1446890086,0.14529817901464762,0.000609170414647614
64860.00100000002,0.1447216272,0.14533848250709344,0.0006168553070934335
64930.00100000002,0.1447675675,0.14537377868317483,0.0006062111831748318
65000.00100000002,0.1447912902,0.14540905556331768,0.0006177653633176738
65080.00100000002,0.1448224187,0.14544937580042203,0.0006269571004220154
65150.00100000002,0.1448491067,0.1454803883476927,0.0006312816476926886
65230.00100000002,0.1448846757,0.14551515334513876,0.0006304776451387661
65300.00100000002,0.1449143291,0.14554557425324832,0.0006312451532483332
65380.00100000002,0.1449536085,0.145580337789548,0.0006267292895479892
65450.00100000002,0.1449699104,0.14561075216539351,0.0006408417653935017
65520.00100000002,0.145002529,0.1456411675459152,0.0006386385459151989
65600.00100000002,0.1450351328,0.14567593819330713,0.0006408053933071312
65670.00100000002,0.1451018453,0.14570636868418232,0.0006045233841823205
65750.00100000002,0.1451159269,0.14574113686809026,0.0006252099680902623
65820.00100000002,0.1451277882,0.14577154499624553,0.0006437567962455371
65900.00100000002,0.145161882,0.14580558160210338,0.0006436996021033925
65970.00100000002,0.1452033818,0.14583153722566355,0.0006281554256635513
66040.00100000002,0.1452137679,0.14585747626189333,0.0006437083618933137
66120.00100000002,0.1452471167,0.14588713570320058,0.0006400190032005704
66190.00100000002,0.1453071535,0.14591310053726725,0.0006059470372672404
66270.00100000002,0.1453279108,0.14594275432420545,0.0006148435242054606
66340.00100000002,0.1453716308,0.14596871333598263,0.0005970825359826182
66420.00100000002,0.1453627348,0.1459983503384089,0.0006356155384089068
66490.003,0.1454198062,0.14602431769165553,0.0006045114916555239
66560.003,0.1454346329,0.14605026294630497,0.0006156300463049658
66640.003,0.1454768777,0.14607992450987484,0.0006030468098748298
66710.003,0.1454931945,0.14608410459241905,0.0005909100924190447
66790.003,0.145515427,0.1461022480488774,0.0005868210488773895
66860.003,0.1455332041,0.1461254135220556,0.0005922094220555951
66940.003,0.1456028819,0.1461518839475366,0.0005490020475365787
67010.003,0.1456251293,0.14617505789440516,0.0005499285944051691
67080.003,0.1456147432,0.14619821323228305,0.00058347003228304
67160.003,0.1456332803,0.14622469120448997,0.0005914109044899696
67230.003,0.1456799805,0.14624785477742314,0.000567874277423136
67310.003,0.1457096338,0.14627433138099227,0.000564697580992285
67380.003,0.145720005,0.14629749091674646,0.0005774859167464452
67460.003,0.145746693,0.14632397825746404,0.000577285257464033
67530.003,0.145789668,0.1463473839055667,0.0005577159055666914
67600.003,0.1458141357,0.14637204494629663,0.0005579092462966173
67680.003,0.1458474845,0.14640022691777316,0.0005527424177731444
67750.003,0.1458497047,0.1464248854825188,0.0005751807825188082
67830.003,0.1458778679,0.1464530588913215,0.0005751909913215003
67900.003,0.1458978802,0.14647771862275757,0.0005798384227575781
67980.003,0.1459349394,0.14650589697447347,0.0005709575744734796
68050.003,0.1459393948,0.14653055963537517,0.0005911648353751631
68120.003,0.1459831148,0.14655522870142496,0.0005721139014249477
68200.003,0.1460216641,0.14658341592888183,0.0005617518288818235
68270.003,0.1459957212,0.1466080539835835,0.0006123327835834969
68350.003,0.1460424215,0.14663303853825585,0.0005906170382558584
68420.003,0.1460616887,0.14665056594323336,0.0005888772432333655
68500.003,0.14607355,0.14667058726564164,0.0005970372656416423
68570.003,0.1461039335,0.1466881193535823,0.000584185853582303
68640.003,0.1461232007,0.14670564762293675,0.0005824469229367413
68720.003,0.1461565644,0.1467256858336837,0.0005691214336837058
68790.003,0.1461676806,0.14674321056892572,0.0005755299689257365
68870.003,0.1462091804,0.14676325299107407,0.0005540725910740674
68940.003,0.1462010294,0.14678076281769936,0.000579733417699374
69020.003,0.1462536454,0.14680081550550445,0.000547170105504452
69090.003,0.1462514251,0.14681833515747372,0.000566910057473724
69160.003,0.1462877393,0.14683586195356732,0.0005481226535673234
69240.003,0.1462892294,0.1468559007517117,0.0005666713517117061
69310.003,0.1463485211,0.14687344131631555,0.0005249202163155609
69390.003,0.1463529617,0.14689347708593914,0.0005405153859391332
69460.003,0.1463374048,0.14691099142928202,0.0005735866292820302
69540.003,0.1464033723,0.14693104588053438,0.0005276735805343769
69610.003,0.1464048475,0.14694857122735935,0.0005437237273593631
69690.003,0.1464330107,0.1469686179879653,0.000535607287965284
69760.003,0.1464307904,0.1469861393921618,0.0005553489921617805
69830.003,0.1464671046,0.14700368064650637,0.0005365760465063651
69910.003,0.1464596987,0.14702370727437047,0.0005640085743704726
69980.003,0.1464834213,0.14704204794558726,0.0005586266455872568
70060.003,0.1465123296,0.14706312401583724,0.0005507944158372469
70130.003,0.1465249211,0.14708156993377028,0.000556648833770268
70210.003,0.1465493739,0.1471026500494161,0.0005532761494161098
70280.003,0.1465649456,0.14712108997244525,0.0005561443724452497
70350.003,0.1465975642,0.14713954122567882,0.0005419770256788192
70430.003,0.1466116458,0.14716061691405236,0.0005489711140523601
70500.003,0.1466205269,0.14717905757060956,0.0005585306706095694
70580.003,0.1466538906,0.14720014130064232,0.0005462507006423201
70650.003,0.1466635168,0.1472185871476604,0.0005550703476603913
70730.003,0.146684289,0.14723883488755102,0.0005545458875510223
70800.003,0.1466924399,0.14725222298135554,0.0005597830813555416
70870.003,0.1467206031,0.14726562487671216,0.0005450217767121457
70950.003,0.1467472911,0.1472809189910757,0.0005336278910756942
71020.003,0.1467517316,0.14729429947101041,0.0005425678710104243
71100.003,0.1467850953,0.14730960919869987,0.0005245138986998688
71170.003,0.1467880607,0.14732299051149841,0.0005349298114984136
71250.003,0.1468162239,0.1473382899017887,0.0005220660017887235
71320.003,0.1468162239,0.14735167926451595,0.0005354553645159632
71390.003,0.1468332708,0.14736506674919725,0.0005317959491972502
71470.003,0.1468599439,0.14738036829425116,0.0005204243942511511
71540.00399999999,0.1468555033,0.1473945834918479,0.000539080191847896
71620.00399999999,0.1468992382,0.1474130139077655,0.000513775707765507
71690.00399999999,0.1468984932,0.147429122293518,0.0005306290935180036
71770.00399999999,0.146922946,0.14744754265271098,0.0005245966527109847
71840.00399999999,0.146931842,0.1474636469782568,0.0005318049782568057
71910.00399999999,0.1469474137,0.1474797712283848,0.0005323575283847914
71990.00399999999,0.1469644606,0.1474981783043245,0.0005337177043244767
72060.00399999999,0.1469933689,0.147514304297156,0.0005209353971560027
72140.00399999999,0.1469896585,0.14753270425245602,0.0005430457524560062
72210.00399999999,0.1470000297,0.14754881704144887,0.0005487873414488642
72290.00399999999,0.1470593214,0.14756725716718513,0.0005079357671851359
72360.00399999999,0.1470274627,0.14758181517269936,0.0005543524726993598
72430.00399999999,0.1470585912,0.14759534420665926,0.0005367530066592574
72510.00399999999,0.1470830441,0.1476108069090497,0.0005277628090497033
72580.00399999999,0.1470867544,0.14762432291821315,0.0005375685182131551
72660.00399999999,0.1471334398,0.1476397829200473,0.0005063431200473256
72730.00399999999,0.1471304744,0.1476533038884206,0.0005228294884206119
72810.00399999999,0.1471319646,0.1476687524523047,0.0005367878523047098
72880.00399999999,0.1471497566,0.14768228139728362,0.0005325247972836344
72950.00399999999,0.14718014,0.14769580981000316,0.000515669810003172
73030.00399999999,0.1471912563,0.14771126627800535,0.0005200099780053591
73100.00399999999,0.1472045928,0.14772478759914165,0.0005201947991416433
73180.00399999999,0.147206828,0.14774041062623813,0.0005335826262381216
73250.00399999999,0.1472372115,0.14775413666333218,0.0005169251633321825
73330.00399999999,0.1472461075,0.14776982011593556,0.0005237126159355621
73400.00399999999,0.1472698152,0.14778353931211022,0.000513724112110231
73470.00399999999,0.1472816765,0.14779726867523352,0.0005155921752335035
73550.00399999999,0.1472876072,0.14781294116690558,0.0005253339669055723
73620.00399999999,0.1473002136,0.1478266620698955,0.0005264484698954963
73700.00399999999,0.147330597,0.147842350330226,0.0005117533302259891
73770.00399999999,0.1473461688,0.14785607768709114,0.0005099088870911261
73850.00399999999,0.1473357826,0.14787175593601729,0.0005359733360172925
73920.00399999999,0.1473646909,0.14788548193373877,0.0005207910337387545
73990.00399999999,0.1473928541,0.14789901715010825,0.0005061630501082548
74070.00399999999,0.147392109,0.14791446677484305,0.0005223577748430519
74140.00399999999,0.1474136114,0.14792799879273674,0.0005143873927367371
74220.00399999999,0.1474321336,0.14794346533086122,0.0005113317308612364
74290.00399999999,0.1474321336,0.14795698939746985,0.0005248557974698587
74370.00399999999,0.1474395543,0.14797244862054368,0.0005328943205436809
74440.00399999999,0.1474855095,0.14798600061920206,0.0005004911192020567
74520.00399999999,0.1474899501,0.14800145253246166,0.0005115024324616746
74590.00399999999,0.1474869847,0.14801497864869054,0.0005279939486905472
74660.00399999999,0.1475262642,0.1480285182180103,0.0005022540180102952
74740.00399999999,0.147525534,0.14804443997366004,0.0005189059736600277
74810.00399999999,0.1475470215,0.14805946982669596,0.0005124483266959745
74890.00399999999,0.1475210786,0.1480766265034594,0.000555547903459408
74960.00399999999,0.147568509,0.14809165758404408,0.0005231485840440919
75040.00399999999,0.1475855559,0.14810883252172075,0.0005232766217207474
75110.00399999999,0.1476144642,0.1481238681024732,0.0005094039024731989
75180.00399999999,0.1476359665,0.14813889100970445,0.000502924509704461
75260.00399999999,0.1476344764,0.14815606164557754,0.0005215852455775494
75330.00399999999,0.1476322562,0.14817107694966852,0.0005388207496685171
75410.00399999999,0.1476715356,0.14818825876272293,0.0005167231627229429
75480.00399999999,0.1476670951,0.1482032791549553,0.0005361840549552854
75560.00399999999,0.1476893276,0.14821823163996423,0.0005289040399642231
75630.00399999999,0.1476996988,0.14822949433492763,0.0005297955349276295
75700.00399999999,0.1477219462,0.14824076265261185,0.0005188164526118422
75780.00399999999,0.1477212012,0.14825363533849928,0.0005324341384992659
75850.00399999999,0.1477508545,0.14826490310316015,0.0005140486031601499
75930.00399999999,0.147756055,0.14827777969399977,0.0005217246939997755
76000.00399999999,0.1477760673,0.1482890469992535,0.0005129796992534852
76080.00399999999,0.1478079259,0.14830192425309519,0.0004939983530951875
76150.00399999999,0.1478108913,0.14831319324405837,0.0005023019440583698
76220.00399999999,0.1478249729,0.14832445593403148,0.0004994830340314949
76300.00399999999,0.1478486955,0.1483373406082696,0.0004886451082696253
76370.00399999999,0.1478627771,0.1483535136167223,0.0004907365167222955
76450.00399999999,0.1478575915,0.1483740250988691,0.0005164335988691038
76520.00399999999,0.147870928,0.14839197955760525,0.0005210515576052344
76600.00399999999,0.147879824,0.14841248532713364,0.0005326613271336433
76670.00399999999,0.1479042768,0.14843043458672106,0.0005261577867210487
76740.00399999999,0.1479346752,0.1484483864518881,0.0005137112518880937
76820.00399999999,0.1479450464,0.14846890870079735,0.0005238623007973453
76890.00399999999,0.1479635835,0.14848685608326576,0.0005232725832657603
76970.00399999999,0.1479791403,0.14850736220061453,0.0005282219006145228
77040.00399999999,0.1480102688,0.14852532625914253,0.000515057459142515
77120.00399999999,0.1480043381,0.14854577085760795,0.000541432757607957
77190.00399999999,0.1480310261,0.14856067387294972,0.0005296477729497262
77260.00399999999,0.148056224,0.1485755805587469,0.0005193565587469084
77340.00399999999,0.1480732709,0.14859261794372275,0.000519347043722751
77410.00399999999,0.1480695605,0.14860750995514557,0.0005379494551455699
77490.00399999999,0.1481029242,0.14862455196347443,0.0005216277634744193
77560.00399999999,0.1481029242,0.14863945337403636,0.0005365291740363487
77640.00399999999,0.1481125504,0.14865647962524947,0.0005439292252494843
77710.00399999999,0.1481496096,0.1486713944165633,0.0005217848165632866
77780.00399999999,0.148144424,0.14868628999086284,0.0005418659908628387
77860.00399999999,0.1481807381,0.14870333471349267,0.0005225966134926874
77930.00399999999,0.1481829733,0.14871895739484597,0.0005359840948459815
78010.00399999999,0.1482000202,0.14874102785782317,0.0005410076578231671
78080.00399999999,0.1482444853,0.1487603503268599,0.0005158650268599074
78160.00399999999,0.1482526362,0.14878242967981029,0.0005297934798102755
78230.00399999999,0.1482622772,0.1488017431670163,0.0005394659670163171
78300.00399999999,0.1482719034,0.1488210555318409,0.0005491521318409243
78380.00399999999,0.1483074874,0.1488431422273821,0.0005356548273821038
78450.00399999999,0.1483400911,0.14886246801290307,0.0005223769129030775
78530.00399999999,0.1483260095,0.14888453158598136,0.0005585220859813667
78600.00399999999,0.1483400911,0.14890384713358548,0.0005637560335854941
78680.00399999999,0.1483875364,0.14892593178947305,0.000538395389473062
78750.00399999999,0.1483912319,0.1489435606209932,0.0005523287209932004
78820.00399999999,0.1484179199,0.14895912271832543,0.0005412028183254258
78900.00399999999,0.1484371871,0.14897690464854174,0.0005397175485417349
78970.00399999999,0.148454234,0.14899245850564596,0.0005382245056459734
79050.00399999999,0.1484764665,0.1490102440853707,0.0005337775853707094
79120.00399999999,0.1484964788,0.149025802920522,0.0005293241205220067
79200.00399999999,0.1484883279,0.14904357588283054,0.0005552479828305479
79270.00399999999,0.1485231668,0.14905914589425498,0.0005359790942549847
79350.00399999999,0.1485498548,0.14907693421139412,0.0005270794113941268
79420.00399999999,0.1485705972,0.1490924887956605,0.0005218915956605175
79490.00399999999,0.1485794932,0.14910804660136204,0.0005285534013620419
79570.00399999999,0.1485913545,0.1491587274432528,0.0005673729432527919
79640.00399999999,0.1486165524,0.14919399250468643,0.0005774401046864386
79720.00399999999,0.148640275,0.14921459145235275,0.0005743164523527577
79790.00399999999,0.1486751139,0.14923263456375113,0.0005575206637511432
79870.00399999999,0.1487054974,0.14925323518669756,0.0005477377866975608
79940.00399999999,0.148720324,0.14927126041555594,0.0005509364155559526
80010.00399999999,0.148728475,0.14928928352224827,0.0005608085222482684
80090.00399999999,0.1487536728,0.1493098922021971,0.0005562194021971056
80160.00399999999,0.1487751901,0.14932791939505513,0.000552729295055121
80240.00399999999,0.1488115042,0.14934853014812557,0.0005370259481255746
80310.00399999999,0.1488211304,0.14936655143133812,0.0005454210313381169
80390.00399999999,0.1488507837,0.1493871536444756,0.0005363699444756176
80460.00399999999,0.1488641202,0.14940706261249534,0.0005429424124953341
80530.00399999999,0.1488774717,0.14942723073984007,0.0005497590398400587
80610.00399999999,0.1489122957,0.14945028384038686,0.000537988140386858
80680.00399999999,0.1489197165,0.1494704503685118,0.0005507338685118157
80760.00399999999,0.1489493549,0.14949350517394894,0.0005441502739489401
80830.00399999999,0.1489812285,0.1495136779474768,0.000532449447476796
80910.00399999999,0.1489893794,0.1495367292679306,0.000547349867930591
80980.00399999999,0.1490079165,0.14955689242927467,0.0005489759292746643
81050.00399999999,0.1490338594,0.1495770644106747,0.0005432050106747022
81130.00399999999,0.149091661,0.14960013213270293,0.0005084711327029423
81200.00399999999,0.149091661,0.1496204668704413,0.0005288058704413234
81280.00399999999,0.1491057426,0.14965292769640218,0.0005471850964021696
81350.00399999999,0.1491353959,0.1496813417505297,0.0005459458505296944
81430.00399999999,0.1491509527,0.14971380237926363,0.0005628496792636217
81500.00399999999,0.1492058039,0.14974222855184396,0.0005364246518439753
81570.00399999999,0.1491850615,0.1497706207099654,0.0005855592099654194
81650.00399999999,0.1492473185,0.14980310338464994,0.0005557848846499402
81720.00399999999,0.1492465734,0.14983150388635538,0.0005849304863553839
81800.00399999999,0.1492880732,0.1498639795616955,0.000575906361695494
81870.00399999999,0.1493088305,0.1498923837369024,0.000583553236902401
81950.00399999999,0.1493540406,0.14992486595978594,0.0005708253597859481
82020.00399999999,0.1493733078,0.149952325918467,0.0005790181184670007
82090.00399999999,0.1494037062,0.1499776270280792,0.0005739208280791941
82170.00399999999,0.1493925899,0.15000652195504038,0.0006139320550403726
82240.00399999999,0.1494148225,0.15003181635674737,0.0006169938567473776
82320.00399999999,0.1494844854,0.15006075636669017,0.0005762709666901622
82390.00399999999,0.149490416,0.1500860443062951,0.0005956283062951151
82470.00399999999,0.1495289654,0.1501149638412341,0.000585998441234109
82540.00399999999,0.1495549083,0.15014026287610854,0.0005853545761085321
82610.00399999999,0.1495704651,0.15016556194276354,0.0005950968427635428
82690.00399999999,0.149577871,0.1501944698649958,0.0006165988649957932
82760.00399999999,0.1496090144,0.15021977224448416,0.0006107578444841666
82840.00399999999,0.1496586651,0.15024988884929835,0.0005912237492983474
82910.00399999999,0.1496920139,0.15027720921325982,0.0005851953132598176
82990.00399999999,0.1497046202,0.1503084090794578,0.0006037888794578061
83060.00399999999,0.1497490853,0.15033573471019965,0.0005866494101996467
83130.00399999999,0.149773553,0.15036304691043711,0.0005894939104371111
83210.00399999999,0.1497972608,0.15039425640149132,0.000596995601491318
83280.00399999999,0.1498069167,0.15042156707314203,0.0006146503731420394
83360.00399999999,0.1498521268,0.1504527903579589,0.0006006635579588748
83430.00399999999,0.1498699188,0.1504800986474187,0.000610179847418707
83510.00399999999,0.1499091983,0.15051131444588003,0.0006021161458800439
83580.00399999999,0.1499373615,0.15053863074989718,0.0006012692498971739
83650.00399999999,0.1499766409,0.1505687156797814,0.0005920747797813763
83730.00399999999,0.149986282,0.150604221258236,0.0006179392582359999
83800.00399999999,0.1500470638,0.15063531114748996,0.0005882473474899674
83880.00399999999,0.150065586,0.15067082257942496,0.0006052365794249615
83950.00399999999,0.1501041353,0.15070190440045067,0.0005977691004506736
84030.00399999999,0.1501152515,0.15073741263181656,0.0006221611318165676
84100.00399999999,0.1501411945,0.15076848640567078,0.0006272919056707904
84180.00399999999,0.1502027065,0.15080401640851024,0.0006013099085102336
84250.00399999999,0.1502027065,0.15083508490623365,0.0006323784062336468
84320.00399999999,0.1502738595,0.1508661804913046,0.0005923209913046013
84400.00399999999,0.1502723694,0.15090166592914359,0.0006292965291435915
84470.00399999999,0.1503079534,0.15093210179594693,0.0006241483959469329
84550.00399999999,0.1503390819,0.15096687915483825,0.0006277972548382471
84620.00399999999,0.1503731757,0.15099730934542938,0.0006241336454293755
84700.00399999999,0.1504154205,0.15103209415652752,0.000616673656527511
84770.00399999999,0.1504369229,0.15106252424277292,0.0006256013427729246
84840.00399999999,0.1504984349,0.15109296477334275,0.0005945298733427418
84920.00399999999,0.1505206674,0.1511277411232422,0.0006070737232422019
84990.00399999999,0.1505421698,0.15115816840838817,0.0006159986083881797
85070.00399999999,0.1505977511,0.15119296653754735,0.0005952154375473417
85140.00399999999,0.1506177634,0.15122338164503,0.0006056182450299985
85220.00399999999,0.1506748348,0.15126016136936618,0.0005853265693661902
85290.00399999999,0.1507104188,0.15129705938182195,0.0005866405818219511
85360.00399999999,0.150746733,0.15133396193884305,0.000587228938843054
85440.00399999999,0.1507815719,0.15137613053452906,0.0005945586345290632
85510.00399999999,0.1508156657,0.15141303839609593,0.0005973726960959436
85590.00399999999,0.150845319,0.15145519629977797,0.0006098772997779611
85660.00399999999,0.1508616209,0.1514920872865454,0.000630466386545403
85740.00399999999,0.1509320438,0.15153426837624295,0.0006022245762429546
85810.00399999999,0.1509564966,0.15157116791449304,0.0006146713144930538
85880.00399999999,0.1509957761,0.151608074545338,0.0006122984453379998
85960.00399999999,0.1510187536,0.151650796971973,0.0006320433719730068
86030.00399999999,0.1510387659,0.15168952905312313,0.0006507631531231239
86110.00399999999,0.1510980576,0.1517338107138667,0.0006357531138667105
86180.00399999999,0.15111956,0.1517725467372139,0.0006529867372138953
86260.00399999999,0.1511773765,0.15181682507206715,0.0006394485720671583
86330.00399999999,0.1511973888,0.15185555572311035,0.0006581669231103537
86400.00399999999,0.1512359232,0.15189429978448943,0.0006583765844894174
86480.00399999999,0.1512900293,0.15193857929424984,0.0006485499942498474
86550.00399999999,0.1513241231,0.15197732159756572,0.0006531984975657046
86630.00399999999,0.1513819396,0.15202159748997174,0.0006396578899717509
86700.00399999999,0.1514034271,0.1520603367341403,0.0006569096341403069
86780.00399999999,0.1514604986,0.15210458238255,0.0006440837825500145
86850.00399999999,0.1514975578,0.15214326143254195,0.0006457036325419607
86920.00399999999,0.1515249759,0.15218193580544204,0.0006569599054420394
87000.00399999999,0.1515798271,0.15222614023460906,0.0006463131346090556
87070.00399999999,0.1516205966,0.15226482189940668,0.0006442252994066922
87150.00399999999,0.1516546905,0.1523090262470349,0.000654335747034912
87220.00399999999,0.151712507,0.15234771100015532,0.0006352040001553205
87300.00399999999,0.1517680883,0.15239191886006936,0.0006238305600693717
87370.00399999999,0.1517955065,0.15243059759854535,0.0006350910985453428
87440.00399999999,0.1518518478,0.1524692858517562,0.0006174380517562084
87520.00399999999,0.1518689096,0.15251347962417733,0.0006445700241773378
87590.00399999999,0.1519044787,0.15255706534369967,0.0006525866436996597
87670.00399999999,0.1519585848,0.15260891636746052,0.000650331567460527
87740.00399999999,0.1519800872,0.15265426149627848,0.0006741742962784736
87820.00399999999,0.1520549357,0.1527061138317774,0.0006511781317773968
87890.00399999999,0.1520549357,0.15275145327288048,0.0006965175728804729
87960.00399999999,0.1521475911,0.15279684343210492,0.000649252332104916
88040.00399999999,0.1521631479,0.15284866770480193,0.0006855198048019429
88110.00399999999,0.152235046,0.15289404767408973,0.0006590016740897209
88190.00399999999,0.1522861868,0.15294588942333523,0.0006597026233352288
88260.00399999999,0.1522847116,0.15299122697824463,0.000706515378244621
88340.00399999999,0.1523462236,0.15304305254329612,0.0006968289432961183
88410.00399999999,0.1523862481,0.1530871746145209,0.0007009265145208887
88480.00399999999,0.1524499804,0.15313131865429724,0.0006813382542972535
88560.00399999999,0.152500391,0.1531817612161706,0.0006813702161705959
88630.00399999999,0.1525670886,0.15322590204517056,0.0006588134451705474
88710.00399999999,0.1525722742,0.15327631943144004,0.000704045231440048
88780.00399999999,0.1526426971,0.15332046341701866,0.0006777663170186576
88860.00399999999,0.1526990235,0.15337090497185665,0.0006718814718566501
88930.00399999999,0.1527538747,0.15341503955944166,0.0006611648594416764
89000.00399999999,0.1527768523,0.1534591694656725,0.0006823171656725191
89080.00399999999,0.1528531909,0.15350961618209788,0.0006564252820978889
89150.00399999999,0.1528954506,0.15355450811635007,0.0006590575163500645
89230.00399999999,0.152952522,0.15361020702195075,0.000657685021950738
89300.00399999999,0.1530029178,0.15365895174359703,0.0006560339435970342
89380.00399999999,0.1530192196,0.1537146331453934,0.0006954135453934029
89450.00399999999,0.1530592442,0.15376337383632882,0.0007041296363288208
89530.00399999999,0.1531244665,0.15381907737638417,0.0006946108763841718
89600.00399999999,0.1531689465,0.15386781646402636,0.0006988699640263496
89670.00399999999,0.1532215625,0.15391655086252332,0.0006949883625233244
89750.00399999999,0.1532727033,0.15397225625970543,0.0006995529597054184
89820.00399999999,0.1533075422,0.15402099248156073,0.0007134502815607235
89900.00399999999,0.1534090787,0.1540767148564853,0.0006676361564852962
89970.00399999999,0.1534261256,0.15412565531574055,0.0006995297157405544
90050.00399999999,0.1534935832,0.15418187638635483,0.000688293186354827
90120.00399999999,0.1535298973,0.1542310739066533,0.0007011766066533087
90190.00399999999,0.1535995752,0.15428027432927918,0.0006806991292791775
90270.00399999999,0.1536410749,0.15433649760225732,0.000695422702257309
90340.00399999999,0.1536885053,0.154385699677763,0.0006971943777629996
90420.00399999999,0.1537537277,0.15444193118933994,0.000688203489339928
90490.00399999999,0.1538004279,0.1544911238008187,0.0006906959008186886
90570.00399999999,0.1538560092,0.15454735017694,0.0006913409769399859
90640.00399999999,0.1538864225,0.1545965410449291,0.0007101185449290837
90710.00399999999,0.1539597958,0.15464575575700873,0.000685959957008736
90790.00399999999,0.1540220529,0.1547084753635434,0.0006864224635433902
90860.00399999999,0.1540843099,0.15476652032946017,0.0006822104294601783
90940.00399999999,0.1541332304,0.15483283280067123,0.0006996024006712398
91010.00399999999,0.1541865915,0.1548908662117501,0.000704274711750108
91090.00399999999,0.1542592347,0.1549572011699936,0.0006979664699935939
91160.00399999999,0.1542822123,0.15501522590686645,0.0007330136068664506
91230.00399999999,0.1543533653,0.15507033805027176,0.0007169727502717715
91310.00399999999,0.1544007957,0.15513100636781108,0.0007302106678110654
91380.00399999999,0.1544615775,0.15518410372322183,0.000722526223221831
91460.00399999999,0.1545230895,0.15524478227216287,0.0007216927721628852
91530.00399999999,0.1545860916,0.15529788247392698,0.0007117908739269763
91610.00399999999,0.1546253711,0.15535855383100458,0.0007331827310045891
91680.00399999999,0.1547091305,0.1554116653081521,0.0007025348081520777
91750.00399999999,0.154758051,0.15546475621017503,0.0007067052101750182
91830.00399999999,0.1548173428,0.15552543478031397,0.0007080919803139629
91900.00399999999,0.1548625529,0.1555785257707758,0.000715972870775794
91980.00399999999,0.154944092,0.15563922168301286,0.0006951296830128573
92050.00399999999,0.1549930125,0.15569885866842254,0.0007058461684225359
92130.00399999999,0.155050084,0.15576805661654056,0.000717972616540552
92200.00399999999,0.1551049352,0.15582861251278693,0.0007236773127869411
92270.00399999999,0.1551745981,0.15588917067158303,0.0007145725715830276
92350.00399999999,0.1552464962,0.1559583753800202,0.0007118791800201918
92420.00399999999,0.155298382,0.15601893569953826,0.0007205536995382456
92500.00399999999,0.1553732306,0.1560881430034349,0.0007149124034349086
92570.00399999999,0.155386582,0.15614868292848585,0.0007621009284858593
92650.00399999999,0.1554925591,0.15621790566090174,0.0007253465609017296
92720.00399999999,0.1555288881,0.1562784559349135,0.0007495678349134782
92790.00399999999,0.1555881798,0.15633903936001295,0.0007508595600129453
92870.00399999999,0.1556474715,0.15640957352981164,0.0007621020298116399
92940.00399999999,0.1557253003,0.15647130402793372,0.0007460037279337084
93020.00399999999,0.1557979286,0.15654184911592403,0.0007439205159240347
93090.00399999999,0.1558512896,0.1566035778586941,0.0007522882586941115
93170.00399999999,0.155926168,0.15667412543277606,0.0007479574327760585
93240.00399999999,0.1559995413,0.15673585675631688,0.0007363154563168883
93310.00399999999,0.156024009,0.15679756841354403,0.0007735594135440393
93390.00399999999,0.156094417,0.15686810812570576,0.0007736911257057444
93460.00399999999,0.1561826169,0.15692984815042632,0.0007472312504263334
93540.00399999999,0.1562485844,0.15700039154298331,0.0007518071429833129
93610.00399999999,0.1563138068,0.15706399756656103,0.0007501907665610208
93690.00399999999,0.1563738436,0.15714153597350408,0.0007676923735040753
93760.00399999999,0.1564442515,0.1572093920015565,0.000765140501556516
93830.00399999999,0.156510964,0.15727723293495088,0.0007662689349508811
93910.00399999999,0.1565798819,0.15735478321532392,0.0007749013153239281
93980.00399999999,0.156651035,0.157422624779295,0.0007715897792950066
94060.00399999999,0.1567296088,0.15750018576353447,0.0007705769635344695
94130.00399999999,0.1567911208,0.15756807774949153,0.0007769569494915363
94210.00399999999,0.1568607986,0.15764565815816753,0.0007848595581675388
94280.00399999999,0.1569223255,0.1577135525812572,0.0007912270812572009
94360.00399999999,0.1569964439,0.15779113810611878,0.0007946942061187734
94430.00399999999,0.1570653766,0.1578590280887821,0.0007936514887821045
94500.00399999999,0.1571328193,0.15792692747881093,0.0007941081788109261
94580.00399999999,0.1572113931,0.15800452260646317,0.0007931295064631527
94650.00399999999,0.1572847664,0.15807241914471074,0.0007876527447107373
94730.00399999999,0.1573544294,0.15815000235076088,0.0007955729507608811
94800.00399999999,0.1574263275,0.15821790563469873,0.0007915781346987394
94880.00399999999,0.1574937701,0.1582972211446317,0.0008034510446316978
94950.00399999999,0.1575745642,0.15836803594860518,0.0007934717486051956
95020.00399999999,0.1576479375,0.1584388518292587,0.0007909143292587073
95100.00399999999,0.1577272415,0.15851978479366677,0.0007925432936667642
95170.00399999999,0.1577895135,0.15859059556069713,0.0008010820606971225
95250.00399999999,0.1578665972,0.1586715260441865,0.0008049288441865088
95320.00399999999,0.1579473913,0.15874234461905504,0.0007949533190550473
95400.00399999999,0.1580237299,0.15882327153809836,0.0007995416380983666
95470.00399999999,0.1581193507,0.15889410092379994,0.0007747502237999415
95540.00399999999,0.1581919789,0.15896491514975394,0.0007729362497539416
95620.00399999999,0.1582357138,0.15904582767587744,0.0008101138758774273
95690.00399999999,0.1583135277,0.15912003079121265,0.0008065030912126347
95770.00399999999,0.1584254503,0.15920624707727768,0.0007807967772776869
95840.00399999999,0.158492893,0.1592816702843524,0.0007887772843523932
95920.00399999999,0.1585447788,0.15936785524239197,0.0008230764423919623
95990.00399999999,0.1586107463,0.15944326416936172,0.0008325178693617263
96060.00399999999,0.1587293297,0.15951871396311298,0.0007893842631129799
96140.00399999999,0.1587797403,0.15960490043373618,0.0008251601337361802
96210.00399999999,0.158883512,0.1596803385369141,0.000796826536914097
96290.00399999999,0.1589591205,0.15976653695108575,0.0008074164510857573
96360.00399999999,0.1590206325,0.1598419524238957,0.000821319923895697
96440.00399999999,0.1591169834,0.15992830221141238,0.000811318811412387
96510.00399999999,0.1592074037,0.16001104240381267,0.0008036387038126702
96580.00399999999,0.159290418,0.16009377096537222,0.0008033529653722338
96660.00399999999,0.1593385935,0.16018828719971195,0.0008496936997119675
96730.00399999999,0.159467563,0.16027103313804972,0.0008034701380497111
96810.00399999999,0.1595387161,0.16036557151905487,0.0008268554190548616
96880.00399999999,0.1596098691,0.16044828705511757,0.0008384179551175763
96960.00399999999,0.1597254872,0.16054284205047098,0.0008173548504709915
97030.00399999999,0.1597936749,0.16062557062988755,0.0008318957298875662
97100.00399999999,0.159866333,0.16070829384988344,0.0008419608498834441
97180.00399999999,0.1599656492,0.16080296197147342,0.0008373127714734196
97250.00399999999,0.1600293964,0.16088642828275773,0.0008570318827577361
97330.00399999999,0.1601398289,0.1609818235986205,0.0008419946986205074
97400.00399999999,0.1602102369,0.16106528830196687,0.000855051401966872
97480.00399999999,0.160299927,0.16116067897793943,0.0008607519779394168
97550.00399999999,0.1604022086,0.16124416292602375,0.0008419543260237417
97620.00399999999,0.1604866982,0.16132763817469406,0.0008409399746940605
97700.00399999999,0.1605652571,0.1614230272266247,0.0008577701266246907
97770.00399999999,0.1606749594,0.16150651561078688,0.0008315562107868713
97850.00399999999,0.1607542634,0.16160190317791848,0.000847639777918463
97920.00399999999,0.1608513743,0.1616853788871861,0.0008340045871861046
98000.00399999999,0.1609314233,0.16178569156339176,0.000854268263391772
98070.00399999999,0.1610455662,0.16188014665221084,0.0008345804522108535
98140.00399999999,0.1611233801,0.16197457916477823,0.0008511990647782353
98220.00399999999,0.1612182558,0.16208250317958475,0.0008642473795847649
98290.00399999999,0.1613094211,0.16217694315561354,0.000867522055613551
98370.00399999999,0.1613983661,0.16228485858361427,0.0008864924836142762
98440.00399999999,0.1614739597,0.16237928742632352,0.0009053277263235127
98520.00399999999,0.1616133004,0.1624872349803594,0.0008739345803594201
98590.00399999999,0.1616666615,0.16258166955398862,0.0009150080539886141
98660.00399999999,0.1617659926,0.1626761048794841,0.000910112279484121
98740.00399999999,0.1618808806,0.16278403391473442,0.0009031533147344228
98810.00399999999,0.1619765013,0.16287744021401576,0.0009009389140157698
98890.00399999999,0.1620624661,0.16298335912754658,0.0009208930275465821
98960.00399999999,0.1621477008,0.16307603725361755,0.000928336453617562
99040.00399999999,0.1622633338,0.1631819663475692,0.0009186325475692148
99110.00399999999,0.1623396724,0.16327465339533265,0.0009349809953326516
99190.00399999999,0.1624656767,0.16338058613712883,0.0009149094371288247
99260.00399999999,0.1625738889,0.16347328608802042,0.0008993971880204288
99330.00399999999,0.1626435518,0.16356596086128947,0.0009224090612894587
99410.00399999999,0.1627717912,0.16367190492689354,0.0009001137268935533
99480.00399999999,0.1628614813,0.16376459831378593,0.0009031170137859257
99560.00399999999,0.1629704237,0.16387052633028223,0.000900102630282229
99630.00399999999,0.1630623341,0.16397909038355896,0.0009167562835589449
99710.00399999999,0.1631668359,0.1641056799163398,0.0009388440163397849
99780.00399999999,0.1632935852,0.16421194789750385,0.0009183626975038384
99850.00399999999,0.1633765996,0.16431268732506726,0.0009360877250672583
99930.00399999999,0.1634699851,0.16442779777890598,0.0009578126789059893
100000.00399999999,0.1635856032,0.1645285476495606,0.0009429444495605843
100080.00399999999,0.1636960506,0.16464366827447824,0.000947617674478235
100150.00399999999,0.1637894511,0.16474440679638444,0.0009549556963844297
100230.00399999999,0.1638932079,0.16485952616179478,0.0009663182617947741
100300.00399999999,0.1639917791,0.16496025856147395,0.0009684794614739367
100370.00399999999,0.1641125977,0.1650610067522563,0.0009484090522562938
100450.00399999999,0.1642356366,0.16517613721651092,0.0009405006165109087
100520.00399999999,0.1643134505,0.16527686325941057,0.000963412759410559
100600.00399999999,0.1644157469,0.16539380223549524,0.0009780553354952481
100670.00399999999,0.1645350754,0.16549701192367192,0.000961936523671908
100750.00399999999,0.1646662802,0.16561497077558146,0.0009486905755814734
100820.00399999999,0.1647366881,0.1657181485927035,0.0009814604927035064
100890.00399999999,0.1648545265,0.16582136325043761,0.0009668367504376274
100970.00399999999,0.1649731249,0.16593931150643437,0.0009661866064343827
101040.00399999999,0.1650761515,0.16604251319456362,0.0009663616945636277
101120.00399999999,0.1651932448,0.16616046078816352,0.0009672159881635167
101190.00399999999,0.1653214693,0.16626367119288288,0.0009422018928828824
101270.00399999999,0.1654222757,0.16638162147605187,0.000959345776051862
101340.00399999999,0.1655119509,0.16648481221851338,0.0009728613185133739
101410.00399999999,0.1656038761,0.16659074966754267,0.0009868735675426787
101490.00399999999,0.1657713801,0.16671228688886788,0.000940906788867879
101560.00399999999,0.1658573598,0.1668185914166442,0.0009612316166442147
101640.00399999999,0.1659707576,0.16694010086465172,0.0009693432646517286
101710.00399999999,0.1660767496,0.16704641757361788,0.0009696679736178881
101790.00399999999,0.1661886722,0.16716792662310415,0.0009792544231041478
101860.00399999999,0.1663035452,0.16727424338310695,0.0009706981831069383
101930.00399999999,0.1664258391,0.16738058410216627,0.000954745002166274
102010.00399999999,0.1665466726,0.16750209097118635,0.0009554183711863451
102080.00399999999,0.1666667461,0.16760842300774528,0.0009416769077452702
102160.00399999999,0.1667779237,0.16773069392562104,0.0009527702256210413
102230.00399999999,0.1668624133,0.16784167333083994,0.0009792600308399235
102310.00399999999,0.1669965684,0.16796852209228144,0.000971953692281452
102380.00399999999,0.1671277583,0.16807953329272904,0.0009517749927290264
102450.00399999999,0.1672248542,0.16819052214928865,0.0009656679492886511
102530.00399999999,0.1673204601,0.16831735959890712,0.0009968994989071056
102600.00399999999,0.1674412787,0.1684283660485346,0.0009870873485345877
102680.00399999999,0.167586565,0.1685552300560943,0.0009686650560943033
102750.00399999999,0.1676895767,0.1686662190024801,0.0009766423024800963
102830.00399999999,0.1678207666,0.16879307778907948,0.0009723111890794778
102900.00399999999,0.1679060012,0.168904057252004,0.0009980560520040094
102970.00399999999,0.1680572033,0.16901533028559915,0.0009581269855991337
103050.00399999999,0.1681594849,0.16914314209713532,0.0009836571971353347
103120.00399999999,0.1682565808,0.16925497008589646,0.0009983892858964616
103200.00399999999,0.1683937162,0.16938280066857098,0.0009890844685709888
103270.00399999999,0.1685256511,0.16949465328996088,0.000969002189960877
103350.00399999999,0.1686457098,0.16962247259967123,0.000976762799671238
103420.00399999999,0.1687450409,0.16973430228701797,0.0009892613870179645
103490.00399999999,0.168851763,0.16984614616658777,0.0009943831665877867
103570.00399999999,0.1689814627,0.16997396832871917,0.0009925056287191647
103640.00399999999,0.1691022813,0.17008582256900479,0.000983541269004795
103720.00399999999,0.1692275405,0.17021363719015747,0.0009860966901574786
103790.00399999999,0.1693313271,0.17033660409648918,0.0010052769964891684
103870.00399999999,0.1694536209,0.17047301582116572,0.0010193949211657338
103940.00399999999,0.1696048081,0.17059241302717312,0.000987604927173119
104020.00399999999,0.1697145104,0.1707288267091233,0.0010143163091232976
104090.00399999999,0.169807151,0.17084819050749847,0.0010410395074984813
104160.00399999999,0.1699590981,0.1709675745659389,0.001008476465938879
104240.00399999999,0.1700902879,0.1711040051558466,0.0010137172558465912
104310.00399999999,0.1701814532,0.17122336312689362,0.001041909926893625
104390.00399999999,0.1703386009,0.17135980592979289,0.0010212050297928876
104460.00399999999,0.1704230905,0.17147917215746364,0.0010560816574636256
104540.00399999999,0.1705542803,0.17161559409569482,0.0010613137956948238
104610.00399999999,0.1706587821,0.17173262026402195,0.0010738381640219563
104680.00399999999,0.1707914621,0.17184881553656703,0.0010573534365670156
104760.00399999999,0.1709085554,0.17198160588911077,0.0010730504891107717
104830.00399999999,0.1710597575,0.17209782063573426,0.001038063135734263
104910.00399999999,0.1711939275,0.17223062384207916,0.0010366963420791464
104980.00399999999,0.17130436,0.17234681649079422,0.0010424564907942357
105060.00399999999,0.171410352,0.17247959598316123,0.0010692439831612444
105130.00399999999,0.1715452522,0.17259580489586132,0.0010505526958613232
105200.00399999999,0.171649754,0.17271199108203295,0.0010622370820329574
105280.00399999999,0.1717972457,0.17284479384865506,0.0010475481486550697
105350.00399999999,0.1719076782,0.1729609912862292,0.0010533130862291906
105430.00399999999,0.1720247865,0.17309854285980286,0.0010737563598028632
105500.00399999999,0.1721552461,0.17321941946847483,0.0010641733684748356
105580.00399999999,0.1722857058,0.17335755869438735,0.001071852894387354
105650.00399999999,0.1724094748,0.17347842658509627,0.0010689517850962782
105720.00399999999,0.1725369543,0.17359930598009599,0.0010623516800959965
105800.00399999999,0.1726725996,0.17373744860471904,0.0010648490047190373
105870.00399999999,0.1727934033,0.173858317818311,0.0010649145183109776
105950.00399999999,0.1729638875,0.17399647506807578,0.0010325875680757823
106020.00399999999,0.1730513573,0.17411733641758398,0.001065979117583965
106100.00399999999,0.1731877327,0.17425547057848725,0.0010677378784872404
106170.00399999999,0.1733122468,0.17437735490600842,0.0010651081060084056
106240.00399999999,0.1734523326,0.17450440362865613,0.0010520710286561208
106320.00399999999,0.1735894531,0.17464958260515273,0.0010601295051527182
106390.00399999999,0.1737065464,0.17477661421382398,0.0010700678138239883
106470.00399999999,0.173854053,0.17492179168462668,0.0010677386846266734
106540.00399999999,0.1739837676,0.17504883616948466,0.0010650685694846562
106620.00399999999,0.1741260737,0.1751940126019419,0.0010679389019419006
106690.00399999999,0.1742780209,0.1753210673767607,0.0010430464767607062
106760.00399999999,0.1743788123,0.17544809819466056,0.001069285894660571
106840.00399999999,0.174500376,0.17559326362304167,0.0010928876230416606
106910.00399999999,0.174659729,0.1757203225232469,0.0010605935232468888
106990.00399999999,0.1747709066,0.17587801480400994,0.0011071082040099434
107060.00399999999,0.174916178,0.1760329184249593,0.001116740424959295
107140.00399999999,0.1750599742,0.17619386030434891,0.001133886104348919
107210.00399999999,0.1751919091,0.17633044075374138,0.0011385316537413925
107280.00399999999,0.1753223538,0.17646700596589357,0.0011446521658935727
107360.00399999999,0.1754705906,0.1766230859670122,0.0011524953670122018
107430.00399999999,0.1755943596,0.17675965736718194,0.0011652977671819387
107510.00399999999,0.1757455766,0.17691575079685565,0.001170174196855639
107580.00399999999,0.1759071499,0.17705234177122728,0.0011451918712272746
107660.00399999999,0.1760657728,0.17720842949421378,0.0011426566942137895
107730.00399999999,0.1761858314,0.17734499897119085,0.0011591675711908611
107800.00399999999,0.1763081253,0.17748156917774693,0.001173443877746927
107880.00399999999,0.1764704436,0.17763779919189351,0.0011673555918935152
107950.00399999999,0.176634267,0.17778088287003124,0.0011466158700312312
108030.00399999999,0.1767728627,0.17794437412052388,0.0011715114205238797
108100.00399999999,0.1769218445,0.1780874366690327,0.0011655921690326976
108180.00399999999,0.1770767421,0.17825093630399355,0.0011741942039935616
108250.00399999999,0.1772146076,0.17839400271182415,0.0011793951118241608
108320.00399999999,0.1773858219,0.17853709113561367,0.0011512692356136778
108400.00399999999,0.177493304,0.17870057097544562,0.0012072669754456256
108470.00399999999,0.1776341349,0.17884363981322526,0.0012095049132252733
108550.00399999999,0.1778601855,0.179007169318725,0.0011469838187250225
108620.00399999999,0.1780121326,0.17915023923579612,0.00113810663579611
108700.00399999999,0.1781262755,0.17931790691424918,0.001191631414249189
108770.00399999999,0.178297475,0.17947454096656132,0.0011770659665613081
108840.00399999999,0.1784190536,0.17963114310475872,0.0012120895047587343
108920.00399999999,0.1786147207,0.17981016188675408,0.001195441186754076
108990.00399999999,0.1787466556,0.1799667713854385,0.0012201157854385136
109070.00399999999,0.1789163798,0.18014576573106775,0.0012293859310677502
109140.00399999999,0.1790779531,0.18030240436423475,0.0012244512642347605
109220.00399999999,0.1792477071,0.18048140472747076,0.0012336976274707756
109290.00399999999,0.1794181764,0.1806380422714761,0.0012198658714761001
109370.00399999999,0.1795886457,0.18081705152939193,0.001228405829391932
109440.00399999999,0.1797279865,0.1809736653462046,0.0012456788462046064
109510.00399999999,0.1799088269,0.18113755862650852,0.001228731726508503
109590.00399999999,0.1801067442,0.18133505861398055,0.0012283144139805524
109660.00399999999,0.1802609116,0.18150785320464174,0.0012469416046417547
109740.00399999999,0.180458799,0.18170534854547987,0.0012465495454798692
109810.00399999999,0.180574432,0.18187812504629344,0.001303693046293436
109890.00399999999,0.1807938069,0.18207562651250928,0.0012818196125092829
109960.00399999999,0.1809502244,0.18225188896438707,0.0013016645643870728
110030.00399999999,0.1811088324,0.18242939417682152,0.0013205617768215216
110110.00399999999,0.1813296974,0.18263229253225624,0.0013025951322562512
110180.00399999999,0.1814994365,0.182809812626482,0.0013103761264819935
110260.00399999999,0.1816669405,0.18301267246296804,0.0013457319629680276
110330.00399999999,0.1818559468,0.18319020531915337,0.001334258519153364
110410.00399999999,0.1820338368,0.18339307615355635,0.001359239353556363
110480.00399999999,0.1822517365,0.18357061635801442,0.0013188798580144045
110550.00399999999,0.182415545,0.18374812987089506,0.0013325848708950483
110630.00399999999,0.1826089919,0.18395100754109248,0.0013420156410924866
110700.00399999999,0.182814315,0.18412854758006608,0.001314232580066077
110780.00399999999,0.1829751432,0.18435227860296938,0.0013771354029693816
110850.00399999999,0.1831611842,0.18455023857406355,0.0013890543740635586
110930.00399999999,0.1833724231,0.18477648529656052,0.0014040621965605293
111000.00399999999,0.1835725456,0.1849744605002385,0.001401914900238499
111070.00399999999,0.1837593317,0.18517243445898532,0.0014131027589853185
111150.00399999999,0.1839587092,0.18539867654426076,0.001439967344260773
111220.00399999999,0.1841654927,0.18559665835253222,0.0014311656525322347
111300.00399999999,0.1843670905,0.1858229073390502,0.001455816839050189
111370.00399999999,0.1845620424,0.18602087831479946,0.0014588359147994778
111450.00399999999,0.184788838,0.18624838256298404,0.0014595445629840276
111520.00399999999,0.1849874705,0.18644848177122988,0.001461011271229884
111590.00399999999,0.1851705462,0.18664856626742374,0.0014780200674237298
111670.00399999999,0.1854181141,0.18687726561555942,0.0014591515155594204
111740.00399999999,0.1856404692,0.18707738250604375,0.0014369133060437578
111820.00399999999,0.1858272403,0.1873060538227475,0.0014788135227475074
111890.00399999999,0.1860155016,0.1875061421921996,0.0014906405921996102
111970.00399999999,0.1862363815,0.1877348177407468,0.0014984362407468033
112040.00399999999,0.186471343,0.18793493677024575,0.0014635937702457413
112110.00399999999,0.1866714507,0.1881350374410929,0.0014635867410928982
112190.00399999999,0.1868982613,0.18836372239335455,0.0014654610933545476
112260.00399999999,0.1871102452,0.18858885193106878,0.0014786067310687823
112340.00399999999,0.1873429865,0.1888564410780245,0.0015134545780244868
112410.00399999999,0.1875534803,0.18909027345987117,0.0015367931598711804
112490.00399999999,0.187816605,0.18934121587519234,0.0015246108751923448
112560.00399999999,0.1880145073,0.18956077147359351,0.00154626417359352
112630.00399999999,0.1882279664,0.1897803311878597,0.0015523647878596947
112710.00399999999,0.1884555072,0.19003123851188183,0.0015757313118818228
112780.00399999999,0.1887141913,0.19025082226005824,0.0015366309600582384
112860.00399999999,0.1889372766,0.19050173823106448,0.0015644616310644677
112930.00399999999,0.1891529709,0.19072130081393707,0.001568329913937072
113010.00399999999,0.1894146055,0.1909722368738617,0.0015576313738616954
113080.00399999999,0.1896436363,0.19119181205077476,0.0015481757507747607
113150.00399999999,0.1898652464,0.19141137412019796,0.001546127720197965
113230.00399999999,0.1901254058,0.19166545217926,0.0015400463792600017
113300.00399999999,0.1903381348,0.19189526153018063,0.0015571267301806302
113380.00399999999,0.1906116307,0.19215791995124223,0.0015462892512422277
113450.00399999999,0.1908221245,0.1923877351580319,0.0015656106580319018
113530.00399999999,0.191065982,0.19265038032903184,0.0015843983290318442
113600.00399999999,0.1912927926,0.1928801918889971,0.0015873992889970934
113670.00399999999,0.1915425658,0.1931100248902202,0.0015674590902201857
113750.00399999999,0.1917834431,0.1933726674238698,0.0015892243238697923
113820.00399999999,0.1920287907,0.19360249284399578,0.00157370214399577
113900.00399999999,0.1922741234,0.19386512948803655,0.0015910060880365562
113970.00399999999,0.1925276071,0.19409496023867315,0.0015673531386731498
114050.00399999999,0.1927536726,0.1943581074063952,0.0016044348063951885
114120.00399999999,0.192996785,0.1945887702022589,0.0015919852022588943
114200.00399999999,0.19326213,0.1948523940396003,0.0015902640396003032
114270.00399999999,0.1934844851,0.19508304851076655,0.001598563410766557
114340.00399999999,0.1937261224,0.19531371057650102,0.0015875881765010091
114420.00399999999,0.1939810812,0.19557733241431263,0.001596251214312644
114490.00399999999,0.1942404956,0.1958080015545239,0.0015675059545239012
114570.00399999999,0.1944902986,0.19607161641924217,0.0015813178192421729
114640.00399999999,0.1947119087,0.19630228064250568,0.0015903719425056917
114720.00399999999,0.1949690878,0.19656590737806276,0.0015968195780627636
114790.00399999999,0.1951966286,0.19679657991166818,0.0015999513116681796
114860.00399999999,0.1954204887,0.19701903821354097,0.0015985495135409644
114940.00399999999,0.1956910193,0.1972699177052236,0.0015788984052236
115010.00399999999,0.1959281862,0.19748943988636072,0.0015612536863607307
115090.00399999999,0.1961601973,0.19774030487522412,0.0015801075752241156
115160.00399999999,0.1963981092,0.19795982767706974,0.0015617184770697345
115240.00399999999,0.1966760606,0.19821071616175315,0.0015346555617531399
115310.00399999999,0.196866557,0.19843021057370197,0.001563653573701973
115380.00399999999,0.1971081793,0.19864972315036766,0.0015415438503676715
115460.00399999999,0.1973712891,0.19890059706248447,0.0015293079624844608
115530.00399999999,0.1975803077,0.19912011657053988,0.001539808870539866
115610.00399999999,0.1978612244,0.1993710929133918,0.0015098685133917988
115680.00399999999,0.1980813593,0.1995943216962485,0.001512962396248485
115760.00399999999,0.1983429939,0.1998494329370455,0.0015064390370455039
115830.00399999999,0.1985772252,0.20007266529885206,0.0014954400988520522
115900.00399999999,0.1987595558,0.20029584313837095,0.0015362873383709674
115980.00399999999,0.1990285963,0.20055097183648837,0.001522375536488374
116050.00399999999,0.1992442906,0.20077418640319386,0.001529895803193848
116130.00399999999,0.1994992644,0.2010292946480012,0.0015300302480012185
116200.00399999999,0.199725315,0.20125252707550242,0.0015272120755024376
116280.00399999999,0.1999773234,0.20150763716843437,0.001530313768434377
116350.00399999999,0.2001885772,0.20173084569662927,0.0015422684966292788
116420.00399999999,0.200399071,0.20195433869254553,0.00155526769254552
116500.00399999999,0.2006651461,0.20221138692512014,0.0015462408251201432
116570.00399999999,0.2009112388,0.20243632747429532,0.0015250886742953218
116650.00399999999,0.2011736035,0.20269338231523332,0.0015197788152333247
116720.00399999999,0.2013892978,0.20291829459642613,0.0015289967964261242
116800.00399999999,0.2016057372,0.20317530849081242,0.0015695712908124215
116870.00399999999,0.201851055,0.20340025233920103,0.0015491973392010305
116940.00399999999,0.2020734102,0.2036251758944689,0.0015517656944689096
117020.00399999999,0.202302441,0.20388221428259665,0.001579773282596647
117090.00399999999,0.2025396377,0.20410713652764642,0.0015674988276464241
117170.00399999999,0.2027990371,0.20436419285772012,0.0015651557577201214
117240.00399999999,0.2030147314,0.20459301178495404,0.0015782803849540283
117320.00399999999,0.2032719254,0.2048599958065303,0.0015880704065303064
117390.00399999999,0.2035165131,0.20509362600402156,0.0015771129040215714
117460.00399999999,0.2037069947,0.20532721238193152,0.0016202176819315184
117540.00399999999,0.2039842159,0.20559420088354777,0.0016099849835477797
117610.00399999999,0.2042087913,0.2058278117434633,0.0016190204434632927
117690.00399999999,0.2044652402,0.20609479499536965,0.0016295547953696365
117760.00399999999,0.2046994567,0.20632841496167734,0.0016289582616773324
117840.00399999999,0.2049522102,0.20659537697404834,0.001643166774048327
117910.00399999999,0.2052182853,0.20682901121141903,0.0016107259114190309
117980.00399999999,0.2054495364,0.20706263583450915,0.0016130994345091576
118060.00399999999,0.2057178617,0.20734916353894314,0.0016313018389431388
118130.00399999999,0.205950588,0.20760717940533066,0.0016565914053306707
118210.00399999999,0.2062218636,0.20789899598562167,0.0016771323856216713
118280.00399999999,0.206482023,0.20815436295623943,0.0016723399562394436
118360.00399999999,0.2067407072,0.20844617775237237,0.0017054705523723568
118430.00399999999,0.206986025,0.2087015358930177,0.0017155108930177188
118500.00399999999,0.2072469443,0.20895689581645815,0.0017099515164581414
118580.00399999999,0.2074944973,0.20924869799915868,0.0017542006991586867
118650.00399999999,0.2077768892,0.2095040764142749,0.0017271872142748945
118730.00399999999,0.2080288976,0.2097958808722903,0.0017669832722903012
118800.00399999999,0.2083142549,0.2100512588475178,0.0017370039475178012
118880.00399999999,0.2085788697,0.21034307466496802,0.0017642049649680136
118950.00399999999,0.2088538408,0.2106168054637675,0.0017629646637674912
119030.00399999999,0.2091140002,0.21093715083275097,0.0018231506327509583
119100.00399999999,0.2093838006,0.21121746788619106,0.0018336672861910541
119170.00399999999,0.2096365392,0.21149778339879197,0.001861244198791967
119250.00399999999,0.2099545151,0.21181816330477635,0.001863648204776358
119320.00399999999,0.2102272809,0.21209849276766307,0.001871211867663064
119400.00399999999,0.2105719298,0.21241888703086217,0.001846957230862173
119470.00399999999,0.2108313292,0.21269920691972485,0.001867877719724853
119550.00399999999,0.2111456096,0.21301958125602924,0.001873971656029233
119620.00399999999,0.2114161402,0.21329990669992577,0.0018837664999257764
119690.00399999999,0.2117229998,0.21358025856007237,0.0018572587600723667
119770.00399999999,0.212017253,0.21393579253745632,0.0019185395374563263
119840.00399999999,0.2123137265,0.2142505818695763,0.0019368553695763013
119920.00399999999,0.2126517147,0.2146103431734746,0.0019586284734746107
119990.00399999999,0.2129489183,0.21492514196130974,0.0019762236613097284
120070.00399999999,0.2132824659,0.21528489306293216,0.002002427162932169
120140.00399999999,0.2135915458,0.21559968196916798,0.002008136169167979
120210.00399999999,0.2139310092,0.21592779817272567,0.001996788972725677
120290.00399999999,0.2142363787,0.2163081936776194,0.0020718149776193795
120360.00399999999,0.2145929039,0.2166410903128154,0.0020481864128154004
120440.00399999999,0.2149620056,0.21702152425163435,0.00205951865163434
120510.00399999999,0.2152392119,0.21735436948303594,0.0021151575830359315
120590.00399999999,0.2156342715,0.2177348208691921,0.0021005493691921007
120660.00399999999,0.2159618735,0.21806770307362783,0.0021058295736278154
120730.00399999999,0.2162650228,0.2184005537310698,0.002135530931069801
120810.00399999999,0.2166371047,0.21878097429958673,0.002143869599586734
120880.00399999999,0.2169854641,0.21911386168470653,0.0021283975847065373
120960.00399999999,0.2173805237,0.21949412517608985,0.0021136014760898547
121030.00399999999,0.2177103609,0.21981903804629402,0.002108677146294008
121110.00399999999,0.2181009501,0.22019036072913378,0.0020894106291337866
121180.00399999999,0.2184471041,0.22051526426156637,0.002068160161566357
121250.00399999999,0.2187695205,0.22084017088149357,0.002070650381493566
121330.00399999999,0.2191341817,0.22121146595708865,0.0020772842570886407
121400.00399999999,0.2195129246,0.22153640467643418,0.0020234800764341865
121480.00399999999,0.2198916823,0.22190773132232278,0.0020160490223227745
121550.00399999999,0.220217064,0.22223264110432708,0.002015577104327093
121630.00399999999,0.22058025,0.22260393870915035,0.0020236887091503453
121700.00399999999,0.22093454,0.2229288625668176,0.0019943225668175857
121770.00399999999,0.221236214,0.22324299039448484,0.0020067763944848493
121850.00399999999,0.2216097713,0.22353921304796534,0.0019294417479653325
121920.00399999999,0.2219166309,0.2237863017158575,0.0018696708158575104
122000.00399999999,0.2222761065,0.22406374307172372,0.001787636571723733
122070.00399999999,0.2225933224,0.2243064891797032,0.0017131667797032069
122150.00399999999,0.2229038924,0.2245838934050083,0.0016800010050083136
122220.00399999999,0.2232055515,0.22482665674159932,0.0016211052415993354
122290.00399999999,0.2234597951,0.22506939903917356,0.0016096039391735595
122370.00399999999,0.223794058,0.22534684068527258,0.0015527826852725912
122440.00399999999,0.2240371704,0.22558958181198677,0.0015524114119867538
122520.00500000003,0.2243284732,0.22586700821858105,0.001538535018581061
122590.00500000003,0.2245574892,0.22610975727683597,0.0015522680768359776
122670.00500000003,0.2247998714,0.22638493187503939,0.001585060475039396
122740.00500000003,0.225079298,0.2265306558516926,0.0014513578516925918
122810.00500000003,0.2252853364,0.22668767354174169,0.0014023371417416775
122890.00500000003,0.2255091965,0.22686710449246483,0.001357907992464824
122960.00500000003,0.2257426679,0.22702413759048437,0.0012814696904843714
123040.00500000003,0.2259383351,0.22720357755509799,0.0012652424550979868
123110.00500000003,0.2261184454,0.2273605954591611,0.0012421500591610901
123190.00500000003,0.2263133824,0.22754004482097337,0.0012266624209733568
123260.00500000003,0.2265357375,0.2276970877241376,0.0011613502241376028
123330.00500000003,0.226663962,0.2278540922468346,0.001190130246834592
123410.00500000003,0.2268373966,0.2280335459285562,0.0011961493285562175
123480.00500000003,0.2269915789,0.2281905745516864,0.0011989956516864075
123560.00500000003,0.2271435261,0.22833123555161416,0.0011877094516141717
123630.00500000003,0.2273162156,0.2284355352405397,0.0011193196405396844
123710.00500000003,0.2274303585,0.2285546845711942,0.0011243260711941983
123780.00500000003,0.2275719196,0.2286589642845308,0.0010870446845308024
123860.00500000003,0.2277090549,0.2287781508955213,0.0010690959955212964
123930.00500000003,0.2278135568,0.2288824299081746,0.0010688731081745784
124000.00500000003,0.2279684693,0.22898673053933088,0.001018261239330881
124080.00500000003,0.228081122,0.22910591447735984,0.0010247924773598427
124150.00500000003,0.2281922996,0.22921019678785712,0.0010178971878571086
124230.00500000003,0.2282827199,0.2292674506638341,0.000984730763834124
124300.00500000003,0.228435427,0.2293468867393232,0.0009114597393232171
124380.00500000003,0.2285176963,0.22943762033479673,0.0009199240347967375
124450.00500000003,0.2286310941,0.22951704003442652,0.0008859459344265352
124520.00500000003,0.2286896408,0.22959642680805714,0.0009067860080571311
124600.00500000003,0.2288023084,0.22968719848731345,0.0008848900873134613
124670.00500000003,0.2288793921,0.22976659179467024,0.0008871996946702432
124750.00500000003,0.2289890796,0.22985735151604625,0.0008682719160462427
124820.00500000003,0.2290617377,0.22993676541710617,0.0008750277171061804
124900.00500000003,0.2291640192,0.23002752695121373,0.0008635077512137157
124970.00500000003,0.2292485088,0.23010694375555288,0.0008584349555528781
125040.00500000003,0.2293285578,0.2301798024175814,0.0008512446175814037
125120.00500000003,0.2294063866,0.23025388716044426,0.0008475005604442476
125190.00500000003,0.2294753045,0.23031871232446818,0.0008434078244681786
125270.00500000003,0.2295575738,0.23039279364981505,0.0008352198498150498
125340.00500000003,0.2296198457,0.23045761438943335,0.0008377686894333602
125420.00500000003,0.2297028601,0.2305317067732164,0.0008288466732164212
125490.00500000003,0.2297651321,0.23059652718825382,0.0008313950882538335
125560.00500000003,0.2298481315,0.2306613790810735,0.0008132475810735118
125640.00500000003,0.2299192846,0.230735464638144,0.0008161800381440154
125710.00500000003,0.229984507,0.23080029587228937,0.0008157888722893636
125790.00500000003,0.2300682664,0.23087440639873366,0.0008061399987336626
125860.00500000003,0.2301097661,0.23093488931452286,0.0008251232145228549
125940.00500000003,0.2301883399,0.23100224867848493,0.0008139087784849175
126010.00500000003,0.2302468866,0.2310611837037911,0.0008142971037911062
126080.00500000003,0.2302943319,0.23112011937809088,0.0008257874780908669
126160.00500000003,0.230374366,0.23118748311348405,0.0008131171134840576
126230.00500000003,0.2304514647,0.23124642454038527,0.0007949598403852731
126310.00500000003,0.2305078059,0.23131378600627064,0.0008059801062706429
126380.00500000003,0.2305730283,0.23137273532596594,0.0007997070259659345
126460.00500000003,0.230641216,0.23144010472889603,0.0007988887288960245
126530.00500000003,0.2306997627,0.23149904326197362,0.0007992805619736199
126600.00500000003,0.2307605445,0.23155799309040043,0.0007974485904004291
126680.00500000003,0.2308116853,0.23162674733048064,0.0008150620304806233
126750.00500000003,0.2308731973,0.23168705638843565,0.0008138590884356478
126830.00500000003,0.2309384197,0.23175598412722587,0.0008175644272258586
126900.00500000003,0.2309865952,0.23181629294525602,0.0008296977452560139
126980.00500000003,0.2310607135,0.23188522892708474,0.0008245154270847543
127050.00500000003,0.2311207652,0.2319455494355427,0.0008247842355427193
127120.00500000003,0.2311882228,0.23200587021232935,0.000817647412329342
127200.00500000003,0.2312527001,0.2320748037638215,0.0008221036638214885
127270.00500000003,0.2313053161,0.23213512249150747,0.0008298063915074816
127350.00500000003,0.2313809246,0.2322040641184575,0.0008231395184574997
127420.00500000003,0.231428355,0.23226459722357504,0.0008362422235750344
127500.00500000003,0.2315032184,0.23233502579733434,0.0008318073973343498
127570.00500000003,0.2315587997,0.23239665008099256,0.0008378503809925442
127640.00500000003,0.231615141,0.23245827117255016,0.0008431301725501661
127720.00500000003,0.2316899896,0.23252869960940203,0.0008387100094020272
127790.00500000003,0.2317500263,0.2325903300098969,0.0008403037098969057
127870.00500000003,0.2318234146,0.23266076653341017,0.0008373519334101687
127940.00500000003,0.2318923473,0.23272239910871337,0.0008300518087133724
128020.00500000003,0.2319709212,0.23279283934145636,0.0008219181414563514
128090.00500000003,0.2320361435,0.2328544795641856,0.0008183360641855764
128160.00500000003,0.2320961803,0.23291611307271018,0.0008199327727101691
128240.00500000003,0.232154727,0.23299874230031453,0.0008440153003145268
128310.00500000003,0.2322399616,0.23308752976174818,0.0008475681617481912
128390.00500000003,0.2323089093,0.2331889657240439,0.0008800564240439013
128460.00500000003,0.2323748767,0.23327563448050256,0.0009007577805025535
128540.00500000003,0.2324134111,0.23336229037578615,0.0009488792757861575
128610.00500000003,0.2325023711,0.2334381375379289,0.0009357664379289199
128680.00500000003,0.2326053977,0.2335140077114162,0.0009086100114162055
128760.00500000003,0.2326883972,0.2336006890790553,0.0009122918790552825
128830.00500000003,0.2327677161,0.23367653745523279,0.0009088213552327917
128910.00500000003,0.2328484952,0.2337632274848454,0.0009147322848453987
128980.00500000003,0.2329315096,0.23383906841258692,0.0009075588125869172
129060.00500000003,0.2329848707,0.23392573830530314,0.0009408676053031251
129130.00500000003,0.2330834568,0.23400159711309468,0.000918140313094673
129210.00500000003,0.2331753671,0.23408828529048128,0.0009129181904812822
129280.00500000003,0.2332613468,0.23418152079509155,0.0009201739950915611
129350.00500000003,0.2333680838,0.23429605799736836,0.0009279741973683697
129430.00500000003,0.2334851921,0.23442359237773208,0.0009384002777320932
129500.00500000003,0.2335348427,0.2345306328107892,0.0009957901107892075
129580.00500000003,0.2335793078,0.2346529778313101,0.0010736700313100922
129650.00500000003,0.2337001413,0.23476005290710425,0.0010599116071042525
129730.00500000003,0.2338239104,0.23488241738447355,0.001058506984473545
129800.00500000003,0.233890608,0.23498947083116659,0.001098862831166586
129870.00500000003,0.2340358943,0.2350965600093015,0.0010606657093014948
129950.00500000003,0.2340959162,0.23521889679965713,0.0011229805996571252
130020.00500000003,0.2342034131,0.2353259625854677,0.0011225494854676943
130100.00500000003,0.2343479544,0.2354483436371957,0.001100389237195687
130170.00500000003,0.2344368845,0.2355554000504505,0.001118515550450505
130250.00500000003,0.2346021682,0.23573783636066986,0.0011356681606698726
130320.00500000003,0.2346955687,0.235885628467643,0.001190059767642998
130390.00500000003,0.2348082215,0.23603341565313482,0.0012251941531348232
130470.00500000003,0.2349512726,0.23620233625872414,0.0012510636587241275
130540.00500000003,0.2350943238,0.2363501515258442,0.0012558277258442052
130620.00500000003,0.2352202982,0.2365190634365507,0.001298765236550703
130690.00500000003,0.2353707701,0.23666689082556383,0.001296120725563843
130770.00500000003,0.2355308682,0.23683581789745758,0.0013049496974575914
130840.00500000003,0.2356783897,0.23698364542870665,0.0013052557287066557
130910.00500000003,0.2358266264,0.23713145517048423,0.0013048287704842398
130990.00500000003,0.2359941453,0.2373004049167055,0.0013062596167054963
131060.00500000003,0.2361342162,0.23749167916819047,0.001357462968190476
131140.00500000003,0.2363224775,0.2377281782116087,0.0014057007116086984
131210.00500000003,0.2364892513,0.23793511990962996,0.0014458686096299467
131290.00500000003,0.2366752774,0.2381716196871096,0.0014963422871095977
131360.00500000003,0.2368664891,0.23837858651418167,0.001512097414181679
131430.00500000003,0.2370118052,0.23858549915462177,0.0015736939546217577
131510.00500000003,0.2372593433,0.2388220362156486,0.0015626929156485891
131580.00500000003,0.2374394685,0.23902898552219673,0.0015895170221967292
131660.00500000003,0.2376529127,0.239265478077243,0.001612565377242997
131730.00500000003,0.2378500849,0.23947391872552914,0.0016238338255291362
131810.00500000003,0.2381087393,0.2397915969349082,0.0016828576349081914
131880.00500000003,0.2383474261,0.24006957718248173,0.001722151082481721
131950.00500000003,0.2385579199,0.24034754492018226,0.0017896250201822617
132030.00500000003,0.2388284653,0.2406652229144865,0.0018367576144865116
132100.00500000003,0.2390500754,0.2409431761860626,0.0018931007860625848
132180.00500000003,0.2393509895,0.2412608603069248,0.0019098708069248127
132250.00500000003,0.2396267205,0.24153884689838512,0.0019121263983851167
132330.00500000003,0.2399113327,0.24185652258187096,0.0019451898818709512
132400.00500000003,0.2401759475,0.24221680933454978,0.0020408618345497953
132470.00500000003,0.2404746264,0.24258853734585392,0.0021139109458539196
132550.00500000003,0.2407933623,0.24301337683346685,0.0022200145334668464
132620.00500000003,0.2411254197,0.24338513022377162,0.0022597105237716075
132700.00500000003,0.2414626628,0.24380995972964467,0.0023472969296446655
132770.00500000003,0.2417932302,0.24418168042701438,0.0023884502270143937
132850.00500000003,0.2421919852,0.24460653967572868,0.002414554475728692
132920.00500000003,0.2425247878,0.24497827582832846,0.0024534880283284544
132990.00500000003,0.2429094762,0.24537070543765646,0.0024612292376564593
133070.00500000003,0.2433504611,0.2459398408476597,0.0025893797476597147
133140.00500000003,0.243724063,0.24643782855880433,0.002713765558804343
133220.00500000003,0.2441850752,0.24700693430049697,0.0028218591004969817
133290.00500000003,0.2446193844,0.24750493411528937,0.0028855497152893705
133370.00500000003,0.2450937778,0.24807403928870467,0.002980261488704672
133440.00500000003,0.2455725819,0.24857206364919907,0.002999481749199062
133510.00500000003,0.2459950596,0.24907001408343674,0.003074954483436726
133590.00500000003,0.2465665191,0.2496391465449812,0.003072627444981213
133660.00500000003,0.247070536,0.25020433457019137,0.0031337985701913595
133740.00500000003,0.2476419955,0.25090304327379054,0.0032610477737905486
133810.00500000003,0.2481667548,0.25151440472838305,0.003347649928383045
133890.00500000003,0.2487923056,0.25221310051740786,0.003420794917407849
133960.00500000003,0.2493593544,0.25286393336649216,0.0035045789664921445
134040.00500000003,0.2500197291,0.25366293596611456,0.003643206866114579
134110.00500000003,0.2506356835,0.2543621029749234,0.0037264194749234147
134180.00500000003,0.2512597442,0.25506127122857564,0.003801527028575613
134260.00500000003,0.2519705594,0.25586028792899257,0.003889728528992553
134330.00500000003,0.2526368797,0.25655945274554065,0.003922573045540667
134410.00500000003,0.2533973455,0.25745218354209704,0.004054838042097053
134480.00500000003,0.2541029751,0.25824311868964084,0.004140143589640821
134560.00500000003,0.2549116015,0.25914705326114934,0.004235451761149367
134630.00500000003,0.2556365132,0.2599399997844855,0.004303486584485483
134700.00500000003,0.2564014196,0.2608267679236096,0.004425348323609579
134780.00500000003,0.25729087,0.2618402238059429,0.004549353805942902
134850.00500000003,0.2580483556,0.26272699222457246,0.004678636624572463
134930.00500000003,0.2589986026,0.26374048421865326,0.004741881618653243
135000.00500000003,0.2598287165,0.26468435932639267,0.00485564282639267
135080.00500000003,0.2608233988,0.2658079409630786,0.004984542163078587
135150.00500000003,0.2616831958,0.2667910164931098,0.0051078206931098324
135220.00500000003,0.2626126409,0.26777648617425204,0.00516384527425201
135300.00500000003,0.2636814415,0.269024286790024,0.00534284529002399
135370.00500000003,0.2646487057,0.27011612219867204,0.005467416498672051
135450.00500000003,0.2657434642,0.27136388353575563,0.005620419335755633
135520.00500000003,0.2667789161,0.2724557483127642,0.005676832212764216
135600.00500000003,0.2679351866,0.2737035619385239,0.005768375338523923
135670.00500000003,0.2690024972,0.2748698894172531,0.005867392217253076
135740.00500000003,0.2700742781,0.27612733098049763,0.0060530528804976225
135820.00500000003,0.2712905705,0.27756429778391595,0.006273727283915953
135890.00500000003,0.2724142373,0.27882168657971995,0.006407449279719979
135970.00500000003,0.2737128139,0.28025869549109805,0.006545881591098035
136040.00500000003,0.2748965025,0.281516077585355,0.006619575085355045
136120.00500000003,0.2762862444,0.2829531783885751,0.006666933988575097
136190.00500000003,0.2775010467,0.28421061323627533,0.006709566536275358
136260.00500000003,0.2787514627,0.2854907600162612,0.006739297316261217
136340.00500000003,0.2802019715,0.287085720844651,0.0068837493446510245
136410.00500000003,0.2814597785,0.2884812329217697,0.007021454421769713
136490.00500000003,0.2829607129,0.2900761896388669,0.007115476738866866
136560.00500000003,0.2842793167,0.2914717377357591,0.007192421035759067
136640.00500000003,0.2858335972,0.29308106859768246,0.007247471397682448
136710.00500000003,0.2872166634,0.29456453848234454,0.007347875082344524
136780.00500000003,0.2885715961,0.2960479228630862,0.007476326763086183
136860.00500000003,0.2901977599,0.29774325742580776,0.007545497525807743
136930.00500000003,0.2916349471,0.2992267276775293,0.007591780577529295
137010.00500000003,0.2932752073,0.3009558913302373,0.007680684030237306
137080.00500000003,0.294733882,0.30254953896122716,0.007815656961227158
137160.00500000003,0.2964297533,0.30437087283161074,0.007941119531610752
137230.00500000003,0.2979440093,0.305964553464369,0.008020544164369037
137300.00500000003,0.2994745672,0.3075582859264656,0.008083718726465627
137380.00500000003,0.3012304902,0.30937971912791323,0.008149228927913255
137450.00500000003,0.3027654886,0.3109734141080973,0.008207925508097291
137530.00500000003,0.3045495749,0.312794810732303,0.008245235832302966
137600.00500000003,0.3061305583,0.3143884996203617,0.008257941320361672
137680.00500000003,0.3079509139,0.3162655787571627,0.008314664857162701
137750.00500000003,0.3095504344,0.31795334037627687,0.008402905976276853
137820.00500000003,0.3111692071,0.3196410429880526,0.008471835888052615
137900.00500000003,0.3130185008,0.32156973696823793,0.008551236168237941
137970.00500000003,0.3146573007,0.3232573878681372,0.008600087168137205
138050.00500000003,0.3165992498,0.32518624691912285,0.008586997119122863
138120.00500000003,0.3182595372,0.326874023738038,0.00861448653803798
138200.00500000003,0.3201577365,0.3288837001337081,0.00872596363370809
138270.00500000003,0.3218506575,0.33065060593354356,0.008799948433543536
138340.00500000003,0.3235501945,0.33241757246812137,0.00886737796812137
138420.00500000003,0.3255010545,0.33443689850682023,0.008935844006820237
138490.00500000003,0.3272413909,0.33621967282130777,0.008978281921307785
138570.00500000003,0.3292604089,0.3383490230469246,0.009088614146924578
138640.00500000003,0.3309970498,0.3402120273041058,0.009214977504105826
138720.00500000003,0.3330219984,0.3423411761072258,0.00931917770722579
138790.00500000003,0.3348016441,0.3442042085269446,0.009402564426944593
138870.00500000003,0.3368769884,0.3463335493759934,0.0094565609759934
138940.00500000003,0.3386692107,0.34819657545186133,0.009527364751861334
139010.00500000003,0.3405170441,0.35005968222298345,0.009542638122983449
139090.00500000003,0.3425923884,0.3521888932633367,0.009596504863336686
139160.00500000003,0.3444802463,0.3540520559606351,0.009571809660635089
139240.00500000003,0.3465881944,0.35624587262665514,0.009657678226655142
139310.00500000003,0.3484790027,0.35821787887892986,0.009738876178929878
139390.00500000003,0.3506381214,0.36047156943509756,0.009833448035097558
139460.00500000003,0.3525504172,0.36244361199858627,0.009893194798586247
139530.00500000003,0.354454577,0.36441558760761034,0.009961010607610343
139610.00500000003,0.3567078412,0.36669195585762926,0.009984114657629273
139680.00500000003,0.3586268127,0.3687374366952582,0.010110623995258194
139760.00500000003,0.3608978391,0.3710751531238599,0.010177314023859907
139830.00500000003,0.3628902137,0.3731206857174904,0.010230472017490388
139910.00500000003,0.3651560545,0.3754583626475049,0.01030230814750488
139980.00500000003,0.3671743274,0.37750628666541597,0.010331959265415969
140050.00500000003,0.3691993058,0.37966733931849916,0.010468033518499176
140130.00500000003,0.3715451956,0.3821370856925715,0.010591890092571499
140200.00500000003,0.3735857606,0.384298137233979,0.010712376633979004
140280.00500000003,0.3759672344,0.38676788832989445,0.010800653929894433
140350.00500000003,0.3780692816,0.38892896477234074,0.010859683172340762
140430.00500000003,0.3804596663,0.39139866861626943,0.01093900231626943
140500.00500000003,0.3825832009,0.3935597391435516,0.010976538243551603
140570.00500000003,0.3847185969,0.39572078911677033,0.011002192216770346
140650.00500000003,0.3871653378,0.39819061984007675,0.011025282040076745
140720.00500000003,0.3893511593,0.4003969505436365,0.011045791243636471
140800.00500000003,0.3917986155,0.4030082590917285,0.011209643591728491
140870.00500000003,0.3939851522,0.4052489542476778,0.011263802047677796
140950.00500000003,0.3965393305,0.40784316276694926,0.011303832266949254
141020.00500000003,0.3987414539,0.4101160692736607,0.01137461537366069
141090.00500000003,0.4010021389,0.41243144617093785,0.011429307270937827
141170.00500000003,0.4035919011,0.415074572874636,0.011482671774636022
141240.00500000003,0.4058570266,0.4174398388514367,0.011582812251436703
141320.00500000003,0.4084630907,0.4200908717456487,0.01162778104564871
141390.00500000003,0.4107170999,0.4223242644318827,0.011607164531882708
141470.00500000003,0.4133743346,0.42496910127535686,0.01159476667535686
141540.00500000003,0.4157402515,0.42734846949136684,0.011608217991366854
141610.00500000003,0.4180750549,0.42975115793554075,0.01167610303554073
141690.00500000003,0.4207389355,0.43251444982914994,0.011775514329149916
141760.00500000003,0.4229180813,0.4349820713354855,0.012063990035485472
141840.00500000003,0.4256220162,0.43776655666197983,0.012144540461979825
141910.00500000003,0.4280087054,0.44025913108121734,0.012250425681217314
141990.00500000003,0.4307555854,0.44316886069898886,0.01241327529898889
142060.00500000003,0.4332334697,0.4456852213399387,0.012451751639938724
142130.00500000003,0.4356794655,0.448250355713846,0.012570890213846053
142210.00500000003,0.438475281,0.451182171420255,0.012706890420255024
142280.00500000003,0.4409968555,0.4536870100617442,0.012690154561744216
142360.00500000003,0.4439350069,0.45668579809667526,0.01275079119667527
142430.00500000003,0.4464224875,0.459299962781675,0.012877475281674988
142510.00500000003,0.449388057,0.46240225001810037,0.013014193018100362
142580.00500000003,0.4518978298,0.4650814484037719,0.01318361860377193
142650.00500000003,0.454488337,0.4678372975426121,0.013348960542612087
142730.00500000003,0.4574998617,0.4710280349715653,0.013528173271565302
142800.00500000003,0.4601363242,0.47380693008761343,0.01367060588761343
142880.00500000003,0.4632338285,0.4770324503754801,0.013798621875480088
142950.00500000003,0.4659363031,0.47995060113783533,0.014014298037835327
143030.00500000003,0.4691182971,0.4832688555914781,0.01415055849147806
143100.00500000003,0.4719163477,0.4861642772790986,0.014247929579098595
143170.00500000003,0.4746832848,0.4890671230805179,0.014383838280517924
143250.00500000003,0.4779853821,0.4923979483961509,0.014412566296150897
143320.00500000003,0.4808464646,0.4954216301796893,0.014575165579689298
143400.00500000003,0.4842004478,0.49889069336006414,0.014690245560064152
143470.00500000003,0.4871712029,0.5020152346454699,0.014844031745469943
143550.00500000003,0.4904043376,0.5055947504156492,0.015190412815649146
143620.00500000003,0.4933610857,0.5088148345403326,0.015453748840332626
143700.00500000003,0.4968180954,0.5124867922192758,0.01566869681927585
143770.00500000003,0.4999415576,0.5158031116826276,0.015861554082627627
143840.00500000003,0.5030798912,0.5191376018949581,0.016057710694958094
143920.00500000003,0.5066732168,0.5229663949238055,0.016293178123805485
143990.00500000003,0.5098827481,0.5263747172921948,0.016491969192194755
144070.00500000003,0.5136413574,0.5302994990303294,0.016658141630329304
144140.00500000003,0.51694417,0.5338748732177334,0.01693070321773338
144220.00500000003,0.5207569599,0.5379434443926185,0.017186484492618503
144290.00500000003,0.5241584778,0.5415774913554621,0.01741901355546205
144360.00500000003,0.5275502801,0.5452718832512053,0.0177216031512053
144440.00500000003,0.5315809846,0.5496099734559082,0.0180289888559082
144510.00500000003,0.5351336002,0.5534618905487511,0.018328290348751053
144590.00500000003,0.5392406583,0.5579444691957739,0.018703810895773887
144660.00500000003,0.5429496765,0.5619418824048564,0.018992205904856396
144740.00500000003,0.5471923947,0.5665966267019242,0.019404232001924204
144810.00500000003,0.5510563254,0.5707425686087987,0.019686243208798637
144880.00500000003,0.5549017787,0.5749533002769462,0.02005152157694623
144960.00500000003,0.5594439507,0.5798683160433704,0.020424365343370443
145030.00500000003,0.5634509325,0.5842711162290054,0.020820183729005404
145110.00500000003,0.5681762099,0.5893797213400717,0.02120351144007171
145180.00500000003,0.5723388791,0.593923812087,0.021584932986999927
145260.00500000003,0.5772004724,0.5992243011835545,0.022023828783554467
145330.00500000003,0.5815551877,0.6040031768196132,0.02244798911961321
145400.00500000003,0.5860238671,0.6088673626449727,0.02284349554497267
145480.00500000003,0.5911886692,0.6145269961989206,0.023338326998920578
145550.00500000003,0.5957865119,0.6195606790131887,0.023774167113188693
145630.00500000003,0.6011298895,0.6255097360556076,0.024379846555607543
145700.00500000003,0.6059418917,0.6308286138445661,0.02488672214456611
145780.00500000003,0.6115766168,0.6370438896558097,0.02546727285580974
145850.00500000003,0.6165628433,0.6426164057856272,0.02605356248562718
145920.00500000003,0.6216816902,0.6482601165429179,0.02657842634291796
146000.00500000003,0.6277188659,0.6549434427376967,0.027224576837696635
146070.00500000003,0.6330727339,0.6609212867409474,0.02784855284094745
146150.00500000003,0.6393975019,0.6679592044214682,0.02856170252146817
146220.00500000003,0.6449708343,0.6742699240545155,0.02929908975451545
146300.00500000003,0.6515572667,0.6817290221488409,0.030171755448840876
146370.00500000003,0.6574937105,0.6884250251695191,0.03093131466951904
146440.00500000003,0.6635754704,0.6953728921723601,0.03179742177236011
146520.00500000003,0.6706985831,0.7035585833446164,0.03286000024461644
146590.00500000003,0.6771168113,0.7109911876507042,0.03387437635070423
146670.00500000003,0.6846609712,0.7198973010594419,0.03523632985944192
146740.00500000003,0.691496551,0.7279084325106617,0.03641188151066177
146820.00500000003,0.69956249,0.7376192990878309,0.03805680908783082
146890.00500000003,0.7069073319,0.7465846836011814,0.03967735170118136
146960.00500000003,0.7145137787,0.7560003972938001,0.041486618593800095
147040.00500000003,0.7235093117,0.7673879681862984,0.043878656486298406
147110.00500000003,0.7318310142,0.7778738988037888,0.0460428846037888
147190.00500000003,0.7417516112,0.7904607082253792,0.04870909702537918
147260.00500000003,0.7509969473,0.8019917413670704,0.050994794067070415
147340.00500000003,0.7621079683,0.8157263412524228,0.05361837295242278
147410.00500000003,0.7723627687,0.8281915220871904,0.0558287533871904
147480.00500000003,0.7831054926,0.8411409088045186,0.058035416204518686
147560.00500000003,0.7960139513,0.856502843527892,0.060488892227892
147630.00500000003,0.8078306317,0.8705435166525326,0.06271288495253258
147710.00500000003,0.8217791319,0.8872862225508056,0.06550709065080562
147780.00500000003,0.8345024586,0.9025322025844764,0.06802974398447637
147860.00500000003,0.8496102095,0.9206811798123007,0.0710709703123007
147930.00500000003,0.8634171486,0.9370728893467031,0.07365574074670311
148000.00500000003,0.8777526617,0.9538340166081989,0.0760813549081989
148080.00500000003,0.8948885202,0.9733572534619928,0.07846873326199277
148150.00500000003,0.9104456306,0.9907681534990027,0.08032252289900266
148230.00500000003,0.9288868904,1.011567427558178,0.08268053715817802
148300.00500000003,0.9455062151,1.0304043817479163,0.08489816664791627
148380.00500000003,0.9648837447,1.0519313177145069,0.08704757301450683
148450.00500000003,0.9821279645,1.0707674291728813,0.08863946467288131
148521.31000000003,1.0000014305,1.0899549037933987,0.08995347329339864
