time_s,voltage_exp_V,voltage_sim_V,residual_V
0.0,1.0567988157,1.0701061929205016,0.013307377220501682
80.0,0.9341790676,0.6744109139923308,-0.25976815360766925
160.0,0.8567634821,0.6219437960672761,-0.23481968603272385
240.0,0.792222321,0.5861761726310101,-0.20604614836898993
320.0,0.748649776,0.5581787188929702,-0.19047105710702983
400.0,0.7211719751,0.5348104564031143,-0.18636151869688566
480.0,0.70250386,0.5141582772656828,-0.18834558273431723
560.0,0.6882587075,0.4989299051361433,-0.18932880236385663
640.0,0.6760571599,0.48237514850738733,-0.1936820113926127
720.0,0.6653167009,0.4714062575113082,-0.19391044338869173
800.0,0.6547184587,0.45689715006476705,-0.19782130863523295
880.0,0.6447933316,0.4469193439629489,-0.19787398763705105
960.0,0.6353158355,0.44161433836205105,-0.19370149713794899
1040.0,0.6260082126,0.42548560562490767,-0.20052260697509228
1130.0,0.6156613231,0.43197973136155954,-0.18368159173844045
1210.0,0.6067013144,0.4186390267799222,-0.18806228762007776
1290.0,0.5979465246,0.4105868268393672,-0.18735969776063277
1370.0,0.5897315145,0.40021337520350136,-0.1895181392964987
1450.0,0.5811932087,0.3921330651482415,-0.18906014355175854
1530.0,0.5725319982,0.3921509918358934,-0.1803810063641066
1610.0,0.5652382374,0.3866929530832711,-0.1785452843167289
1690.0,0.5563768148,0.38050103899195215,-0.17587577580804786
1770.0,0.5482937098,0.3766412051391122,-0.17165250466088783
1850.0,0.5409066081,0.3713820181632251,-0.16952458993677494
1930.0,0.5331125855,0.3642148906078265,-0.16889769489217343
2010.0,0.5289565325,0.3614112936848408,-0.16754523881515915
2090.0,0.5188987851,0.3587415514093521,-0.16015723369064788
2180.0,0.5101219416,0.35249503727339815,-0.15762690432660187
2260.0,0.5031595826,0.348296916166074,-0.15486266643392604
2340.0,0.500626862,0.3448336148463889,-0.15579324715361104
2420.0,0.4935510457,0.3397531260625038,-0.15379791963749623
2500.0,0.4844273031,0.3370908704198727,-0.1473364326801273
2580.0,0.4797583222,0.3348933797157688,-0.14486494248423115
2660.0,0.4781268537,0.32972137125503254,-0.14840548244496748
2740.0,0.4676763117,0.3254268014399271,-0.14224951026007293
2820.0,0.4651524723,0.3216849097738737,-0.1434675625261263
2900.0,0.4604775608,0.31886687154702326,-0.14161068925297676
2980.0,0.4530164003,0.3151912992997892,-0.13782510100021084
3060.0,0.4461675286,0.3114934715968069,-0.13467405700319307
3140.0,0.4401147068,0.3088931882164469,-0.13122151858355308
3230.0,0.4370993972,0.3051072199767655,-0.13199217722323453
3310.0,0.4286576211,0.3016641051377214,-0.1269935159622786
3390.0,0.4284945428,0.2985974585001976,-0.1298970842998024
3470.0,0.4296167493,0.29531778230038547,-0.13429896699961452
3550.0,0.4324260056,0.29256595418232734,-0.13986005141767266
3630.0,0.423374176,0.28944340499047166,-0.13393077100952833
3710.0,0.4155068696,0.2867626733548029,-0.12874419624519712
3790.0,0.4121832252,0.28406582928392027,-0.12811739591607973
3870.0,0.4050512016,0.2811265241810647,-0.12392467741893531
3950.0,0.4024094939,0.27820286083402146,-0.12420663306597857
4030.0,0.3960542679,0.27564208176916555,-0.12041218613083443
4110.0,0.3941219151,0.272930773902515,-0.12119114119748498
4190.0,0.392629832,0.27029686130178454,-0.12233297069821547
4270.0,0.3921843469,0.2676849664020537,-0.12449938049794629
4360.0,0.3875754774,0.26486634381885604,-0.12270913358114394
4440.0,0.382815361,0.2623724619010134,-0.12044289909898664
4520.0,0.3793657124,0.2598892786609477,-0.11947643373905231
4600.0,0.3773014247,0.2574159025141039,-0.1198855221858961
4680.0,0.3741808832,0.25495240345003733,-0.11922847974996265
4760.0,0.3688137233,0.252579290298436,-0.116234433001564
4840.0,0.3649238348,0.2502832237443729,-0.11464061105562712
4920.0,0.3634473085,0.2479955898129247,-0.11545171868707532
5000.0,0.360886395,0.2457161234990689,-0.11517027150093112
5080.0,0.3589585125,0.24344431363198718,-0.11551419886801281
5160.0,0.3551827371,0.24121015159045686,-0.11397258550954312
5240.0,0.3527752757,0.23910721515395364,-0.11366806054604636
5320.0,0.3490150869,0.23701092462972362,-0.11200416227027638
5410.0,0.3461999595,0.2346602957957105,-0.1115396637042895
5490.0,0.342530936,0.2325771074454676,-0.1099538285545324
5570.0,0.3392784595,0.23049982761702126,-0.10877863188297876
5650.0,0.3378293812,0.2285338036099145,-0.10929557759008551
5730.0,0.3370088637,0.2265883918106842,-0.11042047188931581
5810.0,0.3327550292,0.22464830466624883,-0.10810672453375117
5890.0,0.3293654323,0.22271328786779396,-0.10665214443220603
5970.0,0.3262263834,0.22078284656340685,-0.10544353683659313
6050.0,0.3235565424,0.21891403635168977,-0.10464250604831021
6130.0,0.3217754066,0.2171164039474913,-0.10465900265250869
6210.0,0.3185978234,0.21532269657562153,-0.10327512682437845
6290.0,0.3158968389,0.21353306394434965,-0.10236377495565033
6370.0,0.313013494,0.2117475766655234,-0.1012659173344766
6460.0,0.3109818399,0.20974337654533592,-0.10123846335466408
6540.0,0.3083853722,0.2080675998572319,-0.10031777234276812
6620.0,0.3054953814,0.20641091975821774,-0.09908446164178225
6700.0,0.3028129041,0.20475753506731934,-0.09805536903268067
6780.0,0.3004387915,0.20310744661585073,-0.0973313448841493
6860.0,0.297783047,0.20146041997399267,-0.09632262702600736
6940.0,0.2951961756,0.19986593217836113,-0.09533024342163887
7020.0,0.2930548489,0.19834070041975313,-0.09471414848024687
7100.0,0.2905473113,0.19681808121139852,-0.09372923008860148
7180.0,0.2884533703,0.19529793341017054,-0.09315543688982947
7260.0,0.2859755158,0.19386561801088567,-0.09210989778911435
7340.0,0.2837333381,0.19249869612797052,-0.09123464197202949
7420.0,0.2813525796,0.19113392076880345,-0.09021865883119654
7500.0,0.2790229321,0.18977103592046543,-0.08925189617953458
7590.0,0.2765791714,0.1882655256910745,-0.0883136457089255
7670.0,0.2742999196,0.18701485370864998,-0.08728506589135002
7750.0,0.2720844448,0.1857658534680246,-0.08631859133197539
7830.0,0.2698934078,0.18451869869985096,-0.08537470910014902
7910.0,0.2678010166,0.18327323096724216,-0.08452778563275784
7990.0,0.2655780911,0.18204334626701865,-0.08353474483298137
8070.0,0.2634648979,0.18089806139728293,-0.08256683650271707
8150.0,0.2612812817,0.17975410548231646,-0.08152717621768352
8230.0,0.2591762841,0.17861152636564856,-0.08056475773435143
8310.0,0.2570971549,0.1774703477654011,-0.07962680713459891
8390.0,0.2549876571,0.1763305518378096,-0.07865710526219039
8470.0,0.2529723346,0.17530483876718375,-0.07766749583281626
8550.0,0.2509302795,0.174292762143963,-0.07663751735603702
8640.0,0.2486770302,0.173155377162831,-0.07552165303716901
8720.0,0.2466913313,0.1721453676598063,-0.07454596364019372
8800.0,0.2447093278,0.17113645469205047,-0.07357287310794952
8880.0,0.2427829355,0.17012857114698443,-0.07265436435301556
8960.0,0.2408639342,0.16912157882152049,-0.0717423553784795
9040.0,0.2389345616,0.16811570753122032,-0.07081885406877969
9120.0,0.2370556146,0.16711080290189645,-0.06994481169810354
9200.0,0.2352070063,0.1661285433983214,-0.0690784629016786
9280.0,0.2334548086,0.16522228573344958,-0.06823252286655043
9360.0,0.2315735966,0.16432694824785182,-0.06724664835214816
9440.0,0.2297724634,0.16343232443713998,-0.06634013896286
9520.0,0.2279587239,0.1625385773990609,-0.06542014650093908
9600.0,0.2262354195,0.16164545257574867,-0.06458996692425134
9690.0,0.2242386043,0.16065919190725017,-0.06357941239274983
9770.0,0.2225278765,0.15983920740573315,-0.06268866909426685
9850.0,0.2208038419,0.1590199141856846,-0.0617839277143154
9930.0,0.2191398293,0.15820108129875382,-0.060938748001246185
10010.0,0.2174498588,0.15738278277975018,-0.06006707602024983
10090.0,0.2157791853,0.15656517829090982,-0.059214007009090186
10170.0,0.2141848505,0.15574799831655015,-0.05843685218344985
10250.0,0.2125638276,0.15496314351254276,-0.05760068408745725
10330.0,0.2109576315,0.1542200564810621,-0.05673757501893789
10410.0,0.2093677372,0.1534774897067683,-0.05589024749323168
10490.0,0.2078215778,0.15273529131792876,-0.05508628648207123
10570.0,0.2062642872,0.151993497511717,-0.054270789688283
10650.0,0.2047426105,0.15125211067537375,-0.05349049982462625
10730.0,0.2032364756,0.15051110869186832,-0.05272536690813168
10820.0,0.2015487254,0.1496779997156277,-0.05187072568437229
10900.0,0.200074479,0.14893787116561932,-0.051136607834380676
10980.0,0.1986061484,0.14819824415539634,-0.050407904244603646
11059.999999999996,0.1972126812,0.14749268658419493,-0.04971999461580506
11139.999999999996,0.1957991868,0.14679701142019647,-0.04900217537980353
11219.999999999996,0.1944605857,0.14610160420120613,-0.04835898149879386
11299.999999999996,0.1931960732,0.1454065480943326,-0.04778952510566742
11379.999999999996,0.1919241548,0.1447543670504283,-0.0471697877495717
11459.999999999996,0.1906374246,0.1441097401656034,-0.04652768443439659
11539.999999999996,0.1893499494,0.14346556773240796,-0.04588438166759204
11619.999999999996,0.1881314069,0.14282165331450647,-0.04530975358549352
11699.999999999996,0.1869588345,0.14217782056528666,-0.04478101393471334
11779.999999999996,0.1857365668,0.14154666360150173,-0.044189903198498276
11869.999999999996,0.1844476163,0.14089298919776108,-0.043554627102238924
11949.999999999996,0.1832905859,0.14031213419854596,-0.042978451701454035
12029.999999999996,0.1821595132,0.13973147713043918,-0.04242803606956083
12109.999999999996,0.1810677201,0.13915096975310248,-0.04191675034689751
12189.999999999996,0.1799662858,0.13857071628220438,-0.041395569517795605
12269.999999999996,0.1788833886,0.13799069618933288,-0.04089269241066712
12349.999999999996,0.177804932,0.1374108736266851,-0.04039405837331489
12429.999999999996,0.1767464876,0.13685897596785404,-0.03988751163214596
12509.999999999996,0.1757369787,0.13636900409951236,-0.03936797460048763
12589.999999999996,0.1747266948,0.13587910908694648,-0.03884758571305352
12669.999999999996,0.1737149507,0.1353893845926293,-0.0383255661073707
12749.999999999996,0.172698766,0.1348998791749926,-0.0377988868250074
12829.999999999996,0.1717277765,0.13441053233054104,-0.037317244169458974
12919.999999999996,0.170669347,0.133860065062911,-0.03680928193708899
12999.999999999996,0.1697124541,0.13337089596878962,-0.03634155813121037
13079.999999999996,0.1687748283,0.13288185602281832,-0.03589297227718169
13159.999999999996,0.1678594351,0.13239290190900962,-0.035466533190990385
13239.999999999996,0.1669477522,0.13192518867483574,-0.03502256352516425
13319.999999999996,0.1660494059,0.1314752883747231,-0.03457411752527689
13399.999999999996,0.1651555151,0.1310457582792198,-0.03410975682078021
13479.999999999996,0.1642890424,0.13064208389816603,-0.03364695850183397
13559.999999999996,0.1634144336,0.13023849318542968,-0.03317594041457031
13639.999999999996,0.1625561118,0.12983501666071495,-0.03272109513928506
13719.999999999996,0.1617111415,0.12943160624262193,-0.03227953525737806
13799.999999999996,0.16090101,0.12902823182250103,-0.03187277817749898
13879.999999999996,0.1600997597,0.1286249126823322,-0.03147484701766781
13959.999999999996,0.1592903733,0.1282761388226596,-0.03101423447734042
14049.999999999996,0.1583697945,0.12789305614308005,-0.03047673835691994
14129.999999999996,0.1575959772,0.12755252693534197,-0.030043450264658017
14209.999999999996,0.1568154842,0.12721206206453206,-0.029603422135467933
14289.999999999996,0.1560157388,0.12687173275077412,-0.029144006049225873
14369.999999999996,0.1552975029,0.12653136790053582,-0.028766134999464177
14449.999999999996,0.1544984728,0.12619112413319747,-0.02830734866680254
14529.999999999996,0.1538024843,0.12585088171307154,-0.027951602586928442
14609.999999999996,0.1530390531,0.1255596154095945,-0.027479437690405478
14689.999999999996,0.1522867233,0.12527231659308577,-0.02701440670691424
14769.999999999996,0.1515655369,0.12498505583585078,-0.026580481064149217
14849.999999999996,0.1508480608,0.12469781059966367,-0.026150250200336317
14929.999999999996,0.1501453966,0.12441055328100728,-0.02573484331899273
15009.999999999996,0.1494471729,0.12412333315464308,-0.02532383974535693
15099.999999999996,0.1486429572,0.12380027468684186,-0.024842682513158146
15179.999999999996,0.1479521692,0.12351317066757687,-0.024438998532423137
15259.999999999996,0.1473132521,0.12322600825917619,-0.024087243840823794
15339.999999999996,0.1466513425,0.12296358146087279,-0.023687761039127217
15419.999999999996,0.1459494382,0.12272805455470531,-0.02322138364529469
15499.999999999996,0.1452942044,0.12249251478789545,-0.022801689612104534
15579.999999999996,0.1446426958,0.12225699694347877,-0.022385698856521224
15659.999999999996,0.1440030336,0.12202151178048982,-0.021981521819510172
15739.999999999996,0.1433959752,0.12178600777241626,-0.02160996742758374
15819.999999999996,0.1427622586,0.12155053654235734,-0.021211722057642657
15899.999999999996,0.1421796679,0.1213150287163487,-0.020864639183651307
15979.999999999996,0.1415652186,0.12107956579939129,-0.020485652800608697
16059.999999999996,0.1409507543,0.12084418448432144,-0.02010656981567857
16149.999999999996,0.1403303742,0.12059023409208794,-0.019740140107912058
16229.999999999996,0.1397537142,0.12038761005611816,-0.019366104143881832
16309.999999999996,0.1391770691,0.12019351472397821,-0.018983554376021783
16389.999999999996,0.1385855824,0.11999948453593182,-0.018586097864068174
16469.999999999996,0.1380459964,0.11980545446636301,-0.018240541933637
16549.999999999996,0.1375041604,0.11961142897520641,-0.017892731424793584
16629.999999999996,0.1370016336,0.11941737343208607,-0.017584260167913937
16709.999999999996,0.1364887208,0.11922331418524468,-0.017265406614755313
16789.999999999996,0.1359720975,0.11902928543399234,-0.01694281206600766
16869.999999999996,0.135453254,0.11883532340154071,-0.016617930598459285
16949.999999999996,0.1349870414,0.1186413141999409,-0.016345727200059113
17029.999999999996,0.1344741136,0.11846099660764908,-0.016013116992350918
17109.999999999996,0.134008646,0.118286967198417,-0.01572167880158301
17189.999999999996,0.1335528195,0.11811292787058669,-0.01543989162941331
17279.999999999996,0.1330413818,0.11791713951729924,-0.015124242282700762
17359.999999999996,0.1326144487,0.11774310631880806,-0.014871342381191935
17439.999999999996,0.1321778744,0.11756908041492826,-0.014608793985071741
17519.999999999996,0.1317494661,0.11739508410638852,-0.01435438199361147
17599.999999999996,0.1313306838,0.11722106171741062,-0.014109622082589368
17679.999999999996,0.1309282035,0.117047048152188,-0.013881155347812008
17759.999999999996,0.1305190623,0.11687305658268753,-0.013646005717312462
17839.999999999996,0.1301544011,0.11670993727354044,-0.013444463826459571
17919.999999999996,0.1297519207,0.11654900590435115,-0.013202914795648849
17999.999999999996,0.1293887347,0.11638804030884937,-0.013000694391150633
18079.999999999996,0.1290403754,0.11622708383340409,-0.0128132915665959
18159.999999999996,0.1286356747,0.11606616336159886,-0.012569511338401146
18239.999999999996,0.1283006519,0.11590521507033927,-0.012395436829660739
18329.999999999996,0.1278996617,0.11573225528922997,-0.012167406410770035
18409.999999999996,0.1275735199,0.11558477962553872,-0.011988740274461271
18489.999999999996,0.1272599995,0.11543730253724793,-0.011822696962752066
18569.999999999996,0.1268871725,0.1152898890201549,-0.011597283479845108
18649.999999999996,0.126609236,0.11514242808810046,-0.011466807911899551
18729.999999999996,0.1262756735,0.11499498272342881,-0.011280690776571178
18809.999999999996,0.1259747595,0.11484754330171287,-0.011127216198287132
18889.999999999996,0.1256619692,0.11470011510682372,-0.01096185409317628
18969.999999999996,0.1253736466,0.11455268183864711,-0.010820964761352886
19049.999999999996,0.1251112521,0.11440521603733109,-0.0107060360626689
19129.999999999996,0.1248259023,0.11425931123975273,-0.010566591060247266
19209.999999999996,0.1245205328,0.11411441434998365,-0.01040611845001635
19289.999999999996,0.1242284998,0.11396954603441808,-0.010258953765581919
19379.999999999996,0.1239386722,0.11380652020238913,-0.010132151997610875
19459.999999999996,0.1237014905,0.11366160110023932,-0.01003988939976068
19539.999999999996,0.1234472618,0.11351667336620849,-0.009930588433791507
19619.999999999996,0.1231848821,0.11337177483446476,-0.009813107265535248
19699.999999999996,0.1229113862,0.11322690425641999,-0.009684481943580014
19779.999999999996,0.1227156892,0.11308196795686243,-0.009633721243137577
19859.999999999996,0.1224792525,0.11293704640692974,-0.009542206093070257
19939.999999999996,0.1222502217,0.1127988781085588,-0.009451343591441189
20019.999999999996,0.1219974682,0.11266296998504541,-0.009334498214954592
20099.999999999996,0.1217728928,0.11252705197617431,-0.009245840823825693
20179.999999999996,0.1215675697,0.11239111363327095,-0.009176456066729052
20259.999999999996,0.1213474348,0.11225518121584159,-0.00909225358415841
20339.999999999996,0.1211487874,0.11211922364203358,-0.009029563757966416
20419.999999999996,0.1209375486,0.11198329278976735,-0.008954255810232653
20509.999999999996,0.1207114831,0.11183037191706247,-0.008881111182937537
20589.999999999996,0.120498769,0.11169444914931018,-0.008804319850689829
20669.999999999996,0.120276399,0.11155853210743838,-0.008717866892561627
20749.999999999996,0.1200955436,0.1114216045165896,-0.008673939083410395
20829.999999999996,0.1198724434,0.11128460846676258,-0.00858783493323742
20909.999999999996,0.1196960434,0.111147578825121,-0.008548464574878997
20989.999999999996,0.119524084,0.11101051040244139,-0.00851357359755861
21069.999999999996,0.1193254367,0.11087345751382024,-0.00845197918617975
21149.999999999996,0.1191238388,0.1107364276509581,-0.008387411149041901
21229.999999999996,0.1189607605,0.1105993906763758,-0.008361369823624204
21309.999999999996,0.1187762097,0.11046234740685604,-0.008313862293143959
21389.999999999996,0.1185901687,0.11032531130853822,-0.00826485739146178
21469.999999999996,0.1184048727,0.11018828608728855,-0.008216586612711449
21559.999999999996,0.1182395741,0.11002697068682504,-0.008212603413174951
21639.999999999996,0.1180520579,0.10988294036283314,-0.008169117537166856
21719.999999999996,0.1178749129,0.10973895359098382,-0.008135959309016186
21799.999999999996,0.1177555695,0.10959490294948614,-0.008160666550513868
21879.999999999996,0.1175673082,0.10945087563023238,-0.008116432569767615
21959.999999999996,0.1174161062,0.10930682698566535,-0.008109279214334644
22039.999999999996,0.1172337607,0.10916280761968494,-0.008070953080315052
22119.999999999996,0.1170432791,0.1090188291722614,-0.008024449927738597
22199.999999999996,0.1169061586,0.10887479861708935,-0.008031359982910657
22279.999999999996,0.1167564318,0.10873081871749425,-0.008025613082505753
22359.999999999996,0.1165733561,0.10858881028719712,-0.007984545812802876
22439.999999999996,0.1164473519,0.108446769557645,-0.008000582342354998
22519.999999999996,0.1163079962,0.10830471857468878,-0.008003277625311223
22609.999999999996,0.1161367819,0.10814490903828004,-0.007991872861719956
22689.999999999996,0.1159915105,0.108002863380809,-0.007988647119191006
22769.999999999996,0.1157958433,0.10786087192043714,-0.007934971379562866
22849.999999999996,0.1156802103,0.1077188248862252,-0.007961385413774807
22929.999999999996,0.1155201122,0.10757679489110494,-0.007943317308895054
23009.999999999996,0.1153474078,0.10743478648022532,-0.007912621319774674
23089.999999999996,0.1152206585,0.10729219754227,-0.007928460957730005
23169.999999999996,0.1150939092,0.10714663551126088,-0.007947273688739112
23249.999999999996,0.1149130538,0.10700113552863197,-0.00791191827136803
23329.999999999996,0.1148100272,0.10685558198170297,-0.007954445218297024
23409.999999999996,0.1146595702,0.10671003528537976,-0.007949534914620249
23489.999999999996,0.1145046577,0.10656449706377548,-0.00794016063622452
23569.999999999996,0.1143341884,0.1064189953257129,-0.007915193074287091
23649.999999999996,0.1142244861,0.10627345497165609,-0.007951031128343902
23739.999999999996,0.1140725538,0.10610970476246791,-0.007962849037532096
23819.999999999996,0.1138709262,0.10596421162958197,-0.007906714570418027
23899.999999999996,0.1137760505,0.1058172876557835,-0.007958762844216496
23979.999999999996,0.1136381999,0.10566690189414338,-0.007971298005856622
24059.999999999996,0.1134669706,0.10551656860527515,-0.00795040199472484
24139.999999999996,0.1133557931,0.10536618873837418,-0.007989604361625824
24219.999999999996,0.1131942198,0.10521583312318296,-0.007978386676817037
24299.999999999996,0.1130252257,0.10506550591008378,-0.00795971978991622
24379.999999999996,0.1128947809,0.10491515192448746,-0.007979628975512548
24459.999999999996,0.1127821133,0.10476475547696905,-0.008017357823030952
24539.999999999996,0.1126338765,0.10461438454583959,-0.008019491954160407
24619.999999999996,0.1124522761,0.10446405320228197,-0.007988222897718028
24699.999999999996,0.1123670265,0.10432363921676488,-0.008043387283235115
24789.999999999996,0.1122121289,0.10419331660073426,-0.008018812299265737
24869.999999999996,0.1120586917,0.10404744005465276,-0.008011251645347245
24949.999999999996,0.111920096,0.10389351715211348,-0.008026578847886517
25029.999999999996,0.1117822304,0.10373957515537029,-0.008042655244629715
25109.999999999996,0.1116443649,0.1035856406638322,-0.008058724236167797
25189.999999999996,0.1114961281,0.10343171179434328,-0.008064416305656713
25269.999999999996,0.1113545671,0.10327778529947147,-0.008076781800528524
25349.999999999996,0.111237444,0.10312382642812881,-0.008113617571871193
25429.999999999996,0.1110795662,0.10296986895257514,-0.008109697247424857
25509.999999999996,0.1109461561,0.10281592138309187,-0.00813023471690813
25589.999999999996,0.1108216271,0.1026619709930347,-0.008159656106965299
25669.999999999996,0.110706009,0.10250714314148515,-0.008198865858514842
25749.999999999996,0.1105496064,0.10235210115671618,-0.008197505243283817
25839.999999999996,0.110395439,0.10217766969504784,-0.00821776930495216
25919.999999999996,0.1102501675,0.10202260222673554,-0.008227565273264459
25999.999999999996,0.1101100817,0.10186752543190761,-0.008242556268092394
26079.999999999996,0.1099596247,0.10171245619685756,-0.00824716850314243
26159.999999999996,0.1098113731,0.10155739574716545,-0.008253977352834549
26239.999999999996,0.1096816584,0.10140231812307368,-0.008279340276926325
26319.999999999996,0.1095423177,0.10124721404525086,-0.008295103654749142
26399.999999999996,0.109368138,0.10109217470986942,-0.008275963290130584
26479.999999999996,0.1092584357,0.100938928209364,-0.008319507490636008
26559.999999999996,0.1090812907,0.1007858894999469,-0.008295401200053093
26639.999999999996,0.1089649275,0.10063279254309024,-0.008332134956909765
26719.999999999996,0.1087900028,0.10047973310876415,-0.008310269691235841
26799.999999999996,0.1086551026,0.1003266709703613,-0.0083284316296387
26879.999999999996,0.1085231677,0.10017358226195053,-0.008349585438049478
26969.999999999996,0.1083497256,0.10000137247387428,-0.008348353126125724
27049.999999999996,0.1082311347,0.09984826094018556,-0.008382873759814433
27129.999999999996,0.1080932692,0.09969514396188778,-0.008398125238112217
27209.999999999996,0.1079116687,0.09954198370901342,-0.008369684990986587
27289.999999999996,0.1077849194,0.0993863672789086,-0.008398552121091404
27369.999999999996,0.1076048166,0.09923078407060325,-0.008374032529396752
27449.999999999996,0.1074995548,0.09907516368071075,-0.008424391119289248
27529.999999999996,0.1073098108,0.09891958767702298,-0.00839022312297702
27609.999999999996,0.1072104946,0.09876393890298804,-0.008446555697011957
27689.999999999996,0.1070600301,0.09860829658053649,-0.008451733519463503
27769.999999999996,0.1068940014,0.09845268884919427,-0.008441312550805727
27849.999999999996,0.1067457572,0.09829709016646895,-0.008448667033531046
27929.999999999996,0.1066190079,0.09814144732071903,-0.00847756057928098
28019.999999999996,0.1064552069,0.09796671216666379,-0.00848849473333621
28099.999999999996,0.1062765792,0.09781327407822586,-0.008463305121774137
28179.999999999996,0.1061439067,0.09765981195404354,-0.00848409474595646
28259.999999999996,0.1060052961,0.0975063383972737,-0.008498957702726295
28339.999999999996,0.1058481634,0.09735285215622741,-0.00849531124377259
28419.999999999996,0.1057051122,0.0971993804974696,-0.008505731702530411
28499.999999999996,0.1055568755,0.09704590459289936,-0.008510970907100637
28579.999999999996,0.1054264158,0.09689240590766444,-0.008534009892335562
28659.999999999996,0.1052611321,0.09673892004655824,-0.008522212053441766
28739.999999999996,0.1051188186,0.09658542118067484,-0.008533397419325156
28819.999999999996,0.1049676165,0.09643217262222838,-0.008535443877771623
28899.999999999996,0.1047964022,0.09628019227712638,-0.008516209922873622
28979.999999999996,0.1046555713,0.09612822284718801,-0.008527348452811986
29069.999999999996,0.1044895425,0.095957208438723,-0.008532334061277
29149.999999999996,0.1043501943,0.09580519366222078,-0.00854500063777923
29229.999999999996,0.1041708291,0.0956532117522728,-0.0085176173477272
29309.999999999996,0.1040500104,0.09550117679105452,-0.008548833608945483
29389.999999999996,0.10386841,0.09534920005954613,-0.008519209940453867
29469.999999999996,0.1037342548,0.09519719739650519,-0.008537057403494808
29549.999999999996,0.1036060303,0.09504513695462388,-0.008560893345376117
29629.999999999996,0.1034340709,0.09489316161071552,-0.00854090928928447
29709.999999999996,0.1032791585,0.0947412221994435,-0.008537936300556492
29789.999999999996,0.1031205431,0.09458928191813785,-0.008531261181862149
29869.999999999996,0.1029811949,0.09443732056788814,-0.008543874332111859
29949.999999999996,0.1028151736,0.09428537658657352,-0.008529797013426488
30029.999999999996,0.1026543304,0.09413344332603116,-0.008520887073968836
30109.999999999996,0.1025046036,0.09398150730667403,-0.008523096293325969
30199.999999999996,0.1023556218,0.09381053518498828,-0.00854508661501173
30279.999999999996,0.1022110879,0.09365854671323748,-0.008552541186762519
30359.999999999996,0.1020472869,0.09350657457228656,-0.008540712327713446
30439.999999999996,0.1018486395,0.0933561794865241,-0.008492460013475908
30519.999999999996,0.1017411649,0.09320783470445759,-0.008533330195542407
30599.999999999996,0.1015395597,0.09305952794577159,-0.008480031754228415
30679.999999999996,0.1014306098,0.09291116694112136,-0.008519442858878637
30759.999999999996,0.1012719944,0.09276282865301666,-0.008509165746983335
30839.999999999996,0.1010985449,0.09261451588319504,-0.008484029016804964
30919.999999999996,0.1009377092,0.09246619939783364,-0.008471509802166363
30999.999999999996,0.1007798314,0.09231786212157915,-0.008461969278420856
31079.999999999996,0.1006249189,0.09216953645262722,-0.008455382447372775
31159.999999999996,0.1004929915,0.0920211705855829,-0.008471820914417102
31249.999999999996,0.1002965644,0.09185277342004136,-0.008443790979958635
31329.999999999996,0.1001461074,0.09170167580330668,-0.008444431596693322
31409.999999999996,0.1000186205,0.09155054458367581,-0.008468075916324189
31489.999999999996,0.0998577774,0.09139941561923116,-0.008458361780768836
31569.999999999996,0.0996621028,0.09124834660582436,-0.008413756194175642
31649.999999999996,0.099504225,0.09109726718212854,-0.008406957817871458
31729.999999999996,0.0993515402,0.09094618100049746,-0.00840535919950254
31809.999999999996,0.0992144197,0.09079506359206369,-0.008419356107936316
31889.999999999996,0.0990669206,0.09065754405344395,-0.008409376546556047
31969.999999999996,0.0989120007,0.09052119025327693,-0.008390810446723074
32049.999999999996,0.0987504199,0.09038484390937461,-0.008365575990625387
32129.999999999996,0.0985725373,0.09024852266381458,-0.008324014636185414
32209.999999999996,0.0984146595,0.09011218669631903,-0.008302472803680974
32299.999999999996,0.0982538238,0.08995879409046664,-0.008295029709533358
32379.999999999996,0.0981122479,0.08982243625762266,-0.00828981164237734
32459.999999999996,0.0979439989,0.0896860926707301,-0.00825790622926989
32539.999999999996,0.0978098437,0.08954971108878364,-0.008260132611216359
32619.999999999996,0.0976415873,0.08941328769643597,-0.008228299603564027
32699.999999999996,0.0975015014,0.08927542634069995,-0.00822607505930005
32780.0,0.0973050818,0.08913761627000162,-0.008167465529998377
32860.0,0.0971642509,0.0889997899955399,-0.008164460904460102
32940.0,0.0970100835,0.08886196355458494,-0.008148119945415061
33020.0,0.0968522131,0.08872411474882148,-0.008128098351178517
33100.0,0.0967113823,0.08858625268683243,-0.008125129613167567
33180.0,0.0965653658,0.08844839730684674,-0.008116968493153257
33260.0,0.0964304656,0.0883105338538591,-0.008119931746140896
33340.0,0.0962792635,0.08817266219312249,-0.008106601306877514
33430.0,0.0960947052,0.0880195721527674,-0.008075133047232605
33510.0,0.0959257111,0.08789337861777743,-0.00803233248222257
33590.0,0.09576042,0.08776719260064465,-0.007993227399355346
33670.0,0.0956440493,0.08764095928293711,-0.008003090017062897
33750.0,0.0954609737,0.08751474739577873,-0.007946226304221274
33830.0,0.0953186676,0.0873885375716948,-0.007930130028305199
33910.0,0.0951600522,0.08726232871208285,-0.007897723487917147
33990.0,0.095016256,0.08713611602321487,-0.00788013997678512
34070.0,0.0948739424,0.08700987069522519,-0.007864071704774808
34150.0,0.0947249681,0.08688363744167528,-0.007841330658324722
34230.0,0.0945885852,0.08675626096182339,-0.007832324238176619
34310.0,0.0944195911,0.08662344069457502,-0.007796150405424987
34390.0,0.0942698643,0.0864906340938306,-0.007779230206169399
34480.0,0.0940756723,0.08634124448594316,-0.007734427814056838
34560.0,0.0939563438,0.08620842360112882,-0.007747920198871175
34640.0,0.0937658548,0.08607564849045282,-0.0076902063095471845
34720.0,0.093625024,0.08594286166159353,-0.007682162338406476
34800.0,0.093505688,0.08581491623154261,-0.007690771768457394
34880.0,0.0933552235,0.08569854045482009,-0.007656683045179913
34960.0,0.0932084695,0.08558215088002806,-0.007626318619971942
35040.0,0.0930313244,0.08546578658095698,-0.007565537819043025
35120.0,0.0928904936,0.08534940362237999,-0.0075410899776200135
35200.0,0.092765227,0.08523301237482496,-0.007532214625175046
35280.0,0.0926140249,0.08511663739034309,-0.007497387509656908
35360.0,0.0924694911,0.08500025026988142,-0.007469240830118573
35440.0,0.092310138,0.08488386478813768,-0.0074262732118623165
35530.0,0.092128545,0.08475294527769836,-0.007375599722301646
35610.0,0.092007719,0.08463629440476834,-0.007371424595231657
35690.0,0.0918468833,0.0845193173242033,-0.0073275659757967015
35770.0,0.0917275473,0.0844023156813931,-0.007325231618606903
35850.0,0.0915570781,0.08428534586570098,-0.007271732234299014
35930.0,0.0914303288,0.08416836047815347,-0.007261968321846529
36010.0,0.0912843198,0.08405136832963371,-0.007232951470366289
36090.0,0.0911338478,0.08393438663587012,-0.007199461164129881
36170.0,0.090993017,0.08381740283563982,-0.007175614164360175
36250.0,0.0908336639,0.08370044015103424,-0.0071332237489657585
36330.0,0.0907172933,0.08358342275111146,-0.007133870548888546
36410.0,0.090542376,0.08347134473223583,-0.0070710312677641635
36490.0,0.0904245228,0.08336591756017699,-0.007058605239823018
36570.0,0.0902873948,0.08326048188419835,-0.007026912915801653
36660.0,0.0901235938,0.08314187155923426,-0.0069817222407657364
36740.0,0.0899827629,0.08303644471058733,-0.006946318189412673
36820.0,0.0898604691,0.08293099563432862,-0.006929473465671382
36900.0,0.089722611,0.08282556406658599,-0.006897046933414003
36980.0,0.0895788074,0.08272015146585042,-0.006858655934149582
37060.0,0.0894409493,0.08261473321800965,-0.006826216081990355
37140.0,0.0893305093,0.08250927762255456,-0.006821231677445444
37220.0,0.0891904235,0.08239861905584622,-0.006791804444153782
37300.0,0.0890436694,0.08228366215020425,-0.006760007249795752
37380.0,0.088867262,0.08216874139389385,-0.006698520606106151
37460.0,0.0887538493,0.08205451839647673,-0.006699330903523273
37540.0,0.0886463821,0.08195506267725647,-0.006691319422743536
37620.0,0.0885181502,0.0818556125906221,-0.006662537609377905
37710.0,0.0883632451,0.08174374104122242,-0.006619504058777578
37790.0,0.0882550329,0.08164429001276838,-0.006610742887231624
37870.0,0.0880764052,0.08154489027599782,-0.0065315149240021825
37950.0,0.0879555792,0.0814454584274417,-0.006510120772558289
38030.0,0.0878473669,0.08134599165218147,-0.006501375247818533
38110.0,0.0877057984,0.08124655007218556,-0.006459248327814443
38190.0,0.0875909105,0.08114709236332941,-0.0064438181366705816
38270.0,0.0874397084,0.08104870778223068,-0.006391000617769316
38350.0,0.0873144493,0.08095534402290759,-0.006359105277092408
38430.0,0.0871914104,0.08086197294272368,-0.006329437457276321
38510.0,0.087080963,0.08076859098985383,-0.006312372010146172
38590.0,0.0869290233,0.08067523301938874,-0.0062537902806112655
38670.0,0.0868148804,0.08058184604556166,-0.006233034354438338
38760.0,0.0866925791,0.08047677032638258,-0.006215808773617423
38840.0,0.0865361914,0.0803834191033321,-0.006152772296667899
38920.0,0.086435385,0.08029003240904577,-0.006145352590954237
39000.0,0.0863019601,0.0801966474817584,-0.006105312618241598
39080.0,0.0862041265,0.08010475128861207,-0.006099375211387939
39160.0,0.0860655233,0.08001637239486245,-0.006049150905137551
39240.0,0.0859580487,0.0799279766900074,-0.006030072009992601
39320.0,0.0858068466,0.07983960744798292,-0.005967239152017079
39400.0,0.0857149363,0.079751205962198,-0.005963730337802009
39480.0,0.0855600312,0.07966283747725936,-0.00589719372274064
39560.0,0.0854555145,0.07957443461665302,-0.005881079883346976
39640.0,0.0853561908,0.0794860098928013,-0.005870180907198694
39720.0,0.0852020234,0.0793976340102953,-0.005804389389704692
39800.0,0.0850952938,0.07930924273164021,-0.0057860510683597904
39890.0,0.0849900469,0.07922008236918221,-0.005769964530817795
39970.0,0.0848314315,0.07914152928594834,-0.005689902214051662
40050.0,0.0847417414,0.07906294363112883,-0.005678797768871174
40130.0,0.0846268535,0.07898436977448818,-0.005642483725511821
40210.0,0.0845090002,0.07890580909169635,-0.005603191108303651
40290.0,0.0844052359,0.07882721874295522,-0.0055780171570447845
40370.0,0.0842836797,0.07874864390810453,-0.0055350357918954735
40450.0,0.0841680542,0.0786700787862816,-0.005497975413718395
40530.0,0.0840301886,0.07859153862340568,-0.005438649976594323
40610.0,0.0839330927,0.07851353485274917,-0.0054195578472508305
40690.0,0.0838493407,0.07844680125063919,-0.00540253944936081
40770.0,0.0837433413,0.0783800736966561,-0.005363267603343894
40850.0,0.0836017728,0.07831336865326331,-0.005288404146736689
40940.0,0.0834928155,0.0782383117660791,-0.005254503733920904
41020.0,0.0833764523,0.07817160306184923,-0.005204849238150774
41100.0,0.0832786113,0.07810488052942356,-0.005173730770576437
41180.0,0.0831437185,0.07803818906167308,-0.005105529438326928
41260.0,0.0830740482,0.07797145351867378,-0.00510259468132622
41340.0,0.0829584152,0.07790472862089026,-0.005053686579109734
41420.0,0.0828383416,0.07783787178943502,-0.005000469810564984
41500.0,0.0827434659,0.0777703278587567,-0.0049731380412432885
41580.0,0.0826182067,0.0777028110317791,-0.004915395668220898
41660.0,0.0825351924,0.07763526055050127,-0.0048999318494987315
41740.0,0.0824499503,0.07756770940973581,-0.004882240890264192
41820.0,0.0823202431,0.07750019415955568,-0.004820048940444313
41900.0,0.0822275952,0.07743265189225597,-0.0047949433077440345
41990.0,0.0821334645,0.0773566575158807,-0.004776806984119308
42070.0,0.0819970742,0.07728914190651494,-0.004707932293485068
42150.0,0.0819148049,0.07722158805130643,-0.004693216848693574
42230.0,0.0818169639,0.07713685374793997,-0.0046801101520600324
42310.0,0.0817346945,0.07704814630453502,-0.004686548195464976
42390.0,0.0816494599,0.07698971363712279,-0.004659746262877212
42470.0,0.0815538391,0.07693127095477716,-0.004622568145222841
42550.0,0.0814359933,0.07687284725361321,-0.004563146046386787
42630.0,0.0813255534,0.07681443180260808,-0.0045111215973919205
42710.0,0.0812358707,0.0767559887560738,-0.004479881943926206
42790.0,0.0811209753,0.07669758137298482,-0.004423393927015171
42870.0,0.08105205,0.07663913974916604,-0.004412910250833957
42950.0,0.0809319764,0.07658070745962511,-0.0043512689403748805
43030.0,0.0808719397,0.07652227067727342,-0.004349669022726585
43120.0,0.0807014629,0.07645964113185026,-0.004241821768149745
43200.0,0.0807059109,0.07640578606499758,-0.004300124835002417
43280.0,0.0805925056,0.07635194100047794,-0.004240564599522059
43360.0,0.0804694667,0.07629811141877597,-0.004171355281224032
43440.0,0.0804168433,0.0762442503319818,-0.004172592968018196
43520.0,0.0803175271,0.0761904005867514,-0.004127126513248591
43600.0,0.0802211612,0.07613655507442073,-0.004084606125579274
43680.0,0.0801574215,0.07608270124314241,-0.004074720256857595
43760.0,0.0800514296,0.07602885521869872,-0.004022574381301283
43840.0,0.0799773112,0.075975003545498,-0.004002307654502005
43920.0,0.0798876286,0.07592256260578233,-0.00396506599421767
44000.0,0.0797645897,0.07587081351729946,-0.003893776182700537
44080.0,0.0796986222,0.07581904192469854,-0.0038795802753014558
44170.0,0.0796133876,0.07576080196861557,-0.0038525856313844364
44250.0,0.0795511231,0.07570901483004969,-0.003842108269950309
44330.0,0.0794651434,0.07565724518202076,-0.003807898217979236
44410.0,0.0793843493,0.07560546984533513,-0.003778879454664874
44490.0,0.0793020725,0.07555369414482951,-0.003748378355170487
44570.0,0.0792183205,0.0755019161069643,-0.003716404393035694
44650.0,0.0791404918,0.07545014649723913,-0.0036903453027608696
44730.0,0.0790708214,0.07540048874447246,-0.0036703326555275473
44810.0,0.0789737254,0.07535138588990148,-0.003622339510098521
44890.0,0.0789092407,0.07530226256279501,-0.0036069781372049803
44970.0,0.0788247436,0.07525316494156863,-0.003571578658431371
45050.0,0.0787491426,0.07520405583368253,-0.0035450867663174707
45130.0,0.0787328407,0.07515493687939757,-0.0035779038206024266
45220.0,0.078646861,0.07509968490168968,-0.0035471760983103173
45300.0,0.0785794109,0.07505057046498474,-0.0035288404350152514
45380.0,0.0785149261,0.07500144543771882,-0.0035134806622811737
45460.0,0.078446731,0.07495232494104749,-0.003494406058952515
45540.0,0.0783474147,0.07490718681568855,-0.0034402278843114614
45620.0,0.078287378,0.07486236106720336,-0.0034250169327966484
45700.0,0.0782169625,0.07481754737777777,-0.003399415122222235
45780.0,0.0781517327,0.07477272292119663,-0.0033790097788033713
45860.0,0.0780657604,0.07472789599276046,-0.0033378644072395436
45940.0,0.0779975653,0.07468307630655034,-0.00331448899344966
46020.0,0.0779471695,0.07463824142986086,-0.0033089280701391333
46100.0,0.0778611898,0.07459343178558339,-0.0032677580144166024
46180.0,0.0778115317,0.07454860115688162,-0.003262930543118381
46260.0,0.0777500123,0.07450377296734752,-0.003246239332652487
46350.0,0.0776536539,0.07444844631669348,-0.003205207583306516
46430.0,0.0776047334,0.07439891178213266,-0.003205821617867338
46510.0,0.0775365382,0.07434939592010845,-0.0031871422798915583
46590.0,0.0774853975,0.07429986950580351,-0.0031855279941964826
46670.0,0.077410534,0.07425035346969529,-0.0031601805303047154
46750.0,0.0773608759,0.0742008281984827,-0.0031600477015173017
46830.0,0.0772986189,0.07415130895590033,-0.0031473099440996744
46910.0,0.077233389,0.07410860395134147,-0.0031247850486585266
46990.0,0.0771992952,0.07406761765855654,-0.003131677541443459
47070.0,0.0771185085,0.07402664936418207,-0.0030918591358179287
47150.0,0.0770658776,0.07398566055215286,-0.003080217047847139
47230.0,0.0769873112,0.07394469836082078,-0.003042612839179226
47310.0,0.0769465491,0.07390371572557435,-0.003042833374425652
47400.0,0.0768620521,0.07385761686899085,-0.003004435231009142
47480.0,0.0768242553,0.07381662438704874,-0.0030076309129512674
47560.0,0.0767553225,0.07377565605037818,-0.002979666449621818
47640.0,0.0767012164,0.07373467088555964,-0.0029665455144403524
47720.0,0.076653026,0.07369792232065915,-0.002955103679340848
47800.0,0.0766026303,0.07366152558968467,-0.0029411047103153343
47880.0,0.0765122026,0.07362515886346399,-0.0028870437365360047
47960.0,0.0764706954,0.07358877678527795,-0.0028819186147220482
48040.0,0.0764558688,0.07355236973490946,-0.002903499065090534
48120.0,0.0763735995,0.07351599885584414,-0.0028576006441558555
48200.0,0.076315783,0.07347961137940469,-0.0028361716205953097
48280.0,0.0762794688,0.07344321601410653,-0.0028362527858934727
48360.0,0.076240927,0.0734068109511976,-0.002834116048802404
48450.0,0.0761556849,0.07336550293587887,-0.002790181964121133
48530.0,0.076139383,0.07332100891226548,-0.0028183740877345265
48610.0,0.0760711953,0.07327654880299933,-0.0027946464970006746
48690.0,0.0760356113,0.07323205905327937,-0.002803552246720631
48770.0,0.0759644583,0.07318760077989411,-0.0027768575201058826
48850.0,0.0759148002,0.07314312841574938,-0.0027716717842506122
48930.0,0.0758658797,0.07309865233410441,-0.0027672273658955887
49010.0,0.0758206695,0.07305417087996621,-0.0027664986200337943
49090.0,0.0757569149,0.07300970193563455,-0.0027472129643654475
49170.0,0.0757087395,0.07296522793663507,-0.002743511563364928
49250.0,0.075642772,0.07292133319580016,-0.0027214388041998383
49330.0,0.075584963,0.07288894797585908,-0.0026960150241409214
49410.0,0.075550124,0.07285654511826345,-0.002693578881736547
49490.0,0.0755086169,0.0728241524552113,-0.0026844644447887034
49580.0,0.075474523,0.0727876942237445,-0.0026868287762555065
49660.0,0.0754070729,0.0727552963777858,-0.002651776522214197
49740.0,0.0753403679,0.07272290863996665,-0.0026174592600333446
49820.0,0.0752988607,0.0726905100932094,-0.0026083506067905993
49900.0,0.0752454922,0.07265811473194822,-0.0025873774680517797
49980.0,0.0752380863,0.0726256909551526,-0.002612395344847404
50060.0,0.0751521066,0.0725932705755054,-0.0025588360244946096
50140.0,0.0751439482,0.07256063004332856,-0.002583318156671441
50220.0,0.0750950351,0.07252799778203989,-0.002567037317960111
50300.0,0.0750646442,0.07249536681402188,-0.0025692773859781193
50380.0,0.0749897808,0.0724627543510815,-0.0025270264489185013
50460.0,0.0749601349,0.07243012059944892,-0.002530014300551081
50540.0,0.0749282613,0.07239749297719085,-0.002530768322809143
50630.0,0.0748852789,0.07236077248700214,-0.002524506412997868
50710.0,0.0748059601,0.0723281604233594,-0.0024777996766405935
50790.0,0.0747822449,0.07229551775632513,-0.0024867271436748717
50870.0,0.07473851,0.07226264617337616,-0.0024758638266238336
50950.0,0.0746881068,0.07222920030498883,-0.0024589064950111678
51030.0,0.074654758,0.07219574673361036,-0.0024590112663896435
51110.0,0.0745969415,0.07216231896328679,-0.002434622536713213
51190.0,0.0745969415,0.07212885435935742,-0.0024680871406425747
51270.0,0.0745472834,0.07209539807138504,-0.0024518853286149556
51350.0,0.074469462,0.07206197582980917,-0.002407486170190834
51430.0,0.0744405538,0.07202851723982669,-0.002412036560173317
51510.0,0.0744190589,0.07199505244889091,-0.002424006451109087
51590.0,0.0743486434,0.07196162303910947,-0.0023870203608905294
51680.0,0.0743212178,0.07192692786522312,-0.0023942899347768887
51760.0,0.0742819384,0.0719004391175028,-0.0023814992824972014
51840.0,0.0742070749,0.07187397940846528,-0.002333095491534723
51920.0,0.0741848424,0.07184749179333433,-0.002337350606665678
52000.0,0.0741366595,0.07182100580789141,-0.0023156536921085796
52080.0,0.0741210952,0.07179450343238912,-0.0023265917676108805
52160.0,0.0740781054,0.07176801327615041,-0.002310092123849583
52240.0,0.0739913881,0.07174155146649205,-0.0022498366335079456
52320.0,0.0740032494,0.07171504177342626,-0.0022882076265737378
52400.0,0.0739498809,0.07168855406969309,-0.0022613268303069145
52480.0,0.0738994777,0.07164178304012774,-0.0022576946598722586
52560.0,0.0738475919,0.07159481845619342,-0.0022527734438065744
52640.0,0.0738053396,0.07157048680056002,-0.002234852799439982
52720.0,0.0737890378,0.07154613500559207,-0.0022429027944079333
52810.0,0.0736963898,0.0715187624699838,-0.0021776273300161963
52890.0,0.0736919418,0.07149440945986849,-0.0021975323401315083
52970.0,0.073644504,0.07147007567892961,-0.0021744283210703846
53050.0,0.0736029968,0.07144572622604557,-0.0021572705739544284
53130.0,0.0735436976,0.0714214003643148,-0.0021222972356852027
53210.0,0.0735414773,0.07139703924391778,-0.0021444380560822207
53290.0,0.0735110864,0.07137268386445973,-0.0021384025355402625
53370.0,0.0734421536,0.07134960364505459,-0.0020925499549454135
53450.0,0.0733880475,0.07132712839462318,-0.0020609191053768128
53530.0,0.0733873099,0.07130461135624908,-0.002082698543750927
53610.0,0.073356919,0.07128211515465868,-0.0020748038453413248
53690.0,0.0732590854,0.07125965441806072,-0.0019994309819392903
53770.0,0.07327687,0.07123713908752767,-0.0020397309124723234
53860.0,0.0732264668,0.07121184692850628,-0.0020146198714937197
53940.0,0.0731916353,0.07118935000092515,-0.0020022852990748546
54020.0,0.0731582791,0.07116687299746054,-0.001991406102539464
54100.0,0.0731182545,0.07114437482384281,-0.0019738796761571836
54180.0,0.0730937943,0.07112263671366578,-0.0019711575863342184
54260.0,0.0730545148,0.07110109522858073,-0.001953419571419271
54340.0,0.073011525,0.07107957207185842,-0.0019319529281415782
54420.0,0.0729677901,0.07105803800202602,-0.0019097520979739768
54500.0,0.0729537085,0.07103648159869265,-0.0019172269013073562
54580.0,0.0729329586,0.07101494401440371,-0.0019180145855962893
54660.0,0.072886996,0.07099340809873264,-0.0018935879012673545
54740.0,0.0728188083,0.07097189120442533,-0.0018469170955746628
54820.0,0.0728388205,0.07095033980452779,-0.0018884806954722055
54910.0,0.0727869347,0.07092610132803098,-0.0018608333719690173
54990.0,0.0727194846,0.07090329072843835,-0.00181619387156165
55070.0,0.0727217123,0.07088032193125991,-0.0018413903687400923
55150.0,0.0726535171,0.0708573911900165,-0.0017961259099835009
55230.0,0.0726157203,0.0708344478284454,-0.0017812724715546013
55310.0,0.0726001561,0.07081149675493077,-0.0017886593450692212
55390.0,0.0725860745,0.07078854198556547,-0.0017975325144345272
55470.0,0.0725208446,0.07076560365217081,-0.0017552409478291814
55550.0,0.0724993497,0.07074265521993113,-0.0017566944800688628
55630.0,0.0724630356,0.07071970662457153,-0.0017433289754284764
55710.0,0.0724667385,0.07069674810229465,-0.0017699903977053538
55790.0,0.0724148527,0.07067496508374588,-0.0017398876162541266
55870.0,0.0723941028,0.07065327187697332,-0.0017408309230266816
55960.0,0.0723570436,0.07062887109289229,-0.001728172507107717
56040.0,0.0723444447,0.07060716892313239,-0.0017372757768676084
56120.0,0.0722947791,0.07058548447285708,-0.001709294627142921
56200.0,0.0722488314,0.07056380414071217,-0.001685027259287833
56280.0,0.0722480863,0.07054209968315635,-0.0017059866168436522
56360.0,0.0722236261,0.07052040063351238,-0.001703225466487615
56440.0,0.0721821189,0.07049871506584793,-0.0016834038341520668
56520.0,0.0721665546,0.07047714949272225,-0.0016894051072777472
56600.0,0.0721502528,0.07045825661171412,-0.0016919961882858742
56680.0,0.0720887333,0.07043940127362332,-0.001649332026376682
56760.0,0.0720790923,0.0704205153275569,-0.0016585769724430932
56840.0,0.0720790923,0.07040162158959422,-0.0016774707104057762
56920.0,0.0720464811,0.07038274356387136,-0.00166373753612864
57000.0,0.0719960853,0.0703638722340555,-0.0016322130659444933
57090.0,0.0719716251,0.07034262737855865,-0.0016289977214413581
57170.0,0.0719464123,0.07032374677187186,-0.0016226655281281338
57250.0,0.0719345585,0.07030486226144557,-0.0016296962385544261
57330.0,0.0719004571,0.07028524161296443,-0.0016152154870355678
57410.0,0.0718693286,0.0702620658964341,-0.0016072627035658982
57490.0,0.071868591,0.07023886441369787,-0.0016297265863021299
57570.0,0.0718448684,0.07021567617077103,-0.0016291922292289707
57650.0,0.0718137398,0.07019249769271595,-0.0016212421072840516
57730.0,0.0718018785,0.07016930704066666,-0.0016325714593333346
57810.0,0.0717329532,0.07014614693875977,-0.001586806261240234
57890.0,0.0717433244,0.07012293974116698,-0.0016203846588330184
57970.0,0.0716995969,0.07009976654086042,-0.0015998303591395757
58050.0,0.0717070103,0.07007656674064132,-0.0016304435593586797
58140.0,0.0716365948,0.070051390217237,-0.0015852045827629974
58220.0,0.0716165826,0.07003117242798927,-0.0015854101720107344
58300.0,0.0716343746,0.07001092187024724,-0.0016234527297527557
58380.0,0.0715795234,0.06999071187890372,-0.0015888115210962728
58460.0,0.0715802684,0.06997047267060208,-0.0016097957293979143
58540.0,0.0715513602,0.06995024921970112,-0.0016011109802988727
58620.0,0.0715083703,0.06993003749908175,-0.0015783328009182501
58700.0,0.07150466,0.06990980056712169,-0.0015948594328783067
58780.0,0.0714557469,0.06988959249637262,-0.0015661544036273817
58860.0,0.071434252,0.0698693685631834,-0.0015648834368165998
58940.0,0.0714112744,0.06984873627496314,-0.001562538125036858
59020.0,0.0713645741,0.06982718733108674,-0.0015373867689132542
59100.0,0.0713682845,0.06980563649805614,-0.0015626480019438616
59190.0,0.0713645741,0.06978137063020055,-0.0015832034697994407
59270.0,0.0713215917,0.06975981724356592,-0.0015617744564340869
59350.0,0.0713475272,0.0697382324032476,-0.0016092947967523974
59430.0,0.0713260323,0.06971666258341068,-0.001609369716589315
59510.0,0.0713015795,0.0696950971060035,-0.0016064823939965084
59590.0,0.0712622926,0.06967354277414309,-0.001588749825856911
59670.0,0.0712533966,0.06965197571763294,-0.0016014208823670606
59750.0,0.0712333843,0.06963097220826592,-0.0016024120917340762
59830.0,0.0712126344,0.06961073456903775,-0.0016018998309622473
59910.0,0.0711481497,0.06959052373747932,-0.0015576259625206812
59990.0,0.0711399987,0.0695702850116453,-0.001569713688354693
60070.0,0.0711273924,0.06955005493603315,-0.0015773374639668492
60150.0,0.0710977465,0.06952981872699482,-0.0015679277730051844
60230.0,0.0710955262,0.06950957460099896,-0.0015859515990010314
60320.0,0.0710391924,0.06948682025518155,-0.001552372144818459
60400.0,0.0710243732,0.06946658672464365,-0.001557786475356357
60480.0,0.0709843487,0.06944636004274193,-0.0015379886572580714
60560.0,0.0709672943,0.06942514648995299,-0.0015421478100470093
60640.0,0.0709480196,0.06940313052953075,-0.0015448890704692492
60720.0,0.07092949,0.06938111754621246,-0.0015483724537875415
60800.0,0.070911698,0.06935910730022289,-0.0015525906997771038
60880.0,0.0708872452,0.06933709242732963,-0.0015501527726703712
60960.0,0.0708701909,0.06931507522802208,-0.0015551156719779274
61040.0,0.070867233,0.06929305042147449,-0.0015741825785255126
61120.0,0.0708309114,0.06927104123881786,-0.001559870161182142
61200.0,0.0708071962,0.06924902168834574,-0.00155817451165427
61280.0,0.0708071962,0.06922699911970855,-0.0015801970802914594
61370.0,0.0707723573,0.06920144273319861,-0.0015709145668013902
61450.0,0.070752345,0.06917823445156585,-0.0015741105484341489
61530.0,0.0707404837,0.0691550376996599,-0.0015854460003400933
61610.0,0.0707264021,0.06913182446232276,-0.0015945776376772441
61690.0,0.0706960112,0.06910861929265574,-0.0015873919073442627
61770.0,0.0706730336,0.06908540675227366,-0.0015876268477263422
61850.0,0.0706478357,0.06906219613040675,-0.0015856395695932474
61930.0,0.0705863163,0.06903900724234492,-0.0015473090576550719
62010.0,0.0705544427,0.06901580792956763,-0.0015386347704323677
62090.0,0.0705633387,0.06899259230815843,-0.001570746391841571
62170.0,0.0705166459,0.06897153872646167,-0.0015451071735383265
62250.0,0.0705299899,0.06895149920724687,-0.0015784906927531345
62330.0,0.0704936683,0.06893148330860854,-0.0015621849913914632
62420.0,0.0704855174,0.06890894682014033,-0.0015765705798596735
62500.0,0.0704477131,0.068888940733291,-0.0015587723667090103
62580.0,0.0704299286,0.06886891139447882,-0.0015610172055211813
62660.0,0.0704010203,0.0688489003182206,-0.0015521199817794123
62740.0,0.0704106539,0.06882886014513467,-0.001581793754865321
62820.0,0.0703328326,0.06880885512015499,-0.0015239774798450206
62900.0,0.0703632161,0.06878881361477669,-0.0015744024852233085
62980.0,0.0703202263,0.06876336060448264,-0.0015568656955173565
63060.0,0.0703157857,0.0687365233709509,-0.0015792623290490915
63140.0,0.0702868775,0.06870968338603484,-0.0015771941139651607
63220.00099999999,0.070304662,0.0686828141285751,-0.0016218478714249002
63300.00099999999,0.0702490732,0.06865599002631075,-0.0015930831736892526
63380.00099999999,0.070224613,0.06862914335399703,-0.0015954696460029755
63460.00099999999,0.0702320263,0.0686022865574227,-0.0016297397425772964
63550.00099999999,0.0702290609,0.06857206794736594,-0.0016569929526340649
63630.00099999999,0.0701779202,0.06854523184768391,-0.0016326883523160862
63710.00099999999,0.0701430812,0.06851840032414085,-0.0016246808758591524
63790.00099999999,0.0701475292,0.06849994672444414,-0.0016475824755558671
63870.00099999999,0.0701075047,0.06848222383677656,-0.001625280863223444
63950.00099999999,0.0700837895,0.06846449010816151,-0.001619299391838483
64030.00099999999,0.0700667426,0.06844675892135038,-0.0016199836786496141
64110.00099999999,0.0700422823,0.06842902765206751,-0.00161325464793248
64190.00099999999,0.070021525,0.06841128994887871,-0.0016102350511212893
64270.00099999999,0.0699992925,0.06838380359344554,-0.0016154889065544686
64350.00099999999,0.0699792728,0.06835384307024375,-0.001625429729756253
64430.00099999999,0.0699533299,0.06832387804085575,-0.0016294518591442458
64510.00099999999,0.0699310973,0.06829391140446867,-0.001637185895531329
64600.00099999999,0.0699081197,0.06826019226676623,-0.0016479274332337618
64680.00099999999,0.0698918104,0.06823023128238562,-0.0016615791176143868
64760.00099999999,0.0698717982,0.06820026203250407,-0.001671536167495935
64840.00099999999,0.069834739,0.06817030454836032,-0.0016644344516396903
64920.00099999999,0.0698325187,0.06814033230732515,-0.0016921863926748493
65000.00099999999,0.0698021278,0.0681103713523181,-0.001691756447681908
65080.00099999999,0.0697776675,0.06808369072966107,-0.0016939767703389313
65160.00099999999,0.0697650686,0.06805727821003729,-0.0017077903899627017
65240.00099999999,0.0697450563,0.06803086517042939,-0.001714191129570608
65320.00099999999,0.0697183758,0.06800445783133385,-0.0017139179686661427
65400.00099999999,0.0696961358,0.06797805025884414,-0.0017180855411558643
65480.00099999999,0.0696783513,0.0679516402226023,-0.0017267110773976913
65560.00099999999,0.0696524084,0.06792522682506368,-0.001727181574936329
65650.00099999999,0.0696205348,0.06789551598278912,-0.0017250188172108771
65730.00099999999,0.0696020052,0.06786910309808988,-0.0017329021019101137
65810.00099999999,0.069582738,0.06784250590298553,-0.0017402320970144741
65890.00099999999,0.069582738,0.06781222809531634,-0.0017705099046836648
65970.00099999999,0.0695212185,0.06778197788683095,-0.0017392406131690463
66050.00099999999,0.0695049092,0.06775171177624409,-0.0017531974237559173
66130.00099999999,0.0695063919,0.06772142780383066,-0.0017849640961693503
66210.00099999999,0.0694515407,0.06769117426642489,-0.0017603664335751057
66290.00099999999,0.0694508031,0.0676609048075488,-0.0017898982924512002
66370.00099999999,0.0694396868,0.06763062557203359,-0.0018090612279664103
66450.00099999999,0.0694241226,0.0676003463405852,-0.0018237762594147944
66530.00099999999,0.0693566725,0.0675700970035435,-0.0017865754964564995
66610.00099999999,0.0693470314,0.06753991670428566,-0.001807114695714332
66690.00099999999,0.0693448111,0.06751141943877347,-0.0018333916612265355
66780.00099999999,0.0693270192,0.06747935119865274,-0.0018476680013472663
66860.00099999999,0.0692840368,0.06745087312769141,-0.0018331636723085964
66940.00099999999,0.0692432672,0.06742238023631589,-0.0018208869636841124
67020.00099999999,0.0692491978,0.0673938795714028,-0.0018553182285971914
67100.00099999999,0.0692284405,0.06736537574193323,-0.0018630647580667736
67180.00099999999,0.0691936091,0.06733689125230113,-0.0018567178476988633
67260.00099999999,0.0691891611,0.06730838997329522,-0.001880771126704775
67340.00099999999,0.0691684112,0.06727988095938128,-0.0018885302406187188
67420.00099999999,0.0691387579,0.06725077572745985,-0.0018879821725401452
67500.00099999999,0.0690727904,0.06721874471332756,-0.0018540456866724397
67580.00099999999,0.0690742731,0.06718668308630718,-0.0018875900136928192
67660.00099999999,0.0690579712,0.06715462879769128,-0.0019033424023087164
67740.00099999999,0.0690283254,0.06712256903742701,-0.001905756362572994
67830.00099999999,0.0690105334,0.06708650707083354,-0.0019240263291664672
67910.00099999999,0.0689705014,0.06705445973059206,-0.001916041669407939
67990.00099999999,0.0689430758,0.06702241084324766,-0.0019206649567523465
68070.00099999999,0.068895638,0.06699035949566172,-0.0019052785043382758
68150.00099999999,0.0688986033,0.06695829639284376,-0.0019403069071562418
68230.00099999999,0.0688674748,0.06692459705055104,-0.0019428777494489569
68310.00099999999,0.0688533932,0.06688696642149715,-0.0019664267785028527
68390.00099999999,0.0688289329,0.06684935152528726,-0.001979581374712741
68470.00099999999,0.0687740818,0.06681174585276974,-0.001962335947230262
68550.00099999999,0.0687726066,0.06677412122798607,-0.001998485372013928
68630.00099999999,0.068745181,0.06673651216562519,-0.0020086688343748105
68710.00099999999,0.0687348023,0.06669887995436838,-0.002035922345631616
68790.00099999999,0.0687044114,0.06666125567535734,-0.0020431557246426563
68880.00099999999,0.0686658695,0.06661894110682426,-0.0020469283931757454
68960.00099999999,0.0686406717,0.06658132616088466,-0.00205934553911534
69040.00099999999,0.0686154664,0.06654517718876632,-0.0020702892112336863
69120.00099999999,0.0686080605,0.06651101921260338,-0.0020970412873966143
69200.00099999999,0.06855914,0.0664768955424356,-0.0020822444575644
69280.00099999999,0.0685539544,0.06644274473368207,-0.002111209666317934
69360.00099999999,0.0685109645,0.06640860932560876,-0.0021023551743912378
69440.00099999999,0.0684820563,0.06637447586599769,-0.002107580434002304
69520.00099999999,0.0684435144,0.06634034813066177,-0.002103166269338236
69600.00099999999,0.0684294328,0.06630619904322738,-0.002123233756772619
69680.00099999999,0.0683812499,0.06627207419426279,-0.0021091757057372096
69760.00099999999,0.068359755,0.06623793482540322,-0.002121820174596778
69840.00099999999,0.068351604,0.06620538080544984,-0.0021462231945501564
69920.00099999999,0.0683182478,0.06617504066170679,-0.0021432071382932044
70010.00099999999,0.0682967603,0.06614089604549607,-0.0021558642545039253
70090.00099999999,0.0682359785,0.06611057453287847,-0.0021254039671215336
70170.00099999999,0.0682307929,0.06608022060076811,-0.0021505722992318926
70250.00099999999,0.0681929886,0.06604554297860024,-0.002147445621399763
70330.00099999999,0.0681796446,0.06600494429593669,-0.002174700304063318
70410.00099999999,0.0681507438,0.06596434408787673,-0.0021863997121232687
70490.00099999999,0.0680907071,0.06592377015730579,-0.0021669369426942087
70570.00099999999,0.0680877417,0.06588316938035227,-0.002204572319647727
70650.00099999999,0.0680351183,0.06584259850939876,-0.002192519790601241
70730.00099999999,0.0680291876,0.06580199519117258,-0.002227192408827419
70810.00099999999,0.0679713637,0.06576141805241956,-0.0022099456475804385
70890.00099999999,0.0679498687,0.06572081954911015,-0.002229049150889853
70970.00099999999,0.0679180026,0.06568022450408764,-0.002237778095912357
71060.00099999999,0.0678750128,0.06563415694126686,-0.00224085585873314
71140.00099999999,0.0678542554,0.06559281876556748,-0.002261436634432512
71220.00099999999,0.0678275749,0.06555147620591312,-0.0022760986940868894
71300.00099999999,0.0678097829,0.06551013398894988,-0.0022996489110501256
71380.00099999999,0.0677749515,0.06546879687777336,-0.002306154622226636
71460.00099999999,0.0677438229,0.06542745396122228,-0.0023163689387777214
71540.00099999999,0.0677141696,0.06538611328890671,-0.002328056311093285
71620.00099999999,0.0676897094,0.06534476989120079,-0.0023449395087992153
71700.00099999999,0.0676215217,0.06530345332920078,-0.002318068370799231
71780.00099999999,0.0676193014,0.06526210750960602,-0.0023571938903939743
71860.00099999999,0.0675555542,0.0652226828919166,-0.0023328713080834063
71940.00099999999,0.0675585195,0.06518480957108838,-0.002373709928911616
72020.00099999999,0.0674895868,0.06514697658985127,-0.0023426102101487267
72110.00099999999,0.0674703196,0.06510439191955118,-0.002365927680448812
72190.00099999999,0.0674258471,0.06506653989190173,-0.0023593072080982797
72270.00099999999,0.0673947185,0.06502868760694103,-0.002366030893058979
72350.00099999999,0.0673924908,0.06499081484450117,-0.002401675955498825
72430.00099999999,0.0673420951,0.0649529613717216,-0.0023891337282783975
72510.00099999999,0.0673161522,0.06491509833713056,-0.0024010538628694428
72590.00099999999,0.0672709346,0.06487725130101694,-0.002393683298983054
72670.00099999999,0.0672331378,0.06483730353037309,-0.0023958342696269036
72750.00099999999,0.0672086775,0.06479633214177005,-0.002412345358229942
72830.00099999999,0.0671997815,0.06475534368963147,-0.00244443781036853
72910.00099999999,0.0671656877,0.06471435930849567,-0.0024513283915043316
72990.00099999999,0.0671427101,0.0646733844958591,-0.0024693256041408984
73070.00099999999,0.0670863837,0.0646324305138315,-0.002453953186168506
73150.00099999999,0.0670508072,0.06459144879905294,-0.002459358400947062
73240.00099999999,0.0670026243,0.0645453571236839,-0.0024572671763160997
73320.00099999999,0.066947028,0.06450439590257827,-0.0024426320974217375
73400.00099999999,0.0669299811,0.06446341666618573,-0.0024665644338142667
73480.00099999999,0.0668914393,0.0644207243846403,-0.0024707149153596897
73560.00099999999,0.0668869913,0.06437757920746236,-0.0025094120925376467
73640.00099999999,0.0668113902,0.06433447652596753,-0.002476913674032466
73720.00099999999,0.0668076873,0.06429133716281774,-0.002516350137182266
73800.00099999999,0.0667491332,0.0642482216637826,-0.0025009115362173984
73880.00099999999,0.0667150393,0.06420509872516929,-0.002509940574830713
73960.00099999999,0.0666794553,0.06416197269787256,-0.0025174826021274327
74040.00099999999,0.0666283146,0.06411885560423532,-0.002509458995764685
74120.00099999999,0.0666031167,0.06407572544129889,-0.00252739125870112
74200.00099999999,0.066597186,0.06403257851118159,-0.002564607488818413
74290.00099999999,0.0665097237,0.06397915708619663,-0.0025305666138033672
74370.00099999999,0.0665238053,0.0639306668646335,-0.0025931384353665016
74450.00099999999,0.0664741471,0.06388219319802427,-0.002591953901975738
74530.00099999999,0.0664096624,0.06383374185264828,-0.002575920547351715
74610.00099999999,0.0663592666,0.0637852915536652,-0.0025739750463347894
74690.00099999999,0.0663496256,0.06373680832096298,-0.002612817279037019
74770.00099999999,0.0662925541,0.06368835120816468,-0.002604202891835314
74850.00099999999,0.06625624,0.06363988614531728,-0.0026163538546827153
74930.00099999999,0.0662280694,0.06359142351898857,-0.0026366458810114374
75010.00099999999,0.0661924928,0.06354294464160765,-0.0026495481583923564
75090.00099999999,0.0661420897,0.06349798042008481,-0.002644109279915194
75170.00099999999,0.0661176369,0.06345328414897536,-0.00266435275102464
75250.00099999999,0.0660427734,0.06340861143760204,-0.002634161962397963
75340.00099999999,0.0660020113,0.06335834520612918,-0.0026436660938708167
75420.00099999999,0.0659782887,0.063313648938242,-0.0026646397617580003
75500.00099999999,0.0659605041,0.06326893989745858,-0.0026915642025414216
75580.00099999999,0.0658804476,0.06322425974776075,-0.0026561878522392557
75660.00099999999,0.0658797026,0.06317955509878004,-0.0027001475012199683
75740.00099999999,0.0658367127,0.0631348689216627,-0.002701843778337293
75820.00099999999,0.0657900199,0.06308980641832707,-0.0027002134816729306
75900.00099999999,0.065746285,0.06303733891585471,-0.0027089460841452917
75980.00099999999,0.0657159016,0.06298485968197735,-0.0027310419180226475
76060.00099999999,0.0656573474,0.06293240067174354,-0.002724946728256461
76140.00099999999,0.0656454861,0.06287991082362672,-0.0027655752763732777
76220.00099999999,0.0655847117,0.0628274488314132,-0.00275726286858681
76300.00099999999,0.0655550584,0.06277497096230203,-0.0027800874376979756
76380.00099999999,0.065507628,0.0627225013520602,-0.002785126647939798
76470.00099999999,0.065476492,0.06266345449030186,-0.0028130375096981353
76550.00099999999,0.0654601902,0.06261096070410148,-0.0028492294958985254
76630.00099999999,0.0654075667,0.06256039344821458,-0.0028471732517854204
76710.00099999999,0.0653734654,0.06251900276054473,-0.0028544626394552686
76790.00099999999,0.0652963817,0.062477648074352424,-0.0028187336256475792
76870.00099999999,0.0652697012,0.062436263088172336,-0.002833438111827666
76950.00099999999,0.0652141124,0.06239489442202661,-0.0028192179779733886
77030.00099999999,0.0651963204,0.062353502581252294,-0.002842817818747699
77110.00099999999,0.0651244298,0.06230594097136303,-0.0028184888286369655
77190.00099999999,0.0651110858,0.0622498959113742,-0.002861189888625798
77270.00099999999,0.0650562346,0.062193861524417374,-0.002862373075582625
77350.00099999999,0.0650132522,0.06213781483183099,-0.0028754373681690037
77430.00099999999,0.064962104,0.062081784945337996,-0.0028803190546620103
77520.00099999999,0.0649428368,0.062018718028224375,-0.002924118771775626
77600.00099999999,0.0648842826,0.06196269686776329,-0.002921585732236706
77680.00099999999,0.0648724139,0.061906638197914476,-0.0029657757020855186
77760.00099999999,0.0647849515,0.06185062311332976,-0.0029343283866702305
77840.00099999999,0.0647797659,0.061794566008630494,-0.0029851998913695
77920.00099999999,0.0647197291,0.061739698145969614,-0.002980030954030384
78000.00099999999,0.0646774843,0.0616858006790451,-0.0029916836209549075
78080.00099999999,0.0646404177,0.0616319147966409,-0.003008502903359092
78160.00099999999,0.0645840913,0.06157801013520921,-0.003006081164790786
78240.00099999999,0.0645151585,0.0615241338770025,-0.0029910246229975027
78320.00099999999,0.0644966289,0.06147024293530414,-0.0030263859646958644
78400.00099999999,0.0644239932,0.06141636125060171,-0.003007631949398293
78480.00099999999,0.0644239932,0.06136245154477337,-0.003061541655226631
78570.00099999999,0.0643758178,0.0613018120212257,-0.0030740057787742997
78650.00099999999,0.0643135533,0.061247932225803534,-0.003065621074196473
78730.00099999999,0.06424018,0.061195497175808945,-0.0030446828241910487
78810.00099999999,0.0642335042,0.0611437328649827,-0.0030897713350172967
78890.00099999999,0.0641912594,0.06109197601169058,-0.0030992833883094276
78970.00099999999,0.0641564205,0.06104021662934373,-0.003116203870656274
79050.00099999999,0.0640808195,0.060988487021072964,-0.003092332478927033
79130.00099999999,0.0640341267,0.06093674732129028,-0.0030973793787097206
79210.00099999999,0.0639941022,0.060884994289646194,-0.003109107910353806
79290.00099999999,0.0639511123,0.060833246012263156,-0.003117866287736845
79370.00099999999,0.0639147907,0.060781484529237456,-0.0031333061707625454
79450.00099999999,0.0638740286,0.06072973393909439,-0.003144294660905607
79530.00099999999,0.0637865588,0.06067436638939934,-0.0031121924106006643
79610.00099999999,0.063735418,0.06061722139209332,-0.00311819660790668
79700.00099999999,0.0636879802,0.060552908023105596,-0.0031350721768943976
79780.00099999999,0.063668713,0.060495728953604465,-0.003172984046395537
79860.00099999999,0.0636101514,0.06043857033373961,-0.0031715810662603858
79940.00099999999,0.063558273,0.060381410470008376,-0.0031768625299916226
80020.00099999999,0.0635249168,0.060324237654481035,-0.003200679145518963
80100.00099999999,0.0634500608,0.06026709101795743,-0.0031829697820425704
80180.00099999999,0.0633937269,0.06020994034765177,-0.0031837865523482306
80260.00099999999,0.0633388758,0.06015278455853004,-0.003186091241469957
80340.00099999999,0.0633092299,0.06010306236498965,-0.0032061675350103513
80420.00099999999,0.0632617921,0.06005522835032266,-0.0032065637496773436
80500.00099999999,0.0632165819,0.06000740486828704,-0.003209177031712959
80580.00099999999,0.0631750748,0.059959577538233395,-0.003215497261766599
80660.00099999999,0.0631009564,0.059911764444468885,-0.0031891919555311204
80750.00099999999,0.0630461052,0.059857964355382105,-0.0031881408446178885
80830.00099999999,0.0629927441,0.05981014065519299,-0.00318260344480701
80910.00099999999,0.0629586428,0.059762312974567564,-0.0031963298254324424
80990.00099999999,0.0628815591,0.05971449555331146,-0.0031670635466885394
81070.00099999999,0.0628756359,0.05966664204799847,-0.003208993852001532
81150.00099999999,0.0628000274,0.05961410725065816,-0.0031859201493418393
81230.00099999999,0.0627896562,0.05956114507244282,-0.0032285111275571834
81310.00099999999,0.0627273843,0.05950819939007041,-0.003219184909929583
81390.00099999999,0.0626569763,0.05945525607556412,-0.0032017202244358778
81470.00099999999,0.0626080558,0.059402315972396945,-0.0032057398276030616
81550.00099999999,0.062543571,0.059349382539592786,-0.00319418846040722
81630.00099999999,0.0624939092,0.059296435256710266,-0.0031974739432897373
81710.00099999999,0.0624412857,0.059243506012377344,-0.003197779687622658
81800.00099999999,0.0624064468,0.059183919954058896,-0.0032225268459411052
81880.00099999999,0.0623338111,0.059130908595074076,-0.003202902504925921
81960.00099999999,0.0623004548,0.059076162997053205,-0.0032242918029467965
82040.00099999999,0.0622307844,0.05902143835426849,-0.0032093460457315107
82120.00099999999,0.062169265,0.058966722881770156,-0.0032025421182298452
82200.00099999999,0.0621233098,0.05891199977358176,-0.0032113100264182376
82280.00099999999,0.0620773546,0.058857270683914165,-0.0032200839160858377
82360.00099999999,0.0619906373,0.05880255933847546,-0.003188077961524538
82440.00099999999,0.0619528331,0.0587478336092872,-0.003204999490712797
82520.00099999999,0.0619224496,0.05869309721679996,-0.003229352383200039
82600.00099999999,0.0618431382,0.05863837889555797,-0.0032047593044420286
82680.00099999999,0.0618253537,0.05858355593992246,-0.0032417977600775402
82760.00099999999,0.0617401116,0.058527132169298286,-0.003212979430701715
82840.00099999999,0.061722327,0.058470681751621956,-0.0032516452483780448
82930.00099999999,0.0616444908,0.058407198525676836,-0.003237292274323164
83010.00099999999,0.0615703724,0.058350783806871906,-0.0032195885931280907
83090.00099999999,0.0615125559,0.05829435764492081,-0.0032181982550791924
83170.00099999999,0.0614843927,0.05823790776158339,-0.003246484938416609
83250.00099999999,0.0614065714,0.05818148304702621,-0.00322508835297379
83330.00099999999,0.0613583885,0.0581250443708634,-0.0032333441291365964
83410.00099999999,0.0613057651,0.05806860303205162,-0.003237162067948378
83490.00099999999,0.061243508,0.0580133284410184,-0.0032301795589816037
83570.00099999999,0.0611864366,0.05796356072817488,-0.003222875871825119
83650.00099999999,0.0611427017,0.05791379561065827,-0.003228906089341732
83730.00099999999,0.0610700659,0.05786403887958476,-0.003206027020415239
83810.00099999999,0.061057467,0.05781424844299642,-0.0032432185570035743
83890.00099999999,0.0609655567,0.05776449150503755,-0.003201065194962452
83980.00099999999,0.0609203465,0.05770849457679571,-0.0032118519232042925
84060.00099999999,0.0608773567,0.05765871964628452,-0.00321863705371548
84140.00099999999,0.0608076863,0.057608953234344076,-0.0031987330656559204
84220.00099999999,0.0607491322,0.05755919030433689,-0.003189941895663108
84300.00099999999,0.0607068799,0.05750811899402747,-0.003198760905972535
84380.00099999999,0.0606490709,0.05745397380471131,-0.0031950970952886876
84460.00099999999,0.0606416576,0.057399821544212346,-0.003241836055787657
84540.00099999999,0.0605831034,0.05734568615309177,-0.0032374172469082294
84620.00099999999,0.0605334379,0.057291538789412226,-0.0032418991105877745
84700.00099999999,0.060481552,0.05723739625306458,-0.003244155746935422
84780.00099999999,0.0604333766,0.05718325052532133,-0.003250126074678665
84860.00099999999,0.0603703745,0.05712911299838743,-0.003241261501612566
84940.00099999999,0.060321454,0.05707496149565503,-0.0032464925043449652
85030.00099999999,0.0602754988,0.0570140381785863,-0.003261460621413699
85110.00099999999,0.0602006428,0.05695984074435794,-0.0032408020556420614
85190.00099999999,0.0601613559,0.05690553116775783,-0.003255824732242167
85270.00099999999,0.0600939058,0.05685123559913574,-0.003242670200864259
85350.00099999999,0.0600242354,0.05679696109833501,-0.003227274301664994
85430.00099999999,0.0599982925,0.056742658797452696,-0.003255633702547306
85510.00099999999,0.0599360354,0.05668836098086682,-0.0032476744191331786
85590.00099999999,0.0598685853,0.05663407980667495,-0.003234505493325046
85670.00099999999,0.0598241128,0.05657978564198121,-0.0032443271580187907
85750.00099999999,0.0597588904,0.056525486447401865,-0.003233403952598135
85830.00099999999,0.0597210862,0.05647118085304105,-0.003249905346958952
85910.00099999999,0.0596536361,0.056418042841235944,-0.0032355932587640537
85990.00099999999,0.0596195422,0.05636647785579418,-0.0032530643442058235
86070.00099999999,0.0595624708,0.05631491909758627,-0.0032475517024137326
86160.00099999999,0.0594676025,0.056256940367524155,-0.003210662132475846
86240.00099999999,0.0594461076,0.05620536621018254,-0.0032407413898174614
86320.00099999999,0.0593601204,0.05615382017610301,-0.0032063002238969934
86400.00099999999,0.0593208335,0.05610226878098272,-0.0032185647190172834
86480.00099999999,0.0592541285,0.05605071479925772,-0.003203413700742286
86560.00099999999,0.0592333786,0.055999138959283136,-0.0032342396407168614
86640.00099999999,0.0591585152,0.055947590448723605,-0.003210924751276392
86720.00099999999,0.0591118224,0.05589469104816824,-0.003217131351831763
86800.00099999999,0.0590732805,0.05584068369361544,-0.0032325968063845606
86880.00099999999,0.0590087958,0.055786673480818116,-0.003222122319181883
86960.00099999999,0.0589480139,0.055732675995867176,-0.003215337904132823
87040.00099999999,0.0589191131,0.05567865364382684,-0.003240459456173163
87120.00099999999,0.0588286854,0.055624658624607776,-0.0032040267753922214
87210.00099999999,0.0587753169,0.05556390013632715,-0.003211416763672849
87290.00099999999,0.058749374,0.055509881160433476,-0.003239492839566524
87370.00099999999,0.058687117,0.05545586257308828,-0.003231254426911717
87450.00099999999,0.0586137362,0.055401855658618646,-0.0032118805413813567
87530.00099999999,0.0585633405,0.05534905020026886,-0.0032142902997311373
87610.00099999999,0.0585144199,0.05529681295390461,-0.0032176069460953943
87690.00099999999,0.0584499352,0.05524458721926329,-0.0032053479807367044
87770.00099999999,0.058400277,0.055192361116403216,-0.0032079158835967847
87850.00099999999,0.0583469085,0.055140138671267505,-0.0032067698287324975
87930.00099999999,0.0582987331,0.05508790382910506,-0.003210829270894937
88010.00099999999,0.0582409091,0.055035668227607755,-0.003205240872392247
88090.00099999999,0.058186803,0.0549834359539295,-0.0032033670460705
88170.00099999999,0.0581386276,0.05493120626518631,-0.0032074213348136926
88260.00099999999,0.0580785908,0.05487244226044952,-0.0032061485395504866
88340.00099999999,0.058023002,0.05482235185188858,-0.0032006501481114183
88420.00099999999,0.0579577722,0.05477281174937186,-0.0031849604506281395
88500.00099999999,0.0579318292,0.05472325723722821,-0.003208571962771793
88580.00099999999,0.0578451119,0.05467372789167892,-0.003171384008321086
88660.00099999999,0.0577865578,0.05462419165914437,-0.0031623661408556325
88740.00099999999,0.0577428304,0.05457465113539311,-0.003168179264606892
88820.00099999999,0.0577087365,0.054525091480931605,-0.0031836450190683985
88900.00099999999,0.0576605536,0.054475530381002515,-0.003185023218997482
88980.00099999999,0.057588663,0.054425988321066224,-0.0031626746789337745
89060.00099999999,0.057544928,0.05437952956952275,-0.003165398430477251
89140.00099999999,0.0574900843,0.05433728721627005,-0.0031527970837299524
89220.00099999999,0.0574374534,0.05429505302588819,-0.0031424003741118076
89300.00099999999,0.057398174,0.054252810476459315,-0.003145363523540688
89390.00099999999,0.0572914444,0.05420532326800836,-0.003086121131991644
89470.00099999999,0.0572714321,0.05416307554745582,-0.0031083565525441767
89550.00099999999,0.0572150983,0.054120845029006444,-0.003094253270993559
89630.00099999999,0.0571298636,0.054078635179733166,-0.0030512284202668313
89710.00099999999,0.0571313463,0.05403638218928835,-0.003094964110711647
89790.00099999999,0.0570423938,0.053994163280991735,-0.003048230519008266
89870.00099999999,0.0570290498,0.05395113146053681,-0.0030779183394631926
89950.00099999999,0.0569334365,0.05390750613181906,-0.00302593036818094
90030.00099999999,0.056902308,0.053863851313771985,-0.003038456686228014
90110.00099999999,0.0568259619,0.05382022632325671,-0.0030057355767432875
90190.00099999999,0.0567829795,0.05377657254319665,-0.003006406956803348
90270.00099999999,0.0567585193,0.053732910420137024,-0.0030256088798629732
90350.00099999999,0.0566769876,0.053689275733445,-0.0029877118665549984
90440.00099999999,0.0566384457,0.05364015829317477,-0.0029982874068252285
90520.00099999999,0.0565954559,0.053596510281712625,-0.0029989456182873755
90600.00099999999,0.056530226,0.05355285647963397,-0.0029773695203660355
90680.00099999999,0.0564835332,0.053511802224256104,-0.0029717309757438942
90760.00099999999,0.0564279445,0.053472008310087527,-0.002955936189912474
90840.00099999999,0.056353081,0.0534322235074165,-0.0029208574925835007
90920.00099999999,0.0563197322,0.053392424657726284,-0.002927307542273716
91000.00099999999,0.0562396832,0.05335263898095642,-0.0028870442190435802
91080.00099999999,0.0562285669,0.05331282930240816,-0.0029157375975918387
91160.00099999999,0.0561500005,0.05327303760856166,-0.0028769628914383366
91240.00099999999,0.0560773574,0.05323325210020779,-0.0028441052997922114
91320.00099999999,0.0560566075,0.05319344634515428,-0.0028631611548457225
91400.00099999999,0.055994343,0.05315365274096364,-0.0028406902590363617
91490.00099999999,0.0559342988,0.05311325972725081,-0.002821039072749186
91570.00099999999,0.0558794551,0.05307894712387543,-0.0028005079761245708
91650.00099999999,0.0558201559,0.05304463671806107,-0.0027755191819389333
91730.00099999999,0.0557934754,0.05301031114002379,-0.002783164259976212
91810.00099999999,0.0557208396,0.052976001529422466,-0.0027448380705775363
91890.00099999999,0.0556837805,0.05294168575262913,-0.002742094747370874
91970.00099999999,0.0556385629,0.05290736582703838,-0.0027311970729616206
92050.00099999999,0.0555837192,0.05287305108409444,-0.0027106681159055623
92130.00099999999,0.0555281304,0.05283873170302401,-0.0026893986969759934
92210.00099999999,0.0554680936,0.05280442647852039,-0.0026636671214796057
92290.00099999999,0.0554302894,0.052772586599657875,-0.002657702800342124
92370.00099999999,0.0553724803,0.052741390883175004,-0.0026310894168249943
92450.00099999999,0.0553250425,0.0527101874447587,-0.002614855055241297
92530.00099999999,0.0552798323,0.05267897544385147,-0.0026008568561485257
92620.00099999999,0.0552138649,0.052643874682794634,-0.002569990217205366
92700.00099999999,0.0551782884,0.05261266320930435,-0.0025656251906956487
92780.00099999999,0.0551108383,0.05258146116471719,-0.002529377135282812
92860.00099999999,0.0550708137,0.05255024991536195,-0.0025205637846380455
92940.00099999999,0.0550255962,0.05251904025683181,-0.00250655594316819
93020.00099999999,0.0549640842,0.05248784128495127,-0.002476242915048728
93100.00099999999,0.0549099706,0.052442500796448625,-0.002467469803551378
93180.00099999999,0.0548617952,0.052404465526558815,-0.002457329673441186
93260.00099999999,0.054824736,0.052378005821509435,-0.0024467301784905637
93340.00099999999,0.0548128746,0.052351520939990924,-0.0024613536600090746
93420.00099999999,0.0547654442,0.052325057087413016,-0.0024403871125869836
93500.00099999999,0.0547076203,0.05229860306490508,-0.002409017235094922
93580.00099999999,0.0546683334,0.05227212974602284,-0.0023962036539771567
93670.00099999999,0.054625351,0.052242344854336785,-0.0023830061456632176
93750.00099999999,0.0545608662,0.052215891826017866,-0.0023449743739821366
93830.00099999999,0.0545208417,0.05218941323420021,-0.002331428465799791
93910.00099999999,0.0544778518,0.0521629453293341,-0.0023149064706659006
93990.00099999999,0.0544400476,0.052138184847188476,-0.002301862752811523
94070.00099999999,0.0543859415,0.05211483182556374,-0.002271109674436257
94150.00099999999,0.0543407314,0.05209146834503843,-0.0022492630549615714
94230.00099999999,0.0543096028,0.052068106015224776,-0.0022414967847752265
94310.00099999999,0.0542406701,0.05204476773987548,-0.00219590236012452
94390.00099999999,0.0542006455,0.05202140345731997,-0.002179242042680031
94470.00099999999,0.054155428,0.05199804910442591,-0.0021573788955740886
94550.00099999999,0.0541198514,0.051974686318553495,-0.0021451650814465067
94630.00099999999,0.0540783443,0.05195132539781719,-0.002127018902182809
94720.00099999999,0.0540435128,0.05192503448764627,-0.0021184783123537262
94800.00099999999,0.0539819933,0.05190347984575926,-0.0020785134542407463
94880.00099999999,0.0539278872,0.05188279298468938,-0.002045094215310621
94960.00099999999,0.0539071299,0.05186209216214006,-0.0020450377378599463
95040.00099999999,0.0538567267,0.05184140499401887,-0.002015321705981135
95120.00099999999,0.0538218953,0.051820709239539624,-0.002001186060460375
95200.00099999999,0.0537826084,0.05180002108964746,-0.001982587310352543
95280.00099999999,0.0537448116,0.05177932367786964,-0.00196548792213036
95360.00099999999,0.0537292473,0.05175861406053721,-0.0019706332394627893
95440.00099999999,0.0536743961,0.051737921350172605,-0.0019364747498273951
95520.00099999999,0.0536403023,0.051717220342478845,-0.0019230819575211527
95600.00099999999,0.0536010154,0.051640519458528114,-0.001960495941471886
95680.00099999999,0.0535506196,0.05162383467787933,-0.0019267849221206723
95760.00099999999,0.0535076223,0.05160713887234691,-0.001900483427653095
95850.00099999999,0.053482417,0.05158835589984584,-0.0018940611001541582
95930.00099999999,0.0534453578,0.05157165644719167,-0.0018737013528083296
96010.00099999999,0.0534053333,0.051554963329531155,-0.0018503699704688487
96090.00099999999,0.053407561,0.05153826065303556,-0.0018693003469644406
96170.00099999999,0.0533467792,0.05152157122511689,-0.001825207974883107
96250.00099999999,0.0533289947,0.0515048683063847,-0.0018241263936153024
96330.00099999999,0.0532963835,0.05148817085806476,-0.0018082126419352446
96410.00099999999,0.0532622896,0.05147236873014827,-0.0017899208698517258
96490.00099999999,0.05322152,0.05145700000546573,-0.0017645199945342735
96570.00099999999,0.0531955771,0.0514416401606575,-0.0017539369393425042
96650.00099999999,0.0531688966,0.051426271280240604,-0.0017426253197593972
96730.00099999999,0.0531214587,0.05141090974663074,-0.0017105489533692578
96810.00099999999,0.0530903302,0.05139553881707397,-0.0016947913829260322
96900.00099999999,0.0530606844,0.05137824652228319,-0.0016824378777168109
96980.00099999999,0.0530206598,0.051362884184170794,-0.0016577756158292073
97060.00099999999,0.0529939719,0.051347512815535366,-0.0016464590844646326
97140.00099999999,0.052959878,0.05133215005473082,-0.0016277279452691848
97220.00099999999,0.0529287495,0.0513209199618222,-0.001607829538177799
97300.00099999999,0.0528835393,0.05131074453165419,-0.001572794768345806
97380.00099999999,0.0528605618,0.05130056338020515,-0.0015599984197948447
97460.00099999999,0.0528501831,0.05129037673129513,-0.001559806368704876
97540.00099999999,0.0528064556,0.051280190072494,-0.001526265527506003
97620.00099999999,0.0527834781,0.05127000856202322,-0.0015134695379767846
97700.00099999999,0.0527516045,0.05125982345913,-0.0014917810408699994
97780.00099999999,0.0527234413,0.051249634124910064,-0.0014738071750899362
97860.00099999999,0.052707132,0.05123944494046333,-0.0014676870595366695
97950.00099999999,0.0526700728,0.05122799978223807,-0.0014420730177619329
98030.00099999999,0.0526411645,0.05121247560054453,-0.0014286888994554658
98110.00099999999,0.052618932,0.05119650715034304,-0.0014224248496569614
98190.00099999999,0.0525833555,0.05118054677469286,-0.0014028087253071392
98270.00099999999,0.0525655635,0.051164569819436345,-0.0014009936805636572
98350.00099999999,0.0525374003,0.051148600122808176,-0.0013888001771918262
98430.00099999999,0.052508492,0.05113263155823826,-0.0013758604417617379
98510.00099999999,0.0524840318,0.05111666415271113,-0.0013673676472888696
98590.00099999999,0.0524803288,0.05110068794591022,-0.0013796408540897864
98670.00099999999,0.0524521582,0.05108471118772456,-0.0013674470122754384
98750.00099999999,0.0523965694,0.05106875591029845,-0.0013278134897015542
98830.00099999999,0.0524054654,0.05105825173609506,-0.0013472136639049379
98910.00099999999,0.0523676686,0.05104822208181198,-0.0013194465181880222
98990.00099999999,0.0523535796,0.0510381714869686,-0.0013154081130314008
99080.00099999999,0.0523283817,0.05102688402171658,-0.0013014976782834212
99160.00099999999,0.0522987358,0.05101685439184445,-0.0012818814081555496
99240.00099999999,0.0522735305,0.051008321270010294,-0.0012652092299897041
99320.00099999999,0.0522609241,0.0510033092048571,-0.0012576148951429014
99400.00099999999,0.05222461,0.05099831319674165,-0.0012262968032583504
99480.00099999999,0.0522216447,0.050993289781371756,-0.0012283549186282439
99560.00099999999,0.0521860681,0.05098829210144232,-0.001197775998557686
99640.00099999999,0.0521564148,0.05098329019356564,-0.0011731246064343587
99720.00099999999,0.052140113,0.05097828228000584,-0.001161830719994164
99800.00099999999,0.0521616079,0.050973261028629833,-0.0011883468713701634
99880.00099999999,0.0520867445,0.05096827170909648,-0.0011184727909035186
99960.00099999999,0.0521149151,0.050963245421800606,-0.0011516696781993935
100040.00099999999,0.0520563535,0.050956792895468485,-0.0010995606045315146
100130.00099999999,0.0520356037,0.050945660950951765,-0.0010899427490482366
100210.00099999999,0.0520378239,0.05093574619277252,-0.0011020777072274848
100290.00099999999,0.0520178117,0.05092584452738233,-0.0010919671726176694
100370.00099999999,0.0520000271,0.05091593330301564,-0.0010840937969843617
100450.00099999999,0.0519777872,0.050906032713462813,-0.0010717544865371867
100530.00099999999,0.0519622229,0.050896130058396986,-0.001066092841603014
100610.00099999999,0.0519429557,0.05088622112144451,-0.0010567345785554919
100690.00099999999,0.0519244261,0.050876318341749306,-0.001048107758250691
100770.00099999999,0.0519118272,0.050866410757580326,-0.0010454164424196777
100850.00099999999,0.0519147925,0.05085887631348936,-0.0010559161865106442
100930.00099999999,0.0518873669,0.05085460838401949,-0.00103275851598051
101010.00099999999,0.0518599413,0.050850335870471795,-0.0010096054295282014
101090.00099999999,0.0518495627,0.050846067505855394,-0.0010034951941446033
101180.00099999999,0.0518162139,0.05084125988698976,-0.0009749540130102388
101260.00099999999,0.0518221371,0.05083697004973737,-0.0009851670502626295
101340.00099999999,0.0518006422,0.0508326960391119,-0.0009679461608880988
101420.00099999999,0.0517976843,0.050828412664801266,-0.0009692716351987346
101500.00099999999,0.0517791547,0.05082413878974207,-0.000955015910257935
101580.00099999999,0.0517583974,0.050819862438405,-0.0009385349615950028
101660.00099999999,0.051746536,0.05081704213983488,-0.0009294938601651231
101740.00099999999,0.0517317168,0.05081543903510574,-0.0009162777648942591
101820.00099999999,0.0517317168,0.05081381984922109,-0.0009178969507789084
101900.00099999999,0.0517161526,0.050812203275831594,-0.0009039493241684085
101980.00099999999,0.0516953953,0.0508105962022191,-0.0008847990977809
102060.00099999999,0.0516924299,0.050808977503090935,-0.000883452396909068
102140.00099999999,0.051693175,0.05080735811708869,-0.0008858168829113111
102220.00099999999,0.0516427718,0.05080576733188157,-0.0008370044681184283
102310.00099999999,0.0516294278,0.05080394883437514,-0.0008254789656248623
102390.00099999999,0.0516234972,0.05080233251366623,-0.0008211646863337668
102470.00099999999,0.051600527,0.050798676479843055,-0.0008018505201569451
102550.00099999999,0.0515923686,0.05079401955090141,-0.0007983490490985901
102630.00099999999,0.0515923686,0.050789357255719224,-0.0008030113442807768
102710.00099999999,0.051578287,0.050784707900944505,-0.0007935790990554956
102790.00099999999,0.051608678,0.05078002380974222,-0.0008286541902577799
102870.00099999999,0.0515842177,0.05077537101651628,-0.000808846683483716
102950.00099999999,0.0515516065,0.05077071732199327,-0.0007808891780067273
103030.00099999999,0.0515671708,0.05076605652268127,-0.0008011142773187291
103110.00099999999,0.0515338145,0.05076140082703205,-0.0007724136729679448
103190.00099999999,0.0515301116,0.050756742528071885,-0.0007733690719281122
103270.00099999999,0.0515086167,0.05075218858004125,-0.0007564281199587547
103360.00099999999,0.0515264012,0.05074709001284268,-0.0007793111871573222
103440.00099999999,0.0515041687,0.05074258600521863,-0.0007615826947813681
103520.00099999999,0.0514819361,0.05073808231500588,-0.000743853784994121
103600.00099999999,0.0515034236,0.05073355077839006,-0.0007698728216099376
103680.00099999999,0.0515049063,0.05072902557608589,-0.0007758807239141088
103760.00099999999,0.0514797084,0.05072452265819374,-0.0007551857418062607
103840.00099999999,0.0514589585,0.05072000628682096,-0.000738952213179038
103920.00099999999,0.0514700748,0.05071548689863439,-0.0007545879013656082
104000.00099999999,0.0514389463,0.05071097604154727,-0.0007279702584527328
104080.00099999999,0.0514389463,0.05070734268332227,-0.000731603616677734
104160.00099999999,0.0514389463,0.050703926285509196,-0.0007350200144908073
104240.00099999999,0.0514293052,0.05070051923781629,-0.0007287859621837103
104320.00099999999,0.0514152236,0.05069711751569492,-0.0007181060843050799
104410.00099999999,0.051409293,0.05069328362996439,-0.0007160093700356099
104490.00099999999,0.0513915084,0.050689871749814305,-0.0007016366501856955
104570.00099999999,0.0513870604,0.0506864660450346,-0.0007005943549653962
104650.00099999999,0.0513707511,0.05068305995524346,-0.0006876911447565373
104730.00099999999,0.0513952114,0.05067963380675888,-0.0007155775932411249
104810.00099999999,0.0513766818,0.05067622591108415,-0.0007004558889158463
104890.00099999999,0.0513833575,0.05067560750269601,-0.00070774999730399
104970.00099999999,0.0513381399,0.050675254961703185,-0.0006628849382968177
105050.00099999999,0.0513559319,0.050674868233920006,-0.0006810636660799924
105130.00099999999,0.0513848327,0.050674483054605875,-0.000710349645394126
105210.00099999999,0.0513292439,0.05067412645600717,-0.0006551174439928323
105290.00099999999,0.0513262786,0.05067375136984821,-0.0006525272301517865
105370.00099999999,0.0513374023,0.05067336552801323,-0.0006640367719867729
105450.00099999999,0.0513522215,0.050672974505497674,-0.0006792469945023291
105540.00099999999,0.0513099767,0.05067256349539734,-0.0006374132046026645
105620.00099999999,0.0513359196,0.050671843038110224,-0.0006640765618897773
105700.00099999999,0.0513070114,0.0506646536746729,-0.0006423577253271001
105780.00099999999,0.0512958951,0.05065746371084606,-0.00063843138915394
105860.00099999999,0.0513062663,0.05065024988037158,-0.0006560164196284177
105940.00099999999,0.0513225757,0.05064304338637194,-0.0006795323136280576
106020.00099999999,0.0513129421,0.050635842028230425,-0.0006771000717695763
106100.00099999999,0.0512847714,0.05062865352759978,-0.0006561178724002192
106180.00099999999,0.0512632839,0.0506214537694255,-0.0006418301305744986
106260.00099999999,0.0512795858,0.05061424127400647,-0.0006653445259935317
106340.00099999999,0.0512877367,0.050607028263026224,-0.0006807084369737787
106420.00099999999,0.0512669869,0.05060010464615552,-0.0006668822538444807
106500.00099999999,0.0512588359,0.05059845532635069,-0.0006603805736493107
106590.00099999999,0.0512840338,0.05059659130691239,-0.0006874424930876158
106670.00099999999,0.0512758829,0.05059494363588385,-0.000680939264116151
106750.00099999999,0.0512491949,0.050593306818945305,-0.000655888081054698
106830.00099999999,0.0512299277,0.050591663901607666,-0.0006382637983923314
106910.00099999999,0.0512425266,0.050590008943464285,-0.000652517656535713
106990.00099999999,0.0512291826,0.050588365744461974,-0.0006408168555380248
107070.00099999999,0.0512618013,0.05058668765229833,-0.0006751136477016681
107150.00099999999,0.0512514226,0.05058504149754443,-0.0006663811024555655
107230.00099999999,0.0512314104,0.05058330751031801,-0.0006481028896819924
107310.00099999999,0.0512425266,0.05058113432259343,-0.0006613922774065667
107390.00099999999,0.051223997,0.05057896961781668,-0.0006450273821833191
107470.00099999999,0.0512210317,0.05057679293211498,-0.0006442387678850248
107550.00099999999,0.0512291826,0.05057461425211656,-0.0006545683478834385
107640.00099999999,0.0512210317,0.050572169784314634,-0.0006488619156853684
107720.00099999999,0.0512113981,0.05056999655252145,-0.0006414015474785484
107800.00099999999,0.0512099154,0.050567814612315055,-0.0006421007876849447
107880.00099999999,0.0511943512,0.05056564566894254,-0.0006287055310574621
107960.00099999999,0.0512076877,0.05056346127774957,-0.0006442264222504268
108040.00099999999,0.0512002818,0.050560884252512456,-0.0006393975474875413
108120.00099999999,0.0511987992,0.05055737231226675,-0.0006414268877332485
108200.00099999999,0.0511987992,0.050553857479669215,-0.0006449417203307842
108280.00099999999,0.0512032472,0.05055034193943648,-0.0006529052605635244
108360.00099999999,0.0512017645,0.05054682452508719,-0.0006549399749128035
108440.00099999999,0.0511980541,0.050543298149372404,-0.0006547559506275974
108520.00099999999,0.0511780418,0.050539791766343496,-0.0006382500336565011
108600.00099999999,0.0511721112,0.05053627829607285,-0.0006358329039271512
108690.00099999999,0.0511795245,0.0505323137628527,-0.0006472107371472968
108770.00099999999,0.0511839725,0.05052878915490467,-0.0006551833450953309
108850.00099999999,0.0511832349,0.05052367406864829,-0.0006595608313517062
108930.00099999999,0.0511498787,0.050516390792623087,-0.0006334879073769117
109010.00099999999,0.0511520989,0.05050908160014481,-0.000643017299855185
109090.00099999999,0.0511558093,0.05050177522767736,-0.0006540340723226387
109170.00099999999,0.0511498787,0.05049447866302567,-0.0006554000369743268
109250.00099999999,0.0511832349,0.05048715895276181,-0.000696075947238188
109330.001,0.0511624776,0.05047986483237545,-0.0006826127676245464
109410.001,0.0511491336,0.05047256648233024,-0.0006765671176697588
109490.001,0.0511513613,0.050465254462016315,-0.0006861068379836882
109570.001,0.0511380173,0.05045794815950405,-0.0006800691404959466
109650.001,0.0511231981,0.05045227968257608,-0.0006709184174239213
109730.001,0.0511357971,0.05044882079857329,-0.0006869763014267088
109820.001,0.0511691459,0.050444921874883156,-0.0007242240251168416
109900.001,0.051135052,0.05044147346883665,-0.0006935785311633497
109980.001,0.0511424653,0.050438014163788125,-0.0007044511362118769
110060.001,0.0511120744,0.0504345775438412,-0.0006774968561587963
110140.001,0.0511372797,0.05043109976791733,-0.0007061799320826762
110220.001,0.0511172675,0.05042765078181775,-0.0006896167181822538
110300.001,0.0511313491,0.050424185064357877,-0.0007071640356421244
110380.001,0.0511046685,0.05042073949939852,-0.000683929000601477
110460.001,0.0511135571,0.05041584829448819,-0.0006977088055118083
110540.001,0.0511291213,0.05040978662928351,-0.0007193346707164844
110620.001,0.0510742776,0.050403751683146064,-0.0006705259168539382
110700.001,0.0511068888,0.05039767660719821,-0.0007092121928017892
110780.001,0.0511061512,0.05039161708567566,-0.0007145341143243375
110870.001,0.0511143021,0.05038479341872389,-0.0007295086812761087
110950.001,0.0510898419,0.050378744098006564,-0.0007110978019934378
111030.001,0.0510809459,0.05037268531210894,-0.0007082605878910575
111110.001,0.0510742776,0.050366630554222525,-0.0007076470457774778
111190.001,0.0510653816,0.05036057659904583,-0.0007048050009541701
111270.001,0.0510683469,0.05035465580702071,-0.0007136910929792864
111350.001,0.0510905795,0.050348801209369715,-0.0007417782906302822
111430.001,0.051050555,0.050342977645494016,-0.000707577354505981
111510.001,0.0510513,0.050337131908463825,-0.0007141680915361756
111590.001,0.051060196,0.0503312811917747,-0.0007289148082253033
111670.001,0.0510438867,0.05032544123393931,-0.0007184454660606882
111750.001,0.0510727949,0.050319581491374984,-0.0007532134086250183
111830.001,0.051028315,0.05031375385518355,-0.000714561144816446
111920.001,0.0510713123,0.05030715844347205,-0.0007641538565279493
112000.001,0.0510624163,0.050301310921529924,-0.0007611053784700797
112080.001,0.051024612,0.05030529720288017,-0.0007193147971198272
112160.001,0.0510120057,0.05030034889917254,-0.0007116568008274649
112240.001,0.0510305353,0.050292484965290235,-0.0007380503347097639
112320.001,0.051050555,0.05028461729853669,-0.0007659377014633054
112400.001,0.0510498174,0.05027676242954905,-0.000773054970450951
112480.001,0.051010523,0.05026892825310087,-0.000741594746899131
112560.001,0.051037956,0.05026105574947136,-0.0007769002505286435
112640.001,0.0510171987,0.05025320376598688,-0.0007639949340131208
112720.001,0.0509831049,0.05024536659839222,-0.0007377383016077821
112800.001,0.0510045998,0.050237493196680374,-0.0007671066033196269
112880.001,0.051019419,0.05022963167630323,-0.0007897873236967709
112960.001,0.051015716,0.05022028956194469,-0.0007954264380553092
113050.001,0.0510008894,0.05020936873594827,-0.0007915206640517272
113130.001,0.0509971865,0.050199650902371565,-0.0007975355976284348
113210.001,0.0509727262,0.05018994551872623,-0.0007827806812737703
113290.001,0.0509786569,0.0501802265785239,-0.0007984303214761054
113370.001,0.0509749465,0.05017051867185153,-0.0008044278281484699
113450.001,0.0509793945,0.05016078936832145,-0.00081860513167855
113530.001,0.0509386323,0.050151083997636604,-0.0007875483023633972
113610.001,0.0509801395,0.05014133525920449,-0.0008388042407955071
113690.001,0.0509527139,0.050131634999589204,-0.0008210789004107974
113770.001,0.0509482659,0.05012601916502086,-0.0008222467349791387
113850.001,0.0509660579,0.05012073535335761,-0.0008453225466423936
113930.001,0.0509482659,0.05011547193247054,-0.0008327939675294577
114010.001,0.0509549342,0.05011018649890436,-0.0008447477010956397
114100.001,0.050930474,0.050104258022950716,-0.0008262159770492869
114180.001,0.0509015732,0.05009898640751419,-0.000802586792485814
114260.001,0.0509082414,0.050093705571854774,-0.0008145358281452242
114340.001,0.0509037934,0.05008841980398577,-0.0008153735960142322
114420.001,0.0509163924,0.05008313511666908,-0.0008332572833309251
114500.001,0.0509230681,0.05007766697997385,-0.0008454011200261513
114580.001,0.0508934148,0.05006877116373522,-0.0008246436362647838
114660.001,0.0508993454,0.05005985054288305,-0.00083949485711695
114740.001,0.0508867465,0.050050933086443504,-0.0008358134135564993
114820.001,0.0508674793,0.05004202478894964,-0.000825454511050358
114900.001,0.0508696996,0.050033102618933976,-0.000836596981066022
114980.001,0.0508578382,0.05002418512489813,-0.0008336530751018659
115060.001,0.0508748852,0.050015245300746275,-0.0008596398992537224
115150.001,0.050837826,0.050005225096748526,-0.0008326009032514764
115230.001,0.050834123,0.04999630008608331,-0.0008378229139166943
115310.001,0.0508519076,0.049987139640962075,-0.0008647679590379279
115390.001,0.0508482046,0.049976866019801745,-0.0008713385801982568
115470.001,0.0508407913,0.049966611757303415,-0.0008741795426965848
115550.001,0.0508526526,0.049956341211675415,-0.0008963113883245846
115630.001,0.0508081801,0.04994610337167708,-0.0008620767283229261
115710.001,0.0508148484,0.04993583569120684,-0.0008790127087931615
115790.001,0.0508370884,0.049925555261221506,-0.0009115331387784947
115870.001,0.0508007668,0.04991530139577988,-0.0008854654042201177
115950.001,0.0508029945,0.049905027878117195,-0.0008979666218828022
116030.001,0.0507926159,0.04989476771392671,-0.0008978481860732884
116110.001,0.0507911332,0.049884447325652156,-0.0009066858743478415
116190.001,0.0507733412,0.049873882877707144,-0.0008994583222928579
116280.001,0.0507814996,0.04986199270103339,-0.00091950689896661
116360.001,0.0507711209,0.049851425788414915,-0.0009196951115850865
116440.001,0.0507600047,0.04984085674086116,-0.0009191479591388399
116520.001,0.0507659353,0.049830277536933414,-0.0009356577630665885
116600.001,0.0507711209,0.049819703954986534,-0.0009514169450134669
116680.001,0.0507414751,0.04980914373581131,-0.0009323313641886946
116760.001,0.0507436953,0.04979856081782161,-0.0009451344821783947
116840.001,0.050745178,0.04978798434365795,-0.0009571936563420522
116920.001,0.0507051535,0.04977711729036138,-0.0009280362096386191
117000.001,0.0506962575,0.049765505346289256,-0.0009307521537107455
117080.001,0.0506999679,0.049753882541831544,-0.0009460853581684525
117160.001,0.0507051535,0.0497422611030389,-0.0009628923969611028
117240.001,0.0506881066,0.04973065119478346,-0.0009574554052165368
117330.001,0.0506710596,0.04971759056721469,-0.0009534690327853076
117410.001,0.0506844036,0.0497059542993076,-0.0009784493006923939
117490.001,0.0506970026,0.04969432990638026,-0.001002672693619741
117570.001,0.0506895892,0.049682697935159295,-0.0010068912648407077
117650.001,0.050660681,0.0496710902831531,-0.0009895907168468998
117730.001,0.0506443791,0.049660544891999996,-0.000983834208000002
117810.001,0.0506532677,0.04965142440503878,-0.0010018432949612174
117890.001,0.0506421514,0.049642319967400664,-0.000999831432599338
117970.001,0.0506428964,0.0496332071569236,-0.0010096892430764004
118050.001,0.0506243668,0.04962410175336544,-0.0010002650466345575
118130.001,0.0506332554,0.04961498540700499,-0.0010182699929950079
118210.001,0.0505880453,0.049605900890970105,-0.0009821444090298975
118290.001,0.0505865626,0.049596783225712184,-0.0009897793742878191
118380.001,0.0505754463,0.049586526288284735,-0.000988920011715265
118460.001,0.0505784117,0.049577414354268504,-0.0010009973457314955
118540.001,0.0505576544,0.04956635769032062,-0.0009912967096793804
118620.001,0.0505643301,0.04955367862928371,-0.0010106514707162867
118700.001,0.0505472831,0.0495409999335251,-0.0010062831664749
118780.001,0.0505309738,0.049528325030021025,-0.0010026487699789713
118860.001,0.0505443178,0.04951563198358564,-0.0010286858164143611
118940.001,0.0505361594,0.049502951649253474,-0.0010332077507465287
119020.001,0.0505369045,0.04949026143197875,-0.0010466430680212482
119100.001,0.0505472831,0.049477581123226276,-0.0010697019767737237
119180.001,0.05049688,0.04946491666881967,-0.00103196333118033
119260.001,0.0504805706,0.049452236423078236,-0.0010283341769217677
119340.001,0.0504761226,0.049438049166823074,-0.0010380734331769254
119420.001,0.0505072586,0.04942259098617359,-0.0010846676138264108
119510.001,0.05047464,0.049405246575805244,-0.0010693934241947575
119590.001,0.0504338779,0.04938983027046761,-0.0010440476295323908
119670.001,0.0504360981,0.04937439426170184,-0.0010617038382981572
119750.001,0.0504264645,0.04935896211520655,-0.001067502384793445
119830.001,0.0504583381,0.04934350675940134,-0.001114831340598657
119910.001,0.0504286923,0.049328079546747984,-0.0011006127532520171
119990.001,0.0504301749,0.0493126360345149,-0.0011175388654851015
120070.001,0.0503857024,0.04929721354709217,-0.0010884888529078332
120150.001,0.0504027493,0.049283658537297104,-0.001119090762702897
120230.001,0.0503745861,0.04927103321272452,-0.001103552887275483
120310.001,0.0503597595,0.04925841088221051,-0.0011013486177894882
120390.001,0.0503664277,0.04924577576761324,-0.0011206519323867584
120470.001,0.0503745861,0.049233131379963914,-0.0011414547200360864
120560.001,0.0503590144,0.049218930419276705,-0.0011400839807232943
120640.001,0.0503271483,0.04920629858621683,-0.0011208497137831716
120720.001,0.0503441952,0.04919365860202966,-0.0011505365979703336
120800.001,0.050310839,0.04918103670738103,-0.00112980229261897
120880.001,0.0503182523,0.04916838580404276,-0.00114986649595724
120960.001,0.0502856411,0.049155045439025616,-0.0011305956609743845
121040.001,0.0502989776,0.04914150722865374,-0.00115747037134626
121120.001,0.0502752624,0.04912798108247708,-0.0011472813175229177
121200.001,0.0502878614,0.049114439579165524,-0.0011734218208344777
121280.001,0.0502478369,0.04910092120164948,-0.0011469156983505216
121360.001,0.0502648838,0.049087361686562934,-0.0011775221134370656
121440.001,0.050227087,0.04907385540492914,-0.0011532315950708583
121520.001,0.0502189286,0.049060312177610726,-0.0011586164223892706
121610.001,0.050204847,0.04904508255764724,-0.0011597644423527592
121690.001,0.0501915105,0.04903154381567224,-0.0011599666843277595
121770.001,0.0501840971,0.04902315377513853,-0.0011609433248614687
121850.001,0.0501826145,0.04901518649275801,-0.0011674280072419899
121930.001,0.0501944758,0.04900722197855971,-0.00118725382144029
122010.001,0.0501944758,0.04899925043998274,-0.0011952253600172602
122090.001,0.0501633398,0.04899129384651102,-0.0011720459534889788
122170.001,0.050124798,0.04898334729112707,-0.0011414507088729278
122250.001,0.0501544513,0.048972298522009565,-0.0011821527779904348
122330.001,0.0501218326,0.04895400746549685,-0.001167825134503149
122410.001,0.050103303,0.048935719599482584,-0.0011675834005174177
122490.001,0.050098855,0.04891741047881042,-0.0011814445211895744
122570.001,0.0500914492,0.04889910708863455,-0.0011923421113654506
122650.001,0.0500944145,0.04888080362605557,-0.0012136108739444276
122740.001,0.0500617959,0.04886021640584346,-0.0012015794941565364
122820.001,0.0500692092,0.048841893783489986,-0.0012273154165100136
122900.001,0.0500758849,0.04882357901491845,-0.0012523058850815519
122980.001,0.050041046,0.048805275570340256,-0.0012357704296597424
123060.001,0.0500417836,0.0487877143359651,-0.0012540692640349016
123140.001,0.0500121377,0.04877119020496142,-0.0012409474950385788
123220.001,0.0500247367,0.04875463781776766,-0.00127009888223234
123300.001,0.0500099175,0.048738104365332637,-0.0012718131346673642
123380.001,0.0499595143,0.04872158375700598,-0.001237930542994023
123460.001,0.0499595143,0.04870504767461528,-0.001254466625384719
123540.001,0.0499402396,0.048688512214846526,-0.0012517273851534727
123620.001,0.0499328338,0.048671963978699294,-0.0012608698213007058
123700.001,0.0499580316,0.04865539385662704,-0.0013026377433729627
123790.001,0.0498957746,0.048636803415738276,-0.0012589711842617216
123870.001,0.0499246754,0.04861853634237186,-0.0013061390576281431
123950.001,0.0499076284,0.04859886427070097,-0.0013087641292990337
124030.001,0.0498972572,0.048579204217624676,-0.001318052982375327
124110.001,0.0498713143,0.04855955188238,-0.0013117624176199952
124190.001,0.0498668663,0.048539875781719324,-0.0013269905182806754
124270.001,0.0498342551,0.0485202170835331,-0.0013140380164669008
124350.001,0.0498268418,0.048500541570671594,-0.001326300229328406
124430.001,0.0497942306,0.04848088309910233,-0.00131334750089767
124510.001,0.0498031192,0.048461199390590654,-0.001341919809409349
124590.001,0.0497816242,0.04844152250697257,-0.0013401016930274304
124670.001,0.0498023815,0.04842328355509252,-0.0013790979449074814
124750.001,0.0497964509,0.04840626501363934,-0.0013901858863606606
124840.001,0.0497430749,0.04838714709841168,-0.0013559278015883233
124920.001,0.0497430749,0.048370120186238916,-0.0013729547137610876
125000.001,0.0497045331,0.048353117193724364,-0.0013514159062756395
125080.001,0.0496993475,0.048336103786897046,-0.0013632437131029518
125160.001,0.0496934168,0.048319071232522326,-0.001374345567477675
125240.001,0.0497067608,0.04830202965500408,-0.0014047311449959174
125320.001,0.0496630259,0.04828502701339591,-0.001377998886604087
125400.001,0.0496578403,0.048267985906127214,-0.0013898543938727845
125480.001,0.0496474616,0.04824522840538051,-0.00140223319461949
125560.001,0.0496170782,0.04821968700477124,-0.0013973911952287546
125640.001,0.0496407934,0.048194103964655684,-0.0014466894353443172
125720.001,0.0496281944,0.04816854486344557,-0.0014596495365544263
125800.001,0.0495733432,0.04814300813626636,-0.0014303350637336412
125880.001,0.0495985486,0.048117416019909785,-0.001481132580090215
125970.001,0.0495829843,0.04808865297712903,-0.0014943313228709676
126050.001,0.0495436974,0.04806310653088467,-0.0014805908691153322
126130.001,0.0495192371,0.04803754564938014,-0.0014816914506198611
126210.001,0.0495103411,0.048011976408380584,-0.0014983646916194165
126290.001,0.0495207198,0.047992938868013514,-0.0015277809319864874
126370.001,0.0495066382,0.047975593510853544,-0.0015310446891464574
126450.001,0.0494858809,0.047958242315047035,-0.0015276385849529658
126530.001,0.0494362228,0.04794091423026162,-0.0014953085697383753
126610.001,0.0494414158,0.047923550354289614,-0.0015178654457103855
126690.001,0.0494073145,0.04790619859991966,-0.001501115900080341
126770.001,0.0493961982,0.047888847096320505,-0.0015073511036794926
126850.001,0.0493784137,0.047871492833869635,-0.0015069208661303637
126930.001,0.0493554361,0.04785413239211142,-0.0015013037078885766
127020.001,0.0493658073,0.047834576461062005,-0.001531230838937997
127100.001,0.0493546911,0.04781221169298055,-0.0015424794070194522
127180.001,0.0493346788,0.04778943154686258,-0.0015452472531374134
127260.001,0.0492998473,0.0477666584638604,-0.0015331888361395998
127340.001,0.049305778,0.04774387046065737,-0.0015619075393426343
127420.001,0.0492983647,0.04772106953713186,-0.001577295162868142
127500.001,0.0492724217,0.04769828958536137,-0.0015741321146386308
127580.001,0.0492449962,0.04767550019992998,-0.001569496000070024
127660.001,0.049207937,0.04765272707356292,-0.0015552099264370817
127740.001,0.0492427759,0.04762990344304834,-0.0016128724569516584
127820.001,0.049212385,0.04760709998298251,-0.0016052850170174895
127900.001,0.0492020063,0.04757964668587399,-0.0016223596141260038
127980.001,0.0491730981,0.047551802635749645,-0.0016212954642503552
128070.001,0.0491308533,0.04752049395233629,-0.001610359347663709
128150.001,0.0491360389,0.04749263160124495,-0.001643407298755048
128230.001,0.0491189919,0.047464786762874266,-0.0016542051371257332
128310.001,0.0491078757,0.047436926277955135,-0.0016709494220448623
128390.001,0.0490915664,0.04740906587903982,-0.0016825005209601812
128470.001,0.0490537696,0.047381218744403146,-0.0016725508555968521
128550.001,0.0490463562,0.04735335686816296,-0.0016929993318370445
128630.001,0.0490293093,0.047325694065636414,-0.0017036152343635827
128710.001,0.0489878021,0.04730199873537047,-0.0016858033646295276
128790.001,0.0489803888,0.04727826740419424,-0.001702121395805764
128870.001,0.0489507429,0.047254559468228104,-0.001696183431771893
128950.001,0.0489507429,0.047230822562109184,-0.0017199203378908123
129030.001,0.0489514805,0.04720708652970455,-0.001744393970295445
129110.001,0.0488877408,0.047183387471594125,-0.0017043533284058776
129200.001,0.0488692112,0.04715669160083005,-0.0017125195991699455
129280.001,0.0488870032,0.047132937335152565,-0.0017540658648474358
129360.001,0.0488706939,0.04710919846420094,-0.0017614954357990584
129440.001,0.0488017611,0.04708838935421395,-0.0017133717457860492
129520.001,0.0488099195,0.0470814111449848,-0.0017285083550152014
129600.001,0.0487861969,0.047058327052873467,-0.0017278698471265355
129680.001,0.0487936102,0.0470273757610841,-0.0017662344389158952
129760.001,0.0487617366,0.04699643552300301,-0.001765301076996989
129840.001,0.0487165265,0.04696552250091103,-0.0017510039990889723
129920.001,0.0486935489,0.04693458064099495,-0.0017589682590050532
130000.001,0.0486713164,0.04690363929458629,-0.0017676771054137078
130080.001,0.0486364774,0.04687270006005294,-0.0017637773399470646
130160.001,0.0486364774,0.04684173943899821,-0.0017947379610017897
130250.001,0.0486690886,0.04680689840956324,-0.0018621901904367633
130330.001,0.0485875569,0.04677595340918968,-0.0018116034908103248
130410.001,0.0485890396,0.04674617263452185,-0.0018428669654781543
130490.001,0.0485645793,0.046716689259497124,-0.0018478900405028767
130570.001,0.0485349335,0.046687192617722834,-0.0018477408822771685
130650.001,0.0485223345,0.0466576901050545,-0.0018646443949454986
130730.001,0.0485230722,0.04662819739598041,-0.0018948748040195917
130810.001,0.048491206,0.04659870718991133,-0.0018924988100886692
130890.001,0.0484800823,0.04656920952158411,-0.0019108727784158883
130970.001,0.0484519191,0.04653971196100529,-0.0019122071389947107
131050.001,0.0484237485,0.04651020721077176,-0.0019135412892282433
131130.00100000002,0.0483814962,0.04648071537388109,-0.0019007808261189071
131210.00100000002,0.0483555607,0.046447439909783506,-0.0019081207902164957
131300.00100000002,0.0483852066,0.046408868399998436,-0.001976338200001565
131380.00100000002,0.0483496301,0.04637461336735849,-0.001975016732641506
131460.00100000002,0.0482784696,0.04634037264054325,-0.0019380969594567504
131540.00100000002,0.0482918136,0.04630609941934284,-0.0019857141806571554
131620.00100000002,0.0482436381,0.04627184310782693,-0.001971794992173072
131700.00100000002,0.0482503064,0.046237561600526916,-0.002012744799473082
131780.00100000002,0.0482080616,0.046203292605406135,-0.0020047689945938627
131860.00100000002,0.0482036136,0.04616900403833779,-0.0020346095616622095
131940.00100000002,0.0481769331,0.04613473424941098,-0.002042198850589018
132020.00100000002,0.0481502451,0.04610098326922122,-0.0020492618307787827
132100.00100000002,0.0481339432,0.046067291901791686,-0.002066651298208315
132180.00100000002,0.0481131859,0.046033579333074844,-0.0020796065669251573
132260.00100000002,0.0480709411,0.04599990416118486,-0.002071036938815142
132340.00100000002,0.0480457358,0.04596620100340621,-0.002079534796593792
132430.00100000002,0.0480175726,0.045928272485247765,-0.0020893001147522378
132510.00100000002,0.0479775481,0.04589457143361379,-0.0020829766663862104
132590.00100000002,0.047990147,0.04586083422835947,-0.0021293127716405236
132670.00100000002,0.0479264073,0.045827135946865626,-0.0020992713531343757
132750.00100000002,0.0479508676,0.045795246004248176,-0.0021556215957518263
132830.00100000002,0.0478989817,0.045787195765740335,-0.0021117859342596676
132910.00100000002,0.0478678532,0.04574769329229307,-0.002120159907706927
132990.00100000002,0.0478463583,0.045708186647060015,-0.002138171652939988
133070.00100000002,0.0478470959,0.04566863725631673,-0.0021784586436832676
133150.00100000002,0.0477989204,0.04562912974774655,-0.0021697906522534505
133230.00100000002,0.0477759428,0.04558960869098922,-0.0021863341090107777
133310.00100000002,0.0477626063,0.04555006594458156,-0.0022125403554184436
133390.00100000002,0.047755193,0.0455105193749684,-0.0022446736250315985
133480.00100000002,0.0477129407,0.04546603475172039,-0.002246905948279608
133560.00100000002,0.0476929285,0.04542649429795627,-0.0022664342020437336
133640.00100000002,0.0476254784,0.04538659468225766,-0.002238883717742335
133720.00100000002,0.0476225205,0.04534614728034083,-0.002276373219659171
133800.00100000002,0.0476032458,0.04530569252433695,-0.0022975532756630487
133880.00100000002,0.047569152,0.045265254186380915,-0.002303897813619088
133960.00100000002,0.0475172661,0.045224816997412556,-0.0022924491025874405
134040.00100000002,0.0475268997,0.0451843443592982,-0.002342555340701803
134120.00100000002,0.0474876203,0.04514388460803311,-0.002343735691966886
134200.00100000002,0.0474357344,0.04510343230110032,-0.0023323020988996815
134280.00100000002,0.0474283211,0.04506295993692304,-0.002365361163076958
134360.00100000002,0.047396455,0.0450224835457295,-0.0023739714542704987
134440.00100000002,0.0473564304,0.044980035087683765,-0.0023763953123162387
134530.00100000002,0.0473445691,0.044929231576506135,-0.002415337523493863
134610.00100000002,0.0473282598,0.04488406684778105,-0.0024441929522189543
134690.00100000002,0.0472711883,0.04483890968115526,-0.0024322786188447423
134770.00100000002,0.0472534038,0.04479375163473531,-0.0024596521652646905
134850.00100000002,0.0472163446,0.04474857629759791,-0.0024677683024020916
134930.00100000002,0.047188919,0.04470339864254103,-0.00248552035745897
135010.00100000002,0.0471652038,0.04465821610248252,-0.0025069876975174765
135090.00100000002,0.0471348129,0.044613030519615016,-0.0025217823803849876
135170.00100000002,0.0471118353,0.04456784063260797,-0.0025439946673920313
135250.00100000002,0.0470673554,0.04452280326150063,-0.0025445521384993633
135330.00100000002,0.0470354818,0.04447788357516431,-0.002557598224835693
135410.00100000002,0.0470169522,0.04443294258244681,-0.0025840096175531943
135490.00100000002,0.0469821207,0.04438800673476362,-0.002594113965236379
135570.00100000002,0.0469583981,0.044343061876286206,-0.0026153362237137934
135660.00100000002,0.046913188,0.04429250400871467,-0.0026206839912853302
135740.00100000002,0.0468835421,0.04424755452857377,-0.002635987571426232
135820.00100000002,0.0468590818,0.044202597657534246,-0.002656484142465755
135900.00100000002,0.0468175747,0.04415763871159414,-0.0026599359884058663
135980.00100000002,0.0467842184,0.04411228994958256,-0.0026719284504174434
136060.00100000002,0.0467508696,0.044059112642157255,-0.002691756957842746
136140.00100000002,0.0467256643,0.04400592300115156,-0.002719741298848437
136220.00100000002,0.0466819368,0.04395274662650783,-0.0027291901734921645
136300.00100000002,0.0466671102,0.04389954260495717,-0.002767567595042833
136380.00100000002,0.0466374643,0.04384634235768771,-0.0027911219423122913
136460.00100000002,0.0465848409,0.04379315632919347,-0.0027916845708065297
136540.00100000002,0.0465351827,0.04373996452053129,-0.002795218179468706
136620.00100000002,0.0465292521,0.04368673107709492,-0.0028425210229050812
136710.00100000002,0.0464758836,0.0436268628557175,-0.0028490207442824975
136790.00100000002,0.046439562,0.04357359340389294,-0.002865968596107056
136870.00100000002,0.0464173295,0.04352005910330042,-0.0028972703966995833
136950.00100000002,0.0463973172,0.04346651451312682,-0.0029308026868731865
137030.00100000002,0.0463283844,0.043412995682740034,-0.0029153887172599646
137110.00100000002,0.0463224538,0.04335942480570788,-0.0029630289942921204
137190.00100000002,0.0462705754,0.04330589890480982,-0.00296467649519018
137270.00100000002,0.0462268405,0.043252343496684456,-0.002974497003315542
137350.00100000002,0.046187561,0.04319878564909928,-0.002988775350900724
137430.00100000002,0.046169769,0.04314520165880616,-0.003024567341193843
137510.00100000002,0.0461134426,0.04309164092595894,-0.0030218016740410567
137590.00100000002,0.0460615493,0.04303775462221864,-0.003023794677781355
137670.00100000002,0.0460526533,0.04298230039793976,-0.0030703529020602444
137760.00100000002,0.0460118912,0.04291990855024632,-0.0030919826497536815
137840.00100000002,0.0459770523,0.04286445339499437,-0.003112598905005634
137920.00100000002,0.0459296219,0.04280900547193688,-0.0031206164280631193
138000.00100000002,0.0458747707,0.04275355086391624,-0.0031212198360837592
138080.00100000002,0.0458310433,0.04269808951601258,-0.0031329537839874175
138160.00100000002,0.0458169542,0.04264258689171909,-0.003174367308280912
138240.00100000002,0.0457435735,0.042587131600371864,-0.0031564418996281388
138320.00100000002,0.0457250439,0.04253162585646271,-0.0031934180435372883
138400.00100000002,0.0456813164,0.042474799896480266,-0.0032065165035197324
138480.00100000002,0.0456227623,0.0424148774750242,-0.003207884824975804
138560.00100000002,0.0456146114,0.0423549006336918,-0.0032597107663081965
138640.00100000002,0.0455434509,0.042294969097349616,-0.003248481802650381
138720.00100000002,0.0455026887,0.04223501290809016,-0.003267675791909841
138800.00100000002,0.0454826765,0.04217501876161851,-0.0033076577383814865
138890.00100000002,0.0453989245,0.042107565125882714,-0.0032913593741172864
138970.00100000002,0.0453588925,0.04204757890493568,-0.0033113135950643205
139050.00100000002,0.045323316,0.04198758889258976,-0.003335727107410244
139130.00100000002,0.0452944078,0.04192757664271176,-0.0033668311572882387
139210.00100000002,0.0452788435,0.04186250111834368,-0.0034163423816563204
139290.00100000002,0.0452024974,0.041795002392745105,-0.0034074950072548946
139370.00100000002,0.0451832302,0.041727459538247594,-0.0034557706617524067
139450.00100000002,0.0451061465,0.04165994359399128,-0.003446202906008722
139530.00100000002,0.0450461097,0.04159242977351393,-0.0034536799264860765
139610.00100000002,0.0450461097,0.04152484965305616,-0.003521260046943843
139690.00100000002,0.04496013,0.04145732879043002,-0.0035028012095699793
139770.00100000002,0.0449497513,0.04138973740579747,-0.0035600138942025322
139850.00100000002,0.0448860116,0.04132216585609409,-0.003563845743905905
139940.00100000002,0.0448104106,0.04124615204247255,-0.0035642585575274555
140020.00100000002,0.0447852127,0.04117578279405324,-0.0036094299059467594
140100.00100000002,0.0447140522,0.04110472610094616,-0.0036093260990538376
140180.00100000002,0.0447021984,0.04103361196641291,-0.0036685864335870844
140260.00100000002,0.0446273349,0.04096253492696383,-0.0036647999730361758
140340.00100000002,0.0445984267,0.040891411837371786,-0.0037070148626282134
140420.00100000002,0.0445546918,0.04082027581514094,-0.0037344159848590602
140500.00100000002,0.0444701947,0.040749158522538756,-0.003721036177461244
140580.00100000002,0.0444361009,0.04067801707897206,-0.0037580838210279355
140660.00100000002,0.0444012694,0.040606875909627686,-0.0037943934903723123
140740.00100000002,0.0443612449,0.04053569131760469,-0.003825553582395308
140820.00100000002,0.0442900918,0.04046341903507113,-0.0038266727649288734
140900.00100000002,0.0442478396,0.040390823146922876,-0.0038570164530771223
140990.00100000002,0.0441663079,0.040309178335747445,-0.003857129564252555
141070.00100000002,0.044145558,0.0402365468702352,-0.0039090111297648
141150.00100000002,0.0440996028,0.04016391470693961,-0.0039356880930603855
141230.00100000002,0.0440462343,0.04009128159701386,-0.003954952702986139
141310.00100000002,0.0439795218,0.040018648551368656,-0.003960873248631341
141390.00100000002,0.0439246781,0.03994601014435295,-0.003978667955647053
141470.00100000002,0.0438631587,0.039873359967727035,-0.003989798732272967
141550.00100000002,0.043839436,0.03980067110597945,-0.004038764894020552
141630.00100000002,0.0437519811,0.03972351573186192,-0.0040284653681380775
141710.00100000002,0.0436949097,0.03964593628017448,-0.004048973419825519
141790.00100000002,0.0436304249,0.03956835697339032,-0.00406206792660968
141870.00100000002,0.0436007716,0.03949073825804374,-0.004110033341956261
141950.00100000002,0.0435555615,0.03941311054952139,-0.004142450950478611
142030.00100000002,0.0435036756,0.03933546458627904,-0.00416821101372096
142120.00100000002,0.0434480868,0.03924809798154925,-0.004199988818450753
142200.00100000002,0.0433547013,0.03917047974423281,-0.004184221555767191
142280.00100000002,0.0433183797,0.03909279449995984,-0.004225585200040162
142360.00100000002,0.0432613082,0.03901509767352231,-0.004246210526477688
142440.00100000002,0.0432123877,0.03893695145220861,-0.004275436247791392
142520.00100000002,0.0431582816,0.03885878596447384,-0.00429949563552616
142600.00100000002,0.0430745222,0.03878062912324904,-0.00429389307675096
142680.00100000002,0.043028567,0.03869685702971184,-0.004331709970288158
142760.00100000002,0.0429396294,0.03861040354301093,-0.004329225856989069
142840.00100000002,0.0429077558,0.03852387820070064,-0.0043838775992993614
142920.00100000002,0.0428343751,0.03843737187137528,-0.00439700322862472
143000.00100000002,0.0427669324,0.03835085053336861,-0.004416081866631387
143080.00100000002,0.0427231975,0.03826430344559381,-0.004458894054406186
143170.00100000002,0.042675022,0.03816689166594263,-0.004508130334057371
143250.00100000002,0.0426090546,0.038080320297054805,-0.004528734302945196
143330.00100000002,0.0425378941,0.03799371604146368,-0.0045441780585363245
143410.00100000002,0.0424533971,0.037907134426603324,-0.004546262673396674
143490.00100000002,0.0424096696,0.03781755702678093,-0.004592112573219065
143570.00100000002,0.0423481502,0.03772719495562196,-0.004620955244378035
143650.00100000002,0.0422784798,0.037636841143190505,-0.004641638656809492
143730.00100000002,0.0422206633,0.03754646503674196,-0.004674198263258045
143810.00100000002,0.0421554409,0.03745607106428729,-0.004699369835712709
143890.00100000002,0.0420598276,0.0373657025293389,-0.004694125070661102
143970.00100000002,0.0420161001,0.03727528446753527,-0.004740815632464729
144050.00100000002,0.0419790335,0.0371848054942949,-0.004794228005705101
144130.00100000002,0.0418715663,0.03709438555146553,-0.004777180748534476
144220.00100000002,0.0418196805,0.03699257622506731,-0.0048271042749326865
144300.00100000002,0.0417322181,0.0368929471837342,-0.004839270916265806
144380.00100000002,0.041673664,0.03679250620719214,-0.004881157792807858
144460.00100000002,0.0416217782,0.03669203149733854,-0.0049297467026614625
144540.00100000002,0.0415395088,0.03659155454365381,-0.004947954256346192
144620.00100000002,0.0414868779,0.03649104298838055,-0.004995834911619444
144700.00100000002,0.041420918,0.03639051605923971,-0.005030401940760293
144780.00100000002,0.0413675494,0.036289953337663536,-0.005077596062336466
144860.00100000002,0.0412615575,0.03618943282645947,-0.005072124673540526
144940.00100000002,0.041208189,0.036088854673349956,-0.0051193343266500435
145020.00100000002,0.0411296226,0.035988261754266504,-0.005141360845733495
145100.00100000002,0.0410695858,0.035894698328447626,-0.0051748874715523765
145180.00100000002,0.0409954675,0.03580171070241289,-0.005193756797587108
145260.00100000002,0.0409020744,0.03570874409203628,-0.00519333030796372
145350.00100000002,0.0408338867,0.035604101048759794,-0.005229785651240208
145430.00100000002,0.040770147,0.03551103831059454,-0.005259108689405462
145510.00100000002,0.0406693406,0.035411088358854564,-0.005258252241145435
145590.00100000002,0.0406315438,0.03530163246867053,-0.0053299113313294705
145670.00100000002,0.0405433364,0.0351921675333469,-0.0053511688666531
145750.00100000002,0.0404551364,0.03508274214444185,-0.005372394255558154
145830.00100000002,0.0403765701,0.03497327558707893,-0.00540329451292107
145910.00100000002,0.0403128229,0.03486374199533,-0.005449080904670001
145990.00100000002,0.0402350016,0.03475421555565663,-0.005480786044343371
146070.00100000002,0.0401719995,0.03464460876074013,-0.005527390739259869
146150.00100000002,0.0400734209,0.03453504443591954,-0.005538376464080459
146230.00100000002,0.0400222726,0.034425392430036096,-0.005596880169963903
146310.00100000002,0.0399555676,0.03431405729350762,-0.0056415103064923755
146400.00100000002,0.0398480929,0.0341862432127562,-0.0056618496872438
146480.00100000002,0.0397739746,0.03407261721000289,-0.005701357389997108
146560.00100000002,0.0396650173,0.033958996687618204,-0.005706020612381797
146640.00100000002,0.039587196,0.03384531504535278,-0.00574188095464722
146720.00100000002,0.0395330824,0.033731568966649896,-0.005801513433350107
146800.00100000002,0.0394211672,0.03361785050450039,-0.005803316695499612
146880.00100000002,0.0393448211,0.0335040764627701,-0.005840744637229903
146960.00100000002,0.0392669924,0.033390261594989375,-0.005876730805010624
147040.00100000002,0.039189171,0.03327641222633979,-0.005912758773660209
147120.00100000002,0.0391076393,0.03315685345496478,-0.0059507858450352155
147200.00100000002,0.0390298106,0.03303253431459603,-0.005997276285403967
147280.00100000002,0.0389505066,0.03290821835315841,-0.006042288246841589
147360.00100000002,0.0388578586,0.032783846990822645,-0.0060740116091773586
147450.00100000002,0.0387585349,0.03264393153029862,-0.006114603369701384
147530.00100000002,0.038670335,0.03251951634149244,-0.006150818658507563
147610.00100000002,0.0385821275,0.03239504576023475,-0.006187081739765253
147690.00100000002,0.0384991132,0.032270550935958875,-0.006228562264041122
147770.00100000002,0.0384205468,0.03214598799174039,-0.006274558808259605
147850.00100000002,0.0383479111,0.0320213831521163,-0.0063265279478837005
147930.00100000002,0.0382359959,0.031899448892737235,-0.006336547007262765
148010.00100000002,0.0381062813,0.031778760091071806,-0.006327521208928197
148090.00100000002,0.0380766355,0.03165797344656439,-0.006418662053435609
148170.00100000002,0.0379535966,0.03153720339963239,-0.006416393200367611
148250.00100000002,0.0378913321,0.03141634155349493,-0.00647499054650507
148330.00100000002,0.0377897881,0.031295465288590986,-0.006494322811409013
148410.00100000002,0.0376845412,0.031157396625180068,-0.00652714457481993
148490.00100000002,0.0375844799,0.03101092444440291,-0.006573555455597093
148580.00100000002,0.0375088789,0.03084604467983474,-0.0066628342201652604
148660.00100000002,0.0374117829,0.03069944076574287,-0.006712342134257133
148740.00100000002,0.0372998603,0.030552804889726528,-0.006747055410273473
148820.00100000002,0.0371916406,0.030406138979836062,-0.006785501620163937
148900.00100000002,0.0371353142,0.030259358133017913,-0.006875956066982086
148980.00100000002,0.0370122753,0.03011257933165133,-0.006899695968348673
149060.00100000002,0.0369181447,0.029965717124814564,-0.006952427575185438
149140.00100000002,0.0368373506,0.029818765609309936,-0.0070185849906900626
149220.00100000002,0.0367195047,0.029672481621051,-0.007047023078949003
149300.00100000002,0.0366572402,0.029526223486115666,-0.0071310167138843375
149380.00100000002,0.0365527384,0.029379924064319506,-0.007172814335680493
149460.00100000002,0.036451932,0.029233580820993872,-0.007218351179006127
149540.00100000002,0.0363414921,0.02908719117570228,-0.0072543009242977165
149630.00100000002,0.0362473615,0.02892238115077157,-0.007324980349228429
149710.00100000002,0.0361169092,0.02877585455034719,-0.007341054649652807
149790.00100000002,0.0360035039,0.028629260135824553,-0.007374243764175444
149870.00100000002,0.0359012224,0.028482590443774474,-0.007418631956225528
149950.00100000002,0.0358122773,0.028335831754539867,-0.007476445545460134
150030.00100000002,0.0357159264,0.028174889013949805,-0.007541037386050196
150110.00100000002,0.0356180854,0.028012704844452868,-0.007605380555547131
150190.00100000002,0.0354654007,0.027850510389893703,-0.007614890310106294
150270.00100000002,0.0353935026,0.027688177339222596,-0.007705325260777406
150350.00100000002,0.0352756493,0.027525766227666403,-0.0077498830723336
150430.00100000002,0.0351748504,0.027363239461856488,-0.007811610938143511
150510.00100000002,0.0350614451,0.027200649839869404,-0.007860795260130594
150590.00100000002,0.0349702798,0.027037938112707327,-0.00793234168729267
150680.00100000002,0.0348442756,0.02685478227727522,-0.007989493322724781
150760.00100000002,0.0347323529,0.026692327307410852,-0.008040025592589147
150840.00100000002,0.0346211754,0.02653832910628433,-0.008082846293715671
150920.00100000002,0.0345048048,0.026384230947221622,-0.008120573852778375
151000.00100000002,0.0343602784,0.02621053985247975,-0.008149738547520248
151080.00100000002,0.034255024,0.02603173891282243,-0.008223285087177571
151160.00100000002,0.0341379158,0.025852867412573772,-0.00828504838742623
151240.00100000002,0.0340348892,0.025673836075409885,-0.008361053124590116
151320.00100000002,0.0339370556,0.025494646294984293,-0.008442409305015709
151400.00100000002,0.0338303186,0.02531533269232915,-0.008514985907670851
151480.00100000002,0.0336798541,0.025135930162372068,-0.008543923937627936
151560.00100000002,0.033567939,0.0249563901516703,-0.008611548848329698
151640.00100000002,0.0334612019,0.02477666238260492,-0.00868453951739508
151720.00100000002,0.0333211161,0.02459685321302856,-0.00872426288697144
151810.00100000002,0.033178065,0.024390494427445644,-0.008787570572554356
151890.00100000002,0.0330513231,0.024206119524732537,-0.008845203575267465
151970.00100000002,0.0329623781,0.024021535919302863,-0.008940842180697139
152050.00100000002,0.0328348912,0.02383677309382819,-0.00899811810617181
152130.00100000002,0.0326799788,0.023651938190098153,-0.009028040609901849
152210.00100000002,0.0325747319,0.02346684938431303,-0.00910788251568697
152290.00100000002,0.0324665196,0.02328153311228852,-0.009184986487711481
152370.00100000002,0.032354597,0.023096045145141304,-0.009258551854858695
152450.00100000002,0.0322063603,0.02291038155410279,-0.009295978745897212
152530.00100000002,0.0320381038,0.02272455359080947,-0.009313550209190533
152610.00100000002,0.0319313742,0.02252545681951642,-0.009405917380483582
152690.00100000002,0.0318046324,0.02232509068600932,-0.009479541713990677
152770.00100000002,0.0316474997,0.022124527806853457,-0.009522971893146541
152860.00100000002,0.0315207504,0.021898546790706495,-0.009622203609293504
152940.00100000002,0.0313636176,0.021697446407298777,-0.00966617119270122
153020.00100000002,0.0312220473,0.021496055797560556,-0.009725991502439444
153100.00100000002,0.0310930815,0.02129431948637822,-0.00979876201362178
153180.00100000002,0.0309796762,0.02109222510538322,-0.009887451094616782
153260.00100000002,0.0308180992,0.020889914261050007,-0.009928184938949994
153340.00100000002,0.0306846816,0.020675470093275236,-0.010009211506724763
153420.00100000002,0.0305453371,0.02045097055306296,-0.010094366546937041
153500.00100000002,0.0303785708,0.020226158687129913,-0.010152412112870088
153580.00100000002,0.0302458908,0.02000092952349242,-0.010244961276507581
153660.00100000002,0.0300924648,0.01977528737102874,-0.010317177428971258
153740.00100000002,0.0299805459,0.019549103868441827,-0.010431442031558172
153820.00100000002,0.0298100729,0.01932260359917855,-0.01048746930082145
153910.00100000002,0.0296521951,0.01906711272792386,-0.01058508237207614
153990.00100000002,0.0295150746,0.018839436632904497,-0.010675637967095503
154070.00100000002,0.0293394085,0.018611241122582448,-0.010728167377417552
154150.00100000002,0.0292393472,0.018373748475268716,-0.010865598724731286
154230.00100000002,0.0290599782,0.01813154105688925,-0.010928437143110748
154310.00100000002,0.0289006215,0.017888671296439198,-0.011011950203560803
154390.00100000002,0.0287471954,0.017645068017163486,-0.011102127382836516
154470.00100000002,0.028590804,0.017400682895672575,-0.011190121104327426
154550.00100000002,0.0284351502,0.017155429464352466,-0.011279720735647532
154630.00100000002,0.0282846894,0.016909249365068522,-0.011375440034931478
154710.00100000002,0.0281275567,0.016662097167403387,-0.011465459532596613
154790.00100000002,0.0279807989,0.016413853033701183,-0.011566945866298816
154870.00100000002,0.0277947579,0.016164585311577658,-0.011630172588422343
154950.00100000002,0.0276354011,0.015908750295896393,-0.011726650804103605
155040.00100000002,0.0274493601,0.015616476150057757,-0.011832883949942244
155120.00100000002,0.0272981543,0.015355087014130167,-0.011943067285869831
155200.00100000002,0.0271365773,0.015092012749815512,-0.012044564550184487
155280.00100000002,0.026949795,0.01482719844555187,-0.01212259655444813
155360.00100000002,0.0267859902,0.01456038241301942,-0.012225607786980579
155440.00100000002,0.0266066212,0.014287131524267634,-0.012319489675732365
155520.00100000002,0.0264746863,0.013991039514239125,-0.012483646785760876
155600.00100000002,0.0262589995,0.013692355963411522,-0.012566643536588479
155680.00100000002,0.0261203963,0.013390380833507137,-0.012730015466492864
155760.00100000002,0.025933614,0.013084974948384322,-0.012848639051615679
155840.00100000002,0.025758693,0.012775490655281092,-0.012983202344718907
155920.00100000002,0.0255822893,0.012461306316201144,-0.013120982983798858
156000.00100000002,0.0254177433,0.012141686319576113,-0.013276056980423888
156090.00100000002,0.0252109487,0.011774502518244415,-0.013436446181755584
156170.00100000002,0.0250338037,0.01144006218428643,-0.013593741515713569
156250.00100000002,0.0248633306,0.011094140975600375,-0.013769189624399625
156330.00100000002,0.0247128662,0.010731878240570885,-0.013980987959429115
156410.00100000002,0.0245260876,0.010355595011176406,-0.014170492588823594
156490.00100000002,0.0243400428,0.009961478021730072,-0.014378564778269928
156570.00100000002,0.0241480749,0.009544150954352485,-0.014603923945647515
156650.00100000002,0.0239716712,0.009095417086863095,-0.014876254113136905
156730.00100000002,0.0237804409,0.008602558582074536,-0.015177882317925466
156810.00100000002,0.0235921796,0.008043826671440693,-0.015548352928559305
156890.00100000002,0.0233742651,0.007379154922071204,-0.015995110177928797
156970.00100000002,0.0231904481,0.0065195052388013095,-0.01667094286119869
157050.00100000002,0.0230199751,0.005140859559553407,-0.01787911554044659
