time_s,voltage_exp_V,voltage_sim_V,residual_V
0.0,1.0567988157,1.0701061929205016,0.013307377220501682
80.0,0.9341790676,0.9238362245488141,-0.010342843051185935
160.0,0.8567634821,0.8477015892745692,-0.009061892825430795
240.0,0.792222321,0.7848551317823994,-0.0073671892176006
320.0,0.748649776,0.7429584269917232,-0.005691349008276836
400.0,0.7211719751,0.7165113664914439,-0.004660608608556105
480.0,0.70250386,0.6984174071969104,-0.004086452803089613
560.0,0.6882587075,0.6845172429784049,-0.0037414645215950726
640.0,0.6760571599,0.6725435908207094,-0.0035135690792906793
720.0,0.6653167009,0.6618288905932159,-0.0034878103067840227
800.0,0.6547184587,0.6515335500545105,-0.0031849086454894815
880.0,0.6447933316,0.6417275947673505,-0.003065736832649435
960.0,0.6353158355,0.6323003806729677,-0.00301545482703236
1040.0,0.6260082126,0.6230771216355413,-0.002931090964458649
1130.0,0.6156613231,0.6128208660876749,-0.0028404570123250483
1210.0,0.6067013144,0.6039897753970889,-0.002711539002911101
1290.0,0.5979465246,0.5955140969844994,-0.002432427615500554
1370.0,0.5897315145,0.5869380953998922,-0.0027934191001078856
1450.0,0.5811932087,0.5784703942366293,-0.0027228144633707485
1530.0,0.5725319982,0.5699766696968932,-0.002555328503106802
1610.0,0.5652382374,0.5623949358574476,-0.002843301542552412
1690.0,0.5563768148,0.5538801471020377,-0.002496667697962307
1770.0,0.5482937098,0.5459663976047031,-0.0023273121952969156
1850.0,0.5409066081,0.5384143798997968,-0.002492228200203228
1930.0,0.5331125855,0.5332184820621902,0.00010589656219028853
2010.0,0.5289565325,0.5267390756022543,-0.002217456897745662
2090.0,0.5188987851,0.5165232100284055,-0.0023755750715944712
2180.0,0.5101219416,0.5083557739597516,-0.001766167640248395
2260.0,0.5031595826,0.5008915601443815,-0.0022680224556185236
2340.0,0.500626862,0.49866405408273495,-0.001962807917264997
2420.0,0.4935510457,0.49187033918556705,-0.0016807065144329725
2500.0,0.4844273031,0.48301407486306536,-0.0014132282369346272
2580.0,0.4797583222,0.4775096556713981,-0.0022486665286018948
2660.0,0.4781268537,0.47530513145897535,-0.002821722241024671
2740.0,0.4676763117,0.4656646330928082,-0.0020116786071918136
2820.0,0.4651524723,0.4629226987035938,-0.0022297735964061927
2900.0,0.4604775608,0.45990152198169676,-0.0005760388183032594
2980.0,0.4530164003,0.45040656807259216,-0.002609832227407849
3060.0,0.4461675286,0.4452004332335319,-0.0009670953664680515
3140.0,0.4401147068,0.4372944557446663,-0.002820251055333678
3230.0,0.4370993972,0.4349142388397923,-0.0021851583602077174
3310.0,0.4286576211,0.4265271955784636,-0.0021304255215364165
3390.0,0.4284945428,0.42672173406375635,-0.0017728087362436362
3470.0,0.4296167493,0.42964546016298266,2.871086298267267e-05
3550.0,0.4324260056,0.4295430367494207,-0.002882968850579315
3630.0,0.423374176,0.4206435217865307,-0.002730654213469297
3710.0,0.4155068696,0.41386319056207166,-0.0016436790379283361
3790.0,0.4121832252,0.4104336149844939,-0.0017496102155061255
3870.0,0.4050512016,0.40317270364462066,-0.0018784979553793657
3950.0,0.4024094939,0.4009862009733172,-0.0014232929266828065
4030.0,0.3960542679,0.3941471920686582,-0.0019070758313417535
4110.0,0.3941219151,0.39370379829520924,-0.00041811680479075797
4190.0,0.392629832,0.39220597721235956,-0.00042385478764045414
4270.0,0.3921843469,0.3896499526444581,-0.002534394255541861
4360.0,0.3875754774,0.38572483749582165,-0.0018506399041783306
4440.0,0.382815361,0.3809660692348408,-0.0018492917651592444
4520.0,0.3793657124,0.37798014470293956,-0.0013855676970604414
4600.0,0.3773014247,0.3758456057334679,-0.0014558189665320742
4680.0,0.3741808832,0.37276031180581437,-0.0014205713941856102
4760.0,0.3688137233,0.3670672949081611,-0.0017464283918389167
4840.0,0.3649238348,0.3635088785208552,-0.0014149562791447856
4920.0,0.3634473085,0.36185285034839604,-0.0015944581516039724
5000.0,0.360886395,0.35889621457432047,-0.0019901804256795552
5080.0,0.3589585125,0.356964389001797,-0.001994123498202993
5160.0,0.3551827371,0.3537212835663572,-0.001461453533642798
5240.0,0.3527752757,0.3506796455100523,-0.0020956301899476837
5320.0,0.3490150869,0.3486656403922679,-0.0003494465077321096
5410.0,0.3461999595,0.3446105742838959,-0.0015893852161040778
5490.0,0.342530936,0.3409443085084694,-0.0015866274915306011
5570.0,0.3392784595,0.33771448182898656,-0.0015639776710134612
5650.0,0.3378293812,0.3374218437354158,-0.0004075374645842178
5730.0,0.3370088637,0.33612938883146676,-0.0008794748685332365
5810.0,0.3327550292,0.331205867752704,-0.0015491614472959991
5890.0,0.3293654323,0.327839648353719,-0.0015257839462810008
5970.0,0.3262263834,0.3247005979752289,-0.001525785424771109
6050.0,0.3235565424,0.32204788509877535,-0.0015086573012246252
6130.0,0.3217754066,0.3202494663039495,-0.0015259402960504653
6210.0,0.3185978234,0.3171196685197725,-0.0014781548802274558
6290.0,0.3158968389,0.3144166705725639,-0.0014801683274360822
6370.0,0.313013494,0.3115719279190847,-0.0014415660809152797
6460.0,0.3109818399,0.3094599718841245,-0.001521868015875505
6540.0,0.3083853722,0.3069425729243685,-0.0014427992756315122
6620.0,0.3054953814,0.3040458193807056,-0.0014495620192944147
6700.0,0.3028129041,0.301379398781458,-0.0014335053185420277
6780.0,0.3004387915,0.29895429937457413,-0.0014844921254258958
6860.0,0.297783047,0.29637590058020474,-0.0014071464197952799
6940.0,0.2951961756,0.2939199464300444,-0.0012762291699556227
7020.0,0.2930548489,0.29165583929125233,-0.00139900960874767
7100.0,0.2905473113,0.28935173395070113,-0.0011955773492988708
7180.0,0.2884533703,0.28704898944598956,-0.0014043808540104563
7260.0,0.2859755158,0.2845891949346057,-0.0013863208653943082
7340.0,0.2837333381,0.28245358915372015,-0.0012797489462798572
7420.0,0.2813525796,0.28003394751011307,-0.0013186320898869175
7500.0,0.2790229321,0.27802190234239527,-0.0010010297576047433
7590.0,0.2765791714,0.2752651692917863,-0.0013140021082136966
7670.0,0.2742999196,0.2729983893320067,-0.0013015302679932894
7750.0,0.2720844448,0.2708554182557795,-0.0012290265442204684
7830.0,0.2698934078,0.2685451409117074,-0.001348266888292593
7910.0,0.2678010166,0.26642032518095626,-0.0013806914190437336
7990.0,0.2655780911,0.26429545049646214,-0.0012826406035378879
8070.0,0.2634648979,0.2621704755502997,-0.001294422349700286
8150.0,0.2612812817,0.2600453993535854,-0.0012358823464145852
8230.0,0.2591762841,0.2579202542988335,-0.0012560298011665139
8310.0,0.2570971549,0.25579505055177176,-0.0013021043482282502
8390.0,0.2549876571,0.25367926302709104,-0.0013083940729089472
8470.0,0.2529723346,0.25168303400605196,-0.0012893005939480506
8550.0,0.2509302795,0.24968680046993894,-0.0012434790300610843
8640.0,0.2486770302,0.24744089065648334,-0.0012361395435166733
8720.0,0.2466913313,0.24544444242896954,-0.0012468888710304715
8800.0,0.2447093278,0.24344796774954375,-0.0012613600504562394
8880.0,0.2427829355,0.24146281008057371,-0.0013201254194262768
8960.0,0.2408639342,0.23960218256062948,-0.0012617516393705064
9040.0,0.2389345616,0.23774159481684548,-0.001192966783154531
9120.0,0.2370556146,0.2358809233470467,-0.0011746912529533027
9200.0,0.2352070063,0.2340201534398165,-0.001186852860183496
9280.0,0.2334548086,0.2321593692332191,-0.0012954393667809205
9360.0,0.2315735966,0.23029842807198506,-0.0012751685280149305
9440.0,0.2297724634,0.22854222684770056,-0.001230236552299424
9520.0,0.2279587239,0.22678932840295976,-0.001169395497040232
9600.0,0.2262354195,0.22503631566848856,-0.00119910383151145
9690.0,0.2242386043,0.22306415810814448,-0.0011744461918555271
9770.0,0.2225278765,0.22131103572973412,-0.0012168407702658757
9850.0,0.2208038419,0.2195697639303762,-0.001234077969623798
9930.0,0.2191398293,0.21792893858371729,-0.0012108907162827198
10010.0,0.2174498588,0.21628810503931867,-0.0011617537606813388
10090.0,0.2157791853,0.21464727031922445,-0.0011319149807755557
10170.0,0.2141848505,0.2130063126218598,-0.0011785378781402067
10250.0,0.2125638276,0.2113653268103068,-0.0011985007896932187
10330.0,0.2109576315,0.2097242747421741,-0.0012333567578259041
10410.0,0.2093677372,0.20817724554925957,-0.0011904916507404217
10490.0,0.2078215778,0.20664454917126585,-0.0011770286287341447
10570.0,0.2062642872,0.20511183131259922,-0.0011524558874007884
10650.0,0.2047426105,0.20357904909425667,-0.0011635614057433352
10730.0,0.2032364756,0.20204622086588991,-0.00119025473411008
10820.0,0.2015487254,0.20033562512580372,-0.0012131002741962715
10900.0,0.200074479,0.19891080540789202,-0.0011636735921079777
10980.0,0.1986061484,0.1974860163404793,-0.0011201320595206898
11059.999999999996,0.1972126812,0.19606111194857526,-0.0011515692514247333
11139.999999999996,0.1957991868,0.19463782892561712,-0.0011613578743828734
11219.999999999996,0.1944605857,0.19335216897756186,-0.001108416722438138
11299.999999999996,0.1931960732,0.1920665260470513,-0.0011295471529487178
11379.999999999996,0.1919241548,0.19078075503234096,-0.0011433997676590368
11459.999999999996,0.1906374246,0.18949497765294585,-0.0011424469470541487
11539.999999999996,0.1893499494,0.18823691556970296,-0.0011130338302970388
11619.999999999996,0.1881314069,0.18705319348624944,-0.0010782134137505561
11699.999999999996,0.1869588345,0.18586937713364002,-0.001089457366359986
11779.999999999996,0.1857365668,0.18468562415957213,-0.0010509426404278766
11869.999999999996,0.1844476163,0.1833537786692498,-0.0010938376307502162
11949.999999999996,0.1832905859,0.1821728837688894,-0.0011177021311105928
12029.999999999996,0.1821595132,0.18108140631841477,-0.0010781068815852446
12109.999999999996,0.1810677201,0.179989876385593,-0.0010778437144070008
12189.999999999996,0.1799662858,0.17889835220422176,-0.0010679335957782254
12269.999999999996,0.1788833886,0.17780679495516685,-0.001076593644833146
12349.999999999996,0.177804932,0.17671521304348445,-0.0010897189565155507
12429.999999999996,0.1767464876,0.17568896580107346,-0.0010575217989265417
12509.999999999996,0.1757369787,0.17471739695941776,-0.001019581740582226
12589.999999999996,0.1747266948,0.17374578722813952,-0.0009809075718604787
12669.999999999996,0.1737149507,0.17277417106678195,-0.000940779633218064
12749.999999999996,0.172698766,0.17180255757744425,-0.0008962084225557498
12829.999999999996,0.1717277765,0.17083091259710495,-0.000896863902895062
12919.999999999996,0.170669347,0.16973772544987442,-0.0009316215501255776
12999.999999999996,0.1697124541,0.16876600171231124,-0.0009464523876887565
13079.999999999996,0.1687748283,0.16779423784418007,-0.0009805904558199408
13159.999999999996,0.1678594351,0.16682243221858534,-0.0010370028814146726
13239.999999999996,0.1669477522,0.16588958745939295,-0.0010581647406070482
13319.999999999996,0.1660494059,0.16502170024989263,-0.0010277056501073745
13399.999999999996,0.1651555151,0.1641538281339703,-0.0010016869660297023
13479.999999999996,0.1642890424,0.1632858701083461,-0.001003172291653892
13559.999999999996,0.1634144336,0.16241791682554318,-0.000996516774456807
13639.999999999996,0.1625561118,0.16154994351996807,-0.0010061682800319438
13719.999999999996,0.1617111415,0.1606963603363591,-0.0010147811636408988
13799.999999999996,0.16090101,0.15989813643806086,-0.0010028735619391493
13879.999999999996,0.1600997597,0.15909988573148148,-0.0009998739685185276
13959.999999999996,0.1592903733,0.15830163468597253,-0.0009887386140274845
14049.999999999996,0.1583697945,0.15740357833357851,-0.0009662161664214797
14129.999999999996,0.1575959772,0.1566052291165301,-0.0009907480834698834
14209.999999999996,0.1568154842,0.15580688583954438,-0.0010085983604556092
14289.999999999996,0.1560157388,0.1550334934523561,-0.0009822453476439064
14369.999999999996,0.1552975029,0.15430659441738986,-0.000990908482610131
14449.999999999996,0.1544984728,0.15357975449024594,-0.0009187183097540685
14529.999999999996,0.1538024843,0.15285282320641727,-0.0009496610935827154
14609.999999999996,0.1530390531,0.15212591688208982,-0.000913136217910171
14689.999999999996,0.1522867233,0.15139899937524606,-0.000887723924753947
14769.999999999996,0.1515655369,0.15067205508892473,-0.000893481811075264
14849.999999999996,0.1508480608,0.14994507853900832,-0.0009029822609916693
14929.999999999996,0.1501453966,0.14921805389442597,-0.0009273427055740413
15009.999999999996,0.1494471729,0.14849102224580069,-0.0009561506541993225
15099.999999999996,0.1486429572,0.1476943410492924,-0.0009486161507075985
15179.999999999996,0.1479521692,0.14700987208898073,-0.0009422971110192857
15259.999999999996,0.1473132521,0.14632531434051485,-0.0009879377594851357
15339.999999999996,0.1466513425,0.14564076668742873,-0.0010105758125712738
15419.999999999996,0.1459494382,0.14498135686993727,-0.0009680813300627367
15499.999999999996,0.1452942044,0.14434604290503686,-0.000948161494963129
15579.999999999996,0.1446426958,0.14371072924510492,-0.0009319665548950806
15659.999999999996,0.1440030336,0.1430754004930253,-0.0009276331069746901
15739.999999999996,0.1433959752,0.1424400209609427,-0.0009559542390573106
15819.999999999996,0.1427622586,0.14180464463526893,-0.0009576139647310689
15899.999999999996,0.1421796679,0.14121680787983165,-0.000962860020168349
15979.999999999996,0.1415652186,0.1406428261199278,-0.0009223924800721983
16059.999999999996,0.1409507543,0.1400688564258656,-0.0008818978741343964
16149.999999999996,0.1403303742,0.13942304856702473,-0.0009073256329752699
16229.999999999996,0.1397537142,0.1388490059947573,-0.000904708205242688
16309.999999999996,0.1391770691,0.13827493631311272,-0.0009021327868872775
16389.999999999996,0.1385855824,0.13770089237233707,-0.000884690027662921
16469.999999999996,0.1380459964,0.13712680511162942,-0.000919191288370591
16549.999999999996,0.1375041604,0.1366234501524144,-0.0008807102475855977
16629.999999999996,0.1370016336,0.1361380048898825,-0.0008636287101174978
16709.999999999996,0.1364887208,0.13565254469501986,-0.0008361761049801297
16789.999999999996,0.1359720975,0.13516708390631327,-0.000805013593686732
16869.999999999996,0.135453254,0.1346816423373509,-0.0007716116626491076
16949.999999999996,0.1349870414,0.13419612459369398,-0.0007909168063060246
17029.999999999996,0.1344741136,0.13371064256482926,-0.000763471035170743
17109.999999999996,0.134008646,0.1332251312605651,-0.0007835147394349151
17189.999999999996,0.1335528195,0.1327395928601324,-0.0008132266398676036
17279.999999999996,0.1330413818,0.13219334716376951,-0.0008480346362304825
17359.999999999996,0.1326144487,0.13174447897996863,-0.0008699697200313661
17439.999999999996,0.1321778744,0.13129745564187137,-0.0008804187581286371
17519.999999999996,0.1317494661,0.1308885596272347,-0.0008609064727652938
17599.999999999996,0.1313306838,0.13048724804915512,-0.000843435750844862
17679.999999999996,0.1309282035,0.13008593590153614,-0.0008422675984638694
17759.999999999996,0.1305190623,0.1296846186255242,-0.0008344436744757988
17839.999999999996,0.1301544011,0.12928325713249023,-0.0008711439675097854
17919.999999999996,0.1297519207,0.1288819137574439,-0.0008700069425560952
17999.999999999996,0.1293887347,0.12849476543743144,-0.0008939692625685725
18079.999999999996,0.1290403754,0.12815568326612925,-0.0008846921338707403
18159.999999999996,0.1286356747,0.12781660750519583,-0.0008190671948041794
18239.999999999996,0.1283006519,0.12747748478330273,-0.0008231671166972765
18329.999999999996,0.1278996617,0.12709600351035144,-0.0008036581896485595
18409.999999999996,0.1275735199,0.12675685218725757,-0.0008166677127424138
18489.999999999996,0.1272599995,0.12641769856839843,-0.0008423009316015639
18569.999999999996,0.1268871725,0.12607857917643017,-0.0008085933235698339
18649.999999999996,0.126609236,0.12575280401836256,-0.0008564319816374566
18729.999999999996,0.1262756735,0.12546626349937823,-0.000809410000621763
18809.999999999996,0.1259747595,0.12517970749402826,-0.0007950520059717414
18889.999999999996,0.1256619692,0.12489314647140076,-0.0007688227285992388
18969.999999999996,0.1253736466,0.12460656585018554,-0.0007670807498144638
19049.999999999996,0.1251112521,0.12431995085646612,-0.0007913012435338679
19129.999999999996,0.1248259023,0.12403333944861947,-0.0007925628513805322
19209.999999999996,0.1245205328,0.1237467390346065,-0.0007737937653934934
19289.999999999996,0.1242284998,0.12346013682657642,-0.0007683629734235864
19379.999999999996,0.1239386722,0.12313765088407722,-0.0008010213159227869
19459.999999999996,0.1237014905,0.12289145545820276,-0.000810035041797233
19539.999999999996,0.1234472618,0.12265617688731074,-0.000791084912689255
19619.999999999996,0.1231848821,0.12242091122110428,-0.0007639708788957228
19699.999999999996,0.1229113862,0.12218564461940924,-0.000725741580590758
19779.999999999996,0.1227156892,0.12195031255175892,-0.000765376648241084
19859.999999999996,0.1224792525,0.12171500312483878,-0.0007642493751612162
19939.999999999996,0.1222502217,0.12147966869009709,-0.0007705530099029051
20019.999999999996,0.1219974682,0.12124435838827761,-0.0007531098117223856
20099.999999999996,0.1217728928,0.12100901629392424,-0.0007638765060757613
20179.999999999996,0.1215675697,0.12077365354294185,-0.0007939161570581499
20259.999999999996,0.1213474348,0.12055212929659788,-0.0007953055034021217
20339.999999999996,0.1211487874,0.12035377641326438,-0.0007950109867356225
20419.999999999996,0.1209375486,0.1201596898576158,-0.000777858742384202
20509.999999999996,0.1207114831,0.1199413211673653,-0.000770161932634697
20589.999999999996,0.120498769,0.11974721115010135,-0.0007515578498986514
20669.999999999996,0.120276399,0.11955309347389897,-0.0007233055261010313
20749.999999999996,0.1200955436,0.11935895072567987,-0.0007365928743201244
20829.999999999996,0.1198724434,0.11916484518702236,-0.0007075982129776393
20909.999999999996,0.1196960434,0.11897068799194699,-0.000725355408053005
20989.999999999996,0.119524084,0.11877650830844438,-0.0007475756915556186
21069.999999999996,0.1193254367,0.11858234255426801,-0.0007430941457319817
21149.999999999996,0.1191238388,0.11840789702456114,-0.0007159417754388636
21229.999999999996,0.1189607605,0.11823365303397788,-0.0007271074660221144
21309.999999999996,0.1187762097,0.11805939949605547,-0.0007168102039445262
21389.999999999996,0.1185901687,0.11788514441709756,-0.0007050242829024361
21469.999999999996,0.1184048727,0.11771088606213702,-0.0006939866378629783
21559.999999999996,0.1182395741,0.1175148007830931,-0.0007247733169068876
21639.999999999996,0.1180520579,0.11734051411436336,-0.0007115437856366341
21719.999999999996,0.1178749129,0.11716624310912416,-0.000708669790875846
21799.999999999996,0.1177555695,0.1169919073224393,-0.0007636621775607005
21879.999999999996,0.1175673082,0.11681960674917762,-0.0007477014508223828
21959.999999999996,0.1174161062,0.11665834792783948,-0.0007577582721605136
22039.999999999996,0.1172337607,0.11649710939172003,-0.000736651308279962
22119.999999999996,0.1170432791,0.11633587842462302,-0.0007074006753769735
22199.999999999996,0.1169061586,0.11617459290225825,-0.0007315656977417567
22279.999999999996,0.1167564318,0.11601331743121591,-0.0007431143687840897
22359.999999999996,0.1165733561,0.11585204947049049,-0.000721306629509505
22439.999999999996,0.1164473519,0.11570159697591675,-0.0007457549240832417
22519.999999999996,0.1163079962,0.11555378173182872,-0.0007542144681712826
22609.999999999996,0.1161367819,0.11538748198658841,-0.0007492999134115913
22689.999999999996,0.1159915105,0.11523965763928946,-0.0007518528607105418
22769.999999999996,0.1157958433,0.11509185840823023,-0.0007039848917697739
22849.999999999996,0.1156802103,0.11494399732601568,-0.0007362129739843237
22929.999999999996,0.1155201122,0.11479616165557856,-0.0007239505444214395
23009.999999999996,0.1153474078,0.11464832420346242,-0.0006990835965375725
23089.999999999996,0.1152206585,0.11450045030749756,-0.0007202081925024445
23169.999999999996,0.1150939092,0.11435256068169879,-0.0007413485183012103
23249.999999999996,0.1149130538,0.11420717593974895,-0.0007058778602510446
23329.999999999996,0.1148100272,0.11406179758644842,-0.0007482296135515737
23409.999999999996,0.1146595702,0.11391643858324828,-0.0007431316167517271
23489.999999999996,0.1145046577,0.11377107249682618,-0.0007335852031738199
23569.999999999996,0.1143341884,0.11362572068214312,-0.0007084677178568755
23649.999999999996,0.1142244861,0.11348032466007474,-0.0007441614399252561
23739.999999999996,0.1140725538,0.11331675224834604,-0.000755801551653959
23819.999999999996,0.1138709262,0.1131713904002924,-0.0006995357997076068
23899.999999999996,0.1137760505,0.11302596360907446,-0.0007500868909255387
23979.999999999996,0.1136381999,0.11288182475750362,-0.0007563751424963794
24059.999999999996,0.1134669706,0.11274544352742658,-0.0007215270725734191
24139.999999999996,0.1133557931,0.11260900829625885,-0.0007467848037411573
24219.999999999996,0.1131942198,0.1124726008557457,-0.0007216189442542931
24299.999999999996,0.1130252257,0.11233619269796524,-0.0006890330020347529
24379.999999999996,0.1128947809,0.11219975334167963,-0.0006950275583203769
24459.999999999996,0.1127821133,0.11206329191119897,-0.0007188213888010275
24539.999999999996,0.1126338765,0.11192685344709644,-0.0007070230529035576
24619.999999999996,0.1124522761,0.11179042220080965,-0.0006618538991903511
24699.999999999996,0.1123670265,0.11165395603604716,-0.0007130704639528307
24789.999999999996,0.1122121289,0.11150007421163499,-0.0007120546883650075
24869.999999999996,0.1120586917,0.1113624773519357,-0.0006962143480643002
24949.999999999996,0.111920096,0.11122488520053118,-0.0006952107994688123
25029.999999999996,0.1117822304,0.11108726940676565,-0.0006949609932343503
25109.999999999996,0.1116443649,0.1109496596479195,-0.0006947052520804992
25189.999999999996,0.1114961281,0.11081204298433411,-0.0006840851156658806
25269.999999999996,0.1113545671,0.11067442019167228,-0.0006801469083277112
25349.999999999996,0.111237444,0.11053677058062278,-0.0007006734193772263
25429.999999999996,0.1110795662,0.1103991272830337,-0.0006804389169663
25509.999999999996,0.1109461561,0.11026148140757165,-0.000684674692428347
25589.999999999996,0.1108216271,0.11012127414837054,-0.0007003529516294571
25669.999999999996,0.110706009,0.10997661176846876,-0.0007293972315312314
25749.999999999996,0.1105496064,0.1098319534481129,-0.0007176529518870961
25839.999999999996,0.110395439,0.10966919239063652,-0.0007262466093634762
25919.999999999996,0.1102501675,0.10952450224945014,-0.000725665250549859
25999.999999999996,0.1101100817,0.10937980529894066,-0.0007302764010593404
26079.999999999996,0.1099596247,0.10923510921878629,-0.0007245154812137028
26159.999999999996,0.1098113731,0.10909040918052285,-0.0007209639194771522
26239.999999999996,0.1096816584,0.10894568958957848,-0.0007359688104215251
26319.999999999996,0.1095423177,0.10880095382153947,-0.0007413638784605353
26399.999999999996,0.109368138,0.10865734785954578,-0.0007107901404542205
26479.999999999996,0.1092584357,0.10851460570812695,-0.0007438299918730573
26559.999999999996,0.1090812907,0.10837190290954804,-0.0007093877904519597
26639.999999999996,0.1089649275,0.10822913927092442,-0.0007357882290755791
26719.999999999996,0.1087900028,0.1080864165527474,-0.0007035862472525994
26799.999999999996,0.1086551026,0.10794366853331666,-0.0007114340666833363
26879.999999999996,0.1085231677,0.10780090203265057,-0.0007222656673494393
26969.999999999996,0.1083497256,0.10764030067761803,-0.0007094249223819765
27049.999999999996,0.1082311347,0.10749750918426888,-0.0007336255157311122
27129.999999999996,0.1080932692,0.10735472230859293,-0.0007385468914070659
27209.999999999996,0.1079116687,0.10720944443726589,-0.0007022242627341135
27289.999999999996,0.1077849194,0.10706313300857118,-0.000721786391428822
27369.999999999996,0.1076048166,0.1069168554341396,-0.0006879611658603957
27449.999999999996,0.1074995548,0.10677053312744071,-0.0007290216725592824
27529.999999999996,0.1073098108,0.10662424787113689,-0.0006855629288631121
27609.999999999996,0.1072104946,0.10647789320702251,-0.0007326013929774833
27689.999999999996,0.1070600301,0.10633156473375814,-0.0007284653662418539
27769.999999999996,0.1068940014,0.10618524437384248,-0.000708757026157511
27849.999999999996,0.1067457572,0.10603891270969659,-0.0007068444903034071
27929.999999999996,0.1066190079,0.10589254588479133,-0.0007264620152086787
28019.999999999996,0.1064552069,0.10572351152966923,-0.0007316953703307705
28099.999999999996,0.1062765792,0.10557233218064993,-0.0007042470193500683
28179.999999999996,0.1061439067,0.10542111265115674,-0.0007227940488432616
28259.999999999996,0.1060052961,0.10526989052244758,-0.0007354055775524171
28339.999999999996,0.1058481634,0.10511865605183893,-0.0007295073481610737
28419.999999999996,0.1057051122,0.10496742857591143,-0.0007376836240885754
28499.999999999996,0.1055568755,0.1048161864561236,-0.0007406890438763913
28579.999999999996,0.1054264158,0.10466492608934064,-0.0007614897106593688
28659.999999999996,0.1052611321,0.10451367470295839,-0.0007474573970416148
28739.999999999996,0.1051188186,0.10436240324976667,-0.0007564153502333248
28819.999999999996,0.1049676165,0.10424462219569797,-0.0007229943043020326
28899.999999999996,0.1047964022,0.10411472014275026,-0.0006816820572497356
28979.999999999996,0.1046555713,0.1039598696939919,-0.0006957016060080978
29069.999999999996,0.1044895425,0.10378562310859579,-0.0007039193914042119
29149.999999999996,0.1043501943,0.10363074400739362,-0.00071945029260638
29229.999999999996,0.1041708291,0.10347587681031455,-0.0006949522896854549
29309.999999999996,0.1040500104,0.10332095896515588,-0.0007290514348441274
29389.999999999996,0.10386841,0.10316609122044673,-0.0007023187795532626
29469.999999999996,0.1037342548,0.10301117743528347,-0.0007230773647165234
29549.999999999996,0.1036060303,0.10285623331208303,-0.0007497969879169675
29629.999999999996,0.1034340709,0.10270134027783366,-0.0007327306221663332
29709.999999999996,0.1032791585,0.1025458043383539,-0.0007333541616460909
29789.999999999996,0.1031205431,0.10238975351487767,-0.000730789585122335
29869.999999999996,0.1029811949,0.10223368114131186,-0.0007475137586881453
29949.999999999996,0.1028151736,0.10207762076988848,-0.0007375528301115236
30029.999999999996,0.1026543304,0.10192155345649602,-0.0007327769435039738
30109.999999999996,0.1025046036,0.1017654752648654,-0.0007391283351345923
30199.999999999996,0.1023556218,0.10158985357147603,-0.0007657682285239775
30279.999999999996,0.1022110879,0.1014337430727792,-0.0007773448272207911
30359.999999999996,0.1020472869,0.10127763816809686,-0.000769648731903147
30439.999999999996,0.1018486395,0.10112155117423895,-0.0007270883257610578
30519.999999999996,0.1017411649,0.10096688001021087,-0.0007742848897891313
30599.999999999996,0.1015395597,0.10081279103638603,-0.000726768663613972
30679.999999999996,0.1014306098,0.10065864442500697,-0.0007719653749930361
30759.999999999996,0.1012719944,0.10050452698807259,-0.0007674674119274028
30839.999999999996,0.1010985449,0.10035040821276328,-0.0007481366872367223
30919.999999999996,0.1009377092,0.10019627358410896,-0.0007414356158910451
30999.999999999996,0.1007798314,0.1000421209450381,-0.000737710454961904
31079.999999999996,0.1006249189,0.09988797580532176,-0.0007369430946782413
31159.999999999996,0.1004929915,0.09973379332401752,-0.0007591981759824812
31249.999999999996,0.1002965644,0.09956036110344921,-0.0007362032965507886
31329.999999999996,0.1001461074,0.0994038411007338,-0.0007422662992662005
31409.999999999996,0.1000186205,0.09924710049681124,-0.0007715200031887665
31489.999999999996,0.0998577774,0.09909036597323587,-0.0007674114267641335
31569.999999999996,0.0996621028,0.09893366040970593,-0.0007284423902940707
31649.999999999996,0.099504225,0.09877692134578693,-0.0007273036542130712
31729.999999999996,0.0993515402,0.09862017758512134,-0.0007313626148786612
31809.999999999996,0.0992144197,0.098463407950574,-0.0007510117494260032
31889.999999999996,0.0990669206,0.0983066347358461,-0.0007602858641539006
31969.999999999996,0.0989120007,0.09814986007100636,-0.0007621406289936433
32049.999999999996,0.0987504199,0.09799308224845665,-0.0007573376515433439
32129.999999999996,0.0985725373,0.09783847418872925,-0.0007340631112707496
32209.999999999996,0.0984146595,0.0976838454561994,-0.0007308140438005983
32299.999999999996,0.0982538238,0.09750987696285689,-0.000743946837143114
32379.999999999996,0.0981122479,0.09735522863691565,-0.0007570192630843575
32459.999999999996,0.0979439989,0.09720058574978284,-0.0007434131502171565
32539.999999999996,0.0978098437,0.09704590540051702,-0.0007639382994829719
32619.999999999996,0.0976415873,0.09689125017685965,-0.0007503371231403488
32699.999999999996,0.0975015014,0.09673656069144738,-0.0007649407085526111
32780.0,0.0973050818,0.09658190862253423,-0.0007231731774657718
32860.0,0.0971642509,0.0964275183945286,-0.0007367325054714047
32940.0,0.0970100835,0.09627432482351203,-0.0007357586764879659
33020.0,0.0968522131,0.09612110815370073,-0.0007311049462992714
33100.0,0.0967113823,0.09596788362107872,-0.0007434986789212755
33180.0,0.0965653658,0.09581466035374502,-0.0007507054462549817
33260.0,0.0964304656,0.09566142232332993,-0.0007690432766700728
33340.0,0.0962792635,0.09550817496011811,-0.0007710885398818923
33430.0,0.0960947052,0.09533577438782592,-0.0007589308121740829
33510.0,0.0959257111,0.09518253821341605,-0.0007431728865839593
33590.0,0.09576042,0.09502929156924775,-0.0007311284307522509
33670.0,0.0956440493,0.09487603294498455,-0.0007680163550154578
33750.0,0.0954609737,0.09472284242147819,-0.0007381312785218197
33830.0,0.0953186676,0.09456963806027885,-0.0007490295397211549
33910.0,0.0951600522,0.09441642791715067,-0.0007436242828493256
33990.0,0.095016256,0.09426320772468456,-0.0007530482753154294
34070.0,0.0948739424,0.09410995888398824,-0.000763983516011757
34150.0,0.0947249681,0.09395672231292684,-0.0007682457870731574
34230.0,0.0945885852,0.0938034656608856,-0.0007851195391144067
34310.0,0.0944195911,0.09365020705862886,-0.0007693840413711406
34390.0,0.0942698643,0.09349694999870992,-0.0007729143012900896
34480.0,0.0940756723,0.09332678311013742,-0.0007488891898625727
34560.0,0.0939563438,0.0931771546727146,-0.0007791891272853901
34640.0,0.0937658548,0.09302756131484882,-0.0007382934851511841
34720.0,0.093625024,0.09287793641973484,-0.0007470875802651628
34800.0,0.093505688,0.0927282820259628,-0.0007774059740372069
34880.0,0.0933552235,0.09257864613264849,-0.0007765773673515108
34960.0,0.0932084695,0.09242898671278253,-0.0007794827872174698
35040.0,0.0930313244,0.09227934405262318,-0.0007519803473768211
35120.0,0.0928904936,0.09212967227010282,-0.0007608213298971739
35200.0,0.092765227,0.0919799940015798,-0.0007852329984202044
35280.0,0.0926140249,0.09182836738846151,-0.0007856575115384873
35360.0,0.0924694911,0.09167588808764475,-0.0007936030123552457
35440.0,0.092310138,0.09152340713408613,-0.0007867308659138678
35530.0,0.092128545,0.09135186679694768,-0.0007766782030523278
35610.0,0.092007719,0.0911993546545932,-0.0008083643454068062
35690.0,0.0918468833,0.09104685663979721,-0.0008000266602027906
35770.0,0.0917275473,0.09089432752403412,-0.0008332197759658849
35850.0,0.0915570781,0.09074586548768124,-0.0008112126123187569
35930.0,0.0914303288,0.09060823993899503,-0.0008220888610049742
36010.0,0.0912843198,0.09047060878896364,-0.000813711011036361
36090.0,0.0911338478,0.09033298014836223,-0.0008008676516377683
36170.0,0.090993017,0.09019533996701164,-0.0007976770329883587
36250.0,0.0908336639,0.09005770928933557,-0.0007759546106644311
36330.0,0.0907172933,0.08992002559388701,-0.0007972677061129918
36410.0,0.090542376,0.08978239307979337,-0.0007599829202066255
36490.0,0.0904245228,0.08964471528287286,-0.0007798075171271401
36570.0,0.0902873948,0.0895070339254979,-0.0007803608745021035
36660.0,0.0901235938,0.08935140571299238,-0.0007721880870076164
36740.0,0.0899827629,0.08921222080959794,-0.0007705420904020599
36820.0,0.0898604691,0.08907301102026025,-0.0007874580797397612
36900.0,0.089722611,0.08893381473697476,-0.0007887962630252349
36980.0,0.0895788074,0.08879462053884525,-0.0007841868611547509
37060.0,0.0894409493,0.0886554096450442,-0.0007855396549557997
37140.0,0.0893305093,0.0885161652787693,-0.0008143440212307063
37220.0,0.0891904235,0.08837692814665592,-0.0008134953533440875
37300.0,0.0890436694,0.0882376882831823,-0.0008059811168176917
37380.0,0.088867262,0.08809846604794497,-0.0007687959520550347
37460.0,0.0887538493,0.08796612904360229,-0.0007877202563977143
37540.0,0.0886463821,0.08783861278804428,-0.000807769311955725
37620.0,0.0885181502,0.08771109788540785,-0.0008070523145921604
37710.0,0.0883632451,0.08756764162383161,-0.0007956034761683883
37790.0,0.0882550329,0.08744010822322769,-0.0008149246767723134
37870.0,0.0880764052,0.08731261080659197,-0.0007637943934080266
37950.0,0.0879555792,0.08718506652018677,-0.0007705126798132206
38030.0,0.0878473669,0.08705749889453578,-0.0007898680054642254
38110.0,0.0877057984,0.08692995461476109,-0.0007758437852389138
38190.0,0.0875909105,0.0868023840521798,-0.0007885264478201953
38270.0,0.0874397084,0.08666939807017905,-0.0007703103298209446
38350.0,0.0873144493,0.08653518023622037,-0.0007792690637796335
38430.0,0.0871914104,0.08640095195890153,-0.0007904584410984711
38510.0,0.087080963,0.08626671032463908,-0.0008142526753609214
38590.0,0.0869290233,0.08613248448792678,-0.0007965388120732275
38670.0,0.0868148804,0.08599822181674721,-0.0008166585832527912
38760.0,0.0866925791,0.0858474523239132,-0.0008451267760867937
38840.0,0.0865361914,0.08572982950350748,-0.0008063618964925245
38920.0,0.086435385,0.0856121583065562,-0.0008232266934437987
39000.0,0.0863019601,0.08549449277714705,-0.0008074673228529589
39080.0,0.0862041265,0.08537682338535761,-0.0008273031146423943
39160.0,0.0860655233,0.08525915954897549,-0.0008063637510245109
39240.0,0.0859580487,0.08514147163730955,-0.0008165770626904489
39320.0,0.0858068466,0.08502380336311206,-0.000783043236887937
39400.0,0.0857149363,0.08490609575362329,-0.0008088405463767129
39480.0,0.0855600312,0.08478841748528478,-0.0007716137147152219
39560.0,0.0854555145,0.08467062003985873,-0.0007848944601412666
39640.0,0.0853561908,0.08455228576876347,-0.0008039050312365209
39720.0,0.0852020234,0.08443399108034223,-0.0007680323196577604
39800.0,0.0850952938,0.0843156643534477,-0.000779629446552299
39890.0,0.0849900469,0.0841825257863056,-0.0008075211136944066
39970.0,0.0848314315,0.0840641973264408,-0.0007672341735592003
40050.0,0.0847417414,0.08394582984094215,-0.0007959115590578519
40130.0,0.0846268535,0.08382747448809484,-0.0007993790119051603
40210.0,0.0845090002,0.08370912158002557,-0.0007998786199744368
40290.0,0.0844052359,0.08359073393187116,-0.0008145019681288362
40370.0,0.0842836797,0.08347665954986416,-0.0008070201501358398
40450.0,0.0841680542,0.08336998572981363,-0.0007980684701863611
40530.0,0.0840301886,0.08326332376870128,-0.0007668648312987164
40610.0,0.0839330927,0.08315662658952393,-0.0007764661104760762
40690.0,0.0838493407,0.08304990893901297,-0.0007994317609870266
40770.0,0.0837433413,0.08294319742629319,-0.0008001438737068045
40850.0,0.0836017728,0.08283649951235261,-0.0007652732876473889
40940.0,0.0834928155,0.08271643968884763,-0.0007763758111523633
41020.0,0.0833764523,0.08260972351588222,-0.0007667287841177789
41100.0,0.0832786113,0.08250298762782633,-0.000775623672173667
41180.0,0.0831437185,0.08239038711106876,-0.0007533313889312443
41260.0,0.0830740482,0.08227399595632658,-0.0008000522436734242
41340.0,0.0829584152,0.08215761754413023,-0.0008007976558697671
41420.0,0.0828383416,0.08204366766939221,-0.0007946739306077949
41500.0,0.0827434659,0.08194297795897258,-0.0008004879410274113
41580.0,0.0826182067,0.0818423094242596,-0.0007758972757404003
41660.0,0.0825351924,0.08174160017539236,-0.0007935922246076338
41740.0,0.0824499503,0.08164089250441839,-0.0008090577955816164
41820.0,0.0823202431,0.0815402114650981,-0.0007800316349018954
41900.0,0.0822275952,0.08143949302712612,-0.0007881021728738807
41990.0,0.0821334645,0.0813261766988998,-0.0008072878011002038
42070.0,0.0819970742,0.0812254781310115,-0.0007715960689885087
42150.0,0.0819148049,0.0811247327459867,-0.0007900721540133049
42230.0,0.0818169639,0.08102650107093837,-0.0007904628290616306
42310.0,0.0817346945,0.08093189855040794,-0.0008027959495920528
42390.0,0.0816494599,0.08083730795813278,-0.0008121519418672202
42470.0,0.0815538391,0.08074270149046457,-0.0008111376095354256
42550.0,0.0814359933,0.08064810882230423,-0.0007878844776957605
42630.0,0.0813255534,0.08055351450375589,-0.0007720388962441094
42710.0,0.0812358707,0.08045888770106796,-0.0007769829989320437
42790.0,0.0811209753,0.08036429328151493,-0.0007566820184850692
42870.0,0.08105205,0.08026965607436688,-0.000782393925633118
42950.0,0.0809319764,0.08017502841468135,-0.00075694798531864
43030.0,0.0808719397,0.08008309744676695,-0.0007888422532330575
43120.0,0.0807014629,0.07998232843883282,-0.000719134461167184
43200.0,0.0807059109,0.07989271948430242,-0.0008131914156975784
43280.0,0.0805925056,0.07980312055451781,-0.000789385045482191
43360.0,0.0804694667,0.07971352999337702,-0.0007559367066229811
43440.0,0.0804168433,0.0796239024482699,-0.0007929408517300951
43520.0,0.0803175271,0.07953428619594873,-0.0007832409040512689
43600.0,0.0802211612,0.07944466778771546,-0.0007764934122845429
43680.0,0.0801574215,0.07935503577191605,-0.0008023857280839569
43760.0,0.0800514296,0.07926951972753263,-0.0007819098724673734
43840.0,0.0799773112,0.07918985465690778,-0.0007874565430922159
43920.0,0.0798876286,0.07911019723341566,-0.0007774313665843413
44000.0,0.0797645897,0.07903054497432126,-0.0007340447256787425
44080.0,0.0796986222,0.0789508645339006,-0.0007477576660993995
44170.0,0.0796133876,0.07886122594323663,-0.0007521616567633671
44250.0,0.0795511231,0.07878152626289125,-0.0007695968371087408
44330.0,0.0794651434,0.07870184188910914,-0.0007633015108908514
44410.0,0.0793843493,0.0786221452239183,-0.0007622040760816989
44490.0,0.0793020725,0.07854244442417115,-0.0007596280758288554
44570.0,0.0792183205,0.07847088179209977,-0.0007474387079002276
44650.0,0.0791404918,0.0784032089969305,-0.0007372828030695056
44730.0,0.0790708214,0.07833551622186344,-0.0007353051781365666
44810.0,0.0789737254,0.07826783681722578,-0.0007058885827742195
44890.0,0.0789092407,0.07820013269742768,-0.0007091080025723173
44970.0,0.0788247436,0.0781324513210748,-0.0006922922789251995
45050.0,0.0787491426,0.07806475124162465,-0.0006843913583753497
45130.0,0.0787328407,0.07799703991607303,-0.0007358007839269737
45220.0,0.078646861,0.0779208687998418,-0.0007259922001582042
45300.0,0.0785794109,0.07785315491814919,-0.0007262559818508041
45380.0,0.0785149261,0.07778464649127884,-0.0007302796087211572
45460.0,0.078446731,0.07771609644588927,-0.0007306345541107373
45540.0,0.0783474147,0.07764755560439797,-0.0006998590956020373
45620.0,0.078287378,0.07757899026839443,-0.0007083877316055726
45700.0,0.0782169625,0.07751043502256359,-0.0007065274774364083
45780.0,0.0781517327,0.07744186449199705,-0.0007098682080029506
45860.0,0.0780657604,0.07737328946031763,-0.0006924709396823742
45940.0,0.0779975653,0.0773047181288982,-0.0006928471711017958
46020.0,0.0779471695,0.07723612786499381,-0.0007110416350061821
46100.0,0.0778611898,0.0771619147561904,-0.000699275043809594
46180.0,0.0778115317,0.07705893674204259,-0.000752594957957417
46260.0,0.0777500123,0.07699960047023811,-0.0007504118297618906
46350.0,0.0776536539,0.07693286425608345,-0.0007207896439165445
46430.0,0.0776047334,0.07687350558142128,-0.0007312278185787197
46510.0,0.0775365382,0.07681416633692742,-0.000722371863072585
46590.0,0.0774853975,0.0767548117402016,-0.0007305857597983967
46670.0,0.077410534,0.07669546452527046,-0.0007150694747295461
46750.0,0.0773608759,0.07663610390563662,-0.0007247719943633824
46830.0,0.0772986189,0.07657674671603353,-0.0007218721839664793
46910.0,0.077233389,0.07651738108896171,-0.0007160079110382911
46990.0,0.0771992952,0.0764609784523971,-0.000738316747602899
47070.0,0.0771185085,0.07640628322840222,-0.0007122252715977828
47150.0,0.0770658776,0.07635156347327508,-0.0007143141267249159
47230.0,0.0769873112,0.07629686781631703,-0.0006904433836829732
47310.0,0.0769465491,0.07624214623215833,-0.0007044028678416664
47400.0,0.0768620521,0.0761805896688068,-0.0006814624311931999
47480.0,0.0768242553,0.07612585474477511,-0.0006984005552248956
47560.0,0.0767553225,0.07607114149218648,-0.0006841810078135196
47640.0,0.0767012164,0.07601640604477126,-0.0006848103552287294
47720.0,0.076653026,0.07596166645197538,-0.0006913595480246143
47800.0,0.0766026303,0.07590886825574701,-0.0006937620442529907
47880.0,0.0765122026,0.07585625978612798,-0.000655942813872018
47960.0,0.0764706954,0.07580362923704477,-0.0006670661629552266
48040.0,0.0764558688,0.07575097352210701,-0.0007048952778929835
48120.0,0.0763735995,0.07569835297026889,-0.0006752465297311105
48200.0,0.076315783,0.07564570927091266,-0.0006700737290873393
48280.0,0.0762794688,0.07559305654093824,-0.0006864122590617555
48360.0,0.076240927,0.07554039358295436,-0.0007005334170456373
48450.0,0.0761556849,0.0754811749366887,-0.0006745099633113094
48530.0,0.076139383,0.07542907012269405,-0.0007103128773059547
48610.0,0.0760711953,0.07537913639041319,-0.0006920589095868179
48690.0,0.0760356113,0.0753291682596911,-0.0007064430403088962
48770.0,0.0759644583,0.07527922982886115,-0.0006852284711388462
48850.0,0.0759148002,0.07522927057803687,-0.0006855296219631241
48930.0,0.0758658797,0.07517930677308972,-0.000686572926910281
49010.0,0.0758206695,0.07512933649823145,-0.0006913330017685598
49090.0,0.0757569149,0.0750793757296779,-0.0006775391703220945
49170.0,0.0757087395,0.07502940532032294,-0.0006793341796770547
49250.0,0.075642772,0.07497943813099914,-0.0006633338690008594
49330.0,0.075584963,0.07493113906992664,-0.0006538239300733634
49410.0,0.075550124,0.07488552431495993,-0.0006645996850400682
49490.0,0.0755086169,0.07483991908035649,-0.0006686978196435156
49580.0,0.075474523,0.07478859404726557,-0.0006859289527344353
49660.0,0.0754070729,0.07474298004395169,-0.0006640928560483067
49740.0,0.0753403679,0.07469737210386546,-0.0006429957961345406
49820.0,0.0752988607,0.07465174957842978,-0.000647111121570218
49900.0,0.0752454922,0.07460612848771896,-0.0006393637122810436
49980.0,0.0752380863,0.07456047805081033,-0.000677608249189679
50060.0,0.0751521066,0.07451486874776345,-0.0006372378522365579
50140.0,0.0751439482,0.07446596240467326,-0.000677985795326741
50220.0,0.0750950351,0.07441554192988029,-0.0006794931701197132
50300.0,0.0750646442,0.07436511998700715,-0.0006995242129928525
50380.0,0.0749897808,0.07431471270053139,-0.0006750680994686148
50460.0,0.0749601349,0.07426427955143938,-0.00069585534856062
50540.0,0.0749282613,0.0742138515926756,-0.0007144097073243927
50630.0,0.0748852789,0.07415710305701419,-0.0007281758429858176
50710.0,0.0748059601,0.07411265871640188,-0.0006933013835981189
50790.0,0.0747822449,0.0740709124824394,-0.0007113324175606062
50870.0,0.07473851,0.07402918007519523,-0.0007093299248047691
50950.0,0.0746881068,0.07398744219916974,-0.0007006646008302642
51030.0,0.074654758,0.07394569493194486,-0.0007090630680551407
51110.0,0.0745969415,0.07390397038424397,-0.0006929711157560303
51190.0,0.0745969415,0.07386220562377614,-0.0007347358762238576
51270.0,0.0745472834,0.0738204511238052,-0.0007268322761947998
51350.0,0.074469462,0.07377872586704562,-0.000690736132954381
51430.0,0.0744405538,0.0737369591041373,-0.0007035946958627026
51510.0,0.0744190589,0.07369925808856875,-0.0007198008114312482
51590.0,0.0743486434,0.0736622028612746,-0.0006864405387253941
51680.0,0.0743212178,0.07362047653974559,-0.00070074126025442
51760.0,0.0742819384,0.07358338993613309,-0.0006985484638669104
51840.0,0.0742070749,0.0735463293909812,-0.0006607455090188036
51920.0,0.0741848424,0.07350923651305982,-0.0006756058869401838
52000.0,0.0741366595,0.07347214537747934,-0.0006645141225206513
52080.0,0.0741210952,0.07343503730363135,-0.0006860578963686498
52160.0,0.0740781054,0.07339794132663818,-0.0006801640733618136
52240.0,0.0739913881,0.07335937388465656,-0.0006320142153434377
52320.0,0.0740032494,0.07331401495072566,-0.0006892344492743369
52400.0,0.0739498809,0.07326867917136307,-0.0006812017286369348
52480.0,0.0738994777,0.07322334789401323,-0.000676129805986761
52560.0,0.0738475919,0.07317800752349493,-0.0006695843765050641
52640.0,0.0738053396,0.07313267091839902,-0.0006726686816009853
52720.0,0.0737890378,0.07308731138884005,-0.000701726411159953
52810.0,0.0736963898,0.07303630409032524,-0.0006600857096747542
52890.0,0.0736919418,0.0729909388190839,-0.0007010029809160906
52970.0,0.073644504,0.07294559196864403,-0.0006989120313559694
53050.0,0.0736029968,0.07290637263094794,-0.0006966241690520569
53130.0,0.0735436976,0.0728733502070238,-0.0006703473929761949
53210.0,0.0735414773,0.0728402899899103,-0.0007011873100897098
53290.0,0.0735110864,0.07280723694084694,-0.0007038494591530553
53370.0,0.0734421536,0.07277420825406618,-0.0006679453459338264
53450.0,0.0733880475,0.07274117417104134,-0.0006468733289586581
53530.0,0.0733873099,0.07270809691404806,-0.0006792129859519436
53610.0,0.073356919,0.07267504223530928,-0.0006818767646907253
53690.0,0.0732590854,0.07264201973542732,-0.0006170656645726885
53770.0,0.07327687,0.0726089386298973,-0.0006679313701026951
53860.0,0.0732264668,0.0725715743029185,-0.0006548924970815051
53940.0,0.0731916353,0.07253828175603362,-0.0006533535439663812
54020.0,0.0731582791,0.07250500767543129,-0.0006532714245687105
54100.0,0.0731182545,0.07247170967678312,-0.0006465448232168686
54180.0,0.0730937943,0.07243840399225913,-0.0006553903077408663
54260.0,0.0730545148,0.07240509988488175,-0.000649414915118246
54340.0,0.073011525,0.07237181250329115,-0.0006397124967088413
54420.0,0.0729677901,0.07233851123202062,-0.0006292788679793798
54500.0,0.0729537085,0.07230518687664453,-0.0006485216233554775
54580.0,0.0729329586,0.07227186394338671,-0.0006610946566132925
54660.0,0.072886996,0.07223772673649584,-0.0006492692635041569
54740.0,0.0728188083,0.07220360598398444,-0.0006152023160155562
54820.0,0.0728388205,0.07216944770347733,-0.0006693727965226687
54910.0,0.0727869347,0.0721310270560756,-0.0006559076439243972
54990.0,0.0727194846,0.07209690815183571,-0.0006225764481642831
55070.0,0.0727217123,0.07206273548121325,-0.0006589768187867523
55150.0,0.0726535171,0.07202860183537578,-0.0006249152646242151
55230.0,0.0726157203,0.07199445199208518,-0.0006212683079148268
55310.0,0.0726001561,0.0719602932494172,-0.0006398628505827897
55390.0,0.0725860745,0.07192863016849037,-0.0006574443315096323
55470.0,0.0725208446,0.07190159759731245,-0.000619247002687548
55550.0,0.0724993497,0.07187455249760635,-0.0006247972023936399
55630.0,0.0724630356,0.07184750647893647,-0.0006155291210635377
55710.0,0.0724667385,0.07182045005206558,-0.0006462884479344205
55790.0,0.0724148527,0.07179340583509707,-0.0006214468649029387
55870.0,0.0723941028,0.07176635233037543,-0.0006277504696245717
55960.0,0.0723570436,0.07173591999170326,-0.0006211236082967475
56040.0,0.0723444447,0.07170885547463104,-0.0006355892253689516
56120.0,0.0722947791,0.07168180797032332,-0.000612971129676676
56200.0,0.0722488314,0.0716212058458011,-0.0006276255541989018
56280.0,0.0722480863,0.0715875606557456,-0.000660525644254395
56360.0,0.0722236261,0.07156268964543726,-0.0006609364545627355
56440.0,0.0721821189,0.07153783062362576,-0.0006442882763742358
56520.0,0.0721665546,0.07151295540207381,-0.000653599197926194
56600.0,0.0721502528,0.07148807030590239,-0.0006621824940976073
56680.0,0.0720887333,0.07146322178372345,-0.0006255115162765446
56760.0,0.0720790923,0.07143833953378502,-0.0006407527662149748
56840.0,0.0720790923,0.07141345020867042,-0.0006656420913295769
56920.0,0.0720464811,0.07138857652806899,-0.0006579045719310173
57000.0,0.0719960853,0.0713637865118674,-0.0006322987881326042
57090.0,0.0719716251,0.07133792442299733,-0.0006337006770026771
57170.0,0.0719464123,0.07131493923556037,-0.0006314730644396277
57250.0,0.0719345585,0.07129194924469233,-0.0006426092553076662
57330.0,0.0719004571,0.07126896493722268,-0.0006314921627773168
57410.0,0.0718693286,0.0712459798909981,-0.0006233487090019085
57490.0,0.071868591,0.07122296945532036,-0.0006456215446796337
57570.0,0.0718448684,0.07119997368089145,-0.0006448947191085436
57650.0,0.0718137398,0.07117698560493886,-0.0006367541950611372
57730.0,0.0718018785,0.0711539837745988,-0.0006478947254011935
57810.0,0.0717329532,0.07113138750448485,-0.0006015656955151577
57890.0,0.0717433244,0.07110934966161478,-0.0006339747383852234
57970.0,0.0716995969,0.07108734723108664,-0.0006122496689133505
58050.0,0.0717070103,0.07106531656299148,-0.0006416937370085224
58140.0,0.0716365948,0.07104057060748493,-0.00059602419251506
58220.0,0.0716165826,0.07101855307315892,-0.0005980295268410846
58300.0,0.0716343746,0.0709965044186,-0.000637870181399991
58380.0,0.0715795234,0.07097449743122426,-0.0006050259687757353
58460.0,0.0715802684,0.07095245911061988,-0.0006278092893801102
58540.0,0.0715513602,0.07093043698245824,-0.0006209232175417578
58620.0,0.0715083703,0.07090737560309819,-0.0006009946969018076
58700.0,0.07150466,0.07088389621348914,-0.0006207637865108528
58780.0,0.0714557469,0.07086044541360714,-0.000595301486392863
58860.0,0.071434252,0.07083697628430889,-0.0005972757156911118
58940.0,0.0714112744,0.07081349665580457,-0.0005977777441954352
59020.0,0.0713645741,0.07079003660390952,-0.0005745374960904742
59100.0,0.0713682845,0.07076657214494741,-0.0006017123550525888
59190.0,0.0713645741,0.07074015310444792,-0.0006244209955520719
59270.0,0.0713215917,0.07071668602904951,-0.0006049056709504924
59350.0,0.0713475272,0.07069328507968312,-0.0006542421203168808
59430.0,0.0713260323,0.07067109190744551,-0.0006549403925544817
59510.0,0.0713015795,0.07064890172897742,-0.0006526777710225834
59590.0,0.0712622926,0.07062672056812104,-0.0006355720318789587
59670.0,0.0712533966,0.07060452500857987,-0.0006488715914201304
59750.0,0.0712333843,0.07058232884162774,-0.0006510554583722544
59830.0,0.0712126344,0.07056012894380051,-0.0006525054561994925
59910.0,0.0711481497,0.07053795424040687,-0.0006101954595931214
59990.0,0.0711399987,0.07051574949880736,-0.0006242492011926393
60070.0,0.0711273924,0.07049355404711602,-0.0006338383528839836
60150.0,0.0710977465,0.0704722213359728,-0.0006255251640271964
60230.0,0.0710955262,0.07045289430885433,-0.0006426318911456619
60320.0,0.0710391924,0.0704311709463411,-0.0006080214536589024
60400.0,0.0710243732,0.07041185195864758,-0.0006125212413524289
60480.0,0.0709843487,0.07039253896350767,-0.000591809736492338
60560.0,0.0709672943,0.070373212501001,-0.0005940817989990022
60640.0,0.0709480196,0.070353887842363,-0.0005941317576369926
60720.0,0.07092949,0.07033456571113898,-0.0005949242888610151
60800.0,0.070911698,0.0703152452486398,-0.0005964527513601936
60880.0,0.0708872452,0.07029591941416828,-0.0005913257858317228
60960.0,0.0708701909,0.07027371076480461,-0.000596480135195393
61040.0,0.070867233,0.07024997529448118,-0.00061725770551882
61120.0,0.0708309114,0.07022625499571174,-0.0006046564042882646
61200.0,0.0708071962,0.07020252286097478,-0.0006046733390252246
61280.0,0.0708071962,0.07017878785398197,-0.0006284083460180306
61370.0,0.0707723573,0.07015210210791682,-0.0006202551920831828
61450.0,0.070752345,0.07012836500193048,-0.0006239799980695127
61530.0,0.0707404837,0.0701046392610988,-0.0006358444389011897
61610.0,0.0707264021,0.07008089649164714,-0.0006455056083528588
61690.0,0.0706960112,0.07005719269331359,-0.0006388185066864144
61770.0,0.0706730336,0.07003648548423161,-0.0006365481157683955
61850.0,0.0706478357,0.07001578039713238,-0.0006320553028676124
61930.0,0.0705863163,0.0699950949023449,-0.0005912213976550923
62010.0,0.0705544427,0.0699743962178527,-0.000580046482147295
62090.0,0.0705633387,0.06995368206810286,-0.0006096566318971458
62170.0,0.0705166459,0.0699329861151967,-0.0005836597848032921
62250.0,0.0705299899,0.06991226174754135,-0.0006177281524586548
62330.0,0.0704936683,0.06989156187401913,-0.0006021064259808806
62420.0,0.0704855174,0.06986825483905183,-0.0006172625609481702
62500.0,0.0704477131,0.06984706141406312,-0.0006006516859368843
62580.0,0.0704299286,0.06982497869882691,-0.000604949901173088
62660.0,0.0704010203,0.06980291423770439,-0.0005981060622956141
62740.0,0.0704106539,0.06978082027201545,-0.0006298336279845496
62820.0,0.0703328326,0.06975876175923651,-0.0005740708407634965
62900.0,0.0703632161,0.06973666543389712,-0.0006265506661028847
62980.0,0.0703202263,0.0697145993671461,-0.0006056269328539032
63060.0,0.0703157857,0.06969252390277081,-0.0006232617972291854
63140.0,0.0702868775,0.06967044526534896,-0.0006164322346510348
63220.00099999999,0.070304662,0.06964834006667729,-0.0006563219333227122
63300.00099999999,0.0702490732,0.0696271004240465,-0.0006219727759534943
63380.00099999999,0.070224613,0.06960637970404865,-0.0006182332959513565
63460.00099999999,0.0702320263,0.06958565107710564,-0.0006463752228943603
63550.00099999999,0.0702290609,0.0695623293145256,-0.0006667315854743949
63630.00099999999,0.0701779202,0.0695416224095659,-0.0006362977904340872
63710.00099999999,0.0701430812,0.06952091573617099,-0.0006221654638290108
63790.00099999999,0.0701475292,0.06950017462502875,-0.0006473545749712539
63870.00099999999,0.0701075047,0.06947946238762,-0.0006280423123800061
63950.00099999999,0.0700837895,0.06945873810078784,-0.0006250513992121509
64030.00099999999,0.0700667426,0.06943801626096205,-0.0006287263390379466
64110.00099999999,0.0700422823,0.06941554466762476,-0.0006267376323752377
64190.00099999999,0.070021525,0.06939299522763143,-0.0006285297723685745
64270.00099999999,0.0699992925,0.0693704554321272,-0.0006288370678727978
64350.00099999999,0.0699792728,0.06934791106598316,-0.0006313617340168443
64430.00099999999,0.0699533299,0.0693253623937298,-0.0006279675062701995
64510.00099999999,0.0699310973,0.06930281272194777,-0.0006282845780522239
64600.00099999999,0.0699081197,0.06927743875126524,-0.000630680948734752
64680.00099999999,0.0698918104,0.06925489531635666,-0.000636915083643344
64760.00099999999,0.0698717982,0.06923234263342579,-0.0006394555665742152
64840.00099999999,0.069834739,0.06920941002322924,-0.0006253289767707698
64920.00099999999,0.0698325187,0.0691856382728027,-0.0006468804271972939
65000.00099999999,0.0698021278,0.06916187813393122,-0.000640249666068779
65080.00099999999,0.0697776675,0.06913811357396794,-0.0006395539260320576
65160.00099999999,0.0697650686,0.06911434353644226,-0.0006507250635577333
65240.00099999999,0.0697450563,0.06909057361067088,-0.0006544826893291195
65320.00099999999,0.0697183758,0.06906680906407764,-0.000651566735922357
65400.00099999999,0.0696961358,0.06904304338256609,-0.0006530924174339148
65480.00099999999,0.0696783513,0.06901927495595987,-0.0006590763440401243
65560.00099999999,0.0696524084,0.06899550346318017,-0.0006569049368198299
65650.00099999999,0.0696205348,0.06897099451489434,-0.0006495402851056514
65730.00099999999,0.0696020052,0.06895048708258486,-0.0006515181174151369
65810.00099999999,0.069582738,0.06892998017999823,-0.0006527578200017786
65890.00099999999,0.069582738,0.0689094632391709,-0.0006732747608291095
65970.00099999999,0.0695212185,0.06888897238092588,-0.0006322461190741147
66050.00099999999,0.0695049092,0.06886846310012544,-0.0006364460998745658
66130.00099999999,0.0695063919,0.06884793932910464,-0.0006584525708953626
66210.00099999999,0.0694515407,0.06882744571690595,-0.0006240949830940423
66290.00099999999,0.0694508031,0.06880693375754049,-0.0006438693424595104
66370.00099999999,0.0694396868,0.06878641448064371,-0.0006532723193562878
66450.00099999999,0.0694241226,0.0687594729335804,-0.0006646496664196033
66530.00099999999,0.0693566725,0.06873199907127041,-0.0006246734287295858
66610.00099999999,0.0693470314,0.06870450624886133,-0.000642525151138662
66690.00099999999,0.0693448111,0.06867700466100324,-0.0006678064389967625
66780.00099999999,0.0693270192,0.06864605927951785,-0.0006809599204821576
66860.00099999999,0.0692840368,0.06861857892365052,-0.0006654578763494873
66940.00099999999,0.0692432672,0.06859108157693392,-0.0006521856230660844
67020.00099999999,0.0692491978,0.06856357788926433,-0.0006856199107356659
67100.00099999999,0.0692284405,0.06853607273844851,-0.0006923677615514878
67180.00099999999,0.0691936091,0.0685112132537219,-0.0006823958462780916
67260.00099999999,0.0691891611,0.06849304629528191,-0.0006961148047180815
67340.00099999999,0.0691684112,0.06847487440470379,-0.0006935367952962124
67420.00099999999,0.0691387579,0.06845672142930999,-0.0006820364706900117
67500.00099999999,0.0690727904,0.06843857905749069,-0.0006342113425093082
67580.00099999999,0.0690742731,0.06842040617262067,-0.0006538669273793291
67660.00099999999,0.0690579712,0.06839847367839856,-0.0006594975216014376
67740.00099999999,0.0690283254,0.06836778146622809,-0.0006605439337719204
67830.00099999999,0.0690105334,0.06833325861305659,-0.0006772747869434187
67910.00099999999,0.0689705014,0.06830257839906075,-0.0006679230009392495
67990.00099999999,0.0689430758,0.06827189552495065,-0.0006711802750493517
68070.00099999999,0.068895638,0.06824121021752926,-0.0006544277824707401
68150.00099999999,0.0688986033,0.06821051454767985,-0.000688088752320154
68230.00099999999,0.0688674748,0.06817983730181323,-0.0006876374981867606
68310.00099999999,0.0688533932,0.06814913444229094,-0.0007042587577090614
68390.00099999999,0.0688289329,0.06811844965268368,-0.0007104832473163181
68470.00099999999,0.0687740818,0.06809018161497654,-0.0006839001850234561
68550.00099999999,0.0687726066,0.06806312788392174,-0.0007094787160782517
68630.00099999999,0.068745181,0.0680360906750016,-0.0007090903249983987
68710.00099999999,0.0687348023,0.06800903145894954,-0.0007257708410504521
68790.00099999999,0.0687044114,0.06798198317715859,-0.0007224282228414092
68880.00099999999,0.0686658695,0.06795156450347792,-0.000714304996522086
68960.00099999999,0.0686406717,0.06792452182605252,-0.0007161498739474831
69040.00099999999,0.0686154664,0.0678974741968501,-0.0007179922031499003
69120.00099999999,0.0686080605,0.06787040980059016,-0.000737650699409842
69200.00099999999,0.06855914,0.06784329555174308,-0.0007158444482569248
69280.00099999999,0.0685539544,0.06781229062808498,-0.0007416637719150215
69360.00099999999,0.0685109645,0.06778130285378506,-0.0007296616462149352
69440.00099999999,0.0684820563,0.067750315619721,-0.0007317406802789944
69520.00099999999,0.0684435144,0.06771933294693837,-0.0007241814530616342
69600.00099999999,0.0684294328,0.06768833003698517,-0.0007411027630148254
69680.00099999999,0.0683812499,0.0676573523057408,-0.0007238975942591985
69760.00099999999,0.068359755,0.06762635883683284,-0.0007333961631671576
69840.00099999999,0.068351604,0.06759534882750691,-0.0007562551724930866
69920.00099999999,0.0683182478,0.06756436098544283,-0.000753886814557167
70010.00099999999,0.0682967603,0.06753017885776401,-0.0007665814422359862
70090.00099999999,0.0682359785,0.06750102925326154,-0.0007349492467384616
70170.00099999999,0.0682307929,0.06747184627348816,-0.0007589466265118389
70250.00099999999,0.0681929886,0.06744267490026078,-0.0007503136997392273
70330.00099999999,0.0681796446,0.06741349793404151,-0.000766146665958492
70410.00099999999,0.0681507438,0.06738432143321851,-0.0007664223667814829
70490.00099999999,0.0680907071,0.06735516853672376,-0.000735538563276239
70570.00099999999,0.0680877417,0.06732598796165744,-0.0007617537383425577
70650.00099999999,0.0680351183,0.06729683726473742,-0.0007382810352625779
70730.00099999999,0.0680291876,0.06726765416095097,-0.000761533439049028
70810.00099999999,0.0679713637,0.06723627272290333,-0.0007350909770966613
70890.00099999999,0.0679498687,0.06720345483065657,-0.0007464138693434319
70970.00099999999,0.0679180026,0.06717064348944882,-0.0007473591105511823
71060.00099999999,0.0678750128,0.06713373923431534,-0.0007412735656846525
71140.00099999999,0.0678542554,0.06710092748960393,-0.0007533279103960622
71220.00099999999,0.0678275749,0.06706811375567981,-0.0007594611443201976
71300.00099999999,0.0678097829,0.06703530211939673,-0.0007744807806032705
71380.00099999999,0.0677749515,0.06700249582556618,-0.0007724556744338196
71460.00099999999,0.0677438229,0.06696968423458131,-0.000774138665418686
71540.00099999999,0.0677141696,0.06693687609528148,-0.0007772935047185153
71620.00099999999,0.0676897094,0.06689856781823551,-0.0007911415817644929
71700.00099999999,0.0676215217,0.0668600931133149,-0.0007614285866851117
71780.00099999999,0.0676193014,0.06682158838955549,-0.0007977130104445118
71860.00099999999,0.0675555542,0.0667830983778313,-0.0007724558221687133
71940.00099999999,0.0675585195,0.06674458683820918,-0.0008139326617908199
72020.00099999999,0.0674895868,0.06670611646388122,-0.00078347033611878
72110.00099999999,0.0674703196,0.06666281190688274,-0.000807507693117257
72190.00099999999,0.0674258471,0.06662432218380039,-0.0008015249161996141
72270.00099999999,0.0673947185,0.0665858332904957,-0.000808885209504312
72350.00099999999,0.0673924908,0.06654846224338112,-0.0008440285566188727
72430.00099999999,0.0673420951,0.06651354106380727,-0.0008285540361927246
72510.00099999999,0.0673161522,0.06647861005901126,-0.0008375421409887451
72590.00099999999,0.0672709346,0.06644369521641269,-0.0008272393835873082
72670.00099999999,0.0672331378,0.06640877324793308,-0.0008243645520669141
72750.00099999999,0.0672086775,0.06637384757405831,-0.0008348299259416797
72830.00099999999,0.0671997815,0.06633890875556778,-0.0008608727444322228
72910.00099999999,0.0671656877,0.06630397786855409,-0.0008617098314459143
72990.00099999999,0.0671427101,0.06626905666950338,-0.0008736534304966265
73070.00099999999,0.0670863837,0.06623415310325716,-0.0008522305967428451
73150.00099999999,0.0670508072,0.06620133453865211,-0.000849472661347897
73240.00099999999,0.0670026243,0.06616642461799682,-0.000836199682003172
73320.00099999999,0.066947028,0.06613540111666492,-0.0008116268833350815
73400.00099999999,0.0669299811,0.0661043607345525,-0.0008256203654474908
73480.00099999999,0.0668914393,0.06607332625289812,-0.0008181130471018733
73560.00099999999,0.0668869913,0.06603538227057887,-0.0008516090294211354
73640.00099999999,0.0668113902,0.06599389610348869,-0.0008174940965113148
73720.00099999999,0.0668076873,0.06595237183974825,-0.0008553154602517488
73800.00099999999,0.0667491332,0.06591087461051826,-0.0008382585894817496
73880.00099999999,0.0667150393,0.06586936906223755,-0.0008456702377624553
73960.00099999999,0.0666794553,0.06582786231919822,-0.0008515929808017714
74040.00099999999,0.0666283146,0.06578636543031935,-0.000841949169680653
74120.00099999999,0.0666031167,0.0657448566318057,-0.0008582600681943109
74200.00099999999,0.066597186,0.06570333585629293,-0.0008938501437070756
74290.00099999999,0.0665097237,0.06565666638148264,-0.0008530573185173557
74370.00099999999,0.0665238053,0.06561437995622187,-0.0009094253437781363
74450.00099999999,0.0664741471,0.06557211692714693,-0.0009020301728530772
74530.00099999999,0.0664096624,0.06552987340387698,-0.0008797889961230237
74610.00099999999,0.0663592666,0.06548762743775563,-0.0008716391622443642
74690.00099999999,0.0663496256,0.06544535263273966,-0.0009042729672603389
74770.00099999999,0.0662925541,0.06540310782579573,-0.0008894462742042725
74850.00099999999,0.06625624,0.06536085385929148,-0.0008953861407085123
74930.00099999999,0.0662280694,0.06531860398635073,-0.0009094654136492797
75010.00099999999,0.0661924928,0.06527634098710582,-0.0009161518128941865
75090.00099999999,0.0661420897,0.06523489215161085,-0.000907197548389152
75170.00099999999,0.0661176369,0.06519619470987173,-0.0009214421901282688
75250.00099999999,0.0660427734,0.06515752240848893,-0.0008852509915110718
75340.00099999999,0.0660020113,0.0651140053504425,-0.0008880059495574993
75420.00099999999,0.0659782887,0.06507531208423331,-0.0009029766157666874
75500.00099999999,0.0659605041,0.06503661183352183,-0.0009238922664781685
75580.00099999999,0.0658804476,0.06499794152194646,-0.000882506078053541
75660.00099999999,0.0658797026,0.0649592466717833,-0.0009204559282167124
75740.00099999999,0.0658367127,0.0649205727411036,-0.0009161399588963892
75820.00099999999,0.0657900199,0.06488189366811574,-0.000908126231884257
75900.00099999999,0.065746285,0.06484144045817064,-0.000904844541829361
75980.00099999999,0.0657159016,0.06479957728837472,-0.0009163243116252773
76060.00099999999,0.0656573474,0.06475773487585451,-0.000899612524145485
76140.00099999999,0.0656454861,0.06471586396464714,-0.0009296221353528589
76220.00099999999,0.0655847117,0.06467402375801154,-0.0009106879419884667
76300.00099999999,0.0655550584,0.06463216698038157,-0.0009228914196184324
76380.00099999999,0.065507628,0.0645903209976642,-0.0009173070023358043
76470.00099999999,0.065476492,0.0645432291460865,-0.0009332628539134996
76550.00099999999,0.0654601902,0.06450136805389711,-0.0009588221461028917
76630.00099999999,0.0654075667,0.0644595172829507,-0.0009480494170493042
76710.00099999999,0.0653734654,0.06441569661035049,-0.0009577687896495102
76790.00099999999,0.0652963817,0.06437168118105203,-0.0009247005189479685
76870.00099999999,0.0652697012,0.06432763424991834,-0.0009420669500816575
76950.00099999999,0.0652141124,0.06428360679292795,-0.0009305056070720436
77030.00099999999,0.0651963204,0.06423955809201516,-0.000956762307984832
77110.00099999999,0.0651244298,0.06419554032725695,-0.0009288894727430413
77190.00099999999,0.0651110858,0.06415149844039422,-0.0009595873596057736
77270.00099999999,0.0650562346,0.06410747130758329,-0.0009487632924167072
77350.00099999999,0.0650132522,0.06406343404119415,-0.0009498181588058485
77430.00099999999,0.064962104,0.06401886272746489,-0.0009432412725351169
77520.00099999999,0.0649428368,0.06396318369501994,-0.0009796531049800633
77600.00099999999,0.0648842826,0.06391373181157338,-0.0009705507884266162
77680.00099999999,0.0648724139,0.06386424269993603,-0.0010081712000639675
77760.00099999999,0.0647849515,0.06381479923879196,-0.0009701522612080293
77840.00099999999,0.0647797659,0.06376531399603382,-0.0010144519039661792
77920.00099999999,0.0647197291,0.06371584685842778,-0.0010038822415722182
78000.00099999999,0.0646774843,0.06366637927892718,-0.0010111050210728223
78080.00099999999,0.0646404177,0.06361692417400878,-0.0010234935259912092
78160.00099999999,0.0645840913,0.06356745253680936,-0.001016638763190636
78240.00099999999,0.0645151585,0.06351966462392193,-0.0009954938760780713
78320.00099999999,0.0644966289,0.06347406390302988,-0.0010225649969701212
78400.00099999999,0.0644239932,0.06342847474070375,-0.0009955184592962546
78480.00099999999,0.0644239932,0.06338286181844961,-0.0010411313815503892
78570.00099999999,0.0643758178,0.06333156312148638,-0.0010442546785136148
78650.00099999999,0.0643135533,0.0632859848880744,-0.0010275684119256112
78730.00099999999,0.06424018,0.06324040345948974,-0.0009997765405102554
78810.00099999999,0.0642335042,0.06319479530661377,-0.0010387088933862254
78890.00099999999,0.0641912594,0.06314920143049435,-0.0010420579695056553
78970.00099999999,0.0641564205,0.06310360736926725,-0.0010528131307327576
79050.00099999999,0.0640808195,0.06305207331845257,-0.001028746181547427
79130.00099999999,0.0640341267,0.06299855862280636,-0.001035568077193641
79210.00099999999,0.0639941022,0.06294503446380495,-0.0010490677361950501
79290.00099999999,0.0639511123,0.06289151925679617,-0.001059593043203827
79370.00099999999,0.0639147907,0.06283799423028827,-0.0010767964697117327
79450.00099999999,0.0638740286,0.06278448364567071,-0.0010895449543292801
79530.00099999999,0.0637865588,0.06273099628481442,-0.0010555625151855846
79610.00099999999,0.063735418,0.06267749770892173,-0.0010579202910782765
79700.00099999999,0.0636879802,0.0626172933380391,-0.0010706868619608928
79780.00099999999,0.063668713,0.06256457325717037,-0.0011041397428296351
79860.00099999999,0.0636101514,0.06252239439493638,-0.001087757005063611
79940.00099999999,0.063558273,0.062480212686095694,-0.001078060313904304
80020.00099999999,0.0635249168,0.06243802169887504,-0.00108689510112496
80100.00099999999,0.0634500608,0.06239585700480203,-0.0010542037951979666
80180.00099999999,0.0633937269,0.06235368554496015,-0.0010400413550398502
80260.00099999999,0.0633388758,0.062305090337001594,-0.0010337854629984058
80340.00099999999,0.0633092299,0.06224796505671513,-0.0010612648432848718
80420.00099999999,0.0632617921,0.06219084493348342,-0.0010709471665165879
80500.00099999999,0.0632165819,0.06213373822477863,-0.0010828436752213719
80580.00099999999,0.0631750748,0.06207662932535878,-0.0010984454746412117
80660.00099999999,0.0631009564,0.062019536699101575,-0.0010814197008984297
80750.00099999999,0.0630461052,0.06195529873580403,-0.001090806464195966
80830.00099999999,0.0629927441,0.06189820043916088,-0.001094543660839116
80910.00099999999,0.0629586428,0.06184110139735483,-0.0011175414026451738
80990.00099999999,0.0628815591,0.061784015398262726,-0.001097543701737272
81070.00099999999,0.0628756359,0.06172852095234959,-0.0011471149476504142
81150.00099999999,0.0628000274,0.06167363674096062,-0.0011263906590393766
81230.00099999999,0.0627896562,0.061618720751772195,-0.001170935448227807
81310.00099999999,0.0627273843,0.06156382646039566,-0.001163557839604333
81390.00099999999,0.0626569763,0.0615089353540951,-0.001148040945904899
81470.00099999999,0.0626080558,0.061454048888481994,-0.001154006911518013
81550.00099999999,0.062543571,0.061399170279722005,-0.0011444007202780007
81630.00099999999,0.0624939092,0.06134428027870277,-0.0011496289212972327
81710.00099999999,0.0624412857,0.061289411126785494,-0.0011518745732145078
81800.00099999999,0.0624064468,0.06122775251012594,-0.0011786942898740632
81880.00099999999,0.0623338111,0.06117508261763403,-0.0011587284823659644
81960.00099999999,0.0623004548,0.06112237320562794,-0.001178081594372063
82040.00099999999,0.0622307844,0.061069690741657745,-0.0011610936583422576
82120.00099999999,0.062169265,0.061017016680930763,-0.0011522483190692379
82200.00099999999,0.0621233098,0.0609643360782207,-0.0011589737217792967
82280.00099999999,0.0620773546,0.0609116534254018,-0.001165701174598202
82360.00099999999,0.0619906373,0.06085899028483963,-0.0011316470151603655
82440.00099999999,0.0619528331,0.060806313936484495,-0.0011465191635155053
82520.00099999999,0.0619224496,0.060753632412840465,-0.0011688171871595335
82600.00099999999,0.0618431382,0.06069973158753246,-0.0011434066124675415
82680.00099999999,0.0618253537,0.06064154434423121,-0.0011838093557687904
82760.00099999999,0.0617401116,0.06058338293792396,-0.0011567286620760425
82840.00099999999,0.061722327,0.060525197413314906,-0.0011971295866850945
82930.00099999999,0.0616444908,0.06045976746239935,-0.0011847233376006475
83010.00099999999,0.0615703724,0.06040162129448455,-0.0011687511055154462
83090.00099999999,0.0615125559,0.06034346449266183,-0.0011690914073381742
83170.00099999999,0.0614843927,0.06028529012410466,-0.0011991025758953389
83250.00099999999,0.0614065714,0.060227145655555266,-0.0011794257444447329
83330.00099999999,0.0613583885,0.060168988219210184,-0.0011894002807898152
83410.00099999999,0.0613057651,0.0601157966883022,-0.0011899684116978004
83490.00099999999,0.061243508,0.06006715680322207,-0.0011763511967779333
83570.00099999999,0.0611864366,0.060018508222829975,-0.001167928377170023
83650.00099999999,0.0611427017,0.059969865393883576,-0.0011728363061164274
83730.00099999999,0.0610700659,0.05992123233750783,-0.0011488335624921658
83810.00099999999,0.061057467,0.05987256978978393,-0.001184897210216064
83890.00099999999,0.0609655567,0.059823945003256364,-0.0011416116967436357
83980.00099999999,0.0609203465,0.05976922213752044,-0.0011511243624795567
84060.00099999999,0.0608773567,0.059720584103178986,-0.0011567725968210166
84140.00099999999,0.0608076863,0.0596719565491726,-0.0011357297508273953
84220.00099999999,0.0607491322,0.05961909557375621,-0.001130036626243787
84300.00099999999,0.0607068799,0.059565269162895916,-0.0011416107371040873
84380.00099999999,0.0606490709,0.059511442553739656,-0.0011376283462603415
84460.00099999999,0.0606416576,0.059457613009114466,-0.001184044590885537
84540.00099999999,0.0605831034,0.05940380270306846,-0.0011793006969315345
84620.00099999999,0.0605334379,0.05934998176610863,-0.0011834561338913696
84700.00099999999,0.060481552,0.05929616915601943,-0.0011853828439805716
84780.00099999999,0.0604333766,0.05924235584236153,-0.0011910207576384668
84860.00099999999,0.0603703745,0.05918855293307136,-0.0011818215669286355
84940.00099999999,0.060321454,0.05913473876785508,-0.0011867152321449193
85030.00099999999,0.0602754988,0.0590722074895763,-0.0012032913104237028
85110.00099999999,0.0602006428,0.05901660935268158,-0.0011840334473184194
85190.00099999999,0.0601613559,0.058960986832926755,-0.0012003690670732425
85270.00099999999,0.0600939058,0.05890538331748209,-0.001188522482517912
85350.00099999999,0.0600242354,0.05884980036589138,-0.0011744350341086202
85430.00099999999,0.0599982925,0.05879419100232554,-0.0012041014976744632
85510.00099999999,0.0599360354,0.058738591895155914,-0.0011974435048440826
85590.00099999999,0.0598685853,0.0586830108491506,-0.0011855744508494012
85670.00099999999,0.0598241128,0.05862741800430606,-0.0011966947956939394
85750.00099999999,0.0597588904,0.058571374940402945,-0.001187515459597055
85830.00099999999,0.0597210862,0.05851404879033251,-0.0012070374096674955
85910.00099999999,0.0596536361,0.058456733503458806,-0.0011969025965411911
85990.00099999999,0.0596195422,0.05839941076873709,-0.0012201314312629136
86070.00099999999,0.0595624708,0.0583420979851717,-0.0012203728148283063
86160.00099999999,0.0594676025,0.05827764692797781,-0.001189955572022193
86240.00099999999,0.0594461076,0.05822032165601561,-0.0012257859439843907
86320.00099999999,0.0593601204,0.05816302997935317,-0.0011970904206468277
86400.00099999999,0.0593208335,0.05810573351528274,-0.0012150999847172633
86480.00099999999,0.0592541285,0.05804843729771105,-0.0012056912022889513
86560.00099999999,0.0592333786,0.05799476309681492,-0.0012386155031850754
86640.00099999999,0.0591585152,0.057944252240312966,-0.001214262959687032
86720.00099999999,0.0591118224,0.05789373144498371,-0.0012180909550162863
86800.00099999999,0.0590732805,0.057843212327208814,-0.001230068172791185
86880.00099999999,0.0590087958,0.05779269360428781,-0.0012161021957121862
86960.00099999999,0.0589480139,0.057742189245383053,-0.0012058246546169452
87040.00099999999,0.0589191131,0.05769166315546643,-0.0012274499445335749
87120.00099999999,0.0588286854,0.057641167600653236,-0.0011875177993467614
87210.00099999999,0.0587753169,0.057584346301926145,-0.0011909705980738539
87290.00099999999,0.058749374,0.05753383211311636,-0.0012155418868836435
87370.00099999999,0.058687117,0.057479727808882365,-0.0012073891911176318
87450.00099999999,0.0586137362,0.05742479481732051,-0.0011889413826794912
87530.00099999999,0.0585633405,0.057369865902233114,-0.0011934745977668845
87610.00099999999,0.0585144199,0.05731492610350869,-0.0011994937964913133
87690.00099999999,0.0584499352,0.057260001336496745,-0.0011899338635032522
87770.00099999999,0.058400277,0.057205077651096226,-0.0011951993489037749
87850.00099999999,0.0583469085,0.057150159617229086,-0.0011967488827709163
87930.00099999999,0.0582987331,0.05709523215699283,-0.0012035009430071686
88010.00099999999,0.0582409091,0.057040308315243704,-0.0012006007847562977
88090.00099999999,0.058186803,0.05698539081750993,-0.0012014121824900706
88170.00099999999,0.0581386276,0.05693033469178663,-0.0012082929082133723
88260.00099999999,0.0580785908,0.05686838609744508,-0.0012102047025549234
88340.00099999999,0.058023002,0.05681332319069824,-0.0012096788093017563
88420.00099999999,0.0579577722,0.056758269755346105,-0.0011995024446538952
88500.00099999999,0.0579318292,0.05670320460228311,-0.0012286245977168875
88580.00099999999,0.0578451119,0.05664816736070806,-0.0011969445392919428
88660.00099999999,0.0577865578,0.0565931234077888,-0.0011934343922112012
88740.00099999999,0.0577428304,0.05653807797362832,-0.0012047524263716775
88820.00099999999,0.0577087365,0.0564830178568558,-0.0012257186431442052
88900.00099999999,0.0576605536,0.05642856201663193,-0.0012319915833680709
88980.00099999999,0.057588663,0.056376308823837325,-0.0012123541761626735
89060.00099999999,0.057544928,0.056324046759009316,-0.0012208812409906858
89140.00099999999,0.0574900843,0.05627178042762501,-0.0012183038723749887
89220.00099999999,0.0574374534,0.05621952555963804,-0.0012179278403619612
89300.00099999999,0.057398174,0.05616726464328199,-0.0012309093567180115
89390.00099999999,0.0572914444,0.056108509206345844,-0.0011829351936541582
89470.00099999999,0.0572714321,0.05605624588609797,-0.001215186213902028
89550.00099999999,0.0572150983,0.05600400444994923,-0.0012110938500507762
89630.00099999999,0.0571298636,0.05595178501413649,-0.0011780785858635096
89710.00099999999,0.0571313463,0.05589834864243969,-0.0012329976575603044
89790.00099999999,0.0570423938,0.05584364676996243,-0.0011987470300375697
89870.00099999999,0.0570290498,0.05578890449373878,-0.0012401453062612228
89950.00099999999,0.0569334365,0.05573421020348749,-0.0011992262965125067
90030.00099999999,0.056902308,0.055679486928170915,-0.0012228210718290833
90110.00099999999,0.0568259619,0.05562479688751986,-0.001201165012480139
90190.00099999999,0.0567829795,0.055570079213165806,-0.0012129002868341912
90270.00099999999,0.0567585193,0.0555153579213781,-0.0012431613786218973
90350.00099999999,0.0566769876,0.05546066775789607,-0.0012163198421039287
90440.00099999999,0.0566384457,0.05539911437657514,-0.0012393313234248596
90520.00099999999,0.0565954559,0.055345727354191084,-0.0012497285458089175
90600.00099999999,0.056530226,0.05529282838515891,-0.001237397614841096
90680.00099999999,0.0564835332,0.05523993748627878,-0.0012435957137212211
90760.00099999999,0.0564279445,0.05518704878254932,-0.001240895717450681
90840.00099999999,0.056353081,0.05513417137529451,-0.001218909624705486
90920.00099999999,0.0563197322,0.055081281677383076,-0.001238450522616924
91000.00099999999,0.0562396832,0.05502840825501369,-0.0012112749449863097
91080.00099999999,0.0562285669,0.05497551285750191,-0.0012530540424980918
91160.00099999999,0.0561500005,0.054922639347442265,-0.0012273611525577335
91240.00099999999,0.0560773574,0.0548697737714399,-0.001207583628560098
91320.00099999999,0.0560566075,0.05481920538474964,-0.0012374021152503634
91400.00099999999,0.055994343,0.05476905843855147,-0.0012252845614485336
91490.00099999999,0.0559342988,0.054712643510694714,-0.0012216552893052832
91570.00099999999,0.0558794551,0.054662497756527595,-0.001216957343472408
91650.00099999999,0.0558201559,0.05461235664173215,-0.001207799258267854
91730.00099999999,0.0557934754,0.054562202389234954,-0.0012312730107650466
91810.00099999999,0.0557208396,0.05451206745576636,-0.0012087721442336427
91890.00099999999,0.0556837805,0.05446192821775608,-0.0012218522822439251
91970.00099999999,0.0556385629,0.05441178703191074,-0.0012267758680892596
92050.00099999999,0.0555837192,0.054366929413306134,-0.0012167897866938657
92130.00099999999,0.0555281304,0.05432419674690689,-0.0012039336530931116
92210.00099999999,0.0554680936,0.05428148007483523,-0.0011866135251647689
92290.00099999999,0.0554302894,0.054238744955068745,-0.0011915444449312543
92370.00099999999,0.0553724803,0.05419602819297397,-0.0011764521070260284
92450.00099999999,0.0553250425,0.054153305211159,-0.0011717372888409988
92530.00099999999,0.0552798323,0.05411057570480342,-0.00116925659519658
92620.00099999999,0.0552138649,0.05406252080083742,-0.0011513440991625795
92700.00099999999,0.0551782884,0.05401979621130079,-0.0011584921886992061
92780.00099999999,0.0551108383,0.053977083382898694,-0.0011337549171013053
92860.00099999999,0.0550708137,0.05393300748568435,-0.0011378062143156467
92940.00099999999,0.0550255962,0.053888867539737484,-0.0011367286602625148
93020.00099999999,0.0549640842,0.053844740478985256,-0.0011193437210147428
93100.00099999999,0.0549099706,0.05380061237393867,-0.001109358226061334
93180.00099999999,0.0548617952,0.05375648198208836,-0.0011053132179116437
93260.00099999999,0.054824736,0.05371235675471543,-0.0011123792452845671
93340.00099999999,0.0548128746,0.053668207344341474,-0.0011446672556585241
93420.00099999999,0.0547654442,0.05362408222043417,-0.0011413619795658317
93500.00099999999,0.0547076203,0.05357996955681072,-0.0011276507431892818
93580.00099999999,0.0546683334,0.053536081580804834,-0.0011322518191951639
93670.00099999999,0.054625351,0.053490817176952435,-0.0011345338230475677
93750.00099999999,0.0545608662,0.05345060740784527,-0.0011102587921547336
93830.00099999999,0.0545208417,0.053410372737000084,-0.0011104689629999193
93910.00099999999,0.0544778518,0.053370151056778545,-0.0011077007432214528
93990.00099999999,0.0544400476,0.05332993232253953,-0.0011101152774604661
94070.00099999999,0.0543859415,0.053289715604060726,-0.0010962258959392734
94150.00099999999,0.0543407314,0.05324948970507152,-0.0010912416949284826
94230.00099999999,0.0543096028,0.05320926684232869,-0.0011003359576713112
94310.00099999999,0.0542406701,0.053169071060401446,-0.001071599039598553
94390.00099999999,0.0542006455,0.05313047523734781,-0.001070170262652187
94470.00099999999,0.054155428,0.05309580737902438,-0.0010596206209756154
94550.00099999999,0.0541198514,0.05306113258613991,-0.0010587188138600906
94630.00099999999,0.0540783443,0.05302646137225036,-0.001051882927749638
94720.00099999999,0.0540435128,0.05298744820662136,-0.0010560645933786403
94800.00099999999,0.0539819933,0.05295279181399549,-0.0010292014860045148
94880.00099999999,0.0539278872,0.05291813238863255,-0.001009754811367454
94960.00099999999,0.0539071299,0.05288345976397713,-0.0010236701360228709
95040.00099999999,0.0538567267,0.052848802855304584,-0.0010079238446954186
95120.00099999999,0.0538218953,0.052814138663416874,-0.001007756636583125
95200.00099999999,0.0537826084,0.052781118761270965,-0.0010014896387290362
95280.00099999999,0.0537448116,0.052749600484071645,-0.000995211115928353
95360.00099999999,0.0537292473,0.052718071247504335,-0.0010111760524956631
95440.00099999999,0.0536743961,0.052686561012836065,-0.0009878350871639352
95520.00099999999,0.0536403023,0.052655043595672,-0.0009852587043279945
95600.00099999999,0.0536010154,0.05262353265109132,-0.0009774827489086799
95680.00099999999,0.0535506196,0.05259203136733036,-0.0009585882326696438
95760.00099999999,0.0535076223,0.0525605199597295,-0.0009471023402705045
95850.00099999999,0.053482417,0.052525070814282815,-0.0009573461857171825
95930.00099999999,0.0534453578,0.0524935583120571,-0.0009517994879429045
96010.00099999999,0.0534053333,0.05245057289698522,-0.0009547604030147802
96090.00099999999,0.053407561,0.05240879448203031,-0.0009987665179696861
96170.00099999999,0.0533467792,0.05238208469638165,-0.0009646945036183505
96250.00099999999,0.0533289947,0.05235536221028396,-0.0009736324897160406
96330.00099999999,0.0532963835,0.05232864642017865,-0.0009677370798213542
96410.00099999999,0.0532622896,0.05230192923884487,-0.000960360361155127
96490.00099999999,0.05322152,0.05227520988262132,-0.000946310117378682
96570.00099999999,0.0531955771,0.05224850081190157,-0.0009470762880984321
96650.00099999999,0.0531688966,0.052221783577881,-0.0009471130221190005
96730.00099999999,0.0531214587,0.05219507494012563,-0.0009263837598743677
96810.00099999999,0.0530903302,0.052168357784638034,-0.0009219724153619671
96900.00099999999,0.0530606844,0.052139793484034684,-0.0009208909159653181
96980.00099999999,0.0530206598,0.05211622957063866,-0.0009044302293613402
97060.00099999999,0.0529939719,0.052092657364546165,-0.0009013145354538343
97140.00099999999,0.052959878,0.05206909484197079,-0.0008907831580292139
97220.00099999999,0.0529287495,0.052045526444390214,-0.0008832230556097831
97300.00099999999,0.0528835393,0.05202196557161904,-0.0008615737283809571
97380.00099999999,0.0528605618,0.05199839990043073,-0.0008621618995692665
97460.00099999999,0.0528501831,0.05197482926732168,-0.0008753538326783245
97540.00099999999,0.0528064556,0.05195125939207373,-0.0008551962079262759
97620.00099999999,0.0527834781,0.0519276958782916,-0.000855782221708401
97700.00099999999,0.0527516045,0.05190564568741623,-0.0008459588125837719
97780.00099999999,0.0527234413,0.05188476666259935,-0.0008386746374006507
97860.00099999999,0.052707132,0.05186388854904475,-0.0008432434509552458
97950.00099999999,0.0526700728,0.051840420070910075,-0.0008296527290899275
98030.00099999999,0.0526411645,0.05181954365630404,-0.0008216208436959554
98110.00099999999,0.052618932,0.05179866995157725,-0.0008202620484227471
98190.00099999999,0.0525833555,0.0517778051942196,-0.0008055503057803962
98270.00099999999,0.0525655635,0.05175692452718195,-0.0008086389728180557
98350.00099999999,0.0525374003,0.051736052283248055,-0.0008013480167519474
98430.00099999999,0.052508492,0.05171518200641483,-0.0007933099935851645
98510.00099999999,0.0524840318,0.05163873705871425,-0.0008452947412857445
98590.00099999999,0.0524803288,0.05162189725408498,-0.0008584315459150213
98670.00099999999,0.0524521582,0.0516050579805295,-0.0008471002194705007
98750.00099999999,0.0523965694,0.051588240378281185,-0.0008083290217188177
98830.00099999999,0.0524054654,0.05157139615197325,-0.0008340692480267448
98910.00099999999,0.0523676686,0.051554569412018844,-0.0008130991879811561
98990.00099999999,0.0523535796,0.051537722187777635,-0.0008158574122223636
99080.00099999999,0.0523283817,0.051518789546465105,-0.0008095921535348979
99160.00099999999,0.0522987358,0.0515019650403942,-0.0007967707596058041
99240.00099999999,0.0522735305,0.05148513799465368,-0.0007883925053463192
99320.00099999999,0.0522609241,0.05146944934458237,-0.0007914747554176316
99400.00099999999,0.05222461,0.05145397132451325,-0.000770638675486747
99480.00099999999,0.0522216447,0.051438465745764536,-0.0007831789542354639
99560.00099999999,0.0521860681,0.05142298667357659,-0.0007630814264234162
99640.00099999999,0.0521564148,0.051407504621102496,-0.0007489101788975064
99720.00099999999,0.052140113,0.051392016970507125,-0.0007480960294928771
99800.00099999999,0.0521616079,0.051376515747389974,-0.000785092152610023
99880.00099999999,0.0520867445,0.05136104796021511,-0.0007256965397848883
99960.00099999999,0.0521149151,0.05134554326205178,-0.0007693718379482226
100040.00099999999,0.0520563535,0.05133007083509226,-0.0007262826649077417
100130.00099999999,0.0520356037,0.05131819139623838,-0.0007174123037616206
100210.00099999999,0.0520378239,0.05130792016152463,-0.0007299037384753751
100290.00099999999,0.0520178117,0.051297662754834175,-0.0007201489451658244
100370.00099999999,0.0520000271,0.051287396293411815,-0.000712630806588184
100450.00099999999,0.0519777872,0.05127714085084087,-0.0007006463491591314
100530.00099999999,0.0519622229,0.0512668835009414,-0.0006953393990586018
100610.00099999999,0.0519429557,0.051256620285644566,-0.0006863354143554351
100690.00099999999,0.0519244261,0.05124636361965401,-0.0006780624803459853
100770.00099999999,0.0519118272,0.051236102481539994,-0.0006757247184600093
100850.00099999999,0.0519147925,0.05122505702939578,-0.0006897354706042191
100930.00099999999,0.0518873669,0.05120897964662852,-0.0006783872533714791
101010.00099999999,0.0518599413,0.05119289871380584,-0.0006670425861941554
101090.00099999999,0.0518495627,0.05117682282340352,-0.0006727398765964746
101180.00099999999,0.0518162139,0.05115873255026403,-0.0006574813497359708
101260.00099999999,0.0518221371,0.0511426355035386,-0.0006795015964614001
101340.00099999999,0.0518006422,0.051126554829477235,-0.0006740873705227621
101420.00099999999,0.0517976843,0.05111046537736647,-0.0006872189226335285
101500.00099999999,0.0517791547,0.0510943861889413,-0.0006847685110587046
101580.00099999999,0.0517583974,0.051078305439711626,-0.0006800919602883773
101660.00099999999,0.051746536,0.05106418691339378,-0.000682349086606221
101740.00099999999,0.0517317168,0.05105408913089254,-0.000677627669107464
101820.00099999999,0.0517317168,0.051043975449317346,-0.0006877413506826552
101900.00099999999,0.0517161526,0.05103386427838322,-0.0006822883216167849
101980.00099999999,0.0516953953,0.05102376329376833,-0.0006716320062316733
102060.00099999999,0.0516924299,0.05101365099894821,-0.0006787789010517936
102140.00099999999,0.051693175,0.051006674367834445,-0.0006865006321655556
102220.00099999999,0.0516427718,0.05100165924695067,-0.0006411125530493278
102310.00099999999,0.0516294278,0.05099598884982272,-0.0006334389501772841
102390.00099999999,0.0516234972,0.050990948641967994,-0.0006325485580320062
102470.00099999999,0.051600527,0.05098591368121777,-0.0006146133187822297
102550.00099999999,0.0515923686,0.050980872845142314,-0.0006114957548576869
102630.00099999999,0.0515923686,0.05097582697695553,-0.0006165416230444684
102710.00099999999,0.051578287,0.05097079416689276,-0.0006074928331072371
102790.00099999999,0.051608678,0.050965727216523066,-0.0006429507834769324
102870.00099999999,0.0515842177,0.050960691784973,-0.0006235259150269984
102950.00099999999,0.0515516065,0.05095166853413468,-0.0005999379658653201
103030.00099999999,0.0515671708,0.05094170089121218,-0.0006254699087878193
103110.00099999999,0.0515338145,0.05093173872173633,-0.0006020757782636693
103190.00099999999,0.0515301116,0.05092177435183624,-0.0006083372481637608
103270.00099999999,0.0515086167,0.05091181453862951,-0.0005968021613704938
103360.00099999999,0.0515264012,0.050900579502105685,-0.0006258216978943174
103440.00099999999,0.0515041687,0.05089062128236791,-0.0006135474176320876
103520.00099999999,0.0514819361,0.050880664126843,-0.0006012719731569999
103600.00099999999,0.0515034236,0.05087067911027259,-0.000632744489727409
103680.00099999999,0.0515049063,0.05086070046543168,-0.0006442058345683191
103760.00099999999,0.0514797084,0.05085639984880813,-0.000623308551191866
103840.00099999999,0.0514589585,0.05085209907920203,-0.0006068594207979672
103920.00099999999,0.0514700748,0.05084779552534833,-0.0006222792746516728
104000.00099999999,0.0514389463,0.05084350056283833,-0.000595445737161672
104080.00099999999,0.0514389463,0.05083919634155828,-0.0005997499584417254
104160.00099999999,0.0514389463,0.05083488472459171,-0.0006040615754082934
104240.00099999999,0.0514293052,0.050830582624376966,-0.0005987225756230313
104320.00099999999,0.0514152236,0.05082628594117097,-0.0005889376588290238
104410.00099999999,0.051409293,0.050821445406472,-0.000587847593528
104490.00099999999,0.0513915084,0.05081762957591437,-0.000573878824085633
104570.00099999999,0.0513870604,0.05081601385194813,-0.0005710465480518664
104650.00099999999,0.0513707511,0.05081439769228027,-0.0005563534077197285
104730.00099999999,0.0513952114,0.05081276203708905,-0.0005824493629109501
104810.00099999999,0.0513766818,0.05081114468989301,-0.0005655371101069839
104890.00099999999,0.0513833575,0.0508095123876645,-0.0005738451123354985
104970.00099999999,0.0513381399,0.05080791193021148,-0.0005302279697885215
105050.00099999999,0.0513559319,0.050806277688465566,-0.0005496542115344324
105130.00099999999,0.0513848327,0.050804644939964186,-0.0005801877600358149
105210.00099999999,0.0513292439,0.05080304073925071,-0.0005262031607492917
105290.00099999999,0.0513262786,0.05080068508057085,-0.0005255935194291503
105370.00099999999,0.0513374023,0.05079599529029083,-0.0005414070097091717
105450.00099999999,0.0513522215,0.05079130008653159,-0.0005609214134684112
105540.00099999999,0.0513099767,0.050786047277049544,-0.0005239294229504587
105620.00099999999,0.0513359196,0.050781350335051656,-0.0005545692649483458
105700.00099999999,0.0513070114,0.05077667637644822,-0.0005303350235517784
105780.00099999999,0.0512958951,0.05077200134690386,-0.0005238937530961454
105860.00099999999,0.0513062663,0.050767303169467995,-0.0005389631305320053
105940.00099999999,0.0513225757,0.050762613071388595,-0.0005599626286114032
106020.00099999999,0.0513129421,0.050757928213237984,-0.000555013886762018
106100.00099999999,0.0512847714,0.05075331850201567,-0.0005314528979843275
106180.00099999999,0.0512632839,0.050748784323876105,-0.0005144995761238932
106260.00099999999,0.0512795858,0.0507442381314146,-0.0005353476685854008
106340.00099999999,0.0512877367,0.050739692213787706,-0.0005480444862122971
106420.00099999999,0.0512669869,0.05073516974132823,-0.0005318171586717671
106500.00099999999,0.0512588359,0.05073062796282032,-0.0005282079371796838
106590.00099999999,0.0512840338,0.050725509940378916,-0.0005585238596210879
106670.00099999999,0.0512758829,0.050720969917644985,-0.0005549129823550145
106750.00099999999,0.0512491949,0.050716441046703205,-0.0005327538532967982
106830.00099999999,0.0512299277,0.050711906403064604,-0.0005180212969353934
106910.00099999999,0.0512425266,0.05070802602598222,-0.000534500574017778
106990.00099999999,0.0512291826,0.05070460855414324,-0.0005245740458567558
107070.00099999999,0.0512618013,0.050701156490668885,-0.000560644809331115
107150.00099999999,0.0512514226,0.05069773624588806,-0.0005536863541119388
107230.00099999999,0.0512314104,0.05069431815957784,-0.0005370922404221642
107310.00099999999,0.0512425266,0.050690890643024435,-0.000551635956975563
107390.00099999999,0.051223997,0.05068747167635743,-0.0005365253236425671
107470.00099999999,0.0512210317,0.050684040961002125,-0.0005369907389978779
107550.00099999999,0.0512291826,0.05068060840628011,-0.0005485741937198904
107640.00099999999,0.0512210317,0.05067675346961544,-0.0005442782303845609
107720.00099999999,0.0512113981,0.05067567995214952,-0.0005357181478504794
107800.00099999999,0.0512099154,0.05067529768010741,-0.0005346177198925911
107880.00099999999,0.0511943512,0.050674928253570985,-0.000519422946429017
107960.00099999999,0.0512076877,0.05067454364854506,-0.0005331440514549368
108040.00099999999,0.0512002818,0.050674164019527464,-0.0005261177804725334
108120.00099999999,0.0511987992,0.05067378715059266,-0.0005250120494073376
108200.00099999999,0.0511987992,0.05067340742873295,-0.0005253917712670503
108280.00099999999,0.0512032472,0.0506730270887437,-0.0005302201112563007
108360.00099999999,0.0512017645,0.05067264500456506,-0.0005291194954349376
108440.00099999999,0.0511980541,0.05067225441650448,-0.0005257996834955245
108520.00099999999,0.0511780418,0.05066627958757644,-0.0005117622124235569
108600.00099999999,0.0511721112,0.05065905171407534,-0.0005130594859246648
108690.00099999999,0.0511795245,0.05065090867782566,-0.0005286158221743387
108770.00099999999,0.0511839725,0.05064367001069801,-0.0005403024893019942
108850.00099999999,0.0511832349,0.05063643892974806,-0.000546795970251937
108930.00099999999,0.0511498787,0.050629220662399346,-0.000520658037600652
109010.00099999999,0.0511520989,0.05062197682085576,-0.0005301220791442407
109090.00099999999,0.0511558093,0.050614736376252044,-0.0005410729237479567
109170.00099999999,0.0511498787,0.050607505889542936,-0.0005423728104570619
109250.00099999999,0.0511832349,0.050600252865468674,-0.000582982034531325
109330.001,0.0511624776,0.05059854116498418,-0.000563936435015816
109410.001,0.0511491336,0.05059689299736808,-0.000552240602631919
109490.001,0.0511513613,0.050595231719518505,-0.0005561295804814986
109570.001,0.0511380173,0.05059357653872791,-0.0005444407612720872
109650.001,0.0511231981,0.05059192988227461,-0.0005312682177253947
109730.001,0.0511357971,0.05059026788985557,-0.0005455292101444256
109820.001,0.0511691459,0.050588391114896526,-0.0005807547851034711
109900.001,0.051135052,0.05058674007472374,-0.0005483119252762611
109980.001,0.0511424653,0.0505850782640872,-0.0005573870359128
110060.001,0.0511120744,0.050583357629767046,-0.0005287167702329523
110140.001,0.0511372797,0.050581156138274706,-0.0005561235617252969
110220.001,0.0511172675,0.05057898338850401,-0.000538284111495993
110300.001,0.0511313491,0.050576794177921824,-0.0005545549220781765
110380.001,0.0511046685,0.0505746248571013,-0.0005300436428987004
110460.001,0.0511135571,0.05057243104389219,-0.0005411260561078088
110540.001,0.0511291213,0.050570240932604524,-0.0005588803673954729
110620.001,0.0510742776,0.05056807656549586,-0.0005062010345041404
110700.001,0.0511068888,0.050565872849333685,-0.0005410159506663154
110780.001,0.0511061512,0.050563685312515455,-0.0005424658874845431
110870.001,0.0511143021,0.050560787714141284,-0.000553514385858718
110950.001,0.0510898419,0.0505572698297626,-0.0005325720702374012
111030.001,0.0510809459,0.05055374238929387,-0.000527203510706134
111110.001,0.0510742776,0.050550218937092495,-0.0005240586629075075
111190.001,0.0510653816,0.05054669615349283,-0.0005186854465071694
111270.001,0.0510683469,0.0505431577349424,-0.0005251891650576018
111350.001,0.0510905795,0.05053961369883981,-0.0005509658011601873
111430.001,0.051050555,0.05053610014765344,-0.0005144548523465589
111510.001,0.0510513,0.05053256446182399,-0.00051873553817601
111590.001,0.051060196,0.050529024399168995,-0.0005311716008310069
111670.001,0.0510438867,0.05052413208929341,-0.0005197546107065867
111750.001,0.0510727949,0.05051679028191003,-0.0005560046180899739
111830.001,0.051028315,0.050509480529861685,-0.000518834470138313
111920.001,0.0510713123,0.05050121826673033,-0.000570094033269665
112000.001,0.0510624163,0.05049388936311003,-0.0005685269368899751
112080.001,0.051024612,0.050486574564185566,-0.0005380374358144313
112160.001,0.0510120057,0.05047925171221989,-0.0005327539877801116
112240.001,0.0510305353,0.050471908024250965,-0.0005586272757490338
112320.001,0.051050555,0.0504645615733639,-0.0005859934266360944
112400.001,0.0510498174,0.050457228264488146,-0.0005925891355118562
112480.001,0.051010523,0.05045193072892012,-0.0005585922710798844
112560.001,0.051037956,0.05044844774035224,-0.0005895082596477641
112640.001,0.0510171987,0.05044498569128121,-0.0005722130087187915
112720.001,0.0509831049,0.05044153724646444,-0.0005415676535355587
112800.001,0.0510045998,0.05043805344677453,-0.0005665463532254708
112880.001,0.051019419,0.050434582411105204,-0.0005848365888947993
112960.001,0.051015716,0.050431109521683525,-0.0005846064783164781
113050.001,0.0510008894,0.05042721263321853,-0.0005736767667814668
113130.001,0.0509971865,0.05042373842536548,-0.000573448074634518
113210.001,0.0509727262,0.050420276289557336,-0.0005524499104426622
113290.001,0.0509786569,0.05041502820033049,-0.0005636286996695133
113370.001,0.0509749465,0.0504089606628778,-0.0005659858371222029
113450.001,0.0509793945,0.05040287250572233,-0.0005765219942776637
113530.001,0.0509386323,0.05039680812350601,-0.0005418241764939893
113610.001,0.0509801395,0.0503907018842482,-0.0005894376157518019
113690.001,0.0509527139,0.05038464378072411,-0.0005680701192758916
113770.001,0.0509482659,0.050378564790285546,-0.0005697011097144516
113850.001,0.0509660579,0.05037247532086272,-0.000593582579137282
113930.001,0.0509482659,0.050366406249497724,-0.0005818596505022741
114010.001,0.0509549342,0.0503603155564311,-0.0005946186435689046
114100.001,0.050930474,0.05035366816873152,-0.0005768058312684843
114180.001,0.0509015732,0.050347814240403604,-0.0005537589595963968
114260.001,0.0509082414,0.05034195137534884,-0.0005662900246511601
114340.001,0.0509037934,0.05033608396741476,-0.000567709432585238
114420.001,0.0509163924,0.050330217956682674,-0.0005861744433173291
114500.001,0.0509230681,0.050324342720415374,-0.000598725379584629
114580.001,0.0508934148,0.05031849873479687,-0.0005749160652031293
114660.001,0.0508993454,0.05031262988497178,-0.0005867155150282161
114740.001,0.0508867465,0.050306764679300495,-0.0005799818206995086
114820.001,0.0508674793,0.05030090836568218,-0.0005665709343178199
114900.001,0.0508696996,0.050305782054102584,-0.0005639175458974147
114980.001,0.0508578382,0.05029972991955686,-0.0005581082804431356
115060.001,0.0508748852,0.050291836442942425,-0.0005830487570575721
115150.001,0.050837826,0.05028299313805175,-0.000554832861948254
115230.001,0.050834123,0.050275114251305764,-0.0005590087486942383
115310.001,0.0508519076,0.0502672305769703,-0.0005846770230297019
115390.001,0.0508482046,0.050259338441236985,-0.000588866158763017
115470.001,0.0508407913,0.0502514656644699,-0.0005893256355301024
115550.001,0.0508526526,0.050243576949369595,-0.0006090756506304043
115630.001,0.0508081801,0.050235720008475857,-0.0005724600915241462
115710.001,0.0508148484,0.05022778152327182,-0.0005870668767281803
115790.001,0.0508370884,0.05021802503040012,-0.0006190633695998815
115870.001,0.0508007668,0.050208295169804296,-0.0005924716301957053
115950.001,0.0508029945,0.050198545947405915,-0.0006044485525940821
116030.001,0.0507926159,0.050188810181243874,-0.000603805718756123
116110.001,0.0507911332,0.050179065635843546,-0.0006120675641564516
116190.001,0.0507733412,0.050169322609256856,-0.0006040185907431467
116280.001,0.0507814996,0.05015835699253393,-0.0006231426074660706
116360.001,0.0507711209,0.05014861222320774,-0.0006225086767922619
116440.001,0.0507600047,0.05013886557610735,-0.0006211391238926528
116520.001,0.0507659353,0.050129917321235076,-0.0006360179787649259
116600.001,0.0507711209,0.050124627731464526,-0.0006464931685354752
116680.001,0.0507414751,0.0501193506789608,-0.0006221244210392052
116760.001,0.0507436953,0.05011405151947291,-0.0006296437805270935
116840.001,0.050745178,0.050108759473997226,-0.0006364185260027758
116920.001,0.0507051535,0.050103484799166834,-0.0006016687008331689
117000.001,0.0506962575,0.050098193011262754,-0.0005980644887372474
117080.001,0.0506999679,0.05009289166700852,-0.0006070762329914783
117160.001,0.0507051535,0.05008759268779811,-0.0006175608122018922
117240.001,0.0506881066,0.050082304863194683,-0.0006058017368053142
117330.001,0.0506710596,0.050075143770728844,-0.0005959158292711542
117410.001,0.0506844036,0.05006618793009761,-0.0006182156699023889
117490.001,0.0506970026,0.05005724484754194,-0.0006397577524580589
117570.001,0.0506895892,0.05004829481791499,-0.00064129438208501
117650.001,0.050660681,0.05003936844468569,-0.0006213125553143073
117730.001,0.0506443791,0.05003043754924845,-0.0006139415507515483
117810.001,0.0506532677,0.05002147884854514,-0.0006317888514548592
117890.001,0.0506421514,0.05001253664727231,-0.0006296147527276932
117970.001,0.0506428964,0.05000358648111546,-0.0006393099188845355
118050.001,0.0506243668,0.04999464387564868,-0.0006297229243513239
118130.001,0.0506332554,0.049985211599757585,-0.0006480438002424149
118210.001,0.0505880453,0.049974952876865215,-0.0006130924231347867
118290.001,0.0505865626,0.049964661343860475,-0.0006219012561395273
118380.001,0.0505754463,0.049953084488298716,-0.0006223618117012844
118460.001,0.0505784117,0.04994279966681439,-0.0006356120331856077
118540.001,0.0505576544,0.04993251928618487,-0.0006251351138151298
118620.001,0.0505643301,0.049922225893589696,-0.000642104206410303
118700.001,0.0505472831,0.04991193355911711,-0.0006353495408828874
118780.001,0.0505309738,0.04990164524274741,-0.0006293285572525897
118860.001,0.0505443178,0.049891339806990516,-0.0006529779930094862
118940.001,0.0505361594,0.04988089682008728,-0.0006552625799127257
119020.001,0.0505369045,0.0498702979615991,-0.0006666065384009004
119100.001,0.0505472831,0.04985970912204772,-0.0006875739779522785
119180.001,0.05049688,0.04984913514620666,-0.0006477448537933403
119260.001,0.0504805706,0.04983854517784672,-0.000642025422153282
119340.001,0.0504761226,0.04982795021377279,-0.0006481723862272123
119420.001,0.0505072586,0.0498173272669528,-0.0006899313330471987
119510.001,0.05047464,0.04980542232161342,-0.0006692176783865827
119590.001,0.0504338779,0.049794839219021045,-0.0006390386809789553
119670.001,0.0504360981,0.04978423687331978,-0.0006518612266802198
119750.001,0.0504264645,0.049772958491393876,-0.0006535060086061209
119830.001,0.0504583381,0.049761299961487565,-0.0006970381385124347
119910.001,0.0504286923,0.04974966964736624,-0.0006790226526337609
119990.001,0.0504301749,0.04973802308753657,-0.0006921518124634318
120070.001,0.0503857024,0.049726396855241876,-0.0006593055447581264
120150.001,0.0504027493,0.04971474539862587,-0.0006880039013741276
120230.001,0.0503745861,0.04970310210809594,-0.0006714839919040594
120310.001,0.0503597595,0.04969146190285654,-0.0006682975971434579
120390.001,0.0503664277,0.04967980950692554,-0.0006866181930744591
120470.001,0.0503745861,0.0496681489754435,-0.0007064371245565013
120560.001,0.0503590144,0.04965707871990756,-0.0007019356800924414
120640.001,0.0503271483,0.04964795564857212,-0.000679192651427879
120720.001,0.0503441952,0.04963882511494629,-0.000705370085053704
120800.001,0.050310839,0.04962971222295908,-0.0006811267770409218
120880.001,0.0503182523,0.04962057127055143,-0.0006976810294485672
120960.001,0.0502856411,0.04961144971662185,-0.0006741913833781532
121040.001,0.0502989776,0.049602311228419356,-0.0006966663715806468
121120.001,0.0502752624,0.04959318499893864,-0.0006820774010613609
121200.001,0.0502878614,0.04958404414280683,-0.000703817257193172
121280.001,0.0502478369,0.04957492581115827,-0.0006729110888417308
121360.001,0.0502648838,0.0495628373480859,-0.0007020464519141012
121440.001,0.050227087,0.04955016633578981,-0.0006769206642101844
121520.001,0.0502189286,0.04953745843584107,-0.000681470164158926
121610.001,0.050204847,0.04952316933266257,-0.000681677667337427
121690.001,0.0501915105,0.04951046701111332,-0.0006810434888866804
121770.001,0.0501840971,0.04949776364906784,-0.000686333450932157
121850.001,0.0501826145,0.04948504743954575,-0.0006975670604542489
121930.001,0.0501944758,0.049472334356922054,-0.0007221414430779449
122010.001,0.0501944758,0.04945961470751548,-0.0007348610924845164
122090.001,0.0501633398,0.049446910297874305,-0.0007164295021256928
122170.001,0.050124798,0.04943156203883006,-0.0006932359611699357
122250.001,0.0501544513,0.049416088483773685,-0.0007383628162263151
122330.001,0.0501218326,0.049400634273002925,-0.0007211983269970745
122410.001,0.050103303,0.04938518269289825,-0.0007181203071017495
122490.001,0.050098855,0.04936971079203083,-0.0007291442079691707
122570.001,0.0500914492,0.04935424564354606,-0.0007372035564539373
122650.001,0.0500944145,0.04933878078917846,-0.0007556337108215391
122740.001,0.0500617959,0.049321386978301074,-0.0007404089216989235
122820.001,0.0500692092,0.04930590429707472,-0.0007633049029252825
122900.001,0.0500758849,0.049290740286866246,-0.0007851446131337536
122980.001,0.050041046,0.049278098363610044,-0.0007629476363899546
123060.001,0.0500417836,0.0492654469447471,-0.000776336655252903
123140.001,0.0500121377,0.049252804665011835,-0.0007593330349881661
123220.001,0.0500247367,0.0492401355619133,-0.0007846011380867046
123300.001,0.0500099175,0.04922748596586368,-0.0007824315341363186
123380.001,0.0499595143,0.049214847924095334,-0.0007446663759046665
123460.001,0.0499595143,0.04920219425045238,-0.0007573200495476218
123540.001,0.0499402396,0.04918954162913053,-0.0007506979708694697
123620.001,0.0499328338,0.04917687729376129,-0.0007559565062387127
123700.001,0.0499580316,0.049164080360444645,-0.0007939512395553558
123790.001,0.0498957746,0.049148859484362054,-0.0007469151156379444
123870.001,0.0499246754,0.049135291731537065,-0.0007893836684629355
123950.001,0.0499076284,0.04912173000929954,-0.0007858983907004582
124030.001,0.0498972572,0.04910818006795306,-0.000789077132046942
124110.001,0.0498713143,0.04909463644549446,-0.0007766778545055392
124190.001,0.0498668663,0.04908106992673594,-0.0007857963732640569
124270.001,0.0498342551,0.049067520914776605,-0.0007667341852233972
124350.001,0.0498268418,0.049053955634545184,-0.0007728861654548169
124430.001,0.0497942306,0.04904040701512224,-0.000753823584877765
124510.001,0.0498031192,0.04902833748753096,-0.0007747817124690443
124590.001,0.0497816242,0.04902036826074425,-0.0007612559392557519
124670.001,0.0498023815,0.049012379535956024,-0.0007900019640439751
124750.001,0.0497964509,0.04900440397675706,-0.0007920469232429381
124840.001,0.0497430749,0.04899545642057397,-0.0007476184794260321
124920.001,0.0497430749,0.048987470375706034,-0.0007556045242939693
125000.001,0.0497045331,0.04897950794647727,-0.0007250251535227334
125080.001,0.0496993475,0.048963473482392494,-0.0007358740176075032
125160.001,0.0496934168,0.04894513670640371,-0.0007482800935962944
125240.001,0.0497067608,0.048926792516394764,-0.0007799682836052355
125320.001,0.0496630259,0.04890848690358225,-0.000754538996417746
125400.001,0.0496578403,0.04889014335960123,-0.000767696940398771
125480.001,0.0496474616,0.048871813921234616,-0.0007756476787653815
125560.001,0.0496170782,0.04885349352707622,-0.0007635846729237769
125640.001,0.0496407934,0.048835134246862706,-0.0008056591531372947
125720.001,0.0496281944,0.048816800499385034,-0.0008113939006149651
125800.001,0.0495733432,0.04879848619351573,-0.0007748570064842683
125880.001,0.0495985486,0.0487815346424027,-0.0008170139575972984
125970.001,0.0495829843,0.04876290697490819,-0.00082007732509181
126050.001,0.0495436974,0.04874636686087062,-0.0007973305391293858
126130.001,0.0495192371,0.04872981107417709,-0.0007894260258229091
126210.001,0.0495103411,0.04871324805687874,-0.0007970930431212622
126290.001,0.0495207198,0.04869666084832602,-0.0008240589516739782
126370.001,0.0495066382,0.048680098513396546,-0.0008265396866034558
126450.001,0.0494858809,0.0486635304595477,-0.0008223504404522991
126530.001,0.0494362228,0.0486469845100243,-0.0007892382899757008
126610.001,0.0494414158,0.04863040354528316,-0.0008110122547168377
126690.001,0.0494073145,0.048610924996330095,-0.0007963895036699059
126770.001,0.0493961982,0.04859124042566089,-0.0008049577743391087
126850.001,0.0493784137,0.04857155344042718,-0.0008068602595728211
126930.001,0.0493554361,0.048551860866620736,-0.0008035752333792612
127020.001,0.0493658073,0.04852968298733605,-0.0008361243126639509
127100.001,0.0493546911,0.048509978247991775,-0.0008447128520082253
127180.001,0.0493346788,0.04849028042769626,-0.0008443983723037396
127260.001,0.0492998473,0.048470588931937245,-0.0008292583680627533
127340.001,0.049305778,0.0484508829390558,-0.0008548950609442024
127420.001,0.0492983647,0.04843135914689749,-0.0008670055531025123
127500.001,0.0492724217,0.048414334773053264,-0.0008580869269467356
127580.001,0.0492449962,0.048397300613489944,-0.0008476955865100583
127660.001,0.049207937,0.04838028154458985,-0.0008276554554101506
127740.001,0.0492427759,0.04836321490783595,-0.0008795609921640538
127820.001,0.049212385,0.04834617068877269,-0.0008662143112273049
127900.001,0.0492020063,0.048329126784395576,-0.0008728795156044203
127980.001,0.0491730981,0.04831208283778509,-0.0008610152622149092
128070.001,0.0491308533,0.048292922101368985,-0.0008379311986310145
128150.001,0.0491360389,0.048275859632009414,-0.0008601792679905837
128230.001,0.0491189919,0.04825702052517286,-0.0008619713748271376
128310.001,0.0491078757,0.048231427343813554,-0.0008764483561864433
128390.001,0.0490915664,0.04820583546476876,-0.0008857309352312409
128470.001,0.0490537696,0.048180256502811526,-0.0008735130971884719
128550.001,0.0490463562,0.04815466306793792,-0.0008916931320620824
128630.001,0.0490293093,0.04812907133889834,-0.0009002379611016548
128710.001,0.0489878021,0.048103494393160834,-0.0008843077068391644
128790.001,0.0489803888,0.04807788266630365,-0.0009025061336963569
128870.001,0.0489507429,0.04805229510258549,-0.0008984477974145061
128950.001,0.0489507429,0.04802667982942622,-0.0009240630705737787
129030.001,0.0489514805,0.048002900889694125,-0.0009485796103058733
129110.001,0.0488877408,0.047985560502035146,-0.0009021802979648566
129200.001,0.0488692112,0.04796601786707936,-0.000903193332920639
129280.001,0.0488870032,0.04794862569274064,-0.0009383775072593636
129360.001,0.0488706939,0.04793125047169004,-0.0009394434283099551
129440.001,0.0488017611,0.04791390542715994,-0.0008878556728400613
129520.001,0.0488099195,0.04789651349273827,-0.0009134060072617314
129600.001,0.0487861969,0.04787913379379975,-0.0009070631062002496
129680.001,0.0487936102,0.04786173800920323,-0.0009318721907967675
129760.001,0.0487617366,0.04784435440420193,-0.0009173821957980735
129840.001,0.0487165265,0.04782504880607312,-0.0008914776939268829
129920.001,0.0486935489,0.04780224286949808,-0.0008913060305019219
130000.001,0.0486713164,0.047779439074869985,-0.0008918773251300124
130080.001,0.0486364774,0.047756637703093144,-0.0008798396969068589
130160.001,0.0486364774,0.04773381710641368,-0.0009026602935863215
130250.001,0.0486690886,0.04770813751201458,-0.0009609510879854191
130330.001,0.0485875569,0.0476853354693592,-0.0009022214306408025
130410.001,0.0485890396,0.047662516276645805,-0.0009265233233541961
130490.001,0.0485645793,0.047639695600707875,-0.0009248836992921255
130570.001,0.0485349335,0.047616863649092726,-0.0009180698509072757
130650.001,0.0485223345,0.04759153038566408,-0.000930804114335923
130730.001,0.0485230722,0.047563659027225466,-0.000959413172774537
130810.001,0.048491206,0.04753578987509381,-0.0009554161249061902
130890.001,0.0484800823,0.04750791359156466,-0.0009721687084353406
130970.001,0.0484519191,0.04748003797612185,-0.0009718811238781447
131050.001,0.0484237485,0.04745215601587539,-0.0009715924841246157
131130.00100000002,0.0483814962,0.04742428677840462,-0.0009572094215953772
131210.00100000002,0.0483555607,0.04739641609218787,-0.0009591446078121291
131300.00100000002,0.0483852066,0.047365008972555266,-0.0010201976274447355
131380.00100000002,0.0483496301,0.047337124717783285,-0.0010125053822167135
131460.00100000002,0.0482784696,0.04731187143912793,-0.0009665981608720717
131540.00100000002,0.0482918136,0.04728812199989015,-0.0010036916001098448
131620.00100000002,0.0482436381,0.04726439025412518,-0.0009792478458748172
131700.00100000002,0.0482503064,0.04724063521850226,-0.0010096711814977372
131780.00100000002,0.0482080616,0.04721689375348847,-0.0009911678465115287
131860.00100000002,0.0482036136,0.04719313445900694,-0.0010104791409930591
131940.00100000002,0.0481769331,0.04716939376820337,-0.0010075393317966266
132020.00100000002,0.0481502451,0.04714562699290941,-0.0010046181070905921
132100.00100000002,0.0481339432,0.04712187510018189,-0.00101206809981811
132180.00100000002,0.0481131859,0.04709810383364225,-0.0010150820663577531
132260.00100000002,0.0480709411,0.04708512093942504,-0.0009858201605749614
132340.00100000002,0.0480457358,0.04707474973045045,-0.0009709860695495537
132430.00100000002,0.0480175726,0.047039910266144465,-0.0009776623338555376
132510.00100000002,0.0479775481,0.04700895569687108,-0.0009685924031289234
132590.00100000002,0.047990147,0.046977967543021845,-0.0010121794569781517
132670.00100000002,0.0479264073,0.04694701822645818,-0.0009793890735418226
132750.00100000002,0.0479508676,0.04691602083453725,-0.0010348467654627547
132830.00100000002,0.0478989817,0.04688506101177823,-0.0010139206882217727
132910.00100000002,0.0478678532,0.046854090463409284,-0.0010137627365907134
132990.00100000002,0.0478463583,0.04682311609609291,-0.0010232422039070932
133070.00100000002,0.0478470959,0.04679210427544847,-0.0010549916245515267
133150.00100000002,0.0477989204,0.0467615437359186,-0.0010373766640814006
133230.00100000002,0.0477759428,0.04673204168342435,-0.0010439011165756518
133310.00100000002,0.0477626063,0.04670252089488826,-0.001060085405111745
133390.00100000002,0.047755193,0.04667299954199026,-0.0010821934580097434
133480.00100000002,0.0477129407,0.046639794337374384,-0.001073146362625614
133560.00100000002,0.0476929285,0.046610279784504646,-0.001082648715495356
133640.00100000002,0.0476254784,0.04658077923906898,-0.0010446991609310147
133720.00100000002,0.0476225205,0.04655124574909008,-0.0010712747509099216
133800.00100000002,0.0476032458,0.046521709195505585,-0.0010815366044944139
133880.00100000002,0.047569152,0.04649218908653829,-0.0010769629134617167
133960.00100000002,0.0475172661,0.0464607252174499,-0.0010565408825500971
134040.00100000002,0.0475268997,0.046426426405186405,-0.0011004732948135948
134120.00100000002,0.0474876203,0.046392142882434054,-0.0010954774175659446
134200.00100000002,0.0474357344,0.0463578660558625,-0.001077868344137499
134280.00100000002,0.0474283211,0.04632357041912461,-0.0011047506808753854
134360.00100000002,0.047396455,0.04628927307670082,-0.001107181923299179
134440.00100000002,0.0473564304,0.04625497711622568,-0.0011014532837743257
134530.00100000002,0.0473445691,0.04621638252469759,-0.0011281865753024062
134610.00100000002,0.0473282598,0.0461820726234014,-0.0011461871765986037
134690.00100000002,0.0472711883,0.046147770520962965,-0.0011234177790370378
134770.00100000002,0.0472534038,0.04611378868261165,-0.0011396151173883526
134850.00100000002,0.0472163446,0.046080062578230586,-0.001136282021769415
134930.00100000002,0.047188919,0.04604633648497918,-0.0011425825150208208
135010.00100000002,0.0471652038,0.04601260704466801,-0.0011525967553319902
135090.00100000002,0.0471348129,0.0459788758028342,-0.001155937097165806
135170.00100000002,0.0471118353,0.04594514139211331,-0.0011666939078866928
135250.00100000002,0.0470673554,0.0459114103079792,-0.0011559450920207992
135330.00100000002,0.0470354818,0.045877673811270475,-0.0011578079887295256
135410.00100000002,0.0470169522,0.045843919234723016,-0.0011730329652769877
135490.00100000002,0.0469821207,0.045810171970818284,-0.001171948729181714
135570.00100000002,0.0469583981,0.04579790003195243,-0.0011604980680475704
135660.00100000002,0.046913188,0.04576233089748098,-0.0011508571025190192
135740.00100000002,0.0468835421,0.045722786865519734,-0.001160755234480268
135820.00100000002,0.0468590818,0.045683237244522536,-0.001175844555477465
135900.00100000002,0.0468175747,0.04564368700551161,-0.0011738876944883958
135980.00100000002,0.0467842184,0.04560413701854727,-0.00118008138145273
136060.00100000002,0.0467508696,0.045564574080461336,-0.001186295519538666
136140.00100000002,0.0467256643,0.04552500254504876,-0.0012006617549512391
136220.00100000002,0.0466819368,0.04548544459112543,-0.0011964922088745639
136300.00100000002,0.0466671102,0.04544586160692594,-0.0012212485930740632
136380.00100000002,0.0466374643,0.04540628523840412,-0.00123117906159588
136460.00100000002,0.0465848409,0.04536589113660705,-0.00121894976339295
136540.00100000002,0.0465351827,0.04532543087103947,-0.0012097518289605272
136620.00100000002,0.0465292521,0.04528493470017637,-0.0012443173998236343
136710.00100000002,0.0464758836,0.045239399481813485,-0.0012364841181865122
136790.00100000002,0.046439562,0.04519892118800642,-0.0012406408119935777
136870.00100000002,0.0464173295,0.04515842601260907,-0.0012589034873909319
136950.00100000002,0.0463973172,0.04511792459858335,-0.0012793926014166498
137030.00100000002,0.0463283844,0.0450774473896765,-0.0012509370103234996
137110.00100000002,0.0463224538,0.04503692243196829,-0.0012855313680317157
137190.00100000002,0.0462705754,0.04499613544682312,-0.00127443995317688
137270.00100000002,0.0462268405,0.044950952202343006,-0.0012758882976569921
137350.00100000002,0.046187561,0.04490576913179543,-0.001281791868204575
137430.00100000002,0.046169769,0.04486056425622457,-0.0013092047437754314
137510.00100000002,0.0461134426,0.044815383405415465,-0.0012980591945845332
137590.00100000002,0.0460615493,0.04477019590122706,-0.0012913533987729403
137670.00100000002,0.0460526533,0.044724978355504014,-0.0013276749444959893
137760.00100000002,0.0460118912,0.04467410881705646,-0.0013377823829435406
137840.00100000002,0.0459770523,0.04462889736382747,-0.0013481549361725326
137920.00100000002,0.0459296219,0.04458369214823415,-0.0013459297517658536
138000.00100000002,0.0458747707,0.04453853384826972,-0.0013362368517302811
138080.00100000002,0.0458310433,0.04449358917407489,-0.0013374541259251055
138160.00100000002,0.0458169542,0.04444860963220002,-0.0013683445677999811
138240.00100000002,0.0457435735,0.04440367673812723,-0.0013398967618727733
138320.00100000002,0.0457250439,0.04435869564616462,-0.0013663482538353797
138400.00100000002,0.0456813164,0.04431371963878776,-0.0013675967612122378
138480.00100000002,0.0456227623,0.04426876238143839,-0.0013539999185616103
138560.00100000002,0.0456146114,0.04422375628675229,-0.0013908551132477062
138640.00100000002,0.0455434509,0.04417879552495698,-0.0013646553750430168
138720.00100000002,0.0455026887,0.044133809018381855,-0.0013688796816181473
138800.00100000002,0.0454826765,0.044084047733472576,-0.0013986287665274239
138890.00100000002,0.0453989245,0.04402421020259387,-0.0013747142974061266
138970.00100000002,0.0453588925,0.043970994609449005,-0.001387897890550993
139050.00100000002,0.045323316,0.04391777842632101,-0.0014055375736789916
139130.00100000002,0.0452944078,0.043864544228476916,-0.0014298635715230823
139210.00100000002,0.0452788435,0.04381129210822295,-0.0014675513917770458
139290.00100000002,0.0452024974,0.04375807380408301,-0.0014444235959169896
139370.00100000002,0.0451832302,0.04370481428080709,-0.001478415919192913
139450.00100000002,0.0451061465,0.04365158283279431,-0.0014545636672056925
139530.00100000002,0.0450461097,0.04359835038504855,-0.0014477593149514537
139610.00100000002,0.0450461097,0.04354485018759121,-0.0015012595124087938
139690.00100000002,0.04496013,0.04349132300079462,-0.0014688069992053812
139770.00100000002,0.0449497513,0.04343772980123107,-0.0015120214987689312
139850.00100000002,0.0448860116,0.04338416188186425,-0.0015018497181357449
139940.00100000002,0.0448104106,0.04332390072236713,-0.001486509877632873
140020.00100000002,0.0447852127,0.04327031456519599,-0.0015148981348040089
140100.00100000002,0.0447140522,0.043216747063611005,-0.0014973051363889947
140180.00100000002,0.0447021984,0.043163129147735756,-0.0015390692522642413
140260.00100000002,0.0446273349,0.043109550120319876,-0.0015177847796801272
140340.00100000002,0.0445984267,0.0430559287815073,-0.0015424979184927023
140420.00100000002,0.0445546918,0.043000745804826386,-0.0015539459951736112
140500.00100000002,0.0444701947,0.04294528404387846,-0.0015249106561215434
140580.00100000002,0.0444361009,0.0428897999655446,-0.0015463009344553955
140660.00100000002,0.0444012694,0.04283431899215018,-0.0015669504078498209
140740.00100000002,0.0443612449,0.04277880215579117,-0.0015824427442088299
140820.00100000002,0.0442900918,0.042723320834812575,-0.001566770965187425
140900.00100000002,0.0442478396,0.042667803865459764,-0.0015800357345402347
140990.00100000002,0.0441663079,0.04260537355641623,-0.0015609343435837725
141070.00100000002,0.044145558,0.042549828771100445,-0.0015957292288995562
141150.00100000002,0.0440996028,0.04249429161375864,-0.0016053111862413608
141230.00100000002,0.0440462343,0.04243445022254995,-0.0016117840774500514
141310.00100000002,0.0439795218,0.04237447609979368,-0.001605045700206316
141390.00100000002,0.0439246781,0.04231449761080199,-0.0016101804891980112
141470.00100000002,0.0438631587,0.04225450983793026,-0.0016086488620697392
141550.00100000002,0.043839436,0.04219449107739827,-0.0016449449226017335
141630.00100000002,0.0437519811,0.04213451757707115,-0.0016174635229288456
141710.00100000002,0.0436949097,0.04207450028861919,-0.0016204094113808076
141790.00100000002,0.0436304249,0.042014488286507515,-0.0016159366134924844
141870.00100000002,0.0436007716,0.041954444611165945,-0.0016463269888340529
141950.00100000002,0.0435555615,0.04189271471403065,-0.0016628467859693477
142030.00100000002,0.0435036756,0.041825158107737716,-0.001678517492262284
142120.00100000002,0.0434480868,0.041749148707589494,-0.0016989380924105069
142200.00100000002,0.0433547013,0.04168162299875125,-0.0016730783012487496
142280.00100000002,0.0433183797,0.04161403528697043,-0.0017043444130295723
142360.00100000002,0.0432613082,0.041546464145219224,-0.0017148440547807772
142440.00100000002,0.0432123877,0.04147887846132741,-0.0017335092386725898
142520.00100000002,0.0431582816,0.04141127945693584,-0.0017470021430641622
142600.00100000002,0.0430745222,0.041343691601384756,-0.0017308305986152434
142680.00100000002,0.043028567,0.041276072917249995,-0.0017524940827500016
142760.00100000002,0.0429396294,0.04120725161274325,-0.0017323777872567461
142840.00100000002,0.0429077558,0.04113611661418794,-0.0017716391858120656
142920.00100000002,0.0428343751,0.04106500744560818,-0.0017693676543918194
143000.00100000002,0.0427669324,0.04099388538371563,-0.0017730470162843695
143080.00100000002,0.0427231975,0.04092274412346908,-0.001800453376530918
143170.00100000002,0.042675022,0.04084267733744553,-0.0018323446625544693
143250.00100000002,0.0426090546,0.04077152860076281,-0.0018375259992371926
143330.00100000002,0.0425378941,0.04070035167880447,-0.0018375424211955343
143410.00100000002,0.0424533971,0.040629198518341646,-0.0018241985816583525
143490.00100000002,0.0424096696,0.0405580100414677,-0.0018516595585322954
143570.00100000002,0.0423481502,0.04048611694378723,-0.0018620332562127653
143650.00100000002,0.0422784798,0.040413510919153926,-0.0018649688808460713
143730.00100000002,0.0422206633,0.04034088698644433,-0.0018797763135556741
143810.00100000002,0.0421554409,0.04026825203122387,-0.0018871888687761323
143890.00100000002,0.0420598276,0.04019564172864856,-0.0018641858713514398
143970.00100000002,0.0420161001,0.04012298755644932,-0.001893112543550679
144050.00100000002,0.0419790335,0.0400502902234152,-0.0019287432765848003
144130.00100000002,0.0418715663,0.03997765279772967,-0.0018939135022703335
144220.00100000002,0.0418196805,0.03989585804956799,-0.0019238224504320098
144300.00100000002,0.0417322181,0.039823188685603875,-0.0019090294143961281
144380.00100000002,0.041673664,0.039747479075358146,-0.0019261849246418536
144460.00100000002,0.0416217782,0.03966985607249577,-0.0019519221275042312
144540.00100000002,0.0415395088,0.03959223815629057,-0.001947270643709427
144620.00100000002,0.0414868779,0.039514594267580694,-0.0019722836324193027
144700.00100000002,0.041420918,0.039436944237281876,-0.0019839737627181248
144780.00100000002,0.0413675494,0.0393592693762403,-0.0020082800237597037
144860.00100000002,0.0412615575,0.03928163542065364,-0.001979922079346358
144940.00100000002,0.041208189,0.03920394961214302,-0.0020042393878569806
145020.00100000002,0.0411296226,0.03912626018111539,-0.002003362418884609
145100.00100000002,0.0410695858,0.039048543540278986,-0.002021042259721016
145180.00100000002,0.0409954675,0.03897054193631569,-0.0020249255636843114
145260.00100000002,0.0409020744,0.038892389613559966,-0.002009684786440036
145350.00100000002,0.0408338867,0.03880442154479849,-0.0020294651552015125
145430.00100000002,0.040770147,0.038723138383222486,-0.002047008616777514
145510.00100000002,0.0406693406,0.038636639161706066,-0.0020327014382939337
145590.00100000002,0.0406315438,0.03855007685219446,-0.0020814669478055395
145670.00100000002,0.0405433364,0.03846352057973448,-0.002079815820265521
145750.00100000002,0.0404551364,0.03837700080809394,-0.0020781355919060607
145830.00100000002,0.0403765701,0.03829044299621389,-0.0020861271037861118
145910.00100000002,0.0403128229,0.03820383741349071,-0.002108985486509292
145990.00100000002,0.0402350016,0.038117250140074645,-0.002117751459925356
146070.00100000002,0.0401719995,0.038030600564922426,-0.0021413989350775736
146150.00100000002,0.0400734209,0.037943999402937724,-0.0021294214970622727
146230.00100000002,0.0400222726,0.03785594451467317,-0.002166328085326831
146310.00100000002,0.0399555676,0.03776555895271647,-0.0021900086472835256
146400.00100000002,0.0398480929,0.03766387532930484,-0.00218421757069516
146480.00100000002,0.0397739746,0.03757348346724216,-0.0022004911327578383
146560.00100000002,0.0396650173,0.03748309978757363,-0.0021819175124263707
146640.00100000002,0.039587196,0.037392667937089875,-0.0021945280629101227
146720.00100000002,0.0395330824,0.03730219546337376,-0.002230886936626243
146800.00100000002,0.0394211672,0.03721175878699574,-0.0022094084130042657
146880.00100000002,0.0393448211,0.03712127744978445,-0.0022235436502155564
146960.00100000002,0.0392669924,0.03703077369957454,-0.002236218700425459
147040.00100000002,0.039189171,0.036935276022764016,-0.002253894977235986
147120.00100000002,0.0391076393,0.03683480790088279,-0.0022728313991172075
147200.00100000002,0.0390298106,0.03673429526076276,-0.0022955153392372404
147280.00100000002,0.0389505066,0.03663379906213212,-0.0023167075378678764
147360.00100000002,0.0388578586,0.036533262866633394,-0.0023245957333666092
147450.00100000002,0.0387585349,0.03642017488614476,-0.002338360013855241
147530.00100000002,0.038670335,0.03631961982150276,-0.002350715178497241
147610.00100000002,0.0385821275,0.03621903074966673,-0.0023630967503332698
147690.00100000002,0.0384991132,0.03611843534585949,-0.002380677854140506
147770.00100000002,0.0384205468,0.036017794639215395,-0.002402752160784602
147850.00100000002,0.0383479111,0.0359219580275637,-0.0024259530724363015
147930.00100000002,0.0382359959,0.03582898084101103,-0.002407015058988972
148010.00100000002,0.0381062813,0.03573596903167593,-0.0023703122683240707
148090.00100000002,0.0380766355,0.03564289137820449,-0.002433744121795506
148170.00100000002,0.0379535966,0.035549847180708756,-0.0024037494192912442
148250.00100000002,0.0378913321,0.03545663498142518,-0.002434697118574823
148330.00100000002,0.0377897881,0.03534719317216101,-0.0024425949278389925
148410.00100000002,0.0376845412,0.03523774719890004,-0.0024467940010999556
148490.00100000002,0.0375844799,0.03512826462047269,-0.0024562152795273087
148580.00100000002,0.0375088789,0.03500503778707115,-0.0025038411129288535
148660.00100000002,0.0374117829,0.03489548936829886,-0.0025162935317011442
148740.00100000002,0.0372998603,0.03478592940373366,-0.0025139308962663434
148820.00100000002,0.0371916406,0.034676357330800774,-0.0025152832691992255
148900.00100000002,0.0371353142,0.034566708037034655,-0.0025686061629653437
148980.00100000002,0.0370122753,0.034457085047939484,-0.002555190252060517
149060.00100000002,0.0369181447,0.03434687921917025,-0.002571265480829754
149140.00100000002,0.0368373506,0.034233222421138,-0.002604128178861999
149220.00100000002,0.0367195047,0.03411960158833864,-0.0025999031116613613
149300.00100000002,0.0366572402,0.034005880256723686,-0.002651359943276317
149380.00100000002,0.0365527384,0.033892156592337346,-0.002660581807662654
149460.00100000002,0.036451932,0.033778416750642436,-0.0026735152493575637
149540.00100000002,0.0363414921,0.033664657653139175,-0.002676834446860822
149630.00100000002,0.0362473615,0.03353660594600182,-0.002710755553998176
149710.00100000002,0.0361169092,0.03342278775571345,-0.0026941214442865458
149790.00100000002,0.0360035039,0.03330893290424526,-0.002694570995754736
149870.00100000002,0.0359012224,0.03319231944807055,-0.002708902951929451
149950.00100000002,0.0358122773,0.03306800176792759,-0.0027442755320724113
150030.00100000002,0.0357159264,0.032943640331657975,-0.0027722860683420253
150110.00100000002,0.0356180854,0.03281925748982138,-0.0027988279101786168
150190.00100000002,0.0354654007,0.0326948905203952,-0.002770510179604793
150270.00100000002,0.0353935026,0.03257043358295681,-0.0028230690170431907
150350.00100000002,0.0352756493,0.032445952225886594,-0.002829697074113409
150430.00100000002,0.0351748504,0.03232141191258396,-0.002853438487416038
150510.00100000002,0.0350614451,0.03219685841152532,-0.0028645866884746754
150590.00100000002,0.0349702798,0.03207224021755436,-0.0028980395824456384
150680.00100000002,0.0348442756,0.03193355181059135,-0.0029107237894086535
150760.00100000002,0.0347323529,0.03181283148112999,-0.0029195214188700094
150840.00100000002,0.0346211754,0.03169205456895506,-0.0029291208310449415
150920.00100000002,0.0345048048,0.031571240387962655,-0.0029335644120373414
151000.00100000002,0.0343602784,0.031450429253712664,-0.0029098491462873355
151080.00100000002,0.034255024,0.03132952482230821,-0.00292549917769179
151160.00100000002,0.0341379158,0.031198622246469923,-0.0029392935535300785
151240.00100000002,0.0340348892,0.03105210092566811,-0.0029827882743318906
151320.00100000002,0.0339370556,0.030905510388979696,-0.0030315452110203055
151400.00100000002,0.0338303186,0.03075887990991919,-0.0030714386900808077
151480.00100000002,0.0336798541,0.03061223258989989,-0.0030676215101001145
151560.00100000002,0.033567939,0.030465527247888636,-0.003102411752111362
151640.00100000002,0.0334612019,0.03031873362164872,-0.003142468278351282
151720.00100000002,0.0333211161,0.030171941827221653,-0.003149174272778346
151810.00100000002,0.033178065,0.030006729846648622,-0.0031713351533513776
151890.00100000002,0.0330513231,0.029859799018255386,-0.0031915240817446157
151970.00100000002,0.0329623781,0.029713202451303242,-0.0032491756486967595
152050.00100000002,0.0328348912,0.02956693935588192,-0.003267951844118079
152130.00100000002,0.0326799788,0.029420695515173793,-0.0032592832848262095
152210.00100000002,0.0325747319,0.029274322767698376,-0.003300409132301625
152290.00100000002,0.0324665196,0.029127866938453678,-0.003338652661546322
152370.00100000002,0.032354597,0.02898137194707598,-0.00337322505292402
152450.00100000002,0.0322063603,0.028834830149946943,-0.003371530150053058
152530.00100000002,0.0320381038,0.028688252056555775,-0.0033498517434442272
152610.00100000002,0.0319313742,0.028541513408159136,-0.003389860791840865
152690.00100000002,0.0318046324,0.028394750167690594,-0.003409882232309404
152770.00100000002,0.0316474997,0.02823997717795596,-0.0034075225220440396
152860.00100000002,0.0315207504,0.028057506915279518,-0.0034632434847204803
152940.00100000002,0.0313636176,0.027895272410805395,-0.003468345189194602
153020.00100000002,0.0312220473,0.02773294250093749,-0.0034891047990625104
153100.00100000002,0.0310930815,0.027570491734787397,-0.0035225897652126047
153180.00100000002,0.0309796762,0.027407926258037504,-0.0035717499419624966
153260.00100000002,0.0308180992,0.027245358439287624,-0.0035727407607123764
153340.00100000002,0.0306846816,0.027082643029293748,-0.0036020385707062515
153420.00100000002,0.0305453371,0.02691983160954649,-0.0036255054904535088
153500.00100000002,0.0303785708,0.02675697114262954,-0.00362159965737046
153580.00100000002,0.0302458908,0.02659983136814835,-0.0036460594318516518
153660.00100000002,0.0300924648,0.026445759398816094,-0.0036467054011839056
153740.00100000002,0.0299805459,0.02628173343220595,-0.0036988124677940493
153820.00100000002,0.0298100729,0.026102995622375405,-0.0037070772776245965
153910.00100000002,0.0296521951,0.025901703597879112,-0.003750491502120888
153990.00100000002,0.0295150746,0.02572265259467792,-0.0037924220053220797
154070.00100000002,0.0293394085,0.025543513848399826,-0.003795894651600174
154150.00100000002,0.0292393472,0.025364162159175932,-0.0038751850408240696
154230.00100000002,0.0290599782,0.02518476328325761,-0.0038752149167423887
154310.00100000002,0.0289006215,0.025005234519316428,-0.0038953869806835732
154390.00100000002,0.0287471954,0.024825561190656424,-0.003921634209343577
154470.00100000002,0.028590804,0.02464574463520551,-0.0039450593647944905
154550.00100000002,0.0284351502,0.02446353785057961,-0.003971612349420388
154630.00100000002,0.0282846894,0.02427916384586569,-0.004005525554134311
154710.00100000002,0.0281275567,0.024094635726310997,-0.004032920973689003
154790.00100000002,0.0279807989,0.02390991767503965,-0.004070881224960351
154870.00100000002,0.0277947579,0.0237251098538463,-0.004069648046153701
154950.00100000002,0.0276354011,0.02354005677602861,-0.004095344323971389
155040.00100000002,0.0274493601,0.023331679186792537,-0.004117680913207463
155120.00100000002,0.0272981543,0.02314624172940831,-0.004151912570591689
155200.00100000002,0.0271365773,0.02296057453477943,-0.004176002765220569
155280.00100000002,0.026949795,0.022774743017364093,-0.004175051982635906
155360.00100000002,0.0267859902,0.022579530546104058,-0.00420645965389594
155440.00100000002,0.0266066212,0.0223792213253149,-0.004227399874685098
155520.00100000002,0.0264746863,0.022178592740641354,-0.004296093559358647
155600.00100000002,0.0262589995,0.021977836023977435,-0.004281163476022566
155680.00100000002,0.0261203963,0.021776704707256053,-0.004343691592743948
155760.00100000002,0.025933614,0.021575379972333157,-0.0043582340276668435
155840.00100000002,0.025758693,0.021373743213473156,-0.004384949786526843
155920.00100000002,0.0255822893,0.02117178424523015,-0.0044105050547698504
156000.00100000002,0.0254177433,0.020969499660107943,-0.004448243639892057
156090.00100000002,0.0252109487,0.02073555556573641,-0.004475393134263591
156170.00100000002,0.0250338037,0.02051116783168809,-0.004522635868311909
156250.00100000002,0.0248633306,0.020286351106774805,-0.004576979493225195
156330.00100000002,0.0247128662,0.020061147949664217,-0.0046517182503357825
156410.00100000002,0.0245260876,0.0198355400785798,-0.0046905475214201985
156490.00100000002,0.0243400428,0.01960949243135473,-0.004730550368645271
156570.00100000002,0.0241480749,0.01938300525386792,-0.004765069646132079
156650.00100000002,0.0239716712,0.019156008959571875,-0.004815662240428124
156730.00100000002,0.0237804409,0.01892851110383438,-0.004851929796165621
156810.00100000002,0.0235921796,0.018700439346810035,-0.004891740253189964
156890.00100000002,0.0233742651,0.018468277896754634,-0.0049059872032453655
156970.00100000002,0.0231904481,0.018226264027715385,-0.004964184072284616
157050.00100000002,0.0230199751,0.01798357957172386,-0.005036395528276141
157140.00100000002,0.0227976162,0.01770974692394125,-0.005087869276058751
157220.00100000002,0.0225930456,0.017465516844056863,-0.005127528755943137
157300.00100000002,0.022399595,0.017220454453291904,-0.005179140546708098
157380.00100000002,0.0221920591,0.01697449164034061,-0.00521756745965939
157460.00100000002,0.0219756309,0.016727637602556522,-0.005247993297443479
157540.00100000002,0.0218236838,0.016479595626642533,-0.005344088173357468
157620.00100000002,0.0216072556,0.01623053395388602,-0.005376721646113979
157700.00100000002,0.0213737804,0.0159771157417223,-0.005396664658277699
157780.00100000002,0.0211706888,0.015717731806737852,-0.005452956993262148
157860.00100000002,0.0209750142,0.01545685450077014,-0.00551815969922986
157940.00100000002,0.0207741503,0.015194373012639727,-0.005579777287360272
158020.00100000002,0.0205584634,0.014930184349356144,-0.005628279050643857
158100.00100000002,0.0203272123,0.01466409527829029,-0.005663117021709711
158180.00100000002,0.020118935,0.014395879029111628,-0.005723055970888373
158270.00100000002,0.0198543277,0.01406907686449343,-0.005785250835506571
158350.00100000002,0.0196490157,0.013771016633155763,-0.0058779990668442385
158430.00100000002,0.0194511171,0.013469883518159077,-0.005981233581840922
158510.00100000002,0.019217642,0.013165379950313909,-0.006052262049686091
158590.00100000002,0.0189797189,0.012856979424781105,-0.006122739475218896
158670.00100000002,0.0187492054,0.012544081619300828,-0.006205123780699172
158750.00100000002,0.0185557511,0.012225879744101824,-0.006329871355898176
158830.00100000002,0.0182874408,0.01190174053514769,-0.00638570026485231
158910.00100000002,0.0180598926,0.011570355988753127,-0.0064895366112468714
158990.00100000002,0.0178197492,0.011230398428196522,-0.006589350771803476
159070.00100000002,0.0175951626,0.01087345650236928,-0.006721706097630719
159150.00100000002,0.0173728038,0.010502960865077461,-0.006869842934922538
159230.00100000002,0.0171393286,0.010116192927337881,-0.0070231356726621185
159320.00100000002,0.0168895479,0.009655751604259922,-0.007233796295740077
159400.00100000002,0.0166560691,0.009216133422200658,-0.007439935677799343
159480.00100000002,0.0163773838,0.008736484237687402,-0.007640899562312597
159560.00100000002,0.0161602106,0.008197797302312635,-0.007962413297687364
159640.00100000002,0.0159007926,0.007566182139389322,-0.008334610460610679
159720.00100000002,0.0156361852,0.006771388638242559,-0.00886479656175744
159800.00100000002,0.0154301329,0.005605097706040775,-0.009825035193959226
