time_s,voltage_exp_V,voltage_sim_V,residual_V
0.0,1.0567988157,1.0701061929205016,0.013307377220501682
80.0,0.9341790676,0.7086139268947871,-0.22556514070521294
160.0,0.8567634821,0.6689524133684724,-0.18781106873152753
240.0,0.792222321,0.645733051683175,-0.14648926931682504
320.0,0.748649776,0.6268152108741911,-0.12183456512580892
400.0,0.7211719751,0.6106383811078171,-0.11053359399218288
480.0,0.70250386,0.5961754767578445,-0.10632838324215543
560.0,0.6882587075,0.5831396862690542,-0.10511902123094574
640.0,0.6760571599,0.5705938489803798,-0.10546331091962025
720.0,0.6653167009,0.5595463763407276,-0.10577032455927238
800.0,0.6547184587,0.5481722570647145,-0.1065462016352855
880.0,0.6447933316,0.5380784042932069,-0.1067149273067931
960.0,0.6353158355,0.5321142998883914,-0.10320153561160861
1040.0,0.6260082126,0.5198816639164491,-0.10612654868355087
1130.0,0.6156613231,0.5089583060309105,-0.10670301706908947
1210.0,0.6067013144,0.5002766402436577,-0.10642467415634227
1290.0,0.5979465246,0.5007141312323338,-0.0972323933676662
1370.0,0.5897315145,0.48775988027865885,-0.1019716342213412
1450.0,0.5811932087,0.4802748908739585,-0.10091831782604149
1530.0,0.5725319982,0.4754913071578604,-0.09704069104213958
1610.0,0.5652382374,0.46678919549059067,-0.09844904190940934
1690.0,0.5563768148,0.46313279042751393,-0.09324402437248608
1770.0,0.5482937098,0.45902379542554633,-0.0892699143744537
1850.0,0.5409066081,0.44985785630395225,-0.09104875179604777
1930.0,0.5331125855,0.4421812307759512,-0.09093135472404879
2010.0,0.5289565325,0.44206875675425644,-0.08688777574574352
2090.0,0.5188987851,0.4318351097744025,-0.0870636753255975
2180.0,0.5101219416,0.4258601461973338,-0.0842617954026662
2260.0,0.5031595826,0.4294048316866236,-0.07375475091337647
2340.0,0.500626862,0.4320640791700337,-0.06856278282996625
2420.0,0.4935510457,0.423280391675727,-0.07027065402427302
2500.0,0.4844273031,0.41482731268283934,-0.06959999041716064
2580.0,0.4797583222,0.4125036188190867,-0.06725470338091327
2660.0,0.4781268537,0.4043067188659138,-0.07382013483408623
2740.0,0.4676763117,0.4010979688887754,-0.0665783428112246
2820.0,0.4651524723,0.394869343134431,-0.070283129165569
2900.0,0.4604775608,0.39307195388044286,-0.06740560691955716
2980.0,0.4530164003,0.39177099033630314,-0.06124540996369687
3060.0,0.4461675286,0.39011209016444975,-0.05605543843555022
3140.0,0.4401147068,0.3864741547930219,-0.05364055200697809
3230.0,0.4370993972,0.3809319935438808,-0.05616740365611922
3310.0,0.4286576211,0.37803650294242314,-0.05062111815757686
3390.0,0.4284945428,0.3757520610920432,-0.05274248170795681
3470.0,0.4296167493,0.37217331797430353,-0.05744343132569646
3550.0,0.4324260056,0.36674913485263694,-0.06567687074736306
3630.0,0.423374176,0.3628234380659195,-0.0605507379340805
3710.0,0.4155068696,0.36156024825202954,-0.05394662134797046
3790.0,0.4121832252,0.35915164415848755,-0.053031581041512454
3870.0,0.4050512016,0.3564426095016343,-0.04860859209836571
3950.0,0.4024094939,0.35336004053906767,-0.04904945336093236
4030.0,0.3960542679,0.35023556321775035,-0.045818704682249634
4110.0,0.3941219151,0.3492809319366296,-0.044840983163370374
4190.0,0.392629832,0.3445297091446668,-0.048100122855333216
4270.0,0.3921843469,0.34084511121874617,-0.051339235681253814
4360.0,0.3875754774,0.33717495053242363,-0.050400526867576345
4440.0,0.382815361,0.33704687254069343,-0.04576848845930659
4520.0,0.3793657124,0.3342625852404127,-0.04510312715958731
4600.0,0.3773014247,0.3305861473832101,-0.04671527731678987
4680.0,0.3741808832,0.3272879147208657,-0.04689296847913427
4760.0,0.3688137233,0.3241783920440564,-0.0446353312559436
4840.0,0.3649238348,0.32147437013236596,-0.04344946466763405
4920.0,0.3634473085,0.3196392670520082,-0.04380804144799183
5000.0,0.360886395,0.31676839987835537,-0.04411799512164466
5080.0,0.3589585125,0.3138819423586274,-0.04507657014137262
5160.0,0.3551827371,0.3110421089986611,-0.0441406281013389
5240.0,0.3527752757,0.3092627377585564,-0.04351253794144361
5320.0,0.3490150869,0.3068273807771873,-0.042187706122812696
5410.0,0.3461999595,0.30352749410751495,-0.04267246539248504
5490.0,0.342530936,0.30086993769507037,-0.04166099830492964
5570.0,0.3392784595,0.2985000157167003,-0.0407784437832997
5650.0,0.3378293812,0.2958745555557244,-0.041954825644275606
5730.0,0.3370088637,0.2939963126768659,-0.043012551023134116
5810.0,0.3327550292,0.2911816706050847,-0.04157335859491529
5890.0,0.3293654323,0.2889112975183747,-0.040454134781625295
5970.0,0.3262263834,0.2865713326156581,-0.039655050784341894
6050.0,0.3235565424,0.2842601625974282,-0.03929637980257178
6130.0,0.3217754066,0.28199569297314403,-0.03977971362685595
6210.0,0.3185978234,0.2795774108487053,-0.03902041255129468
6290.0,0.3158968389,0.2775012222208557,-0.03839561667914426
6370.0,0.313013494,0.2751243396029987,-0.0378891543970013
6460.0,0.3109818399,0.2725764037015063,-0.03840543619849368
6540.0,0.3083853722,0.2703845169289051,-0.038000855271094924
6620.0,0.3054953814,0.26815370899246965,-0.037341672407530335
6700.0,0.3028129041,0.2660311344482129,-0.03678176965178709
6780.0,0.3004387915,0.263908688353168,-0.03653010314683203
6860.0,0.297783047,0.2617861966261914,-0.03599685037380862
6940.0,0.2951961756,0.2596637686429163,-0.035532406957083706
7020.0,0.2930548489,0.25754145430779174,-0.03551339459220826
7100.0,0.2905473113,0.255419081660676,-0.03512822963932399
7180.0,0.2884533703,0.25332874682869994,-0.035124623471300076
7260.0,0.2859755158,0.2513352917323907,-0.034640224067609304
7340.0,0.2837333381,0.24934191522901378,-0.03439142287098623
7420.0,0.2813525796,0.24734851976152777,-0.03400405983847221
7500.0,0.2790229321,0.24535489139872174,-0.03366804070127827
7590.0,0.2765791714,0.24311223329220952,-0.03346693810779047
7670.0,0.2742999196,0.2411527443463214,-0.03314717525367861
7750.0,0.2720844448,0.23929490680179646,-0.03278953799820353
7830.0,0.2698934078,0.23743721584601152,-0.03245619195398847
7910.0,0.2678010166,0.23557948765163364,-0.03222152894836636
7990.0,0.2655780911,0.23372174834515405,-0.03185634275484597
8070.0,0.2634648979,0.23186393690598572,-0.03160096099401427
8150.0,0.2612812817,0.2300196756392022,-0.03126160606079778
8230.0,0.2591762841,0.22826962982987803,-0.030906654270121958
8310.0,0.2570971549,0.2265196233351802,-0.03057753156481982
8390.0,0.2549876571,0.22476966625160855,-0.03021799084839144
8470.0,0.2529723346,0.22301963855992155,-0.02995269604007847
8550.0,0.2509302795,0.2212697294788676,-0.02966055002113241
8640.0,0.2486770302,0.2193292134911751,-0.029347816708824914
8720.0,0.2466913313,0.21769123890355005,-0.02900009239644996
8800.0,0.2447093278,0.21605335680664167,-0.028655970993358315
8880.0,0.2427829355,0.21441547551406442,-0.028367459985935567
8960.0,0.2408639342,0.21277747554146198,-0.02808645865853801
9040.0,0.2389345616,0.2111396979730618,-0.0277948636269382
9120.0,0.2370556146,0.2095021627626258,-0.027553451837374204
9200.0,0.2352070063,0.20797241161112104,-0.027234594688878955
9280.0,0.2334548086,0.20644271191735317,-0.02701209668264684
9360.0,0.2315735966,0.20491277418919263,-0.02666082241080736
9440.0,0.2297724634,0.20338283995536277,-0.026389623444637217
9520.0,0.2279587239,0.20185308135464095,-0.026105642545359048
9600.0,0.2262354195,0.20033693385817652,-0.025898485641823482
9690.0,0.2242386043,0.19873716572951575,-0.02550143857048426
9770.0,0.2225278765,0.19731507439561624,-0.025212802104383758
9850.0,0.2208038419,0.19589310963697643,-0.024910732263023566
9930.0,0.2191398293,0.19448869365814497,-0.024651135641855032
10010.0,0.2174498588,0.19320556050288196,-0.02424429829711805
10090.0,0.2157791853,0.19192257543620145,-0.02385660986379856
10170.0,0.2141848505,0.19063941014893387,-0.02354544035106612
10250.0,0.2125638276,0.18935620124532948,-0.023207626354670524
10330.0,0.2109576315,0.18811146074816698,-0.02284617075183301
10410.0,0.2093677372,0.1869301919290626,-0.022437545270937387
10490.0,0.2078215778,0.18574880299046923,-0.022072774809530765
10570.0,0.2062642872,0.18456739515233678,-0.02169689204766323
10650.0,0.2047426105,0.18338595970921612,-0.021356650790783888
10730.0,0.2032364756,0.18220477142564714,-0.02103170417435285
10820.0,0.2015487254,0.18097945067750174,-0.020569274722498254
10900.0,0.200074479,0.17989025495963487,-0.02018422404036513
10980.0,0.1986061484,0.17880118847054352,-0.019804959929456467
11059.999999999996,0.1972126812,0.1777119772318897,-0.019500703968110294
11139.999999999996,0.1957991868,0.17662281786718415,-0.01917636893281585
11219.999999999996,0.1944605857,0.17560881599675413,-0.01885176970324587
11299.999999999996,0.1931960732,0.17463944412570578,-0.01855662907429423
11379.999999999996,0.1919241548,0.1736699069544214,-0.01825424784557861
11459.999999999996,0.1906374246,0.17270035006846612,-0.01793707453153387
11539.999999999996,0.1893499494,0.17173098837169853,-0.01761896102830146
11619.999999999996,0.1881314069,0.17076156475543833,-0.017369842144561665
11699.999999999996,0.1869588345,0.16979193724610606,-0.017166897253893948
11779.999999999996,0.1857365668,0.16882247564094985,-0.016914091159050154
11869.999999999996,0.1844476163,0.16773171879606136,-0.016715897503938648
11949.999999999996,0.1832905859,0.16676211590616327,-0.016528469993836725
12029.999999999996,0.1821595132,0.1658376851979516,-0.0163218280020484
12109.999999999996,0.1810677201,0.1649717241407691,-0.01609599595923089
12189.999999999996,0.1799662858,0.16410582604110258,-0.01586045975889741
12269.999999999996,0.1788833886,0.16323994635020123,-0.015643442249798772
12349.999999999996,0.177804932,0.16237405999067261,-0.015430872009327384
12429.999999999996,0.1767464876,0.16150819840441102,-0.015238289195588978
12509.999999999996,0.1757369787,0.16065984785152188,-0.015077130848478115
12589.999999999996,0.1747266948,0.15986346587572672,-0.014863228924273275
12669.999999999996,0.1737149507,0.15906712125982547,-0.014647829440174537
12749.999999999996,0.172698766,0.1582708556108187,-0.014427910389181314
12829.999999999996,0.1717277765,0.1574745901024516,-0.014253186397548412
12919.999999999996,0.170669347,0.15657864698341623,-0.014090700016583774
12999.999999999996,0.1697124541,0.1557822638200205,-0.013930190279979493
13079.999999999996,0.1687748283,0.1550128391482858,-0.013761989151714199
13159.999999999996,0.1678594351,0.15428775335589484,-0.013571681744105168
13239.999999999996,0.1669477522,0.1535626742941484,-0.013385077905851583
13319.999999999996,0.1660494059,0.15283758380762966,-0.013211822092370346
13399.999999999996,0.1651555151,0.15211256481116173,-0.013042950288838284
13479.999999999996,0.1642890424,0.15138743670671662,-0.012901605693283386
13559.999999999996,0.1634144336,0.1506623124097757,-0.012752121190224286
13639.999999999996,0.1625561118,0.14993721613455646,-0.012618895665443552
13719.999999999996,0.1617111415,0.14921208515275225,-0.012499056347247739
13799.999999999996,0.16090101,0.14848689273913354,-0.01241411726086647
13879.999999999996,0.1600997597,0.1477777286306837,-0.012322031069316314
13959.999999999996,0.1592903733,0.1470950322208329,-0.012195341079167116
14049.999999999996,0.1583697945,0.14632702022717198,-0.012042774272828016
14129.999999999996,0.1575959772,0.14564422602978447,-0.011951751170215519
14209.999999999996,0.1568154842,0.14498616572313067,-0.011829318476869327
14289.999999999996,0.1560157388,0.1443526189306037,-0.011663119869396305
14369.999999999996,0.1552975029,0.14371893037340586,-0.011578572526594139
14449.999999999996,0.1544984728,0.1430853400196261,-0.011413132780373897
14529.999999999996,0.1538024843,0.14245166186502242,-0.011350822434977564
14609.999999999996,0.1530390531,0.14181801663849586,-0.01122103646150413
14689.999999999996,0.1522867233,0.14123056247945304,-0.011056160820546973
14769.999999999996,0.1515655369,0.1406582210671736,-0.010907315832826392
14849.999999999996,0.1508480608,0.14008584051130185,-0.010762220288698138
14929.999999999996,0.1501453966,0.13951338917370212,-0.010632007426297885
15009.999999999996,0.1494471729,0.1389409396523634,-0.01050623324763661
15099.999999999996,0.1486429572,0.13829695666104497,-0.010346000538955041
15179.999999999996,0.1479521692,0.13772454679287477,-0.010227622407125242
15259.999999999996,0.1473132521,0.1371520021206551,-0.010161249979344894
15339.999999999996,0.1466513425,0.13664607272585638,-0.010005269774143621
15419.999999999996,0.1459494382,0.13616212308960152,-0.009787315110398487
15499.999999999996,0.1452942044,0.13567810415432444,-0.009616100245675552
15579.999999999996,0.1446426958,0.13519407589090504,-0.009448619909094957
15659.999999999996,0.1440030336,0.13471005673953343,-0.009292976860466567
15739.999999999996,0.1433959752,0.1342259733245166,-0.009170001875483391
15819.999999999996,0.1427622586,0.13374190285832607,-0.009020355741673924
15899.999999999996,0.1421796679,0.13325774815526814,-0.00892191974473186
15979.999999999996,0.1415652186,0.13277362588344951,-0.008791592716550473
16059.999999999996,0.1409507543,0.1322895813055364,-0.008661172994463617
16149.999999999996,0.1403303742,0.13177866624061257,-0.008551707959387422
16229.999999999996,0.1397537142,0.13133296996953792,-0.008420744230462074
16309.999999999996,0.1391770691,0.1309216223137044,-0.008255446786295584
16389.999999999996,0.1385855824,0.13052160279830544,-0.008063979601694554
16469.999999999996,0.1380459964,0.13012155522207106,-0.007924441177928954
16549.999999999996,0.1375041604,0.1297214886691472,-0.007782671730852786
16629.999999999996,0.1370016336,0.12932136085892898,-0.007680272741071026
16709.999999999996,0.1364887208,0.1289212097653306,-0.0075675110346693775
16789.999999999996,0.1359720975,0.12852903496345688,-0.007443062536543116
16869.999999999996,0.135453254,0.12819108449295716,-0.007262169507042837
16949.999999999996,0.1349870414,0.12785304987967652,-0.007133991520323485
17029.999999999996,0.1344741136,0.1275150609475172,-0.006959052652482811
17109.999999999996,0.134008646,0.127177066980352,-0.00683157901964801
17189.999999999996,0.1335528195,0.12683904132696713,-0.006713778173032869
17279.999999999996,0.1330413818,0.12645875288745217,-0.006582628912547822
17359.999999999996,0.1326144487,0.1261207041466027,-0.006493744553397296
17439.999999999996,0.1321778744,0.12578935376095096,-0.0063885206390490445
17519.999999999996,0.1317494661,0.12550377981810643,-0.006245686281893564
17599.999999999996,0.1313306838,0.1252181587348786,-0.006112525065121388
17679.999999999996,0.1309282035,0.12493253813883926,-0.005995665361160751
17759.999999999996,0.1305190623,0.12464693045219159,-0.005872131847808396
17839.999999999996,0.1301544011,0.12436127571411844,-0.005793125385881573
17919.999999999996,0.1297519207,0.12407565121790863,-0.0056762694820913645
17999.999999999996,0.1293887347,0.12378997216134226,-0.0055987625386577505
18079.999999999996,0.1290403754,0.12350429577228601,-0.005536079627713977
18159.999999999996,0.1286356747,0.12321865279723845,-0.005417021902761554
18239.999999999996,0.1283006519,0.12295872450811436,-0.005341927391885645
18329.999999999996,0.1278996617,0.12269499401268995,-0.005204667687310052
18409.999999999996,0.1275735199,0.12246051396724715,-0.005113005932752837
18489.999999999996,0.1272599995,0.12222602700026765,-0.00503397249973235
18569.999999999996,0.1268871725,0.12199160474103302,-0.00489556775896699
18649.999999999996,0.126609236,0.1217571125568955,-0.004852123443104511
18729.999999999996,0.1262756735,0.12152263391061939,-0.0047530395893806004
18809.999999999996,0.1259747595,0.12128815375197471,-0.004686605748025291
18889.999999999996,0.1256619692,0.12105367721691077,-0.0046082919830892355
18969.999999999996,0.1253736466,0.12081918590530023,-0.004554460694699766
19049.999999999996,0.1251112521,0.12059517579539854,-0.004516076304601449
19129.999999999996,0.1248259023,0.12039271917132333,-0.004433183128676674
19209.999999999996,0.1245205328,0.12019936048246783,-0.004321172317532165
19289.999999999996,0.1242284998,0.12000601832371406,-0.004222481476285941
19379.999999999996,0.1239386722,0.11978844420923371,-0.004150227990766295
19459.999999999996,0.1237014905,0.11959503761397695,-0.004106452886023043
19539.999999999996,0.1234472618,0.11940161777344144,-0.004045644026558562
19619.999999999996,0.1231848821,0.11920822365067937,-0.00397665844932063
19699.999999999996,0.1229113862,0.11901484766299839,-0.003896538537001615
19779.999999999996,0.1227156892,0.11882139295542331,-0.0038942962445766977
19859.999999999996,0.1224792525,0.11862795812593595,-0.0038512943740640487
19939.999999999996,0.1222502217,0.11844946663778531,-0.0038007550622146807
20019.999999999996,0.1219974682,0.11827592000554944,-0.003721548194450558
20099.999999999996,0.1217728928,0.11810235131006631,-0.0036705414899336902
20179.999999999996,0.1215675697,0.11792875774295306,-0.0036388119570469474
20259.999999999996,0.1213474348,0.11775516881546577,-0.003592265984534229
20339.999999999996,0.1211487874,0.11758154929925473,-0.0035672381007452736
20419.999999999996,0.1209375486,0.11740795614878141,-0.0035295924512185883
20509.999999999996,0.1207114831,0.11721265511699874,-0.0034988279830012597
20589.999999999996,0.120498769,0.11703905548866719,-0.0034597135113328126
20669.999999999996,0.120276399,0.1168654557811682,-0.0034109432188317995
20749.999999999996,0.1200955436,0.11670327001625715,-0.003392273583742847
20829.999999999996,0.1198724434,0.116542723513036,-0.003329719886963997
20909.999999999996,0.1196960434,0.116382130053588,-0.003313913346411998
20989.999999999996,0.119524084,0.11622150020240345,-0.003302583797596556
21069.999999999996,0.1193254367,0.11606088915268382,-0.003264547547316171
21149.999999999996,0.1191238388,0.11590029427242367,-0.0032235445275763386
21229.999999999996,0.1189607605,0.11574644353651832,-0.003214316963481678
21309.999999999996,0.1187762097,0.1155992588848044,-0.0031769508151955894
21389.999999999996,0.1185901687,0.11545207827868109,-0.0031380904213189065
21469.999999999996,0.1184048727,0.11530490253228096,-0.0030999701677190405
21559.999999999996,0.1182395741,0.11513927944229971,-0.0031002946577002866
21639.999999999996,0.1180520579,0.11499207109309856,-0.003059986806901435
21719.999999999996,0.1178749129,0.11484489660933242,-0.0030300162906675837
21799.999999999996,0.1177555695,0.11469765154826915,-0.003057917951730854
21879.999999999996,0.1175673082,0.11455043724237217,-0.003016870957627829
21959.999999999996,0.1174161062,0.11440319578991004,-0.0030129104100899556
22039.999999999996,0.1172337607,0.11425756556907458,-0.0029761951309254103
22119.999999999996,0.1170432791,0.11411289957573696,-0.0029303795242630326
22199.999999999996,0.1169061586,0.11396817427919641,-0.0029379843208035966
22279.999999999996,0.1167564318,0.11382345388864987,-0.0029329779113501375
22359.999999999996,0.1165733561,0.11367875368093132,-0.0028946024190686787
22439.999999999996,0.1164473519,0.11353401607089333,-0.0029133358291066613
22519.999999999996,0.1163079962,0.11338927283041426,-0.002918723369585735
22609.999999999996,0.1161367819,0.1132264340614991,-0.0029103478385009013
22689.999999999996,0.1159915105,0.11308169258091365,-0.0029098179190863577
22769.999999999996,0.1157958433,0.1129369953450592,-0.0028588479549408047
22849.999999999996,0.1156802103,0.11279898909298396,-0.0028812212070160464
22929.999999999996,0.1155201122,0.11266322055118155,-0.0028568916488184437
23009.999999999996,0.1153474078,0.11252746433962049,-0.0028199434603795037
23089.999999999996,0.1152206585,0.11239166892594246,-0.0028289895740575416
23169.999999999996,0.1150939092,0.11225584873745585,-0.0028380604625441452
23249.999999999996,0.1149130538,0.11212008753451726,-0.002792966265482741
23329.999999999996,0.1148100272,0.11198426350249306,-0.002825763697506936
23409.999999999996,0.1146595702,0.11184845489494792,-0.0028111153050520837
23489.999999999996,0.1145046577,0.11171264943089214,-0.0027920082691078596
23569.999999999996,0.1143341884,0.11157687103977308,-0.002757317360226913
23649.999999999996,0.1142244861,0.1114402093319361,-0.0027842767680638925
23739.999999999996,0.1140725538,0.11128614765010399,-0.0027864061498960174
23819.999999999996,0.1138709262,0.11114925885994228,-0.002721667340057715
23899.999999999996,0.1137760505,0.11101230452049166,-0.0027637459795083474
23979.999999999996,0.1136381999,0.11087534596801782,-0.0027628539319821815
24059.999999999996,0.1134669706,0.11073843346999866,-0.0027285371300013322
24139.999999999996,0.1133557931,0.11060146672743494,-0.0027543263725650635
24219.999999999996,0.1131942198,0.11046452942644333,-0.0027296903735566647
24299.999999999996,0.1130252257,0.11032760771981612,-0.002697617980183878
24379.999999999996,0.1128947809,0.11019065424476711,-0.002704126655232897
24459.999999999996,0.1127821133,0.11004755023743898,-0.0027345630625610212
24539.999999999996,0.1126338765,0.10990362766913256,-0.002730248830867435
24619.999999999996,0.1124522761,0.1097597316136354,-0.0026925444863645925
24699.999999999996,0.1123670265,0.10961580157051692,-0.0027512249294830704
24789.999999999996,0.1122121289,0.10945386983375617,-0.002758259066243829
24869.999999999996,0.1120586917,0.10930992621496421,-0.0027487654850357895
24949.999999999996,0.111920096,0.10916599502924035,-0.0027541009707596487
25029.999999999996,0.1117822304,0.10902204179906824,-0.0027601886009317594
25109.999999999996,0.1116443649,0.10887809760739336,-0.002766267292606636
25189.999999999996,0.1114961281,0.10873416060216386,-0.0027619674978361375
25269.999999999996,0.1113545671,0.10859221469194386,-0.00276235240805614
25349.999999999996,0.111237444,0.1084502383957801,-0.002787205604219911
25429.999999999996,0.1110795662,0.10830826933508159,-0.002771296864918407
25509.999999999996,0.1109461561,0.10816630617323476,-0.002779849926765235
25589.999999999996,0.1108216271,0.10802433654370054,-0.0027972905562994588
25669.999999999996,0.110706009,0.1078823673033477,-0.002823641696652293
25749.999999999996,0.1105496064,0.10774041148588762,-0.002809194914112384
25839.999999999996,0.110395439,0.10758069597863633,-0.0028147430213636693
25919.999999999996,0.1102501675,0.10743871187355267,-0.002811455626447329
25999.999999999996,0.1101100817,0.10729627513171329,-0.0028138065682867114
26079.999999999996,0.1099596247,0.10715081039426147,-0.0028088143057385245
26159.999999999996,0.1098113731,0.10700534966483176,-0.0028060234351682395
26239.999999999996,0.1096816584,0.10685987040096864,-0.002821787999031364
26319.999999999996,0.1095423177,0.10671437088283195,-0.0028279468171680533
26399.999999999996,0.109368138,0.10656893153613899,-0.0027992064638610176
26479.999999999996,0.1092584357,0.10642343682013229,-0.0028349988798677117
26559.999999999996,0.1090812907,0.10627798818456512,-0.002803302515434883
26639.999999999996,0.1089649275,0.10613247636764303,-0.0028324511323569723
26719.999999999996,0.1087900028,0.10598701004021449,-0.0028029927597855026
26799.999999999996,0.1086551026,0.10584091193113171,-0.0028141906688682883
26879.999999999996,0.1085231677,0.10569059101159277,-0.0028325766884072373
26969.999999999996,0.1083497256,0.10552149766888884,-0.002828227931111163
27049.999999999996,0.1082311347,0.10537115608940363,-0.0028599786105963643
27129.999999999996,0.1080932692,0.10522081723353892,-0.002872451966461076
27209.999999999996,0.1079116687,0.10507053630771296,-0.0028411323922870463
27289.999999999996,0.1077849194,0.10492019877073558,-0.0028647206292644195
27369.999999999996,0.1076048166,0.10476989978835322,-0.0028349168116467843
27449.999999999996,0.1074995548,0.10461955813414947,-0.0028799966658505233
27529.999999999996,0.1073098108,0.10446926294736307,-0.002840547852636932
27609.999999999996,0.1072104946,0.10432763796798067,-0.002882856632019329
27689.999999999996,0.1070600301,0.1042118150665134,-0.0028482150334865897
27769.999999999996,0.1068940014,0.10407208229492501,-0.0028219191050749826
27849.999999999996,0.1067457572,0.10391820022305652,-0.0028275569769434794
27929.999999999996,0.1066190079,0.1037642760900063,-0.0028547318099937102
28019.999999999996,0.1064552069,0.10359111928806694,-0.002864087611933061
28099.999999999996,0.1062765792,0.10343725021924134,-0.002839328980758657
28179.999999999996,0.1061439067,0.10328334637612648,-0.0028605603238735233
28259.999999999996,0.1060052961,0.10312943640738778,-0.002875859692612212
28339.999999999996,0.1058481634,0.10297551615500147,-0.0028726472449985274
28419.999999999996,0.1057051122,0.10282161044863412,-0.002883501751365883
28499.999999999996,0.1055568755,0.10266769656583394,-0.002889178934166056
28579.999999999996,0.1054264158,0.10251292468065692,-0.0029134911193430812
28659.999999999996,0.1052611321,0.1023578937320768,-0.0029032383679232082
28739.999999999996,0.1051188186,0.10220284731088988,-0.002915971289110114
28819.999999999996,0.1049676165,0.10204780060684976,-0.0029198158931502405
28899.999999999996,0.1047964022,0.10189278712973132,-0.002903615070268678
28979.999999999996,0.1046555713,0.10173777366263546,-0.002917797637364536
29069.999999999996,0.1044895425,0.10156333627970039,-0.0029262062202996125
29149.999999999996,0.1043501943,0.10140828754740824,-0.002941906752591761
29229.999999999996,0.1041708291,0.10125326653731528,-0.002917562562684717
29309.999999999996,0.1040500104,0.1010981903612631,-0.0029518200387369103
29389.999999999996,0.10386841,0.10094493495761003,-0.0029234750423899614
29469.999999999996,0.1037342548,0.10079188576251354,-0.0029423690374864586
29549.999999999996,0.1036060303,0.10063879071584853,-0.0029672395841514737
29629.999999999996,0.1034340709,0.10048576290759077,-0.0029483079924092215
29709.999999999996,0.1032791585,0.10033270590318324,-0.002946452596816751
29789.999999999996,0.1031205431,0.10017965103688986,-0.0029408920631101426
29869.999999999996,0.1029811949,0.10002657631967422,-0.0029546185803257796
29949.999999999996,0.1028151736,0.09987352068131963,-0.002941652918680371
30029.999999999996,0.1026543304,0.09972046953070111,-0.0029338608692988793
30109.999999999996,0.1025046036,0.0995674126181575,-0.0029371909818424885
30199.999999999996,0.1023556218,0.09939265569485663,-0.0029629661051433775
30279.999999999996,0.1022110879,0.0992370393767488,-0.0029740485232511993
30359.999999999996,0.1020472869,0.099081439074538,-0.002965847825462012
30439.999999999996,0.1018486395,0.09892587677955268,-0.002922762720447322
30519.999999999996,0.1017411649,0.09877025693341936,-0.0029709079665806437
30599.999999999996,0.1015395597,0.09861468116677677,-0.002924878533223235
30679.999999999996,0.1014306098,0.09845904727131466,-0.0029715625286853425
30759.999999999996,0.1012719944,0.09830344481048235,-0.002968549589517644
30839.999999999996,0.1010985449,0.09814785936636883,-0.0029506855336311755
30919.999999999996,0.1009377092,0.09799227146542548,-0.0029454377345745214
30999.999999999996,0.1007798314,0.09783880725165184,-0.0029410241483481675
31079.999999999996,0.1006249189,0.09768535682635641,-0.002939562073643584
31159.999999999996,0.1004929915,0.09753186713628081,-0.002961124363719189
31249.999999999996,0.1002965644,0.09735922116266908,-0.002937343237330914
31329.999999999996,0.1001461074,0.09720576068569182,-0.0029403467143081785
31409.999999999996,0.1000186205,0.0970522681180063,-0.002966352381993706
31489.999999999996,0.0998577774,0.0968987840507558,-0.002958993349244196
31569.999999999996,0.0996621028,0.09674535145563733,-0.0029167513443626725
31649.999999999996,0.099504225,0.09659189552250437,-0.0029123294774956315
31729.999999999996,0.0993515402,0.09643862500947306,-0.0029129151905269435
31809.999999999996,0.0992144197,0.09628661940885522,-0.002927800291144783
31889.999999999996,0.0990669206,0.09613460968058182,-0.002932310919418174
31969.999999999996,0.0989120007,0.0959826056254735,-0.0029293950745264974
32049.999999999996,0.0987504199,0.0958306072373437,-0.0029198126626562987
32129.999999999996,0.0985725373,0.09567862994031197,-0.0028939073596880305
32209.999999999996,0.0984146595,0.09552663300179275,-0.002888026498207255
32299.999999999996,0.0982538238,0.09535562509633608,-0.0028981987036639234
32379.999999999996,0.0981122479,0.0952036116862107,-0.002908636213789298
32459.999999999996,0.0979439989,0.09505161264932256,-0.002892386250677434
32539.999999999996,0.0978098437,0.0948995936570799,-0.002910250042920101
32619.999999999996,0.0976415873,0.09474766219847769,-0.00289392510152231
32699.999999999996,0.0975015014,0.09459570216306772,-0.00290579923693228
32780.0,0.0973050818,0.09444379368647915,-0.002861288113520849
32860.0,0.0971642509,0.09429185903888755,-0.002872391861112447
32940.0,0.0970100835,0.09413992639738332,-0.0028701571026166772
33020.0,0.0968522131,0.09398797226507635,-0.002864240834923648
33100.0,0.0967113823,0.09383600986844715,-0.00287537243155285
33180.0,0.0965653658,0.09368405593806997,-0.002881309861930026
33260.0,0.0964304656,0.09353209282762931,-0.0028983727723706915
33340.0,0.0962792635,0.09338104325019907,-0.002898220249800937
33430.0,0.0960947052,0.09321417607242093,-0.002880529127579079
33510.0,0.0959257111,0.09306587401257146,-0.0028598370874285406
33590.0,0.09576042,0.0929175730248724,-0.0028428469751275998
33670.0,0.0956440493,0.09276922424258081,-0.002874825057419192
33750.0,0.0954609737,0.0926209038846021,-0.0028400698153979026
33830.0,0.0953186676,0.09247258158685784,-0.0028460860131421656
33910.0,0.0951600522,0.09232425903093913,-0.0028357931690608656
33990.0,0.095016256,0.09217593194913495,-0.0028403240508650396
34070.0,0.0948739424,0.09202757384266684,-0.0028463685573331537
34150.0,0.0947249681,0.09187818822644402,-0.002846779873555985
34230.0,0.0945885852,0.09172707184818976,-0.0028615133518102437
34310.0,0.0944195911,0.09157595782871235,-0.002843633271287657
34390.0,0.0942698643,0.09142485604901525,-0.002845008250984757
34480.0,0.0940756723,0.09125487925008295,-0.0028207930499170447
34560.0,0.0939563438,0.09110375655084144,-0.0028525872491585585
34640.0,0.0937658548,0.09095268192960196,-0.002813172870398048
34720.0,0.093625024,0.09080158685324038,-0.0028234371467596164
34800.0,0.093505688,0.09066342609320165,-0.0028422619067983573
34880.0,0.0933552235,0.09052708820278624,-0.002828135297213763
34960.0,0.0932084695,0.09039073402836326,-0.0028177354716367453
35040.0,0.0930313244,0.09025440579127851,-0.002776918608721493
35120.0,0.0928904936,0.09011805482418858,-0.002772438775811417
35200.0,0.092765227,0.08998169835058377,-0.0027835286494162365
35280.0,0.0926140249,0.08984535868318498,-0.0027686662168150133
35360.0,0.0924694911,0.08970900413784458,-0.0027604869621554173
35440.0,0.092310138,0.0895726525704625,-0.0027374854295375006
35530.0,0.092128545,0.08941926469801433,-0.002709280301985681
35610.0,0.092007719,0.0892814124625512,-0.0027263065374488055
35690.0,0.0918468833,0.08914358017534582,-0.00270330312465418
35770.0,0.0917275473,0.0890057214736331,-0.0027218258263669026
35850.0,0.0915570781,0.08886789700456639,-0.0026891810954336043
35930.0,0.0914303288,0.08873005173690258,-0.002700277063097417
36010.0,0.0912843198,0.08859220179557492,-0.0026921180044250786
36090.0,0.0911338478,0.08845436279033751,-0.0026794850096624884
36170.0,0.090993017,0.08831651950028513,-0.0026764974997148666
36250.0,0.0908336639,0.08817869608743747,-0.0026549678125625253
36330.0,0.0907172933,0.08804085570756161,-0.0026764375924383937
36410.0,0.090542376,0.0879146739158015,-0.002627702084198491
36490.0,0.0904245228,0.08778845635152312,-0.002636066448476887
36570.0,0.0902873948,0.0876622337725097,-0.0026251610274903026
36660.0,0.0901235938,0.08752023976190944,-0.0026033540380905607
36740.0,0.0899827629,0.08739402633343875,-0.0025887365665612505
36820.0,0.0898604691,0.08726779020455834,-0.0025926788954416663
36900.0,0.089722611,0.08714157430346245,-0.0025810366965375448
36980.0,0.0895788074,0.08701537378826978,-0.002563433611730226
37060.0,0.0894409493,0.08688916366253055,-0.002551785637469453
37140.0,0.0893305093,0.08676207351039873,-0.002568435789601267
37220.0,0.0891904235,0.0866292609120766,-0.00256116258792341
37300.0,0.0890436694,0.08649645530468382,-0.0025472140953161776
37380.0,0.088867262,0.08636368226349944,-0.0025035797365005608
37460.0,0.0887538493,0.08623086686578428,-0.002522982434215726
37540.0,0.0886463821,0.08609804333543836,-0.0025483387645616473
37620.0,0.0885181502,0.08596522793420092,-0.00255292226579909
37710.0,0.0883632451,0.08581998655819248,-0.002543258541807522
37790.0,0.0882550329,0.08570360160181599,-0.002551431298184012
37870.0,0.0880764052,0.08558726681258204,-0.0024891383874179607
37950.0,0.0879555792,0.08547089206072613,-0.0024846871392738695
38030.0,0.0878473669,0.08535448753194902,-0.002492879368050982
38110.0,0.0877057984,0.08523811342215791,-0.0024676849778420967
38190.0,0.0875909105,0.08512172018470775,-0.0024691903152922468
38270.0,0.0874397084,0.0850053521322827,-0.0024343562677172914
38350.0,0.0873144493,0.08488897293607925,-0.0024254763639207505
38430.0,0.0871914104,0.08477258657739536,-0.0024188238226046377
38510.0,0.087080963,0.0846560401452115,-0.0024249228547885
38590.0,0.0869290233,0.08453907640304749,-0.002389946896952516
38670.0,0.0868148804,0.08442208041977069,-0.0023927999802293154
38760.0,0.0866925791,0.08429044880244045,-0.0024021302975595488
38840.0,0.0865361914,0.08417349424194971,-0.002362697158050292
38920.0,0.086435385,0.08405649716872843,-0.0023788878312715755
39000.0,0.0863019601,0.08393950534678973,-0.002362454753210272
39080.0,0.0862041265,0.08382251742924157,-0.0023816090707584336
39160.0,0.0860655233,0.08370554460380956,-0.0023599786961904373
39240.0,0.0859580487,0.08358855220256446,-0.002369496497435536
39320.0,0.0858068466,0.08347596531774731,-0.0023308812822526864
39400.0,0.0857149363,0.08337052822729618,-0.0023444080727038213
39480.0,0.0855600312,0.08326512695276314,-0.0022949042472368564
39560.0,0.0854555145,0.08315968773243525,-0.0022958267675647487
39640.0,0.0853561908,0.08305423154895669,-0.0023019592510433035
39720.0,0.0852020234,0.08294882681326848,-0.0022531965867315096
39800.0,0.0850952938,0.08284339994454805,-0.00225189385545195
39890.0,0.0849900469,0.0827247731006576,-0.00226527379934241
39970.0,0.0848314315,0.08261935151130925,-0.002212079988690746
40050.0,0.0847417414,0.08251389450136386,-0.0022278468986361433
40130.0,0.0846268535,0.08240366354191746,-0.0022231899580825443
40210.0,0.0845090002,0.08228872366978958,-0.0022202765302104244
40290.0,0.0844052359,0.08217375067356238,-0.002231485226437624
40370.0,0.0842836797,0.08205885333757897,-0.002224826362421037
40450.0,0.0841680542,0.08195942305087082,-0.00220863114912917
40530.0,0.0840301886,0.08186001538016327,-0.0021701732198367296
40610.0,0.0839330927,0.08176057647008572,-0.0021725162299142814
40690.0,0.0838493407,0.08166111380985523,-0.002188226890144765
40770.0,0.0837433413,0.08156166031762548,-0.0021816809823745204
40850.0,0.0836017728,0.08146223100013368,-0.0021395417998663208
40940.0,0.0834928155,0.08135035602001743,-0.002142459479982567
41020.0,0.0833764523,0.08125092062011256,-0.002125531679887438
41100.0,0.0832786113,0.08115146995085243,-0.002127141349147571
41180.0,0.0831437185,0.08105283363553493,-0.00209088486446507
41260.0,0.0830740482,0.08095944476045086,-0.0021146034395491398
41340.0,0.0829584152,0.08086606992454837,-0.002092345275451629
41420.0,0.0828383416,0.08077270424002424,-0.0020656373599757666
41500.0,0.0827434659,0.08067932273705516,-0.0020641431629448287
41580.0,0.0826182067,0.0805859699528075,-0.002032236747192495
41660.0,0.0825351924,0.08049258005290286,-0.002042612347097142
41740.0,0.0824499503,0.08039919177305357,-0.0020507585269464307
41820.0,0.0823202431,0.08030584137766282,-0.002014401722337175
41900.0,0.0822275952,0.08021245944289475,-0.0020151357571052547
41990.0,0.0821334645,0.08010866112741417,-0.002024803372585829
42070.0,0.0819970742,0.08002029534852788,-0.0019767788514721274
42150.0,0.0819148049,0.07993188708949137,-0.001982917810508633
42230.0,0.0818169639,0.07984350101984916,-0.0019734628801508364
42310.0,0.0817346945,0.07975508575311799,-0.0019796087468820084
42390.0,0.0816494599,0.07966668529023778,-0.0019827746097622195
42470.0,0.0815538391,0.07957827419240467,-0.0019755649075953313
42550.0,0.0814359933,0.07948988339953474,-0.0019461099004652593
42630.0,0.0813255534,0.07940150011039525,-0.0019240532896047519
42710.0,0.0812358707,0.0793130861113575,-0.0019227845886425066
42790.0,0.0811209753,0.079233354129319,-0.0018876211706809892
42870.0,0.08105205,0.07915477801720386,-0.001897271982796142
42950.0,0.0809319764,0.07907621331300468,-0.0018557630869953101
43030.0,0.0808719397,0.07899764408275745,-0.0018742956172425607
43120.0,0.0807014629,0.07890927469415343,-0.001792188205846576
43200.0,0.0807059109,0.07883069088201923,-0.0018752200179807665
43280.0,0.0805925056,0.07875211906325334,-0.0018403865367466604
43360.0,0.0804694667,0.07867356358171289,-0.0017959031182871177
43440.0,0.0804168433,0.0785949737356442,-0.001821869564355802
43520.0,0.0803175271,0.07851644152386814,-0.0018010855761318584
43600.0,0.0802211612,0.07844972904770148,-0.0017714321522985244
43680.0,0.0801574215,0.07838300742229076,-0.0017744140777092438
43760.0,0.0800514296,0.07831629401929578,-0.0017351355807042196
43840.0,0.0799773112,0.07824957420626553,-0.0017277369937344633
43920.0,0.0798876286,0.0781828669446692,-0.0017047616553308026
44000.0,0.0797645897,0.07811617177346579,-0.0016484179265342097
44080.0,0.0796986222,0.07804945187990883,-0.0016491703200911673
44170.0,0.0796133876,0.0779743966120563,-0.001638990987943706
44250.0,0.0795511231,0.07790766273891035,-0.0016434603610896437
44330.0,0.0794651434,0.07784084341998676,-0.001624299980013233
44410.0,0.0793843493,0.07777330852993544,-0.0016110407700645618
44490.0,0.0793020725,0.07770577309545489,-0.001596299404545115
44570.0,0.0792183205,0.07763823528227129,-0.001580085217728705
44650.0,0.0791404918,0.07757070599701682,-0.001569785802983184
44730.0,0.0790708214,0.07750315928560526,-0.0015676621143947411
44810.0,0.0789737254,0.0774356296779005,-0.0015380957220994945
44890.0,0.0789092407,0.07736807826266022,-0.0015411624373397742
44970.0,0.0788247436,0.07730055410574549,-0.0015241894942545076
45050.0,0.0787491426,0.07723301660484129,-0.0015161259951587125
45130.0,0.0787328407,0.07715803858190366,-0.0015748021180963384
45220.0,0.078646861,0.07705073890033946,-0.0015961220996605352
45300.0,0.0785794109,0.07699231277217121,-0.0015870981278287843
45380.0,0.0785149261,0.07693387613716697,-0.0015810499628330227
45460.0,0.078446731,0.0768754450136861,-0.0015712859863139111
45540.0,0.0783474147,0.07681702846188299,-0.0015303862381170208
45620.0,0.078287378,0.07675859087785837,-0.0015287871221416338
45700.0,0.0782169625,0.07670016631006396,-0.00151679618993604
45780.0,0.0781517327,0.07664173029900759,-0.0015100024009924162
45860.0,0.0780657604,0.076583292235031,-0.0014824681649689975
45940.0,0.0779975653,0.07652486187886237,-0.0014727034211376305
46020.0,0.0779471695,0.07646872968500536,-0.0014784398149946393
46100.0,0.0778611898,0.07641490376736865,-0.001446286032631347
46180.0,0.0778115317,0.0763610549387715,-0.001450476761228503
46260.0,0.0777500123,0.07630720954700243,-0.001442802752997574
46350.0,0.0776536539,0.07624665687934469,-0.001406997020655304
46430.0,0.0776047334,0.07619279715941844,-0.0014119362405815572
46510.0,0.0775365382,0.0761389586082689,-0.0013975795917311046
46590.0,0.0774853975,0.07608510863365911,-0.0014002888663408875
46670.0,0.077410534,0.07603126918603839,-0.0013792648139616115
46750.0,0.0773608759,0.07597741969310005,-0.0013834562068999467
46830.0,0.0772986189,0.07592488188049187,-0.001373737019508131
46910.0,0.077233389,0.07587311016196427,-0.0013602788380357306
46990.0,0.0771992952,0.07582132765096164,-0.0013779675490383642
47070.0,0.0771185085,0.07576956405626858,-0.0013489444437314174
47150.0,0.0770658776,0.07571777873005482,-0.0013480988699451774
47230.0,0.0769873112,0.07566602098897213,-0.0013212902110278785
47310.0,0.0769465491,0.0756142409785511,-0.0013323081214488969
47400.0,0.0768620521,0.07555599584489528,-0.001306056255104715
47480.0,0.0768242553,0.07550420658371365,-0.001320048716286354
47560.0,0.0767553225,0.07545244257712252,-0.0013028799228774757
47640.0,0.0767012164,0.07540267007927919,-0.0012985463207208087
47720.0,0.076653026,0.07535355201031427,-0.0012994739896857316
47800.0,0.0766026303,0.0753044304512414,-0.001298199848758605
47880.0,0.0765122026,0.07525533970258698,-0.0012568628974130164
47960.0,0.0764706954,0.07520623132279514,-0.0012644640772048604
48040.0,0.0764558688,0.07515709742361056,-0.0012987713763894376
48120.0,0.0763735995,0.07510800209001203,-0.0012655974099879674
48200.0,0.076315783,0.07505888824656369,-0.0012568947534363079
48280.0,0.0762794688,0.0750097663184795,-0.0012697024815205016
48360.0,0.076240927,0.07496063533199294,-0.0012802916680070553
48450.0,0.0761556849,0.07490917202504897,-0.0012465128749510335
48530.0,0.076139383,0.07486432981400673,-0.0012750531859932746
48610.0,0.0760711953,0.0748195235760359,-0.0012516717239641068
48690.0,0.0760356113,0.0747746860826425,-0.001260925217357503
48770.0,0.0759644583,0.07472988091913885,-0.0012345773808611488
48850.0,0.0759148002,0.0746850589767433,-0.0012297412232566973
48930.0,0.0758658797,0.07464023399603373,-0.0012256457039662716
49010.0,0.0758206695,0.07459540456445884,-0.0012252649355411621
49090.0,0.0757569149,0.0745505876856421,-0.0012063272143578996
49170.0,0.0757087395,0.07450576441175347,-0.00120297508824653
49250.0,0.075642772,0.07445682297427525,-0.0011859490257247474
49330.0,0.075584963,0.07440731291861064,-0.0011776500813893698
49410.0,0.075550124,0.07435778410767298,-0.0011923398923270184
49490.0,0.0755086169,0.07430826644961522,-0.0012003504503847878
49580.0,0.075474523,0.07425254195129925,-0.0012219810487007488
49660.0,0.0754070729,0.07420301934767529,-0.0012040535523247103
49740.0,0.0753403679,0.07415350722487289,-0.001186860675127105
49820.0,0.0752988607,0.07411042311773199,-0.001188437582268012
49900.0,0.0752454922,0.07406945067691016,-0.001176041523089838
49980.0,0.0752380863,0.0740284497277342,-0.0012096365722658042
50060.0,0.0751521066,0.07398749265022919,-0.0011646139497708125
50140.0,0.0751439482,0.07394649807473641,-0.0011974501252635938
50220.0,0.0750950351,0.07390551312287617,-0.0011895219771238252
50300.0,0.0750646442,0.07386452970821376,-0.0012001144917862389
50380.0,0.0749897808,0.07382356450636202,-0.0011662162936379866
50460.0,0.0749601349,0.07378257639655666,-0.0011775585034433378
50540.0,0.0749282613,0.0737415951542763,-0.0011866661457236999
50630.0,0.0748852789,0.07369951460522174,-0.0011857642947782632
50710.0,0.0748059601,0.07366314528625882,-0.0011428148137411775
50790.0,0.0747822449,0.07362674367685784,-0.0011555012231421607
50870.0,0.07473851,0.07359035698837932,-0.0011481530116206756
50950.0,0.0746881068,0.0735539675536104,-0.0011341392463895955
51030.0,0.074654758,0.07351757045135177,-0.0011371875486482358
51110.0,0.0745969415,0.07348119896564771,-0.0011157425343522875
51190.0,0.0745969415,0.07344478924493295,-0.0011521522550670543
51270.0,0.0745472834,0.07340839028832545,-0.0011388931116745465
51350.0,0.074469462,0.07337202455569591,-0.0010974374443040863
51430.0,0.0744405538,0.07332852152392633,-0.0011120322760736767
51510.0,0.0744190589,0.07328403328107395,-0.0011350256189260471
51590.0,0.0743486434,0.0732395820698878,-0.001109061330112196
51680.0,0.0743212178,0.07318953776373162,-0.001131680036268387
51760.0,0.0742819384,0.07314505712521803,-0.0011368812747819673
51840.0,0.0742070749,0.07310060765280207,-0.0011064672471979287
51920.0,0.0741848424,0.07305612810516122,-0.0011287142948387813
52000.0,0.0741366595,0.07301165004606987,-0.0011250094539301259
52080.0,0.0741210952,0.07296715495015724,-0.0011539402498427637
52160.0,0.0740781054,0.07292271973201347,-0.001155385667986522
52240.0,0.0739913881,0.07289034892779164,-0.0011010391722083568
52320.0,0.0740032494,0.07285792809855476,-0.0011453213014452346
52400.0,0.0739498809,0.07282553138113486,-0.001124349518865142
52480.0,0.0738994777,0.07279314201862469,-0.0011063356813753034
52560.0,0.0738475919,0.07276074607841602,-0.0010868458215839705
52640.0,0.0738053396,0.07272835605649823,-0.001076983543501775
52720.0,0.0737890378,0.07269594527087017,-0.0010930925291298271
52810.0,0.0736963898,0.07265950744972348,-0.001036882350276519
52890.0,0.0736919418,0.07262709551367699,-0.0010648462863230013
52970.0,0.073644504,0.07259467489181419,-0.0010498291081858097
53050.0,0.0736029968,0.07256204329972271,-0.001040953500277289
53130.0,0.0735436976,0.07252943588993592,-0.0010142617100640794
53210.0,0.0735414773,0.07249679179054502,-0.0010446855094549817
53290.0,0.0735110864,0.07246415469054353,-0.0010469317094564667
53370.0,0.0734421536,0.0724315449702285,-0.001010608629771509
53450.0,0.0733880475,0.07239893320335497,-0.0009891142966450273
53530.0,0.0733873099,0.0723662779175982,-0.0010210319824018044
53610.0,0.073356919,0.07233364520195727,-0.0010232737980427342
53690.0,0.0732590854,0.07230104901238218,-0.0009580363876178222
53770.0,0.07327687,0.072268290456103,-0.0010085795438969924
53860.0,0.0732264668,0.07223067838473737,-0.0009957884152626273
53940.0,0.0731916353,0.07219722981043125,-0.0009944054895687504
54020.0,0.0731582791,0.07216380166746428,-0.000994477432535723
54100.0,0.0731182545,0.07213035125071816,-0.0009879032492818296
54180.0,0.0730937943,0.0720968930672451,-0.000996901232754907
54260.0,0.0730545148,0.07206343726808646,-0.000991077531913534
54340.0,0.073011525,0.07203000067774327,-0.0009815243222567188
54420.0,0.0729677901,0.07199655237430143,-0.0009712377256985705
54500.0,0.0729537085,0.07196308076044544,-0.0009906277395545643
54580.0,0.0729329586,0.07193139842536314,-0.001001560174636859
54660.0,0.072886996,0.07190491689766314,-0.000982079102336858
54740.0,0.0728188083,0.07187845381814678,-0.0009403544818532145
54820.0,0.0728388205,0.07185195491499778,-0.0009868655850022168
54910.0,0.0727869347,0.07182215187005929,-0.0009647828299407107
54990.0,0.0727194846,0.07179569517461121,-0.0009237894253887879
55070.0,0.0727217123,0.07176918662532873,-0.0009525256746712729
55150.0,0.0726535171,0.07174271776901459,-0.0009107993309854095
55230.0,0.0726157203,0.07171623497861242,-0.0008994853213875886
55310.0,0.0726001561,0.07168974444849258,-0.0009104116515074173
55390.0,0.0725860745,0.07164508951532667,-0.0009409849846733348
55470.0,0.0725208446,0.07159590837270415,-0.00092493622729585
55550.0,0.0724993497,0.07157156830153531,-0.0009277813984646804
55630.0,0.0724630356,0.07154722821139786,-0.0009158073886021412
55710.0,0.0724667385,0.07152287853516968,-0.0009438599648303181
55790.0,0.0724148527,0.07149854216418344,-0.0009163105358165613
55870.0,0.0723941028,0.07147419787138926,-0.000919904928610743
55960.0,0.0723570436,0.07144681465809019,-0.0009102289419098131
56040.0,0.0723444447,0.07142246143709036,-0.0009219832629096397
56120.0,0.0722947791,0.07139812636444719,-0.0008966527355528109
56200.0,0.0722488314,0.07137379438109748,-0.0008750370189025275
56280.0,0.0722480863,0.07135060369039681,-0.0008974826096031924
56360.0,0.0722236261,0.07132810835382787,-0.0008955177461721225
56440.0,0.0721821189,0.07130562638343131,-0.0008764925165686832
56520.0,0.0721665546,0.07128312935538544,-0.000883425244614558
56600.0,0.0721502528,0.07126062276755436,-0.0008896300324456319
56680.0,0.0720887333,0.07123815424950919,-0.0008505790504908101
56760.0,0.0720790923,0.07121565354059783,-0.0008634387594021603
56840.0,0.0720790923,0.07119314572104725,-0.0008859465789527454
56920.0,0.0720464811,0.07117065443384285,-0.0008758266661571534
57000.0,0.0719960853,0.07114816930387649,-0.0008479159961235078
57090.0,0.0719716251,0.07112358362800301,-0.0008480414719969909
57170.0,0.0719464123,0.07110205138556681,-0.0008443609144331843
57250.0,0.0719345585,0.07108051520996872,-0.0008540432900312755
57330.0,0.0719004571,0.0710589856571304,-0.0008414714428695985
57410.0,0.0718693286,0.07103745650675938,-0.000831872093240621
57490.0,0.071868591,0.07101590225789671,-0.0008526887421032858
57570.0,0.0718448684,0.07099436296131222,-0.0008505054386877819
57650.0,0.0718137398,0.070972832735201,-0.0008409070647990013
57730.0,0.0718018785,0.07095128969241729,-0.0008505888075827084
57810.0,0.0717329532,0.07092977637826448,-0.0008031768217355295
57890.0,0.0717433244,0.0709071537915985,-0.0008361706084015069
57970.0,0.0716995969,0.07088422011803949,-0.0008153767819605029
58050.0,0.0717070103,0.07086125915406179,-0.0008457511459382117
58140.0,0.0716365948,0.07083546811059165,-0.0008011266894083491
58220.0,0.0716165826,0.07081252323723904,-0.0008040593627609699
58300.0,0.0716343746,0.07078954627897792,-0.0008448283210220758
58380.0,0.0715795234,0.07076661164667655,-0.0008129117533234448
58460.0,0.0715802684,0.07074364677494539,-0.000836621625054601
58540.0,0.0715513602,0.07072069841889787,-0.0008306617811021239
58620.0,0.0715083703,0.07069776115734544,-0.0008106091426545586
58700.0,0.07150466,0.07067590518512784,-0.0008287548148721569
58780.0,0.0714557469,0.07065423117898312,-0.0008015157210168877
58860.0,0.071434252,0.0706325401032876,-0.0008017118967124093
58940.0,0.0714112744,0.07061083871682731,-0.0008004356831726872
59020.0,0.0713645741,0.07058915770904098,-0.0007754163909590162
59100.0,0.0713682845,0.07056747359089645,-0.0008008109091035553
59190.0,0.0713645741,0.07054305788475734,-0.0008215162152426514
59270.0,0.0713215917,0.07052137212339969,-0.000800219576600314
59350.0,0.0713475272,0.07049965510736789,-0.0008478720926321098
59430.0,0.0713260323,0.07047796549197863,-0.0008480668080213666
59510.0,0.0713015795,0.07045908665723587,-0.0008424928427641365
59590.0,0.0712622926,0.07044021778875423,-0.000822074811245771
59670.0,0.0712533966,0.07042133534308608,-0.0008320612569139296
59750.0,0.0712333843,0.07040245273637269,-0.0008309315636273046
59830.0,0.0712126344,0.07038356695246986,-0.0008290674475301407
59910.0,0.0711481497,0.07036470723784632,-0.0007834424621536717
59990.0,0.0711399987,0.07034581840415509,-0.0007941802958449096
60070.0,0.0711273924,0.07032693911509695,-0.0008004532849030521
60150.0,0.0710977465,0.07030805375898751,-0.000789692741012496
60230.0,0.0710955262,0.07028914468223631,-0.0008063815177636879
60320.0,0.0710391924,0.07026307450725337,-0.0007761178927466333
60400.0,0.0710243732,0.0702398927466563,-0.0007844804533437
60480.0,0.0709843487,0.07021671767047342,-0.0007676310295265804
60560.0,0.0709672943,0.07019352942206832,-0.0007737648779316819
60640.0,0.0709480196,0.07017034299474617,-0.0007776766052538242
60720.0,0.07092949,0.0701471596846417,-0.0007823303153582928
60800.0,0.070911698,0.07012397882125347,-0.0007877191787465238
60880.0,0.0708872452,0.0701007930700208,-0.000786452129979201
60960.0,0.0708701909,0.07007760519197906,-0.0007925857080209459
61040.0,0.070867233,0.07005479184194972,-0.0008124411580502783
61120.0,0.0708309114,0.07003457714338385,-0.0007963342566161546
61200.0,0.0708071962,0.07001435136461516,-0.0007928448353848455
61280.0,0.0708071962,0.06999412307992992,-0.0008130731200700902
61370.0,0.0707723573,0.0699713831583762,-0.0008009741416238059
61450.0,0.070752345,0.06995115418549643,-0.000801190814503569
61530.0,0.0707404837,0.06993093697282898,-0.0008095467271710122
61610.0,0.0707264021,0.06991070327811054,-0.0008156988218894629
61690.0,0.0706960112,0.06989047847795826,-0.0008055327220417435
61770.0,0.0706730336,0.06987024640256166,-0.0008027871974383427
61850.0,0.0706478357,0.06984967788872928,-0.0007981578112707111
61930.0,0.0705863163,0.06982813464201275,-0.0007581816579872447
62010.0,0.0705544427,0.06980657917265463,-0.0007478635273453632
62090.0,0.0705633387,0.06978500802326229,-0.0007783306767377152
62170.0,0.0705166459,0.0697634554288235,-0.0007531904711764875
62250.0,0.0705299899,0.06974187447862751,-0.0007881154213724983
62330.0,0.0704936683,0.06972031818385234,-0.0007733501161476669
62420.0,0.0704855174,0.06969604826126909,-0.0007894691387309166
62500.0,0.0704477131,0.0696745013841107,-0.000773211715889302
62580.0,0.0704299286,0.06965293016484615,-0.0007769984351538445
62660.0,0.0704010203,0.06963188265414873,-0.0007691376458512783
62740.0,0.0704106539,0.06961163430165139,-0.0007990195983486048
62820.0,0.0703328326,0.06959142169895349,-0.0007414109010465131
62900.0,0.0703632161,0.06957117180408019,-0.0007920442959198082
62980.0,0.0703202263,0.06955095225519553,-0.000769274044804466
63060.0,0.0703157857,0.069530724123774,-0.000785061576226001
63140.0,0.0702868775,0.06951049308855661,-0.0007763844114433843
63220.00099999999,0.070304662,0.06949023534413268,-0.0008144266558673258
63300.00099999999,0.0702490732,0.06947002291903866,-0.0007790502809613409
63380.00099999999,0.070224613,0.06944978526756677,-0.0007748277324332309
63460.00099999999,0.0702320263,0.06942886622330276,-0.000803160076697243
63550.00099999999,0.0702290609,0.06940408724717598,-0.0008249736528240237
63630.00099999999,0.0701779202,0.06938208583010735,-0.0007958343698926396
63710.00099999999,0.0701430812,0.06936008590592348,-0.0007829952940765217
63790.00099999999,0.0701475292,0.06933805110422256,-0.0008094780957774439
63870.00099999999,0.0701075047,0.06931604511675298,-0.0007914595832470284
63950.00099999999,0.0700837895,0.06929402775018606,-0.0007897617498139331
64030.00099999999,0.0700667426,0.06927201294096977,-0.0007947296590302272
64110.00099999999,0.0700422823,0.06924999798400491,-0.0007922843159950815
64190.00099999999,0.070021525,0.06922797653537036,-0.0007935484646296453
64270.00099999999,0.0699992925,0.06920536743993547,-0.0007939250600645376
64350.00099999999,0.0699792728,0.06918216562674168,-0.0007971071732583296
64430.00099999999,0.0699533299,0.06915895956969782,-0.0007943703303021771
64510.00099999999,0.0699310973,0.06913575254318181,-0.000795344756818181
64600.00099999999,0.0699081197,0.06910963900588697,-0.0007984806941130212
64680.00099999999,0.0698918104,0.06908643849448301,-0.0008053719055169939
64760.00099999999,0.0698717982,0.06906322904527099,-0.0008085691547290164
64840.00099999999,0.069834739,0.06904003088476456,-0.0007947081152354513
64920.00099999999,0.0698325187,0.0690168176893666,-0.000815701010633399
65000.00099999999,0.0698021278,0.06899361617416018,-0.0008085116258398223
65080.00099999999,0.0697776675,0.06897241435714534,-0.0008052531428546644
65160.00099999999,0.0697650686,0.06895238991239716,-0.000812678687602833
65240.00099999999,0.0697450563,0.06893236562803348,-0.000812690671966515
65320.00099999999,0.0697183758,0.06891234684980092,-0.0008060289501990725
65400.00099999999,0.0696961358,0.06889232713097733,-0.0008038086690226737
65480.00099999999,0.0696783513,0.06887230478178144,-0.0008060465182185561
65560.00099999999,0.0696524084,0.0688522794245627,-0.0008001289754372976
65650.00099999999,0.0696205348,0.06882975520111533,-0.0007907795988846694
65730.00099999999,0.0696020052,0.06880973025450617,-0.0007922749454938316
65810.00099999999,0.069582738,0.06878970585546432,-0.000793032144535688
65890.00099999999,0.069582738,0.06876453122062477,-0.0008182067793752329
65970.00099999999,0.0695212185,0.0687377046310767,-0.000783513868923294
66050.00099999999,0.0695049092,0.06871086019423697,-0.0007940490057630339
66130.00099999999,0.0695063919,0.06868399979932484,-0.0008223921006751678
66210.00099999999,0.0694515407,0.06865717025014623,-0.0007943704498537679
66290.00099999999,0.0694508031,0.06863032294204907,-0.0008204801579509285
66370.00099999999,0.0694396868,0.06860346725745643,-0.0008362195425435648
66450.00099999999,0.0694241226,0.06857661311317179,-0.0008475094868282129
66530.00099999999,0.0693566725,0.0685497873594414,-0.0008068851405585997
66610.00099999999,0.0693470314,0.06852294316012913,-0.0008240882398708599
66690.00099999999,0.0693448111,0.06850295995408497,-0.0008418511459150346
66780.00099999999,0.0693270192,0.06848299984244227,-0.0008440193575577348
66860.00099999999,0.0692840368,0.06846528349146151,-0.0008187533085384918
66940.00099999999,0.0692432672,0.06844755019962023,-0.000795717000379767
67020.00099999999,0.0692491978,0.06842981078564149,-0.0008193870143585053
67100.00099999999,0.0692284405,0.0684120699925918,-0.0008163705074081956
67180.00099999999,0.0691936091,0.06838513005018323,-0.0008084790498167627
67260.00099999999,0.0691891611,0.06835516043972141,-0.0008340006602785832
67340.00099999999,0.0691684112,0.06832518425861998,-0.0008432269413800181
67420.00099999999,0.0691387579,0.06829522775356481,-0.0008435301464351924
67500.00099999999,0.0690727904,0.06826528432971948,-0.000807506070280517
67580.00099999999,0.0690742731,0.06823530933733352,-0.0008389637626664836
67660.00099999999,0.0690579712,0.06820534378291417,-0.0008526274170858328
67740.00099999999,0.0690283254,0.06817537315199156,-0.0008529522480084512
67830.00099999999,0.0690105334,0.06814166180328399,-0.0008688715967160171
67910.00099999999,0.0689705014,0.06811170301033377,-0.0008587983896662238
67990.00099999999,0.0689430758,0.0680848673064837,-0.0008582084935162965
68070.00099999999,0.068895638,0.06805846046784385,-0.000837177532156147
68150.00099999999,0.0688986033,0.06803204293660947,-0.0008665603633905283
68230.00099999999,0.0688674748,0.0680056434664848,-0.000861831333515195
68310.00099999999,0.0688533932,0.06797921824168447,-0.0008741749583155295
68390.00099999999,0.0688289329,0.06795281053628571,-0.0008761223637142879
68470.00099999999,0.0687740818,0.06792640934666279,-0.0008476724533372088
68550.00099999999,0.0687726066,0.06789998925134232,-0.0008726173486576783
68630.00099999999,0.068745181,0.06787358530294928,-0.0008715956970507255
68710.00099999999,0.0687348023,0.0678471589545979,-0.0008876433454020893
68790.00099999999,0.0687044114,0.06781735668230682,-0.0008870547176931809
68880.00099999999,0.0686658695,0.0677833135801397,-0.0008825559198603061
68960.00099999999,0.0686406717,0.0677530492559379,-0.0008876224440620972
69040.00099999999,0.0686154664,0.06772277944788116,-0.0008926869521188457
69120.00099999999,0.0686080605,0.06769249155234519,-0.0009155689476548073
69200.00099999999,0.06855914,0.0676622382564976,-0.000896901743502404
69280.00099999999,0.0685539544,0.06763195628654427,-0.0009219981134557381
69360.00099999999,0.0685109645,0.06760169078556053,-0.000909273714439468
69440.00099999999,0.0684820563,0.06757142579003156,-0.0009106305099684381
69520.00099999999,0.0684435144,0.0675411716082218,-0.000902342791778199
69600.00099999999,0.0684294328,0.0675126685070179,-0.0009167642929820974
69680.00099999999,0.0683812499,0.06748419002199714,-0.0008970598780028566
69760.00099999999,0.068359755,0.06745569558117064,-0.0009040594188293588
69840.00099999999,0.068351604,0.06742718367902394,-0.0009244203209760604
69920.00099999999,0.0683182478,0.06739869325649349,-0.0009195545435065067
70010.00099999999,0.0682967603,0.06736662887877017,-0.0009301314212298295
70090.00099999999,0.0682359785,0.06733815532765254,-0.0008978231723474617
70170.00099999999,0.0682307929,0.0673096480289746,-0.0009211448710254033
70250.00099999999,0.0681929886,0.06728115135737396,-0.0009118372426260429
70330.00099999999,0.0681796446,0.06725219066872849,-0.000927453931271513
70410.00099999999,0.0681507438,0.0672201303127325,-0.0009306134872675009
70490.00099999999,0.0680907071,0.06718809390983435,-0.0009026131901656437
70570.00099999999,0.0680877417,0.06715602927577945,-0.0009317124242205488
70650.00099999999,0.0680351183,0.06712399424382633,-0.0009111240561736761
70730.00099999999,0.0680291876,0.06709192609476704,-0.0009372615052329614
70810.00099999999,0.0679713637,0.06705988518372702,-0.000911478516272976
70890.00099999999,0.0679498687,0.06702782199853997,-0.0009220467014600248
70970.00099999999,0.0679180026,0.0669957643195988,-0.0009222382804011942
71060.00099999999,0.0678750128,0.06695970736004402,-0.0009153054399559796
71140.00099999999,0.0678542554,0.06692623795179715,-0.0009280174482028392
71220.00099999999,0.0678275749,0.06688861602769675,-0.000938958872303261
71300.00099999999,0.0678097829,0.0668509952971829,-0.0009587876028171044
71380.00099999999,0.0677749515,0.06681337942728734,-0.0009615720727126631
71460.00099999999,0.0677438229,0.06677575749568217,-0.0009680654043178333
71540.00099999999,0.0677141696,0.06673813817314411,-0.0009760314268558862
71620.00099999999,0.0676897094,0.06670051615091492,-0.0009891932490850852
71700.00099999999,0.0676215217,0.06666291890241871,-0.0009586027975812955
71780.00099999999,0.0676193014,0.06662529083694824,-0.0009940105630517615
71860.00099999999,0.0675555542,0.06658767612779899,-0.0009678780722010144
71940.00099999999,0.0675585195,0.066550922609447,-0.001007596890552992
72020.00099999999,0.0674895868,0.06651680847534534,-0.0009727783246546579
72110.00099999999,0.0674703196,0.06647840403505513,-0.0009919155649448647
72190.00099999999,0.0674258471,0.06644426873974034,-0.0009815783602596662
72270.00099999999,0.0673947185,0.06641013328150028,-0.0009845852184997284
72350.00099999999,0.0673924908,0.06637597899082623,-0.0010165118091737674
72430.00099999999,0.0673420951,0.06634184530581097,-0.0010002497941890287
72510.00099999999,0.0673161522,0.06630770109172812,-0.001008451108271885
72590.00099999999,0.0672709346,0.06627357224070606,-0.0009973623592939435
72670.00099999999,0.0672331378,0.06623943558229342,-0.000993702217706574
72750.00099999999,0.0672086775,0.06620673218946545,-0.0010019453105345466
72830.00099999999,0.0671997815,0.06617637547876153,-0.0010234060212384738
72910.00099999999,0.0671656877,0.06614602556597972,-0.0010196621340202855
72990.00099999999,0.0671427101,0.06611568436756926,-0.001027025732430742
73070.00099999999,0.0670863837,0.06608535987428915,-0.0010010238257108506
73150.00099999999,0.0670508072,0.06605240699253184,-0.0009984002074681642
73240.00099999999,0.0670026243,0.06600674773554498,-0.0009958765644550172
73320.00099999999,0.066947028,0.06596616948379615,-0.0009808585162038586
73400.00099999999,0.0669299811,0.06592557283320226,-0.001004408266797735
73480.00099999999,0.0668914393,0.0658849804290591,-0.0010064588709408906
73560.00099999999,0.0668869913,0.06584437133085562,-0.0010426199691443844
73640.00099999999,0.0668113902,0.06580380401371556,-0.001007586186284437
73720.00099999999,0.0668076873,0.06576319759767295,-0.0010444897023270533
73800.00099999999,0.0667491332,0.06572261661643557,-0.001026516583564438
73880.00099999999,0.0667150393,0.06568202638612249,-0.0010330129138775151
73960.00099999999,0.0666794553,0.06564115219204292,-0.0010383031079570781
74040.00099999999,0.0666283146,0.06559982508639663,-0.0010284895136033756
74120.00099999999,0.0666031167,0.06555848467321367,-0.0010446320267863407
74200.00099999999,0.066597186,0.06551713022760218,-0.0010800557723978227
74290.00099999999,0.0665097237,0.06547064940386087,-0.001039074296139128
74370.00099999999,0.0665238053,0.06542928632717132,-0.0010945189728286814
74450.00099999999,0.0664741471,0.06538794453449323,-0.0010862025655067747
74530.00099999999,0.0664096624,0.06534662155036622,-0.0010630408496337812
74610.00099999999,0.0663592666,0.06530529524756104,-0.0010539713524389538
74690.00099999999,0.0663496256,0.06526393814010734,-0.0010856874598926675
74770.00099999999,0.0662925541,0.0652243644827765,-0.0010681896172234917
74850.00099999999,0.06625624,0.06518651000034345,-0.0010697299996565435
74930.00099999999,0.0662280694,0.06514865808015409,-0.001079411319845916
75010.00099999999,0.0661924928,0.06511079154493274,-0.0010817012550672633
75090.00099999999,0.0661420897,0.06507295103423984,-0.0010691386657601665
75170.00099999999,0.0661176369,0.06503508577546528,-0.001082551124534717
75250.00099999999,0.0660427734,0.06499724424117871,-0.0010455291588212928
75340.00099999999,0.0660020113,0.06495466046972365,-0.0010473508302763501
75420.00099999999,0.0659782887,0.06491679493596388,-0.0010614937640361227
75500.00099999999,0.0659605041,0.0648789204883483,-0.0010815836116516986
75580.00099999999,0.0658804476,0.06483911814727532,-0.0010413294527246847
75660.00099999999,0.0658797026,0.06479813339425157,-0.0010815692057484366
75740.00099999999,0.0658367127,0.0647571680371385,-0.0010795446628614896
75820.00099999999,0.0657900199,0.06471619645435962,-0.0010738234456403734
75900.00099999999,0.065746285,0.06467522952194589,-0.0010710554780541115
75980.00099999999,0.0657159016,0.06463425124756778,-0.0010816503524322257
76060.00099999999,0.0656573474,0.06459329224593986,-0.001064055154060134
76140.00099999999,0.0656454861,0.06455230302544572,-0.001093183074554277
76220.00099999999,0.0655847117,0.06451134277783753,-0.0010733689221624765
76300.00099999999,0.0655550584,0.06447036458025096,-0.001084693819749044
76380.00099999999,0.065507628,0.06442804426637845,-0.0010795837336215475
76470.00099999999,0.065476492,0.06437951788065817,-0.0010969741193418286
76550.00099999999,0.0654601902,0.06433637929927671,-0.0011238109007232905
76630.00099999999,0.0654075667,0.06429324937845272,-0.0011143173215472785
76710.00099999999,0.0653734654,0.06425011349260132,-0.0011233519073986786
76790.00099999999,0.0652963817,0.0642070119603981,-0.0010893697396019003
76870.00099999999,0.0652697012,0.06416387741238128,-0.001105823787618726
76950.00099999999,0.0652141124,0.06412076030204292,-0.0010933520979570788
77030.00099999999,0.0651963204,0.06407762006075325,-0.001118700339246742
77110.00099999999,0.0651244298,0.06403450898285114,-0.0010899208171488567
77190.00099999999,0.0651110858,0.06398735103758205,-0.0011237347624179495
77270.00099999999,0.0650562346,0.0639388908034938,-0.001117343796506201
77350.00099999999,0.0650132522,0.06389041847796663,-0.0011228337220333673
77430.00099999999,0.064962104,0.06384196279006128,-0.0011201412099387242
77520.00099999999,0.0649428368,0.06378741814868481,-0.0011554186513151876
77600.00099999999,0.0648842826,0.06373897247766952,-0.0011453101223304757
77680.00099999999,0.0648724139,0.06369048762074683,-0.001181926279253162
77760.00099999999,0.0647849515,0.06364204633750174,-0.0011429051624982506
77840.00099999999,0.0647797659,0.06359356129207801,-0.0011862046079219868
77920.00099999999,0.0647197291,0.06354509165226616,-0.0011746374477338423
78000.00099999999,0.0646774843,0.06349994053449255,-0.0011775437655074522
78080.00099999999,0.0646404177,0.06345525854166334,-0.0011851591583366544
78160.00099999999,0.0645840913,0.06341055798889199,-0.0011735333111080049
78240.00099999999,0.0645151585,0.06336588508405887,-0.001149273415941135
78320.00099999999,0.0644966289,0.06332119466998504,-0.0011754342300149684
78400.00099999999,0.0644239932,0.06327651372936842,-0.0011474794706315822
78480.00099999999,0.0644239932,0.06323180677626172,-0.0011921864237382784
78570.00099999999,0.0643758178,0.06318152450290537,-0.0011942932970946257
78650.00099999999,0.0643135533,0.06313684802080206,-0.0011767052791979427
78730.00099999999,0.06424018,0.06309213931363532,-0.0011480406863646764
78810.00099999999,0.0642335042,0.06303964618577385,-0.001193858014226154
78890.00099999999,0.0641912594,0.06298716439633331,-0.0012040950036666942
78970.00099999999,0.0641564205,0.06293468047736596,-0.0012217400226340464
79050.00099999999,0.0640808195,0.06288222440655016,-0.0011985950934498418
79130.00099999999,0.0640341267,0.06282975460275805,-0.0012043720972419458
79210.00099999999,0.0639941022,0.06277727255096432,-0.001216829649035675
79290.00099999999,0.0639511123,0.06272479683335244,-0.0012263154666475595
79370.00099999999,0.0639147907,0.06267230871845357,-0.001242481981546431
79450.00099999999,0.0638740286,0.06261983251876961,-0.0012541960812303826
79530.00099999999,0.0637865588,0.06256741816125452,-0.0012191406387454806
79610.00099999999,0.063735418,0.06252604772726963,-0.0012093702727303673
79700.00099999999,0.0636879802,0.0624794855853409,-0.001208494614659092
79780.00099999999,0.063668713,0.06243809176301327,-0.00123062123698673
79860.00099999999,0.0636101514,0.06239671822231649,-0.0012134331776835067
79940.00099999999,0.063558273,0.062355340120201476,-0.0012029328797985225
80020.00099999999,0.0635249168,0.06230839960710995,-0.0012165171928900445
80100.00099999999,0.0634500608,0.0622523769512831,-0.0011976838487169003
80180.00099999999,0.0633937269,0.062196346737360485,-0.0011973801626395178
80260.00099999999,0.0633388758,0.06214031135008652,-0.0011985644499134807
80340.00099999999,0.0633092299,0.06208426119796523,-0.0012249687020347705
80420.00099999999,0.0632617921,0.06202821319149387,-0.0012335789085061374
80500.00099999999,0.0632165819,0.06197217601996611,-0.00124440588003389
80580.00099999999,0.0631750748,0.06191613407449416,-0.001258940725505836
80660.00099999999,0.0631009564,0.06186010584281425,-0.0012408505571857575
80750.00099999999,0.0630461052,0.06179706219661367,-0.0012490430033863242
80830.00099999999,0.0629927441,0.061742105258561816,-0.0012506388414381814
80910.00099999999,0.0629586428,0.0616882126157895,-0.001270430184210504
80990.00099999999,0.0628815591,0.061634330258258097,-0.0012472288417419014
81070.00099999999,0.0628756359,0.06158041239349321,-0.001295223506506793
81150.00099999999,0.0628000274,0.06152653507489391,-0.001273492325106089
81230.00099999999,0.0627896562,0.061472623467328215,-0.001317032732671787
81310.00099999999,0.0627273843,0.061418730633902,-0.001308653666097996
81390.00099999999,0.0626569763,0.06136483858365983,-0.0012921377163401734
81470.00099999999,0.0626080558,0.06131094860038636,-0.0012971071996136438
81550.00099999999,0.062543571,0.06125706394362731,-0.0012865070563726974
81630.00099999999,0.0624939092,0.06120424699243821,-0.0012896622075617911
81710.00099999999,0.0624412857,0.06115251468724353,-0.0012887710127564705
81800.00099999999,0.0624064468,0.061094276322296234,-0.0013121704777037668
81880.00099999999,0.0623338111,0.06104254980016175,-0.0012912612998382464
81960.00099999999,0.0623004548,0.06099078124624057,-0.0013096735537594315
82040.00099999999,0.0622307844,0.06093903675756991,-0.001291747642430091
82120.00099999999,0.062169265,0.060887298442359614,-0.0012819665576403877
82200.00099999999,0.0621233098,0.060835551038875745,-0.0012877587611242539
82280.00099999999,0.0620773546,0.06078379882176996,-0.0012935557782300447
82360.00099999999,0.0619906373,0.060732063625227865,-0.001258573674772133
82440.00099999999,0.0619528331,0.06067691280472524,-0.0012759202952747628
82520.00099999999,0.0619224496,0.060619743680190546,-0.001302705919809452
82600.00099999999,0.0618431382,0.060562593250628564,-0.0012805449493714371
82680.00099999999,0.0618253537,0.060505419272753456,-0.0013199344272465455
82760.00099999999,0.0617401116,0.06044826817734079,-0.001291843422659214
82840.00099999999,0.061722327,0.060391090040777175,-0.0013312369592228257
82930.00099999999,0.0616444908,0.06032678982906371,-0.0013177009709362877
83010.00099999999,0.0615703724,0.06026964521711703,-0.0013007271828829672
83090.00099999999,0.0615125559,0.06021248713243212,-0.0013000687675678788
83170.00099999999,0.0614843927,0.06015530816175123,-0.0013290845382487732
83250.00099999999,0.0614065714,0.06010519238080441,-0.001301379019195588
83330.00099999999,0.0613583885,0.06005736296482314,-0.0013010255351768585
83410.00099999999,0.0613057651,0.06000953288240253,-0.0012962322175974691
83490.00099999999,0.061243508,0.05996171591417112,-0.0012817920858288825
83570.00099999999,0.0611864366,0.059913887866743405,-0.0012725487332565927
83650.00099999999,0.0611427017,0.05986606304983445,-0.00127663865016555
83730.00099999999,0.0610700659,0.05981824565699893,-0.0012518202430010714
83810.00099999999,0.061057467,0.05977039611325273,-0.0012870708867472672
83890.00099999999,0.0609655567,0.05972258181805661,-0.0012429748819433872
83980.00099999999,0.0609203465,0.05966876800989358,-0.001251578490106417
84060.00099999999,0.0608773567,0.059616442147051814,-0.001260914552948189
84140.00099999999,0.0608076863,0.05956350336517868,-0.001244182934821314
84220.00099999999,0.0607491322,0.05951056668087714,-0.0012385655191228598
84300.00099999999,0.0607068799,0.0594576237904968,-0.0012492561095032023
84380.00099999999,0.0606490709,0.059404677888302386,-0.0012443930116976115
84460.00099999999,0.0606416576,0.05935172621983742,-0.001289931380162583
84540.00099999999,0.0605831034,0.059298791139425405,-0.0012843122605745924
84620.00099999999,0.0605334379,0.05924584277362754,-0.0012875951263724636
84700.00099999999,0.060481552,0.05919289993762227,-0.0012886520623777292
84780.00099999999,0.0604333766,0.05913995368976458,-0.0012934229102354172
84860.00099999999,0.0603703745,0.05908545216138608,-0.0012849223386139155
84940.00099999999,0.060321454,0.059030720560188536,-0.0012907334398114603
85030.00099999999,0.0602754988,0.058969146851099205,-0.0013063519489007955
85110.00099999999,0.0602006428,0.058914433283903056,-0.0012862095160969464
85190.00099999999,0.0601613559,0.05885969248720469,-0.0013016634127953064
85270.00099999999,0.0600939058,0.058804967737865275,-0.0012889380621347243
85350.00099999999,0.0600242354,0.0587502610365259,-0.0012739743634741021
85430.00099999999,0.0599982925,0.05869552509195402,-0.0013027674080459822
85510.00099999999,0.0599360354,0.05864079636834198,-0.00129523903165802
85590.00099999999,0.0598685853,0.05858607708377365,-0.001282508216226351
85670.00099999999,0.0598241128,0.05852964520187395,-0.0012944675981260492
85750.00099999999,0.0597588904,0.05847320976038425,-0.0012856806396157536
85830.00099999999,0.0597210862,0.058416769442624805,-0.001304316757375197
85910.00099999999,0.0596536361,0.058360337075470954,-0.0012932990245290432
85990.00099999999,0.0596195422,0.05830389433881418,-0.0013156478611858202
86070.00099999999,0.0595624708,0.05824745860547924,-0.001315012194520765
86160.00099999999,0.0594676025,0.05818399103694426,-0.0012836114630557435
86240.00099999999,0.0594461076,0.05812753681207868,-0.0013185707879213165
86320.00099999999,0.0593601204,0.05807111315573274,-0.001289007244267261
86400.00099999999,0.0593208335,0.05801553873563849,-0.00130529476436151
86480.00099999999,0.0592541285,0.057965774272547704,-0.0012883542274522986
86560.00099999999,0.0592333786,0.057915990240666806,-0.0013173883593331909
86640.00099999999,0.0591585152,0.057866234498983135,-0.0012922807010168624
86720.00099999999,0.0591118224,0.05781646640343091,-0.0012953559965690892
86800.00099999999,0.0590732805,0.057766697365554856,-0.0013065831344451426
86880.00099999999,0.0590087958,0.057716926141686394,-0.001291869658313606
86960.00099999999,0.0589480139,0.057667166792354195,-0.0012808471076458036
87040.00099999999,0.0589191131,0.05761738310808507,-0.0013017299919149336
87120.00099999999,0.0588286854,0.057567627408130394,-0.0012610579918696033
87210.00099999999,0.0587753169,0.05751052710154646,-0.0012647897984535417
87290.00099999999,0.058749374,0.057456374155742417,-0.0012929998442575835
87370.00099999999,0.058687117,0.057402223489317644,-0.0012848935106823528
87450.00099999999,0.0586137362,0.05734808396000582,-0.0012656522399941833
87530.00099999999,0.0585633405,0.057293945857879156,-0.0012693946421208427
87610.00099999999,0.0585144199,0.05723979406636433,-0.0012746258336356758
87690.00099999999,0.0584499352,0.05718565452844097,-0.0012642806715590302
87770.00099999999,0.058400277,0.05713151339625668,-0.0012687636037433184
87850.00099999999,0.0583469085,0.05707737519276776,-0.0012695333072322429
87930.00099999999,0.0582987331,0.05702322477131085,-0.001275508328689147
88010.00099999999,0.0582409091,0.05696903752859661,-0.0012718715714033907
88090.00099999999,0.058186803,0.056914743198801604,-0.0012720598011983983
88170.00099999999,0.0581386276,0.05686045087674721,-0.00127817672325279
88260.00099999999,0.0580785908,0.05679936623598575,-0.0012792245640142544
88340.00099999999,0.058023002,0.056745068338045296,-0.0012779336619547013
88420.00099999999,0.0579577722,0.05669077720690646,-0.0012669949930935384
88500.00099999999,0.0579318292,0.05663647159284096,-0.0012953576071590422
88580.00099999999,0.0578451119,0.05658219120558341,-0.0012629206944165944
88660.00099999999,0.0577865578,0.05652790149572752,-0.001258656304272479
88740.00099999999,0.0577428304,0.056473607528233584,-0.0012692228717664164
88820.00099999999,0.0577087365,0.056420334370484646,-0.0012884021295153578
88900.00099999999,0.0576605536,0.056368767939388977,-0.001291785660611021
88980.00099999999,0.057588663,0.05631722031020509,-0.0012714426897949063
89060.00099999999,0.057544928,0.05626566129617093,-0.0012792667038290725
89140.00099999999,0.0574900843,0.05621409536602025,-0.0012759889339797534
89220.00099999999,0.0574374534,0.05616253832365996,-0.00127491507634004
89300.00099999999,0.057398174,0.05611097267392641,-0.0012872013260735934
89390.00099999999,0.0572914444,0.05605299648654589,-0.0012384479134541146
89470.00099999999,0.0572714321,0.05600142312185407,-0.0012700089781459284
89550.00099999999,0.0572150983,0.05594986897764228,-0.0012652293223577235
89630.00099999999,0.0571298636,0.055897102037457805,-0.0012327615625421923
89710.00099999999,0.0571313463,0.05584307565143618,-0.0012882706485638148
89790.00099999999,0.0570423938,0.05578908574209667,-0.0012533080579033296
89870.00099999999,0.0570290498,0.05573505274143818,-0.0012939970585618202
89950.00099999999,0.0569334365,0.05568106505352651,-0.0012523714464734853
90030.00099999999,0.056902308,0.055627045803626894,-0.0012752621963731045
90110.00099999999,0.0568259619,0.055573057140584046,-0.0012529047594159529
90190.00099999999,0.0567829795,0.05551903821761734,-0.0012639412823826565
90270.00099999999,0.0567585193,0.05546501288246557,-0.0012935064175344305
90350.00099999999,0.0566769876,0.05541101609370623,-0.0012659715062937685
90440.00099999999,0.0566384457,0.0553513586219859,-0.0012870870780141014
90520.00099999999,0.0565954559,0.055299128416279965,-0.0012963274837200361
90600.00099999999,0.056530226,0.055246892020354335,-0.0012833339796456678
90680.00099999999,0.0564835332,0.05519466116800626,-0.0012888720319937375
90760.00099999999,0.0564279445,0.05514243000937581,-0.0012855144906241886
90840.00099999999,0.056353081,0.05509020766375759,-0.0012628733362424066
90920.00099999999,0.0563197322,0.055037970503981654,-0.0012817616960183464
91000.00099999999,0.0562396832,0.054985747100713675,-0.0012539360992863263
91080.00099999999,0.0562285669,0.0549334991824271,-0.0012950677175729008
91160.00099999999,0.0561500005,0.05488127061897584,-0.0012687298810241596
91240.00099999999,0.0560773574,0.054830738066009965,-0.0012466193339900344
91320.00099999999,0.0560566075,0.05478118248626988,-0.001275425013730118
91400.00099999999,0.055994343,0.0547316401918386,-0.0012627028081614033
91490.00099999999,0.0559342988,0.05467590271521804,-0.0012583960847819542
91570.00099999999,0.0558794551,0.05462635663355735,-0.0012530984664426495
91650.00099999999,0.0558201559,0.05457681284637391,-0.0012433430536260906
91730.00099999999,0.0557934754,0.05452725354540754,-0.0012662218545924572
91810.00099999999,0.0557208396,0.054477711220151874,-0.0012431283798481282
91890.00099999999,0.0556837805,0.05442816228412731,-0.0012556182158726947
91970.00099999999,0.0556385629,0.05438138063537464,-0.0012571822646253589
92050.00099999999,0.0555837192,0.054339149918359565,-0.0012445692816404341
92130.00099999999,0.0555281304,0.05429691439145939,-0.001231216008540613
92210.00099999999,0.0554680936,0.054254692908132354,-0.001213400691867643
92290.00099999999,0.0554302894,0.05421245100443485,-0.001217838395565149
92370.00099999999,0.0553724803,0.05417022548600236,-0.00120225481399764
92450.00099999999,0.0553250425,0.0541279918035406,-0.0011970506964593952
92530.00099999999,0.0552798323,0.05408574961480458,-0.0011940826851954203
92620.00099999999,0.0552138649,0.054038240615435745,-0.0011756242845642542
92700.00099999999,0.0551782884,0.05399599920652329,-0.00118228919347671
92780.00099999999,0.0551108383,0.05395305857774296,-0.0011577797222570366
92860.00099999999,0.0550708137,0.0539094100379225,-0.0011614036620774953
92940.00099999999,0.0550255962,0.053865763362936574,-0.001159832837063425
93020.00099999999,0.0549640842,0.05382212759846144,-0.0011419566015385615
93100.00099999999,0.0549099706,0.05377848881828481,-0.0011314817817151962
93180.00099999999,0.0548617952,0.05373484576103921,-0.0011269494389607934
93260.00099999999,0.054824736,0.05369120588573686,-0.0011335301142631413
93340.00099999999,0.0548128746,0.053647539819445415,-0.0011653347805545833
93420.00099999999,0.0547654442,0.05360389605787055,-0.0011615481421294524
93500.00099999999,0.0547076203,0.05356026282976245,-0.001147357470237552
93580.00099999999,0.0546683334,0.05351855028477226,-0.0011497831152277385
93670.00099999999,0.054625351,0.05347377343094623,-0.0011515775690537702
93750.00099999999,0.0545608662,0.05343399516542922,-0.0011268710345707852
93830.00099999999,0.0545208417,0.053394190224848995,-0.0011266514751510082
93910.00099999999,0.0544778518,0.05335439649251288,-0.0011234553074871145
93990.00099999999,0.0544400476,0.053314603949707634,-0.0011254436502923654
94070.00099999999,0.0543859415,0.05327481166549116,-0.0011111298345088394
94150.00099999999,0.0543407314,0.053235008437284854,-0.0011057229627151471
94230.00099999999,0.0543096028,0.0531952064837684,-0.0011143963162316
94310.00099999999,0.0542406701,0.053155429880360476,-0.001085240219639523
94390.00099999999,0.0542006455,0.05311907381993346,-0.0010815716800665412
94470.00099999999,0.054155428,0.05308476434559763,-0.001070663654402365
94550.00099999999,0.0541198514,0.05305044644630986,-0.0010694049536901437
94630.00099999999,0.0540783443,0.05301613062979115,-0.001062213670208846
94720.00099999999,0.0540435128,0.05297751550939182,-0.0010659972906081755
94800.00099999999,0.0539819933,0.0529432113609559,-0.001038781939044102
94880.00099999999,0.0539278872,0.05290890271395071,-0.0010189844860492916
94960.00099999999,0.0539071299,0.052874579386640766,-0.0010325505133592372
95040.00099999999,0.0538567267,0.0528402703000734,-0.0010164563999266046
95120.00099999999,0.0538218953,0.05280595246989656,-0.0010159428301034362
95200.00099999999,0.0537826084,0.052773988912136166,-0.001008619487863835
95280.00099999999,0.0537448116,0.05274278290496086,-0.0010020286950391394
95360.00099999999,0.0537292473,0.05271156461251002,-0.0010176826874899805
95440.00099999999,0.0536743961,0.052680364003066124,-0.0009940320969338765
95520.00099999999,0.0536403023,0.05264915490320974,-0.0009911473967902582
95600.00099999999,0.0536010154,0.05261795096283938,-0.000983064437160619
95680.00099999999,0.0535506196,0.05258675537707225,-0.0009638642229277544
95760.00099999999,0.0535076223,0.052555548364123794,-0.0009520739358762076
95850.00099999999,0.053482417,0.05252044010780036,-0.0009619768921996369
95930.00099999999,0.0534453578,0.052489229240995396,-0.000956128559004607
96010.00099999999,0.0534053333,0.0524445668458075,-0.0009607664541925048
96090.00099999999,0.053407561,0.05240563165318675,-0.0010019293468132504
96170.00099999999,0.0533467792,0.052379174374731885,-0.0009676048252681146
96250.00099999999,0.0533289947,0.052352703313088694,-0.0009762913869113057
96330.00099999999,0.0532963835,0.05232623786464763,-0.0009701456353523735
96410.00099999999,0.0532622896,0.052299769947929634,-0.0009625196520703649
96490.00099999999,0.05322152,0.052273298782270626,-0.0009482212177293753
96570.00099999999,0.0531955771,0.052246836828355,-0.0009487402716450016
96650.00099999999,0.0531688966,0.05222036564270466,-0.0009485309572953432
96730.00099999999,0.0531214587,0.05219390198551041,-0.0009275567144895885
96810.00099999999,0.0530903302,0.05216742874973312,-0.0009229014502668831
96900.00099999999,0.0530606844,0.05213921474934855,-0.0009214696506514505
96980.00099999999,0.0530206598,0.0521158640804123,-0.0009047957195877018
97060.00099999999,0.0529939719,0.05209250419091303,-0.0009014677090869658
97140.00099999999,0.052959878,0.05206915305762628,-0.0008907249423737232
97220.00099999999,0.0529287495,0.05204579512617038,-0.0008829543738296183
97300.00099999999,0.0528835393,0.052022443797152866,-0.0008610955028471312
97380.00099999999,0.0528605618,0.051999086751511235,-0.000861475048488762
97460.00099999999,0.0528501831,0.0519757238341465,-0.0008744592658535
97540.00099999999,0.0528064556,0.05195236076915734,-0.0008540948308426652
97620.00099999999,0.0527834781,0.05192900315733039,-0.0008544749426696099
97700.00099999999,0.0527516045,0.05190698528651642,-0.0008446192134835828
97780.00099999999,0.0527234413,0.05188628705853932,-0.0008371542414606775
97860.00099999999,0.052707132,0.051865588950550684,-0.0008415430494493129
97950.00099999999,0.0526700728,0.051842322022166015,-0.0008277507778339868
98030.00099999999,0.0526411645,0.05182162391527694,-0.0008195405847230552
98110.00099999999,0.052618932,0.05180092773662165,-0.000818004263378351
98190.00099999999,0.0525833555,0.05178023971584442,-0.0008031157841555808
98270.00099999999,0.0525655635,0.051759535006392646,-0.0008060284936073567
98350.00099999999,0.0525374003,0.0517388379465375,-0.000798562353462505
98430.00099999999,0.052508492,0.051718142073897695,-0.0007903499261023017
98510.00099999999,0.0524840318,0.05164126465766355,-0.0008427671423364494
98590.00099999999,0.0524803288,0.051624564291103,-0.0008557645088970028
98670.00099999999,0.0524521582,0.05160786384295327,-0.0008442943570467348
98750.00099999999,0.0523965694,0.05159118443705001,-0.0008053849629499898
98830.00099999999,0.0524054654,0.05157447779061022,-0.00083098760938978
98910.00099999999,0.0523676686,0.05155778802087082,-0.000809880579129181
98990.00099999999,0.0523535796,0.051541077162258496,-0.0008125024377415024
99080.00099999999,0.0523283817,0.051522297209654754,-0.0008060844903452491
99160.00099999999,0.0522987358,0.05150560776556977,-0.0007931280344302336
99240.00099999999,0.0522735305,0.05148891516872178,-0.0007846153312782156
99320.00099999999,0.0522609241,0.051473047844315056,-0.0007878762556849453
99400.00099999999,0.05222461,0.051457692437294235,-0.0007669175627057628
99480.00099999999,0.0522216447,0.051442308931121235,-0.0007793357688787653
99560.00099999999,0.0521860681,0.05142695138768369,-0.0007591167123163142
99640.00099999999,0.0521564148,0.051411590303070125,-0.0007448244969298773
99720.00099999999,0.052140113,0.05139622307454522,-0.0007438899254547798
99800.00099999999,0.0521616079,0.051380841746672554,-0.0007807661533274432
99880.00099999999,0.0520867445,0.051365493304226316,-0.0007212511957736811
99960.00099999999,0.0521149151,0.05135010741254986,-0.0007648076874501378
100040.00099999999,0.0520563535,0.051334753256864034,-0.0007216002431359655
100130.00099999999,0.0520356037,0.0513213809804507,-0.0007142227195493026
100210.00099999999,0.0520378239,0.05131118738887668,-0.00072663651112332
100290.00099999999,0.0520178117,0.051301007282667434,-0.0007168044173325658
100370.00099999999,0.0520000271,0.051290817775503046,-0.0007092093244969525
100450.00099999999,0.0519777872,0.051280638939493674,-0.0006971482605063264
100530.00099999999,0.0519622229,0.05127045784472899,-0.0006917650552710139
100610.00099999999,0.0519429557,0.05126027054208122,-0.0006826851579187845
100690.00099999999,0.0519244261,0.051250089445416494,-0.0006743366545835031
100770.00099999999,0.0519118272,0.05123990353337953,-0.000671923666620472
100850.00099999999,0.0519147925,0.05122970877801892,-0.0006850837219810821
100930.00099999999,0.0518873669,0.051215172154010155,-0.0006721947459898472
101010.00099999999,0.0518599413,0.051199207433868445,-0.000660733866131552
101090.00099999999,0.0518495627,0.05118324721480131,-0.0006663154851986874
101180.00099999999,0.0518162139,0.051165286431761846,-0.0006509274682381522
101260.00099999999,0.0518221371,0.05114930394590503,-0.0006728331540949706
101340.00099999999,0.0518006422,0.0511333373164789,-0.0006673048835210971
101420.00099999999,0.0517976843,0.05111736138298567,-0.0006803229170143296
101500.00099999999,0.0517791547,0.051101395188612314,-0.0006777595113876891
101580.00099999999,0.0517583974,0.051085426902380535,-0.0006729704976194684
101660.00099999999,0.051746536,0.051069452218686966,-0.000677083781313037
101740.00099999999,0.0517317168,0.05105870425275487,-0.0006730125472451318
101820.00099999999,0.0517317168,0.05104866034979276,-0.0006830564502072409
101900.00099999999,0.0517161526,0.05103861864905646,-0.0006775339509435402
101980.00099999999,0.0516953953,0.05102858681163879,-0.0006668084883612105
102060.00099999999,0.0516924299,0.05101854334653148,-0.0006738865534685265
102140.00099999999,0.051693175,0.05100914742968608,-0.0006840275703139179
102220.00099999999,0.0516427718,0.05100416642574463,-0.0006386053742553702
102310.00099999999,0.0516294278,0.05099853422184835,-0.000630893578151652
102390.00099999999,0.0516234972,0.05099352780799916,-0.0006299693920008426
102470.00099999999,0.051600527,0.05098852648886829,-0.0006120005111317078
102550.00099999999,0.0515923686,0.05098351914379521,-0.0006088494562047908
102630.00099999999,0.0515923686,0.05097850662132429,-0.0006138619786757102
102710.00099999999,0.051578287,0.05097350700464456,-0.0006047799953554436
102790.00099999999,0.051608678,0.05096847311108543,-0.0006402048889145653
102870.00099999999,0.0515842177,0.05096347059123961,-0.0006207471087603875
102950.00099999999,0.0515516065,0.05095722615801,-0.0005943803419899973
103030.00099999999,0.0515671708,0.0509473226796995,-0.000619848120300498
103110.00099999999,0.0515338145,0.05093742437553182,-0.0005963901244681741
103190.00099999999,0.0515301116,0.05092752357014965,-0.0006025880298503455
103270.00099999999,0.0515086167,0.05091762702034866,-0.0005909896796513422
103360.00099999999,0.0515264012,0.0509064628278596,-0.0006199383721404023
103440.00099999999,0.0515041687,0.05089656727678575,-0.0006076014232142476
103520.00099999999,0.0514819361,0.05088667247268567,-0.0005952636273143311
103600.00099999999,0.0515034236,0.050876749531809706,-0.0006266740681902944
103680.00099999999,0.0515049063,0.05086683270018387,-0.0006380735998161302
103760.00099999999,0.0514797084,0.050859071869483706,-0.0006206365305162914
103840.00099999999,0.0514589585,0.05085479769499405,-0.0006041608050059502
103920.00099999999,0.0514700748,0.050850520620312215,-0.0006195541796877868
104000.00099999999,0.0514389463,0.05084625201558096,-0.0005926942844190417
104080.00099999999,0.0514389463,0.050841974034045084,-0.000596972265954919
104160.00099999999,0.0514389463,0.05083768854675064,-0.0006012577532493665
104240.00099999999,0.0514293052,0.050833412460325134,-0.0005958927396748637
104320.00099999999,0.0514152236,0.05082914166800683,-0.0005860819319931654
104410.00099999999,0.051409293,0.05082433011933096,-0.0005849628806690391
104490.00099999999,0.0513915084,0.05082004929764815,-0.0005714591023518525
104570.00099999999,0.0513870604,0.050817118890733745,-0.0005699415092662516
104650.00099999999,0.0513707511,0.05081551252924241,-0.0005552385707575935
104730.00099999999,0.0513952114,0.050813886639827686,-0.0005813247601723151
104810.00099999999,0.0513766818,0.05081227901858633,-0.0005644027814136685
104890.00099999999,0.0513833575,0.05081065640719356,-0.000572701092806438
104970.00099999999,0.0513381399,0.050809065593890604,-0.0005290743061093992
105050.00099999999,0.0513559319,0.050807440963039276,-0.000548490936960723
105130.00099999999,0.0513848327,0.05080581779255904,-0.0005790149074409584
105210.00099999999,0.0513292439,0.05080422312401837,-0.0005250207759816342
105290.00099999999,0.0513262786,0.05080261027305044,-0.0005236683269495557
105370.00099999999,0.0513374023,0.050799456034943985,-0.0005379462650560163
105450.00099999999,0.0513522215,0.050794787206425114,-0.0005574342935748891
105540.00099999999,0.0513099767,0.050789563915858545,-0.000520412784141458
105620.00099999999,0.0513359196,0.05078489308861429,-0.0005510265113857146
105700.00099999999,0.0513070114,0.05078024512502989,-0.0005267662749701071
105780.00099999999,0.0512958951,0.05077559596109984,-0.000520299138900164
105860.00099999999,0.0513062663,0.05077092354233285,-0.0005353427576671524
105940.00099999999,0.0513225757,0.05076625909614011,-0.0005563166038598868
106020.00099999999,0.0513129421,0.05076159977127732,-0.0005513423287226843
106100.00099999999,0.0512847714,0.05075695262986656,-0.0005278187701334355
106180.00099999999,0.0512632839,0.0507523876029784,-0.0005108962970215986
106260.00099999999,0.0512795858,0.050747865800414155,-0.0005317199995858446
106340.00099999999,0.0512877367,0.05074334417264957,-0.0005443925273504319
106420.00099999999,0.0512669869,0.050738845867870266,-0.0005281410321297322
106500.00099999999,0.0512588359,0.05073432814428179,-0.0005245077557182107
106590.00099999999,0.0512840338,0.05072923706821273,-0.0005547967317872729
106670.00099999999,0.0512758829,0.050724720885477345,-0.0005511620145226548
106750.00099999999,0.0512491949,0.05072021573457316,-0.0005289791654268447
106830.00099999999,0.0512299277,0.05071570469557242,-0.0005142230044275775
106910.00099999999,0.0512425266,0.05071118165753442,-0.0005313449424655808
106990.00099999999,0.0512291826,0.05070750781923168,-0.0005216747807683178
107070.00099999999,0.0512618013,0.05070407345900894,-0.0005577278409910624
107150.00099999999,0.0512514226,0.05070067083991447,-0.0005507517600855313
107230.00099999999,0.0512314104,0.05069727029024157,-0.0005341401097584339
107310.00099999999,0.0512425266,0.05069386023241798,-0.0005486663675820166
107390.00099999999,0.051223997,0.05069045864380319,-0.0005335383561968082
107470.00099999999,0.0512210317,0.050687045232238874,-0.0005339864677611286
107550.00099999999,0.0512291826,0.05068362991098736,-0.0005455526890126364
107640.00099999999,0.0512210317,0.05067979427051875,-0.0005412374294812491
107720.00099999999,0.0512113981,0.05067638451996702,-0.0005350135800329808
107800.00099999999,0.0512099154,0.05067563540810859,-0.0005342799918914079
107880.00099999999,0.0511943512,0.05067526833117151,-0.0005190828688284924
107960.00099999999,0.0512076877,0.05067488607841966,-0.0005328016215803352
108040.00099999999,0.0512002818,0.050674508799240396,-0.0005257730007596009
108120.00099999999,0.0511987992,0.05067413427764238,-0.0005246649223576219
108200.00099999999,0.0511987992,0.050673756902306626,-0.0005250422976933733
108280.00099999999,0.0512032472,0.050673378907617625,-0.000529868292382378
108360.00099999999,0.0512017645,0.0506729991679276,-0.0005287653320723978
108440.00099999999,0.0511980541,0.05067261092610476,-0.0005254431738952389
108520.00099999999,0.0511780418,0.05067224228769521,-0.0005057995123047901
108600.00099999999,0.0511721112,0.05066587544165974,-0.0005062357583402594
108690.00099999999,0.0511795245,0.05065777001055266,-0.0005217544894473361
108770.00099999999,0.0511839725,0.05065056461597099,-0.0005334078840290093
108850.00099999999,0.0511832349,0.05064336664764696,-0.0005398682523530401
108930.00099999999,0.0511498787,0.050636181312069865,-0.0005136973879301329
109010.00099999999,0.0511520989,0.050628970252566165,-0.0005231286474338334
109090.00099999999,0.0511558093,0.05062176245558577,-0.0005340468444142293
109170.00099999999,0.0511498787,0.05061456445672632,-0.000535314243273681
109250.00099999999,0.0511832349,0.05060734378352358,-0.0005758911164764208
109330.001,0.0511624776,0.050600168380770284,-0.0005623092192297147
109410.001,0.0511491336,0.05059852802532689,-0.0005506055746731103
109490.001,0.0511513613,0.050596874536541984,-0.0005544867634580189
109570.001,0.0511380173,0.050595227116557895,-0.0005427901834421031
109650.001,0.0511231981,0.05059358818708642,-0.0005296099129135853
109730.001,0.0511357971,0.05059193389823447,-0.0005438632017655265
109820.001,0.0511691459,0.05059006576464747,-0.0005790801353525304
109900.001,0.051135052,0.050588422370507084,-0.000546629629492916
109980.001,0.0511424653,0.05058676817986317,-0.0005556971201368319
110060.001,0.0511120744,0.05058513611770271,-0.0005269382822972873
110140.001,0.0511372797,0.05058339693527875,-0.0005538827647212502
110220.001,0.0511172675,0.0505812338707077,-0.000536033629292304
110300.001,0.0511313491,0.050579054310897854,-0.0005522947891021465
110380.001,0.0511046685,0.05057689459401388,-0.0005277739059861217
110460.001,0.0511135571,0.05057471035509409,-0.0005388467449059103
110540.001,0.0511291213,0.05057252978597431,-0.0005565915140256852
110620.001,0.0510742776,0.05057037490824382,-0.0005039026917561806
110700.001,0.0511068888,0.05056818065853693,-0.0005387081414630693
110780.001,0.0511061512,0.05056600255363277,-0.0005401486463672278
110870.001,0.0511143021,0.0505635458072879,-0.000550756292712104
110950.001,0.0510898419,0.05056103905337376,-0.0005288028466262432
111030.001,0.0510809459,0.0505575261706475,-0.0005234197293524992
111110.001,0.0510742776,0.050554017210433906,-0.0005202603895660962
111190.001,0.0510653816,0.05055050885133647,-0.0005148727486635335
111270.001,0.0510683469,0.050546984805016765,-0.000521362094983234
111350.001,0.0510905795,0.050543455094839485,-0.0005471244051605123
111430.001,0.051050555,0.05053995579075292,-0.0005105992092470785
111510.001,0.0510513,0.050536434289929676,-0.0005148657100703252
111590.001,0.051060196,0.0505329083624359,-0.0005272876375641
111670.001,0.0510438867,0.05052939317735795,-0.0005144935226420524
111750.001,0.0510727949,0.05052490075154536,-0.0005478941484546446
111830.001,0.051028315,0.050517619059393885,-0.0005106959406061123
111920.001,0.0510713123,0.05050938821682638,-0.0005619240831736191
112000.001,0.0510624163,0.050502087118665016,-0.000560329181334987
112080.001,0.051024612,0.05049479996371349,-0.0005298120362865061
112160.001,0.0510120057,0.05048750460608582,-0.0005245010939141787
112240.001,0.0510305353,0.05048018830876802,-0.0005503469912319786
112320.001,0.051050555,0.05047286915609116,-0.00057768584390884
112400.001,0.0510498174,0.05046556301399915,-0.0005842543860008556
112480.001,0.051010523,0.050458276800620885,-0.0005522461993791167
112560.001,0.051037956,0.050452412019612806,-0.0005855439803871959
112640.001,0.0510171987,0.050448963073946314,-0.0005682356260536883
112720.001,0.0509831049,0.05044552765993636,-0.00053757724006364
112800.001,0.0510045998,0.05044205685403041,-0.0005625429459695935
112880.001,0.051019419,0.05043859876580464,-0.0005808202341953603
112960.001,0.051015716,0.0504351387711305,-0.0005805772288695055
113050.001,0.0510008894,0.05043125631615043,-0.0005696330838495661
113130.001,0.0509971865,0.05042779488313573,-0.0005693916168642704
113210.001,0.0509727262,0.05042434546121776,-0.0005483807387822379
113290.001,0.0509786569,0.05042088262800821,-0.0005577742719917941
113370.001,0.0509749465,0.050416124124206985,-0.0005588223757930152
113450.001,0.0509793945,0.05041005725966316,-0.0005693372403368369
113530.001,0.0509386323,0.050404014062731,-0.0005346182372690036
113610.001,0.0509801395,0.050397928945689695,-0.0005822105543103057
113690.001,0.0509527139,0.05039189185102535,-0.0005608220489746532
113770.001,0.0509482659,0.050385833755845516,-0.0005624321441544816
113850.001,0.0509660579,0.050379765106743954,-0.0005862927932560463
113930.001,0.0509482659,0.05037371674925783,-0.0005745491507421693
114010.001,0.0509549342,0.05036764668314276,-0.0005872875168572433
114100.001,0.050930474,0.05036083547885401,-0.0005696385211459917
114180.001,0.0509015732,0.05035491878857474,-0.0005466544114252625
114260.001,0.0509082414,0.05034907553952755,-0.0005591658604724506
114340.001,0.0509037934,0.050343227673479304,-0.0005605657265206967
114420.001,0.0509163924,0.05033738112467103,-0.0005790112753289722
114500.001,0.0509230681,0.05033152527892992,-0.0005915428210700804
114580.001,0.0508934148,0.05032570056777546,-0.0005677142322245421
114660.001,0.0508993454,0.05031985090146415,-0.0005794944985358444
114740.001,0.0508867465,0.05031400480224819,-0.0005727416977518163
114820.001,0.0508674793,0.050308167496597084,-0.0005593118034029135
114900.001,0.0508696996,0.050302316551857434,-0.000567383048142564
114980.001,0.0508578382,0.05030420538595821,-0.0005536328140417907
115060.001,0.0508748852,0.05030165460304092,-0.0005732305969590804
115150.001,0.050837826,0.05029283909859329,-0.0005449869014067105
115230.001,0.050834123,0.05028498478512927,-0.00054913821487073
115310.001,0.0508519076,0.050277125591038786,-0.0005747820089612166
115390.001,0.0508482046,0.05026925785118775,-0.0005789467488122521
115470.001,0.0508407913,0.05026140934734212,-0.00057938195265788
115550.001,0.0508526526,0.050253544794683684,-0.0005991078053163151
115630.001,0.0508081801,0.05024571186514819,-0.0005624682348518151
115710.001,0.0508148484,0.05023784905963855,-0.000576999340361449
115790.001,0.0508370884,0.05022997487540262,-0.0006071135245973788
115870.001,0.0508007668,0.05022073076142069,-0.0005800360385793124
115950.001,0.0508029945,0.05021101043273516,-0.0005919840672648363
116030.001,0.0507926159,0.050201303419275416,-0.0005913124807245818
116110.001,0.0507911332,0.05019158748503446,-0.0005995457149655381
116190.001,0.0507733412,0.0501818729382249,-0.0005914682617750994
116280.001,0.0507814996,0.05017093920796889,-0.000610560392031112
116360.001,0.0507711209,0.05016122264146774,-0.0006098982585322626
116440.001,0.0507600047,0.0501515040630675,-0.0006085006369324977
116520.001,0.0507659353,0.050141775870904993,-0.0006241594290950087
116600.001,0.0507711209,0.05013205362788599,-0.000639067272114012
116680.001,0.0507414751,0.050126252325171775,-0.000615222774828228
116760.001,0.0507436953,0.05012096866434301,-0.0006227266356569894
116840.001,0.050745178,0.050115692059929634,-0.0006294859400703678
116920.001,0.0507051535,0.050110432733529754,-0.0005947207664702484
117000.001,0.0506962575,0.0501051562265714,-0.0005911012734286028
117080.001,0.0506999679,0.05009987011981132,-0.0006000977801886784
117160.001,0.0507051535,0.050094586325907874,-0.000610567174092129
117240.001,0.0506881066,0.050089313610364505,-0.0005987929896354924
117330.001,0.0506710596,0.050083381407579265,-0.0005876781924207333
117410.001,0.0506844036,0.0500780702517688,-0.0006063333482311944
117490.001,0.0506970026,0.050069151499867286,-0.0006278511001327133
117570.001,0.0506895892,0.050060225698603154,-0.0006293635013968485
117650.001,0.050660681,0.05005132340757998,-0.0006093575924200206
117730.001,0.0506443791,0.05004241644240879,-0.0006019626575912082
117810.001,0.0506532677,0.050033481599828906,-0.0006197861001710908
117890.001,0.0506421514,0.05002456316414082,-0.0006175882358591817
117970.001,0.0506428964,0.05001563665692364,-0.0006272597430763555
118050.001,0.0506243668,0.05000671759679097,-0.0006176492032090308
118130.001,0.0506332554,0.04999778792321623,-0.0006354674767837729
118210.001,0.0505880453,0.0499888843919584,-0.0005991609080416016
118290.001,0.0505865626,0.04997861929994908,-0.0006079433000509213
118380.001,0.0505754463,0.049967072089675206,-0.0006083742103247941
118460.001,0.0505784117,0.04995681349092066,-0.0006215982090793382
118540.001,0.0505576544,0.0499465591903044,-0.0006110952096956002
118620.001,0.0505643301,0.0499362917666572,-0.0006280383333428022
118700.001,0.0505472831,0.04992602529985585,-0.0006212578001441524
118780.001,0.0505309738,0.04991576272759038,-0.0006152110724096174
118860.001,0.0505443178,0.0499054829471315,-0.0006388348528685028
118940.001,0.0505361594,0.04989521626678901,-0.0006409431332109958
119020.001,0.0505369045,0.04988490194664369,-0.0006520025533563109
119100.001,0.0505472831,0.04987433910620307,-0.0006729439937969289
119180.001,0.05049688,0.04986379095174709,-0.000633089048252912
119260.001,0.0504805706,0.049853226666600726,-0.000627343933399277
119340.001,0.0504761226,0.049842657288189325,-0.0006334653118106742
119420.001,0.0505072586,0.049832059890139696,-0.0006751987098603043
119510.001,0.05047464,0.049820183525849014,-0.000654456474150987
119590.001,0.0504338779,0.04980962563159858,-0.0006242522684014179
119670.001,0.0504360981,0.04979904839094037,-0.0006370497090596311
119750.001,0.0504264645,0.049788475689127636,-0.0006379888108723614
119830.001,0.0504583381,0.04977761872137988,-0.0006807193786201177
119910.001,0.0504286923,0.04976601551064282,-0.0006626767893571778
119990.001,0.0504301749,0.049754395915260756,-0.0006757789847392434
120070.001,0.0503857024,0.049742796488864156,-0.0006429059111358465
120150.001,0.0504027493,0.04973117172244549,-0.0006715775775545108
120230.001,0.0503745861,0.04971955502099211,-0.0006550310790078909
120310.001,0.0503597595,0.04970794126652791,-0.0006518182334720873
120390.001,0.0503664277,0.049696315215193555,-0.0006701124848064455
120470.001,0.0503745861,0.04968468095470959,-0.0006899051452904092
120560.001,0.0503590144,0.049671616180024844,-0.0006873982199751549
120640.001,0.0503271483,0.04966094754330623,-0.0006662007566937689
120720.001,0.0503441952,0.049651837624852944,-0.0006923575751470526
120800.001,0.050310839,0.04964274523248837,-0.0006680937675116322
120880.001,0.0503182523,0.04963362471449152,-0.0006846275855084752
120960.001,0.0502856411,0.04962452350736233,-0.0006611175926376708
121040.001,0.0502989776,0.049615405288749234,-0.0006835723112507686
121120.001,0.0502752624,0.04960629923851863,-0.0006689631614813715
121200.001,0.0502878614,0.049597178488092704,-0.0006906829119072977
121280.001,0.0502478369,0.04958808014699271,-0.0006597567530072929
121360.001,0.0502648838,0.04957894225421751,-0.0006859415457824911
121440.001,0.050227087,0.049568510059230804,-0.0006585769407691927
121520.001,0.0502189286,0.04955582889164539,-0.0006630997083546045
121610.001,0.050204847,0.049541569754213186,-0.0006632772457868114
121690.001,0.0501915105,0.04952889393861484,-0.0006626165613851584
121770.001,0.0501840971,0.0495162169619427,-0.0006678801380572974
121850.001,0.0501826145,0.04950352705264813,-0.0006790874473518727
121930.001,0.0501944758,0.04949084018080089,-0.0007036356191991097
122010.001,0.0501944758,0.04947814664962724,-0.0007163291503727576
122090.001,0.0501633398,0.049465468220909144,-0.0006978715790908543
122170.001,0.050124798,0.049452799964687814,-0.0006719980353121838
122250.001,0.0501544513,0.049438719445456365,-0.0007157318545436345
122330.001,0.0501218326,0.049423295978326516,-0.0006985366216734831
122410.001,0.050103303,0.049407874948179706,-0.000695428051820296
122490.001,0.050098855,0.04939243348679973,-0.0007064215132002657
122570.001,0.0500914492,0.04937699867163031,-0.0007144505283696867
122650.001,0.0500944145,0.0493615640050732,-0.0007328504949267942
122740.001,0.0500617959,0.04934420396609739,-0.0007175919339026046
122820.001,0.0500692092,0.04932875120459528,-0.0007404579954047169
122900.001,0.0500758849,0.04931330740065209,-0.0007625774993479106
122980.001,0.050041046,0.04929787440288266,-0.0007431715971173355
123060.001,0.0500417836,0.04928420106393583,-0.0007575825360641719
123140.001,0.0500121377,0.04927158312635809,-0.0007405545736419092
123220.001,0.0500247367,0.049258938303005664,-0.0007657983969943383
123300.001,0.0500099175,0.04924631289064487,-0.0007636046093551299
123380.001,0.0499595143,0.049233698855672005,-0.0007258154443279957
123460.001,0.0499595143,0.04922106906716554,-0.0007384452328344573
123540.001,0.0499402396,0.0492084402361492,-0.0007317993638508019
123620.001,0.0499328338,0.04919579961664532,-0.0007370341833546831
123700.001,0.0499580316,0.04918313967272984,-0.0007748919272701632
123790.001,0.0498957746,0.04916894689542636,-0.0007268277045736349
123870.001,0.0499246754,0.04915562332809606,-0.0007690520719039404
123950.001,0.0499076284,0.04914208647674854,-0.0007655419232514629
124030.001,0.0498972572,0.0491285612717783,-0.0007686959282217007
124110.001,0.0498713143,0.04911504221720137,-0.0007562720827986244
124190.001,0.0498668663,0.04910150018173202,-0.0007653661182679822
124270.001,0.0498342551,0.049087975541032246,-0.0007462795589677565
124350.001,0.0498268418,0.04907443453149534,-0.0007524072685046596
124430.001,0.0497942306,0.04906091005455069,-0.0007333205454493133
124510.001,0.0498031192,0.04904736130186651,-0.0007557578981334939
124590.001,0.0497816242,0.04903382047059867,-0.0007478037294013293
124670.001,0.0498023815,0.04902446789948155,-0.0007779136005184525
124750.001,0.0497964509,0.04901650728915723,-0.0007799436108427704
124840.001,0.0497430749,0.049007576413085153,-0.0007354984869148498
124920.001,0.0497430749,0.048999605154761545,-0.0007434697452384578
125000.001,0.0497045331,0.048991657443668096,-0.0007128756563319072
125080.001,0.0496993475,0.04898369871770007,-0.0007156487822999255
125160.001,0.0496934168,0.04897310772093916,-0.0007203090790608435
125240.001,0.0497067608,0.04895479410188489,-0.0007519666981151071
125320.001,0.0496630259,0.048936518837207316,-0.000726507062792682
125400.001,0.0496578403,0.04891820549914437,-0.0007396348008556278
125480.001,0.0496474616,0.04889990617406704,-0.0007475554259329595
125560.001,0.0496170782,0.048881615692739175,-0.0007354625072608229
125640.001,0.0496407934,0.048863286280802845,-0.0007775071191971558
125720.001,0.0496281944,0.04884498231324028,-0.0007832120867597159
125800.001,0.0495733432,0.04882669752035022,-0.000746645679649785
125880.001,0.0495985486,0.04880835981901818,-0.0007901887809818181
125970.001,0.0495829843,0.0487884337819153,-0.0007945505180846982
126050.001,0.0495436974,0.04877192021267539,-0.0007717771873246154
126130.001,0.0495192371,0.048755390811116725,-0.000763846288883277
126210.001,0.0495103411,0.048738854097557266,-0.0007714870024427348
126290.001,0.0495207198,0.048722293191506144,-0.0007984266084938574
126370.001,0.0495066382,0.04870575706277009,-0.0008008811372299113
126450.001,0.0494858809,0.04868921506623433,-0.0007966658337656696
126530.001,0.0494362228,0.04867269497238922,-0.0007635278276107785
126610.001,0.0494414158,0.04865613977399455,-0.0007852760260054492
126690.001,0.0494073145,0.04863959744342862,-0.0007677170565713806
126770.001,0.0493961982,0.04862187815765426,-0.00077432004234574
126850.001,0.0493784137,0.048602220895522553,-0.0007761928044774449
126930.001,0.0493554361,0.04858255792660472,-0.000772878173395275
127020.001,0.0493658073,0.04856041332014431,-0.0008053939798556911
127100.001,0.0493546911,0.04854073808623813,-0.0008139530137618728
127180.001,0.0493346788,0.0485210696100694,-0.0008136091899305989
127260.001,0.0492998473,0.04850140726400611,-0.0007984400359938859
127340.001,0.049305778,0.048481730295917375,-0.0008240477040826269
127420.001,0.0492983647,0.0484620422191095,-0.0008363224808905015
127500.001,0.0492724217,0.04844237499049003,-0.0008300467095099726
127580.001,0.0492449962,0.04842404083286252,-0.0008209553671374853
127660.001,0.049207937,0.04840704675796934,-0.000800890242030658
127740.001,0.0492427759,0.048390005116739944,-0.0008527707832600567
127820.001,0.049212385,0.04837298586669202,-0.0008393991333079803
127900.001,0.0492020063,0.04835596680070391,-0.0008460394992960835
127980.001,0.0491730981,0.0483389475740833,-0.0008341505259166979
128070.001,0.0491308533,0.0483198144495288,-0.0008110388504712004
128150.001,0.0491360389,0.04830277646410183,-0.0008332624358981661
128230.001,0.0491189919,0.048285756939271014,-0.0008332349607289846
128310.001,0.0491078757,0.04826872255614661,-0.0008391531438533897
128390.001,0.0490915664,0.04824633225306622,-0.0008452341469337848
128470.001,0.0490537696,0.04822078793149276,-0.0008329816685072391
128550.001,0.0490463562,0.04819522896602432,-0.0008511272339756792
128630.001,0.0490293093,0.04816967157986065,-0.0008596377201393474
128710.001,0.0489878021,0.048144128737905204,-0.0008436733620947948
128790.001,0.0489803888,0.04811855102995788,-0.0008618377700421245
128870.001,0.0489507429,0.0480929973621712,-0.0008577455378287954
128950.001,0.0489507429,0.04806741587996704,-0.0008833270200329577
129030.001,0.0489514805,0.0480418368866422,-0.0009096436133577968
129110.001,0.0488877408,0.048016293746801525,-0.0008714470531984778
129200.001,0.0488692112,0.04799372103813605,-0.0008754901618639455
129280.001,0.0488870032,0.0479763524927315,-0.0009106507072684997
129360.001,0.0488706939,0.047959000846403636,-0.0009116930535963616
129440.001,0.0488017611,0.04794167913233307,-0.0008600819676669313
129520.001,0.0488099195,0.04792431046871794,-0.0008856090312820628
129600.001,0.0487861969,0.047906954023466404,-0.000879242876533598
129680.001,0.0487936102,0.04788958145991595,-0.0009040287400840438
129760.001,0.0487617366,0.04787222100144582,-0.0008895155985541789
129840.001,0.0487165265,0.04785488336939235,-0.0008616431306076519
129920.001,0.0486935489,0.04783751643908787,-0.0008560324609121345
130000.001,0.0486713164,0.04781607603346538,-0.0008552403665346153
130080.001,0.0486364774,0.04779330333868792,-0.0008431740613120825
130160.001,0.0486364774,0.04777051136781182,-0.0008659660321881854
130250.001,0.0486690886,0.04774486396910937,-0.0009242246308906327
130330.001,0.0485875569,0.04772209036599126,-0.0008654665340087422
130410.001,0.0485890396,0.04769929946097622,-0.0008897401390237786
130490.001,0.0485645793,0.04767650699621319,-0.0008880723037868118
130570.001,0.0485349335,0.04765370320415688,-0.0008812302958431245
130650.001,0.0485223345,0.04763089579320788,-0.0008914387067921192
130730.001,0.0485230722,0.04760809851209073,-0.0009149736879092707
130810.001,0.048491206,0.04758087469596782,-0.0009103313040321817
130890.001,0.0484800823,0.04755303140143717,-0.000927050898562827
130970.001,0.0484519191,0.04752518863705777,-0.0009267304629422268
131050.001,0.0484237485,0.047497339403494106,-0.0009264090965058966
131130.00100000002,0.0483814962,0.047469502699747285,-0.0009119935002527141
131210.00100000002,0.0483555607,0.047441664322148754,-0.0009138963778512477
131300.00100000002,0.0483852066,0.047410293643871886,-0.0009749129561281156
131380.00100000002,0.0483496301,0.04738244172026099,-0.0009671883797390118
131460.00100000002,0.0482784696,0.04735460101063998,-0.0009238685893600204
131540.00100000002,0.0482918136,0.04732674332194343,-0.0009650702780565693
131620.00100000002,0.0482436381,0.047303039245882535,-0.0009405988541174651
131700.00100000002,0.0482503064,0.04727931181808878,-0.0009709945819112165
131780.00100000002,0.0482080616,0.04725559787570261,-0.0009524637242973866
131860.00100000002,0.0482036136,0.04723186603624626,-0.0009717475637537401
131940.00100000002,0.0481769331,0.04720815266973633,-0.0009687804302636674
132020.00100000002,0.0481502451,0.04718441315590197,-0.0009658319440980292
132100.00100000002,0.0481339432,0.04716068844291387,-0.0009732547570861297
132180.00100000002,0.0481131859,0.04713694429507111,-0.0009762416049288875
132260.00100000002,0.0480709411,0.047113235122208615,-0.0009577059777913857
132340.00100000002,0.0480457358,0.047089556132874064,-0.0009561796671259393
132430.00100000002,0.0480175726,0.0470817164068974,-0.0009358561931026022
132510.00100000002,0.0479775481,0.04705969867135494,-0.0009178494286450622
132590.00100000002,0.047990147,0.04702874387428179,-0.0009614031257182062
132670.00100000002,0.0479264073,0.0469978277297469,-0.0009285795702531005
132750.00100000002,0.0479508676,0.04696686344833586,-0.0009840041516641432
132830.00100000002,0.0478989817,0.04693593661214583,-0.000963045087854171
132910.00100000002,0.0478678532,0.046904998793279244,-0.0009628544067207534
132990.00100000002,0.0478463583,0.04687405702626318,-0.0009723012737368197
133070.00100000002,0.0478470959,0.04684307789413831,-0.0010040180058616885
133150.00100000002,0.0477989204,0.046812140988669,-0.0009867794113309972
133230.00100000002,0.0477759428,0.04678118876025757,-0.000994754039742432
133310.00100000002,0.0477626063,0.0467511484998258,-0.001011457800174205
133390.00100000002,0.047755193,0.04672165810617568,-0.0010335348938243227
133480.00100000002,0.0477129407,0.04668848758616351,-0.0010244531138364904
133560.00100000002,0.0476929285,0.046659003694604274,-0.0010339248053957278
133640.00100000002,0.0476254784,0.04662953356905468,-0.000995944830945318
133720.00100000002,0.0476225205,0.04660003044055274,-0.0010224900594472605
133800.00100000002,0.0476032458,0.04657052429302723,-0.0010327215069727697
133880.00100000002,0.047569152,0.04654103443841943,-0.0010281175615805757
133960.00100000002,0.0475172661,0.046511543878813344,-0.0010057222211866529
134040.00100000002,0.0475268997,0.04648202148081284,-0.0010448782191871606
134120.00100000002,0.0474876203,0.04644894156132319,-0.0010386787386768084
134200.00100000002,0.0474357344,0.04641469851550066,-0.0010210358844993384
134280.00100000002,0.0474283211,0.04638043655690418,-0.0010478845430958172
134360.00100000002,0.047396455,0.04634617285324519,-0.0010502821467548093
134440.00100000002,0.0473564304,0.04631191041417309,-0.0010445199858269139
134530.00100000002,0.0473445691,0.04627335343625239,-0.0010712156637476059
134610.00100000002,0.0473282598,0.04623907690525136,-0.0010891828947486443
134690.00100000002,0.0472711883,0.046204808018406485,-0.001066380281593518
134770.00100000002,0.0472534038,0.04617053746286983,-0.0010828663371301728
134850.00100000002,0.0472163446,0.0461362514628877,-0.0010800931371123049
134930.00100000002,0.047188919,0.04610248576448448,-0.0010864332355155215
135010.00100000002,0.0471652038,0.04606878867217483,-0.0010964151278251705
135090.00100000002,0.0471348129,0.0460350896778759,-0.0010997232221241007
135170.00100000002,0.0471118353,0.04600138741144736,-0.0011104478885526417
135250.00100000002,0.0470673554,0.04596768833091042,-0.00109966706908958
135330.00100000002,0.0470354818,0.0459339837061892,-0.0011014980938107988
135410.00100000002,0.0470169522,0.045900260997756424,-0.001116691202243579
135490.00100000002,0.0469821207,0.04586654554682594,-0.0011155751531740574
135570.00100000002,0.0469583981,0.0458328224082156,-0.0011255756917843973
135660.00100000002,0.046913188,0.04579502446443498,-0.0011181635355650213
135740.00100000002,0.0468835421,0.045788938515187116,-0.0010946035848128852
135820.00100000002,0.0468590818,0.045749424619310045,-0.001109657180689956
135900.00100000002,0.0468175747,0.04570990999787422,-0.0011076647021257824
135980.00100000002,0.0467842184,0.04567039547879858,-0.0011138229212014211
136060.00100000002,0.0467508696,0.045630867933226925,-0.0011200016667730767
136140.00100000002,0.0467256643,0.04559133178579371,-0.0011343325142062904
136220.00100000002,0.0466819368,0.045551809060833746,-0.0011301277391662506
136300.00100000002,0.0466671102,0.04551226124611202,-0.0011548489538879825
136380.00100000002,0.0466374643,0.045472720010481006,-0.0011647442895189944
136460.00100000002,0.0465848409,0.04543319103543119,-0.00115164986456881
136540.00100000002,0.0465351827,0.045393429432717514,-0.0011417532672824832
136620.00100000002,0.0465292521,0.04535296866251114,-0.0011762834374888648
136710.00100000002,0.0464758836,0.04530747322718859,-0.0011684103728114084
136790.00100000002,0.046439562,0.04526703007968385,-0.0011725319203161472
136870.00100000002,0.0464173295,0.045226570009791564,-0.001190759490208436
136950.00100000002,0.0463973172,0.04518610371819562,-0.0012112134818043838
137030.00100000002,0.0463283844,0.04514566139003441,-0.0011827230099655875
137110.00100000002,0.0463224538,0.045105171335319265,-0.0012172824646807384
137190.00100000002,0.0462705754,0.045064725808974034,-0.0012058495910259662
137270.00100000002,0.0462268405,0.04502425019862589,-0.0012025903013741096
137350.00100000002,0.046187561,0.044982007022447326,-0.0012055539775526758
137430.00100000002,0.046169769,0.044936839847122906,-0.0012329291528770936
137510.00100000002,0.0461134426,0.04489169653683166,-0.0012217460631683413
137590.00100000002,0.0460615493,0.04484654630261166,-0.0012150029973883383
137670.00100000002,0.0460526533,0.04480136608762259,-0.001251287212377411
137760.00100000002,0.0460118912,0.0447505386320621,-0.0012613525679379053
137840.00100000002,0.0459770523,0.04470536444641235,-0.0012716878535876525
137920.00100000002,0.0459296219,0.0446601962526572,-0.001269425647342802
138000.00100000002,0.0458747707,0.04461502093766197,-0.0012597497623380305
138080.00100000002,0.0458310433,0.044569839975100084,-0.001261203324899915
138160.00100000002,0.0458169542,0.04452476166306144,-0.0012921925369385606
138240.00100000002,0.0457435735,0.044479865249019285,-0.0012637082509807177
138320.00100000002,0.0457250439,0.044434920545854684,-0.0012901233541453144
138400.00100000002,0.0456813164,0.044389981035019455,-0.0012913353649805434
138480.00100000002,0.0456227623,0.04434506001845924,-0.0012777022815407615
138560.00100000002,0.0456146114,0.04430009024062058,-0.0013145211593794184
138640.00100000002,0.0455434509,0.04425516564619667,-0.0012882852538033257
138720.00100000002,0.0455026887,0.0442102150723758,-0.001292473627624205
138800.00100000002,0.0454826765,0.04416523445230372,-0.0013174420476962795
138890.00100000002,0.0453989245,0.04411464358256965,-0.0012842809174303527
138970.00100000002,0.0453588925,0.04406146869376082,-0.0012974238062391785
139050.00100000002,0.045323316,0.04400829320938878,-0.0013150227906112213
139130.00100000002,0.0452944078,0.04395509972815563,-0.0013393080718443681
139210.00100000002,0.0452788435,0.043901888483752385,-0.0013769550162476135
139290.00100000002,0.0452024974,0.04384871081145975,-0.001353786588540247
139370.00100000002,0.0451832302,0.04379549184193423,-0.001387738358065771
139450.00100000002,0.0451061465,0.04374230083050286,-0.0013638456694971407
139530.00100000002,0.0450461097,0.04368910845493577,-0.0013570012450642363
139610.00100000002,0.0450461097,0.0436358588709445,-0.0014102508290555066
139690.00100000002,0.04496013,0.043582667466405586,-0.0013774625335944146
139770.00100000002,0.0449497513,0.04352911456441352,-0.0014206367355864835
139850.00100000002,0.0448860116,0.04347558704592308,-0.0014104245540769167
139940.00100000002,0.0448104106,0.04341537098793518,-0.0013950396120648231
140020.00100000002,0.0447852127,0.04336182485547301,-0.0014233878445269882
140100.00100000002,0.0447140522,0.043308297200963485,-0.0014057549990365154
140180.00100000002,0.0447021984,0.04325471925625603,-0.0014474791437439696
140260.00100000002,0.0446273349,0.04320118011344088,-0.0014261547865591223
140340.00100000002,0.0445984267,0.04314759861234277,-0.00145082808765723
140420.00100000002,0.0445546918,0.04309401246057284,-0.0014606793394271594
140500.00100000002,0.0444701947,0.04304020733998795,-0.0014299873600120486
140580.00100000002,0.0444361009,0.04298476398834948,-0.0014513369116505165
140660.00100000002,0.0444012694,0.0429293236995272,-0.0014719457004728
140740.00100000002,0.0443612449,0.0428738477031352,-0.0014873971968647967
140820.00100000002,0.0442900918,0.042818407076242355,-0.001471684723757645
140900.00100000002,0.0442478396,0.04276293070392842,-0.0014849088960715781
140990.00100000002,0.0441663079,0.042700545901987755,-0.0014657619980122452
141070.00100000002,0.044145558,0.04264504168615474,-0.0015005163138452626
141150.00100000002,0.0440996028,0.04258954530618587,-0.0015100574938141306
141230.00100000002,0.0440462343,0.042534050245864076,-0.0015121840541359247
141310.00100000002,0.0439795218,0.042477430833816235,-0.0015020909661837625
141390.00100000002,0.0439246781,0.04241749494925191,-0.0015071831507480898
141470.00100000002,0.0438631587,0.04235754970146787,-0.0015056089985321305
141550.00100000002,0.043839436,0.04229757365766953,-0.0015418623423304745
141630.00100000002,0.0437519811,0.04223764259100592,-0.00151433850899408
141710.00100000002,0.0436949097,0.04217766759296444,-0.001517242107035556
141790.00100000002,0.0436304249,0.04211769796492346,-0.001512726935076536
141870.00100000002,0.0436007716,0.042057696807449495,-0.0015430747925505028
141950.00100000002,0.0435555615,0.04199769461339791,-0.0015578668866020884
142030.00100000002,0.0435036756,0.041937680326849934,-0.0015659952731500656
142120.00100000002,0.0434480868,0.041865445060104894,-0.0015826417398951062
142200.00100000002,0.0433547013,0.041797965323500816,-0.0015567359764991837
142280.00100000002,0.0433183797,0.04173042360601809,-0.001587956093981907
142360.00100000002,0.0432613082,0.041662898629663485,-0.0015984095703365162
142440.00100000002,0.0432123877,0.041595359014543656,-0.001617028685456344
142520.00100000002,0.0431582816,0.04152780615869574,-0.0016304754413042633
142600.00100000002,0.0430745222,0.041460264314766876,-0.0016142578852331238
142680.00100000002,0.043028567,0.041392691677378954,-0.001635875322621043
142760.00100000002,0.0429396294,0.041325152105402406,-0.0016144772945975924
142840.00100000002,0.0429077558,0.04125754919255654,-0.0016502066074434649
142920.00100000002,0.0428343751,0.04118778245295314,-0.0016465926470468628
143000.00100000002,0.0427669324,0.04111670789034546,-0.0016502245096545395
143080.00100000002,0.0427231975,0.0410456142308345,-0.0016775832691654988
143170.00100000002,0.042675022,0.04096560138860884,-0.001709420611391163
143250.00100000002,0.0426090546,0.040894500551461724,-0.0017145540485382776
143330.00100000002,0.0425378941,0.04082337147588828,-0.0017145226241117237
143410.00100000002,0.0424533971,0.04075226597757437,-0.0017011311224256268
143490.00100000002,0.0424096696,0.0406811251263811,-0.0017285444736188996
143570.00100000002,0.0423481502,0.040609961684039894,-0.0017381885159601027
143650.00100000002,0.0422784798,0.040538811809086805,-0.001739667990913192
143730.00100000002,0.0422206633,0.040466583316494574,-0.0017540799835054285
143810.00100000002,0.0421554409,0.040393996988130274,-0.001761443911869727
143890.00100000002,0.0420598276,0.04032143500891784,-0.0017383925910821607
143970.00100000002,0.0420161001,0.040248829182508154,-0.0017672709174918477
144050.00100000002,0.0419790335,0.04017618086538304,-0.0018028526346169568
144130.00100000002,0.0418715663,0.04010359220808126,-0.001767974091918742
144220.00100000002,0.0418196805,0.040021852415673555,-0.001797828084326443
144300.00100000002,0.0417322181,0.039949231921597425,-0.0017829861784025777
144380.00100000002,0.041673664,0.039876572129174725,-0.0017970918708252737
144460.00100000002,0.0416217782,0.039803892335408646,-0.001817885864591355
144540.00100000002,0.0415395088,0.0397269204862999,-0.0018125883137000975
144620.00100000002,0.0414868779,0.03964932799328107,-0.00183754990671893
144700.00100000002,0.041420918,0.039571729533638446,-0.0018491884663615551
144780.00100000002,0.0413675494,0.03949410647162553,-0.0018734429283744705
144860.00100000002,0.0412615575,0.039416523986495505,-0.0018450335135044918
144940.00100000002,0.041208189,0.039338889636196694,-0.0018692993638033048
145020.00100000002,0.0411296226,0.039261251976854726,-0.0018683706231452726
145100.00100000002,0.0410695858,0.039183587368033165,-0.0018859984319668371
145180.00100000002,0.0409954675,0.039105917549103086,-0.001889549950896914
145260.00100000002,0.0409020744,0.03902826990084202,-0.0018738044991579786
145350.00100000002,0.0408338867,0.038940415567594436,-0.0018934711324055664
145430.00100000002,0.040770147,0.03886224366776841,-0.001907903332231592
145510.00100000002,0.0406693406,0.03878409425856633,-0.0018852463414336662
145590.00100000002,0.0406315438,0.03870067031347767,-0.001930873486522336
145670.00100000002,0.0405433364,0.038614170767997134,-0.0019291656320028633
145750.00100000002,0.0404551364,0.03852770719103,-0.0019274292089700024
145830.00100000002,0.0403765701,0.03844120539997234,-0.0019353647000276628
145910.00100000002,0.0403128229,0.038354656520915464,-0.001958166379084539
145990.00100000002,0.0402350016,0.038268126162788116,-0.0019668754372118846
146070.00100000002,0.0401719995,0.03818153398987072,-0.001990465510129283
146150.00100000002,0.0400734209,0.03809499019917897,-0.0019784307008210295
146230.00100000002,0.0400222726,0.03800837337185861,-0.0020138992281413873
146310.00100000002,0.0399555676,0.03792175389538126,-0.0020338137046187407
146400.00100000002,0.0398480929,0.03782151400155072,-0.0020265788984492814
146480.00100000002,0.0397739746,0.03773118174820834,-0.0020427928517916596
146560.00100000002,0.0396650173,0.03764085745164938,-0.0020241598483506235
146640.00100000002,0.039587196,0.03755048526434942,-0.0020367107356505793
146720.00100000002,0.0395330824,0.037460073288187054,-0.0020730091118129484
146800.00100000002,0.0394211672,0.037369697098494886,-0.0020514701015051165
146880.00100000002,0.0393448211,0.03727927633385088,-0.002065544766149126
146960.00100000002,0.0392669924,0.037188833713012265,-0.002078158686987734
147040.00100000002,0.039189171,0.03709837398453271,-0.0020907970154672925
147120.00100000002,0.0391076393,0.03700790332553607,-0.0020997359744639246
147200.00100000002,0.0390298106,0.036909905480055176,-0.0021199051199448232
147280.00100000002,0.0389505066,0.0368094752793903,-0.0021410313206097
147360.00100000002,0.0388578586,0.0367090053318336,-0.002148853268166405
147450.00100000002,0.0387585349,0.036595991986620356,-0.002162542913379646
147530.00100000002,0.038670335,0.03649550340607535,-0.0021748315939246476
147610.00100000002,0.0385821275,0.03639498144085776,-0.0021871460591422406
147690.00100000002,0.0384991132,0.03629445353840292,-0.0022046596615970804
147770.00100000002,0.0384205468,0.03619388093464003,-0.002226665865359967
147850.00100000002,0.0383479111,0.03609329092799614,-0.0022546201720038614
147930.00100000002,0.0382359959,0.03599272042092819,-0.002243275479071813
148010.00100000002,0.0381062813,0.035898844499360524,-0.0022074368006394784
148090.00100000002,0.0380766355,0.03580583432587185,-0.0022708011741281453
148170.00100000002,0.0379535966,0.03571285792662638,-0.00224073867337362
148250.00100000002,0.0378913321,0.0356198144654999,-0.002271517634500099
148330.00100000002,0.0377897881,0.035526778838530816,-0.002263009261469183
148410.00100000002,0.0376845412,0.035429597037055206,-0.0022549441629447914
148490.00100000002,0.0375844799,0.03532018889433051,-0.0022642910056694943
148580.00100000002,0.0375088789,0.03519704698396139,-0.0023118319160386133
148660.00100000002,0.0374117829,0.03508757484127315,-0.002324208058726851
148740.00100000002,0.0372998603,0.03497809147475888,-0.0023217688252411203
148820.00100000002,0.0371916406,0.034868596244316395,-0.002323044355683604
148900.00100000002,0.0371353142,0.03475902490406458,-0.0023762892959354187
148980.00100000002,0.0370122753,0.03464948040383948,-0.002362794896160522
149060.00100000002,0.0369181447,0.034539880377542714,-0.002378264322457288
149140.00100000002,0.0368373506,0.03443023336411719,-0.0024071172358828066
149220.00100000002,0.0367195047,0.03431913537804109,-0.0024003693219589103
149300.00100000002,0.0366572402,0.034205496663219676,-0.002451743536780328
149380.00100000002,0.0365527384,0.03409185678328776,-0.002460881616712242
149460.00100000002,0.036451932,0.033978201158146454,-0.0024737308418535456
149540.00100000002,0.0363414921,0.03386452675008107,-0.002476965349918925
149630.00100000002,0.0362473615,0.033736571647987566,-0.002510789852012432
149710.00100000002,0.0361169092,0.033622840067733965,-0.002494069132266033
149790.00100000002,0.0360035039,0.03350907236016828,-0.0024944315398317193
149870.00100000002,0.0359012224,0.033395268913639496,-0.0025059534863605057
149950.00100000002,0.0358122773,0.03328142191067496,-0.002530855389325043
150030.00100000002,0.0357159264,0.0331623055952306,-0.0025536208047694034
150110.00100000002,0.0356180854,0.03303801720087896,-0.002580068199121037
150190.00100000002,0.0354654007,0.0329137448543165,-0.0025516558456834953
150270.00100000002,0.0353935026,0.03278938371272919,-0.002604118887270808
150350.00100000002,0.0352756493,0.03266499964168442,-0.002610649658315582
150430.00100000002,0.0351748504,0.032540558039668044,-0.002634292360331955
150510.00100000002,0.0350614451,0.03241610437778408,-0.002645340722215915
150590.00100000002,0.0349702798,0.03229158739635274,-0.002678692403647258
150680.00100000002,0.0348442756,0.03215147143563484,-0.0026928041643651604
150760.00100000002,0.0347323529,0.032026898300975035,-0.0027054545990249645
150840.00100000002,0.0346211754,0.03190475693672691,-0.0027164184632730917
150920.00100000002,0.0345048048,0.03178404843583481,-0.002720756364165189
151000.00100000002,0.0343602784,0.031663343740875205,-0.0026969346591247945
151080.00100000002,0.034255024,0.03154254740163048,-0.002712476598369519
151160.00100000002,0.0341379158,0.03142174616256178,-0.0027161696374382246
151240.00100000002,0.0340348892,0.03130086393686535,-0.002734025263134654
151320.00100000002,0.0339370556,0.03116387632968315,-0.002773179270316853
151400.00100000002,0.0338303186,0.031017368119770843,-0.0028129504802291566
151480.00100000002,0.0336798541,0.030870844330453617,-0.002809009769546386
151560.00100000002,0.033567939,0.030724264063484465,-0.0028436749365155327
151640.00100000002,0.0334612019,0.030577598042507294,-0.0028836038574927073
151720.00100000002,0.0333211161,0.030430935463238825,-0.002890180636761174
151810.00100000002,0.033178065,0.030265870694522513,-0.002912194305477487
151890.00100000002,0.0330513231,0.030119073226254164,-0.0029322498737458375
151970.00100000002,0.0329623781,0.029972189826608615,-0.002990188273391387
152050.00100000002,0.0328348912,0.029825250260607096,-0.0030096409393929047
152130.00100000002,0.0326799788,0.029678945718701524,-0.0030010330812984785
152210.00100000002,0.0325747319,0.02953271574127703,-0.0030420161587229703
152290.00100000002,0.0324665196,0.02938640631222373,-0.0030801132877762705
152370.00100000002,0.032354597,0.029240060409676083,-0.003114536590323916
152450.00100000002,0.0322063603,0.02909366998991229,-0.0031126903100877103
152530.00100000002,0.0320381038,0.02894724534410075,-0.003090858455899251
152610.00100000002,0.0319313742,0.02880066420318813,-0.0031307099968118715
152690.00100000002,0.0318046324,0.028654061924781413,-0.003150570475218585
152770.00100000002,0.0316474997,0.028507416661402968,-0.00314008303859703
152860.00100000002,0.0315207504,0.02834231543620573,-0.0031784349637942674
152940.00100000002,0.0313636176,0.028182106695451802,-0.0031815109045481953
153020.00100000002,0.0312220473,0.028019954303739967,-0.003202092996260033
153100.00100000002,0.0310930815,0.02785768569258522,-0.003235395807414783
153180.00100000002,0.0309796762,0.027695307463721383,-0.0032843687362786173
153260.00100000002,0.0308180992,0.027532930145239023,-0.003285169054760978
153340.00100000002,0.0306846816,0.027370409647694376,-0.003314271952305624
153420.00100000002,0.0305453371,0.02720779837398501,-0.0033375387260149887
153500.00100000002,0.0303785708,0.02704514217848994,-0.0033334286215100616
153580.00100000002,0.0302458908,0.026882368918018845,-0.003363521881981156
153660.00100000002,0.0300924648,0.026719504428105927,-0.0033729603718940723
153740.00100000002,0.0299805459,0.026564386268495867,-0.003416159631504132
153820.00100000002,0.0298100729,0.026410372664570986,-0.003399700235429015
153910.00100000002,0.0296521951,0.026218441188211147,-0.003433753911788854
153990.00100000002,0.0295150746,0.02603963294781182,-0.003475441652188181
154070.00100000002,0.0293394085,0.025860743090851544,-0.003478665409148457
154150.00100000002,0.0292393472,0.025681648517364486,-0.0035576986826355156
154230.00100000002,0.0290599782,0.02550251367841007,-0.0035574645215899307
154310.00100000002,0.0289006215,0.02532325569802635,-0.0035773658019736497
154390.00100000002,0.0287471954,0.02514386116389887,-0.0036033342361011314
154470.00100000002,0.028590804,0.024964331919917523,-0.0036264720800824775
154550.00100000002,0.0284351502,0.024784644679195136,-0.003650505520804863
154630.00100000002,0.0282846894,0.02460480208729648,-0.003679887312703519
154710.00100000002,0.0281275567,0.02442163215547695,-0.003705924544523051
154790.00100000002,0.0279807989,0.02423724239822499,-0.003743556501775009
154870.00100000002,0.0277947579,0.024052772607374203,-0.0037419852926257983
154950.00100000002,0.0276354011,0.023868069513326217,-0.0037673315866737812
155040.00100000002,0.0274493601,0.023660100523350595,-0.003789259576649405
155120.00100000002,0.0272981543,0.023475040047385966,-0.003823114252614033
155200.00100000002,0.0271365773,0.023289764316788204,-0.0038468129832117948
155280.00100000002,0.026949795,0.02310433835871588,-0.00384545664128412
155360.00100000002,0.0267859902,0.0229186987748342,-0.003867291425165797
155440.00100000002,0.0266066212,0.02273284138580538,-0.0038737798141946188
155520.00100000002,0.0264746863,0.022534376310127478,-0.003940309989872524
155600.00100000002,0.0262589995,0.022334096070760832,-0.003924903429239169
155680.00100000002,0.0261203963,0.022133462128244012,-0.003986934171755989
155760.00100000002,0.025933614,0.02193265543057861,-0.004000958569421391
155840.00100000002,0.025758693,0.021731558992069827,-0.004027134007930172
155920.00100000002,0.0255822893,0.021530165113351585,-0.004052124186648416
156000.00100000002,0.0254177433,0.021328471918454,-0.004089271381546002
156090.00100000002,0.0252109487,0.021101219542182772,-0.0041097291578172275
156170.00100000002,0.0250338037,0.02089890242631596,-0.0041349012736840406
156250.00100000002,0.0248633306,0.02068540859757172,-0.00417792200242828
156330.00100000002,0.0247128662,0.020460929111980858,-0.004251937088019141
156410.00100000002,0.0245260876,0.02023608199958202,-0.004290005600417979
156490.00100000002,0.0243400428,0.020010835288290094,-0.004329207511709905
156570.00100000002,0.0241480749,0.019785191954358024,-0.004362882945641976
156650.00100000002,0.0239716712,0.019559086707093176,-0.004412584492906824
156730.00100000002,0.0237804409,0.01933253062785136,-0.00444791027214864
156810.00100000002,0.0235921796,0.01910545640864452,-0.004486723191355478
156890.00100000002,0.0233742651,0.018877945398609253,-0.004496319701390746
156970.00100000002,0.0231904481,0.018649804423728523,-0.004540643676271477
157050.00100000002,0.0230199751,0.018414644193241844,-0.004605330906758156
157140.00100000002,0.0227976162,0.01814225184530467,-0.004655364354695327
157220.00100000002,0.0225930456,0.017899394544847572,-0.004693651055152428
157300.00100000002,0.022399595,0.017655801650020737,-0.004743793349979264
157380.00100000002,0.0221920591,0.01741141537378041,-0.0047806437262195925
157460.00100000002,0.0219756309,0.017166254234706833,-0.004809376665293168
157540.00100000002,0.0218236838,0.01692004031358486,-0.00490364348641514
157620.00100000002,0.0216072556,0.016672951755207423,-0.004934303844792577
157700.00100000002,0.0213737804,0.01642485299431107,-0.004948927405688929
157780.00100000002,0.0211706888,0.016175584896099614,-0.004995103903900386
157860.00100000002,0.0209750142,0.015920133147219503,-0.005054881052780496
157940.00100000002,0.0207741503,0.01566041777080534,-0.00511373252919466
158020.00100000002,0.0205584634,0.015399262002819616,-0.0051592013971803845
158100.00100000002,0.0203272123,0.015136510809958365,-0.005190701490041636
158180.00100000002,0.020118935,0.01487198393094706,-0.00524695106905294
158270.00100000002,0.0198543277,0.014572059825452658,-0.005282267874547343
158350.00100000002,0.0196490157,0.014299939648015802,-0.005349076051984199
158430.00100000002,0.0194511171,0.014004014733752061,-0.005447102366247937
158510.00100000002,0.019217642,0.013705388125992311,-0.005512253874007689
158590.00100000002,0.0189797189,0.013403663669966228,-0.005576055230033773
158670.00100000002,0.0187492054,0.013098405954076556,-0.005650799445923444
158750.00100000002,0.0185557511,0.012789023464302923,-0.005766727635697078
158830.00100000002,0.0182874408,0.01247514428930035,-0.005812296510699649
158910.00100000002,0.0180598926,0.01215583011447476,-0.005904062485525238
158990.00100000002,0.0178197492,0.011830237662181836,-0.005989511537818163
159070.00100000002,0.0175951626,0.011497178720105293,-0.006097983879894705
159150.00100000002,0.0173728038,0.01115420535009446,-0.006218598449905539
159230.00100000002,0.0171393286,0.01079400894487085,-0.006345319655129149
159320.00100000002,0.0168895479,0.010372470645330019,-0.006517077254669981
159400.00100000002,0.0166560691,0.009979246697036738,-0.006676822402963262
159480.00100000002,0.0163773838,0.009563205379456916,-0.006814178420543084
159560.00100000002,0.0161602106,0.009116136487530895,-0.007044074112469104
159640.00100000002,0.0159007926,0.008625579908889161,-0.00727521269111084
159720.00100000002,0.0156361852,0.00807063715985269,-0.007565548040147309
159800.00100000002,0.0154301329,0.007411663168990323,-0.008018469731009677
159880.00100000002,0.0151551506,0.006563990259969352,-0.008591160340030648
159960.00100000002,0.0148883192,0.005228388508048581,-0.009659930691951419
