time_s,voltage_exp_V,voltage_sim_V,residual_V
0.0,1.0567988157,1.071108517623991,0.014309701923991058
80.0,0.9341790676,0.9241047949542854,-0.010074272645714588
160.0,0.8567634821,0.8477840564418765,-0.008979425658123485
240.0,0.792222321,0.7848541617883642,-0.007368159211635805
320.0,0.748649776,0.7429137513430712,-0.005736024656928795
400.0,0.7211719751,0.7164415572777576,-0.004730417822242372
480.0,0.70250386,0.6983319954159696,-0.004171864584030405
560.0,0.6882587075,0.6844215860552043,-0.0038371214447956437
640.0,0.6760571599,0.6724409034170915,-0.003616256482908531
720.0,0.6653167009,0.6617211943675608,-0.003595506532439119
800.0,0.6547184587,0.6514221994167424,-0.0032962592832576076
880.0,0.6447933316,0.6416134877262651,-0.0031798438737348222
960.0,0.6353158355,0.6321841532630399,-0.0031316822369601427
1040.0,0.6260082126,0.6229592490503881,-0.003048963549611816
1130.0,0.6156613231,0.6127015313890826,-0.0029597917109174254
1210.0,0.6067013144,0.603869413651102,-0.002831900748897942
1290.0,0.5979465246,0.5953929032652501,-0.0025536213347499004
1370.0,0.5897315145,0.5868161924409374,-0.0029153220590626416
1450.0,0.5811932087,0.5783479123482431,-0.0028452963517568985
1530.0,0.5725319982,0.5698537092436418,-0.0026782889563582435
1610.0,0.5652382374,0.562271551542048,-0.0029666858579520117
1690.0,0.5563768148,0.5537564215874209,-0.0026203932125791196
1770.0,0.5482937098,0.5458423775597665,-0.002451332240233528
1850.0,0.5409066081,0.5382900913850623,-0.002616516714937678
1930.0,0.5331125855,0.5330940645096399,-1.852099036003807e-05
2010.0,0.5289565325,0.5266143711022966,-0.0023421613977033795
2090.0,0.5188987851,0.5163983238080381,-0.0025004612919619085
2180.0,0.5101219416,0.5082307401443922,-0.0018912014556078383
2260.0,0.5031595826,0.5007663690696507,-0.0023932135303493807
2340.0,0.500626862,0.49853875221407784,-0.00208810978592211
2420.0,0.4935510457,0.4917449457697902,-0.0018060999302098035
2500.0,0.4844273031,0.4828885973089343,-0.0015387057910656865
2580.0,0.4797583222,0.477384056410873,-0.0023742657891269725
2660.0,0.4781268537,0.47517943097410975,-0.0029474227258902697
2740.0,0.4676763117,0.46553889454564484,-0.00213741715435517
2820.0,0.4651524723,0.4627968909403927,-0.002355581359607284
2900.0,0.4604775608,0.45977571619552476,-0.0007018446044752547
2980.0,0.4530164003,0.4502806354629727,-0.00273576483702731
3060.0,0.4461675286,0.44507451752373905,-0.001093011076260919
3140.0,0.4401147068,0.4371684254930344,-0.002946281306965559
3230.0,0.4370993972,0.4347881863339502,-0.0023112108660497954
3310.0,0.4286576211,0.4264011073400001,-0.002256513759999912
3390.0,0.4284945428,0.4265956292645787,-0.001898913535421265
3470.0,0.4296167493,0.4295193894506513,-9.735984934866604e-05
3550.0,0.4324260056,0.429416828050553,-0.0030091775494470174
3630.0,0.423374176,0.420517295618985,-0.0028568803810150034
3710.0,0.4155068696,0.4137369773382551,-0.0017698922617448987
3790.0,0.4121832252,0.41030737739483947,-0.0018758478051605354
3870.0,0.4050512016,0.40304643995149325,-0.00200476164850677
3950.0,0.4024094939,0.40085993600996506,-0.0015495578900349694
4030.0,0.3960542679,0.39402089281672803,-0.002033375083271949
4110.0,0.3941219151,0.39357752989737727,-0.0005443852026227325
4190.0,0.392629832,0.39207969397201187,-0.0005501380279881452
4270.0,0.3921843469,0.38952358659092035,-0.002660760309079635
4360.0,0.3875754774,0.38559847514699774,-0.0019770022530022358
4440.0,0.382815361,0.38083969400112716,-0.0019756669988728603
4520.0,0.3793657124,0.3778537884444596,-0.0015119239555403952
4600.0,0.3773014247,0.3757192206248941,-0.0015822040751058974
4680.0,0.3741808832,0.3726338963233948,-0.0015469868766052053
4760.0,0.3688137233,0.3669408868554027,-0.0018728364445972923
4840.0,0.3649238348,0.36338245056137697,-0.0015413842386230447
4920.0,0.3634473085,0.36172642979623115,-0.0017208787037688578
5000.0,0.360886395,0.35876980172814943,-0.0021165932718505975
5080.0,0.3589585125,0.3568379468405132,-0.002120565659486817
5160.0,0.3551827371,0.35359484489803455,-0.001587892201965424
5240.0,0.3527752757,0.3505531955827178,-0.002222080117282199
5320.0,0.3490150869,0.3485392170994005,-0.00047586980059949324
5410.0,0.3461999595,0.3444841111880497,-0.0017158483119502632
5490.0,0.342530936,0.3408178362576839,-0.0017130997423160932
5570.0,0.3392784595,0.3375880037736263,-0.0016904557263737185
5650.0,0.3378293812,0.33729536621119205,-0.0005340149888079515
5730.0,0.3370088637,0.33600286921875133,-0.001005994481248662
5810.0,0.3327550292,0.33107937921792796,-0.001675649982072036
5890.0,0.3293654323,0.32771315791396005,-0.0016522743860399314
5970.0,0.3262263834,0.3245740997451047,-0.0016522836548952813
6050.0,0.3235565424,0.32192138524120706,-0.0016351571587929215
6130.0,0.3217754066,0.32012296216641395,-0.001652444433586031
6210.0,0.3185978234,0.3169931600896939,-0.0016046633103060648
6290.0,0.3158968389,0.314290162392444,-0.0016066765075559708
6370.0,0.313013494,0.31144541844858714,-0.001568075551412862
6460.0,0.3109818399,0.30933345653829647,-0.0016483833617035315
6540.0,0.3083853722,0.3068160585031733,-0.001569313696826724
6620.0,0.3054953814,0.30391929953858743,-0.0015760818614125593
6700.0,0.3028129041,0.30125287812711443,-0.0015600259728855703
6780.0,0.3004387915,0.2988277790268672,-0.0016110124731328335
6860.0,0.297783047,0.29624937613905655,-0.0015336708609434702
6940.0,0.2951961756,0.29379342554834004,-0.0014027500516599622
7020.0,0.2930548489,0.2915293133965471,-0.0015255355034529128
7100.0,0.2905473113,0.2892252116087314,-0.001322099691268619
7180.0,0.2884533703,0.286922457509845,-0.0015309127901549924
7260.0,0.2859755158,0.2844626625880706,-0.0015128532119293991
7340.0,0.2837333381,0.2823270561504312,-0.0014062819495688217
7420.0,0.2813525796,0.2799074129894048,-0.0014451666105951833
7500.0,0.2790229321,0.2778953741449132,-0.0011275579550867887
7590.0,0.2765791714,0.27513863142942874,-0.001440539970571253
7670.0,0.2742999196,0.2728718481156679,-0.0014280714843321052
7750.0,0.2720844448,0.27072887818511865,-0.0013555666148813428
7830.0,0.2698934078,0.26841859882428076,-0.0014748089757192218
7910.0,0.2678010166,0.2662937811750622,-0.0015072354249378028
7990.0,0.2655780911,0.2641689078726972,-0.0014091832273028237
8070.0,0.2634648979,0.2620439310092005,-0.0014209668907995132
8150.0,0.2612812817,0.2599188523572732,-0.0013624293427267897
8230.0,0.2591762841,0.2577937063413347,-0.0013825777586652932
8310.0,0.2570971549,0.2556685022538938,-0.0014286526461061988
8390.0,0.2549876571,0.2535527151399839,-0.0014349419600160895
8470.0,0.2529723346,0.25155648448826473,-0.001415850111735284
8550.0,0.2509302795,0.249560253323783,-0.0013700261762170096
8640.0,0.2486770302,0.2473143399573028,-0.0013626902426972232
8720.0,0.2466913313,0.24531789008244181,-0.0013734412175581967
8800.0,0.2447093278,0.24332141643818056,-0.0013879113618194272
8880.0,0.2427829355,0.24133625827315724,-0.0014466772268427464
8960.0,0.2408639342,0.2394756287467384,-0.0013883054532616013
9040.0,0.2389345616,0.23761504560676033,-0.0013195159932396783
9120.0,0.2370556146,0.23575437306960428,-0.0013012415303957081
9200.0,0.2352070063,0.23389360071031737,-0.0013134055896826258
9280.0,0.2334548086,0.23203282150180043,-0.001421987098199573
9360.0,0.2315735966,0.2301718747783677,-0.0014017218216322846
9440.0,0.2297724634,0.22841567688657666,-0.0013567865134233303
9520.0,0.2279587239,0.22666278047734953,-0.001295943422650464
9600.0,0.2262354195,0.22490976451637962,-0.001325654983620389
9690.0,0.2242386043,0.22293761265734507,-0.0013009916426549306
9770.0,0.2225278765,0.2211844879409928,-0.0013433885590072026
9850.0,0.2208038419,0.21944322582701842,-0.0013606160729815742
9930.0,0.2191398293,0.21780239512132843,-0.001337434178671576
10010.0,0.2174498588,0.21616156604393308,-0.0012882927560669277
10090.0,0.2157791853,0.21452073370873642,-0.0012584515912635874
10170.0,0.2141848505,0.21287977199939945,-0.0013050785006005483
10250.0,0.2125638276,0.2112387867404053,-0.0013250408595947005
10330.0,0.2109576315,0.20959773307793206,-0.0013598984220679344
10410.0,0.2093677372,0.20805070910281775,-0.0013170280971822323
10490.0,0.2078215778,0.20651800935588652,-0.0013035684441134732
10570.0,0.2062642872,0.2049852924436943,-0.001278994756305718
10650.0,0.2047426105,0.2034525087265793,-0.0012901017734207043
10730.0,0.2032364756,0.2019196793913403,-0.0013167962086596818
10820.0,0.2015487254,0.20020908350133038,-0.0013396418986696135
10900.0,0.200074479,0.19878426336316374,-0.0012902156368362616
10980.0,0.1986061484,0.19735947880142835,-0.0012466695985716425
11059.999999999996,0.1972126812,0.195934570610901,-0.0012781105890989908
11139.999999999996,0.1957991868,0.19451129472376308,-0.0012878920762369184
11219.999999999996,0.1944605857,0.19322563136707005,-0.001234954332929944
11299.999999999996,0.1931960732,0.19193999598871,-0.0012560772112900076
11379.999999999996,0.1919241548,0.19065421942765468,-0.001269935372345321
11459.999999999996,0.1906374246,0.18936844315136137,-0.0012689814486386286
11539.999999999996,0.1893499494,0.18811038390477597,-0.0012395654952240265
11619.999999999996,0.1881314069,0.18692666056821175,-0.0012047463317882423
11699.999999999996,0.1869588345,0.18574283984797108,-0.0012159946520289289
11779.999999999996,0.1857365668,0.18455910045173532,-0.001177466348264683
11869.999999999996,0.1844476163,0.18322724446328276,-0.001220371836717249
11949.999999999996,0.1832905859,0.18204634963922345,-0.001244236260776549
12029.999999999996,0.1821595132,0.1809548710754438,-0.0012046421245562045
12109.999999999996,0.1810677201,0.17986333937735388,-0.0012043807226461145
12189.999999999996,0.1799662858,0.17877182032001437,-0.0011944654799856125
12269.999999999996,0.1788833886,0.17768026386076052,-0.001203124739239475
12349.999999999996,0.177804932,0.17658868280139256,-0.0012162491986074386
12429.999999999996,0.1767464876,0.17556243423484003,-0.001184053365159976
12509.999999999996,0.1757369787,0.17459086271552604,-0.00114611598447395
12589.999999999996,0.1747266948,0.17361925110836585,-0.0011074436916341523
12669.999999999996,0.1737149507,0.17264763725010704,-0.0010673134498929704
12749.999999999996,0.172698766,0.1716760268824944,-0.001022739117505611
12829.999999999996,0.1717277765,0.17070438294237528,-0.0010233935576247355
12919.999999999996,0.170669347,0.16961119239652298,-0.001058154603477024
12999.999999999996,0.1697124541,0.16863947162288476,-0.0010729824771152363
13079.999999999996,0.1687748283,0.16766770742730225,-0.0011071208726977644
13159.999999999996,0.1678594351,0.16669590067224688,-0.0011635344277531323
13239.999999999996,0.1669477522,0.16576305384690976,-0.0011846983530902355
13319.999999999996,0.1660494059,0.16489516670847026,-0.0011542391915297379
13399.999999999996,0.1651555151,0.1640272979992618,-0.0011282171007382102
13479.999999999996,0.1642890424,0.16315933201542543,-0.0011297103845745726
13559.999999999996,0.1634144336,0.16229138215691347,-0.0011230514430865257
13639.999999999996,0.1625561118,0.16142340996651358,-0.0011327018334864325
13719.999999999996,0.1617111415,0.16056982445679763,-0.0011413170432023612
13799.999999999996,0.16090101,0.1597715989110049,-0.0011294110889951137
13879.999999999996,0.1600997597,0.15897334735078844,-0.0011264123492115696
13959.999999999996,0.1592903733,0.15817509877492536,-0.0011152745250746499
14049.999999999996,0.1583697945,0.15727704404952125,-0.001092750450478741
14129.999999999996,0.1575959772,0.15647869100576067,-0.0011172861942393142
14209.999999999996,0.1568154842,0.15568034924996577,-0.0011351349500342278
14289.999999999996,0.1560157388,0.15490695868402343,-0.0011087801159765653
14369.999999999996,0.1552975029,0.15418005064954984,-0.0011174522504501516
14449.999999999996,0.1544984728,0.15345321995393418,-0.001045252846065825
14529.999999999996,0.1538024843,0.15272628138698718,-0.0010762029130128026
14609.999999999996,0.1530390531,0.1519993802027772,-0.0010396728972227876
14689.999999999996,0.1522867233,0.1512724650211747,-0.001014258278825314
14769.999999999996,0.1515655369,0.15054552146164638,-0.0010200154383536164
14849.999999999996,0.1508480608,0.14981854446917342,-0.0010295163308265687
14929.999999999996,0.1501453966,0.14909151735917187,-0.0010538792408281428
15009.999999999996,0.1494471729,0.1483644858131868,-0.0010826870868131944
15099.999999999996,0.1486429572,0.14756780457685154,-0.0010751526231484732
15179.999999999996,0.1479521692,0.14688333717392488,-0.0010688320260751338
15259.999999999996,0.1473132521,0.14619877001123205,-0.0011144820887679374
15339.999999999996,0.1466513425,0.14551422372206782,-0.0011371187779321834
15419.999999999996,0.1459494382,0.14485481889872315,-0.0010946193012768557
15499.999999999996,0.1452942044,0.14421950065862163,-0.0010747037413783578
15579.999999999996,0.1446426958,0.14358418925873834,-0.0010585065412616612
15659.999999999996,0.1440030336,0.14294886174363539,-0.0010541718563646107
15739.999999999996,0.1433959752,0.1423134798114546,-0.001082495388545407
15819.999999999996,0.1427622586,0.14167810511264559,-0.0010841534873544112
15899.999999999996,0.1421796679,0.1410902599377728,-0.0010894079622272013
15979.999999999996,0.1415652186,0.14051628115521414,-0.0010489374447858468
16059.999999999996,0.1409507543,0.1399423154033907,-0.001008438896609315
16149.999999999996,0.1403303742,0.1392964998010558,-0.0010338743989442012
16229.999999999996,0.1397537142,0.13872245949525905,-0.0010312547047409415
16309.999999999996,0.1391770691,0.1381483894904993,-0.0010286796095007045
16389.999999999996,0.1385855824,0.13757435199656537,-0.001011230403434621
16469.999999999996,0.1380459964,0.13700026451077432,-0.0010457318892256873
16549.999999999996,0.1375041604,0.1364969080692653,-0.0010072523307347037
16629.999999999996,0.1370016336,0.13601145982729007,-0.0009901737727099347
16709.999999999996,0.1364887208,0.1355259974471461,-0.0009627233528538837
16789.999999999996,0.1359720975,0.13504053797423032,-0.0009315595257696763
16869.999999999996,0.135453254,0.1345551009705898,-0.0008981530294101814
16949.999999999996,0.1349870414,0.13406957683089013,-0.0009174645691098771
17029.999999999996,0.1344741136,0.13358410067497997,-0.0008900129250200284
17109.999999999996,0.134008646,0.133098589894432,-0.000910056105568019
17189.999999999996,0.1335528195,0.132613050776487,-0.000939768723513007
17279.999999999996,0.1330413818,0.13206680519119662,-0.0009745766088033736
17359.999999999996,0.1326144487,0.13161793580707487,-0.0009965128929251277
17439.999999999996,0.1321778744,0.13117091258007546,-0.0010069618199245456
17519.999999999996,0.1317494661,0.1307620177739709,-0.0009874483260290945
17599.999999999996,0.1313306838,0.13036070256144255,-0.0009699812385574325
17679.999999999996,0.1309282035,0.12995939102492313,-0.0009688124750768801
17759.999999999996,0.1305190623,0.12955807507778194,-0.000960987222218046
17839.999999999996,0.1301544011,0.12915671091135844,-0.00099769018864157
17919.999999999996,0.1297519207,0.12875537068346626,-0.0009965500165337315
17999.999999999996,0.1293887347,0.12836821617327868,-0.0010205185267213313
18079.999999999996,0.1290403754,0.1280291342956379,-0.0010112411043620984
18159.999999999996,0.1286356747,0.12769006098682523,-0.000945613713174781
18239.999999999996,0.1283006519,0.12735093443280177,-0.0009497174671982411
18329.999999999996,0.1278996617,0.12696945876199822,-0.0009302029380017784
18409.999999999996,0.1275735199,0.1266303029042256,-0.0009432169957743763
18489.999999999996,0.1272599995,0.1262911488177879,-0.0009688506822120857
18569.999999999996,0.1268871725,0.1259520367802301,-0.0009351357197699139
18649.999999999996,0.126609236,0.12562625549119932,-0.0009829805088006904
18729.999999999996,0.1262756735,0.12533971711318062,-0.0009359563868193699
18809.999999999996,0.1259747595,0.1250531616038883,-0.0009215978961117088
18889.999999999996,0.1256619692,0.12476660186639787,-0.0008953673336021262
18969.999999999996,0.1253736466,0.12448002112437156,-0.0008936254756284345
19049.999999999996,0.1251112521,0.12419340312441388,-0.0009178489755861108
19129.999999999996,0.1248259023,0.12390679176555897,-0.0009191105344410339
19209.999999999996,0.1245205328,0.12362019431710103,-0.0009003384828989713
19289.999999999996,0.1242284998,0.12333359544979369,-0.0008949043502063103
19379.999999999996,0.1239386722,0.12301110495669978,-0.0009275672433002174
19459.999999999996,0.1237014905,0.12276490850186289,-0.0009365819981371065
19539.999999999996,0.1234472618,0.1225296287065904,-0.0009176330934096005
19619.999999999996,0.1231848821,0.12229436588947729,-0.0008905162105227182
19699.999999999996,0.1229113862,0.1220591023408156,-0.0008522838591843995
19779.999999999996,0.1227156892,0.12182376324304045,-0.000891925956959555
19859.999999999996,0.1224792525,0.12158845513788415,-0.0008907973621158499
19939.999999999996,0.1222502217,0.121353119136787,-0.0008971025632130009
20019.999999999996,0.1219974682,0.12111781345366635,-0.0008796547463336551
20099.999999999996,0.1217728928,0.12088247098271654,-0.0008904218172834655
20179.999999999996,0.1215675697,0.1206471066503198,-0.0009204630496802008
20259.999999999996,0.1213474348,0.12042558251848928,-0.0009218522815107183
20339.999999999996,0.1211487874,0.12022722665239255,-0.00092156074760745
20419.999999999996,0.1209375486,0.12003314244844791,-0.0009044061515520868
20509.999999999996,0.1207114831,0.11981477396098293,-0.0008967091390170712
20589.999999999996,0.120498769,0.11962066492690915,-0.0008781040730908574
20669.999999999996,0.120276399,0.11942654825470915,-0.000849850745290856
20749.999999999996,0.1200955436,0.11923240394880563,-0.0008631396511943612
20829.999999999996,0.1198724434,0.11903830513564587,-0.000834138264354134
20909.999999999996,0.1196960434,0.11884414525499246,-0.0008518981450075375
20989.999999999996,0.119524084,0.11864996247782725,-0.000874121522172755
21069.999999999996,0.1193254367,0.11845579756864853,-0.0008696391313514629
21149.999999999996,0.1191238388,0.11828135382208102,-0.0008424849779189864
21229.999999999996,0.1189607605,0.11810710972451116,-0.0008536507754888373
21309.999999999996,0.1187762097,0.11793285602672599,-0.000843353673274011
21389.999999999996,0.1185901687,0.11775860192027328,-0.0008315667797267196
21469.999999999996,0.1184048727,0.11758434513483693,-0.0008205275651630706
21559.999999999996,0.1182395741,0.11738825508890335,-0.0008513190110966407
21639.999999999996,0.1180520579,0.11721396917744153,-0.0008380887225584582
21719.999999999996,0.1178749129,0.1170397023218597,-0.0008352105781403024
21799.999999999996,0.1177555695,0.11686535993218573,-0.0008902095678142707
21879.999999999996,0.1175673082,0.1166930618085133,-0.0008742463914866994
21959.999999999996,0.1174161062,0.11653180006072522,-0.0008843061392747736
22039.999999999996,0.1172337607,0.11637056464820958,-0.0008631960517904158
22119.999999999996,0.1170432791,0.11620933815968656,-0.0008339409403134296
22199.999999999996,0.1169061586,0.11604804807617558,-0.0008581105238244235
22279.999999999996,0.1167564318,0.11588677284133042,-0.0008696589586695835
22359.999999999996,0.1165733561,0.11572550734582762,-0.0008478487541723756
22439.999999999996,0.1164473519,0.11557505154699257,-0.0008723003530074214
22519.999999999996,0.1163079962,0.11542723539502704,-0.0008807608049729576
22609.999999999996,0.1161367819,0.1152609349099167,-0.0008758469900832927
22689.999999999996,0.1159915105,0.11511311094600493,-0.000878399553995074
22769.999999999996,0.1157958433,0.11496531792118968,-0.000830525378810329
22849.999999999996,0.1156802103,0.11481745167138373,-0.0008627586286162753
22929.999999999996,0.1155201122,0.11466961851074237,-0.0008504936892576309
23009.999999999996,0.1153474078,0.1145217835307509,-0.0008256242692490923
23089.999999999996,0.1152206585,0.1143739064100605,-0.0008467520899395065
23169.999999999996,0.1150939092,0.1142260136047784,-0.0008678955952216016
23249.999999999996,0.1149130538,0.11408063504355045,-0.0008324187564495433
23329.999999999996,0.1148100272,0.11393525081482908,-0.0008747763851709167
23409.999999999996,0.1146595702,0.11378989267320568,-0.0008696775267943296
23489.999999999996,0.1145046577,0.11364452704570974,-0.0008601306542902615
23569.999999999996,0.1143341884,0.11349917906440812,-0.0008350093355918714
23649.999999999996,0.1142244861,0.113353779485564,-0.000870706614436001
23739.999999999996,0.1140725538,0.11319020593050419,-0.0008823478694958142
23819.999999999996,0.1138709262,0.11304485095149239,-0.0008260752485076128
23899.999999999996,0.1137760505,0.11289941861063539,-0.0008766318893646124
23979.999999999996,0.1136381999,0.11275527832861737,-0.0008829215713826305
24059.999999999996,0.1134669706,0.11261890237909114,-0.0008480682209088541
24139.999999999996,0.1133557931,0.11248246232651371,-0.0008733307734862944
24219.999999999996,0.1131942198,0.11234605799306713,-0.0008481618069328678
24299.999999999996,0.1130252257,0.11220965288918798,-0.0008155728108120153
24379.999999999996,0.1128947809,0.11207321205125906,-0.0008215688487409473
24459.999999999996,0.1127821133,0.11193674699527899,-0.0008453663047210125
24539.999999999996,0.1126338765,0.11180031074573199,-0.0008335657542680036
24619.999999999996,0.1124522761,0.1116638833479325,-0.0007883927520675044
24699.999999999996,0.1123670265,0.11152741572528434,-0.0008396107747156573
24789.999999999996,0.1122121289,0.11137353312405138,-0.0008385957759486223
24869.999999999996,0.1120586917,0.11123593577572273,-0.0008227559242772742
24949.999999999996,0.111920096,0.11109834512951672,-0.0008217508704832788
25029.999999999996,0.1117822304,0.1109607277957671,-0.0008215026042329016
25109.999999999996,0.1116443649,0.11082311896686,-0.0008212459331400079
25189.999999999996,0.1114961281,0.11068550306895092,-0.0008106250310490754
25269.999999999996,0.1113545671,0.11054788098235481,-0.0008066861176451862
25349.999999999996,0.111237444,0.11041022867132584,-0.0008272153286741635
25429.999999999996,0.1110795662,0.11027258529920009,-0.0008069809007999057
25509.999999999996,0.1109461561,0.1101349401588577,-0.0008112159411422931
25589.999999999996,0.1108216271,0.10999473280990238,-0.0008268942900976212
25669.999999999996,0.110706009,0.1098500708111872,-0.0008559381888127993
25749.999999999996,0.1105496064,0.10970541458762248,-0.0008441918123775205
25839.999999999996,0.110395439,0.10954265342300695,-0.0008527855769930454
25919.999999999996,0.1102501675,0.10939796225994994,-0.0008522052400500579
25999.999999999996,0.1101100817,0.1092532645223705,-0.0008568171776295042
26079.999999999996,0.1099596247,0.10910856907928806,-0.0008510556207119296
26159.999999999996,0.1098113731,0.10896387001700225,-0.000847503082997747
26239.999999999996,0.1096816584,0.10881914915128926,-0.0008625092487107439
26319.999999999996,0.1095423177,0.10867441088477565,-0.000867906815224348
26399.999999999996,0.109368138,0.10853081179401469,-0.0008373262059853115
26479.999999999996,0.1092584357,0.1083880649050944,-0.0008703707949056089
26559.999999999996,0.1090812907,0.1082453679565723,-0.0008359227434276972
26639.999999999996,0.1089649275,0.1081025979752853,-0.0008623295247146973
26719.999999999996,0.1087900028,0.10795988014732327,-0.0008301226526767208
26799.999999999996,0.1086551026,0.10781713214271718,-0.0008379704572828162
26879.999999999996,0.1085231677,0.10767436376041284,-0.0008488039395871672
26969.999999999996,0.1083497256,0.10751376399117954,-0.0008359616088204624
27049.999999999996,0.1082311347,0.10737096903161786,-0.0008601656683821374
27129.999999999996,0.1080932692,0.10722818101979432,-0.0008650881802056698
27209.999999999996,0.1079116687,0.10708291020770094,-0.0008287584922990615
27289.999999999996,0.1077849194,0.10693659406498571,-0.0008483253350142911
27369.999999999996,0.1076048166,0.10679032134979087,-0.0008144952502091296
27449.999999999996,0.1074995548,0.1066439950621251,-0.0008555597378748919
27529.999999999996,0.1073098108,0.10649771564402868,-0.000812095155971318
27609.999999999996,0.1072104946,0.1063513529994343,-0.0008591416005657021
27689.999999999996,0.1070600301,0.10620502543353322,-0.0008550046664667771
27769.999999999996,0.1068940014,0.10605870786067918,-0.0008352935393208111
27849.999999999996,0.1067457572,0.10591237756467914,-0.0008333796353208606
27929.999999999996,0.1066190079,0.10576600721563212,-0.0008530006843678883
28019.999999999996,0.1064552069,0.10559697244748133,-0.0008582344525186747
28099.999999999996,0.1062765792,0.10544579906967444,-0.0008307801303255591
28179.999999999996,0.1061439067,0.1052945775070462,-0.0008493291929538016
28259.999999999996,0.1060052961,0.10514335545419315,-0.000861940645806844
28339.999999999996,0.1058481634,0.10499212000043079,-0.0008560433995692118
28419.999999999996,0.1057051122,0.10484089400492508,-0.0008642181950749284
28499.999999999996,0.1055568755,0.10468965176373549,-0.000867223736264508
28579.999999999996,0.1054264158,0.10453838949903832,-0.0008880263009616862
28659.999999999996,0.1052611321,0.10438713929811075,-0.0008739928018892534
28739.999999999996,0.1051188186,0.10423586665912501,-0.000882951940874982
28819.999999999996,0.1049676165,0.10411808473106782,-0.0008495317689321824
28899.999999999996,0.1047964022,0.10398818714849481,-0.00080821505150519
28979.999999999996,0.1046555713,0.10383333864113459,-0.0008222326588654127
29069.999999999996,0.1044895425,0.1036590888106072,-0.0008304536893928016
29149.999999999996,0.1043501943,0.10350420987301065,-0.0008459844269893546
29229.999999999996,0.1041708291,0.10334934600554221,-0.0008214830944577867
29309.999999999996,0.1040500104,0.10319442244018454,-0.0008555879598154681
29389.999999999996,0.10386841,0.10303956180418396,-0.0008288481958160371
29469.999999999996,0.1037342548,0.10288464532170494,-0.0008496094782950575
29549.999999999996,0.1036060303,0.10272969644490618,-0.0008763338550938221
29629.999999999996,0.1034340709,0.10257480992662876,-0.0008592609733712314
29709.999999999996,0.1032791585,0.10241927190757802,-0.0008598865924219767
29789.999999999996,0.1031205431,0.10226322198097894,-0.000857321119021065
29869.999999999996,0.1029811949,0.10210714777880592,-0.0008740471211940853
29949.999999999996,0.1028151736,0.10195108925397461,-0.00086408434602539
30029.999999999996,0.1026543304,0.1017950233107886,-0.0008593070892113919
30109.999999999996,0.1025046036,0.10163894554646308,-0.0008656580535369163
30199.999999999996,0.1023556218,0.10146332029022802,-0.0008923015097719866
30279.999999999996,0.1022110879,0.1013072083386671,-0.0009038795613328932
30359.999999999996,0.1020472869,0.10115110432626911,-0.0008961825737308915
30439.999999999996,0.1018486395,0.1009950219902281,-0.0008536175097719062
30519.999999999996,0.1017411649,0.100840345423988,-0.0009008194760120047
30599.999999999996,0.1015395597,0.10068626151034446,-0.0008532981896555436
30679.999999999996,0.1014306098,0.10053210867744142,-0.0008985011225585843
30759.999999999996,0.1012719944,0.10037799404502117,-0.00089400035497883
30839.999999999996,0.1010985449,0.10022387782948863,-0.0008746670705113702
30919.999999999996,0.1009377092,0.10006974368320606,-0.0008679655167939393
30999.999999999996,0.1007798314,0.09991558973253456,-0.0008642416674654457
31079.999999999996,0.1006249189,0.09976144606298193,-0.00086347283701807
31159.999999999996,0.1004929915,0.09960725973115742,-0.0008857317688425875
31249.999999999996,0.1002965644,0.09943382968865591,-0.0008627347113440847
31329.999999999996,0.1001461074,0.09927731052771169,-0.000868796872288316
31409.999999999996,0.1000186205,0.09912056691827918,-0.0008980535817208202
31489.999999999996,0.0998577774,0.09896383239046601,-0.0008939450095339918
31569.999999999996,0.0996621028,0.09880713321009174,-0.0008549695899082582
31649.999999999996,0.099504225,0.09865039412761334,-0.0008538308723866628
31729.999999999996,0.0993515402,0.09849365100522599,-0.0008578891947740169
31809.999999999996,0.0992144197,0.09833687891294116,-0.0008775407870588448
31889.999999999996,0.0990669206,0.0981801045630247,-0.0008868160369752964
31969.999999999996,0.0989120007,0.09802332994497603,-0.0008886707550239681
32049.999999999996,0.0987504199,0.0978665527707182,-0.000883867129281804
32129.999999999996,0.0985725373,0.09771194759427873,-0.000860589705721268
32209.999999999996,0.0984146595,0.09755731817701005,-0.0008573413229899518
32299.999999999996,0.0982538238,0.09738334889130143,-0.0008704749086985708
32379.999999999996,0.0981122479,0.09722869976759103,-0.0008835481324089706
32459.999999999996,0.0979439989,0.09707405835327468,-0.0008699405467253174
32539.999999999996,0.0978098437,0.09691937414809607,-0.0008904695519039302
32619.999999999996,0.0976415873,0.09676472164201791,-0.0008768656579820899
32699.999999999996,0.0975015014,0.09661002886221232,-0.0008914725377876798
32780.0,0.0973050818,0.09645538298514557,-0.0008496988148544299
32860.0,0.0971642509,0.09630099139622872,-0.0008632595037712798
32940.0,0.0970100835,0.0961477990052473,-0.000862284494752702
33020.0,0.0968522131,0.09599458052498006,-0.0008576325750199454
33100.0,0.0967113823,0.0958413546136579,-0.0008700276863420897
33180.0,0.0965653658,0.09568813167552871,-0.000877234124471285
33260.0,0.0964304656,0.09553489259949383,-0.0008955730005061752
33340.0,0.0962792635,0.09538164413969039,-0.0008976193603096178
33430.0,0.0960947052,0.09520924448250137,-0.0008854607174986345
33510.0,0.0959257111,0.09505601152560242,-0.0008696995743975866
33590.0,0.09576042,0.09490276676094539,-0.0008576532390546093
33670.0,0.0956440493,0.09474950399870205,-0.0008945453012979554
33750.0,0.0954609737,0.09459631582582163,-0.0008646578741783734
33830.0,0.0953186676,0.0944431119343388,-0.0008755556656612068
33910.0,0.0951600522,0.09428990245242283,-0.0008701497475771675
33990.0,0.095016256,0.09413668235777528,-0.0008795736422247125
34070.0,0.0948739424,0.09398343018208444,-0.0008905122179155567
34150.0,0.0947249681,0.09383019438925122,-0.0008947737107487808
34230.0,0.0945885852,0.09367693620693535,-0.0009116489930646593
34310.0,0.0944195911,0.09352367735587458,-0.0008959137441254261
34390.0,0.0942698643,0.09337042150664304,-0.0008994427933569638
34480.0,0.0940756723,0.09320025663036202,-0.0008754156696379745
34560.0,0.0939563438,0.09305062547775306,-0.0009057183222469373
34640.0,0.0937658548,0.09290103762912971,-0.000864817170870294
34720.0,0.093625024,0.0927514123934976,-0.0008736116065024002
34800.0,0.093505688,0.09260175434798368,-0.0009039336520163255
34880.0,0.0933552235,0.09245212009804686,-0.0009031034019531398
34960.0,0.0932084695,0.09230245913980242,-0.0009060103601975789
35040.0,0.0930313244,0.09215281935326014,-0.0008785050467398636
35120.0,0.0928904936,0.09200314607520114,-0.0008873475247988538
35200.0,0.092765227,0.0918534669720931,-0.0009117600279069105
35280.0,0.0926140249,0.09170184220246066,-0.0009121826975393293
35360.0,0.0924694911,0.09154936189319038,-0.0009201292068096167
35440.0,0.092310138,0.09139688125416259,-0.0009132567458374069
35530.0,0.092128545,0.09122534272133204,-0.0009032022786679694
35610.0,0.092007719,0.09107282785105983,-0.0009348911489401729
35690.0,0.0918468833,0.09092033149615665,-0.0009265518038433507
35770.0,0.0917275473,0.09076779970963682,-0.0009597475903631858
35850.0,0.0915570781,0.09061934062470697,-0.0009377374752930212
35930.0,0.0914303288,0.0904817138572771,-0.0009486149427229001
36010.0,0.0912843198,0.09034408215949763,-0.0009402376405023699
36090.0,0.0911338478,0.09020645470679128,-0.0009273930932087171
36170.0,0.090993017,0.09006881463211729,-0.0009242023678827094
36250.0,0.0908336639,0.08993118686118373,-0.0009024770388162684
36330.0,0.0907172933,0.0897934972148152,-0.0009237960851848082
36410.0,0.090542376,0.08965587097072641,-0.0008865050292735793
36490.0,0.0904245228,0.08951819055437932,-0.0009063322456206863
36570.0,0.0902873948,0.08938050852085032,-0.0009068862791496851
36660.0,0.0901235938,0.08922488073639356,-0.000898713063606435
36740.0,0.0899827629,0.08908569648914784,-0.0008970664108521598
36820.0,0.0898604691,0.08894648423344989,-0.000913984866550116
36900.0,0.089722611,0.08880728963716306,-0.0009153213628369378
36980.0,0.0895788074,0.08866809812320958,-0.0009107092767904196
37060.0,0.0894409493,0.08852888766221964,-0.000912061637780362
37140.0,0.0893305093,0.08838963938771022,-0.0009408699122897823
37220.0,0.0891904235,0.08825040190204697,-0.0009400215979530335
37300.0,0.0890436694,0.08811116238195713,-0.0009325070180428718
37380.0,0.088867262,0.08797194448359832,-0.000895317516401678
37460.0,0.0887538493,0.08783960353101047,-0.0009142457689895328
37540.0,0.0886463821,0.08771208569639966,-0.0009342964036003487
37620.0,0.0885181502,0.08758457083884881,-0.0009335793611511961
37710.0,0.0883632451,0.08744111552582397,-0.0009221295741760338
37790.0,0.0882550329,0.08731358108176103,-0.0009414518182389725
37870.0,0.0880764052,0.08718609044605413,-0.0008903147539458672
37950.0,0.0879555792,0.08705854381145184,-0.0008970353885481563
38030.0,0.0878473669,0.08693097237173855,-0.0009163945282614494
38110.0,0.0877057984,0.08680343038252111,-0.000902368017478894
38190.0,0.0875909105,0.0866758579929911,-0.0009150525070088927
38270.0,0.0874397084,0.0865428750879409,-0.0008968333120591004
38350.0,0.0873144493,0.08640865713525793,-0.0009057921647420697
38430.0,0.0871914104,0.08627442834026897,-0.0009169820597310363
38510.0,0.087080963,0.08614018532834873,-0.0009407776716512661
38590.0,0.0869290233,0.0860059623515749,-0.0009230609484251057
38670.0,0.0868148804,0.08587169670676101,-0.0009431836932389942
38760.0,0.0866925791,0.08572092403904569,-0.0009716550609543129
38840.0,0.0865361914,0.0856033070937424,-0.0009328843062575976
38920.0,0.086435385,0.08548563234472928,-0.0009497526552707247
39000.0,0.0863019601,0.08536796692955281,-0.0009339931704471921
39080.0,0.0862041265,0.08525029792052394,-0.0009538285794760681
39160.0,0.0860655233,0.08513263644362903,-0.000932886856370968
39240.0,0.0859580487,0.08501494725188821,-0.0009431014481117855
39320.0,0.0858068466,0.08489728268758664,-0.0009095639124133553
39400.0,0.0857149363,0.08477957213393769,-0.0009353641660623108
39480.0,0.0855600312,0.0846618982166109,-0.0008981329833891022
39560.0,0.0854555145,0.08454409721254627,-0.0009114172874537252
39640.0,0.0853561908,0.08442575964163801,-0.0009304311583619856
39720.0,0.0852020234,0.08430747056664123,-0.0008945528333587638
39800.0,0.0850952938,0.08418914319349143,-0.0009061506065085739
39890.0,0.0849900469,0.08405600209680056,-0.0009340448031994464
39970.0,0.0848314315,0.08393767618418799,-0.0008937553158120115
40050.0,0.0847417414,0.08381930485672631,-0.0009224365432736886
40130.0,0.0846268535,0.08370094999836383,-0.0009259035016361689
40210.0,0.0845090002,0.08358259887867953,-0.0009264013213204775
40290.0,0.0844052359,0.08346420763800572,-0.0009410282619942839
40370.0,0.0842836797,0.08335013389845847,-0.0009335458015415354
40450.0,0.0841680542,0.08324346160926908,-0.0009245925907309105
40530.0,0.0840301886,0.08313680402407278,-0.0008933845759272196
40610.0,0.0839330927,0.08303010504805422,-0.000902987651945783
40690.0,0.0838493407,0.08292338368682962,-0.0009259570131703726
40770.0,0.0837433413,0.08281667154762076,-0.0009266697523792333
40850.0,0.0836017728,0.08270997652196982,-0.0008917962780301825
40940.0,0.0834928155,0.08258991599696475,-0.000902899503035251
41020.0,0.0833764523,0.08248320127219486,-0.0008932510278051448
41100.0,0.0832786113,0.08237646405913407,-0.0009021472408659303
41180.0,0.0831437185,0.08226386846192768,-0.0008798500380723245
41260.0,0.0830740482,0.08214747221730592,-0.0009265759826940778
41340.0,0.0829584152,0.08203109418202346,-0.0009273210179765318
41420.0,0.0828383416,0.0819171450107834,-0.0009211965892166052
41500.0,0.0827434659,0.08181645370055171,-0.0009270121994482822
41580.0,0.0826182067,0.08171578887714356,-0.0009024178228564383
41660.0,0.0825351924,0.08161507610280636,-0.0009201162971936433
41740.0,0.0824499503,0.08151436722991576,-0.0009355830700842477
41820.0,0.0823202431,0.08141369107021129,-0.0009065520297887042
41900.0,0.0822275952,0.08131297027841913,-0.0009146249215808699
41990.0,0.0821334645,0.0811996523603547,-0.0009338121396453014
42070.0,0.0819970742,0.08109895881910295,-0.0008981153808970549
42150.0,0.0819148049,0.08099820928929158,-0.0009165956107084205
42230.0,0.0818169639,0.08089997951451616,-0.000916984385483835
42310.0,0.0817346945,0.08080537343401528,-0.0009293210659847145
42390.0,0.0816494599,0.08071078340292948,-0.000938676497070523
42470.0,0.0815538391,0.08061617530072208,-0.000937663799277913
42550.0,0.0814359933,0.08052158493567654,-0.0009144083643234518
42630.0,0.0813255534,0.08042699301259976,-0.0008985603874002435
42710.0,0.0812358707,0.08033236318243003,-0.0009035075175699708
42790.0,0.0811209753,0.08023777372882003,-0.0008832015711799646
42870.0,0.08105205,0.08014313296258302,-0.0009089170374169814
42950.0,0.0809319764,0.08004850596291188,-0.000883470437088113
43030.0,0.0808719397,0.07995657433850922,-0.0009153653614907831
43120.0,0.0807014629,0.07985580852699417,-0.0008456543730058358
43200.0,0.0807059109,0.0797661959993384,-0.0009397149006615951
43280.0,0.0805925056,0.07967659732678506,-0.0009159082732149437
43360.0,0.0804694667,0.07958700939024525,-0.0008824573097547528
43440.0,0.0804168433,0.07949737795778222,-0.0009194653422177762
43520.0,0.0803175271,0.07940776195137444,-0.0009097651486255492
43600.0,0.0802211612,0.07931814416254483,-0.0009030170374551699
43680.0,0.0801574215,0.07922851106561343,-0.0009289104343865734
43760.0,0.0800514296,0.07914299554145543,-0.0009084340585445716
43840.0,0.0799773112,0.0790633299659361,-0.0009139812340639014
43920.0,0.0798876286,0.07898367457649455,-0.0009039540235054461
44000.0,0.0797645897,0.07890402583846917,-0.0008605638615308275
44080.0,0.0796986222,0.07882434381663272,-0.0008742783833672746
44170.0,0.0796133876,0.0787347055242987,-0.0008786820757012981
44250.0,0.0795511231,0.07865500304353414,-0.00089612005646586
44330.0,0.0794651434,0.07857532036534334,-0.0008898230346566505
44410.0,0.0793843493,0.07849562349384451,-0.0008887258061554965
44490.0,0.0793020725,0.07841592273773207,-0.0008861497622679321
44570.0,0.0792183205,0.07834435943249257,-0.0008739610675074228
44650.0,0.0791404918,0.07827668810313687,-0.000863803696863133
44730.0,0.0790708214,0.07820899340981295,-0.0008618279901870529
44810.0,0.0789737254,0.07814131600346436,-0.0008324093965356438
44890.0,0.0789092407,0.07807360940316083,-0.0008356312968391677
44970.0,0.0788247436,0.07800593144143184,-0.0008188121585681607
45050.0,0.0787491426,0.07793823119641279,-0.0008109114035872167
45130.0,0.0787328407,0.07787051848901197,-0.0008623222109880313
45220.0,0.078646861,0.07779434795248177,-0.0008525130475182247
45300.0,0.0785794109,0.07772663413230708,-0.0008527767676929088
45380.0,0.0785149261,0.07765812406662598,-0.0008568020333740156
45460.0,0.078446731,0.07758957402681338,-0.0008571569731866263
45540.0,0.0783474147,0.07752103579702743,-0.0008263789029725743
45620.0,0.078287378,0.07745246856088471,-0.0008349094391152945
45700.0,0.0782169625,0.07738391475121151,-0.000833047748788493
45780.0,0.0781517327,0.07731534314595921,-0.0008363895540407923
45860.0,0.0780657604,0.07724676727918464,-0.0008189931208153617
45940.0,0.0779975653,0.07717819682611471,-0.000819368473885293
46020.0,0.0779471695,0.07710960433492463,-0.0008375651650753685
46100.0,0.0778611898,0.0770353967974648,-0.0008257930025351995
46180.0,0.0778115317,0.07693241441980517,-0.0008791172801948383
46260.0,0.0777500123,0.0768730778646734,-0.000876934435326604
46350.0,0.0776536539,0.07680634567535598,-0.0008473082246440167
46430.0,0.0776047334,0.07674698314915956,-0.0008577502508404361
46510.0,0.0775365382,0.07668764557034627,-0.0008488926296537358
46590.0,0.0774853975,0.07662828990738586,-0.0008571075926141342
46670.0,0.077410534,0.07656894413741089,-0.0008415898625891149
46750.0,0.0773608759,0.07650958273558706,-0.0008512931644129446
46830.0,0.0772986189,0.07645022642565585,-0.0008483924743441507
46910.0,0.077233389,0.07639086057368631,-0.0008425284263136879
46990.0,0.0771992952,0.07633445580954668,-0.0008648393904533286
47070.0,0.0771185085,0.07627976285585145,-0.0008387456441485558
47150.0,0.0770658776,0.07622504063044647,-0.0008408369695535323
47230.0,0.0769873112,0.07617034867849724,-0.000816962521502762
47310.0,0.0769465491,0.0761156255080194,-0.0008309235919806007
47400.0,0.0768620521,0.07605406952372723,-0.0008079825762727644
47480.0,0.0768242553,0.07599933208585707,-0.0008249232141429308
47560.0,0.0767553225,0.07594462194384642,-0.0008107005561535791
47640.0,0.0767012164,0.075889885188093,-0.0008113312119069904
47720.0,0.076653026,0.07583514446295338,-0.0008178815370466219
47800.0,0.0766026303,0.07578234477294779,-0.0008202855270522114
47880.0,0.0765122026,0.0757297411478673,-0.0007824614521326906
47960.0,0.0764706954,0.07567711076463682,-0.0007935846353631787
48040.0,0.0764558688,0.07562445082160343,-0.0008314179783965592
48120.0,0.0763735995,0.07557183478069476,-0.0008017647193052369
48200.0,0.076315783,0.07551919065343166,-0.0007965923465683422
48280.0,0.0762794688,0.07546653652812946,-0.0008129322718705423
48360.0,0.076240927,0.07541387100481456,-0.0008270559951854412
48450.0,0.0761556849,0.07535465633471615,-0.0008010285652838567
48530.0,0.076139383,0.07530254642482698,-0.0008368365751730278
48610.0,0.0760711953,0.07525261631605404,-0.0008185789839459667
48690.0,0.0760356113,0.07520264460488306,-0.0008329666951169407
48770.0,0.0759644583,0.07515271011932005,-0.0008117481806799443
48850.0,0.0759148002,0.07510275043254604,-0.0008120497674539567
48930.0,0.0758658797,0.0750527860842527,-0.0008130936157473012
49010.0,0.0758206695,0.07500281469100054,-0.0008178548089994714
49090.0,0.0757569149,0.074952855636129,-0.0008040592638710042
49170.0,0.0757087395,0.07490288531038947,-0.0008058541896105303
49250.0,0.075642772,0.07485291958366438,-0.0007898524163356124
49330.0,0.075584963,0.0748046218616438,-0.0007803411383562053
49410.0,0.075550124,0.07475900490926628,-0.000791119090733719
49490.0,0.0755086169,0.07471340050052411,-0.0007952163994758982
49580.0,0.075474523,0.07466207295954007,-0.0008124500404599333
49660.0,0.0754070729,0.07461645949979397,-0.0007906134002060305
49740.0,0.0753403679,0.07457085388700103,-0.0007695140129989619
49820.0,0.0752988607,0.07452523089525748,-0.0007736298047425205
49900.0,0.0752454922,0.07447961039458059,-0.0007658818054194078
49980.0,0.0752380863,0.07443395490091115,-0.0008041313990888588
50060.0,0.0751521066,0.0743883510020811,-0.0007637555979188998
50140.0,0.0751439482,0.07433944092927491,-0.0008045072707250911
50220.0,0.0750950351,0.07428901977794557,-0.0008060153220544319
50300.0,0.0750646442,0.07423859755762335,-0.0008260466423766488
50380.0,0.0749897808,0.07418819370066285,-0.000801587099337156
50460.0,0.0749601349,0.07413775871058546,-0.0008223761894145393
50540.0,0.0749282613,0.07408733100271121,-0.0008409302972887805
50630.0,0.0748852789,0.07403057994000088,-0.0008546989599991228
50710.0,0.0748059601,0.0739861394714949,-0.0008198206285050941
50790.0,0.0747822449,0.07394439000654396,-0.0008378548934560442
50870.0,0.07473851,0.07390265836873836,-0.0008358516312616388
50950.0,0.0746881068,0.07386092055584104,-0.0008271862441589645
51030.0,0.074654758,0.07381917190428078,-0.0008355860957192235
51110.0,0.0745969415,0.07377745159793206,-0.0008194899020679408
51190.0,0.0745969415,0.07373568245744402,-0.0008612590425559757
51270.0,0.0745472834,0.07369392699702622,-0.0008533564029737789
51350.0,0.074469462,0.07365220770504774,-0.0008172542949522604
51430.0,0.0744405538,0.07361043775799361,-0.0008301160420063902
51510.0,0.0744190589,0.0735727336400541,-0.000846325259945907
51590.0,0.0743486434,0.07353568346482539,-0.0008129599351746064
51680.0,0.0743212178,0.07349395411977187,-0.0008272636802281325
51760.0,0.0742819384,0.07345686666302176,-0.000825071736978239
51840.0,0.0742070749,0.07341981152140012,-0.0007872633785998839
51920.0,0.0741848424,0.07338271688151199,-0.0008021255184880172
52000.0,0.0741366595,0.07334562514475262,-0.0007910343552473692
52080.0,0.0741210952,0.07330851339964221,-0.0008125818003577867
52160.0,0.0740781054,0.07327141733084926,-0.0008066880691507405
52240.0,0.0739913881,0.07323285593847989,-0.000758532161520109
52320.0,0.0740032494,0.07318749125555593,-0.0008157581444440676
52400.0,0.0739498809,0.073142156194619,-0.0008077247053809994
52480.0,0.0738994777,0.07309682692611046,-0.0008026507738895378
52560.0,0.0738475919,0.0730514869500025,-0.0007961049499974893
52640.0,0.0738053396,0.07300615209901154,-0.0007991875009884658
52720.0,0.0737890378,0.07296078982910068,-0.0008282479708993234
52810.0,0.0736963898,0.07290978535522841,-0.0007866044447715909
52890.0,0.0736919418,0.07286441734431134,-0.0008275244556886496
52970.0,0.073644504,0.07281907269801742,-0.0008254313019825793
53050.0,0.0736029968,0.07277985125122946,-0.0008231455487705402
53130.0,0.0735436976,0.07274683276827074,-0.0007968648317292631
53210.0,0.0735414773,0.07271376818473703,-0.0008277091152629756
53290.0,0.0735110864,0.07268071330765344,-0.0008303730923465563
53370.0,0.0734421536,0.07264768884721853,-0.0007944647527814708
53450.0,0.0733880475,0.07261465777801868,-0.0007733897219813213
53530.0,0.0733873099,0.07258157412766883,-0.0008057357723311731
53610.0,0.073356919,0.07254851922609308,-0.000808399773906926
53690.0,0.0732590854,0.07251550410009441,-0.0007435812999055935
53770.0,0.07327687,0.07248241622609278,-0.0007944537739072166
53860.0,0.0732264668,0.07244505568958798,-0.0007814111104120225
53940.0,0.0731916353,0.07241176214889462,-0.0007798731511053786
54020.0,0.0731582791,0.07237849178935851,-0.0007797873106414888
54100.0,0.0731182545,0.07234519228264957,-0.0007730622173504204
54180.0,0.0730937943,0.07231188404181826,-0.0007819102581817367
54260.0,0.0730545148,0.07227857847846275,-0.0007759363215372461
54340.0,0.073011525,0.07224529392863285,-0.0007662310713671405
54420.0,0.0729677901,0.07221199251424965,-0.0007557975857503535
54500.0,0.0729537085,0.07217866336652161,-0.000775045133478397
54580.0,0.0729329586,0.07214534091862934,-0.0007876176813706587
54660.0,0.072886996,0.07211120430086718,-0.000775791699132819
54740.0,0.0728188083,0.07207708814211572,-0.0007417201578842764
54820.0,0.0728388205,0.07204292546595606,-0.0007958950340439391
54910.0,0.0727869347,0.07200450355068791,-0.0007824311493120906
54990.0,0.0727194846,0.07197039171634498,-0.000749092883655017
55070.0,0.0727217123,0.07193621242676054,-0.0007854998732394619
55150.0,0.0726535171,0.07190208347638048,-0.0007514336236195129
55230.0,0.0726157203,0.0718679340743528,-0.0007477862256472095
55310.0,0.0726001561,0.07183377427101445,-0.0007663818289855434
55390.0,0.0725860745,0.07180210952984892,-0.0007839649701510826
55470.0,0.0725208446,0.0717750795094991,-0.0007457650905008939
55550.0,0.0724993497,0.07174803425533352,-0.0007513154446664727
55630.0,0.0724630356,0.07172098826611098,-0.0007420473338890232
55710.0,0.0724667385,0.07169392989055262,-0.0007728086094473813
55790.0,0.0724148527,0.07166688705945794,-0.000747965640542067
55870.0,0.0723941028,0.0716398330675709,-0.0007542697324291053
55960.0,0.0723570436,0.07160940131772592,-0.0007476422822740858
56040.0,0.0723444447,0.07158233457645112,-0.0007621101235488759
56120.0,0.0722947791,0.07155528929530432,-0.000739489804695681
56200.0,0.0722488314,0.07149469180297638,-0.0007541395970236259
56280.0,0.0722480863,0.0714610415405865,-0.0007870447594135049
56360.0,0.0722236261,0.07143616960425472,-0.0007874564957452701
56440.0,0.0721821189,0.07141131284987698,-0.0007708060501230157
56520.0,0.0721665546,0.07138643631094768,-0.0007801182890523201
56600.0,0.0721502528,0.07136154807513717,-0.0007887047248628237
56680.0,0.0720887333,0.07133670579037675,-0.0007520275096232487
56760.0,0.0720790923,0.07131182106247173,-0.0007672712375282609
56840.0,0.0720790923,0.07128692866780398,-0.0007921636321960163
56920.0,0.0720464811,0.0712620561077314,-0.0007844249922686064
57000.0,0.0719960853,0.07123726833235201,-0.000758816967647985
57090.0,0.0719716251,0.07121140521999146,-0.0007602198800085447
57170.0,0.0719464123,0.07118842031595449,-0.0007579919840455113
57250.0,0.0719345585,0.07116542979792775,-0.0007691287020722415
57330.0,0.0719004571,0.07114244663807666,-0.0007580104619233363
57410.0,0.0718693286,0.07111946279213292,-0.0007498658078670811
57490.0,0.071868591,0.07109644788092245,-0.0007721431190775424
57570.0,0.0718448684,0.07107345167297982,-0.0007714167270201772
57650.0,0.0718137398,0.07105046530591286,-0.0007632744940871405
57730.0,0.0718018785,0.07102746214204694,-0.0007744163579530561
57810.0,0.0717329532,0.07100487176262077,-0.0007280814373792355
57890.0,0.0717433244,0.07098282760522223,-0.0007604967947777708
57970.0,0.0716995969,0.07096082874464218,-0.0007387681553578107
58050.0,0.0717070103,0.07093879448374049,-0.0007682158162595071
58140.0,0.0716365948,0.07091405486579935,-0.0007225399342006417
58220.0,0.0716165826,0.07089203733711592,-0.0007245452628840826
58300.0,0.0716343746,0.070869981971353,-0.0007643926286469982
58380.0,0.0715795234,0.07084797904648021,-0.0007315443535197835
58460.0,0.0715802684,0.07082593679825509,-0.0007543316017449009
58540.0,0.0715513602,0.07080391554881058,-0.0007474446511894217
58620.0,0.0715083703,0.07078085743000045,-0.0007275128699995442
58700.0,0.07150466,0.07075737475460969,-0.0007472852453903056
58780.0,0.0714557469,0.07073392848715307,-0.0007218184128469363
58860.0,0.071434252,0.0707104590721372,-0.0007237929278628014
58940.0,0.0714112744,0.07068697727137913,-0.0007242971286208766
59020.0,0.0713645741,0.0706635201805162,-0.0007010539194837878
59100.0,0.0713682845,0.07064005751856528,-0.0007282269814347236
59190.0,0.0713645741,0.07061363572904591,-0.0007509383709540796
59270.0,0.0713215917,0.07059017067445607,-0.000731421025543938
59350.0,0.0713475272,0.07056676392090944,-0.00078076327909056
59430.0,0.0713260323,0.07054457013186158,-0.0007814621681384165
59510.0,0.0713015795,0.07052238027544228,-0.0007791992245577278
59590.0,0.0712622926,0.07050020173698283,-0.0007620908630171647
59670.0,0.0712533966,0.0704780054497908,-0.0007753911502092065
59750.0,0.0712333843,0.07045580873497317,-0.0007775755650268196
59830.0,0.0712126344,0.07043360772032413,-0.0007790266796758732
59910.0,0.0711481497,0.07041143830534338,-0.000736711394656614
59990.0,0.0711399987,0.07038923123971266,-0.0007507674602873354
60070.0,0.0711273924,0.07036703637269505,-0.0007603560273049537
60150.0,0.0710977465,0.07034570271584001,-0.0007520437841599947
60230.0,0.0710955262,0.07032637342695111,-0.000769152773048884
60320.0,0.0710391924,0.0703046527162618,-0.0007345396837382112
60400.0,0.0710243732,0.0702853337848002,-0.000739039415199802
60480.0,0.0709843487,0.0702660225145586,-0.0007183261854414036
60560.0,0.0709672943,0.0702466947025748,-0.000720599597425195
60640.0,0.0709480196,0.07022736945914904,-0.0007206501408509591
60720.0,0.07092949,0.07020804761624744,-0.0007214423837525602
60800.0,0.070911698,0.07018872803642512,-0.0007229699635748765
60880.0,0.0708872452,0.0701694019651938,-0.000717843234806198
60960.0,0.0708701909,0.07014719302116211,-0.0007229978788378943
61040.0,0.070867233,0.07012345556462399,-0.000743777435376014
61120.0,0.0708309114,0.07009973729716161,-0.0007311741028383917
61200.0,0.0708071962,0.07007600426873889,-0.0007311919312611159
61280.0,0.0708071962,0.07005226814974685,-0.0007549280502531508
61370.0,0.0707723573,0.07002558542300162,-0.0007467718769983839
61450.0,0.070752345,0.07000184682419178,-0.0007504981758082174
61530.0,0.0707404837,0.06997812285832872,-0.0007623608416712779
61610.0,0.0707264021,0.06995437772364832,-0.0007720243763516821
61690.0,0.0706960112,0.06993067404473183,-0.0007653371552681781
61770.0,0.0706730336,0.0699099654530798,-0.0007630681469202039
61850.0,0.0706478357,0.06988925979088137,-0.000758575909118625
61930.0,0.0705863163,0.06986857872042834,-0.0007177375795716506
62010.0,0.0705544427,0.06984788096003107,-0.0007065617399689278
62090.0,0.0705633387,0.06982716431534719,-0.0007361743846528157
62170.0,0.0705166459,0.06980647066945612,-0.0007101752305438691
62250.0,0.0705299899,0.06978574158414103,-0.0007442483158589808
62330.0,0.0704936683,0.06976504375077168,-0.0007286245492283266
62420.0,0.0704855174,0.06974173398210784,-0.0007437834178921632
62500.0,0.0704477131,0.0697205451014242,-0.0007271679985758062
62580.0,0.0704299286,0.06969846035777136,-0.0007314682422286389
62660.0,0.0704010203,0.06967639887252489,-0.0007246214274751195
62740.0,0.0704106539,0.06965430049242405,-0.0007563534075759465
62820.0,0.0703328326,0.06963224701800808,-0.0007005855819919304
62900.0,0.0703632161,0.06961014598999252,-0.0007530701100074838
62980.0,0.0703202263,0.06958808348036119,-0.0007321428196388063
63060.0,0.0703157857,0.06956600893907924,-0.0007497767609207506
63140.0,0.0702868775,0.06954393065136413,-0.0007429468486358642
63220.00099999999,0.070304662,0.06952181952446593,-0.0007828424755340763
63300.00099999999,0.0702490732,0.06950058570591874,-0.0007484874940812541
63380.00099999999,0.070224613,0.06947986385447116,-0.0007447491455288419
63460.00099999999,0.0702320263,0.06945913269819702,-0.0007728936018029792
63550.00099999999,0.0702290609,0.06943580804633234,-0.0007932528536676586
63630.00099999999,0.0701779202,0.06941510466518462,-0.0007628155348153726
63710.00099999999,0.0701430812,0.06939440118132753,-0.0007486800186724679
63790.00099999999,0.0701475292,0.06937365478243027,-0.0007738744175697365
63870.00099999999,0.0701075047,0.06935294519443345,-0.0007545595055665488
63950.00099999999,0.0700837895,0.06933222034571798,-0.0007515691542820113
64030.00099999999,0.0700667426,0.06931149881910909,-0.0007552437808909102
64110.00099999999,0.0700422823,0.06928902766094475,-0.000753254639055248
64190.00099999999,0.070021525,0.06926647711361353,-0.0007550478863864729
64270.00099999999,0.0699992925,0.06924393879656442,-0.0007553537034355878
64350.00099999999,0.0699792728,0.06922139473815614,-0.0007578780618438669
64430.00099999999,0.0699533299,0.06919884552793935,-0.0007544843720606459
64510.00099999999,0.0699310973,0.06917629529186461,-0.0007548020081353801
64600.00099999999,0.0699081197,0.06915091961494423,-0.0007572000850557675
64680.00099999999,0.0698918104,0.06912837765362931,-0.0007634327463706958
64760.00099999999,0.0698717982,0.06910582408460275,-0.0007659741153972499
64840.00099999999,0.069834739,0.06908289365012402,-0.0007518453498759903
64920.00099999999,0.0698325187,0.0690591201193548,-0.0007733985806451932
65000.00099999999,0.0698021278,0.0690353614819432,-0.0007667663180568052
65080.00099999999,0.0697776675,0.06901159723312311,-0.0007660702668768893
65160.00099999999,0.0697650686,0.06898782636967586,-0.0007772422303241322
65240.00099999999,0.0697450563,0.06896405586902091,-0.0007810004309790897
65320.00099999999,0.0697183758,0.0689402922223904,-0.0007780835776095979
65400.00099999999,0.0696961358,0.06891652713589493,-0.0007796086641050776
65480.00099999999,0.0696783513,0.06889275873613823,-0.0007855925638617645
65560.00099999999,0.0696524084,0.06886898668614883,-0.000783421713851179
65650.00099999999,0.0696205348,0.06884447811654776,-0.0007760566834522364
65730.00099999999,0.0696020052,0.06882397039544744,-0.0007780348045525604
65810.00099999999,0.069582738,0.06880346350283538,-0.0007792744971646254
65890.00099999999,0.069582738,0.06878294420229458,-0.0007997937977054226
65970.00099999999,0.0695212185,0.06876245779776785,-0.0007587607022321446
66050.00099999999,0.0695049092,0.06874194795833581,-0.0007629612416641951
66130.00099999999,0.0695063919,0.06872142033907502,-0.0007849715609249824
66210.00099999999,0.0694515407,0.06870093087798859,-0.0007506098220114027
66290.00099999999,0.0694508031,0.06868041806250508,-0.0007703850374949223
66370.00099999999,0.0694396868,0.06865989651577072,-0.0007797902842292814
66450.00099999999,0.0694241226,0.06863295394439156,-0.0007911686556084374
66530.00099999999,0.0693566725,0.0686054855284481,-0.0007511869715518954
66610.00099999999,0.0693470314,0.06857799268777391,-0.0007690387122260833
66690.00099999999,0.0693448111,0.06855048929636126,-0.0007943218036387395
66780.00099999999,0.0693270192,0.06851954105846031,-0.000807478141539697
66860.00099999999,0.0692840368,0.06849206493253945,-0.0007919718674605503
66940.00099999999,0.0692432672,0.06846456696091247,-0.0007787002390875347
67020.00099999999,0.0692491978,0.06843706156200621,-0.0008121362379937824
67100.00099999999,0.0692284405,0.06840955465695953,-0.0008188858430404761
67180.00099999999,0.0691936091,0.06838469740431279,-0.0008089116956872117
67260.00099999999,0.0691891611,0.06836652870155382,-0.0008226323984461686
67340.00099999999,0.0691684112,0.06834835422392813,-0.0008200569760718757
67420.00099999999,0.0691387579,0.06833020358963846,-0.000808554310361545
67500.00099999999,0.0690727904,0.06831206580236698,-0.0007607245976330168
67580.00099999999,0.0690742731,0.06829388974793976,-0.0007803833520602377
67660.00099999999,0.0690579712,0.0682719581917497,-0.0007860130082503053
67740.00099999999,0.0690283254,0.06824126479909326,-0.0007870606009067471
67830.00099999999,0.0690105334,0.06820674229759477,-0.0008037911024052352
67910.00099999999,0.0689705014,0.06817606379976751,-0.0007944376002324838
67990.00099999999,0.0689430758,0.06814538187545839,-0.000797693924541612
68070.00099999999,0.068895638,0.06811469689295038,-0.0007809411070496125
68150.00099999999,0.0688986033,0.06808399910790949,-0.0008146041920905067
68230.00099999999,0.0688674748,0.06805332465059906,-0.0008141501494009357
68310.00099999999,0.0688533932,0.06802261781777555,-0.0008307753822244524
68390.00099999999,0.0688289329,0.06799193431216491,-0.0008369985878350916
68470.00099999999,0.0687740818,0.06796366827508774,-0.0008104135249122624
68550.00099999999,0.0687726066,0.06793661216657447,-0.0008359944334255243
68630.00099999999,0.068745181,0.0679095771220689,-0.000835603877931107
68710.00099999999,0.0687348023,0.06788251428977118,-0.0008522880102288105
68790.00099999999,0.0687044114,0.06785546575273353,-0.0008489456472664664
68880.00099999999,0.0686658695,0.06782504923382834,-0.0008408202661716602
68960.00099999999,0.0686406717,0.06779800716521286,-0.0008426645347871381
69040.00099999999,0.0686154664,0.06777095894372687,-0.0008445074562731386
69120.00099999999,0.0686080605,0.06774389002757733,-0.0008641704724226679
69200.00099999999,0.06855914,0.06771678069925038,-0.0008423593007496205
69280.00099999999,0.0685539544,0.06768577238190177,-0.0008681820180982402
69360.00099999999,0.0685109645,0.06765478619686902,-0.0008561783031309778
69440.00099999999,0.0684820563,0.06762380008568242,-0.0008582562143175793
69520.00099999999,0.0684435144,0.06759281943332943,-0.000850694966670576
69600.00099999999,0.0684294328,0.06756181349578011,-0.0008676193042198854
69680.00099999999,0.0683812499,0.06753083950848277,-0.0008504103915172312
69760.00099999999,0.068359755,0.0674998451059613,-0.0008599098940386962
69840.00099999999,0.068351604,0.06746883054219217,-0.0008827734578078228
69920.00099999999,0.0683182478,0.06743784431263483,-0.0008804034873651639
70010.00099999999,0.0682967603,0.06740366023271732,-0.0008931000672826733
70090.00099999999,0.0682359785,0.06737451616016359,-0.0008614623398364163
70170.00099999999,0.0682307929,0.06734532948844535,-0.0008854634115546545
70250.00099999999,0.0681929886,0.06731615816721748,-0.0008768304327825271
70330.00099999999,0.0681796446,0.06728697969533498,-0.0008926649046650248
70410.00099999999,0.0681507438,0.06725780201442794,-0.00089294178557206
70490.00099999999,0.0680907071,0.06722865373604499,-0.0008620533639550065
70570.00099999999,0.0680877417,0.06719947008669915,-0.0008882716133008506
70650.00099999999,0.0680351183,0.06717032431603875,-0.0008647939839612484
70730.00099999999,0.0680291876,0.06714113721002543,-0.0008880503899745679
70810.00099999999,0.0679713637,0.06710975980034127,-0.000861603899658725
70890.00099999999,0.0679498687,0.06707693940131637,-0.0008729292986836279
70970.00099999999,0.0679180026,0.06704412780459162,-0.0008738747954083748
71060.00099999999,0.0678750128,0.06700722493617048,-0.0008677878638295167
71140.00099999999,0.0678542554,0.06697441231052942,-0.000879843089470575
71220.00099999999,0.0678275749,0.06694159741483889,-0.0008859774851611157
71300.00099999999,0.0678097829,0.06690878517736193,-0.000900997722638075
71380.00099999999,0.0677749515,0.06687597944215135,-0.0008989720578486543
71460.00099999999,0.0677438229,0.0668431669909278,-0.0009006559090722066
71540.00099999999,0.0677141696,0.06681035883779132,-0.0009038107622086761
71620.00099999999,0.0676897094,0.06677205039390921,-0.0009176590060907958
71700.00099999999,0.0676215217,0.06673358108291833,-0.0008879406170816811
71780.00099999999,0.0676193014,0.06669507314947978,-0.0009242282505202148
71860.00099999999,0.0675555542,0.06665658449240894,-0.0008989697075910685
71940.00099999999,0.0675585195,0.06661806857572991,-0.0009404509242700865
72020.00099999999,0.0674895868,0.06657960459466013,-0.0009099822053398737
72110.00099999999,0.0674703196,0.06653629895882418,-0.0009340206411758145
72190.00099999999,0.0674258471,0.06649780951861176,-0.0009280375813882497
72270.00099999999,0.0673947185,0.06645932088618414,-0.0009353976138158637
72350.00099999999,0.0673924908,0.06642194556337758,-0.0009705452366224193
72430.00099999999,0.0673420951,0.06638702636167178,-0.0009550687383282214
72510.00099999999,0.0673161522,0.06635209411808732,-0.0009640580819126887
72590.00099999999,0.0672709346,0.06631718212318927,-0.0009537524768107319
72670.00099999999,0.0672331378,0.06628226043539792,-0.0009508773646020735
72750.00099999999,0.0672086775,0.06624733413814717,-0.0009613433618528289
72830.00099999999,0.0671997815,0.06621239162871653,-0.0009873898712834672
72910.00099999999,0.0671656877,0.06617745960048571,-0.0009882280995142934
72990.00099999999,0.0671427101,0.06614253919970431,-0.0010001709002956938
73070.00099999999,0.0670863837,0.06610763994780551,-0.0009787437521944914
73150.00099999999,0.0670508072,0.06607481807197077,-0.0009759891280292365
73240.00099999999,0.0670026243,0.06603990952126118,-0.000962714778738813
73320.00099999999,0.066947028,0.0660088882824231,-0.0009381397175769052
73400.00099999999,0.0669299811,0.06597784579786257,-0.000952135302137419
73480.00099999999,0.0668914393,0.06594681102845194,-0.0009446282715480508
73560.00099999999,0.0668869913,0.06590886378354845,-0.0009781275164515574
73640.00099999999,0.0668113902,0.06586738444621704,-0.0009440057537829644
73720.00099999999,0.0668076873,0.06582585561824682,-0.0009818316817531841
73800.00099999999,0.0667491332,0.06578436171959631,-0.0009647714804036922
73880.00099999999,0.0667150393,0.0657428561146827,-0.0009721831853173046
73960.00099999999,0.0666794553,0.06570134901992716,-0.0009781062800728324
74040.00099999999,0.0666283146,0.06565985381950291,-0.000968460780497088
74120.00099999999,0.0666031167,0.06561834347968648,-0.0009847732203135257
74200.00099999999,0.066597186,0.06557681892181388,-0.0010203670781861185
74290.00099999999,0.0665097237,0.06553015604931256,-0.0009795676506874351
74370.00099999999,0.0665238053,0.06548786245055722,-0.001035942849442778
74450.00099999999,0.0664741471,0.06544559997106716,-0.0010285471289328413
74530.00099999999,0.0664096624,0.06540336009236926,-0.001006302307630741
74610.00099999999,0.0663592666,0.06536111612330321,-0.0009981504766967825
74690.00099999999,0.0663496256,0.06531883629021805,-0.0010307893097819543
74770.00099999999,0.0662925541,0.06527659489375065,-0.0010159592062493478
74850.00099999999,0.06625624,0.06523434057945376,-0.0010218994205462295
74930.00099999999,0.0662280694,0.06519209123620459,-0.0010359781637954146
75010.00099999999,0.0661924928,0.06514982544339226,-0.0010426673566077405
75090.00099999999,0.0661420897,0.06510838058633153,-0.0010337091136684712
75170.00099999999,0.0661176369,0.06506968025120642,-0.001047956648793577
75250.00099999999,0.0660427734,0.06503101183446244,-0.0010117615655375611
75340.00099999999,0.0660020113,0.06498749501721235,-0.0010145162827876475
75420.00099999999,0.0659782887,0.06494879936317988,-0.001029489336820122
75500.00099999999,0.0659605041,0.06491009555829722,-0.0010504085417027825
75580.00099999999,0.0658804476,0.06487142913167557,-0.0010090184683244352
75660.00099999999,0.0658797026,0.06483273073513324,-0.0010469718648667692
75740.00099999999,0.0658367127,0.0647940591185212,-0.0010426535814788002
75820.00099999999,0.0657900199,0.06475537989655988,-0.0010346400034401126
75900.00099999999,0.065746285,0.06471492803457968,-0.0010313569654203242
75980.00099999999,0.0657159016,0.0646730633489453,-0.0010428382510546952
76060.00099999999,0.0656573474,0.06463122453048559,-0.0010261228695144092
76140.00099999999,0.0656454861,0.06458934910042163,-0.0010561369995783637
76220.00099999999,0.0655847117,0.06454751288250468,-0.0010371988174953245
76300.00099999999,0.0655550584,0.06450565443047118,-0.0010494039695288226
76380.00099999999,0.065507628,0.06446380954790315,-0.001043818452096848
76470.00099999999,0.065476492,0.06441671488191912,-0.0010597771180808763
76550.00099999999,0.0654601902,0.06437485144157129,-0.0010853387584287139
76630.00099999999,0.0654075667,0.06433300061988996,-0.0010745660801100426
76710.00099999999,0.0653734654,0.064289178608677,-0.001084286791322997
76790.00099999999,0.0652963817,0.06424517005935959,-0.001051211640640412
76870.00099999999,0.0652697012,0.06420112007688816,-0.0010685811231118392
76950.00099999999,0.0652141124,0.0641570953196164,-0.001057017080383596
77030.00099999999,0.0651963204,0.06411304304517194,-0.0010832773548280494
77110.00099999999,0.0651244298,0.06406902991911807,-0.0010553998808819215
77190.00099999999,0.0651110858,0.06402498502425956,-0.0010861007757404367
77270.00099999999,0.0650562346,0.06398095929756037,-0.0010752753024396294
77350.00099999999,0.0650132522,0.06393692009156557,-0.0010763321084344274
77430.00099999999,0.064962104,0.06389235196017803,-0.0010697520398219723
77520.00099999999,0.0649428368,0.06383666761828809,-0.0011061691817119135
77600.00099999999,0.0648842826,0.06378722184261094,-0.0010970607573890512
77680.00099999999,0.0648724139,0.06373772731283806,-0.00113468658716194
77760.00099999999,0.0647849515,0.0636882909212928,-0.0010966605787071926
77840.00099999999,0.0647797659,0.06363879987386681,-0.001140966026133186
77920.00099999999,0.0647197291,0.06358933331415259,-0.0011303957858474073
78000.00099999999,0.0646774843,0.06353986495842148,-0.0011376193415785218
78080.00099999999,0.0646404177,0.06349041150637322,-0.0011500061936267764
78160.00099999999,0.0645840913,0.06344093699424004,-0.0011431543057599525
78240.00099999999,0.0645151585,0.06339315347004854,-0.0011220050299514672
78320.00099999999,0.0644966289,0.06334755166212683,-0.0011490772378731778
78400.00099999999,0.0644239932,0.06330196417024747,-0.0011220290297525304
78480.00099999999,0.0644239932,0.06325634676313628,-0.0011676464368637202
78570.00099999999,0.0643758178,0.06320504803783414,-0.0011707697621658603
78650.00099999999,0.0643135533,0.06315947316086012,-0.001154080139139882
78730.00099999999,0.06424018,0.06311389309859855,-0.0011262869014014437
78810.00099999999,0.0642335042,0.06306827986740332,-0.0011652243325966788
78890.00099999999,0.0641912594,0.06302268564577532,-0.0011685737542246888
78970.00099999999,0.0641564205,0.06297709031607002,-0.0011793301839299886
79050.00099999999,0.0640808195,0.06292556231568026,-0.001155257184319733
79130.00099999999,0.0640341267,0.06287204776996559,-0.0011620789300344075
79210.00099999999,0.0639941022,0.06281852172594504,-0.0011755804740549575
79290.00099999999,0.0639511123,0.06276500672562114,-0.0011861055743788568
79370.00099999999,0.0639147907,0.06271147923836232,-0.001203311461637685
79450.00099999999,0.0638740286,0.06265796949098687,-0.0012160591090131234
79530.00099999999,0.0637865588,0.0626044867421208,-0.0011820720578792077
79610.00099999999,0.063735418,0.06255098881850145,-0.001184429181498553
79700.00099999999,0.0636879802,0.06249078093408869,-0.0011971992659113029
79780.00099999999,0.063668713,0.062438057151368444,-0.001230655848631558
79860.00099999999,0.0636101514,0.06239588072891664,-0.001214270671083352
79940.00099999999,0.063558273,0.06235369914290451,-0.0012045738570954853
80020.00099999999,0.0635249168,0.062311506043998266,-0.0012134107560017315
80100.00099999999,0.0634500608,0.06226934565921673,-0.0011807151407832728
80180.00099999999,0.0633937269,0.06222717486493906,-0.0011665520350609415
80260.00099999999,0.0633388758,0.06217858082481108,-0.0011602949751889219
80340.00099999999,0.0633092299,0.06212145279846702,-0.0011877771015329774
80420.00099999999,0.0632617921,0.06206433145795519,-0.0011974606420448175
80500.00099999999,0.0632165819,0.06200722585622791,-0.0012093560437720918
80580.00099999999,0.0631750748,0.061950116574753425,-0.0012249582252465696
80660.00099999999,0.0631009564,0.06189302657689783,-0.0012079298231021732
80750.00099999999,0.0630461052,0.061828788241025986,-0.0012173169589740074
80830.00099999999,0.0629927441,0.06177168993472146,-0.00122105416527854
80910.00099999999,0.0629586428,0.06171459027181339,-0.001244052528186615
80990.00099999999,0.0628815591,0.0616575060290761,-0.0012240530709238945
81070.00099999999,0.0628756359,0.06160200491188338,-0.001273630988116621
81150.00099999999,0.0628000274,0.06154712620441234,-0.0012529011955876579
81230.00099999999,0.0627896562,0.061492205124436095,-0.0012974510755639074
81310.00099999999,0.0627273843,0.06143731254702868,-0.001290071752971314
81390.00099999999,0.0626569763,0.061382421822829714,-0.0012745544771702866
81470.00099999999,0.0626080558,0.061327536151728305,-0.001280519648271701
81550.00099999999,0.062543571,0.061272659241028954,-0.0012709117589710522
81630.00099999999,0.0624939092,0.061217767693794715,-0.0012761415062052875
81710.00099999999,0.0624412857,0.06116290149531682,-0.0012783842046831806
81800.00099999999,0.0624064468,0.06110123648033245,-0.0013052103196675505
81880.00099999999,0.0623338111,0.06104857301402922,-0.0012852380859707802
81960.00099999999,0.0623004548,0.06099585750241845,-0.0013045972975815542
82040.00099999999,0.0622307844,0.0609431774337809,-0.0012876069662191014
82120.00099999999,0.062169265,0.06089050521094905,-0.0012787597890509539
82200.00099999999,0.0621233098,0.06083782420064392,-0.0012854855993560815
82280.00099999999,0.0620773546,0.06078514062019504,-0.0012922139798049598
82360.00099999999,0.0619906373,0.06073248038592824,-0.0012581569140717591
82440.00099999999,0.0619528331,0.06067980276557204,-0.001273030334427959
82520.00099999999,0.0619224496,0.06062711918914468,-0.0012953304108553193
82600.00099999999,0.0618431382,0.06057322111029487,-0.0012699170897051346
82680.00099999999,0.0618253537,0.06051503027152125,-0.0013103234284787546
82760.00099999999,0.0617401116,0.06045687227922295,-0.0012832393207770493
82840.00099999999,0.061722327,0.06039868235738685,-0.001323644642613149
82930.00099999999,0.0616444908,0.0603332555663367,-0.001311235233663298
83010.00099999999,0.0615703724,0.06027511233610307,-0.0012952600638969289
83090.00099999999,0.0615125559,0.06021695504812958,-0.0012956008518704223
83170.00099999999,0.0614843927,0.060158776469796255,-0.0013256162302037466
83250.00099999999,0.0614065714,0.060100635724032056,-0.0013059356759679425
83330.00099999999,0.0613583885,0.060042476509642416,-0.0013159119903575836
83410.00099999999,0.0613057651,0.05998928331143162,-0.0013164817885683786
83490.00099999999,0.061243508,0.05994064540251122,-0.0013028625974887825
83570.00099999999,0.0611864366,0.05989199582607603,-0.0012944407739239674
83650.00099999999,0.0611427017,0.05984335326551599,-0.00129934843448401
83730.00099999999,0.0610700659,0.059794721912459714,-0.0012753439875402839
83810.00099999999,0.061057467,0.05974605357553806,-0.0013114134244619352
83890.00099999999,0.0609655567,0.05969743345926959,-0.0012681232407304108
83980.00099999999,0.0609203465,0.05964270822444799,-0.0012776382755520094
84060.00099999999,0.0608773567,0.059594069571755434,-0.0012832871282445688
84140.00099999999,0.0608076863,0.059545443120287936,-0.001262243179712061
84220.00099999999,0.0607491322,0.05949258358906871,-0.0012565486109312879
84300.00099999999,0.0607068799,0.05943875681464984,-0.0012681230853501604
84380.00099999999,0.0606490709,0.05938492958467619,-0.0012641413153238051
84460.00099999999,0.0606416576,0.059331098524906416,-0.001310559075093587
84540.00099999999,0.0605831034,0.059277290571298,-0.0013058128287019993
84620.00099999999,0.0605334379,0.05922346834532817,-0.0013099695546718304
84700.00099999999,0.060481552,0.059169656346138244,-0.0013118956538617568
84780.00099999999,0.0604333766,0.05911584268217737,-0.0013175339178226261
84860.00099999999,0.0603703745,0.05906204123934679,-0.0013083332606532092
84940.00099999999,0.060321454,0.05900822523625324,-0.00131322876374676
85030.00099999999,0.0602754988,0.05894569291116181,-0.001329805888838194
85110.00099999999,0.0602006428,0.058890097725806584,-0.0013105450741934185
85190.00099999999,0.0601613559,0.0588344712822666,-0.0013268846177333996
85270.00099999999,0.0600939058,0.05877886953884427,-0.0013150362611557276
85350.00099999999,0.0600242354,0.05872329058425241,-0.0013009448157475928
85430.00099999999,0.0599982925,0.05866767787474654,-0.001330614625253461
85510.00099999999,0.0599360354,0.05861207890489628,-0.001323956495103716
85590.00099999999,0.0598685853,0.05855650079062427,-0.0013120845093757272
85670.00099999999,0.0598241128,0.05850090696140846,-0.0013232058385915443
85750.00099999999,0.0597588904,0.05844486314186305,-0.0013140272581369516
85830.00099999999,0.0597210862,0.05838753549636564,-0.001333550703634362
85910.00099999999,0.0596536361,0.05833022080785917,-0.0013234152921408268
85990.00099999999,0.0596195422,0.05827289622848887,-0.001346645971511129
86070.00099999999,0.0595624708,0.058215583773783795,-0.0013468870262162078
86160.00099999999,0.0594676025,0.05815113710648541,-0.0013164653935145917
86240.00099999999,0.0594461076,0.05809380622818008,-0.0013523013718199223
86320.00099999999,0.0593601204,0.058036518727058915,-0.0013236016729410854
86400.00099999999,0.0593208335,0.05797922230697082,-0.0013416111930291824
86480.00099999999,0.0592541285,0.05792192605109775,-0.0013322024489022533
86560.00099999999,0.0592333786,0.05786824736360664,-0.0013651312363933549
86640.00099999999,0.0591585152,0.05781774041378525,-0.001340774786214749
86720.00099999999,0.0591118224,0.05776721888382879,-0.0013446035161712097
86800.00099999999,0.0590732805,0.057716699397052665,-0.0013565811029473338
86880.00099999999,0.0590087958,0.057666180005968834,-0.0013426157940311656
86960.00099999999,0.0589480139,0.05761567766953527,-0.001332336230464727
87040.00099999999,0.0589191131,0.057565147721955305,-0.0013539653780446984
87120.00099999999,0.0588286854,0.057514656397185386,-0.001314029002814611
87210.00099999999,0.0587753169,0.05745783404325974,-0.0013174828567402569
87290.00099999999,0.058749374,0.057407317719705246,-0.0013420562802947539
87370.00099999999,0.058687117,0.057353212756168434,-0.001333904243831563
87450.00099999999,0.0586137362,0.05729828117451259,-0.0013154550254874109
87530.00099999999,0.0585633405,0.05724335332994733,-0.001319987170052668
87610.00099999999,0.0585144199,0.05718841167320847,-0.0013260082267915335
87690.00099999999,0.0584499352,0.05713348841210808,-0.0013164467878919173
87770.00099999999,0.058400277,0.057078565214151916,-0.0013217117858480842
87850.00099999999,0.0583469085,0.05702364833160989,-0.001323260168390114
87930.00099999999,0.0582987331,0.05696871932102206,-0.0013300137789779426
88010.00099999999,0.0582409091,0.0569137949084174,-0.0013271141915826012
88090.00099999999,0.058186803,0.0568588776757674,-0.0013279253242325997
88170.00099999999,0.0581386276,0.05680382210611133,-0.0013348054938886675
88260.00099999999,0.0580785908,0.056741872876600354,-0.0013367179233996496
88340.00099999999,0.058023002,0.05668680966561811,-0.0013361923343818902
88420.00099999999,0.0579577722,0.056631757400670155,-0.0013260147993298457
88500.00099999999,0.0579318292,0.0565766900978064,-0.001355139102193599
88580.00099999999,0.0578451119,0.056521657433749276,-0.0013234544662507272
88660.00099999999,0.0577865578,0.05646661377737494,-0.001319944022625058
88740.00099999999,0.0577428304,0.056411568277822816,-0.0013312621221771848
88820.00099999999,0.0577087365,0.056356504824473866,-0.0013522316755261374
88900.00099999999,0.0576605536,0.05630204708006945,-0.0013585065199305454
88980.00099999999,0.057588663,0.05624979623219631,-0.0013388667678036897
89060.00099999999,0.057544928,0.05619753314169887,-0.0013473948583011333
89140.00099999999,0.0574900843,0.05614526504440185,-0.0013448192555981509
89220.00099999999,0.0574374534,0.05609301078476095,-0.0013444426152390485
89300.00099999999,0.057398174,0.056040748310937055,-0.001357425689062948
89390.00099999999,0.0572914444,0.05598199993084677,-0.00130944446915323
89470.00099999999,0.0572714321,0.055929731395078355,-0.0013417007049216431
89550.00099999999,0.0572150983,0.055877491920751914,-0.0013376063792480894
89630.00099999999,0.0571298636,0.05582527703726864,-0.001304586562731358
89710.00099999999,0.0571313463,0.05577183443325412,-0.0013595118667458772
89790.00099999999,0.0570423938,0.05571713767727546,-0.0013252561227245427
89870.00099999999,0.0570290498,0.05566238827736027,-0.0013666615226397352
89950.00099999999,0.0569334365,0.05560770042937758,-0.0013257360706224186
90030.00099999999,0.056902308,0.0555529732285301,-0.0013493347714698956
90110.00099999999,0.0568259619,0.0554982884160739,-0.001327673483926102
90190.00099999999,0.0567829795,0.05544356684549414,-0.0013394126545058574
90270.00099999999,0.0567585193,0.05538884260180375,-0.001369676698196244
90350.00099999999,0.0566769876,0.055334156633401646,-0.0013428309665983532
90440.00099999999,0.0566384457,0.05527259903193265,-0.0013658466680673484
90520.00099999999,0.0565954559,0.055219213133114675,-0.0013762427668853258
90600.00099999999,0.056530226,0.055166313039160836,-0.001363912960839167
90680.00099999999,0.0564835332,0.055113422648489466,-0.0013701105515105325
90760.00099999999,0.0564279445,0.0550605341106731,-0.0013674103893269035
90840.00099999999,0.056353081,0.055007658706659454,-0.0013454222933405452
90920.00099999999,0.0563197322,0.05495476737292828,-0.00136496482707172
91000.00099999999,0.0562396832,0.054901896052396135,-0.0013377871476038666
91080.00099999999,0.0562285669,0.05484899670733594,-0.0013795701926640619
91160.00099999999,0.0561500005,0.05479612551108999,-0.0013538749889100074
91240.00099999999,0.0560773574,0.054743261816580006,-0.0013340955834199933
91320.00099999999,0.0560566075,0.0546926903143124,-0.0013639171856876034
91400.00099999999,0.055994343,0.05464254492365188,-0.0013517980763481235
91490.00099999999,0.0559342988,0.05458613010826764,-0.0013481686917323557
91570.00099999999,0.0558794551,0.054535984275812216,-0.0013434708241877868
91650.00099999999,0.0558201559,0.05448584369436421,-0.0013343122056357903
91730.00099999999,0.0557934754,0.054435686674604244,-0.001357788725395756
91810.00099999999,0.0557208396,0.054385553944989756,-0.001335285655010246
91890.00099999999,0.0556837805,0.05433541418850244,-0.0013483663114975605
91970.00099999999,0.0556385629,0.05428527203972936,-0.0013532908602706395
92050.00099999999,0.0555837192,0.0542404145062564,-0.0013433046937436008
92130.00099999999,0.0555281304,0.05419768116765443,-0.0013304492323455708
92210.00099999999,0.0554680936,0.05415496713839267,-0.0013131264616073265
92290.00099999999,0.0554302894,0.05411222945423557,-0.0013180599457644285
92370.00099999999,0.0553724803,0.054069515144453906,-0.001302965155546093
92450.00099999999,0.0553250425,0.05402679170794518,-0.0012982507920548184
92530.00099999999,0.0552798323,0.053984060380876,-0.0012957719191240002
92620.00099999999,0.0552138649,0.05393600692237785,-0.0012778579776221502
92700.00099999999,0.0551782884,0.05389328075704317,-0.0012850076429568244
92780.00099999999,0.0551108383,0.05385056912516227,-0.001260269174837729
92860.00099999999,0.0550708137,0.05380649203809139,-0.00126432166190861
92940.00099999999,0.0550255962,0.05376235180155842,-0.001263244398441582
93020.00099999999,0.0549640842,0.05371822678427311,-0.0012458574157268865
93100.00099999999,0.0549099706,0.05367409948040418,-0.0012358711195958258
93180.00099999999,0.0548617952,0.05362996905964041,-0.0012318261403595904
93260.00099999999,0.054824736,0.053585844710547066,-0.0012388912894529328
93340.00099999999,0.0548128746,0.05354169021324252,-0.0012711843867574818
93420.00099999999,0.0547654442,0.053497567041763096,-0.0012678771582369033
93500.00099999999,0.0547076203,0.05345345720037899,-0.0012541630996210154
93580.00099999999,0.0546683334,0.05340956675899247,-0.0012587666410075263
93670.00099999999,0.054625351,0.05336430062790082,-0.0012610503720991845
93750.00099999999,0.0545608662,0.05332409515074481,-0.0012367710492551948
93830.00099999999,0.0545208417,0.05328385717603695,-0.00123698452396305
93910.00099999999,0.0544778518,0.05324363631130334,-0.0012342154886966564
93990.00099999999,0.0544400476,0.053203418045906455,-0.0012366295540935449
94070.00099999999,0.0543859415,0.05316320184335049,-0.001222739656649513
94150.00099999999,0.0543407314,0.05312297410116866,-0.0012177572988313415
94230.00099999999,0.0543096028,0.05308275034684222,-0.0012268524531577826
94310.00099999999,0.0542406701,0.05304255977576133,-0.001198110324238666
94390.00099999999,0.0542006455,0.05300396090078403,-0.001196684599215965
94470.00099999999,0.054155428,0.05296929408873235,-0.0011861339112676506
94550.00099999999,0.0541198514,0.052934618002044326,-0.0011852333979556762
94630.00099999999,0.0540783443,0.05289994645095439,-0.0011783978490456093
94720.00099999999,0.0540435128,0.05286093086052414,-0.0011825819394758602
94800.00099999999,0.0539819933,0.05282627772117804,-0.0011557155788219642
94880.00099999999,0.0539278872,0.05279161929602472,-0.0011362679039752868
94960.00099999999,0.0539071299,0.052756944486180256,-0.0011501854138197473
95040.00099999999,0.0538567267,0.052722289558732316,-0.001134437141267687
95120.00099999999,0.0538218953,0.05268762463978782,-0.0011342706602121763
95200.00099999999,0.0537826084,0.052654605949141585,-0.001128002450858416
95280.00099999999,0.0537448116,0.05262308670927436,-0.0011217248907256366
95360.00099999999,0.0537292473,0.05259155421269461,-0.0011376930873053873
95440.00099999999,0.0536743961,0.05256004564607209,-0.0011143504539279092
95520.00099999999,0.0536403023,0.05252852721349563,-0.0011117750865043685
95600.00099999999,0.0536010154,0.05249701680980587,-0.0011039985901941315
95680.00099999999,0.0535506196,0.05246551780733191,-0.001085101792668089
95760.00099999999,0.0535076223,0.0524340057387887,-0.0010736165612112991
95850.00099999999,0.053482417,0.05239855628150621,-0.0010838607184937843
95930.00099999999,0.0534453578,0.052367042858708746,-0.001078314941291257
96010.00099999999,0.0534053333,0.05232405926462366,-0.0010812740353763409
96090.00099999999,0.053407561,0.05228227807518863,-0.0011252829248113716
96170.00099999999,0.0533467792,0.05225557032379788,-0.001091208876202121
96250.00099999999,0.0533289947,0.052228846321038136,-0.001100148378961864
96330.00099999999,0.0532963835,0.052202130814272885,-0.0010942526857271179
96410.00099999999,0.0532622896,0.052175413301643894,-0.0010868762983561042
96490.00099999999,0.05322152,0.05214869304501928,-0.0010728269549807185
96570.00099999999,0.0531955771,0.052121985414551514,-0.0010735916854484884
96650.00099999999,0.0531688966,0.052095267259009065,-0.0010736293409909364
96730.00099999999,0.0531214587,0.05206855978368964,-0.0010528989163103575
96810.00099999999,0.0530903302,0.052041841418980966,-0.0010484887810190344
96900.00099999999,0.0530606844,0.05201327605277151,-0.0010474083472284956
96980.00099999999,0.0530206598,0.05198971356800453,-0.0010309462319954693
97060.00099999999,0.0529939719,0.05196614045217525,-0.0010278314478247494
97140.00099999999,0.052959878,0.051942579378365376,-0.0010172986216346255
97220.00099999999,0.0529287495,0.05191901065658665,-0.0010097388434133492
97300.00099999999,0.0528835393,0.051895451231569675,-0.000988088068430322
97380.00099999999,0.0528605618,0.0518718855329606,-0.0009886762670393984
97460.00099999999,0.0528501831,0.051848313723500405,-0.0010018693764995978
97540.00099999999,0.0528064556,0.05182474295747844,-0.0009817126425215664
97620.00099999999,0.0527834781,0.05180117999926748,-0.000982298100732526
97700.00099999999,0.0527516045,0.05177912933665603,-0.0009724751633439707
97780.00099999999,0.0527234413,0.05175824913113555,-0.0009651921688644469
97860.00099999999,0.052707132,0.05173737012287498,-0.000969761877125018
97950.00099999999,0.0526700728,0.05171390534277316,-0.0009561674572268405
98030.00099999999,0.0526411645,0.051693027707389275,-0.0009481367926107223
98110.00099999999,0.052618932,0.05167215367225395,-0.0009467783277460479
98190.00099999999,0.0525833555,0.05165129061398478,-0.0009320648860152159
98270.00099999999,0.0525655635,0.05163040754660213,-0.0009351559533978746
98350.00099999999,0.0525374003,0.051609535280206925,-0.0009278650197930768
98430.00099999999,0.052508492,0.051588665253270376,-0.0009198267467296212
98510.00099999999,0.0524840318,0.05151222062122259,-0.0009718111787774056
98590.00099999999,0.0524803288,0.05149537934859801,-0.000984949451401991
98670.00099999999,0.0524521582,0.051478538889868544,-0.0009736193101314572
98750.00099999999,0.0523965694,0.0514617254773654,-0.0009348439226346053
98830.00099999999,0.0524054654,0.051444878283222986,-0.0009605871167770105
98910.00099999999,0.0523676686,0.05142805332695469,-0.0009396152730453133
98990.00099999999,0.0523535796,0.05141120252771956,-0.0009423770722804398
99080.00099999999,0.0523283817,0.05139227139247858,-0.0009361103075214219
99160.00099999999,0.0522987358,0.05137544884897538,-0.0009232869510246225
99240.00099999999,0.0522735305,0.05135862293099539,-0.0009149075690046068
99320.00099999999,0.0522609241,0.05134293213059818,-0.0009179919694018226
99400.00099999999,0.05222461,0.05132745647894237,-0.0008971535210576254
99480.00099999999,0.0522216447,0.05131194615650965,-0.0009096985434903504
99560.00099999999,0.0521860681,0.05129646943614546,-0.0008895986638545461
99640.00099999999,0.0521564148,0.051280988496149614,-0.0008754263038503879
99720.00099999999,0.052140113,0.05126550053259671,-0.0008746124674032935
99800.00099999999,0.0521616079,0.051249995751856146,-0.0009116121481438505
99880.00099999999,0.0520867445,0.0512345329981036,-0.000852211501896398
99960.00099999999,0.0521149151,0.051219023565554064,-0.0008958915344459348
100040.00099999999,0.0520563535,0.05120355496915001,-0.0008527985308499908
100130.00099999999,0.0520356037,0.0511916768470338,-0.0008439268529661995
100210.00099999999,0.0520378239,0.05118140242699641,-0.0008564214730035907
100290.00099999999,0.0520178117,0.05117114554603157,-0.0008466661539684311
100370.00099999999,0.0520000271,0.051160877329085364,-0.000839149770914635
100450.00099999999,0.0519777872,0.051150623017904386,-0.0008271641820956147
100530.00099999999,0.0519622229,0.05114036621332037,-0.0008218566866796326
100610.00099999999,0.0519429557,0.05113010211003814,-0.0008128535899618594
100690.00099999999,0.0519244261,0.05111984626488852,-0.0008045798351114797
100770.00099999999,0.0519118272,0.05110958481186227,-0.0008022423881377319
100850.00099999999,0.0519147925,0.05109853736749817,-0.0008162551325018308
100930.00099999999,0.0518873669,0.05108246176822101,-0.0008049051317789921
101010.00099999999,0.0518599413,0.05106638136370153,-0.0007935599362984685
101090.00099999999,0.0518495627,0.05105030717583073,-0.0007992555241692692
101180.00099999999,0.0518162139,0.051032217445982006,-0.000783996454017992
101260.00099999999,0.0518221371,0.05101611683961464,-0.0008060202603853567
101340.00099999999,0.0518006422,0.05100003704603499,-0.0008006051539650033
101420.00099999999,0.0517976843,0.05098394610998213,-0.0008137381900178708
101500.00099999999,0.0517791547,0.05096786810365742,-0.0008112865963425808
101580.00099999999,0.0517583974,0.050951787884506716,-0.0008066095154932867
101660.00099999999,0.051746536,0.05093766809819833,-0.0008088679018016728
101740.00099999999,0.0517317168,0.050927572287816796,-0.0008041445121832053
101820.00099999999,0.0517317168,0.0509174565756329,-0.0008142602243670985
101900.00099999999,0.0517161526,0.05090734419825248,-0.0008088084017475253
101980.00099999999,0.0516953953,0.05089724464632506,-0.000798150653674945
102060.00099999999,0.0516924299,0.05088713090190462,-0.0008052989980953801
102140.00099999999,0.051693175,0.05088015248774351,-0.0008130225122564907
102220.00099999999,0.0516427718,0.05087514335003136,-0.0007676284499686381
102310.00099999999,0.0516294278,0.05086947249518586,-0.0007599553048141389
102390.00099999999,0.0516234972,0.050864431963304535,-0.000759065236695465
102470.00099999999,0.051600527,0.050859398107189646,-0.000741128892810354
102550.00099999999,0.0515923686,0.05085435697254381,-0.0007380116274561879
102630.00099999999,0.0515923686,0.05084930964413436,-0.0007430589558656414
102710.00099999999,0.051578287,0.050844278797652354,-0.0007340082023476469
102790.00099999999,0.051608678,0.050839205263601875,-0.0007694727363981232
102870.00099999999,0.0515842177,0.05083417137275594,-0.0007500463272440555
102950.00099999999,0.0515516065,0.05082514986085419,-0.000726456639145813
103030.00099999999,0.0515671708,0.050815181918338836,-0.0007519888816611628
103110.00099999999,0.0515338145,0.05080522086992166,-0.0007285936300783363
103190.00099999999,0.0515301116,0.05079525705517068,-0.0007348545448293206
103270.00099999999,0.0515086167,0.05078529894798968,-0.0007233177520103232
103360.00099999999,0.0515264012,0.05077405834525747,-0.0007523428547425298
103440.00099999999,0.0515041687,0.050764102686227275,-0.0007400660137727236
103520.00099999999,0.0514819361,0.05075414811628405,-0.0007277879837159495
103600.00099999999,0.0515034236,0.05074415875537833,-0.0007592648446216738
103680.00099999999,0.0515049063,0.05073417769719697,-0.000770728602803028
103760.00099999999,0.0514797084,0.05072988019440258,-0.0007498282055974151
103840.00099999999,0.0514589585,0.05072557949568375,-0.000733379004316248
103920.00099999999,0.0514700748,0.05072127533739907,-0.0007487994626009312
104000.00099999999,0.0514389463,0.05071698204773123,-0.0007219642522687739
104080.00099999999,0.0514389463,0.05071267725241894,-0.0007262690475810657
104160.00099999999,0.0514389463,0.05070836331574973,-0.000730582984250272
104240.00099999999,0.0514293052,0.050704061431454096,-0.000725243768545901
104320.00099999999,0.0514152236,0.050699766434586103,-0.0007154571654138936
104410.00099999999,0.051409293,0.05069492618417229,-0.0007143668158277119
104490.00099999999,0.0513915084,0.05069110962289422,-0.0007003987771057804
104570.00099999999,0.0513870604,0.05068949500048456,-0.0006975653995154388
104650.00099999999,0.0513707511,0.05068787997428136,-0.0006828711257186384
104730.00099999999,0.0513952114,0.05068624063328127,-0.0007089707667187334
104810.00099999999,0.0513766818,0.05068462428136354,-0.0006920575186364561
104890.00099999999,0.0513833575,0.05068298943222838,-0.0007003680677716145
104970.00099999999,0.0513381399,0.05068139455329494,-0.0006567453467050607
105050.00099999999,0.0513559319,0.050679757622042104,-0.0006761742779578944
105130.00099999999,0.0513848327,0.05067812248957742,-0.0007067102104225814
105210.00099999999,0.0513292439,0.05067652330301073,-0.000652720596989273
105290.00099999999,0.0513262786,0.05067416854827764,-0.0006521100517223599
105370.00099999999,0.0513374023,0.05066947673080989,-0.0006679255691901115
105450.00099999999,0.0513522215,0.050664778303208396,-0.0006874431967916067
105540.00099999999,0.0513099767,0.05065952943104785,-0.0006504472689521507
105620.00099999999,0.0513359196,0.05065482909796565,-0.0006810905020343538
105700.00099999999,0.0513070114,0.050650157605460294,-0.0006568537945397038
105780.00099999999,0.0512958951,0.05064548487767649,-0.0006504102223235109
105860.00099999999,0.0513062663,0.05064078328809163,-0.0006654830119083716
105940.00099999999,0.0513225757,0.05063609192591455,-0.0006864837740854501
106020.00099999999,0.0513129421,0.050631407294093024,-0.0006815348059069776
106100.00099999999,0.0512847714,0.050626800996580235,-0.0006579704034197636
106180.00099999999,0.0512632839,0.050622267455423794,-0.0006410164445762034
106260.00099999999,0.0512795858,0.0506177189503962,-0.000661866849603801
106340.00099999999,0.0512877367,0.05061317094665457,-0.0006745657533454297
106420.00099999999,0.0512669869,0.050608652413358476,-0.0006583344866415222
106500.00099999999,0.0512588359,0.05060410984892266,-0.0006547260510773381
106590.00099999999,0.0512840338,0.05059898889772669,-0.0006850449022733143
106670.00099999999,0.0512758829,0.05059444878744239,-0.0006814341125576107
106750.00099999999,0.0512491949,0.050589922759403064,-0.0006592721405969393
106830.00099999999,0.0512299277,0.05058538956354909,-0.0006445381364509062
106910.00099999999,0.0512425266,0.050581507696165595,-0.0006610189038344025
106990.00099999999,0.0512291826,0.050578091869601244,-0.0006510907303987554
107070.00099999999,0.0512618013,0.05057463295859464,-0.0006871683414053573
107150.00099999999,0.0512514226,0.0505712139223429,-0.0006802086776570987
107230.00099999999,0.0512314104,0.05056779783074856,-0.0006636125692514455
107310.00099999999,0.0512425266,0.050564370055641294,-0.0006781565443587032
107390.00099999999,0.051223997,0.05056095305482976,-0.0006630439451702427
107470.00099999999,0.0512210317,0.05055752150766527,-0.0006635101923347306
107550.00099999999,0.0512291826,0.05055408775393207,-0.0006750948460679321
107640.00099999999,0.0512210317,0.050550233322078676,-0.0006707983779213264
107720.00099999999,0.0512113981,0.05054916016331185,-0.0006622379366881467
107800.00099999999,0.0512099154,0.05054877646143226,-0.000661138938567743
107880.00099999999,0.0511943512,0.050548408935899375,-0.0006459422641006268
107960.00099999999,0.0512076877,0.05054802266815732,-0.000659665031842678
108040.00099999999,0.0512002818,0.05054764267508633,-0.0006526391249136662
108120.00099999999,0.0511987992,0.05054726632709071,-0.0006515328729092898
108200.00099999999,0.0511987992,0.05054688658079111,-0.00065191261920889
108280.00099999999,0.0512032472,0.05054650620936352,-0.0006567409906364854
108360.00099999999,0.0512017645,0.05054612380728773,-0.0006556406927122685
108440.00099999999,0.0511980541,0.050545730914510846,-0.0006523231854891551
108520.00099999999,0.0511780418,0.05053975924429652,-0.0006382825557034802
108600.00099999999,0.0511721112,0.050532532521970444,-0.0006395786780295579
108690.00099999999,0.0511795245,0.05052438803288238,-0.000655136467117616
108770.00099999999,0.0511839725,0.050517148160439146,-0.000666824339560855
108850.00099999999,0.0511832349,0.050509917898590856,-0.0006733170014091433
108930.00099999999,0.0511498787,0.050502703681523625,-0.000647175018476373
109010.00099999999,0.0511520989,0.0504954575702722,-0.0006566413297278001
109090.00099999999,0.0511558093,0.05048821589666231,-0.0006675934033376907
109170.00099999999,0.0511498787,0.050480986796736245,-0.0006688919032637533
109250.00099999999,0.0511832349,0.050473729711434476,-0.0007095051885655235
109330.001,0.0511624776,0.05047202013298134,-0.0006904574670186583
109410.001,0.0511491336,0.050470373417767694,-0.0006787601822323061
109490.001,0.0511513613,0.050468710453770466,-0.0006826508462295378
109570.001,0.0511380173,0.05046705518457009,-0.0006709621154299059
109650.001,0.0511231981,0.05046541076958114,-0.0006577873304188658
109730.001,0.0511357971,0.0504637473924481,-0.0006720497075519
109820.001,0.0511691459,0.05046186739445532,-0.0007072785055446743
109900.001,0.051135052,0.050460217944946456,-0.0006748340550535442
109980.001,0.0511424653,0.05045855530071239,-0.0006839099992876144
110060.001,0.0511120744,0.05045683947947569,-0.0006552349205243072
110140.001,0.0511372797,0.05045463297127603,-0.0006826467287239721
110220.001,0.0511172675,0.05045246230565662,-0.0006648051943433791
110300.001,0.0511313491,0.05045027142159825,-0.0006810776784017536
110380.001,0.0511046685,0.050448105430530216,-0.000656563069469783
110460.001,0.0511135571,0.05044590912152816,-0.0006676479784718387
110540.001,0.0511291213,0.05044371748134355,-0.0006854038186564493
110620.001,0.0510742776,0.0504415581543743,-0.0006327194456256999
110700.001,0.0511068888,0.05043934999946971,-0.0006675388005302901
110780.001,0.0511061512,0.05043716199865969,-0.0006689892013403073
110870.001,0.0511143021,0.05043426271334707,-0.0006800393866529322
110950.001,0.0510898419,0.050430747335522094,-0.0006590945644779078
111030.001,0.0510809459,0.05042722021728596,-0.0006537256827140389
111110.001,0.0510742776,0.05042369815685537,-0.0006505794431446305
111190.001,0.0510653816,0.05042017707143943,-0.0006452045285605737
111270.001,0.0510683469,0.05041663665591854,-0.0006517102440814562
111350.001,0.0510905795,0.05041308938923426,-0.0006774901107657397
111430.001,0.051050555,0.05040958030409651,-0.0006409746959034901
111510.001,0.0510513,0.05040604385025563,-0.0006452561497443735
111590.001,0.051060196,0.050402502006580904,-0.0006576939934190978
111670.001,0.0510438867,0.05039761103571647,-0.0006462756642835257
111750.001,0.0510727949,0.050390265729581524,-0.0006825291704184791
111830.001,0.051028315,0.050382960513455755,-0.0006453544865442432
111920.001,0.0510713123,0.050374693928784464,-0.0006966183712155335
112000.001,0.0510624163,0.05036736520546284,-0.0006950510945371649
112080.001,0.051024612,0.050360054155944314,-0.0006645578440556826
112160.001,0.0510120057,0.050352733083220365,-0.0006592726167796367
112240.001,0.0510305353,0.050345386188404076,-0.000685149111595923
112320.001,0.051050555,0.05033803619045539,-0.0007125188095446072
112400.001,0.0510498174,0.050330702766375704,-0.0007191146336242987
112480.001,0.051010523,0.050325409792232906,-0.0006851132077670963
112560.001,0.051037956,0.05032192261527753,-0.000716033384722474
112640.001,0.0510171987,0.05031846153814492,-0.0006987371618550828
112720.001,0.0509831049,0.05031501766630152,-0.0006680872336984819
112800.001,0.0510045998,0.05031152995375786,-0.0006930698462421434
112880.001,0.051019419,0.050308058181558216,-0.0007113608184417877
112960.001,0.051015716,0.05030458437658369,-0.0007111316234163154
113050.001,0.0510008894,0.05030068914699056,-0.0007002002530094378
113130.001,0.0509971865,0.050297214082647215,-0.0006999724173527844
113210.001,0.0509727262,0.050293754166162455,-0.0006789720338375438
113290.001,0.0509786569,0.0502885054324617,-0.0006901514675382997
113370.001,0.0509749465,0.05028243984595672,-0.0006925066540432803
113450.001,0.0509793945,0.05027634881174921,-0.0007030456882507891
113530.001,0.0509386323,0.0502702874842033,-0.0006683448157967023
113610.001,0.0509801395,0.05026417436205009,-0.0007159651379499074
113690.001,0.0509527139,0.05025812123116613,-0.000694592668833871
113770.001,0.0509482659,0.050252042340417497,-0.0006962235595825012
113850.001,0.0509660579,0.05024595051280179,-0.0007201073871982086
113930.001,0.0509482659,0.050239884223921644,-0.000708381676078354
114010.001,0.0509549342,0.05023379125570533,-0.0007211429442946712
114100.001,0.050930474,0.05022714577344008,-0.0007033282265599267
114180.001,0.0509015732,0.0502212932534119,-0.0006802799465880985
114260.001,0.0509082414,0.050215429807327024,-0.0006928115926729747
114340.001,0.0509037934,0.050209560905392886,-0.0006942324946071152
114420.001,0.0509163924,0.050203693959344806,-0.0007126984406551976
114500.001,0.0509230681,0.05019781577441845,-0.0007252523255815504
114580.001,0.0508934148,0.05019197657431053,-0.0007014382256894727
114660.001,0.0508993454,0.050186106658283526,-0.000713238741716471
114740.001,0.0508867465,0.05018024137099324,-0.0007065051290067667
114820.001,0.0508674793,0.05017438731865696,-0.0006930919813430345
114900.001,0.0508696996,0.05017925926209186,-0.0006904403379081395
114980.001,0.0508578382,0.05017320867541959,-0.000684629524580406
115060.001,0.0508748852,0.05016531081503673,-0.0007095743849632671
115150.001,0.050837826,0.05015647175268115,-0.000681354247318855
115230.001,0.050834123,0.0501485923141758,-0.0006855306858241997
115310.001,0.0508519076,0.050140707133011636,-0.0007112004669883668
115390.001,0.0508482046,0.050132811729106025,-0.0007153928708939772
115470.001,0.0508407913,0.05012494057667824,-0.0007158507233217606
115550.001,0.0508526526,0.050117049831845915,-0.0007356027681540839
115630.001,0.0508081801,0.05010919859830606,-0.0006989815016939446
115710.001,0.0508148484,0.050101258885325906,-0.0007135895146740956
115790.001,0.0508370884,0.050091498507449934,-0.0007455898925500665
115870.001,0.0508007668,0.05008177144380119,-0.0007189953561988136
115950.001,0.0508029945,0.05007202049079902,-0.0007309740092009756
116030.001,0.0507926159,0.05006228638801004,-0.0007303295119899592
116110.001,0.0507911332,0.05005254154081192,-0.0007385916591880759
116190.001,0.0507733412,0.050042798733777996,-0.0007305424662220061
116280.001,0.0507814996,0.050031832475532265,-0.0007496671244677372
116360.001,0.0507711209,0.05002208793099505,-0.0007490329690049494
116440.001,0.0507600047,0.050012341230186455,-0.0007476634698135448
116520.001,0.0507659353,0.05000339061699692,-0.0007625446830030816
116600.001,0.0507711209,0.049998100640152046,-0.0007730202598479549
116680.001,0.0507414751,0.04999282641248307,-0.0007486486875169299
116760.001,0.0507436953,0.04998752498298792,-0.0007561703170120837
116840.001,0.050745178,0.04998223253650901,-0.0007629454634909896
116920.001,0.0507051535,0.04997696183447625,-0.0007281916655237503
117000.001,0.0506962575,0.04997167010566224,-0.0007245873943377626
117080.001,0.0506999679,0.049966366692313705,-0.0007336012076862922
117160.001,0.0507051535,0.04996106647120638,-0.0007440870287936246
117240.001,0.0506881066,0.04995578028762227,-0.0007323263123777263
117330.001,0.0506710596,0.049948621443258484,-0.0007224381567415145
117410.001,0.0506844036,0.04993966151976958,-0.0007447420802304192
117490.001,0.0506970026,0.0499307177186431,-0.0007662848813568962
117570.001,0.0506895892,0.04992176560397084,-0.0007678235960291643
117650.001,0.050660681,0.04991284292604457,-0.0007478380739554258
117730.001,0.0506443791,0.04990391461705432,-0.0007404644829456797
117810.001,0.0506532677,0.04989495215062653,-0.0007583155493734658
117890.001,0.0506421514,0.049886010398145865,-0.0007561410018541367
117970.001,0.0506428964,0.04987705904237603,-0.0007658373576239705
118050.001,0.0506243668,0.04986811723776622,-0.0007562495622337809
118130.001,0.0506332554,0.04985868355956209,-0.0007745718404379084
118210.001,0.0505880453,0.04984843089039773,-0.0007396144096022753
118290.001,0.0505865626,0.04983813767497863,-0.0007484249250213695
118380.001,0.0505754463,0.049826559562003374,-0.0007488867379966263
118460.001,0.0505784117,0.049816275245301786,-0.0007621364546982132
118540.001,0.0505576544,0.04980599653116035,-0.0007516578688396489
118620.001,0.0505643301,0.04979570195138318,-0.0007686281486168206
118700.001,0.0505472831,0.049785408965172674,-0.0007618741348273256
118780.001,0.0505309738,0.04977512116914111,-0.0007558526308588873
118860.001,0.0505443178,0.04976481248459683,-0.0007795053154031686
118940.001,0.0505361594,0.049754369694544616,-0.0007817897054553866
119020.001,0.0505369045,0.049743769047655303,-0.0007931354523446968
119100.001,0.0505472831,0.04973318100302428,-0.0008141020969757232
119180.001,0.05049688,0.049722611380493456,-0.0007742686195065449
119260.001,0.0504805706,0.049712022023900876,-0.0007685485760991276
119340.001,0.0504761226,0.049701426714616886,-0.0007746958853831129
119420.001,0.0505072586,0.04969079727550905,-0.0008164613244909524
119510.001,0.05047464,0.04967889630420622,-0.0007957436957937783
119590.001,0.0504338779,0.04966831632127294,-0.0007655615787270573
119670.001,0.0504360981,0.04965771281544583,-0.0007783852845541714
119750.001,0.0504264645,0.04964643470741875,-0.0007800297925812452
119830.001,0.0504583381,0.04963477173601724,-0.0008235663639827584
119910.001,0.0504286923,0.04962314392951157,-0.0008055483704884278
119990.001,0.0504301749,0.049611496204900477,-0.0008186786950995228
120070.001,0.0503857024,0.04959987370218766,-0.0007858286978123449
120150.001,0.0504027493,0.04958822020854533,-0.0008145290914546716
120230.001,0.0503745861,0.04957657710744888,-0.0007980089925511205
120310.001,0.0503597595,0.04956493798920086,-0.0007948215107991333
120390.001,0.0503664277,0.04955328409508106,-0.0008131436049189436
120470.001,0.0503745861,0.04954162061050205,-0.0008329654894979471
120560.001,0.0503590144,0.04953055274588614,-0.0008284616541138559
120640.001,0.0503271483,0.049521429944846304,-0.000805718355153695
120720.001,0.0503441952,0.04951229818654271,-0.000831897013457289
120800.001,0.050310839,0.04950318840425984,-0.0008076505957401656
120880.001,0.0503182523,0.04949404426451506,-0.0008242080354849413
120960.001,0.0502856411,0.049484924318438026,-0.0008007167815619748
121040.001,0.0502989776,0.049475783779633145,-0.0008231938203668576
121120.001,0.0502752624,0.049466658606653564,-0.0008086037933464352
121200.001,0.0502878614,0.049457515686289075,-0.0008303457137109269
121280.001,0.0502478369,0.04944840073726276,-0.0007994361627372409
121360.001,0.0502648838,0.049436306955477294,-0.0008285768445227062
121440.001,0.050227087,0.049423642831681894,-0.0008034441683181029
121520.001,0.0502189286,0.049410933239230195,-0.0008079953607698018
121610.001,0.050204847,0.049396644318607116,-0.0008082026813928805
121690.001,0.0501915105,0.04938394221465815,-0.0008075682853418489
121770.001,0.0501840971,0.04937123907434129,-0.0008128580256587109
121850.001,0.0501826145,0.049358520460011046,-0.000824094039988954
121930.001,0.0501944758,0.04934580610376901,-0.0008486696962309859
122010.001,0.0501944758,0.04933308403524512,-0.0008613917647548805
122090.001,0.0501633398,0.049320381003232425,-0.0008429587967675733
122170.001,0.050124798,0.049305036592822565,-0.0008197614071774328
122250.001,0.0501544513,0.04928955948950338,-0.0008648918104966208
122330.001,0.0501218326,0.04927410665452489,-0.0008477259454751085
122410.001,0.050103303,0.0492586570443804,-0.0008446459556196023
122490.001,0.050098855,0.0492431827558267,-0.0008556722441732945
122570.001,0.0500914492,0.04922771722404913,-0.0008637319759508683
122650.001,0.0500944145,0.04921225230361481,-0.0008821621963851847
122740.001,0.0500617959,0.04919485964568379,-0.0008669362543162057
122820.001,0.0500692092,0.04917937336524235,-0.0008898358347576504
122900.001,0.0500758849,0.04916420822082171,-0.0009116766791782902
122980.001,0.050041046,0.04915156799565944,-0.0008894780043405617
123060.001,0.0500417836,0.04913891625854977,-0.0009028673414502308
123140.001,0.0500121377,0.04912627596212464,-0.0008858617378753597
123220.001,0.0500247367,0.049113603016881266,-0.0009111336831187367
123300.001,0.0500099175,0.049100954461084395,-0.0009089630389156056
123380.001,0.0499595143,0.04908832020085934,-0.0008711940991406597
123460.001,0.0499595143,0.0490756668179405,-0.0008838474820595035
123540.001,0.0499402396,0.049063014982696704,-0.0008772246173032947
123620.001,0.0499328338,0.04905034912211878,-0.0008824846778812193
123700.001,0.0499580316,0.04903754685144342,-0.000920484748556584
123790.001,0.0498957746,0.04902233183515747,-0.0008734427648425247
123870.001,0.0499246754,0.049008760536958657,-0.0009159148630413436
123950.001,0.0499076284,0.048995197194646886,-0.0009124312053531147
124030.001,0.0498972572,0.04898164863792518,-0.0009156085620748225
124110.001,0.0498713143,0.04896810782349051,-0.0009032064765094883
124190.001,0.0498668663,0.04895453923242036,-0.0009123270675796408
124270.001,0.0498342551,0.04894099246984951,-0.0008932626301504931
124350.001,0.0498268418,0.04892742599184381,-0.0008994158081561884
124430.001,0.0497942306,0.04891388021998089,-0.0008803503800191154
124510.001,0.0498031192,0.04890180802753362,-0.0009013111724663833
124590.001,0.0497816242,0.04889383867097927,-0.000887785529020732
124670.001,0.0498023815,0.04888584583181676,-0.000916535668183241
124750.001,0.0497964509,0.04887786953126881,-0.0009185813687311861
124840.001,0.0497430749,0.0488689271727801,-0.0008741477272199011
124920.001,0.0497430749,0.04886093854734946,-0.0008821363526505463
125000.001,0.0497045331,0.04885297915108799,-0.0008515539489120164
125080.001,0.0496993475,0.04883694622487154,-0.0008624012751284604
125160.001,0.0496934168,0.04881860668494902,-0.0008748101150509793
125240.001,0.0497067608,0.048800258929972126,-0.0009065018700278732
125320.001,0.0496630259,0.04878195856120669,-0.0008810673387933052
125400.001,0.0496578403,0.04876361172680332,-0.0008942285731966815
125480.001,0.0496474616,0.04874528275128341,-0.0009021788487165866
125560.001,0.0496170782,0.048726964973764234,-0.0008901132262357642
125640.001,0.0496407934,0.04870859998540365,-0.0009321934145963481
125720.001,0.0496281944,0.04869026698813194,-0.0009379274118680586
125800.001,0.0495733432,0.04867195769938204,-0.0009013855006179614
125880.001,0.0495985486,0.04865499949220201,-0.0009435491077979877
125970.001,0.0495829843,0.04863637228980204,-0.00094661201019796
126050.001,0.0495436974,0.04861983654200651,-0.0009238608579934943
126130.001,0.0495192371,0.048603281617105205,-0.0009159554828947966
126210.001,0.0495103411,0.04858671821547833,-0.0009236228845216701
126290.001,0.0495207198,0.048570125881724345,-0.0009505939182756565
126370.001,0.0495066382,0.048553564590875536,-0.0009530736091244649
126450.001,0.0494858809,0.0485369964969455,-0.0009488844030545035
126530.001,0.0494362228,0.04852045550433479,-0.0009157672956652055
126610.001,0.0494414158,0.04850387185997891,-0.0009375439400210878
126690.001,0.0494073145,0.04848439425932023,-0.0009229202406797685
126770.001,0.0493961982,0.04846471076409058,-0.0009314874359094213
126850.001,0.0493784137,0.0484450245755569,-0.0009333891244431014
126930.001,0.0493554361,0.048425331931675086,-0.0009301041683249106
127020.001,0.0493658073,0.048403149396775244,-0.0009626579032247576
127100.001,0.0493546911,0.048383443375548174,-0.0009712477244518264
127180.001,0.0493346788,0.04836374609834043,-0.0009709327016595645
127260.001,0.0492998473,0.04834405664007871,-0.0009557906599212893
127340.001,0.049305778,0.048324349699188245,-0.000981428300811757
127420.001,0.0492983647,0.048304823006875816,-0.0009935416931241836
127500.001,0.0492724217,0.04828780089804252,-0.0009846208019574781
127580.001,0.0492449962,0.04827076699972538,-0.0009742292002746233
127660.001,0.049207937,0.048253751700011435,-0.000954185299988565
127740.001,0.0492427759,0.048236678808063774,-0.001006097091936227
127820.001,0.049212385,0.048219634120744044,-0.0009927508792559533
127900.001,0.0492020063,0.04820259013153499,-0.0009994161684650088
127980.001,0.0491730981,0.048185546391131845,-0.0009875517088681549
128070.001,0.0491308533,0.04816638920798902,-0.0009644640920109804
128150.001,0.0491360389,0.04814932343072181,-0.0009867154692781849
128230.001,0.0491189919,0.04813048615280151,-0.0009885057471984912
128310.001,0.0491078757,0.04810489139193441,-0.0010029843080655854
128390.001,0.0490915664,0.04807929881703845,-0.0010122675829615513
128470.001,0.0490537696,0.04805372220249961,-0.0010000473975003907
128550.001,0.0490463562,0.04802812808956186,-0.0010182281104381408
128630.001,0.0490293093,0.048002536565195625,-0.0010267727348043723
128710.001,0.0489878021,0.04797696316738163,-0.0010108389326183714
128790.001,0.0489803888,0.047951347726789315,-0.0010290410732106889
128870.001,0.0489507429,0.04792576246728682,-0.0010249804327131795
128950.001,0.0489507429,0.04790014380030673,-0.0010505990996932668
129030.001,0.0489514805,0.047876362545316284,-0.0010751179546837145
129110.001,0.0488877408,0.047859027987906116,-0.0010287128120938863
129200.001,0.0488692112,0.047839484418813,-0.0010297267811869987
129280.001,0.0488870032,0.047822087698627155,-0.0010649155013728456
129360.001,0.0488706939,0.0478047123404145,-0.0010659815595854966
129440.001,0.0488017611,0.04778737374590862,-0.0010143873540913798
129520.001,0.0488099195,0.047769978258318496,-0.0010399412416815038
129600.001,0.0487861969,0.04775259840087166,-0.0010335984991283395
129680.001,0.0487936102,0.047735199578104084,-0.0010584106218959125
129760.001,0.0487617366,0.047717816148059915,-0.0010439204519400863
129840.001,0.0487165265,0.04769851616669808,-0.0010180103333019205
129920.001,0.0486935489,0.047675709275684056,-0.0010178396243159457
130000.001,0.0486713164,0.04765290565607788,-0.0010184107439221157
130080.001,0.0486364774,0.04763010539232851,-0.0010063720076714938
130160.001,0.0486364774,0.0476072823069215,-0.0010291950930784999
130250.001,0.0486690886,0.04758159968402604,-0.001087488915973961
130330.001,0.0485875569,0.047558800537030016,-0.0010287563629699861
130410.001,0.0485890396,0.04753598068210846,-0.001053058917891543
130490.001,0.0485645793,0.0475131596040433,-0.0010514196959566999
130570.001,0.0485349335,0.04749032545132404,-0.0010446080486759615
130650.001,0.0485223345,0.047464990329339124,-0.001057344170660876
130730.001,0.0485230722,0.04743711948779411,-0.0010859527122058926
130810.001,0.048491206,0.047409251357182124,-0.0010819546428178783
130890.001,0.0484800823,0.04738137500426118,-0.0010987072957388197
130970.001,0.0484519191,0.047353499909076016,-0.0010984191909239813
131050.001,0.0484237485,0.047325617557314625,-0.001098130942685377
131130.00100000002,0.0483814962,0.04729775095786053,-0.0010837452421394653
131210.00100000002,0.0483555607,0.047269882468651506,-0.0010856782313484956
131300.00100000002,0.0483852066,0.047238467752819834,-0.0011467388471801676
131380.00100000002,0.0483496301,0.04721058527318238,-0.00113904482681762
131460.00100000002,0.0482784696,0.04718533545264248,-0.0010931341473575176
131540.00100000002,0.0482918136,0.04716158359581524,-0.0011302300041847596
131620.00100000002,0.0482436381,0.047137853865106535,-0.0011057842348934643
131700.00100000002,0.0482503064,0.04711409637794446,-0.0011362100220555366
131780.00100000002,0.0482080616,0.04709035601353595,-0.0011177055864640476
131860.00100000002,0.0482036136,0.04706659455388319,-0.0011370190461168078
131940.00100000002,0.0481769331,0.047042856165213295,-0.0011340769347867041
132020.00100000002,0.0481502451,0.04701908662616487,-0.001131158473835131
132100.00100000002,0.0481339432,0.0469953358197486,-0.0011386073802513996
132180.00100000002,0.0481131859,0.04697156208240462,-0.0011416238175953816
132260.00100000002,0.0480709411,0.04695858352721578,-0.0011123575727842172
132340.00100000002,0.0480457358,0.04694821298561926,-0.00109752281438074
132430.00100000002,0.0480175726,0.04691337192849108,-0.0011042006715089245
132510.00100000002,0.0479775481,0.04688241938999924,-0.0010951287100007603
132590.00100000002,0.047990147,0.04685142685687608,-0.0011387201431239183
132670.00100000002,0.0479264073,0.04682048201391978,-0.0011059252860802227
132750.00100000002,0.0479508676,0.04678947934823832,-0.0011613882517616803
132830.00100000002,0.0478989817,0.04675852307434747,-0.0011404586256525337
132910.00100000002,0.0478678532,0.04672755367173847,-0.0011402995282615291
132990.00100000002,0.0478463583,0.04669658005295597,-0.0011497782470440351
133070.00100000002,0.0478470959,0.04666556231781531,-0.0011815335821846878
133150.00100000002,0.0477989204,0.04663500556853797,-0.0011639148314620332
133230.00100000002,0.0477759428,0.046605504062644854,-0.001170438737355145
133310.00100000002,0.0477626063,0.04657598072346672,-0.001186625576533283
133390.00100000002,0.047755193,0.046546457742774605,-0.0012087352572253962
133480.00100000002,0.0477129407,0.04651325277755582,-0.0011996879224441745
133560.00100000002,0.0476929285,0.046483738956301424,-0.0012091895436985786
133640.00100000002,0.0476254784,0.04645424227819885,-0.0011712361218011447
133720.00100000002,0.0476225205,0.04642470625779896,-0.0011978142422010424
133800.00100000002,0.0476032458,0.046395167865171186,-0.0012080779348288134
133880.00100000002,0.047569152,0.046365649763702416,-0.0012035022362975878
133960.00100000002,0.0475172661,0.04633418803178613,-0.0011830780682138692
134040.00100000002,0.0475268997,0.046299885429377546,-0.0012270142706224535
134120.00100000002,0.0474876203,0.0462656024260109,-0.0012220178739890952
134200.00100000002,0.0474357344,0.046231327673596764,-0.0012044067264032343
134280.00100000002,0.0474283211,0.04619703069850069,-0.001231290401499309
134360.00100000002,0.047396455,0.0461627326285752,-0.0012337223714248002
134440.00100000002,0.0473564304,0.0461284368803897,-0.0012279935196103028
134530.00100000002,0.0473445691,0.0460898409159097,-0.0012547281840902952
134610.00100000002,0.0473282598,0.046055530042065015,-0.0012727297579349858
134690.00100000002,0.0472711883,0.04602122907537304,-0.0012499592246269647
134770.00100000002,0.0472534038,0.04598724823673728,-0.001266155563262726
134850.00100000002,0.0472163446,0.0459535208081526,-0.0012628237918474033
134930.00100000002,0.047188919,0.04591979430491881,-0.0012691246950811905
135010.00100000002,0.0471652038,0.045886064466475404,-0.0012791393335245954
135090.00100000002,0.0471348129,0.045852333108718044,-0.0012824797912819597
135170.00100000002,0.0471118353,0.04581859858771328,-0.0012932367122867189
135250.00100000002,0.0470673554,0.04578486863146579,-0.0012824867685342078
135330.00100000002,0.0470354818,0.04575113264077733,-0.0012843491592226738
135410.00100000002,0.0470169522,0.045717375802482405,-0.001299576397517599
135490.00100000002,0.0469821207,0.04568362873747271,-0.0012984919625272859
135570.00100000002,0.0469583981,0.045671354358260835,-0.0012870437417391647
135660.00100000002,0.046913188,0.0456357884013652,-0.0012773995986348
135740.00100000002,0.0468835421,0.04559624424012966,-0.0012872978598703413
135820.00100000002,0.0468590818,0.045556694202835715,-0.0013023875971642854
135900.00100000002,0.0468175747,0.04551714415345556,-0.00130043054654444
135980.00100000002,0.0467842184,0.0454775949779612,-0.0013066234220387996
136060.00100000002,0.0467508696,0.04543803098230771,-0.0013128386176922899
136140.00100000002,0.0467256643,0.0453984578890218,-0.0013272064109782003
136220.00100000002,0.0466819368,0.045358901678159244,-0.001323035121840753
136300.00100000002,0.0466671102,0.04531931608629354,-0.0013477941137064603
136380.00100000002,0.0466374643,0.0452797396051619,-0.0013577246948381014
136460.00100000002,0.0465848409,0.045239348240998026,-0.0013454926590019747
136540.00100000002,0.0465351827,0.04519888938747227,-0.0013362933125277282
136620.00100000002,0.0465292521,0.04515838871126611,-0.0013708633887338922
136710.00100000002,0.0464758836,0.045112854703986155,-0.0013630288960138418
136790.00100000002,0.046439562,0.045072377117463945,-0.0013671848825360516
136870.00100000002,0.0464173295,0.04503188027406298,-0.001385449225937023
136950.00100000002,0.0463973172,0.044991377298649965,-0.0014059399013500382
137030.00100000002,0.0463283844,0.04495090370686618,-0.0013774806931338215
137110.00100000002,0.0463224538,0.04491037364461773,-0.0014120801553822726
137190.00100000002,0.0462705754,0.044869591776025605,-0.0014009836239743945
137270.00100000002,0.0462268405,0.04482440744473557,-0.0014024330552644265
137350.00100000002,0.046187561,0.044779224536026785,-0.001408336463973217
137430.00100000002,0.046169769,0.0447340167131883,-0.0014357522868116979
137510.00100000002,0.0461134426,0.044688838591912805,-0.0014246040080871936
137590.00100000002,0.0460615493,0.04464365252147158,-0.0014178967785284172
137670.00100000002,0.0460526533,0.044598431678494616,-0.0014542216215053874
137760.00100000002,0.0460118912,0.044547560425496416,-0.001464330774503586
137840.00100000002,0.0459770523,0.044502349520771776,-0.001474702779228225
137920.00100000002,0.0459296219,0.044457146390809055,-0.0014724755091909472
138000.00100000002,0.0458747707,0.04441198918014397,-0.0014627815198560296
138080.00100000002,0.0458310433,0.044367045231766274,-0.0014639980682337253
138160.00100000002,0.0458169542,0.04432206115813106,-0.001494893041868943
138240.00100000002,0.0457435735,0.04427713380746353,-0.0014664396925364725
138320.00100000002,0.0457250439,0.04423214912458589,-0.0014928947754141095
138400.00100000002,0.0456813164,0.04418717236283293,-0.0014941440371670708
138480.00100000002,0.0456227623,0.044142218450893986,-0.0014805438491060155
138560.00100000002,0.0456146114,0.04409720720270516,-0.0015174041972948402
138640.00100000002,0.0455434509,0.04405225134452915,-0.0014911995554708485
138720.00100000002,0.0455026887,0.04400726469668627,-0.0014954240033137334
138800.00100000002,0.0454826765,0.043957499524294424,-0.001525176975705575
138890.00100000002,0.0453989245,0.043897666618892606,-0.0015012578811073943
138970.00100000002,0.0453588925,0.0438444498296115,-0.0015144426703884994
139050.00100000002,0.045323316,0.043791233785823044,-0.001532082214176958
139130.00100000002,0.0452944078,0.043737997531916914,-0.0015564102680830846
139210.00100000002,0.0452788435,0.04368474211879671,-0.0015941013812032917
139290.00100000002,0.0452024974,0.043631527519053526,-0.001570969880946474
139370.00100000002,0.0451832302,0.043578264314694706,-0.0016049658853052942
139450.00100000002,0.0451061465,0.043525035925577604,-0.0015811105744223952
139530.00100000002,0.0450461097,0.04347180590274174,-0.0015743037972582655
139610.00100000002,0.0450461097,0.04341829919738599,-0.0016278105026140133
139690.00100000002,0.04496013,0.04336477832647538,-0.0015953516735246198
139770.00100000002,0.0449497513,0.0433111792383052,-0.0016385720616948
139850.00100000002,0.0448860116,0.043257612512919014,-0.001628399087080984
139940.00100000002,0.0448104106,0.04319735327767571,-0.0016130573223242933
140020.00100000002,0.0447852127,0.04314376603340355,-0.0016414466665964494
140100.00100000002,0.0447140522,0.043090201908033136,-0.0016238502919668635
140180.00100000002,0.0447021984,0.04303657905819876,-0.0016656193418012402
140260.00100000002,0.0446273349,0.04298300407787582,-0.0016443308221241806
140340.00100000002,0.0445984267,0.04292937941474162,-0.0016690472852583793
140420.00100000002,0.0445546918,0.04287419450911297,-0.0016804972908870258
140500.00100000002,0.0444701947,0.04281873523682123,-0.0016514594631787671
140580.00100000002,0.0444361009,0.04276325006098672,-0.001672850839013279
140660.00100000002,0.0444012694,0.04270776991262617,-0.0016934994873738299
140740.00100000002,0.0443612449,0.04265224880324986,-0.00170899609675014
140820.00100000002,0.0442900918,0.042596771242069356,-0.0016933205579306443
140900.00100000002,0.0442478396,0.04254125189615772,-0.0017065877038422786
140990.00100000002,0.0441663079,0.042478825471376644,-0.0016874824286233561
141070.00100000002,0.044145558,0.04242327568065221,-0.0017222823193477899
141150.00100000002,0.0440996028,0.04236773746822363,-0.0017318653317763694
141230.00100000002,0.0440462343,0.04230789652931641,-0.0017383377706835929
141310.00100000002,0.0439795218,0.04224792357249764,-0.001731598227502358
141390.00100000002,0.0439246781,0.04218794607269273,-0.0017367320273072723
141470.00100000002,0.0438631587,0.04212795878754768,-0.0017351999124523218
141550.00100000002,0.043839436,0.042067936667514745,-0.0017714993324852574
141630.00100000002,0.0437519811,0.04200796918472899,-0.0017440119152710085
141710.00100000002,0.0436949097,0.04194795006894786,-0.0017469596310521404
141790.00100000002,0.0436304249,0.04188793917948515,-0.0017424857205148511
141870.00100000002,0.0436007716,0.04182789246270873,-0.0017728791372912667
141950.00100000002,0.0435555615,0.04176616185407047,-0.0017893996459295292
142030.00100000002,0.0435036756,0.041698603558060196,-0.0018050720419398036
142120.00100000002,0.0434480868,0.04162259276362802,-0.0018254940363719788
142200.00100000002,0.0433547013,0.041555073158745195,-0.001799628141254804
142280.00100000002,0.0433183797,0.041487480957307955,-0.0018308987426920442
142360.00100000002,0.0432613082,0.04141991101983014,-0.0018413971801698598
142440.00100000002,0.0432123877,0.04135232488755022,-0.0018600628124497837
142520.00100000002,0.0431582816,0.04128472478079957,-0.0018735568192004282
142600.00100000002,0.0430745222,0.04121713909675384,-0.0018573831032461588
142680.00100000002,0.043028567,0.04114951829189474,-0.0018790487081052562
142760.00100000002,0.0429396294,0.04108070226290742,-0.0018589271370925767
142840.00100000002,0.0429077558,0.04100956210532963,-0.0018981936946703692
142920.00100000002,0.0428343751,0.040938455159163334,-0.0018959199408366684
143000.00100000002,0.0427669324,0.04086733360605793,-0.0018995987939420672
143080.00100000002,0.0427231975,0.040796191195851275,-0.001927006304148722
143170.00100000002,0.042675022,0.04071612015791483,-0.0019589018420851714
143250.00100000002,0.0426090546,0.040644973745222385,-0.0019640808547776167
143330.00100000002,0.0425378941,0.04057379508556829,-0.0019640990144317097
143410.00100000002,0.0424533971,0.04050264575633507,-0.0019507513436649304
143490.00100000002,0.0424096696,0.0404314557709258,-0.0019782138290741977
143570.00100000002,0.0423481502,0.04035956030153281,-0.0019885898984671885
143650.00100000002,0.0422784798,0.040286955797114804,-0.0019915240028851935
143730.00100000002,0.0422206633,0.04021433137458213,-0.0020063319254178744
143810.00100000002,0.0421554409,0.04014169597104386,-0.002013744928956139
143890.00100000002,0.0420598276,0.04006909043654425,-0.0019907371634557552
143970.00100000002,0.0420161001,0.0399964343605594,-0.002019665739440603
144050.00100000002,0.0419790335,0.0399237313216433,-0.0020553021783566994
144130.00100000002,0.0418715663,0.03985110045865198,-0.002020465841348025
144220.00100000002,0.0418196805,0.03976930021901677,-0.0020503802809832272
144300.00100000002,0.0417322181,0.03969663547618027,-0.002035582623819733
144380.00100000002,0.041673664,0.03962092462827685,-0.00205273937172315
144460.00100000002,0.0416217782,0.03954329978494111,-0.0020784784150588917
144540.00100000002,0.0415395088,0.039465682761086925,-0.002073826038913075
144620.00100000002,0.0414868779,0.039388037096117594,-0.0020988408038824027
144700.00100000002,0.041420918,0.03931038666091771,-0.002110531339082289
144780.00100000002,0.0413675494,0.03923270942193877,-0.0021348399780612287
144860.00100000002,0.0412615575,0.03915508135656687,-0.0021064761434331294
144940.00100000002,0.041208189,0.03907739332369141,-0.0021307956763085903
145020.00100000002,0.0411296226,0.038999704087617645,-0.0021299185123823533
145100.00100000002,0.0410695858,0.038921985367410136,-0.002147600432589866
145180.00100000002,0.0409954675,0.03884398340638169,-0.0021514840936183097
145260.00100000002,0.0409020744,0.038765835621365735,-0.002136238778634267
145350.00100000002,0.0408338867,0.038677866186351106,-0.002156020513648896
145430.00100000002,0.040770147,0.03859658066609556,-0.0021735663339044406
145510.00100000002,0.0406693406,0.03851008479153531,-0.00215925580846469
145590.00100000002,0.0406315438,0.03842351732042627,-0.0022080264795737298
145670.00100000002,0.0405433364,0.0383369607633611,-0.002206375636638898
145750.00100000002,0.0404551364,0.038250447323149646,-0.002204689076850355
145830.00100000002,0.0403765701,0.03816388988589314,-0.002212680214106859
145910.00100000002,0.0403128229,0.03807728042275842,-0.0022355424772415866
145990.00100000002,0.0402350016,0.03799069548190157,-0.0022443061180984283
146070.00100000002,0.0401719995,0.03790404046708132,-0.0022679590329186816
146150.00100000002,0.0400734209,0.03781744470926822,-0.0022559761907317774
146230.00100000002,0.0400222726,0.03772938480560814,-0.0022928877943918582
146310.00100000002,0.0399555676,0.0376389979515266,-0.0023165696484733975
146400.00100000002,0.0398480929,0.03753731552451229,-0.0023107773754877103
146480.00100000002,0.0397739746,0.03744692497293556,-0.0023270496270644397
146560.00100000002,0.0396650173,0.03735654555686416,-0.002308471743135844
146640.00100000002,0.039587196,0.03726611213252226,-0.002321083867477737
146720.00100000002,0.0395330824,0.037175635892158714,-0.002357446507841289
146800.00100000002,0.0394211672,0.03708520398096959,-0.0023359632190304153
146880.00100000002,0.0393448211,0.03699472148392042,-0.0023500996160795845
146960.00100000002,0.0392669924,0.036904216797443753,-0.0023627756025562455
147040.00100000002,0.039189171,0.036808718864581445,-0.0023804521354185565
147120.00100000002,0.0391076393,0.03670825107223333,-0.002399388227766669
147200.00100000002,0.0390298106,0.03660773499769504,-0.0024220756023049586
147280.00100000002,0.0389505066,0.036507241287083644,-0.0024432653129163526
147360.00100000002,0.0388578586,0.036406703337587054,-0.002451155262412949
147450.00100000002,0.0387585349,0.036293619432560015,-0.0024649154674399876
147530.00100000002,0.038670335,0.0361930644742275,-0.0024772705257724986
147610.00100000002,0.0385821275,0.03609247391512982,-0.0024896535848701815
147690.00100000002,0.0384991132,0.035991879529473615,-0.002507233670526382
147770.00100000002,0.0384205468,0.035891236070049216,-0.0025293107299507803
147850.00100000002,0.0383479111,0.035795397858261094,-0.002552513241738906
147930.00100000002,0.0382359959,0.03570242478961662,-0.0025335711103833813
148010.00100000002,0.0381062813,0.03560941355349739,-0.0024968677465026096
148090.00100000002,0.0380766355,0.035516330815244176,-0.002560304684755821
148170.00100000002,0.0379535966,0.03542329081210022,-0.0025303057878997837
148250.00100000002,0.0378913321,0.03533007561686277,-0.0025612564831372295
148330.00100000002,0.0377897881,0.03522063568363849,-0.002569152416361506
148410.00100000002,0.0376845412,0.03511119236602915,-0.002573348833970847
148490.00100000002,0.0375844799,0.03500171014031457,-0.0025827697596854313
148580.00100000002,0.0375088789,0.03487847995971058,-0.0026303989402894218
148660.00100000002,0.0374117829,0.034768931853227984,-0.0026428510467720184
148740.00100000002,0.0372998603,0.03465937347872368,-0.002640486821276322
148820.00100000002,0.0371916406,0.034549803522921065,-0.0026418370770789346
148900.00100000002,0.0371353142,0.03444014941759621,-0.0026951647824037875
148980.00100000002,0.0370122753,0.03433053065625813,-0.002681744643741872
149060.00100000002,0.0369181447,0.034220323293583904,-0.0026978214064160982
149140.00100000002,0.0368373506,0.0341066631745964,-0.0027306874254035968
149220.00100000002,0.0367195047,0.03399304843509436,-0.002726456264905641
149300.00100000002,0.0366572402,0.0338793209952613,-0.002777919204738702
149380.00100000002,0.0365527384,0.03376559780107154,-0.002787140598928463
149460.00100000002,0.036451932,0.03365185936672374,-0.0028000726332762585
149540.00100000002,0.0363414921,0.03353810184222624,-0.0028033902577737566
149630.00100000002,0.0362473615,0.033410046813202816,-0.002837314686797182
149710.00100000002,0.0361169092,0.03329623242948998,-0.002820676770510018
149790.00100000002,0.0360035039,0.033182378839538534,-0.002821125060461463
149870.00100000002,0.0359012224,0.03306576636372949,-0.0028354560362705145
149950.00100000002,0.0358122773,0.03294144781496557,-0.0028708294850344276
150030.00100000002,0.0357159264,0.0328170853660074,-0.0028988410339925996
150110.00100000002,0.0356180854,0.03269270331967279,-0.0029253820803272074
150190.00100000002,0.0354654007,0.032568343063735544,-0.0028970576362644523
150270.00100000002,0.0353935026,0.03244388293316609,-0.002949619666833908
150350.00100000002,0.0352756493,0.03231940240367609,-0.0029562468963239136
150430.00100000002,0.0351748504,0.03219485983459086,-0.002979990565409138
150510.00100000002,0.0350614451,0.03207030850804153,-0.0029911365919584668
150590.00100000002,0.0349702798,0.0319456880377168,-0.003024591762283195
150680.00100000002,0.0348442756,0.03180699989404062,-0.0030372757059593802
150760.00100000002,0.0347323529,0.03168628168805481,-0.003046071211945188
150840.00100000002,0.0346211754,0.03156550406426791,-0.003055671335732091
150920.00100000002,0.0345048048,0.03144469053108607,-0.0030601142689139285
151000.00100000002,0.0343602784,0.03132388580655067,-0.00303639259344933
151080.00100000002,0.034255024,0.03120297875901345,-0.0030520452409865534
151160.00100000002,0.0341379158,0.031072082162652184,-0.0030658336373478173
151240.00100000002,0.0340348892,0.030925558609772835,-0.003109330590227166
151320.00100000002,0.0339370556,0.030778966197898494,-0.0031580894021015077
151400.00100000002,0.0338303186,0.030632335552423277,-0.003197983047576722
151480.00100000002,0.0336798541,0.030485692154711103,-0.0031941619452889
151560.00100000002,0.033567939,0.030338987754720437,-0.0032289512452795613
151640.00100000002,0.0334612019,0.03019219073006052,-0.0032690111699394814
151720.00100000002,0.0333211161,0.03004540481976687,-0.003275711280233129
151810.00100000002,0.033178065,0.029880195126487697,-0.0032978698735123026
151890.00100000002,0.0330513231,0.029733264246381667,-0.0033180588536183345
151970.00100000002,0.0329623781,0.029586664696881988,-0.0033757134031180136
152050.00100000002,0.0328348912,0.029440400773425836,-0.003394490426574165
152130.00100000002,0.0326799788,0.0292941661229457,-0.0033858126770543034
152210.00100000002,0.0325747319,0.02914778999994453,-0.0034269419000554704
152290.00100000002,0.0324665196,0.0290013326636165,-0.0034651869363835006
152370.00100000002,0.032354597,0.028854839790773287,-0.0034997572092267115
152450.00100000002,0.0322063603,0.02870830146146975,-0.0034980588385302505
152530.00100000002,0.0320381038,0.028561729374125638,-0.0034763744258743644
152610.00100000002,0.0319313742,0.0284149845221199,-0.003516389677880101
152690.00100000002,0.0318046324,0.028268224996633923,-0.003536407403366075
152770.00100000002,0.0316474997,0.02811345811951211,-0.0035340415804878886
152860.00100000002,0.0315207504,0.02793098745693138,-0.0035897629430686195
152940.00100000002,0.0313636176,0.027768759428404233,-0.0035948581715957648
153020.00100000002,0.0312220473,0.027606432069711195,-0.0036156152302888045
153100.00100000002,0.0310930815,0.027443980200222873,-0.0036491012997771285
153180.00100000002,0.0309796762,0.02728141376146087,-0.0036982624385391294
153260.00100000002,0.0308180992,0.027118854944623454,-0.003699244255376547
153340.00100000002,0.0306846816,0.026956138525095007,-0.0037285430749049928
153420.00100000002,0.0305453371,0.02679332835456555,-0.0037520087454344514
153500.00100000002,0.0303785708,0.02663047488109918,-0.00374809591890082
153580.00100000002,0.0302458908,0.02647333691055134,-0.003772553889448662
153660.00100000002,0.0300924648,0.026319268848739225,-0.003773195951260775
153740.00100000002,0.0299805459,0.026155240537643926,-0.0038253053623560733
153820.00100000002,0.0298100729,0.025976516416097925,-0.0038335564839020765
153910.00100000002,0.0296521951,0.025775224028422077,-0.003876971071577924
153990.00100000002,0.0295150746,0.025596176471524998,-0.003918898128475002
154070.00100000002,0.0293394085,0.02541704511753279,-0.003922363382467212
154150.00100000002,0.0292393472,0.025237689463689178,-0.0040016577363108236
154230.00100000002,0.0290599782,0.02505830104261946,-0.004001677157380538
154310.00100000002,0.0289006215,0.024878779040259792,-0.004021842459740209
154390.00100000002,0.0287471954,0.024699111507191736,-0.004048083892808266
154470.00100000002,0.028590804,0.024519301081407756,-0.004071502918592245
154550.00100000002,0.0284351502,0.024337098994788788,-0.004098051205211211
154630.00100000002,0.0282846894,0.024152730278458913,-0.004131959121541087
154710.00100000002,0.0281275567,0.02396820859638718,-0.00415934810361282
154790.00100000002,0.0279807989,0.023783494714611164,-0.004197304185388835
154870.00100000002,0.0277947579,0.02359870180403239,-0.004196056095967612
154950.00100000002,0.0276354011,0.023413652375404704,-0.004221748724595294
155040.00100000002,0.0274493601,0.023205286639963567,-0.0042440734600364335
155120.00100000002,0.0272981543,0.023019858024865947,-0.004278296275134052
155200.00100000002,0.0271365773,0.022834197967873275,-0.004302379332126724
155280.00100000002,0.026949795,0.022648380635676785,-0.004301414364323214
155360.00100000002,0.0267859902,0.022453180439662337,-0.004332809760337661
155440.00100000002,0.0266066212,0.02225288329597241,-0.004353737904027589
155520.00100000002,0.0264746863,0.022052259941203353,-0.004422426358796649
155600.00100000002,0.0262589995,0.021851526620779695,-0.004407472879220307
155680.00100000002,0.0261203963,0.021650400569670207,-0.004469995730329794
155760.00100000002,0.025933614,0.021449097812640393,-0.004484516187359608
155840.00100000002,0.025758693,0.021247476369629217,-0.004511216630370782
155920.00100000002,0.0255822893,0.02104553365586779,-0.004536755644132213
156000.00100000002,0.0254177433,0.020843267456732015,-0.004574475843267985
156090.00100000002,0.0252109487,0.020609349098125562,-0.004601599601874437
156170.00100000002,0.0250338037,0.02038498712899353,-0.004648816571006468
156250.00100000002,0.0248633306,0.020160188905250294,-0.004703141694749707
156330.00100000002,0.0247128662,0.019935011851206677,-0.004777854348793322
156410.00100000002,0.0245260876,0.01970943264538278,-0.004816654954617219
156490.00100000002,0.0243400428,0.0194834152047499,-0.004856627595250098
156570.00100000002,0.0241480749,0.019256963950603834,-0.0048911109493961664
156650.00100000002,0.0239716712,0.01903000232352374,-0.004941668876476259
156730.00100000002,0.0237804409,0.0188025461863506,-0.0049778947136494
156810.00100000002,0.0235921796,0.01857451578505267,-0.0050176638149473304
156890.00100000002,0.0233742651,0.01834241247969473,-0.005031852620305269
156970.00100000002,0.0231904481,0.018100445440492476,-0.005090002659507525
157050.00100000002,0.0230199751,0.017857818499573047,-0.005162156600426952
157140.00100000002,0.0227976162,0.017584061601591226,-0.005213554598408773
157220.00100000002,0.0225930456,0.017339902511254696,-0.0052531430887453046
157300.00100000002,0.022399595,0.017094919082683253,-0.005304675917316749
157380.00100000002,0.0221920591,0.01684904326408301,-0.0053430158359169914
157460.00100000002,0.0219756309,0.016602290834295312,-0.005373340065704689
157540.00100000002,0.0218236838,0.016354350112239298,-0.005469333687760702
157620.00100000002,0.0216072556,0.016105414215459742,-0.005501841384540258
157700.00100000002,0.0213737804,0.015852136721403252,-0.005521643678596748
157780.00100000002,0.0211706888,0.015592908561819767,-0.005577780238180233
157860.00100000002,0.0209750142,0.015332205811496018,-0.005642808388503982
157940.00100000002,0.0207741503,0.015069924267397675,-0.005704226032602323
158020.00100000002,0.0205584634,0.014805967212950966,-0.005752496187049035
158100.00100000002,0.0203272123,0.014540145029853901,-0.0057870672701461
158180.00100000002,0.020118935,0.014272237160969915,-0.005846697839030086
158270.00100000002,0.0198543277,0.013945846638179177,-0.005908481061820823
158350.00100000002,0.0196490157,0.013648213397751994,-0.006000802302248007
158430.00100000002,0.0194511171,0.013347584422900603,-0.006103532677099396
158510.00100000002,0.019217642,0.013043688570666482,-0.006173953429333518
158590.00100000002,0.0189797189,0.012736016294092295,-0.006243702605907706
158670.00100000002,0.0187492054,0.012424001728491483,-0.006325203671508517
158750.00100000002,0.0185557511,0.01210687719000392,-0.006448873909996079
158830.00100000002,0.0182874408,0.011784095782290342,-0.006503345017709657
158910.00100000002,0.0180598926,0.01145440782980289,-0.006605484770197109
158990.00100000002,0.0178197492,0.011116632119272205,-0.006703117080727794
159070.00100000002,0.0175951626,0.010762536401462273,-0.006832626198537726
159150.00100000002,0.0173728038,0.010395835468665673,-0.006976968331334326
159230.00100000002,0.0171393286,0.010014260750886239,-0.007125067849113761
159320.00100000002,0.0168895479,0.009562272516798916,-0.007327275383201083
159400.00100000002,0.0166560691,0.009133946971531973,-0.007522122128468027
159480.00100000002,0.0163773838,0.008671713330181133,-0.007705670469818866
159560.00100000002,0.0161602106,0.00816150508271043,-0.007998705517289569
159640.00100000002,0.0159007926,0.007580296620400728,-0.008320495979599274
159720.00100000002,0.0156361852,0.006884769876623354,-0.008751415323376645
159800.00100000002,0.0154301329,0.00594661997405351,-0.00948351292594649
