time_s,voltage_exp_V,voltage_sim_V,residual_V
0.0,3.0160996914,1.0769184976090176,-1.9391811937909824
70.02000000000044,1.2847762108,0.7301178126854816,-0.5546583981145184
150.02000000000044,1.1034879684,0.6109473005905963,-0.49254066780940375
230.02000000000044,0.9563981891,0.5349638427033301,-0.4214343463966699
310.02000000000044,0.8753169775,0.47891433717317927,-0.39640264032682077
390.02000000000044,0.8065068722,0.43191762868311023,-0.3745892435168897
470.02000000000044,0.7577255964,0.4022066653219272,-0.3555189310780728
550.0200000000004,0.7269951701,0.3800267553732126,-0.3469684147267874
630.0200000000004,0.7066518068,0.3588069132080083,-0.34784489359199167
710.0200000000004,0.6915127039,0.3367231979856299,-0.3547895059143701
790.0200000000004,0.6789465547,0.3215756219256489,-0.35737093277435106
870.0200000000004,0.6677412391,0.3042442809871426,-0.3634969581128574
960.0200000000004,0.6559622288,0.28791770830147917,-0.3680445204985208
1040.0200000000004,0.6461623907,0.2745508316791633,-0.37161155902083676
1120.0200000000004,0.6363824606,0.2624274528925342,-0.3739550077074658
1200.0200000000004,0.6270896792,0.2511648284732123,-0.3759248507267877
1280.0200000000004,0.6179020405,0.2408175882617727,-0.3770844522382273
1360.0200000000004,0.6095260382,0.2314185518441937,-0.37810748635580627
1440.0200000000004,0.6001324654,0.22274183731325564,-0.37739062808674434
1520.0200000000004,0.5915697217,0.2147113395430987,-0.37685838215690126
1600.0200000000004,0.5834258199,0.20723701676788592,-0.37618880313211406
1680.0200000000004,0.5752137303,0.20029985543972523,-0.3749138748602748
1760.0200000000004,0.5676487684,0.1940515145309593,-0.3735972538690407
1840.0200000000004,0.5585923791,0.18849805808305092,-0.3700943210169491
1930.0200000000004,0.5493432879,0.18287513888510018,-0.36646814901489977
2010.0200000000004,0.5420066118,0.1783127066192301,-0.3636939051807699
2090.0200000000004,0.5342252254,0.17414390021577697,-0.360081325184223
2170.0200000000004,0.5302929878,0.17029578679516855,-0.35999720100483146
2250.0200000000004,0.5199002624,0.16651973511029322,-0.35338052728970676
2330.0200000000004,0.5121892095,0.16316245307297098,-0.3490267564270291
2410.0200000000004,0.5051593781,0.15997553294857686,-0.34518384515142314
2490.0200000000004,0.4996780455,0.1570341881067071,-0.3426438573932929
2570.0200000000004,0.4959340394,0.15423206079176227,-0.34170197860823776
2650.0200000000004,0.4867072403,0.15163929829464645,-0.33506794200535356
2730.0200000000004,0.4815661311,0.1490857839355747,-0.3324803471644253
2810.0200000000004,0.476505816,0.14664823398508614,-0.3298575820149139
2900.0200000000004,0.4692625701,0.14410706906000803,-0.32515550103999197
2980.0200000000004,0.4660723209,0.1419741152970997,-0.3240982056029003
3060.0200000000004,0.460134387,0.1400307258635764,-0.3201036611364236
3140.0200000000004,0.4541868269,0.13815439759183112,-0.3160324293081689
3220.0200000000004,0.447776705,0.13639178065814883,-0.31138492434185117
3300.0200000000004,0.4395098388,0.13484458227235538,-0.30466525652764465
3380.0200000000004,0.4424072802,0.13331587588835223,-0.3090914043116477
3460.0200000000004,0.4307900965,0.13182384111384432,-0.2989662553861557
3540.0200000000004,0.4274761081,0.13051494120792873,-0.29696116689207125
3620.0200000000004,0.4299539924,0.1292941304763739,-0.3006598619236261
3700.0200000000004,0.4335489273,0.12814213313327144,-0.30540679416672856
3780.0200000000004,0.4246298075,0.12713246444876442,-0.2974973430512356
3870.0200000000004,0.415821135,0.1260089488434576,-0.2898121861565424
3950.0200000000004,0.4138354063,0.12512611397016032,-0.28870929232983966
4030.0200000000004,0.4058539569,0.12429937654363585,-0.28155458035636416
4110.02,0.4021841586,0.12348047445973226,-0.27870368414026775
4190.02,0.3968651593,0.12271962326822587,-0.2741455360317741
4270.02,0.3929478228,0.12205987246847619,-0.2708879503315238
4350.02,0.3930775225,0.1214059174686338,-0.2716716050313662
4430.02,0.3905410767,0.12075766124631543,-0.26978341545368456
4510.02,0.3877637386,0.12017660700798109,-0.2675871315920189
4590.02,0.383942008,0.11965103414160712,-0.2642909738583929
4670.02,0.3803055882,0.11912968065731791,-0.26117590754268205
4750.02,0.3777624667,0.11861251023592476,-0.25914995646407524
4840.02,0.3746826947,0.1180784440746187,-0.2566042506253813
4920.02,0.3693726361,0.1176219863030997,-0.2517506497969003
5000.02,0.3649638593,0.11716892711832237,-0.24779493218167764
5080.02,0.3630107641,0.11671923787956243,-0.24629152622043757
5160.02,0.3610332012,0.11630618545621459,-0.24472701574378541
5240.02,0.3588910401,0.11589612544241523,-0.24299491465758477
5320.02,0.3554525375,0.11550608078738321,-0.23994645671261677
5400.02,0.3534475565,0.11513554920898697,-0.238312007291013
5480.02,0.3494427502,0.11476745438108099,-0.234675295818919
5560.02,0.3471724391,0.11440184394019101,-0.232770595159809
5640.02,0.3433952034,0.11404170553657351,-0.22935349786342651
5720.02,0.3400389552,0.11368695982590585,-0.22635199537409414
5810.02,0.338234812,0.11329045787528971,-0.22494435412471028
5890.02,0.3365240991,0.11294037280504432,-0.22358372629495565
5970.02,0.3331693709,0.11260372383675904,-0.22056564706324094
6050.02,0.3297998011,0.11227928722293445,-0.21752051387706556
6130.02,0.3266347945,0.11195670633634693,-0.21467808816365308
6210.02,0.3239567876,0.1116360225601056,-0.21232076503989442
6290.02,0.3232185543,0.11131637562769266,-0.21190217867230737
6370.02,0.3189780712,0.11099668842148941,-0.20798138277851058
6450.02,0.316241473,0.11067880579284178,-0.2055626672071582
6530.02,0.3133685291,0.11036262925149815,-0.20300589984850187
6610.02,0.3131750822,0.11004815437829214,-0.20312692782170788
6690.02,0.3098351657,0.10971945852873927,-0.20011570717126076
6780.02,0.3058644831,0.1093516854019318,-0.19651279769806818
6860.02,0.3031086624,0.10902657072278465,-0.19408209167721535
6940.02,0.3010717928,0.1087031220801277,-0.19236867071987232
7020.02,0.2981158495,0.10838443364249294,-0.18973141585750702
7100.02,0.2955090106,0.10806864018645303,-0.187440370413547
7180.02,0.2933869064,0.10775436054444193,-0.18563254585555805
7260.02,0.2908712327,0.10744158370225365,-0.18342964899774633
7340.02,0.288841784,0.10712889240033922,-0.18171289159966075
7420.02,0.2862690091,0.106811496274148,-0.17945751282585204
7500.02,0.2840580046,0.10649555279094716,-0.17756245180905286
7580.02,0.2816505134,0.10618102301565016,-0.17546949038434986
7660.02,0.2792956829,0.10586793017267768,-0.17342775272732233
7750.02,0.2768712044,0.10551022248557987,-0.17136098191442015
7830.02,0.27456972,0.10518980084877272,-0.1693799191512273
7910.02,0.2723698318,0.10487076739256951,-0.1674990644074305
7990.02,0.2701669633,0.10455308683466288,-0.16561387646533712
8070.02,0.2680715322,0.10423676394389245,-0.16383476825610757
8150.02,0.2658597529,0.10397634208199252,-0.1618834108180075
8230.02,0.263741374,0.10365520895676317,-0.1600861650432368
8310.02,0.2615422308,0.10333538723014116,-0.15820684356985884
8390.02,0.2594149411,0.10301687832802006,-0.15639806277197996
8470.02,0.2573499084,0.10269962534146182,-0.15465028305853817
8550.02,0.2552523017,0.10238276984820127,-0.15286953185179875
8630.02,0.2532302737,0.10206571475818396,-0.15116455894181605
8720.02,0.2509302795,0.10171053219845402,-0.149219747301546
8800.02,0.2489297837,0.10139606474787391,-0.14753371895212608
8880.02,0.2469040602,0.10108282820078476,-0.14582123199921523
8960.02,0.2449613661,0.10077306318435925,-0.14418830291564075
9040.02,0.2429934293,0.10046614691320369,-0.14252728238679632
9120.02,0.2410981804,0.10016033014641422,-0.1409378502535858
9200.02,0.2391902655,0.09985561938132423,-0.13933464611867577
9280.02,0.2373105735,0.09955197139469832,-0.1377586021053017
9360.02,0.2354656905,0.09924656111083743,-0.13621912938916256
9440.02,0.2336304635,0.09894007621356159,-0.1346903872864384
9520.02,0.2317967117,0.09863467409344555,-0.13316203760655443
9610.02,0.2297724634,0.09829235517418299,-0.13148010822581702
9690.02,0.2279587239,0.09798920020370608,-0.12996952369629391
9770.02,0.2262354195,0.09768950692085293,-0.12854591257914708
9850.02,0.2244735509,0.09739251343500446,-0.12708103746499555
9930.02,0.222746551,0.0970965056946495,-0.12565004530535048
10010.02,0.2210210115,0.09680146629350622,-0.12421954520649378
10090.02,0.2193280905,0.09650738902558545,-0.12282070147441454
10170.02,0.2176359147,0.09621537835620023,-0.12142053634379976
10250.02,0.2159933895,0.09592597367656927,-0.12006741582343072
10330.02,0.2143694013,0.095637448960721,-0.11873195233927901
10410.02,0.2127691358,0.09534984305177518,-0.11741929274822482
10490.02,0.2111510783,0.09506311844995975,-0.11608795985004024
10580.02,0.2093677372,0.09474164930438388,-0.11462608789561611
10660.02,0.2078215778,0.09445688935969035,-0.11336468844030964
10740.02,0.2062642872,0.09417298878410266,-0.11209129841589735
10820.02,0.2047426105,0.09388991845942823,-0.11085269204057177
10900.02,0.2032364756,0.09360767639896828,-0.10962879920103172
10980.02,0.2017206997,0.09332628729131538,-0.10839441240868462
11060.02,0.200270161,0.09305155862292463,-0.10721860237707537
11140.02,0.198815167,0.09277844780692354,-0.10603671919307645
11220.019999999997,0.1973898262,0.09250613373413483,-0.10488369246586518
11300.019999999997,0.1959792972,0.09223461565303054,-0.10374468154696947
11380.019999999997,0.1946214139,0.09196382485029703,-0.10265758904970299
11460.019999999997,0.1933761835,0.0916916464672276,-0.10168453703277239
11550.019999999997,0.1919241548,0.09138306009212882,-0.10054109470787118
11630.019999999997,0.1906374246,0.09110955744616657,-0.09952786715383342
11710.019999999997,0.1893499494,0.09083685182859816,-0.09851309757140184
11790.019999999997,0.1881314069,0.09057383307365463,-0.09755757382634536
11870.019999999997,0.1869588345,0.09032902482098483,-0.09662980967901517
11950.019999999997,0.1857365668,0.09008491930705367,-0.09565164749294633
12030.019999999997,0.184568435,0.08984143731102973,-0.09472699768897028
12110.019999999997,0.1834440231,0.08959854292976502,-0.09384548017023497
12190.019999999997,0.1823107153,0.0893562745239369,-0.09295444077606312
12270.019999999997,0.1811981797,0.08911268953330256,-0.09208549016669743
12350.019999999997,0.1800811738,0.08886903998845558,-0.09121213381154442
12430.019999999997,0.1790071577,0.08862599847430017,-0.09038115922569984
12520.019999999997,0.177804932,0.08835329845956996,-0.08945163354043004
12600.019999999997,0.1767464876,0.08811154932902737,-0.08863493827097263
12680.019999999997,0.1757369787,0.08787410666960947,-0.08786287203039052
12760.019999999997,0.1747266948,0.08765378927317671,-0.08707290552682329
12840.019999999997,0.1737149507,0.08743401274810592,-0.0862809379518941
12920.019999999997,0.172698766,0.08721478958821671,-0.08548397641178329
13000.019999999997,0.1717277765,0.08699609205437693,-0.08473168444562308
13080.019999999997,0.1707827449,0.08677786008980573,-0.08400488481019427
13160.019999999997,0.1698302925,0.08655533409646471,-0.0832749584035353
13240.019999999997,0.1689089835,0.0863267939079647,-0.0825821895920353
13320.019999999997,0.1679757982,0.08609878938137024,-0.08187700881862976
13400.019999999997,0.167052269,0.08587132860872955,-0.08118094039127045
13490.019999999997,0.1660494059,0.08562925611625197,-0.08042014978374804
13570.019999999997,0.1651555151,0.08543090256317976,-0.07972461253682026
13650.019999999997,0.1642890424,0.08523294989516392,-0.07905609250483608
13730.019999999997,0.1634144336,0.08503544833819693,-0.07837898526180306
13810.019999999997,0.1625561118,0.0848383869584536,-0.07771772484154642
13890.019999999997,0.1617111415,0.08464174671650229,-0.0770693947834977
13970.019999999997,0.16090101,0.08444493386384042,-0.0764560761361596
14050.019999999997,0.1600997597,0.08424811475721092,-0.07585164494278909
14130.019999999997,0.1592903733,0.08405173223005462,-0.07523864106994539
14210.019999999997,0.1584654003,0.08385576679147583,-0.07460963350852418
14290.019999999997,0.1576715708,0.08366023445957393,-0.07401133634042606
14370.019999999997,0.1568799764,0.08346510148252365,-0.07341487491747636
14460.019999999997,0.1560157388,0.08326022053349308,-0.07275551826650692
14540.019999999997,0.1552975029,0.08308508898190223,-0.07221241391809777
14620.019999999997,0.1544984728,0.08291037028961049,-0.07158810251038952
14700.019999999997,0.1538024843,0.08273596015803689,-0.0710665241419631
14780.019999999997,0.1530390531,0.08256193036234802,-0.07047712273765197
14860.019999999997,0.1522867233,0.08238826484901607,-0.06989845845098394
14940.019999999997,0.1515655369,0.08220411252291673,-0.06936142437708326
15020.019999999997,0.1508480608,0.08201552336673401,-0.06883253743326598
15100.019999999997,0.1501453966,0.08184150594159526,-0.06830389065840475
15180.019999999997,0.1494471729,0.0816789848830226,-0.06776818801697741
15260.019999999997,0.1487496942,0.08151678746322562,-0.06723290673677439
15340.019999999997,0.1480485201,0.08135488844204546,-0.06669363165795454
15430.019999999997,0.1473132521,0.08117308728506101,-0.06614016481493898
15510.019999999997,0.1466513425,0.0810118182639464,-0.0656395242360536
15590.019999999997,0.1459494382,0.08085624949659223,-0.06509318870340777
15670.019999999997,0.1452942044,0.08070542490126265,-0.06458877949873734
15750.019999999997,0.1446426958,0.0805548913898512,-0.0640878044101488
15830.019999999997,0.1440030336,0.08040464030232304,-0.06359839329767696
15910.019999999997,0.1433959752,0.08025463830970195,-0.06314133689029805
15990.019999999997,0.1427622586,0.08010492131396393,-0.06265733728603606
16070.019999999997,0.1421796679,0.07995805453404553,-0.06222161336595447
16150.019999999997,0.1415652186,0.07981682197777829,-0.0617483966222217
16230.019999999997,0.1409507543,0.07967587209173858,-0.061274882208261425
16310.019999999997,0.140399307,0.07953512580010519,-0.06086418119989481
16400.019999999997,0.1397537142,0.07937709676575018,-0.06037661743424981
16480.019999999997,0.1391770691,0.07923688234071374,-0.05994018675928625
16560.019999999997,0.1385855824,0.0791057312053435,-0.059479851194656486
16640.019999999997,0.1380459964,0.07898157403187078,-0.05906442236812923
16720.019999999997,0.1375041604,0.07885763155250032,-0.05864652884749967
16800.019999999997,0.1370016336,0.07873387240901301,-0.05826776119098699
16880.019999999997,0.1364887208,0.07861031604909008,-0.05787840475090991
16960.019999999997,0.1359720975,0.07848697782382502,-0.05748511967617498
17040.019999999997,0.135453254,0.07836785196164378,-0.057085402038356214
17120.019999999997,0.1349870414,0.07826346695712533,-0.05672357444287468
17200.019999999997,0.1344741136,0.07815929220896405,-0.056314821391035955
17280.019999999997,0.134008646,0.078055281824638,-0.05595336417536201
17370.019999999997,0.1334846169,0.07793846811444599,-0.055546148785554
17450.019999999997,0.1330413818,0.07783480741009133,-0.05520657438990867
17530.019999999997,0.1326144487,0.07773130963185212,-0.054883139068147874
17610.019999999997,0.1321778744,0.07762681952829217,-0.05455105487170783
17690.019999999997,0.1317494661,0.07752241003755908,-0.05422705606244091
17770.019999999997,0.1313306838,0.07741814034602332,-0.05391254345397667
17850.019999999997,0.1309282035,0.07731404189262042,-0.053614161607379585
17930.019999999997,0.1305190623,0.07721011442205548,-0.053308947877944504
18010.019999999997,0.1301544011,0.07710632313509655,-0.05304807796490346
18090.019999999997,0.1297519207,0.07696428214346293,-0.052787638556537064
18170.019999999997,0.1293887347,0.07686908767863312,-0.05251964702136688
18250.019999999997,0.1290403754,0.07677971675882733,-0.05226065864117266
18340.019999999997,0.1286149174,0.07667933730425809,-0.05193558009574191
18420.019999999997,0.1282502413,0.07659026308409711,-0.0516599782159029
18500.019999999997,0.1278996617,0.07650133664049835,-0.05139832505950165
18580.019999999997,0.1275735199,0.07641251102436988,-0.051161008875630104
18660.019999999997,0.1272599995,0.07632739888013097,-0.050932600619869026
18740.019999999997,0.1268871725,0.07624584353634187,-0.05064132896365814
18820.019999999997,0.126609236,0.07616436341470657,-0.05044487258529344
18900.019999999997,0.1262756735,0.07608302254198974,-0.050192650958010246
18980.019999999997,0.1259747595,0.07600179764658012,-0.04997296185341989
19060.019999999997,0.1256619692,0.07592069675400301,-0.04974127244599699
19140.019999999997,0.1253736466,0.0758397062708806,-0.0495339403291194
19230.019999999997,0.1250756681,0.07575187157400853,-0.049323796525991476
19310.019999999997,0.1247843876,0.07567423140301616,-0.04911015619698385
19390.019999999997,0.1244716123,0.0755967322807081,-0.04887488001929191
19470.019999999997,0.1241951361,0.07551932121196296,-0.048675814888037044
19550.019999999997,0.1239386722,0.07544200486712233,-0.04849666733287768
19630.019999999997,0.1237014905,0.07536479663251847,-0.04833669386748153
19710.019999999997,0.1234472618,0.07528899797727755,-0.04815826382272245
19790.019999999997,0.1231848821,0.07521597967475031,-0.04796890242524969
19870.019999999997,0.1229113862,0.07514307410945331,-0.04776831209054669
19950.019999999997,0.1227156892,0.07507021813743203,-0.04764547106256797
20030.019999999997,0.1224792525,0.07499748256797403,-0.04748176993202596
20110.019999999997,0.1222502217,0.0749248305218069,-0.047325391178193094
20200.019999999997,0.1219752356,0.07484324560298547,-0.047131989997014526
20280.019999999997,0.1217521355,0.07477530107881597,-0.04697683442118403
20360.019999999997,0.1215557083,0.07470928098013674,-0.04684642731986326
20440.019999999997,0.121295549,0.07464337751771143,-0.046652171482288576
20520.019999999997,0.1211109981,0.07457753471763964,-0.04653346338236036
20600.019999999997,0.1209138408,0.07451178008978794,-0.046402060710212065
20680.019999999997,0.1207114831,0.07444611030778853,-0.046265372792211476
20760.019999999997,0.120498769,0.07438053170766998,-0.04611823729233003
20840.019999999997,0.120276399,0.0743088862397822,-0.04596751276021781
20920.019999999997,0.1200955436,0.07423661288423286,-0.04585893071576713
21000.019999999997,0.1198724434,0.07416447582805012,-0.04570796757194988
21080.019999999997,0.1196960434,0.07409239675265752,-0.04560364664734247
21170.019999999997,0.1194914654,0.07401198896776519,-0.04547947643223481
21250.019999999997,0.1192913428,0.07395251228677538,-0.045338830513224626
21330.019999999997,0.1191238388,0.07389310149401618,-0.04523073730598383
21410.019999999997,0.1189229563,0.07383377772975956,-0.04508917857024043
21490.019999999997,0.1187465563,0.07377451519765704,-0.04497204110234296
21570.019999999997,0.1185723767,0.07371532721701285,-0.044857049482987146
21650.019999999997,0.1184026375,0.07365620701657068,-0.04474643048342933
21730.019999999997,0.1182395741,0.07359802936361526,-0.044641544736384736
21810.019999999997,0.1180520579,0.07354566672937171,-0.04450639117062828
21890.019999999997,0.1178749129,0.07349339034788267,-0.04438152255211733
21970.019999999997,0.1177555695,0.07344112529866474,-0.04431444420133526
22050.019999999997,0.1175673082,0.07338895376458446,-0.04417835443541554
22140.019999999997,0.1173960939,0.07333031924379152,-0.04406577465620848
22220.019999999997,0.1172226444,0.07327827122495796,-0.043944373175042045
22300.019999999997,0.1170758978,0.07322298883564465,-0.04385290896435534
22380.019999999997,0.116883181,0.0731595568098421,-0.043723624190157906
22460.019999999997,0.1167423502,0.07309616551433468,-0.04364618468566532
22540.019999999997,0.116555579,0.07303288224259767,-0.043522696757402335
22620.019999999997,0.1164184436,0.07296963377428556,-0.043448809825714446
22700.019999999997,0.1162716821,0.07290647763622182,-0.04336520446377817
22780.019999999997,0.1161367819,0.07284336364817309,-0.04329341825182691
22860.019999999997,0.1159915105,0.07278468016021847,-0.04320683033978154
22940.019999999997,0.1157958433,0.07273885687058343,-0.04305698642941658
23020.019999999997,0.1156802103,0.07269303660071622,-0.04298717369928379
23110.019999999997,0.1154971346,0.07264158158027886,-0.04285555301972113
23190.019999999997,0.115332596,0.07259590300251131,-0.04273669299748868
23270.019999999997,0.1151858196,0.07255026330094372,-0.042635556299056285
23350.019999999997,0.1150553748,0.07250465875995754,-0.04255071604004246
23430.019999999997,0.1149026826,0.07245902657293071,-0.04244365602706929
23510.019999999997,0.1147529557,0.07241322011155665,-0.04233973558844335
23590.019999999997,0.1146306619,0.07236745634490091,-0.04226320555509909
23670.019999999997,0.1144609377,0.07232175511241726,-0.042139182587582744
23750.019999999997,0.1143460497,0.07227606969782385,-0.04206998000217614
23830.019999999997,0.1141770557,0.07223047439725483,-0.04194658130274517
23910.019999999997,0.1140725538,0.0721848821431382,-0.0418876716568618
23990.019999999997,0.1138709262,0.07213922444349971,-0.04173170175650029
24080.019999999997,0.1137226894,0.07208680309329832,-0.041635886306701675
24160.019999999997,0.1135840788,0.07204025791717142,-0.04154382088282858
24240.019999999997,0.113443993,0.07199375697672007,-0.041450236023279935
24320.019999999997,0.1133083627,0.0719472966740205,-0.0413610660259795
24400.019999999997,0.113143824,0.07190089779963363,-0.041242926200366375
24480.019999999997,0.1130504236,0.07185450915118877,-0.04119591444881124
24560.019999999997,0.1128784642,0.07180892037600553,-0.04106954382399447
24640.019999999997,0.1127606258,0.07177227324348136,-0.04098835255651864
24720.019999999997,0.1126079187,0.07173568309328161,-0.04087223560671839
24800.019999999997,0.1124441102,0.07169913978572323,-0.04074497041427677
24880.019999999997,0.1123514697,0.07166261625244241,-0.040688853447557585
24960.019999999997,0.1122121289,0.07162613116168129,-0.04058599773831871
25050.019999999997,0.1120505407,0.0715851278216051,-0.040465412878394905
25130.019999999997,0.1119008139,0.07154871927477291,-0.0403520946252271
25210.019999999997,0.1117733344,0.07147130268508928,-0.040302031714910716
25290.019999999997,0.1116236076,0.07143792220982312,-0.040185685390176876
25370.019999999997,0.1114716753,0.07140457365636421,-0.04006710164363579
25450.019999999997,0.1113160178,0.07137125975121167,-0.03994475804878833
25530.019999999997,0.1112085357,0.07133795344601798,-0.03987058225398202
25610.019999999997,0.1110639945,0.07130468386334794,-0.03975931063665206
25690.019999999997,0.1109305844,0.07127145201873482,-0.039659132381265186
25770.019999999997,0.1107912436,0.07123825894423247,-0.03955298465576754
25850.019999999997,0.1106978431,0.07120760149971367,-0.03949024160028633
25930.019999999997,0.1105236635,0.07117700269468683,-0.03934666080531317
26020.019999999997,0.1103769168,0.0711425926735736,-0.0392343241264264
26100.019999999997,0.1102301553,0.07111203469317989,-0.0391181206068201
26180.019999999997,0.1100819185,0.07108151812715463,-0.03900040037284537
26260.019999999997,0.1099410877,0.07105101135959088,-0.03889007634040911
26340.019999999997,0.1097787544,0.07102055328329787,-0.038758201116702126
26420.019999999997,0.1096468195,0.07099110652243708,-0.03865571297756293
26500.019999999997,0.1095193401,0.07096197300041007,-0.03855736709958993
26580.019999999997,0.1093807295,0.07093288468724633,-0.038447844812753665
26660.019999999997,0.1092147008,0.07090383694929023,-0.03831086385070977
26740.019999999997,0.1090768501,0.07087480234791368,-0.03820204775208631
26820.019999999997,0.1089145169,0.07084580262211206,-0.03806871427788794
26900.019999999997,0.1087766662,0.07081681630673428,-0.037959849893265715
26990.019999999997,0.1086291596,0.07078333374017554,-0.03784582585982446
27070.019999999997,0.1084609032,0.07075252553632838,-0.03770837766367162
27150.019999999997,0.1083386093,0.07072173117331802,-0.03761687812668198
27230.019999999997,0.1082177982,0.07069094419759103,-0.037526854002408974
27310.019999999997,0.1080495343,0.07066021650701446,-0.037389317792985544
27390.019999999997,0.1079294533,0.07062948546726944,-0.03729996783273057
27470.019999999997,0.1077619493,0.07059879955620038,-0.037163149743799626
27550.019999999997,0.1075914726,0.0705681846817149,-0.0370232879182851
27630.019999999997,0.1074965894,0.07053920118313128,-0.03695738821686871
27710.019999999997,0.1073268577,0.07051027081822975,-0.03681658688177025
27790.019999999997,0.1071660221,0.07048138276483415,-0.036684639335165845
27870.019999999997,0.1069985107,0.07045251384305667,-0.03654599685694332
27960.019999999997,0.1068643555,0.07042003857929412,-0.03644431692070588
28040.019999999997,0.1067057326,0.07039121349936148,-0.03631451910063853
28120.019999999997,0.1065678671,0.07036240105724115,-0.03620546604275886
28200.019999999997,0.1064337119,0.07033593600551116,-0.03609777589448884
28280.019999999997,0.1062498987,0.07031093927313573,-0.03593895942686427
28360.019999999997,0.1061320454,0.07028592375007353,-0.03584612164992647
28440.019999999997,0.1059867665,0.07026094239348059,-0.03572582410651941
28520.019999999997,0.1058185175,0.0702359786843944,-0.035582538815605594
28600.019999999997,0.1056784317,0.07021103467125148,-0.03546739702874853
28680.019999999997,0.1055450141,0.07018610871267239,-0.03535890538732761
28760.019999999997,0.1054056659,0.07016086218669954,-0.035244803713300465
28850.019999999997,0.1052055433,0.07012651288734137,-0.03507903041265863
28930.019999999997,0.1050921381,0.07009596958240122,-0.03499616851759878
29010.019999999997,0.1049105451,0.07006548387469327,-0.03484506122530673
29090.019999999997,0.104751192,0.07003502277181184,-0.03471616922818817
29170.019999999997,0.1046296284,0.07000456750403077,-0.03462506089596923
29250.019999999997,0.1044524834,0.06997416671249204,-0.03447831668750796
29330.019999999997,0.1043494567,0.06994373990420116,-0.03440571679579883
29410.019999999997,0.1041537821,0.06991563152649478,-0.03423815057350521
29490.019999999997,0.1040448248,0.0698891416299107,-0.03415568317008931
29570.019999999997,0.1038891673,0.06986268064300778,-0.03402648665699222
29650.019999999997,0.1037216559,0.06983627168041412,-0.03388538421958588
29730.019999999997,0.1035860181,0.06980983613592155,-0.033776181964078444
29820.019999999997,0.1033851579,0.06978017555967728,-0.03360498234032272
29900.019999999997,0.1032406166,0.06975380143592358,-0.03348681516407642
29980.019999999997,0.1031101644,0.06972736254046973,-0.03338280185953027
30060.019999999997,0.1029315367,0.06969931452728685,-0.033232222172713155
30140.019999999997,0.1027625427,0.06967127605536289,-0.033091266644637116
30220.019999999997,0.1026365459,0.06964323607164905,-0.032993309828350956
30300.019999999997,0.1024697646,0.06961524594862256,-0.03285451865137744
30380.019999999997,0.1023074463,0.06958727986902047,-0.032720166430979525
30460.019999999997,0.1021554992,0.06955932212867795,-0.03259617707132205
30540.019999999997,0.1020102277,0.06953137713706262,-0.03247885056293738
30620.019999999997,0.1018330753,0.06950406074405299,-0.032329014555947014
30700.019999999997,0.1016878039,0.06947789290477509,-0.03220991099522491
30790.019999999997,0.1015484557,0.0694484507635039,-0.032100004936496104
30870.019999999997,0.1014098525,0.0694223098388973,-0.031987542661102694
30950.019999999997,0.1012126952,0.06939621721992792,-0.031816477980072075
31030.019999999997,0.1010911316,0.06937010312831202,-0.03172102847168798
31110.019999999997,0.1009228826,0.06934402804684603,-0.03157885455315397
31190.019999999997,0.1007687151,0.06931796374203124,-0.031450751357968765
31270.019999999997,0.1006086171,0.06929027942616384,-0.03131833767383617
31350.019999999997,0.1004507393,0.06926196847250675,-0.031188770827493245
31430.019999999997,0.1002810001,0.06923368791590859,-0.031047312184091416
31510.019999999997,0.1001275778,0.06920542675248628,-0.030922151047513724
31590.019999999997,0.099974148,0.06917718038921411,-0.03079696761078589
31670.019999999997,0.099801451,0.06914896286044413,-0.030652488139555872
31760.019999999997,0.0996346697,0.06911723364709818,-0.030517436052901817
31840.019999999997,0.0994612351,0.0690889786255535,-0.03037225647444651
31920.019999999997,0.0993463472,0.06905927005751518,-0.030287077142484825
32000.019999999997,0.0991803184,0.0690296171949681,-0.030150701205031896
32080.019999999997,0.0990291163,0.06899997536794637,-0.030029140932053625
32160.019999999997,0.0988578945,0.06897036356866668,-0.029887530931333325
32240.019999999997,0.0987044722,0.06894076377186645,-0.029763708428133556
32320.019999999997,0.0985591933,0.06891118168044019,-0.029648011619559808
32400.019999999997,0.0983961299,0.06888161025148737,-0.029514519648512635
32480.019999999997,0.0982642025,0.06885293864417022,-0.029411263855829775
32560.019999999997,0.0980633274,0.06882748993114084,-0.02923583746885916
32640.019999999997,0.0979425162,0.06880202401962607,-0.029140492180373928
32730.019999999997,0.0977342427,0.0687734380108915,-0.0289608046891085
32810.02,0.0976252854,0.06874799360401637,-0.028877291795983626
32890.02,0.0974740833,0.06872258709929353,-0.028751496200706467
32970.02,0.0972843245,0.06869722559521582,-0.028587098904784183
33050.02,0.0971249714,0.06867186136017639,-0.028453110039823606
33130.02,0.0970034152,0.06864248452337597,-0.028360930676624027
33210.02,0.096806258,0.0686085557816588,-0.02819770221834121
33290.02,0.0966632068,0.06857460819875204,-0.02808859860124796
33370.02,0.0965290442,0.0685406819639583,-0.027988362236041703
33450.02,0.0963644981,0.06850680875239548,-0.02785768934760452
33530.02,0.0962325633,0.06847291791817765,-0.02775964538182235
33610.02,0.0960643142,0.0684390810955568,-0.027625233104443203
33700.02,0.0959145948,0.06840101558831267,-0.02751357921168733
33780.02,0.0957507864,0.06837487927486965,-0.02737590712513034
33860.02,0.095583275,0.06835258686071212,-0.027230688139287876
33940.02,0.0954365209,0.06833027948074173,-0.02710624141925827
34020.02,0.0953008831,0.06830798823729733,-0.026992894862702663
34100.02,0.0951541215,0.06828571988640622,-0.026868401613593773
34180.02,0.0949777141,0.06825125424397527,-0.02672645985602473
34260.02,0.0948146507,0.06821367962694629,-0.026600971073053717
34340.02,0.0946597382,0.06817613502944739,-0.026483603170552608
34420.02,0.0945115015,0.06813860442515181,-0.02637289707484819
34500.02,0.0943780839,0.06810109124508248,-0.026276992654917522
34580.02,0.0942009315,0.06806362504000707,-0.02613730645999293
34670.02,0.0940519571,0.06802147133715916,-0.026030485762840838
34750.02,0.093913354,0.06798402973190289,-0.025929324268097118
34830.02,0.0937643722,0.06795076167043945,-0.02581361052956055
34910.02,0.0936183557,0.06791779991745128,-0.02570055578254872
34990.02,0.0934375003,0.06788488858064153,-0.02555261171935848
35070.02,0.0933233574,0.06785196662930848,-0.02547139077069152
35150.02,0.0931817889,0.06781906356691987,-0.025362725333080136
35230.02,0.0929987133,0.06778621509451128,-0.02521249820548871
35310.02,0.0928749293,0.06775334531938978,-0.02512158398061022
35390.02,0.0927237198,0.06772051270531299,-0.02500320709468702
35470.02,0.0925695524,0.06768337322713297,-0.024886179172867035
35550.02,0.0924324319,0.0676457903439461,-0.024786641556053896
35640.02,0.0922478735,0.06760354322062664,-0.02464433027937335
35720.02,0.0921255797,0.06756599918604655,-0.024559580513953447
35800.02,0.0919439793,0.06752849891573487,-0.024415480384265137
35880.02,0.0918187201,0.06749100084835422,-0.024327719251645785
35960.02,0.091675669,0.06745354012484442,-0.024222128875155582
36040.02,0.0915370658,0.06741608953813022,-0.024120976261869778
36120.02,0.0913673267,0.06738079664291545,-0.02398653005708455
36200.02,0.0912361369,0.06734559218545152,-0.023890544714548476
36280.02,0.091104202,0.06731040979030486,-0.02379379220969513
36360.02,0.0909700394,0.06727523904249734,-0.023694800357502654
36440.02,0.0908055007,0.06724011374686917,-0.023565386953130832
36520.02,0.0906572565,0.06720499624821587,-0.023452260251784138
36610.02,0.0905305147,0.06716548805854734,-0.023365026641452652
36690.02,0.0903570652,0.0671304264456198,-0.023226638754380205
36770.02,0.090218462,0.06709106601317885,-0.023127395986821148
36850.02,0.0901198834,0.06705162850676202,-0.02306825489323798
36930.02,0.0899709091,0.06701222951200177,-0.02295867958799823
37010.02,0.089815259,0.0669728590665287,-0.0228423999334713
37090.02,0.0897063017,0.06693350519591806,-0.02277279650408194
37170.02,0.0895335972,0.06689421063576918,-0.022639386564230812
37250.02,0.0894061103,0.06685489466815107,-0.02255121563184892
37330.02,0.0892749205,0.06681560016977271,-0.02245932033022728
37410.02,0.0891496539,0.0667706232740536,-0.0223790306259464
37490.02,0.0890192091,0.06672457316580045,-0.022294635934199544
37580.02,0.0888435468,0.06667281941833701,-0.022170727381662994
37660.02,0.0887279138,0.06662680480403732,-0.02210110899596268
37740.02,0.0885663331,0.06658085291096577,-0.021985480189034234
37820.02,0.0884403288,0.06653492340058073,-0.021905405399419264
37900.02,0.0883313715,0.066488977691924,-0.02184239380807601
37980.02,0.0882135257,0.06644308553516781,-0.02177044016483219
38060.02,0.0880830735,0.0664005307143825,-0.0216825427856175
38140.02,0.0879444629,0.06635892791166285,-0.02158553498833715
38220.02,0.0877947435,0.0663173588259453,-0.02147738467405469
38300.02,0.0876702219,0.06627580341719372,-0.02139441848280628
38380.02,0.087550886,0.06623426718703487,-0.02131661881296512
38470.02,0.0874204412,0.06618754727953476,-0.02123289392046525
38550.02,0.0872455165,0.06614609104184535,-0.021099425458154644
38630.02,0.0871543437,0.06610460676546864,-0.021049736934531355
38710.02,0.0870149955,0.06606633784631935,-0.020948657653680647
38790.02,0.0868719518,0.06602954162846086,-0.020842410171539136
38870.02,0.0867711455,0.06599273114298744,-0.020778414357012553
38950.02,0.0866318047,0.06595596759130379,-0.020675837108696207
39030.02,0.0865295157,0.06591345076562077,-0.02061606493437923
39110.02,0.0863894299,0.0658643076379474,-0.020525122262052595
39190.02,0.0862515643,0.0658151968912393,-0.020436367408760703
39270.02,0.0861351937,0.06576612617605107,-0.02036906752394893
39350.02,0.0860136375,0.06571705941527592,-0.020296578084724085
39440.02,0.0859202519,0.06566188093600317,-0.020258370963996825
39520.02,0.0857816488,0.06561287205760255,-0.02016877674239745
39600.02,0.0856674984,0.06556387714297471,-0.020103621257025292
39680.02,0.0855377913,0.06551463065857119,-0.02002316064142881
39760.02,0.0854102969,0.06546479927357521,-0.019945497626424794
39840.02,0.0852798522,0.06541499750642539,-0.019864854693574616
39920.02,0.0851745978,0.06536520578447641,-0.01980939201552359
40000.02,0.0850493386,0.06531544923634457,-0.01973388936365543
40080.02,0.0849411264,0.065265718405642,-0.01967540799435799
40160.02,0.0848232731,0.06521599911344253,-0.01960727398655747
40240.02,0.0847091302,0.06516631484209326,-0.019542815357906737
40320.02,0.0845868289,0.06511666790774984,-0.019470160992250157
40410.02,0.0844534114,0.06506554089576971,-0.019387870504230284
40490.02,0.0843600258,0.06502008307976187,-0.019339942720238132
40570.02,0.0842466205,0.06497466996339457,-0.019271950536605423
40650.02,0.0841235816,0.0649292867289307,-0.0191942948710693
40730.02,0.0840324163,0.06488390399511358,-0.019148512304886414
40810.02,0.0839175284,0.06483855676579135,-0.019078971634208644
40890.02,0.0838011652,0.06479322726171408,-0.019007937938285924
40970.02,0.0837040618,0.0647479169854914,-0.018956144814508594
41050.02,0.083568424,0.06469970694088718,-0.01886871705911282
41130.02,0.0834453851,0.06465074700205665,-0.01879463809794335
41210.02,0.0833519921,0.06460179302591385,-0.01875019907408615
41290.02,0.0832319185,0.06455286682408637,-0.018679051675913633
41380.02,0.0831244439,0.06449784530375234,-0.018626598596247657
41460.02,0.0830043703,0.0644489726770289,-0.018555397622971107
41540.02,0.0829376653,0.0644000926288191,-0.018537572671180905
41620.02,0.0827946067,0.06435126936153956,-0.01844333733846043
41700.02,0.0827056617,0.06430107033050335,-0.018404591369496653
41780.02,0.0825700238,0.06424973799016523,-0.018320285809834774
41860.02,0.0824914575,0.06419840161311556,-0.018293055886884443
41940.02,0.0824017748,0.0641470847733833,-0.0182546900266167
42020.02,0.0822935626,0.06409580234294157,-0.018197760257058423
42100.02,0.0821838677,0.06404455046844429,-0.018139317231555707
42180.02,0.0820763931,0.0639933214445243,-0.018083071655475708
42260.02,0.0820052326,0.06394208584013006,-0.018063146759869947
42350.02,0.081862919,0.0638829406099771,-0.01797997839002291
42430.02,0.081796214,0.06382543002636462,-0.017970783973635385
42510.02,0.081690222,0.06376795730632684,-0.017922264693673168
42590.02,0.0815731138,0.06371053977022871,-0.01786257402977129
42670.02,0.0815115944,0.06365309765845843,-0.017858496741541566
42750.02,0.0813774392,0.06359571765643404,-0.017781721543565956
42830.02,0.0813159198,0.06353833210564813,-0.017777587694351865
42910.02,0.0811973289,0.06348099879923975,-0.01771633010076025
42990.02,0.0810957775,0.06342369400765185,-0.01767208349234814
43070.02,0.0810364857,0.06336999805557172,-0.01766648764442827
43150.02,0.0809097365,0.06331721642700455,-0.017592520072995443
43230.02,0.0807955936,0.063264454964684,-0.01753113863531601
43320.02,0.0806903467,0.06320508834820038,-0.01748525835179962
43400.02,0.080586575,0.0631523875550544,-0.017434187444945598
43480.02,0.0805724934,0.06309965929909911,-0.01747283410090089
43560.02,0.0804516822,0.06304698793806204,-0.017404694261937956
43640.02,0.0803790465,0.0629943146561539,-0.01738473184384609
43720.02,0.0802574828,0.06293750105710169,-0.01731998174289831
43800.02,0.0801870674,0.06287571258116992,-0.017311354818830088
43880.02,0.0801092386,0.06281395310419353,-0.01729528549580646
43960.020000000004,0.0800343826,0.06275222078591061,-0.017282161814089383
44040.020000000004,0.079935804,0.06269051999966599,-0.01724528400033401
44120.020000000004,0.0798268467,0.0626288759537013,-0.017197970746298696
44200.020000000004,0.0797816366,0.06256720861474016,-0.017214427985259836
44290.020000000004,0.0796467364,0.06249792428360934,-0.01714881211639066
44370.020000000004,0.0796074569,0.062437312192595434,-0.017170144707404564
44450.020000000004,0.0795118436,0.062388767535616334,-0.017123076064383673
44530.020000000004,0.0794266015,0.06234025660944559,-0.01708634489055441
44610.020000000004,0.0793413594,0.06229176812444401,-0.017049591275555998
44690.020000000004,0.0792790949,0.0622432747086761,-0.0170358201913239
44770.020000000004,0.0791812614,0.062191883997283696,-0.016989377402716298
44850.020000000004,0.079116039,0.062126284643002266,-0.016989754356997733
44930.020000000004,0.079018198,0.062060723453665805,-0.016957474546334193
45010.020000000004,0.0789648294,0.06199516531817431,-0.016969664081825694
45090.020000000004,0.0788818225,0.06192964678551313,-0.016952175714486872
45170.020000000004,0.0788032487,0.061864161297018244,-0.01693908740298175
45260.020000000004,0.0787187591,0.061790508219546354,-0.01692825088045364
45340.020000000004,0.0786913335,0.06172507568723323,-0.01696625781276677
45420.020000000004,0.0786246285,0.061659663600296476,-0.016964964899703526
45500.020000000004,0.0785460547,0.06159614606827138,-0.016949908631728627
45580.020000000004,0.0784711912,0.061533295252793455,-0.016937895947206544
45660.020000000004,0.0784156024,0.06147045964347124,-0.016945142756528767
45740.020000000004,0.078336291,0.06140766359640802,-0.01692862740359198
45820.020000000004,0.0782636553,0.06134489526324859,-0.016918760036751405
45900.020000000004,0.078176938,0.061282151553972875,-0.016894786446027127
45980.020000000004,0.0781295002,0.06121941976205997,-0.016910080437940025
46060.020000000004,0.0780398175,0.061156724909720406,-0.01688309259027959
46140.020000000004,0.0779805183,0.06109444617076597,-0.016886072129234028
46230.020000000004,0.0779093653,0.061026769590226286,-0.01688259570977372
46310.020000000004,0.0778411776,0.06096664102636004,-0.016874536573639964
46390.020000000004,0.0777892917,0.06090652429595597,-0.016882767404044027
46470.020000000004,0.077724807,0.060846441561762596,-0.01687836543823741
46550.020000000004,0.0776202977,0.0607864058825589,-0.01683389181744109
46630.020000000004,0.077587679,0.06072635803019545,-0.016861320969804555
46710.020000000004,0.077512823,0.060666354307826714,-0.01684646869217328
46790.020000000004,0.077437222,0.060606375296743134,-0.016830846703256866
46870.020000000004,0.0774053484,0.06054222680552567,-0.016863121594474333
46950.020000000004,0.0773052871,0.06047603954883013,-0.016829247551169865
47030.020000000004,0.0772622973,0.060409862579592855,-0.01685243472040715
47110.020000000004,0.0772200525,0.06034369583872745,-0.016876356661272546
47200.020000000004,0.077154085,0.06026929848054702,-0.01688478651945298
47280.020000000004,0.0770999789,0.06020318107234342,-0.016896797827656587
47360.020000000004,0.0770110339,0.06013712534910513,-0.016873908550894864
47440.020000000004,0.0769547001,0.06007107342556693,-0.016883626674433064
47520.020000000004,0.0769309849,0.06000660447709513,-0.016924380422904867
47600.020000000004,0.0768783614,0.059951377073655374,-0.016926984326344624
47680.020000000004,0.0767879337,0.05989618642698246,-0.016891747273017545
47760.020000000004,0.0767471641,0.05984100532325343,-0.016906158776746574
47840.020000000004,0.0766945407,0.05978582856646067,-0.016908712133539325
47920.020000000004,0.0766100362,0.05973071001373116,-0.016879326186268834
48000.020000000004,0.076581873,0.05967557231073997,-0.016906300689260023
48090.020000000004,0.0765344352,0.05961356656099667,-0.016920868639003328
48170.020000000004,0.0764729157,0.05955848003247914,-0.016914435667520863
48250.020000000004,0.0764277056,0.05949988177120964,-0.016927823828790364
48330.020000000004,0.0763624832,0.059438952782748064,-0.016923530417251934
48410.020000000004,0.0762824342,0.05937807645259535,-0.016904357747404647
48490.020000000004,0.0762683526,0.05931718443677744,-0.016951168163222563
48570.020000000004,0.0761883035,0.05925634492799049,-0.016931958572009506
48650.020000000004,0.0761742145,0.059195485485782,-0.016978729014218007
48730.020000000004,0.0760949105,0.05913468964647796,-0.016960220853522043
48810.020000000004,0.0760333911,0.059073908806824574,-0.016959482293175426
48890.020000000004,0.0760155991,0.05901311767390753,-0.017002481426092467
48970.020000000004,0.0759362951,0.05895054887250267,-0.016985746227497323
49060.020000000004,0.0758784786,0.0588799440971049,-0.016998534502895096
49140.020000000004,0.0758429021,0.05881719917191213,-0.017025702928087867
49220.020000000004,0.0758184418,0.058754458826868194,-0.017063982973131803
49300.020000000004,0.0757569149,0.05869174583714972,-0.01706516906285028
49380.020000000004,0.0757005885,0.058629062256564946,-0.017071526243435053
49460.020000000004,0.0756464824,0.05856640894817569,-0.017080073451824315
49540.020000000004,0.0756190568,0.05850376400756135,-0.017115292792438654
49620.020000000004,0.0755338222,0.05844058764935599,-0.017093234550644015
49700.020000000004,0.0755071342,0.05837603087461263,-0.01713110332538738
49780.020000000004,0.0754419118,0.0583115205474628,-0.017130391252537194
49860.020000000004,0.0753759444,0.05824704128930111,-0.017128903110698895
49940.020000000004,0.0753248036,0.05818258074676457,-0.017142222853235432
50030.020000000004,0.0752996057,0.05811006189633041,-0.017189543803669584
50110.020000000004,0.0752284452,0.05804565444846817,-0.017182790751531826
50190.020000000004,0.0752062127,0.05798124232209151,-0.01722497037790849
50270.020000000004,0.0751624852,0.05791684555993536,-0.017245639640064647
50350.020000000004,0.0751009658,0.05785756531500848,-0.017243400484991525
50430.020000000004,0.0750839114,0.05780081062405186,-0.017283100775948135
50510.020000000004,0.075032033,0.05774408532712571,-0.01728794767287429
50590.020000000004,0.0749882981,0.057687382702771864,-0.01730091539722814
50670.020000000004,0.0749490187,0.05763069774569318,-0.017318320954306812
50750.020000000004,0.0748867542,0.05757403957393382,-0.017312714626066185
50830.020000000004,0.0748660043,0.057517379664989154,-0.017348624635010843
50910.020000000004,0.0748052225,0.05746076298255312,-0.017344459517446884
51000.020000000004,0.0747273937,0.057397048179622406,-0.0173303455203776
51080.020000000004,0.0747088641,0.05733548890740873,-0.017373375192591266
51160.020000000004,0.0746399313,0.05727397280721591,-0.017365958492784092
51240.020000000004,0.0745999068,0.05721246194830043,-0.017387444851699574
51320.020000000004,0.0746088028,0.057150945246058946,-0.017457857553941053
51400.020000000004,0.07453987,0.057089480576385465,-0.01745038942361453
51480.020000000004,0.0744872466,0.057028034288418426,-0.017459212311581575
51560.020000000004,0.0744746476,0.056966579243118584,-0.017508068356881415
51640.020000000004,0.0744375885,0.05690513927992626,-0.017532449220073736
51720.020000000004,0.0743908957,0.05684370459856,-0.01754719110144
51800.020000000004,0.0743441954,0.05678215157715497,-0.01756204382284502
51880.020000000004,0.0742937922,0.05672062048588623,-0.017573171714113767
51970.020000000004,0.0742167085,0.056651458345607156,-0.01756525015439285
52050.020000000004,0.0741848424,0.05658998094419403,-0.01759486145580598
52130.020000000004,0.0741477832,0.05652852543956871,-0.017619257760431287
52210.020000000004,0.0740988627,0.05646709672312079,-0.017631765976879217
52290.020000000004,0.0741047934,0.056405639756959614,-0.01769915364304038
52370.020000000004,0.0740469769,0.056344217712291596,-0.01770275918770841
52450.020000000004,0.0740106627,0.05628435097372828,-0.01772631172627171
52530.020000000004,0.0739706382,0.05622607292686647,-0.017744565273133527
52610.020000000004,0.0739313513,0.05616781349715175,-0.017763537802848256
52690.020000000004,0.0738505572,0.05610960135474723,-0.017740955845252773
52770.020000000004,0.0738512948,0.05605136835004425,-0.017799926449955747
52850.020000000004,0.0737986714,0.055993167312292313,-0.017805504087707688
52940.020000000004,0.0737097263,0.05592774403555868,-0.017781982264441318
53020.020000000004,0.0737193599,0.05586956745942512,-0.017849792440574885
53100.020000000004,0.0736667365,0.05581142398112296,-0.017855312518877037
53180.020000000004,0.073609665,0.055751200797424634,-0.01785846420257537
53260.020000000004,0.0736000314,0.055690326108244266,-0.017909705291755736
53340.020000000004,0.0735325813,0.05562949537477332,-0.01790308592522668
53420.020000000004,0.0735162795,0.055568657783726216,-0.017947621716273787
53500.020000000004,0.0734569803,0.05550786462233076,-0.017949115677669242
53580.020000000004,0.0734058395,0.055447094412717085,-0.017958745087282915
53660.020000000004,0.0733643323,0.05538633116769899,-0.01797800113230101
53740.020000000004,0.0733257905,0.05532558929469691,-0.018000201205303094
53820.020000000004,0.0733280107,0.05526483415787494,-0.01806317654212506
53910.020000000004,0.0732991099,0.05519852756935223,-0.018100582330647777
53990.020000000004,0.0732561201,0.05513982301982903,-0.01811629708017097
54070.020000000004,0.0732064545,0.055081158601226685,-0.01812529589877332
54150.020000000004,0.0731575415,0.05502250645833589,-0.018135035041664117
54230.020000000004,0.0731338188,0.0549638732899554,-0.018169945510044597
54310.020000000004,0.0731138065,0.054905245215287904,-0.0182085612847121
54390.020000000004,0.0730641484,0.05484662357125347,-0.01821752482874653
54470.020000000004,0.0730367228,0.0547880281566271,-0.018248694643372892
54550.020000000004,0.0730219036,0.054729737505369996,-0.018292166094629997
54630.020000000004,0.0729596391,0.05467419757188591,-0.018285441528114094
54710.020000000004,0.0729359239,0.05461865537533328,-0.018317268524666724
54790.020000000004,0.0729151592,0.05456311820570154,-0.018352040994298456
54880.020000000004,0.0728365928,0.054500706043421485,-0.018335886756578518
54960.020000000004,0.0728188083,0.05444521559531323,-0.01837359270468677
55040.020000000004,0.0727750733,0.05438976880767715,-0.018385304492322854
55120.020000000004,0.0727661848,0.05433430566221961,-0.018431879137780383
55200.020000000004,0.0727031827,0.05427888070129282,-0.018424301998707177
55280.020000000004,0.0726846531,0.05423046396106604,-0.018454189138933957
55360.020000000004,0.0726394355,0.054183246079434005,-0.018456189420565997
55440.020000000004,0.0726364702,0.054136025421087156,-0.018500444778912842
55520.020000000004,0.0726149753,0.05408880800322179,-0.018526167296778202
55600.020000000004,0.0725341886,0.054041649214069114,-0.01849253938593088
55680.020000000004,0.0725141764,0.05399448468103929,-0.018519691718960715
55760.020000000004,0.0724986121,0.05394731843436029,-0.018551293665639706
55850.020000000004,0.0724556223,0.05389428718388275,-0.018561335116117246
55930.020000000004,0.0724215284,0.05384711742321252,-0.018574410976787484
56010.020000000004,0.0723985508,0.05379843415656857,-0.018600116643431433
56090.020000000004,0.0723770559,0.05374975638156105,-0.01862729951843895
56170.020000000004,0.0723496303,0.05370109698776392,-0.018648533312236072
56250.020000000004,0.0723147914,0.05365245186460181,-0.018662339535398184
56330.020000000004,0.072262913,0.05360382460644959,-0.018659088393550405
56410.020000000004,0.0722666159,0.053555188932410805,-0.018711426967589193
56490.020000000004,0.0722317845,0.053506582286797756,-0.018725202213202237
56570.020000000004,0.0721932426,0.053457995025771435,-0.018735247574228564
56650.020000000004,0.0721984282,0.05340963121414312,-0.01878879698585688
56730.020000000004,0.0721465424,0.05336536372920213,-0.01878117867079787
56820.020000000004,0.0721280128,0.053315548982118224,-0.018812463817881778
56900.020000000004,0.0721176341,0.053271282681025545,-0.01884635141897445
56980.020000000004,0.0720613077,0.05322704213530405,-0.018834265564695946
57060.020000000004,0.0720286965,0.05318281912696239,-0.01884587737303761
57140.020000000004,0.0720190555,0.05313858562816404,-0.01888046987183596
57220.020000000004,0.0719997883,0.05309438256907687,-0.018905405730923135
57300.020000000004,0.0719560534,0.053050189465981244,-0.018905863934018753
57380.020000000004,0.0719286278,0.05300713008491295,-0.018921497715087054
57460.020000000004,0.0719175115,0.05296904188590007,-0.018948469614099933
57540.020000000004,0.0719019398,0.05293094300347405,-0.018970996796525946
57620.020000000004,0.071863398,0.052892887691589216,-0.01897051030841078
57710.020000000004,0.0718159676,0.05285008177629913,-0.018965885823700873
57790.020000000004,0.0717989206,0.05281203873505272,-0.018986881864947278
57870.020000000004,0.07177075,0.05277400496806342,-0.018996745031936574
57950.020000000004,0.0717603713,0.05273597342226515,-0.01902439787773485
58030.020000000004,0.0717700124,0.05269793029372279,-0.019072082106277206
58110.020000000004,0.0717307255,0.05266091446869066,-0.019069811031309336
58190.020000000004,0.0716944113,0.05262637327789388,-0.019068038022106118
58270.020000000004,0.071686253,0.052591814318184826,-0.01909443868181518
58350.020000000004,0.0716603175,0.0525572745829031,-0.0191030429170969
58430.020000000004,0.0716232508,0.05252275837563705,-0.019100492424362944
58510.020000000004,0.0716002807,0.05248823307219694,-0.019112047627803067
58590.020000000004,0.0715595111,0.05245373493191416,-0.019105776168085842
58680.020000000004,0.0715417266,0.05241491666182227,-0.019126809938177725
58760.020000000004,0.0715239346,0.052380422671206434,-0.019143511928793572
58840.020000000004,0.0715076253,0.05233955203977732,-0.019168073260222684
58920.020000000004,0.0714609325,0.05228859461284076,-0.019172337887159246
59000.020000000004,0.0714438856,0.052259362648559904,-0.019184522951440103
59080.020000000004,0.0714327693,0.05223013236675841,-0.019202636933241597
59160.020000000004,0.0713905171,0.05220091869658579,-0.019189598403414207
59240.020000000004,0.0713979304,0.0521716998613895,-0.0192262305386105
59320.020000000004,0.0713979304,0.052142487582107586,-0.019255442817892418
59400.020000000004,0.0713630989,0.052113301854162616,-0.01924979704583739
59480.020000000004,0.0713208467,0.052084118775375166,-0.01923672792462483
59560.020000000004,0.0713245571,0.052054934153319875,-0.01926962294668013
59650.020000000004,0.0713089854,0.052022375435319346,-0.01928660996468065
59730.020000000004,0.0712608099,0.051996651355493965,-0.019264158544506034
59810.020000000004,0.07124006,0.05197091916505837,-0.019269140834941627
59890.020000000004,0.0712030008,0.05194520966978277,-0.01925779113021723
59970.020000000004,0.0711955875,0.05191949115624574,-0.019276096343754268
60050.020000000004,0.0711763129,0.051893778099300264,-0.019282534800699733
60130.020000000004,0.071137771,0.05186807950068306,-0.01926969149931694
60210.020000000004,0.0711503699,0.05184236079512946,-0.019308009104870537
60290.020000000004,0.0710955262,0.051816681728378826,-0.01927884447162117
60370.020000000004,0.0711088628,0.0517909740971883,-0.019317888702811703
60450.020000000004,0.0710814446,0.05176820758499802,-0.019313237015001983
60530.020000000004,0.0710199252,0.05174546464883084,-0.01927446055116916
60620.020000000004,0.0710043609,0.05171988650644516,-0.01928447439355483
60700.020000000004,0.0709739625,0.05169715497449848,-0.019276807525501524
60780.020000000004,0.0709606186,0.05167442441220152,-0.019286194187798478
60860.020000000004,0.0709502399,0.05165169493818072,-0.019298544961819285
60940.020000000004,0.070916146,0.05162898019220932,-0.019287165807790677
61020.020000000004,0.0708998442,0.05160626747148876,-0.019293576728511244
61100.020000000004,0.0708887279,0.05157500804547365,-0.019313719854526352
61180.020000000004,0.0708635226,0.051506600934000446,-0.01935692166599956
61260.020000000004,0.0708398074,0.051488295771824524,-0.019351511628175472
61340.020000000004,0.0708153471,0.051469983959105244,-0.01934536314089475
61420.020000000004,0.0707901493,0.05145169355691273,-0.019338455743087263
61500.020000000004,0.0707864389,0.05143338541042963,-0.019353053489570365
61590.020000000004,0.0707723573,0.05141280866427023,-0.01935954863572977
61670.020000000004,0.0707412288,0.05139451817302047,-0.019346710626979527
61750.020000000004,0.0707286298,0.051376223451395336,-0.01935240634860466
61830.020000000004,0.0706974939,0.05135794143547796,-0.019339552464522042
61910.020000000004,0.0706804469,0.0513409715809614,-0.019339475319038596
61990.020000000004,0.0706456155,0.05132415921755749,-0.019321456282442508
62070.020000000004,0.0706218928,0.051307340928870786,-0.019314551871129217
62150.020000000004,0.0706033632,0.05129052332064968,-0.019312839879350327
62230.020000000004,0.0705944672,0.05127371082034271,-0.019320756379657286
62310.020000000004,0.0705507398,0.05125691044922627,-0.019293829350773728
62390.020000000004,0.0705159009,0.0512401352667428,-0.019275765633257197
62470.020000000004,0.070490703,0.051223336822086574,-0.019267366177913428
62560.020000000004,0.0704699531,0.051204452097814615,-0.01926550100218538
62640.020000000004,0.0704491958,0.05119267327919455,-0.019256522520805452
62720.020000000004,0.0704277009,0.051181559604599774,-0.019246141295400226
62800.020000000004,0.0704180673,0.05117043539587891,-0.019247631904121085
62880.020000000004,0.0703921244,0.05115931926743452,-0.019232805132565485
62960.020000000004,0.0703432038,0.051148226069273314,-0.01919497773072669
63040.020000000004,0.0703446865,0.051137108222753885,-0.019207578277246118
63120.020000000004,0.0703387558,0.05112597850722987,-0.019212777292770128
63200.020000000004,0.0703395009,0.051114871232795095,-0.01922462966720491
63280.020000000004,0.0702950284,0.0511037890582868,-0.019191239341713198
63360.02099999999,0.0702965111,0.051088115562023584,-0.019208395537976417
63440.02099999999,0.0702535212,0.051070727692493406,-0.019182793507506596
63530.02099999999,0.0702431425,0.051051134970934664,-0.01919200752906533
63610.02099999999,0.0702475905,0.051033732837552706,-0.019213857662447292
63690.02099999999,0.0701749548,0.05101635539137548,-0.019158599408624515
63770.02099999999,0.0701971948,0.05099894973723655,-0.01919824506276345
63850.02099999999,0.0701386333,0.050981582171498514,-0.01915705112850149
63930.02099999999,0.0701660588,0.05096416833832127,-0.01920189046167873
64010.02099999999,0.0701341927,0.05094678404052398,-0.01918740865947602
64090.02099999999,0.0700934231,0.0509337174878896,-0.019159705612110396
64170.02099999999,0.0700860098,0.05092279986645455,-0.01916320993354545
64250.02099999999,0.0700496957,0.050911886924283126,-0.019137808775716872
64330.02099999999,0.0700311661,0.050900976223204705,-0.019130189876795295
64410.02099999999,0.0700044781,0.05089006020337873,-0.019114417896621272
64500.02099999999,0.0699881688,0.050880540293128024,-0.019107628506871976
64580.02099999999,0.0699607432,0.050875097683999296,-0.0190856455160007
64660.02099999999,0.0699488819,0.05086965958654456,-0.019079222313455435
64740.02099999999,0.069914788,0.0508642307453635,-0.019050557254636502
64820.02099999999,0.0698925555,0.050858791688971776,-0.01903376381102822
64900.02099999999,0.0698740259,0.050853360055574545,-0.019020665844425452
64980.02099999999,0.0698591992,0.05084791925689494,-0.01901127994310506
65060.02099999999,0.0698362216,0.05084248276722696,-0.01899373883277304
65140.02099999999,0.069821395,0.05083704384515083,-0.018984351154849165
65220.02099999999,0.0697798952,0.05083005484892871,-0.018949840351071286
65300.02099999999,0.0697680339,0.0508193131748933,-0.0189487207251067
65380.02099999999,0.0697480217,0.050808575867907484,-0.018939445832092512
65470.02099999999,0.0697257817,0.050796492378057403,-0.0189292893219426
65550.021,0.0696909502,0.05078576707263141,-0.018905183127368594
65630.021,0.0696865022,0.050775022538962836,-0.018911479661037164
65710.021,0.069657594,0.050764294118108344,-0.01889329988189166
65790.021,0.0696368441,0.0507535636196753,-0.0188832804803247
65870.021,0.0696153492,0.050742840693313196,-0.0188725085066868
65950.021,0.0695990399,0.05073327186339395,-0.018865768036606057
66030.021,0.0695753247,0.05072865145039375,-0.018846673249606247
66110.021,0.0695567951,0.0507240204914441,-0.018832774608555897
66190.021,0.0695056468,0.05071940671756645,-0.01878624008243355
66270.021,0.069489345,0.05071479139351355,-0.018774553606486444
66350.021,0.0695056468,0.05071013671286613,-0.01879551008713387
66440.021,0.0694508031,0.05070494343980738,-0.01874585966019262
66520.021,0.0694189295,0.05070033558126395,-0.01871859391873605
66600.021,0.0694293082,0.05069569037591412,-0.018733617824085877
66680.021,0.0693937317,0.050691268580050526,-0.018702463119949476
66760.021,0.0693551898,0.050689537729965234,-0.01866565207003476
66840.021,0.0693166479,0.050687805544898316,-0.018628842355101684
66920.021,0.0693329498,0.05068604509650608,-0.01864690470349392
67000.021,0.0693092346,0.05068431179598831,-0.018624922804011693
67080.021,0.0692781061,0.05068256596189138,-0.018595540138108622
67160.021,0.0692447498,0.050680830899743914,-0.01856391890025609
67240.021,0.0692499354,0.05067907183972251,-0.01857086356027749
67330.021,0.0692032427,0.05067712220570462,-0.018526120494295382
67410.021,0.0691943467,0.05067537930741323,-0.018518967392586773
67490.021,0.0691580325,0.050670568425012164,-0.01848746407498783
67570.021,0.0691469163,0.05066553619646855,-0.018481380103531453
67650.021,0.0690898374,0.05066053680287247,-0.018429300597127538
67730.021,0.0690742731,0.05065551219455701,-0.01841876090544299
67810.021,0.0690727904,0.05065047282641466,-0.01842231757358534
67890.021,0.0690564886,0.05064545544101612,-0.018411033158983875
67970.021,0.0690223947,0.05064044325056064,-0.01838195144943936
68050.021,0.0689905137,0.050635421902733097,-0.01835509179726691
68130.021,0.0689512268,0.0506304093602878,-0.0183208174397122
68210.021,0.0689467862,0.050625484264219506,-0.018321301935780493
68300.021,0.0689208433,0.05062001766469408,-0.018300825635305926
68380.021,0.0688785911,0.05061516607119052,-0.018263425028809475
68460.021,0.0688563585,0.0506103037067278,-0.01824605479327221
68540.021,0.0688652545,0.05060542956561923,-0.018259824934380768
68620.021,0.0687926114,0.0506006023280544,-0.018192009071945597
68700.021,0.0688000247,0.05059573157380094,-0.01820429312619906
68780.021,0.0687436983,0.050590879918885126,-0.018152818381114877
68860.021,0.0687288716,0.050586030508302626,-0.01814284109169738
68940.021,0.0687288716,0.05058172820582274,-0.018147143394177265
69020.021,0.0686843991,0.050578079542858034,-0.018106319557141967
69100.021,0.0686651319,0.05057442195215882,-0.018090709947841177
69180.021,0.0686288103,0.05057076594172893,-0.018058044358271068
69270.021,0.0686132461,0.05056663374966505,-0.018046612350334945
69350.021,0.0685873032,0.050562974280527175,-0.01802432891947283
69430.021,0.068554692,0.05055931073895021,-0.01799538126104979
69510.021,0.0684902072,0.05055566580270009,-0.017934541397299913
69590.021,0.0684827939,0.050552000289486615,-0.01793079361051339
69670.021,0.0684487,0.05054932178829142,-0.01789937821170858
69750.021,0.0684160888,0.050548925455463814,-0.017867163344536183
69830.021,0.0683760643,0.05054852435920411,-0.01782753994079589
69910.021,0.0683664307,0.050548112752736574,-0.01781831794726342
69990.021,0.068368651,0.05054769334193508,-0.01782095765806492
70070.021,0.0683026835,0.050547308340484515,-0.017755375159515488
70150.021,0.0683004633,0.05054688648525614,-0.017753576814743863
70240.021,0.0682574734,0.05054643254283689,-0.017711040857163116
70320.021,0.0682285652,0.050546035865415576,-0.017682529334584418
70400.021,0.0681803897,0.050544899416531154,-0.017635490283468842
70480.021,0.0681625977,0.050537176171552116,-0.017625421528447878
70560.021,0.0681544468,0.05052944906011651,-0.01762499773988349
70640.021,0.0681173876,0.050521741824171115,-0.01759564577582888
70720.021,0.068098858,0.050514027169136576,-0.017584830830863422
70800.021,0.0680588335,0.050506323243132936,-0.017552510256867063
70880.021,0.0680306703,0.05049860894880332,-0.017532061351196677
70960.021,0.0679735914,0.05049092308269191,-0.017482668317308096
71040.021,0.0679683983,0.050483195858996174,-0.017485202441003822
71120.021,0.0679231882,0.05047549637470174,-0.01744769182529826
71210.021,0.0678868666,0.05047208423890431,-0.017414782361095685
71290.021,0.0678742677,0.050470320340084654,-0.01740394735991535
71370.021,0.0678083003,0.05046857450285041,-0.01733972579714959
71450.021,0.0678142309,0.05046679017155942,-0.017347440728440577
71530.021,0.0677593872,0.05046504880386982,-0.017294338396130184
71610.021,0.0677289963,0.050463286457318776,-0.01726570984268122
71690.021,0.0677289963,0.05046150342039184,-0.01726749287960816
71770.021,0.0676874891,0.050459746430547445,-0.017227742669452553
71850.021,0.0676415339,0.05045799512498543,-0.017183538775014565
71930.021,0.0676141083,0.050455935190766604,-0.0171581731092334
72010.021,0.0675852075,0.050453607160742917,-0.017131600339257078
72090.021,0.0675711185,0.05045128127663704,-0.01711983722336296
72180.021,0.0674910694,0.050448689271593496,-0.01704238012840651
72260.021,0.0674844012,0.05044635169367672,-0.01703804950632328
72340.021,0.06745179,0.05044403013254124,-0.017007759867458755
72420.021,0.0674132481,0.050441709774285984,-0.01697153832571402
72500.021,0.0674036145,0.050439373223051996,-0.016964241276948004
72580.021,0.0673798919,0.05043705007869077,-0.01694284182130923
72660.021,0.067349501,0.05043432273365532,-0.016915178266344685
72740.021,0.067279093,0.05043060423099256,-0.016848488769007436
72820.021,0.067262046,0.05042684511373372,-0.016835200886266284
72900.021,0.0672272071,0.05042310223247802,-0.016804104867521985
72980.021,0.0671805143,0.05041936247370339,-0.016761151826296602
73060.021,0.0671619847,0.05041560247067928,-0.01674638222932072
73150.021,0.0671130642,0.05041139775721868,-0.016701666442781322
73230.021,0.067110844,0.05040763139052282,-0.016703212609477186
73310.021,0.0670478418,0.05040389715127634,-0.016643944648723652
73390.021,0.0670241192,0.05040005716717807,-0.016624062032821928
73470.021,0.0669774264,0.05039228714421376,-0.016585139255786238
73550.021,0.0669485107,0.05038451019439376,-0.016564000505606247
73630.021,0.0669025555,0.05037674650498504,-0.016525808995014962
73710.021,0.0668499321,0.050368988716251895,-0.0164809433837481
73790.021,0.0668365881,0.050361205472026244,-0.016475382627973753
73870.021,0.0668299198,0.05035342216167099,-0.016476497638329007
73950.021,0.066778779,0.05034566346644223,-0.016433115533557766
74030.021,0.0667483881,0.05033788709798056,-0.01641050100201944
74120.021,0.0666816831,0.050329161810812276,-0.016352521289187724
74200.021,0.0666683391,0.05032444338967952,-0.01634389571032048
74280.021,0.0665853247,0.05032079388802918,-0.016264530811970823
74360.021,0.0665601268,0.0503171191628947,-0.016243007637105296
74440.021,0.0665578991,0.050313424588690134,-0.016244474511309864
74520.021,0.0664808154,0.05030977824768411,-0.016171037152315895
74600.021,0.0664400533,0.05030610993689915,-0.016133943363100846
74680.021,0.0664133728,0.05030242951905476,-0.016110943280945235
74760.021,0.0664096624,0.05029873790669524,-0.016110924493304757
74840.021,0.0663696378,0.05029506252488326,-0.016074575275116743
74920.021,0.0663229451,0.05029047892007324,-0.016032466179926763
75000.021,0.0662584603,0.05028406351051917,-0.01597439678948083
75090.021,0.0662095398,0.05027684006035696,-0.015932699739643036
75170.021,0.0661732256,0.05027040536244183,-0.015902820237558166
75250.021,0.0661413521,0.05026398027486652,-0.015877371825133477
75330.021,0.0661346838,0.05025754491959578,-0.015877138880404214
75410.021,0.0660865009,0.050251111714964505,-0.015835389185035492
75490.021,0.0660457388,0.050244679575131554,-0.01580105922486845
75570.021,0.0660168305,0.05023825618652772,-0.01577857431347228
75650.021,0.0659738407,0.05023183510619926,-0.015742005593800734
75730.021,0.0659182444,0.05022565215347474,-0.015692592246525264
75810.021,0.0658708066,0.05021946260212191,-0.01565134399787809
75890.021,0.0658500567,0.05021326710286158,-0.015636789597138427
75970.021,0.0657826066,0.05020709676294761,-0.015575509837052394
76060.021,0.0657477677,0.05020013064396665,-0.015547637056033348
76140.021,0.0657040402,0.05019394370965753,-0.015510096490342462
76220.021,0.0656958893,0.050187732859215545,-0.01550815644078446
76300.021,0.0656150952,0.05018156664108757,-0.015433528558912432
76380.021,0.0656173229,0.05017534717492633,-0.015441975725073664
76460.021,0.065573588,0.050178507727760814,-0.015395080272239188
76540.021,0.0655394942,0.05017364227658301,-0.015365851923416995
76620.021,0.06548094,0.05016534638046527,-0.015315593619534731
76700.021,0.0654564798,0.05015701564119513,-0.015299464158804864
76780.021,0.065400891,0.05014872208291965,-0.015252168917080353
76860.021,0.0653638318,0.050140406521432784,-0.01522342527856721
76950.021,0.0652963817,0.05013107316070981,-0.015165308539290191
77030.021,0.0652533919,0.05012277260674184,-0.015130619293258159
77110.021,0.0652407929,0.050114451328946055,-0.015126341571053942
77190.021,0.0651740879,0.050106158999224756,-0.01506792890077524
77270.021,0.065139994,0.05009697864644579,-0.015043015353554214
77350.021,0.0650962591,0.05008671397259059,-0.015009545127409409
77430.021,0.0650495663,0.05007644821235099,-0.014973118087649014
77510.021,0.0650399327,0.050066170125008275,-0.014973762574991722
77590.021,0.064971745,0.05005592010742689,-0.014915824892573107
77670.021,0.0649598837,0.050045633922106675,-0.014914249777893324
77750.021,0.0648939162,0.050035382105106066,-0.014858534094893933
77830.021,0.0648701936,0.05002511276308183,-0.01484508083691817
77920.021,0.0647945926,0.05001358199555471,-0.014781010604445297
78000.021,0.0647693872,0.05000377905539891,-0.014765608144601088
78080.021,0.0647056475,0.04999822831266616,-0.014707419187333842
78160.021,0.0646900833,0.049992654687176924,-0.014697428612823082
78240.021,0.0646263361,0.0499870739287771,-0.014639262171222904
78320.021,0.0645648167,0.04998153878232264,-0.014583277917677356
78400.021,0.0645292401,0.04997596849885036,-0.014553271601149637
78480.021,0.0645010769,0.04997038659257398,-0.014530690307426014
78560.021,0.0644299239,0.04996482734601098,-0.014465096553989025
78640.021,0.0643928647,0.04995926264162655,-0.014433602058373449
78720.021,0.0643535778,0.049953693250431475,-0.014399884549568531
78800.021,0.0643083677,0.04994573758890179,-0.014362630111098201
78890.021,0.0643061399,0.04993515128877674,-0.01437098861122326
78970.021,0.0642194226,0.04992576825280726,-0.01429365434719275
79050.021,0.0641719848,0.049916369158683256,-0.014255615641316742
79130.021,0.0641564205,0.04990695108199675,-0.014249469418003258
79210.021,0.0641052797,0.049897547614274645,-0.014207732085725358
79290.021,0.0640704408,0.04988814885721278,-0.014182291942787223
79370.021,0.0640118867,0.049878753772588436,-0.01413313292741157
79450.021,0.0639377683,0.04986937998236935,-0.014068388317630652
79530.021,0.0639029369,0.04985961926524305,-0.014043317634756948
79610.021,0.0638443828,0.0498488253280661,-0.0139955574719339
79690.021,0.0638006404,0.04983802154181855,-0.013962618858181446
79770.021,0.0637739599,0.04982721239125222,-0.013946747508747775
79860.021,0.0637139231,0.049815061473136336,-0.013898861626863664
79940.021,0.0636790842,0.049804245153166844,-0.013874839046833155
80020.021,0.0635864362,0.0497934743486287,-0.0137929618513713
80100.021,0.0635382608,0.04978268194516229,-0.013755578854837705
80180.021,0.0635078698,0.049771871096301844,-0.013735998703698162
80260.021,0.0634522811,0.049761072416030165,-0.013691208683969829
80340.021,0.0634107739,0.04975000055705575,-0.013660773342944244
80420.021,0.0633774176,0.049738887418419725,-0.013638530181580275
80500.021,0.0633144155,0.04972778040410136,-0.013586635095898636
80580.021,0.0632721707,0.049716661397893505,-0.0135555093021065
80660.021,0.0632180646,0.04970555706244608,-0.013512507537553918
80740.021,0.0631713718,0.04969443971223375,-0.01347693208776625
80830.021,0.0631009564,0.049681958279923236,-0.01341899812007677
80910.021,0.0630490705,0.049670846175412786,-0.013378224324587212
80990.021,0.0630246103,0.049659722119824334,-0.013364888180175671
81070.021,0.0629608706,0.04964810163484083,-0.013312768965159164
81150.021,0.0629045367,0.04963590583567547,-0.013268630864324532
81230.021,0.0628830418,0.049623687497954136,-0.013259354302045862
81310.021,0.0627992898,0.049611512386005044,-0.013187777413994961
81390.021,0.0627688989,0.049599301576430055,-0.01316959732356994
81470.021,0.0627221987,0.04958710419842713,-0.013135094501572867
81550.021,0.0626480803,0.049574923447331935,-0.01307315685266807
81630.021,0.0626110211,0.0495627166336402,-0.013048304466359795
81710.021,0.0625509843,0.049550531948699766,-0.013000452351300235
81800.021,0.0624939092,0.04953703024861314,-0.012956878951386863
81880.021,0.0624412857,0.049527494182399795,-0.012913791517600207
81960.021,0.0624168254,0.04951791415079558,-0.01289891124920442
82040.021,0.0623389967,0.04950838378500659,-0.012830612914993413
82120.021,0.062275257,0.049498836229397804,-0.012776420770602197
82200.021,0.0622293018,0.04948928399350574,-0.01274001780649426
82280.021,0.0622026213,0.04947970261778541,-0.01272291868221459
82360.021,0.0621166416,0.049470179105124586,-0.012646462494875416
82440.021,0.0620610528,0.04946062829350798,-0.012600424506492021
82520.021,0.0620180629,0.049451070644574116,-0.012566992255425881
82600.021,0.0619609915,0.04943947396710831,-0.012521517532891692
82680.021,0.061907623,0.04942620329186684,-0.012481419708133164
82770.021,0.0618431382,0.04941125831517271,-0.012431879884827295
82850.021,0.0618253537,0.04939796060147846,-0.01242739309852154
82930.021,0.0617401116,0.04938469267098654,-0.012355418929013463
83010.021,0.061722327,0.049371391751496074,-0.012350935248503926
83090.021,0.0616244785,0.04935813307154399,-0.012266345428456012
83170.021,0.0615748204,0.049344861333367226,-0.012229959066632774
83250.021,0.0615459122,0.04933156934478786,-0.01221434285521214
83330.021,0.0614806898,0.04931792620650563,-0.012162763593494372
83410.021,0.06141546,0.04930178945721077,-0.01211367054278923
83490.021,0.0613784008,0.04928562760195765,-0.012092773198042354
83570.021,0.0613146611,0.049269479598131466,-0.012045181501868535
83650.021,0.0612701885,0.04925332419880383,-0.012016864301196174
83740.021,0.0611864366,0.04923516788712318,-0.011951268712876821
83820.021,0.0611427017,0.04921902318315512,-0.011923678516844886
83900.021,0.0610700659,0.049202887616301004,-0.011867178283698994
83980.021,0.061057467,0.049186714118452254,-0.011870752881547743
84060.021,0.0609655567,0.049170586578012696,-0.011794970121987304
84140.021,0.0609225668,0.04915648126823155,-0.011766085531768451
84220.021,0.0608551241,0.04914327955047702,-0.011711844549522975
84300.021,0.0608217679,0.04913007253363395,-0.011691695366366044
84380.021,0.0607639514,0.04911687425791937,-0.01164707714208063
84460.021,0.060698729,0.04910368495876709,-0.011595044041232912
84540.021,0.0606572218,0.049090466226157314,-0.011566755573842687
84620.021,0.0606045984,0.04907726360692394,-0.011527334793076063
84710.021,0.0605831034,0.049062420964200146,-0.011520682435799852
84790.021,0.0605334379,0.04904921373976083,-0.01148422416023917
84870.021,0.060481552,0.04903578496589849,-0.011445767034101509
84950.021,0.0604333766,0.04902165371836554,-0.011411722881634459
85030.021,0.0603703745,0.04900753221587611,-0.011362842284123889
85110.021,0.060321454,0.04899339394638734,-0.011328060053612657
85190.021,0.0602517836,0.048979270405066874,-0.011272513194933123
85270.021,0.0602065735,0.04896514657694275,-0.011241426923057248
85350.021,0.0601517223,0.048951008525065856,-0.011200713774934146
85430.021,0.0600931682,0.04893688519919534,-0.011156283000804658
85510.021,0.0600353517,0.04892276657385616,-0.01111258512614384
85600.021,0.0599982925,0.04890685846190973,-0.011091434038090271
85680.021,0.0599360354,0.04889735368573581,-0.011038681714264184
85760.021,0.0598685853,0.04888906815115692,-0.010979517148843078
85840.021,0.0598241128,0.04888076285177061,-0.010943349948229396
85920.021,0.0597588904,0.048872456053319566,-0.010886434346680435
86000.021,0.0597210862,0.04886414468830549,-0.010856941511694515
86080.021,0.0596536361,0.04885584295276426,-0.010797793147235737
86160.021,0.0596195422,0.04884277087823354,-0.010776771321766458
86240.021,0.0595624708,0.048823693642168355,-0.010738777157831648
86320.021,0.0595150329,0.04880460870781344,-0.010710424192186561
86400.021,0.0594572239,0.04878554698011017,-0.010671676919889829
86480.021,0.0593675338,0.04876648663576766,-0.010601047164232338
86570.021,0.0593208335,0.04874502494245585,-0.010575808557544156
86650.021,0.0592541285,0.04872595248720028,-0.01052817601279972
86730.021,0.0592333786,0.0487068574852471,-0.010526521114752899
86810.021,0.0591585152,0.048687799105096345,-0.010470716094903652
86890.021,0.0591118224,0.04866872328173849,-0.010443099118261509
86970.021,0.0590732805,0.04865144825022372,-0.010421832249776282
87050.021,0.0590087958,0.04863422454870271,-0.010374571251297288
87130.021,0.0589480139,0.04861701571374406,-0.010330998186255935
87210.021,0.0589191131,0.048599776726593207,-0.010319336373406797
87290.021,0.0588286854,0.04858257453727897,-0.01024611086272103
87370.021,0.0587738343,0.048565361656880905,-0.010208472643119096
87450.021,0.0587271415,0.04854813750416761,-0.010179003995832395
87540.021,0.058687117,0.048528744961239344,-0.010158372038760653
87620.021,0.0586137362,0.048511529922952226,-0.010102206277047776
87700.021,0.0585633405,0.04849272453848396,-0.010070615961516038
87780.021,0.0585144199,0.048472254899735626,-0.010042165000264378
87860.021,0.0584499352,0.048451802228681756,-0.009998132971318241
87940.021,0.058400277,0.04843134690767015,-0.009968930092329853
88020.021,0.0583469085,0.04841089618706587,-0.009936012312934131
88100.021,0.0582987331,0.04839043134005736,-0.009908301759942638
88180.021,0.0582409091,0.04836996948929828,-0.00987093961070172
88260.021,0.058186803,0.04834951224279938,-0.00983729075720062
88340.021,0.0581386276,0.048329057417604196,-0.009809570182395803
88420.021,0.0580645092,0.04830861433144476,-0.009755894868555243
88510.021,0.058023002,0.04828836133080115,-0.009734640669198845
88590.021,0.0579577722,0.048270682820617576,-0.009687089379382424
88670.021,0.0579318292,0.0482529865038252,-0.009678842696174798
88750.021,0.0578451119,0.04823532224145103,-0.009609789658548973
88830.021,0.0577865578,0.048217643748582464,-0.009568914051417535
88910.021,0.0577428304,0.04819996193533123,-0.009542868464668772
88990.021,0.0577087365,0.04818226021263153,-0.009526476287368475
89070.021,0.0576605536,0.04816456240568781,-0.009495991194312187
89150.021,0.057588663,0.04814688676067118,-0.00944177623932882
89230.021,0.057544928,0.0481258531511452,-0.009419074848854805
89310.021,0.0574900843,0.04809930113176804,-0.009390783168231963
89390.021,0.0574374534,0.048072761122658264,-0.009364692277341734
89480.021,0.0573714934,0.04804291123674248,-0.00932858216325752
89560.021,0.0572914444,0.04801639185211447,-0.009275052547885534
89640.021,0.0572714321,0.04798983192540473,-0.00928160017459527
89720.021,0.0572150983,0.04796330054235876,-0.00925179775764124
89800.021,0.0571298636,0.04793679350393144,-0.00919307009606856
89880.021,0.0571313463,0.04791023058039513,-0.009221115719604864
89960.021,0.0570423938,0.04788371799403931,-0.009158675805960692
90040.021,0.0570290498,0.04786457491355056,-0.00916447488644944
90120.021,0.0569334365,0.04784660252347625,-0.009086833976523746
90200.021,0.056902308,0.047828585754364,-0.009073722245635997
90280.021,0.0568259619,0.04781060998401844,-0.00901535191598156
90360.021,0.0567829795,0.0477925935869683,-0.008990385913031695
90450.021,0.0567103364,0.047772346494149645,-0.008937989905850353
90530.021,0.0566732772,0.047754344955568594,-0.008918932244431403
90610.021,0.0566384457,0.04773631948154759,-0.008902126218452405
90690.021,0.0565954559,0.04771831665686482,-0.008877139243135178
90770.021,0.056530226,0.047698318878539425,-0.008831907121460578
90850.021,0.0564835332,0.047674703373429175,-0.008808829826570823
90930.021,0.0564279445,0.04765108720817542,-0.008776857291824577
91010.021,0.056353081,0.04762748270501932,-0.00872559829498068
91090.021,0.0563197322,0.047603859501665194,-0.008715872698334806
91170.021,0.0562396832,0.047580255587865584,-0.008659427612134417
91250.021,0.0562285669,0.0475566198535473,-0.008671947046452702
91330.021,0.0561500005,0.04753301080368802,-0.008616989696311979
91420.021,0.0561077483,0.047506437841392656,-0.008601310458607347
91500.021,0.0560284443,0.047482836181329924,-0.008545608118670077
91580.021,0.0559899025,0.0474548774174283,-0.008535025082571701
91660.021,0.0559342988,0.04742604432926315,-0.008508254470736845
91740.021,0.0558794551,0.04739720756597157,-0.008482247534028431
91820.021,0.0558201559,0.04736837461353772,-0.008451781286462283
91900.021,0.0557934754,0.047339521633295766,-0.008453953766704235
91980.021,0.0557208396,0.04731069171602858,-0.008410147883971424
92060.021,0.0556837805,0.04728185239800954,-0.00840192810199046
92140.021,0.0556385629,0.04725300841970258,-0.008385554480297423
92220.021,0.0555837192,0.04722417214371952,-0.008359547056280482
92300.021,0.0555281304,0.04719606771886907,-0.00833206268113093
92390.021,0.0554747619,0.0471684610544339,-0.008306300845566106
92470.021,0.0554213934,0.04714391218139431,-0.008277481218605685
92550.021,0.055360619,0.04711937999857021,-0.008241239001429791
92630.021,0.0553154089,0.047094837945352706,-0.008220570954647295
92710.021,0.0552761219,0.047070285588703194,-0.008205836311296809
92790.021,0.0552138649,0.04704574679127595,-0.008168118108724053
92870.021,0.0551782884,0.04702119254358633,-0.008157095856413665
92950.021,0.0551108383,0.04699665183323113,-0.008114186466768869
93030.021,0.0550708137,0.04697209753749529,-0.00809871616250471
93110.021,0.0550255962,0.04695848848217688,-0.008067107717823117
93190.021,0.0549640842,0.046946835541538647,-0.008017248658461353
93270.021,0.0549099706,0.04691486156370388,-0.007995109036296126
93360.021,0.0548973717,0.04687885133923171,-0.008018520360768291
93440.021,0.054812137,0.04684690036318938,-0.007965236636810619
93520.021,0.0548128746,0.04681488816283702,-0.007997986437162978
93600.021,0.0547506176,0.04678292016599949,-0.007967697434000512
93680.021,0.0547113232,0.04675092828421813,-0.00796039491578187
93760.021,0.0546446182,0.046718956292274856,-0.007925661907725146
93840.021,0.054625351,0.04668695704887367,-0.007938393951126332
93920.021,0.0545608662,0.04665499480876922,-0.007905871391230779
94000.021,0.0545208417,0.04662395908412535,-0.00789688261587465
94080.021,0.0544778518,0.04659350607975053,-0.007884345720249465
94160.021,0.0544400476,0.04656305401683258,-0.007876993583167423
94240.021,0.0543859415,0.046532602668520356,-0.007853338831479643
94330.021,0.0543436967,0.04649831455428821,-0.007845382145711788
94410.021,0.0542562343,0.046467897924155344,-0.007788336375844654
94490.021,0.0542391874,0.046437427561849556,-0.007801759838150443
94570.021,0.0541895293,0.04640697806383196,-0.007782551236168035
94650.021,0.054164324,0.046376496493349975,-0.007787827506650025
94730.021,0.0541072525,0.046345701142663384,-0.007761551357336617
94810.021,0.0540650077,0.04631034014308956,-0.007754667556910441
94890.021,0.0540435128,0.046274965762967524,-0.007768547037032475
94970.021,0.0539819933,0.04623962173275052,-0.007742371567249481
95050.021,0.0539278872,0.04620427314596437,-0.007723614054035634
95130.021,0.0539071299,0.04616890420109514,-0.007738225698904866
95220.021,0.0538685881,0.04612913155960179,-0.007739456540398211
95300.021,0.0538300462,0.046093766946391126,-0.007736279253608876
95380.021,0.0537855737,0.04605841360833293,-0.007727160091667067
95460.021,0.0537596308,0.04602303581112571,-0.007736594988874287
95540.021,0.0536907054,0.04598800420257484,-0.007702701197425159
95620.021,0.0536610521,0.045953249446074096,-0.007707802653925906
95700.021,0.0536277033,0.04591850057537085,-0.007709202724629154
95780.021,0.0535898991,0.04588373902971813,-0.007706160070281867
95860.021,0.0535669215,0.04584897453227614,-0.007717946967723863
95940.021,0.0535231866,0.045814220581401596,-0.007708966018598405
96020.021,0.053482417,0.04577947030910802,-0.007702946690891978
96100.021,0.0534453578,0.04574470759838334,-0.007700650201616664
96190.021,0.0534001477,0.045705604592727114,-0.007694543107272883
96270.021,0.0533831008,0.045670856603854434,-0.007712244196145565
96350.021,0.0533616059,0.04566410263117833,-0.007697503268821668
96430.021,0.0533119477,0.04562339130206101,-0.007688556397938993
96510.021,0.0532882251,0.04558266004442482,-0.007705565055575181
96590.021,0.0532511659,0.04554194481093025,-0.007709221089069754
96670.021,0.0532074384,0.04550123346338446,-0.007706204936615543
96750.021,0.0531733446,0.04546050179044313,-0.0077128428095568705
96830.021,0.053145919,0.04541977408318913,-0.007726144916810868
96910.021,0.0531184934,0.04537904232682426,-0.007739451073175745
96990.021,0.0530851372,0.045338314251519976,-0.007746822948480024
97070.021,0.0530606844,0.04529757530361842,-0.0077631090963815805
97160.021,0.0530117638,0.04525119171282692,-0.0077605720871730816
97240.021,0.0529954545,0.04520953512970864,-0.007785919370291355
97320.021,0.0529583953,0.04516789227842294,-0.007790503021577064
97400.021,0.0529376455,0.04512623031847107,-0.007811415181528926
97480.021,0.0529050343,0.045084578964954825,-0.007820455335045176
97560.021,0.0528738983,0.045042924149958835,-0.007830974150041164
97640.021,0.0528509207,0.045001265942381075,-0.007849654757618924
97720.021,0.0528168269,0.04495961653636453,-0.007857210363635472
97800.021,0.052787181,0.044917958634858965,-0.007869222365141038
97880.021,0.0527382605,0.04487631142818246,-0.007861949071817545
97960.021,0.0527308472,0.04483026277637722,-0.007900584423622778
98040.021,0.0526848994,0.04478380463794174,-0.007901094762058261
98130.021,0.0526515432,0.044731548463162324,-0.007919994736837674
98210.021,0.0526411645,0.04468506604005558,-0.007956098459944418
98290.021,0.0526048504,0.04463860064603696,-0.00796624975396304
98370.021,0.0525811277,0.044592132581580984,-0.007988995118419016
98450.021,0.0525507443,0.04454566167706697,-0.008005082622933028
98530.021,0.0525285043,0.04449919361763155,-0.008029310682368451
98610.021,0.0525114574,0.04445270316971088,-0.008058754230289122
98690.021,0.0524603166,0.044406338547896274,-0.008053978052103727
98770.021,0.0524684675,0.04436011237250747,-0.008108355127492528
98850.021,0.0524054654,0.04431394461382052,-0.008091520786179474
98930.021,0.0523958318,0.04426774642057252,-0.008128085379427483
99010.021,0.0523787849,0.044221537854757464,-0.008157247045242538
99100.021,0.0523691513,0.04416954338157693,-0.008199607918423071
99180.021,0.052322451,0.04412335082882249,-0.00819910017117751
99260.021,0.0523343123,0.044077122423415285,-0.008257189876584713
99340.021,0.052322451,0.04403088804758351,-0.008291562952416488
99420.021,0.0522987358,0.04398401115911114,-0.008314724640888865
99500.021,0.0522579588,0.043929373857119335,-0.008328584942880662
99580.021,0.0522275753,0.04387473449592906,-0.008352840804070942
99660.021,0.0521964394,0.043820098100835675,-0.008376341299164328
99740.021,0.0522134937,0.043765404358107426,-0.008448089341892576
99820.021,0.0521571599,0.04371078089298716,-0.008446379007012839
99900.021,0.0521571599,0.04365611134853896,-0.00850104855146104
99980.021,0.052126769,0.043601468945038226,-0.008525300054961778
100070.021,0.0520934202,0.0435399733186663,-0.0085534468813337
100150.021,0.0520963781,0.04348529237565385,-0.00861108572434615
100230.021,0.0520608015,0.04343049989906467,-0.00863030160093533
100310.021,0.0520556159,0.04337551523577105,-0.008680100664228946
100390.021,0.0520326383,0.04332055312883677,-0.00871208517116323
100470.021,0.0520089231,0.04326558296802422,-0.00874334013197578
100550.021,0.0519896485,0.043210603912812034,-0.008779044587187965
100630.021,0.0519770496,0.043155609757638644,-0.008821439842361355
100710.021,0.05195852,0.043100629754590426,-0.008857890245409575
100790.021,0.0519466586,0.04304563774159177,-0.008901020858408229
100870.021,0.0519266464,0.04299065012637029,-0.00893599627362971
100950.021,0.0519221984,0.04293563543478556,-0.00898656296521444
101040.021,0.0519029312,0.04287213672775704,-0.009030794472242962
101120.021,0.0518851392,0.042815237112383,-0.009069902087617002
101200.021,0.0518584587,0.04275832869412079,-0.009100130005879212
101280.021,0.0518354811,0.04270143817544576,-0.009134042924554234
101360.021,0.0518369637,0.04264451771722595,-0.00919244598277405
101440.021,0.0518139862,0.04258760180367438,-0.009226384396325622
101520.021,0.0518088005,0.042530680279446356,-0.009278120220553646
101600.021,0.0517821126,0.04247376157624287,-0.009308351023757128
101680.021,0.0517709963,0.042416842102094385,-0.009354154197905612
101760.021,0.0517613627,0.042359422487175113,-0.009401940212824887
101840.021,0.0517457984,0.042297934978160534,-0.009447863421839467
101920.021,0.0517391302,0.04223644990463998,-0.009502680295360014
102010.021,0.0517139249,0.04216727641178063,-0.009546648488219373
102090.021,0.0517013259,0.04210578147723982,-0.009595544422760179
102170.021,0.0516642667,0.04204430178805671,-0.009619964911943293
102250.021,0.051693175,0.041982766555049435,-0.009710408444950566
102330.021,0.0516509227,0.04192129035621159,-0.00972963234378841
102410.021,0.0516768657,0.04185974499148867,-0.009817120708511325
102490.021,0.0516257249,0.04179826220593316,-0.00982746269406684
102570.021,0.0516524054,0.04173113536122443,-0.009921270038775569
102650.021,0.0516279452,0.04166192928868638,-0.009966015911313617
102730.021,0.0516020022,0.041592737876754896,-0.010009264323245101
102810.021,0.0516212769,0.04152349523378718,-0.010097781666212821
102890.021,0.051608678,0.041454266203174134,-0.010154411796825864
102980.021,0.0515760668,0.04137640328206865,-0.010199663517931348
103060.021,0.0515516065,0.04130719564528353,-0.010244410854716467
103140.021,0.0515642054,0.04123795497172317,-0.010326250428276833
103220.021,0.0515456758,0.04116872329617628,-0.01037695250382372
103300.021,0.0515360422,0.041099154069539325,-0.010436888130460675
103380.021,0.0515501238,0.041026321799199184,-0.010523802000800817
103460.021,0.0515219606,0.040953506088467,-0.010568454511533001
103540.021,0.051484894,0.040880710786789745,-0.010604183213210258
103620.021,0.0515278839,0.04080784616973788,-0.010720037730262123
103700.021,0.0514811911,0.04073504034485255,-0.010746150755147447
103780.021,0.0514693297,0.04066221811602777,-0.010807111583972226
103860.021,0.0514693297,0.04058937635399852,-0.010879953346001475
103950.021,0.0514789708,0.04050740975350781,-0.01097156104649219
104030.021,0.0514574759,0.04043454419103436,-0.011022931708965643
104110.021,0.0514633991,0.040361016202649785,-0.011102382897350216
104190.021,0.0514530279,0.04028671138729302,-0.011166316512706977
104270.021,0.0514307879,0.040212390055975336,-0.01121839784402466
104350.021,0.051427085,0.04013806762075246,-0.011289017379247535
104430.021,0.0514278226,0.04006372969429058,-0.011364092905709416
104510.021,0.0514167063,0.039989388846932435,-0.011427317453067562
104590.021,0.051414486,0.039915050283388306,-0.011499435716611696
104670.021,0.0513863154,0.0398407300010333,-0.011545585398966697
104750.021,0.0513929911,0.0397663718746941,-0.011626619225305904
104840.021,0.0513677858,0.03968272709646082,-0.011685058703539183
104920.021,0.0513952114,0.039604287910928404,-0.011790923489071597
105000.021,0.0513892807,0.03952490179352417,-0.011864378906475827
105080.021,0.0513685308,0.039445518537912526,-0.011923012262087473
105160.021,0.0513640828,0.039366115179547155,-0.011997967620452847
105240.021,0.0513336919,0.039286742088076886,-0.012046949811923113
105320.021,0.051338885,0.03920734536178523,-0.01213153963821477
105400.021,0.0513359196,0.03912793198168171,-0.012207987618318289
105480.021,0.0513203554,0.03904852464526204,-0.012271830754737964
105560.021,0.0513514839,0.03896906066273146,-0.012382423237268542
105640.021,0.0513359196,0.03888959745748406,-0.01244632214251594
105720.021,0.0513203554,0.0388096846082828,-0.0125106707917172
105810.021,0.0513314717,0.038719735485111706,-0.012611736214888293
105890.021,0.051316645,0.03863980456562255,-0.012676840434377452
105970.021,0.0513144247,0.03855256774713355,-0.012761856952866447
106050.021,0.0513225757,0.038464120975735344,-0.012858454724264654
106130.021,0.0513188727,0.03837567281891201,-0.01294319988108799
106210.021,0.0513151623,0.038287201699037224,-0.013027960600962778
106290.021,0.0512892194,0.038198768196227494,-0.013090451203772509
106370.021,0.0513010807,0.0381102651414616,-0.013190815558538405
106450.021,0.0513159074,0.03802176393225348,-0.013294143467746516
106530.021,0.0512929298,0.03793327604017038,-0.013359653759829615
106610.021,0.0512647666,0.03784479560282466,-0.013419970997175339
106690.021,0.0512869991,0.0377559875994688,-0.013531011500531202
106780.021,0.0512580909,0.037652143564845364,-0.013605947335154633
106860.021,0.051245492,0.037559855571250134,-0.013685636428749863
106940.021,0.0512499399,0.03746753296252747,-0.013782406937472527
107020.021,0.0512692071,0.037375151378123445,-0.013894055721876554
107100.021,0.0512558706,0.037282796045426864,-0.01397307455457314
107180.021,0.051236596,0.03719043824049818,-0.01404615775950182
107260.021,0.0512306653,0.03709805346699102,-0.014132611833008978
107340.021,0.0512277,0.03700567139266407,-0.01422202860733593
107420.021,0.0512262173,0.03691328473184808,-0.014312932568151922
107500.021,0.0512262173,0.03681667970489297,-0.014409537595107033
107580.021,0.0512254797,0.03671411424951387,-0.014511365450486133
107660.021,0.0512158461,0.0366115176257983,-0.014604328474201698
107750.021,0.0512202941,0.03649609535218569,-0.014724198747814311
107830.021,0.0512121357,0.03639348090315284,-0.014818654796847158
107910.021,0.0512032472,0.03629084858357161,-0.014912398616428395
107990.021,0.0512025021,0.0361882024148014,-0.015014299685198601
108070.021,0.0511965714,0.036085551159975804,-0.015111020240024198
108150.021,0.0512039848,0.03598285828158971,-0.015221126518410288
108230.021,0.0511973165,0.03588017628432891,-0.015317140215671092
108310.021,0.0511973165,0.03578328538953415,-0.015414031110465846
108390.021,0.0511987992,0.035688374019342384,-0.015510425180657615
108470.021,0.0511891581,0.03559344021220778,-0.015595717887792217
108550.021,0.0511691459,0.0354985270108939,-0.0156706188891061
108630.021,0.0512039848,0.03540352543632135,-0.015800459363678646
108720.021,0.0511980541,0.03529067068458577,-0.015907383415414228
108800.021,0.0511847176,0.035179005892170725,-0.016005711707829273
108880.021,0.0511958338,0.035067300671825216,-0.016128533128174784
108960.021,0.0511936061,0.03495557804325794,-0.016238028056742057
109040.021,0.0511647053,0.03484387283386741,-0.01632083246613259
109120.021,0.051148396,0.03473214599315964,-0.016416250006840362
109200.021,0.0511498787,0.03462040321047407,-0.01652947548952593
109280.021,0.0511691459,0.03450861935037626,-0.016660526549623737
109360.021,0.0511328317,0.034396849733433155,-0.016735981966566844
109440.021,0.0511506163,0.03428503519338526,-0.016865581106614742
109520.02100000001,0.0511676632,0.03417093787247634,-0.016996725327523658
109600.02100000001,0.0511543266,0.034055060322501836,-0.017099266277498165
109690.02100000001,0.051130604,0.03392469137055684,-0.01720591262944316
109770.02100000001,0.0511395,0.03380876759215727,-0.017330732407842726
109850.02100000001,0.0511491336,0.03369279286330597,-0.017456340736694033
109930.02100000001,0.0511609949,0.03357677573424135,-0.017584219165758648
110010.02100000001,0.0511476509,0.0334607555586174,-0.017686895341382604
110090.02100000001,0.0511328317,0.03334472169472493,-0.017788110005275068
110170.02100000001,0.0511587746,0.033228629152015826,-0.017930145447984172
110250.02100000001,0.0511068888,0.03311260468273912,-0.01799428411726088
110330.02100000001,0.0511076264,0.032987235521493005,-0.018120390878506996
110410.02100000001,0.0511335693,0.03286047089620507,-0.01827309840379493
110490.02100000001,0.0511024408,0.03273376490291076,-0.018368675897089244
110570.02100000001,0.0511239357,0.032606956549250686,-0.01851697915074931
110660.02100000001,0.0511291213,0.03246426254156971,-0.018664858758430283
110740.02100000001,0.0510876141,0.03233745036230692,-0.01875016373769308
110820.02100000001,0.0510994755,0.03221057026622002,-0.01888890523377998
110900.02100000001,0.0511039235,0.03208365004538922,-0.019020273454610784
110980.02100000001,0.0510868765,0.031956717848270345,-0.019130158651729658
111060.02100000001,0.0511017032,0.03183048183524426,-0.019271221364755738
111140.02100000001,0.0510779805,0.0317075416048835,-0.0193704388951165
111220.02100000001,0.0510957725,0.03158449148473004,-0.019511281015269957
111300.02100000001,0.051064644,0.031461474312635476,-0.019603169687364523
111380.02100000001,0.0510942899,0.03133833141705946,-0.01975595848294054
111460.02100000001,0.0510705672,0.031215212739271025,-0.019855354460728974
111540.02100000001,0.0510727949,0.031084149273644855,-0.019988645626355148
111630.02100000001,0.051059451,0.030916288009081836,-0.020143162990918163
111710.02100000001,0.0510542654,0.030767023393127715,-0.020287242006872284
111790.02100000001,0.0510335006,0.030617737405067035,-0.020415763194932962
111870.02100000001,0.0510527827,0.030468381869744463,-0.020584400830255537
111950.02100000001,0.0510587133,0.030318937579695747,-0.020739775720304256
112030.02100000001,0.0510372184,0.030169526932730353,-0.020867691467269647
112110.02100000001,0.0510542654,0.030019997021609453,-0.021034268378390546
112190.02100000001,0.0510483347,0.029870465786047698,-0.021177868913952305
112270.02100000001,0.051055748,0.029720826626845602,-0.021334921373154396
112350.02100000001,0.051046852,0.029571664401547283,-0.021475187598452714
112430.02100000001,0.0510312803,0.02942280067538866,-0.02160847962461134
112510.02100000001,0.0510097854,0.02927391015596121,-0.02173587524403879
112600.02100000001,0.0510394387,0.029106250618354153,-0.02193318808164585
112680.02100000001,0.0510438867,0.028957162278427526,-0.022086724421572473
112760.02100000001,0.0510120057,0.028808075831265427,-0.022203929868734575
112840.02100000001,0.0509868078,0.028658945504117884,-0.022327862295882114
112920.02100000001,0.051020164,0.02850965671063116,-0.02251050728936884
113000.02100000001,0.0510016344,0.028360352319876884,-0.02264128208012312
113080.02100000001,0.0509742089,0.028211012482712714,-0.022763196417287284
113160.02100000001,0.0509764291,0.028047414478485598,-0.0229290146215144
113240.02100000001,0.0509845875,0.02788234492969139,-0.023102242570308608
113320.02100000001,0.0509971865,0.02771715685099587,-0.02328002964900413
113400.02100000001,0.0509623475,0.02755198797079341,-0.023410359529206587
113480.02100000001,0.0509897731,0.02738665299170908,-0.023603120108290923
113570.02100000001,0.0509601273,0.0272006530897114,-0.023759474210288598
113650.02100000001,0.0509986691,0.02703513367982647,-0.02396353542017353
113730.02100000001,0.0509393699,0.02686964677210575,-0.024069723127894252
113810.02100000001,0.0509727262,0.026703967364397667,-0.024268758835602332
113890.02100000001,0.0509630926,0.02654014651104624,-0.024422946088953762
113970.02100000001,0.0509519689,0.02638348821234708,-0.024568480687652917
114050.02100000001,0.050930474,0.026226749883975668,-0.024703724116024336
114130.02100000001,0.0509593822,0.026044916463982125,-0.024914465736017875
114210.02100000001,0.0509238057,0.025863036792994336,-0.025060768907005662
114290.02100000001,0.0509386323,0.025680993766454843,-0.02525763853354516
114370.02100000001,0.0508934148,0.025498910658669695,-0.025394504141330307
114460.02100000001,0.0509119444,0.025293855290802896,-0.025618089109197103
114540.02100000001,0.0508971252,0.02511148506870968,-0.025785640131290317
114620.02100000001,0.0509260334,0.024928941613610887,-0.025997091786389113
114700.02100000001,0.0509037934,0.024746275253923027,-0.026157518146076975
114780.02100000001,0.0509141721,0.024563445084740787,-0.026350727015259215
114860.02100000001,0.0508904494,0.02437927479444869,-0.026511174605551312
114940.02100000001,0.0509104617,0.024191836401358732,-0.026718625298641267
115020.02100000001,0.0508667342,0.02400430960644475,-0.02686242459355525
115100.02100000001,0.0509030558,0.023816536314937423,-0.027086519485062577
115180.02100000001,0.0508845262,0.023628633040553904,-0.0272558931594461
115260.02100000001,0.0508489497,0.023440619910197504,-0.027408329789802496
115340.02100000001,0.0508393086,0.023252407729892365,-0.027586900870107636
115430.02100000001,0.0508267097,0.02304046111516664,-0.027786248584833362
115510.02100000001,0.050838571,0.02285181085736897,-0.027986760142631028
115590.02100000001,0.0508356057,0.02266291393021131,-0.02817269176978869
115670.02100000001,0.0508155935,0.022465607904838845,-0.028349985595161154
115750.02100000001,0.0508052148,0.022262101940948666,-0.028543112859051332
115830.02100000001,0.0508445017,0.02205824441091178,-0.02878625728908822
115910.02100000001,0.0508074425,0.021854224962221308,-0.028953217537778693
115990.02100000001,0.0507837199,0.021649951430279944,-0.02913376846972006
116070.02100000001,0.0508326404,0.02144529897132282,-0.029387341428677178
116150.02100000001,0.0508000292,0.021240430454757694,-0.029559598745242305
116230.02100000001,0.0507829823,0.02103528650171966,-0.029747695798280342
116310.02100000001,0.0507933535,0.020829767153576685,-0.029963586346423314
116400.02100000001,0.0507703759,0.020590420613626967,-0.03017995528637303
116480.02100000001,0.0507837199,0.0203624121975438,-0.030421307702456202
116560.02100000001,0.0507881679,0.02013401742617891,-0.03065415047382109
116640.02100000001,0.0507807545,0.019905237313909634,-0.030875517186090363
116720.02100000001,0.0507607423,0.019676070875223772,-0.03108467142477623
116800.02100000001,0.05074073,0.019446471136763115,-0.03129425886323688
116880.02100000001,0.050731834,0.019216425249907732,-0.031515408750092275
116960.02100000001,0.0507199802,0.018985889730971345,-0.031734090469028656
117040.02100000001,0.0507177524,0.01875479049887485,-0.03196296190112515
117120.02100000001,0.0507184975,0.01852310662528821,-0.03219539087471179
117200.02100000001,0.0507251658,0.018284166469263598,-0.0324409993307364
117280.02100000001,0.0506844036,0.018038363956772878,-0.03264603964322712
117370.02100000001,0.0507229455,0.017760881857503914,-0.032962063642496084
117450.02100000001,0.0506755076,0.01751359646104888,-0.033161911138951124
117530.02100000001,0.050660681,0.01726548299261391,-0.03339519800738609
117610.02100000001,0.0506584607,0.01701652290215166,-0.03364193779784834
117690.02100000001,0.0506895892,0.01676653240473865,-0.03392305679526135
117770.02100000001,0.0506717972,0.01651559482705975,-0.03415620237294025
117850.02100000001,0.0506414138,0.016263666400634896,-0.034377747399365104
117930.02100000001,0.0506325178,0.016010560595683697,-0.0346219572043163
118010.02100000001,0.0506584607,0.01574982738562604,-0.03490863331437396
118090.02100000001,0.0506184362,0.015486165123285312,-0.03513227107671468
118170.02100000001,0.0506206565,0.015220977594139911,-0.035399678905860085
118250.02100000001,0.0505939759,0.014954150111885355,-0.03563982578811464
118340.02100000001,0.0506265871,0.014651622491070448,-0.03597496460892956
118420.02100000001,0.0506214015,0.014380568270435469,-0.036240833229564534
118500.02100000001,0.0505717434,0.01409766613467402,-0.03647407726532598
118580.02100000001,0.0505732186,0.01379705850027105,-0.03677616009972895
118660.02100000001,0.0505658127,0.013493619620622052,-0.037072193079377945
118740.02100000001,0.0505895279,0.013186798365014785,-0.03740272953498522
118820.02100000001,0.050585825,0.012876313039152421,-0.03770951196084758
118900.02100000001,0.0505406074,0.012561809173813622,-0.037978798226186376
118980.02100000001,0.0505672954,0.01224234425906853,-0.03832495114093147
119060.02100000001,0.0505517311,0.011917345122204583,-0.038634385977795414
119140.02100000001,0.0505124442,0.01158584121397277,-0.03892660298602723
119220.02100000001,0.0505480208,0.011246417725100991,-0.03930160307489901
119310.02100000001,0.0504991002,0.010848688737068957,-0.039650411462931044
119390.02100000001,0.0504902117,0.010479826967474052,-0.04001038473252595
119470.02100000001,0.0504939146,0.010096405999395439,-0.040397508600604565
119550.02100000001,0.0504716821,0.009694738683606818,-0.04077694341639318
119630.02100000001,0.050466489,0.009269254813920703,-0.041197234186079304
119710.02100000001,0.0504494421,0.008811921517676173,-0.041637520582323825
119790.02100000001,0.0504805706,0.008310071954333661,-0.04217049864566634
119870.02100000001,0.0504368432,0.007743510487320323,-0.04269333271267967
119950.02100000001,0.0504479595,0.007074229082485065,-0.04337373041751494
120030.02100000001,0.0504309125,0.006210215795784134,-0.04422069670421587
