time_s,voltage_exp_V,voltage_sim_V,residual_V
0.0,3.55367374420166,3.4837895018685874,-0.06988424233307278
3.0229847844711912,3.553058385848999,3.4837824649993365,-0.0692759208496625
7.044410867410988,3.552442789077759,3.483777032930624,-0.06866575614713488
11.067444156795318,3.550903797149658,3.483745578580435,-0.06715821856922322
14.07958039400637,3.550595998764038,3.4837500950099427,-0.06684590375409538
18.093728045271746,3.4437997341156006,3.45273967892843,0.008939944812829559
22.10809666336263,3.4290266036987305,3.442786564416218,0.01375996071748764
26.12216231822731,3.4176392555236816,3.4363319480015093,0.018692692477827677
29.146480217887074,3.410252571105957,3.4322836160494665,0.022031044943509492
33.17249424966667,3.40071177482605,3.4275156594624017,0.02680388463635186
37.20280173616902,3.393017530441284,3.4232599114455486,0.030242381004264463
40.21811735494248,3.3874776363372803,3.420313520905751,0.03283588456847086
44.24505836950357,3.284682273864746,3.3909954155689572,0.10631314170421113
48.27638330430182,3.2677547931671143,3.3807490996638165,0.11299430649670228
52.2844639918394,3.255444049835205,3.3735333167419226,0.1180892669067175
55.301719422175665,3.2474420070648193,3.368883784699622,0.12144177763480268
59.317121271907126,3.5462872982025146,3.43966285993202,-0.10662443827049461
63.34301519628207,3.558290481567383,3.4553998504590915,-0.10289063110829133
66.3523762595405,3.4634969234466553,3.4361039593762595,-0.02739296407039582
70.37257008671259,3.4638047218322754,3.435241118688407,-0.0285636031438683
74.39064894569219,3.4644203186035156,3.4359269003203194,-0.02849341828319618
78.41710837576011,3.465651512145996,3.436667255666685,-0.02898425647931102
81.42364229551458,3.365933656692505,3.4104884345712856,0.044554777878780705
85.4450529800697,3.357623815536499,3.4031722133340696,0.04554839779757058
89.4656209879995,3.351468563079834,3.398731956051944,0.04726339297211002
93.49352324675056,3.34592866897583,3.395088883638113,0.04916021466228271
96.50168901036523,3.3422353267669678,3.3926873680516016,0.050452041284633875
100.51422252591328,3.337618827819824,3.3897425914418706,0.052123763622046404
104.54007949416336,3.2366700172424316,3.3633164020204935,0.1266463847780619
107.5642734368239,3.228360176086426,3.3572002970771697,0.12884012099074393
111.57843263687755,3.2191269397735596,3.3514388380517834,0.13231189827822387
115.58999374440646,3.211740493774414,3.3467015611944895,0.1349610674200754
119.60212728690112,3.509354829788208,3.4140342901485763,-0.09532053963963172
122.61826325464153,3.5158181190490723,3.4238130209964,-0.0920050980526721
126.64729536989853,3.3216147422790527,3.3801409525983717,0.05852621031931893
130.6706955258078,3.316998243331909,3.37451327073007,0.05751502739816061
133.68951350727184,3.313920497894287,3.3722218970040583,0.05830139910977117
137.7115805479907,3.310534954071045,3.369740950793668,0.059205996722623055
141.7360370331171,3.307765007019043,3.36756828875649,0.0598032817374472
145.75422676046855,3.304687261581421,3.365593498796913,0.060906237215492265
148.7673881451683,3.3028407096862793,3.364196767871154,0.06135605818487466
152.7887464752148,3.2997629642486572,3.3623866917813414,0.06262372753268419
156.80767955960619,3.2973008155822754,3.3606675092346494,0.06336669365237402
160.8389567594104,3.295454263687134,3.359017257134878,0.06356299344774419
163.85601124082132,3.293607473373413,3.357806097629685,0.06419862425627176
167.87827268615274,3.2911453247070312,3.3562456637626075,0.06510033905557622
171.90542812322565,3.1892733573913574,3.333201813188619,0.14392845579726155
174.91957769928922,3.1846566200256348,3.3293598658174846,0.1447032457918498
178.9358972927712,3.1803479194641113,3.3257482163319256,0.1454002968678143
182.947081524826,3.4730379581451416,3.389631576471402,-0.08340638167373982
186.9622878150667,3.479808807373047,3.398089164350629,-0.08171964302241808
189.98544506145026,3.3853232860565186,3.378702374411735,-0.0066209116447835115
194.00353084970266,3.38655424118042,3.3782513268514633,-0.008302914328956579
198.02985053942575,3.38716983795166,3.378629009126127,-0.008540828825533087
201.0508504720574,3.3874776363372803,3.3789309435437263,-0.008546692793554023
205.06914067387243,3.2917609214782715,3.355280079894418,0.0635191584161463
209.09349514469704,3.288067579269409,3.3516953587502347,0.06362777948082554
213.10950138104363,3.284990072250366,3.3493977017440617,0.0644076294936955
216.12562541503485,3.2831432819366455,3.347969599366877,0.06482631743023148
220.14888506067928,3.280988931655884,3.3462669189639667,0.06527798730808287
224.1690504008393,3.278834581375122,3.3447291428613397,0.06589456148621764
228.1803916964218,3.2772958278656006,3.343310771406374,0.06601494354077353
231.19555102158756,3.27606463432312,3.3423042178728197,0.06623958354969961
235.220591490468,3.2739102840423584,3.3410250088397233,0.06711472479736491
239.24017400175126,3.272371292114258,3.3398098434926506,0.06743855137839283
242.2550388328027,2.586350440979004,3.242242597279185,0.6558921563001809
246.27714552436282,2.569115400314331,3.2306317571098835,0.6615163567955524
250.29640351468151,2.8479554653167725,3.2541695889488604,0.406214123632088
254.31158439758747,2.8427233695983887,3.2528533029773583,0.41012993337896964
257.3237364181441,2.8393380641937256,3.251623753904596,0.41228568971087043
261.34404149864804,2.835336923599243,3.2501463420568477,0.41480941845760455
265.35320122802204,2.83133602142334,3.2488796444686203,0.4175436230452805
268.3593775202826,2.829181671142578,3.2480592544202036,0.4188775832776255
272.3845800571671,3.4939663410186768,3.3605449979201616,-0.13342134309851517
276.40087116363793,3.5099704265594482,3.3665914465070212,-0.143378980052427
280.4181046512749,3.1375677585601807,3.293293002711617,0.1557252441514363
283.43770025118647,3.1347978115081787,3.2918009142069726,0.15700310269879392
287.46231418479965,3.1338746547698975,3.2908573328308233,0.1569826780609258
291.47458746764005,3.1332590579986572,3.290170017780518,0.15691095978186098
295.4926151269892,3.1332590579986572,3.2895709485619564,0.1563118905632992
298.51183500630395,3.132643461227417,3.2891667791065746,0.15652331787915763
302.5381889574337,3.132643461227417,3.288651864098707,0.15600840287129003
306.55831580163067,3.132335662841797,3.288173142606163,0.15583747976436602
309.5742758428214,3.1320278644561768,3.2878198182710534,0.15579195381487665
313.58666923306464,3.710329055786133,3.3922394730086154,-0.3180895827775174
317.6120704091163,3.722640037536621,3.399506695570159,-0.32313334196646215
321.6332616666823,3.346544027328491,3.334069596598554,-0.012474430729937147
324.6500258885353,3.34562087059021,3.332703868768273,-0.012917001821937113
328.67327629514875,3.34592866897583,3.3321706069223476,-0.013758062053482512
332.68965132281755,3.34592866897583,3.331943147512731,-0.013985521463099282
335.70356068407364,3.34623646736145,3.331856889443939,-0.0143795779175111
339.7188836170808,3.3468518257141113,3.331798792537126,-0.015053033176985142
343.733217973765,3.3471596240997314,3.3317633847633426,-0.015396239336388895
347.75524228396534,3.3477752208709717,3.3317439716677244,-0.016031249203247278
350.75935519262384,3.3474674224853516,3.3317275355494784,-0.015739886935873137
354.7756058783334,3.348083019256592,3.3317282133060786,-0.016354805950513196
358.8017065260283,3.348390817642212,3.3317169720538327,-0.016673845588379255
362.00551242593883,3.348390817642212,3.331715336704817,-0.016675480937395015
365.02365788293355,3.349006414413452,3.3317224815113535,-0.01728393290209862
369.0479973403326,3.349313974380493,3.331714541661917,-0.017599432718576224
373.0740668062981,3.349313974380493,3.331714478317368,-0.017599496063125386
376.0791813799069,3.3496217727661133,3.3317146150494095,-0.017907157716703814
380.09343681986866,3.252366304397583,3.3110003294225345,0.05863402502495152
384.1026184919401,3.2508275508880615,3.3099694047023163,0.05914185381425474
388.11523785348436,3.249288558959961,3.3092959448378787,0.06000738587791776
391.11725542689146,3.2483651638031006,3.3088782341891045,0.06051307038600395
395.1481761540799,3.247134208679199,3.308380388411268,0.06124617973206892
399.16950060767795,3.246518611907959,3.3079539998749734,0.06143538796701442
402.19155686952763,3.2459030151367188,3.307655694573585,0.06175267943686613
406.2047194091065,3.1489553451538086,3.289049408494427,0.14009406334061847
410.219980363614,3.1458775997161865,3.288016851054107,0.1421392513379205
414.23111724563296,3.143723249435425,3.287311789714937,0.14358854027951207
417.24726938167805,3.4265644550323486,3.3442821250915595,-0.0822823299407891
421.2704616593883,3.433950901031494,3.3464773986386844,-0.08747350239280971
425.2876720494478,3.342543125152588,3.3274394898276336,-0.01510363532495429
429.2970492810109,3.342850923538208,3.3273895516590506,-0.015461371879157415
432.3082415972167,3.343158721923828,3.32745600500174,-0.015702716922088022
436.33622161781204,3.3437740802764893,3.3275371788586816,-0.016236901417807648
440.36152231940105,3.3443896770477295,3.327622477229137,-0.016767199818592537
443.37766483145515,3.2483651638031006,3.3074525314206276,0.059087367617526976
447.39978114700625,3.246518611907959,3.3066134379465413,0.060094826038582294
451.4090544394703,3.2455954551696777,3.3061107021208582,0.06051524695118049
455.4381747104817,3.2446720600128174,3.305706099882981,0.061034039870163426
458.45728757102097,3.244056463241577,3.305429341327817,0.0613728780862397
462.4864236253761,3.243133068084717,3.305111531354761,0.061978463270044415
466.50672832092187,3.1461853981018066,3.286750485524035,0.14056508742222817
469.5168920250035,3.144031047821045,3.286103323068361,0.14207227524731625
473.53226808243926,3.1421844959259033,3.2855009307180314,0.14331643479212808
477.5562837887919,3.4259488582611084,3.3423471207995314,-0.08360173746157695
481.5854810517294,3.4321043491363525,3.344082381226917,-0.08802196790943562
484.60267373364604,3.4351820945739746,3.344942147074722,-0.09023994749925279
488.6159825578834,3.243440866470337,3.3054061867136433,0.061965320243306365
492.6390424094816,3.2422099113464355,3.30456238746141,0.0623524761149743
496.6532324063055,3.241286516189575,3.304102724534658,0.06281620834508272
499.6543834355916,3.240978717803955,3.3038455382933605,0.0628668204894054
503.66670560830426,3.240363121032715,3.3035442837542304,0.06318116272151553
507.69078444803563,3.2394399642944336,3.3032800400797,0.0638400757852664
510.7030034515674,3.2394399642944336,3.303106691403652,0.06366672710921861
514.721157762634,3.2391321659088135,3.3028690685911943,0.06373690268238086
518.7493387321556,3.2388243675231934,3.302660266608247,0.0638358990850536
522.7675353887807,3.238208770751953,3.302464493955434,0.06425572320348083
525.7757504272286,3.238208770751953,3.3023247244646274,0.06411595371267431
529.8000498488273,3.1424920558929443,3.284338497814768,0.14184644192182372
533.8270948024865,3.1400299072265625,3.283774683532233,0.14374477630567029
536.8362345139603,3.138183355331421,3.2834600659728563,0.14527671064143544
540.8545239458554,3.1369521617889404,3.283126459008087,0.14617429721914643
544.876664513864,3.427795648574829,3.3392957479432965,-0.08849990063153257
548.8939068555728,3.4314887523651123,3.34068013611998,-0.09080861624513226
551.8960495408592,3.337311029434204,3.321648162110211,-0.015662867323992913
555.9132002621773,3.3379266262054443,3.32164307371763,-0.016283552487814212
559.9435239169834,3.3385419845581055,3.3217303263701234,-0.016811658187982026
563.9557267522114,3.339465379714966,3.3218165209372845,-0.017648858777681298
566.9677205543612,3.244056463241577,3.302136979379443,0.05808051613786569
570.98912700436,3.2422099113464355,3.301652136973721,0.059442225627285517
575.0222835770646,3.240978717803955,3.301359016546515,0.0603802987425599
578.0363473071311,3.240363121032715,3.3011736984246234,0.06081057739190854
582.0439764370258,3.2397477626800537,3.3009822704840475,0.061234507803993754
586.0647530930737,3.2391321659088135,3.300786952432915,0.06165478652410172
590.0770517832489,3.2388243675231934,3.3006303867341833,0.06180601921098994
593.1023828966481,3.2385165691375732,3.3005161295456578,0.06199956040808452
597.1253103221343,3.237900972366333,3.3003736065891465,0.06247263422281346
601.1486796812724,2.5728085041046143,3.216983511315189,0.6441750072105745
604.1603555067704,2.557420015335083,3.216230515580653,0.6588105002455702
608.1749135249984,2.546340227127075,3.215855424413716,0.6695151972866409
612.2022125520134,2.829489231109619,3.24134364709162,0.4118544159820008
616.2212079998653,2.8270270824432373,3.241379450302354,0.41435236785911655
619.2374659998077,2.8248727321624756,3.2413738720341256,0.41650113987165005
623.2537305440637,2.8224105834960938,3.2413618331082876,0.4189512496121939
627.2758788112633,2.820564031600952,3.241361402085106,0.4207973704841539
630.2899217535105,2.8190250396728516,3.2413601455912913,0.4223351059184397
634.3172665907205,3.485348701477051,3.3481713204824466,-0.1371773809946042
638.3483066553945,3.497351884841919,3.3501030152789784,-0.1472488695629406
642.3696218699606,3.1246414184570312,3.280099459577947,0.15545804112091588
645.3976715682484,3.1231026649475098,3.279942302355523,0.1568396374080132
649.4209034967998,3.1227948665618896,3.2798540146314674,0.15705914806957777
653.4420720417493,3.1227948665618896,3.2797964498531726,0.157001583291283
657.4542606334708,3.1227948665618896,3.279743822862117,0.15694895630022732
660.4635835857262,3.12341046333313,3.2797122102087304,0.1563017468756005
664.4746330819098,3.1231026649475098,3.2796789410946228,0.156576276147113
668.4948134354954,3.1231026649475098,3.2796423786098234,0.15653971366231367
671.5101340587453,3.1231026649475098,3.279616457157593,0.1565137922100832
675.5253426587433,3.7004804611206055,3.3779420488260423,-0.32253841229456315
679.5521824289217,3.710636854171753,3.3801346399903274,-0.33050221418142556
683.5666111007149,3.333617687225342,3.316982807856931,-0.016634879368410793
686.587719976922,3.333617687225342,3.316738829906322,-0.016878857319019946
690.6079426760671,3.333617687225342,3.316616255825013,-0.017001431400328837
694.6331248100896,3.334233283996582,3.3165413846771012,-0.017691899319480786
697.6342939324777,3.334541082382202,3.31650930632002,-0.018031776062182203
701.6505045823869,3.3351566791534424,3.3164794845177967,-0.018677194635645655
705.6618466478867,3.3354644775390625,3.3164664593477964,-0.01899801819126612
709.6770825800186,3.3354644775390625,3.316444955017525,-0.019019522521537713
712.6982049298122,3.3360798358917236,3.316444188811792,-0.019635647079931484
716.7302216370599,3.3360798358917236,3.3164288830545807,-0.01965095283714291
720.7425210971542,3.336695432662964,3.316415736028319,-0.020279696634645017
724.0089953682673,3.337003231048584,3.3164194326599317,-0.02058379838865232
727.0175849724319,3.337311029434204,3.3164169184634313,-0.02089411097077276
731.0373218525265,3.337311029434204,3.3164216496646493,-0.02088937976955485
735.0656675847686,3.337618827819824,3.3164125109941445,-0.02120631682567975
738.0727235097784,3.2443642616271973,3.297330660478559,0.052966398851361784
742.0908978387451,3.241286516189575,3.2971430762481586,0.055856560058583415
746.1111817464707,3.2394399642944336,3.2970226178407707,0.05758265354633707
750.1303496562368,3.2385165691375732,3.296931221480724,0.058414652343150575
753.1434452128397,3.237900972366333,3.2968683680815074,0.0589673957151744
757.1768281418053,3.2369778156280518,3.29681199548054,0.0598341798524884
761.180010218085,3.2363622188568115,3.296759449620254,0.06039723076344261
764.1999961670581,3.2357466220855713,3.2967249236879352,0.06097830160236395
768.2155177392342,3.1391067504882812,3.2795673313536806,0.14046058086539936
772.2363929449466,3.1363368034362793,3.2794403483612307,0.14310354492495136
776.2568173629352,3.1347978115081787,3.2793534765582675,0.14455566505008877
779.2618888210663,3.4194858074188232,3.333695558871999,-0.08579024854682427
783.2769465168903,3.424410104751587,3.334356257910329,-0.09005384684125772
787.3023022677062,3.3326945304870605,3.315776730837338,-0.01691779964972273
791.3173499545801,3.3330023288726807,3.3158005650086952,-0.01720176386398542
794.3254987799719,3.333617687225342,3.315831398520176,-0.01778628870516563
798.3410037988824,3.334541082382202,3.315874604446252,-0.01866647793595
802.3538995614399,3.240363121032715,3.2968815337328,0.056518412700085285
805.3700128165628,3.2391321659088135,3.2967773330060854,0.057645167097271965
809.3904422390269,3.237593412399292,3.296679169894494,0.059085757495202174
813.4154526810562,3.2366700172424316,3.296606851632607,0.059936834390175164
817.4317141456359,3.2357466220855713,3.2965433125397885,0.060796690454217206
820.4409092912947,3.235438823699951,3.296514678861655,0.061075855161703885
824.4720005555982,3.23482346534729,3.2964742363696526,0.061650771022362605
828.4865932201919,3.137875556945801,3.279357334334347,0.14148177738854617
831.4976246232736,3.136029005050659,3.279277167765711,0.14324816271505192
835.5075600462969,3.1341824531555176,3.279203191998498,0.14502073884298028
839.5230265692444,3.419178009033203,3.3335207697546068,-0.08565723927859636
843.5439583640227,3.424102306365967,3.3341210103759042,-0.08998129599006255
846.5581156392791,3.237285614013672,3.2966128373419012,0.05932722332822937
850.5686789314532,3.235131025314331,3.2964869009850273,0.061355875670696225
854.5875219352938,3.23451566696167,3.2964244056892875,0.061908738727617596
858.6047134623323,3.2335922718048096,3.296368917858079,0.06277664605326949
861.6278853371814,3.2332844734191895,3.296339727508067,0.06305525408887735
865.6570606574205,3.2329766750335693,3.2963072054818774,0.06333053044830805
869.675590689083,3.232668876647949,3.2962799975525146,0.06361112090456533
872.6874124142796,3.232053518295288,3.296255384382645,0.06420186608735712
876.6936125740376,3.231745719909668,3.296240984747436,0.06449526483776813
880.7140496956954,3.231745719909668,3.296222135014944,0.06447641510527591
884.7380103528203,3.231437921524048,3.2961983146750806,0.06476039315103277
887.7491657129021,3.2311301231384277,3.2961864855634335,0.06505636242500579
891.7664673383942,3.135105609893799,3.2792001037992753,0.14409449390547646
895.7775761183611,3.132951259613037,3.279111039251073,0.14615977963803584
898.790701316856,3.1314125061035156,3.2790773753123674,0.1476648692088518
902.8148937196784,3.415484666824341,3.3331273005041977,-0.08235736632014312
906.8441160049906,3.421332359313965,3.3337015411842446,-0.08763081812972029
910.8615361980483,3.3296167850494385,3.3151882726947632,-0.014428512354675238
913.8845371508232,3.3302323818206787,3.3152085917512895,-0.015023790069389253
917.9076678349929,3.33084774017334,3.31525146754801,-0.01559627262532981
921.9240243845998,3.3317711353302,3.315275350303434,-0.016495785026766185
925.9391348198924,3.3326945304870605,3.3153074502090876,-0.017387080277972977
928.958315818285,3.2369778156280518,3.2964570684991457,0.0594792528710939
932.9795217043184,3.235438823699951,3.2963342580448334,0.060895434344882204
936.996620456086,3.23451566696167,3.296249301364652,0.06173363440298196
940.0099304352025,3.2339000701904297,3.2962117764358365,0.06231170624540683
944.0370704738907,3.2335922718048096,3.2961649390555916,0.06257266725078203
948.0491782240906,3.232668876647949,3.296121621191303,0.06345274454335392
952.063391318492,3.232668876647949,3.296099123229302,0.06343024658135299
955.0845290666712,3.232053518295288,3.296080823465765,0.06402730517047672
959.0927514193518,3.231745719909668,3.2960602777621273,0.06431455785245932
963.1050150782003,2.5614211559295654,3.2156005787036195,0.654179422774054
966.1122453899206,2.5500335693359375,3.215624826319691,0.6655912569837534
970.1342804789911,2.8239495754241943,3.2409889526125584,0.41703937718836404
974.1421248013185,2.823333978652954,3.241059401942363,0.41772542328940876
978.166835744757,2.820564031600952,3.2411156059840605,0.4205515743831083
981.1748344358957,2.8187174797058105,3.241163353213606,0.4224458735077956
985.2053417164443,2.8165628910064697,3.241221663897986,0.4246587728915161
989.2272320606944,2.814408540725708,3.2412818600507562,0.42687331932504824
993.2347807340266,2.8128697872161865,3.2413352043989967,0.42846541718281017
996.2419267395899,3.4819631576538086,3.346004760862038,-0.13595839679177057
1000.257899869408,3.4927351474761963,3.3475911615955223,-0.145143985880674
1004.2733883350547,3.118485927581787,3.279178046617498,0.16069211903571068
1007.2843569897177,3.117562770843506,3.279133178237158,0.16157040739365236
1011.3203407059245,3.117870569229126,3.2791172341013493,0.16124666487222328
1015.3356905861065,3.117870569229126,3.2791133010179685,0.16124273178884252
1019.3627909739535,3.118178367614746,3.279112857050776,0.16093448943603006
1022.3738847404948,3.117870569229126,3.279119068015895,0.16124849878676883
1026.396208934245,3.118178367614746,3.2791200338744955,0.16094166625974937
1030.4164712842303,3.117870569229126,3.279115439932742,0.16124487070361582
1033.4314485234927,3.118178367614746,3.2791164198138447,0.16093805219909862
1037.4586405317314,3.696479320526123,3.3753283493130866,-0.3211509712130365
1041.4661861253871,3.7063281536102295,3.376999756524608,-0.32932839708562156
1045.4900478478885,3.328693389892578,3.3150902837350946,-0.013603106157483502
1048.5121930354117,3.328385591506958,3.314951943325532,-0.013433648181425895
1052.530392771715,3.328693389892578,3.3148602135936054,-0.013833176298972738
1056.540673118564,3.3296167850494385,3.3148071719244587,-0.014809613124979748
1060.559132317655,3.3302323818206787,3.3147726701369846,-0.015459711683694088
1063.5750969783612,3.3305399417877197,3.3147611473238703,-0.015778794463849444
1067.5873363847531,3.33115553855896,3.3147356604544838,-0.016419878104476204
1071.616611409535,3.33146333694458,3.314722159662856,-0.016741177281724084
1074.632688093493,3.3317711353302,3.31471456049048,-0.017056574839720007
1078.6508058333948,3.3320789337158203,3.3147068147704064,-0.017372118945413906
1082.007862432084,3.3320789337158203,3.3147020055271215,-0.017376928188698848
1086.0325922838047,3.3323867321014404,3.3147047669731533,-0.017681965128287125
1089.0487717519836,3.3326945304870605,3.3146952964753043,-0.017999234011756293
1093.0689032156952,3.3330023288726807,3.314692827547815,-0.01830950132486553
1097.090132584266,3.3333098888397217,3.3146981710956114,-0.0186117177441103
1100.1134850051803,3.2391321659088135,3.2961394112959934,0.05700724538717994
1104.1394913377662,3.2369778156280518,3.2960382865717914,0.059060470943739674
1108.168805243471,3.235438823699951,3.295959997335186,0.06052117363523468
1112.1918928121622,3.23420786857605,3.295908583731748,0.061700715155698305
1115.2080391738118,3.2335922718048096,3.2958790574726065,0.062286785667796885
1119.2253785253479,3.2329766750335693,3.2958550741128505,0.06287839907928117
1123.2494050105697,3.232053518295288,3.2958252620980977,0.06377174380280959
1127.2608356167857,3.1372599601745605,3.279078554408086,0.14181859423352527
1130.2689247734352,3.1344900131225586,3.2790350329625713,0.14454501984001267
1134.2939998886823,3.132335662841797,3.278993363320289,0.14665770047849191
1138.2972616516045,3.1304891109466553,3.278961991434272,0.14847288048761653
1141.312484495109,3.416408061981201,3.331983763538994,-0.08442429844220722
1145.3315219035603,3.421332359313965,3.332521109724735,-0.08881124958922992
1149.3448299578786,3.328385591506958,3.3143806617410916,-0.014004929765866425
1153.3679444737436,3.3290011882781982,3.3144176619318078,-0.014583526346390485
1156.3830872456456,3.3299245834350586,3.314456107883532,-0.015468475551526417
1160.4024480201842,3.3305399417877197,3.3144911565304183,-0.016048785257301468
1164.4214927428693,3.2357466220855713,3.296026435065797,0.06027981298022578
1167.427651326987,3.23482346534729,3.2959648960617556,0.06114143071446554
1171.4501945627662,3.2335922718048096,3.2959023601702064,0.062310088365396865
1175.4780694893825,3.232668876647949,3.295851715109258,0.06318283846130868
1179.493623783127,3.231745719909668,3.2958195793273504,0.0640738594176824
1182.5064964481053,3.231437921524048,3.2958076344413283,0.06436971291728044
1186.520608298125,3.2305145263671875,3.2957816790353807,0.06526715266819316
1190.5360047584218,3.1335668563842773,3.2790697445966086,0.14550288821233126
1193.5549293737022,3.1320278644561768,3.2790276023094616,0.1469997378532848
1197.5851125182453,3.130181312561035,3.278987259360652,0.14880594679961678
1201.6042981361534,3.416408061981201,3.332039452250841,-0.08436860973035998
1205.6255509872608,3.4210245609283447,3.3325325480418755,-0.08849201288646924
1208.6317234299258,3.232668876647949,3.295958488593726,0.06328961194577687
1212.6509918141546,3.2311301231384277,3.295877471896483,0.06474734875805543
1216.6801140099633,3.2308223247528076,3.2958325131488633,0.06501018839605566
1220.6984069064956,3.2295913696289062,3.2958027717370113,0.06621140210810506
1223.7145586575816,3.2295913696289062,3.295786298100042,0.06619492847113584
1227.7316674183003,3.228975772857666,3.2957694830741673,0.06679371021650127
1231.7448626794476,3.228667974472046,3.295756903722397,0.06708892925035093
1234.7570562756437,3.228360176086426,3.2957495199992026,0.06738934391277684
1238.7831307460838,3.228360176086426,3.2957417199433827,0.06738154385695694
1242.8094958610427,3.2274367809295654,3.295729116359876,0.06829233543031066
1246.8356084424859,3.2277445793151855,3.295731081023654,0.06798650170846843
1249.8467645724859,3.2274367809295654,3.2957283152326338,0.06829153430306834
1253.874082847482,3.1307969093322754,3.2790905191850994,0.14829360985282403
1257.8823155940727,3.1286425590515137,3.279035036737829,0.15039247768631547
1260.8903593254863,3.127411365509033,3.2790089844884935,0.15159761897946034
1264.8946277578343,3.413330316543579,3.3318714552428474,-0.08145886130073166
1268.906902580512,3.4182546138763428,3.3323684490889267,-0.08588616478741606
1272.9241018067432,3.3262312412261963,3.3142824634510424,-0.011948777775153907
1275.9392380343315,3.3265390396118164,3.314307786677366,-0.012231252934450598
1279.9672677147182,3.327770233154297,3.3143426154311655,-0.013427617723131391
1283.9897058565193,3.328385591506958,3.3143789087752835,-0.014006682731674491
1288.0038196313362,3.23451566696167,3.295993398632554,0.061477731670883884
1291.0060077418584,3.2332844734191895,3.295924612061354,0.06264013864216444
1295.018188249428,3.231745719909668,3.2958610771949557,0.06411535728528772
1299.0314139223856,3.2308223247528076,3.29581638279662,0.06499405804381242
1302.04256620279,3.2305145263671875,3.295797635091164,0.06528310872397647
1306.0589566288445,3.2295913696289062,3.295764940263715,0.06617357063480878
1310.0657619451358,3.228975772857666,3.2957455052342017,0.06676973237653572
1314.0799330789396,3.228975772857666,3.2957309374020105,0.06675516454434449
1317.097491472502,3.228360176086426,3.2957224611602753,0.06736228507384956
1321.1193102142615,3.228360176086426,3.2957202758522417,0.06736009976581592
1325.1456210499127,2.5531113147735596,3.216353291082973,0.6632419763094135
1328.1638554325818,2.542647123336792,3.216349316717318,0.6737021933805258
1332.1908580406835,2.820256233215332,3.2414444433123553,0.42118821009702323
1336.199194341414,2.81748628616333,3.241474502423711,0.42398821626038075
1340.215269870493,2.814716339111328,3.2414922200607688,0.42677588094944063
1343.2215697347947,2.8125619888305664,3.241501113994143,0.4289391251635766
1347.246627141899,2.8104076385498047,3.241510775218604,0.4311031366687992
1351.2688535559037,2.808253049850464,3.241504985047886,0.433251935197422
1355.2981466737883,3.465959072113037,3.3451170152534315,-0.12084205685960558
1358.3093224367294,3.4788856506347656,3.346324006700378,-0.13256164393438752
1362.324375897998,3.489042043685913,3.347467298715377,-0.14157474497053624
1366.3446663500372,3.112638473510742,3.279408471907294,0.1667699983965516
1369.3558194003608,3.111715078353882,3.2793161087117797,0.16760103035789786
1373.3809291619746,3.112022876739502,3.2792484605781356,0.16722558383863362
1377.3972102594944,3.112022876739502,3.279211890560653,0.16718901382115092
1381.4203286249558,3.112330675125122,3.279182475262729,0.16685180013760714
1384.4244792596583,3.111715078353882,3.279165894924045,0.16745081657016314
1388.4456705172252,3.112330675125122,3.2791487419874694,0.16681806686234735
1392.458879636918,3.112330675125122,3.2791358750703585,0.16680519994523646
1395.478027528783,3.67832088470459,3.373914717589992,-0.3044061671145979
1399.498286799092,3.69309401512146,3.375579129875941,-0.31751488524551874
1403.514436625379,3.325615644454956,3.314572007325281,-0.011043637129675155
1407.5266109735949,3.3240768909454346,3.3144235336651144,-0.00965335728032013
1410.5439641836774,3.3240768909454346,3.3143668026352695,-0.009710088310165066
1414.5669832295544,3.3243846893310547,3.3143191954230424,-0.010065493908012257
1418.5961881916837,3.325000286102295,3.314288768609279,-0.010711517493016132
1422.6183857337164,3.325615644454956,3.3142682282660267,-0.011347416188929316
1425.6405428549879,3.3262312412261963,3.3142569458569007,-0.011974295369295618
1429.6577393865018,3.3268468379974365,3.3142527947968627,-0.012594043200573779
1433.67993230902,3.3271546363830566,3.3142380876744424,-0.01291654870861425
1436.6982282852287,3.327770233154297,3.314240785770084,-0.013529447384212911
1440.7232903118493,3.328077793121338,3.3142297597227843,-0.01384803339855356
1444.0303875228337,3.328077793121338,3.3142274019111073,-0.013850391210230573
1448.0456661854832,3.328693389892578,3.3142324088226216,-0.014460981069956524
1451.0527633011734,3.3290011882781982,3.3142245497763283,-0.014776638501869943
1455.0719389101314,3.3296167850494385,3.3142307372471427,-0.0153860478022958
1459.085155729017,3.3302323818206787,3.314230454237413,-0.016001927583265907
1462.0993980803514,3.23482346534729,3.296018208878124,0.06119474353083376
1466.121490528406,3.2332844734191895,3.2959129470711694,0.06262847365197999
1470.140882099714,3.231745719909668,3.29584219189873,0.06409647198906221
1474.1588912810012,3.2305145263671875,3.295791331984689,0.06527680561750149
1477.186160666125,3.2298989295959473,3.2957620794191596,0.06586314982321229
1481.2002436441726,3.229283571243286,3.2957254271544874,0.06644185591120122
1485.215456093767,3.228360176086426,3.2957093583322217,0.06734918224579589
1489.23875923985,3.132951259613037,3.279211522127345,0.1462602625143079
1492.2558094867054,3.1307969093322754,3.2791566986123812,0.14835978928010585
1496.2829953355895,3.1283347606658936,3.2791073551558467,0.15077259448995317
1500.292205109714,3.4080982208251953,3.331390078112557,-0.07670814271263815
1503.3045195832337,3.4139459133148193,3.331771707623245,-0.08217420569157419
1507.3175604755706,3.4182546138763428,3.332134786419244,-0.0861198274570989
1511.3347566221237,3.325000286102295,3.3141448718191446,-0.010855414283150289
1515.3609627487567,3.3262312412261963,3.314147728523152,-0.012083512703044086
1518.3812316430558,3.3268468379974365,3.3141454400818335,-0.012701397915602985
1522.3944507716997,3.3271546363830566,3.314153136126314,-0.013001500256742737
1526.4175060037824,3.232361316680908,3.2959585785518617,0.06359726187095349
1529.4367870916785,3.2311301231384277,3.2958886043691145,0.06475848123068673
1533.449871099494,3.2298989295959473,3.295817112317148,0.06591818272120076
1537.4630555817712,3.229283571243286,3.2957663615207484,0.06648279027746229
1541.4772706009699,3.228360176086426,3.295722549059199,0.06736237297277325
1544.4994789218727,3.2274367809295654,3.295700951498236,0.0682641705686704
1548.5127088293866,3.132643461227417,3.2792060476468543,0.1465625864194373
1552.5359569262419,3.129565715789795,3.2791339629866307,0.1495682471968358
1556.5520174418962,3.127103567123413,3.2790817236971987,0.15197815657378566
1559.5713443399873,3.1258726119995117,3.2790627367403955,0.15319012474088378
1563.5973637612005,3.413638114929199,3.3312536587604082,-0.08238445616879098
1567.6288188123517,3.4182546138763428,3.3317581123035414,-0.08649650157280142
1570.6457212347104,3.228667974472046,3.295837054012823,0.06716907954077689
1574.663960236895,3.2274367809295654,3.295761201403021,0.06832442047345566
1578.6863899095833,3.2268214225769043,3.29571886136383,0.06889743878692567
1582.7093154102713,3.225898027420044,3.2956843520914876,0.06978632467144363
1585.7254941085303,3.225898027420044,3.295675384093702,0.06977735667365792
1589.758726133322,3.2252824306488037,3.2956660166795606,0.0703835860307569
1593.7908710321253,3.2249746322631836,3.2956475591960297,0.0706729269328461
1596.8020179230953,3.2243592739105225,3.295633988475042,0.07127471456451939
1600.825195572339,3.2243592739105225,3.2956329206844313,0.0712736467739088
1604.8524433997227,3.2237436771392822,3.2956205040920845,0.07187682695280229
1608.872667638706,3.2237436771392822,3.2956223120326005,0.07187863489331825
1611.87776719889,3.223435878753662,3.295619437892932,0.07218355913926988
1615.8909701592293,3.126487970352173,3.279219451832257,0.15273148148008397
1619.90917143537,3.124333620071411,3.2791458297181366,0.15481220964672548
1623.929404528425,3.1224870681762695,3.2791014131195997,0.15661434494333015
1626.9435275422738,3.409945011138916,3.331063363378955,-0.0788816477599612
1630.9637256040014,3.4148693084716797,3.331582182358347,-0.08328712611333255
1634.975924974593,3.322230339050293,3.3138444514404877,-0.008385887609805298
1638.002224261455,3.322845697402954,3.313885213808832,-0.00896048359412216
1642.0242959216903,3.3240768909454346,3.3139281524995097,-0.010148738445924899
1646.0386206543835,3.325000286102295,3.3139634737225485,-0.011036812379746408
1650.061682815739,3.2298989295959473,3.2958993513885586,0.06600042179261134
1653.0678440945758,3.229283571243286,3.29584176683513,0.06655819559184373
1657.082026777166,3.2280523777008057,3.2957693708709197,0.06771699317011404
1661.089338700328,3.2271289825439453,3.295722662152424,0.06859367960847873
1664.0993857616431,3.226513624191284,3.2956959117095295,0.06918228751824529
1668.113575373507,3.225898027420044,3.2956680961149747,0.06977006869493074
1672.128907160586,3.2252824306488037,3.295640522478452,0.07035809182964847
1676.159012543285,3.2246668338775635,3.2956308856927325,0.07096405181516907
1679.172185861732,3.2243592739105225,3.29562137265935,0.07126209874882772
1683.1873440320196,3.2243592739105225,3.2956177137662888,0.0712584398557663
1687.1995283891847,2.546032428741455,3.2169221624029,0.6708897336614448
1691.2228938987273,2.5331060886383057,3.2167346914880763,0.6836286028497707
1694.237881916859,2.8150241374969482,3.2415778366797503,0.42655369918280206
1698.2510887267945,2.811330795288086,3.2415207819459377,0.4301899866578518
1702.2743807090474,2.808560848236084,3.2414452499952287,0.43288440175914467
1705.286438414496,2.806098699569702,3.2413699621188536,0.4352712625491515
1709.3156849522657,2.8039443492889404,3.2412573491787864,0.43731299988984595
1713.338821795789,2.8014822006225586,3.2411239301433366,0.43964172952077796
1717.3550343704956,3.4647281169891357,3.3437384182960503,-0.1209896986930854
1720.3753151985438,3.474884510040283,3.3451234049503302,-0.12976110508995298
1724.3953885333522,3.1083295345306396,3.2789404091054317,0.17061087457479207
1728.40758097467,3.1055595874786377,3.2788856204360437,0.173326032957406
1731.4138146259165,3.1052517890930176,3.2788698034793224,0.17361801438630486
1735.4409419609365,3.1049442291259766,3.2788569535843495,0.1739127244583729
1739.4712313543369,3.1052517890930176,3.278852634875566,0.17360084578254842
1743.4963518948198,3.1049442291259766,3.27883723104719,0.17389300192121349
1746.5155071009176,3.1049442291259766,3.27882944704095,0.17388521791497347
1750.5199460703807,3.1046364307403564,3.278818339834001,0.17418190909364473
1754.534893282792,3.1049442291259766,3.2788062585404294,0.17386202941445283
1757.5540427144952,3.6749355792999268,3.372328508379149,-0.30260707092077777
1761.5844884015032,3.687554121017456,3.37412327647056,-0.31343084454689585
1765.5974276644984,3.316998243331909,3.31403447656058,-0.002963766771329368
1769.6151346524775,3.316382646560669,3.313902699359157,-0.0024799472015120116
1772.6268624475251,3.316998243331909,3.3138602157421504,-0.003138027589758785
1776.644002389974,3.3176136016845703,3.3138152079231267,-0.0037983937614436414
1780.6707413007316,3.3182291984558105,3.31380021542836,-0.004428983027450428
1784.6924091383162,3.318844795227051,3.313780698992106,-0.005064096234944859
1787.6975976241738,3.319460391998291,3.313774752237162,-0.005685639761129124
1791.7131892590014,3.3203835487365723,3.3137768901216065,-0.006606658614965788
1795.7319521912386,3.3206913471221924,3.3137612450256206,-0.006930102096571744
1798.7430598163264,3.3213069438934326,3.313774516592219,-0.007532427301213396
1802.7623235810388,3.321922540664673,3.3137752588946356,-0.008147281770037207
1806.0410820731759,3.322537899017334,3.3137765437649156,-0.00876135525241839
1810.0682617627062,3.322537899017334,3.3137786677927905,-0.008759231224543473
1813.0916961800203,3.323153495788574,3.3137737197362944,-0.009379776052279798
1817.1066164452586,3.3234612941741943,3.3137832306197526,-0.009678063554441785
1821.1308404147694,3.2308223247528076,3.2958802404372385,0.06505791568443087
1824.1450989344075,3.228667974472046,3.295792010661995,0.067124036189949
1828.1601816526063,3.2271289825439453,3.295706973157756,0.06857799061381087
1832.179459275866,3.225898027420044,3.2956449105989787,0.06974688317893474
1836.2126027599434,3.2246668338775635,3.295604455327135,0.07093762144957161
1839.2327596309915,3.2240514755249023,3.295570307522027,0.07151883199712472
1843.243355644735,3.223128080368042,3.295540680167088,0.0724125997990459
1847.2622098124039,3.2222046852111816,3.2955173770973696,0.07331269188618794
1851.2875790368062,3.126180410385132,3.2792520790024042,0.1530716686172724
1854.2906182930647,3.123718023300171,3.279170172839067,0.1554521495388963
1858.308676364225,3.121563673019409,3.2790994507095155,0.1575357776901063
1862.3299861893565,3.404097318649292,3.330547083503413,-0.07355023514587877
1865.3499921562297,3.4080982208251953,3.3309534427577567,-0.07714477806743858
1869.373250262037,3.3185369968414307,3.3134672124225233,-0.005069784418907375
1873.3806819076426,3.318844795227051,3.313521569793049,-0.005323225434001877
1877.3876369732307,3.319768190383911,3.313576431636325,-0.006191758747585929
1880.4087778010862,3.3206913471221924,3.313599763130493,-0.007091583991699402
1884.4312082436936,3.3216147422790527,3.3136325028980202,-0.007982239381032485
1888.4451834330457,3.226205825805664,3.295805564153371,0.06959973834770672
1891.459328774553,3.2249746322631836,3.295712397185244,0.07073776492206019
1895.4825260567377,3.2240514755249023,3.2956423505760077,0.0715908750511054
1899.5067600351995,3.222820281982422,3.295580454782268,0.07276017279984615
1903.5270462526823,3.2222046852111816,3.2955386761391594,0.07333399092797777
1906.548207483398,3.2215893268585205,3.2955138189544053,0.07392449209588481
1910.5702829932297,3.1258726119995117,3.27924282343507,0.15337021143555818
1914.5886374833017,3.1227948665618896,3.279145115277817,0.15635024871592718
1918.605772806235,3.120332717895508,3.2790697659416015,0.15873704804609368
1921.6249199281801,3.40163516998291,3.3304235952123173,-0.07121157477059281
1925.6350116448111,3.4080982208251953,3.3309570805095645,-0.0771411403156308
1929.6432440064427,3.2237436771392822,3.2956697785428637,0.07192610140358147
1932.6523929569466,3.2218968868255615,3.2955999938742853,0.07370310704872374
1936.6757018774242,3.2209737300872803,3.2955338332967083,0.07456010320942807
1940.6997580045372,3.2197425365448,3.295499474005437,0.07575693746063727
1944.709179891417,3.2194347381591797,3.2954695234495337,0.07603478529035401
1947.7153396304138,3.2188193798065186,3.2954517294600483,0.07663234965352972
1951.7364034663442,3.2185115814208984,3.2954322639389066,0.07692068251800821
1955.751799156721,3.217895984649658,3.2954165517843803,0.07752056713472211
1958.7688663418003,3.217280387878418,3.2954001778219033,0.07811978994348534
1962.7990040611066,3.217280387878418,3.295388682537057,0.07810829465863911
1966.8272239115504,3.216972589492798,3.29537883925373,0.07840624976093213
1970.8502903074614,3.2166647911071777,3.295376650255789,0.07871185914861112
1973.868445003488,3.121563673019409,3.2791908286944635,0.15762715567505436
1977.8896593586333,3.1187937259674072,3.279084787736826,0.16029106176941887
1981.9108325230973,3.1163315773010254,3.2790069290902046,0.16267535178917925
1985.9361328397263,3.398249626159668,3.330273638564817,-0.0679759875948509
1988.9514565426534,3.4031739234924316,3.330693120122966,-0.07248080336946572
1992.9716900206677,3.407482624053955,3.3310972364353546,-0.07638538761860048
1996.9868693637327,3.3151514530181885,3.313535606946213,-0.001615846071975291
2000.0107245419213,3.3157670497894287,3.31353841441648,-0.0022286353729485953
2004.0271861855063,3.316382646560669,3.313545154812018,-0.002837491748651111
2008.048150316893,3.3176136016845703,3.3135670220859565,-0.004046579598613764
2012.071415351973,3.2222046852111816,3.2957583306584017,0.0735536454472201
2015.093635221664,3.2212815284729004,3.295669529221418,0.07438800074851759
2019.1136796845012,3.22005033493042,3.295584237050895,0.07553390212047528
2023.1359014789905,3.2191269397735596,3.295521831921737,0.07639489214817763
2026.1431529634901,3.2188193798065186,3.2954917881654735,0.07667240835895495
2030.1563185827463,3.217588186264038,3.295446366314253,0.07785818005021472
2034.1826228740838,3.217280387878418,3.295415621119774,0.07813523324135607
2038.1986687612725,3.2166647911071777,3.2953911650055527,0.078726373898375
2041.2198057395317,3.2160494327545166,3.295369490424479,0.0793200576699622
2045.2423073996688,2.5558812618255615,3.2171792980342655,0.661298036208704
2049.256208291813,2.5349528789520264,3.216622422160089,0.6816695432080628
2053.2777140613953,2.8073298931121826,3.240966631401882,0.4336367382896995
2056.2996271182647,2.8064064979553223,3.2407784049621142,0.43437190700679196
2060.3217596021204,2.802713394165039,3.240465039268586,0.437751645103547
2064.3410391501766,2.799943447113037,3.240107137180276,0.440163690067239
2067.3442343150855,2.7977888584136963,3.2398085975003066,0.4420197390866103
2071.371310835434,2.7953267097473145,3.2393689056934334,0.44404219594611893
2075.387638898027,2.7931723594665527,3.238868572023821,0.4456962125572681
2079.4047630571313,3.459803819656372,3.3408217148448225,-0.11898210481154958
2082.42186257882,3.468113660812378,3.342840833272599,-0.12527282753977875
2086.4340904364244,3.097557544708252,3.2778335034565647,0.1802759587483127
2090.4602214959286,3.0960187911987305,3.2777470300376264,0.18172823883889588
2093.473414062357,3.0957109928131104,3.2777054430059738,0.18199445019286342
2097.4945968508127,3.0954031944274902,3.2776565170888508,0.18225332266136052
2101.519825564952,3.0957109928131104,3.2776232753903516,0.18191228257724124
2105.528991838639,3.0954031944274902,3.277584932542924,0.1821817381154336
2108.54414615933,3.09509539604187,3.277555199147601,0.18245980310573096
2112.5743689547135,3.09478759765625,3.2775136496199195,0.18272605196366953
2116.5975989584676,3.09478759765625,3.2774698752179985,0.18268227756174849
2120.6117797162597,3.6709344387054443,3.3704714192440224,-0.30046301946142195
2123.6258934910784,3.67862868309021,3.372140332110394,-0.30648835097981575
2127.6461331284454,3.305302858352661,3.3130531992953536,0.007750340942692446
2131.6773633631747,3.3059184551239014,3.312962956532047,0.00704450140814572
2134.6965944063204,3.3059184551239014,3.3129218972175245,0.007003442093623136
2138.712675709792,3.3065340518951416,3.312918113721258,0.006384061826116394
2142.7299165116647,3.3071494102478027,3.312922542416781,0.0057731321689784565
2146.7482313508945,3.307765007019043,3.3129337508539245,0.0051687438348815284
2149.767231803223,3.307457208633423,3.31293766361743,0.005480454984007288
2153.784498012429,3.308380603790283,3.312953173833588,0.00457257004330458
2157.812623162804,3.308380603790283,3.312969466851225,0.004588863060941861
2160.8237931513513,3.3086884021759033,3.31298174262922,0.004293340453316752
2164.843399915091,3.3086884021759033,3.312997909935138,0.004309507759234776
2168.060284043251,3.3093037605285645,3.31301053724594,0.003706776717375515
2172.067615599354,3.3099193572998047,3.313025758484325,0.0031064011845201023
2175.080662651045,3.310534954071045,3.3130502350341855,0.002515280963140576
2179.0928497029263,3.310842752456665,3.313057751888291,0.0022149994316258415
2183.1102175414753,3.216972589492798,3.2954316818739233,0.07845909238112547
2187.135243381891,3.214818239212036,3.2952813702052,0.08046313099316382
2190.144389637677,3.213894844055176,3.2952073409730325,0.08131249691785669
2194.1656182363286,3.2123560905456543,3.295122688611496,0.08276659806584163
2198.185815528136,3.211125135421753,3.2950565304144623,0.08393139499270941
2201.2040268132278,3.210817337036133,3.295015856241024,0.0841985192048913
2205.2321427245715,3.2098939418792725,3.2949704234419794,0.08507648156270697
2209.2554886011712,3.208970546722412,3.2949328775117817,0.08596233078936955
2213.267539762308,3.111715078353882,3.27883533679128,0.1671202584373983
2216.280693832775,3.1101763248443604,3.278701080907516,0.16852475606315576
2220.2918930782535,3.1080217361450195,3.2785531814249786,0.17053144527995912
2224.309143889074,3.3917863368988037,3.3293002586998055,-0.06248607819899821
2227.3274005994017,3.395479679107666,3.3297993589304955,-0.06568032017717051
2231.3376493795613,3.304995059967041,3.312655203087899,0.007660143120857832
2235.356670619709,3.3056106567382812,3.312732084443052,0.007121427704770866
2239.3728554773215,3.3062262535095215,3.3127924883669824,0.006566234857460884
2242.3849628425614,3.3071494102478027,3.312834869913267,0.0056854596654640766
2246.4132250385637,3.213894844055176,3.295291375005139,0.08139653094996335
2250.4334088567857,3.211432695388794,3.295155407880409,0.08372271249161489
2254.4566738918656,3.2105095386505127,3.295068932802714,0.08455939415220115
2257.478783663104,3.2095861434936523,3.2950078989488287,0.08542175545517638
2261.4860817277204,3.208355188369751,3.294948758080572,0.08659356971082088
2265.507164811631,3.2077395915985107,3.294907207346891,0.08716761574838028
2268.52230950833,3.2071239948272705,3.2948769483115505,0.08775295348428003
2272.5398694417318,3.1104838848114014,3.2787830135859215,0.16829912877452013
2276.559773779264,3.1083295345306396,3.278601701533007,0.17027216700236725
2280.5749846890203,3.106175184249878,3.2784538524895765,0.17227866823969862
2283.5923090271317,3.389324188232422,3.329096182574731,-0.06022800565769071
2287.614256345405,3.3942484855651855,3.3297660173456194,-0.06448246821956616
2291.6318747926707,3.208355188369751,3.2950696496958303,0.0867144613260793
2294.6469417275266,3.2068161964416504,3.294977071699712,0.08816087525806182
2298.6618080984163,3.20589280128479,3.294892968102536,0.08900016681774581
2302.694227088474,3.2046618461608887,3.294831804993693,0.09016995883280421
2306.710257577277,3.2046618461608887,3.294784489444872,0.09012264328398345
2309.723410877824,3.2037384510040283,3.294754971090541,0.09101652008651273
2313.7456915711364,3.203430652618408,3.294721121568525,0.09129046895011683
2317.75975761096,3.202815294265747,3.2946857219627894,0.09187042769704235
2320.779912557212,3.202815294265747,3.294672494971381,0.09185720070563397
2324.8032488098215,3.202199697494507,3.2946488498840054,0.09244915238949858
2328.8213122704165,3.2015841007232666,3.2946209396214803,0.09303683889821368
2332.8394700461204,3.2015841007232666,3.2946071738434255,0.0930230731201589
2335.865678482509,3.106175184249878,3.2785887260477997,0.1724135417979218
2339.8888661407045,3.103713035583496,3.2783900881588672,0.17467705257537114
2343.911137979944,3.1018664836883545,3.278227333444873,0.17636084975651833
2347.9222394456783,3.385938882827759,3.3288427383062054,-0.05709614452155343
2350.9315142779797,3.389631986618042,3.32939044255423,-0.060241544063812213
2354.958617745504,3.299147367477417,3.312332258127542,0.01318489065012507
2358.964885273197,3.2997629642486572,3.312425257259929,0.012662293011271863
2361.988979126354,3.3000707626342773,3.312487119164185,0.012416356529907802
2366.0222635056543,3.301301956176758,3.312556865154285,0.011254908977527123
2370.043377386336,3.301917314529419,3.3126137877696804,0.010696473240261462
2374.0615790474367,3.20620059967041,3.295108975959906,0.088908376289496
2377.080882078032,3.205277442932129,3.2949962980005276,0.08971885506839872
2381.106993119637,3.2040462493896484,3.2948837487399043,0.09083749935025587
2385.1211230627587,3.203123092651367,3.294798188652887,0.09167509600152002
2388.124282041461,3.202815294265747,3.2947524877907104,0.09193719352496332
2392.145475608786,3.202199697494507,3.2946878749573845,0.09248817746287763
2396.1616854887743,3.2012763023376465,3.2946394495538716,0.09336314721622507
2400.1808803457143,3.2009685039520264,3.2945982511605862,0.09362974720855988
2403.1909924652055,3.2003531455993652,3.2945710540309547,0.0942179084315895
2407.207282031837,2.5346450805664062,3.2166165594978438,0.6819714789314375
2411.227435053288,2.5201797485351562,3.215022310443889,0.6948425619087328
2415.252634125536,2.796557903289795,3.2383446477888143,0.44178674449901933
2418.265778187053,2.7953267097473145,3.2377340070749443,0.44240729732762984
2422.2900772236917,2.7925567626953125,3.2368257469229373,0.44426898422762484
2426.2991788241607,2.7897868156433105,3.235833316342205,0.4460465006988943
2429.3143292952564,2.788555860519409,3.2350361249482047,0.4464802644287955
2433.3276354247764,2.7864015102386475,3.2339146824681206,0.4475131722294732
2437.3437009449044,2.7845547199249268,3.2327283332686205,0.44817361334369377
2441.367932613607,3.453956127166748,3.3346723551260213,-0.11928377204072671
2444.3821922881243,3.4607269763946533,3.338081502810036,-0.12264547358461719
2448.3932541030163,3.0877089500427246,3.2744605130264164,0.18675156298369178
2452.416487956367,3.0870933532714844,3.274264098958499,0.18717074568701442
2455.438727074039,3.0864779949188232,3.274150890420866,0.1876728955020428
2459.4518391839056,3.0864779949188232,3.2740363903917373,0.18755839547291409
2463.4711537632884,3.0864779949188232,3.273921135188108,0.18744314026928466
2467.4882944756573,3.0864779949188232,3.2738189079662896,0.18734091304746636
2470.494408404458,3.0867855548858643,3.273737147094331,0.1869515922084668
2474.506542331912,3.0864779949188232,3.273624746320951,0.1871467514021279
2478.532795038659,3.6506216526031494,3.3665598103006795,-0.2840618423024699
2482.544988249896,3.663855791091919,3.369773440218478,-0.2940823508734409
2485.5683810915734,3.6709344387054443,3.3713364853104153,-0.29959795339502904
2489.575471277989,3.295454263687134,3.3122961302646265,0.01684186657749276
2493.5955384534454,3.295454263687134,3.3119963378990214,0.01654207421188758
2496.602655971996,3.295762062072754,3.3118753110328454,0.016113248960091475
2500.6378917116463,3.296069622039795,3.311766861167099,0.01569723912730403
2504.6571373832576,3.296377420425415,3.3117138201847984,0.01533639975938339
2508.6772996437403,3.296685218811035,3.3116902826051215,0.015005063794086393
2511.684455658253,3.296685218811035,3.3116854045370454,0.015000185726010251
2515.7108827517122,3.2973008155822754,3.3116901750792294,0.014389359496953968
2519.7238516565967,3.2979164123535156,3.311710173493143,0.013793761139627492
2522.7410393340406,3.2979164123535156,3.3117175534648746,0.013801141111358994
2526.0423379953427,3.2982242107391357,3.311735297547127,0.01351108680799129
2530.0582210967905,3.298532009124756,3.311759173784214,0.013227164659458168
2534.088359970976,3.298532009124756,3.311791299411125,0.013259290286369296
2537.1024429490244,3.298532009124756,3.3118042538905565,0.01327224476580069
2541.120623437344,3.298839569091797,3.3118370976379525,0.012997528546155657
2545.1359968000643,3.2043540477752686,3.29438007382698,0.0900260260517114
2549.156027404356,3.202199697494507,3.2941615190852467,0.09196182159073985
2552.1611800889686,3.2015841007232666,3.2940335549582738,0.09244945423500717
2556.1753646963552,3.200045347213745,3.293893475959667,0.09384812874592185
2560.1887928580772,3.1991219520568848,3.2937726997438643,0.09465074768697956
2563.206833991013,3.1988141536712646,3.2937055558142756,0.09489140214301095
2567.2319730095605,3.1978909969329834,3.293620298045621,0.09572930111263744
2571.241297116693,3.103405237197876,3.277563575355029,0.1741583381571532
2575.260463101661,3.100019693374634,3.2772258198030624,0.1772061264284286
2578.2755242621215,3.0984809398651123,3.27700525292773,0.1785243130626175
2582.2830817895265,3.096942186355591,3.2767262737253846,0.1797840873697938
2586.310024343925,3.3822455406188965,3.3270175835693587,-0.05522795704953776
2589.315254405423,3.3847076892852783,3.3277475913795906,-0.05696009790568768
2593.3333455831107,3.293299913406372,3.3109991897238045,0.0176992763174324
2597.353654898171,3.293915271759033,3.311150309402327,0.017235037643293705
2601.3760279817943,3.2945308685302734,3.311266933513913,0.016736064983639665
2604.3950438325073,3.2948386669158936,3.3113388344700216,0.016500167554128087
2608.414216746747,3.2009685039520264,3.294008888323681,0.09304038437165474
2612.4343790072307,3.199429750442505,3.293808269313412,0.09437851887090698
2616.4463909024835,3.1981985569000244,3.293657559775535,0.09545900287551046
2619.463694452773,3.1975831985473633,3.2935652404874647,0.0959820419401014
2623.475021504848,3.196659803390503,3.293455323774684,0.09679552038418127
2627.501944041347,3.1960442066192627,3.293367556427526,0.09732334980826352
2630.516202176026,3.1954286098480225,3.2933098712469846,0.09788126139896214
2634.534671384067,3.0994043350219727,3.277276814615131,0.17787247959315833
2638.5567157121686,3.096942186355591,3.2769111295977664,0.1799689432421756
2642.5719820561108,3.0954031944274902,3.2765938851885474,0.1811906907610572
2645.5910868324972,3.3800911903381348,3.3267586191784595,-0.05333257115967527
2649.6102158613403,3.384399890899658,3.3277405068570043,-0.056659384042653915
2653.623526610376,3.196659803390503,3.2935504730752854,0.09689066968478244
2656.636604843796,3.1960442066192627,3.2934088568145548,0.09736465019529206
2660.6678370033214,3.1951210498809814,3.2932641604967023,0.0981431106157209
2664.687036479778,3.194505453109741,3.2931600582205562,0.09865460511081503
2668.7063980242374,3.193889856338501,3.2930641226362054,0.09917426629770443
2671.7112227232446,3.193582057952881,3.292999863650355,0.09941780569747394
2675.7373965132692,3.1932742595672607,3.2929369827971007,0.09966272322983993
2679.757802838156,3.1929664611816406,3.2928753448291967,0.09990888364755612
2683.7778130395855,3.1923511028289795,3.292812700551519,0.1004615977225396
2686.7901494558055,3.1926586627960205,3.2927793237332224,0.10012066093720184
2690.811136684768,3.1923511028289795,3.292729177756213,0.10037807492723338
2694.8405433657445,3.1920433044433594,3.2926812816383713,0.10063797719501189
2697.8514893077872,3.0963265895843506,3.276731478280266,0.1804048886959153
2701.878012256192,3.09478759765625,3.2763235820775125,0.1815359844212625
2705.891892745477,3.0932488441467285,3.275976813922588,0.18272796977585948
2709.898093675154,3.378552198410034,3.326179880979847,-0.05237231743018711
2712.910353869367,3.3816299438476562,3.3270129649794464,-0.05461697886820982
2716.9284677596725,3.28991436958313,3.31035886919799,0.020444499614860057
2720.9496794200995,3.290837526321411,3.3105258109934885,0.019688284672077394
2723.960159560994,3.2911453247070312,3.3106349593287954,0.019489634621764118
2727.984972133776,3.2920687198638916,3.310766958229648,0.01869823836575657
2732.001265165043,3.1985063552856445,3.2934579421701473,0.09495158688450278
2736.0173807299243,3.196659803390503,3.293227984095044,0.0965681807045411
2739.043528342693,3.1957364082336426,3.29309908374655,0.09736267551290734
2743.065951856028,3.1951210498809814,3.292951846025489,0.09783079614450774
2747.0879449844997,3.194197654724121,3.292830712101999,0.09863305737787798
2751.1063930197615,3.193582057952881,3.2927280697069055,0.0991460117540246
2754.116385801768,3.1932742595672607,3.292660146091719,0.09938588652445812
2758.1325129154375,3.1926586627960205,3.292578414146284,0.09991975135026365
2762.147810441109,3.1926586627960205,3.292504589199039,0.09984592640301848
2765.1591863830563,3.1923511028289795,3.292453239807319,0.10010213697833947
2769.1790325916854,2.522949695587158,3.21411485356487,0.6911651579777116
2773.205490096955,2.510023355484009,3.2103931031508814,0.7003697476668727
2777.232449974538,2.7894792556762695,3.2320478741406435,0.442568618464374
2780.2455855669423,2.787940263748169,3.2308125818680278,0.44287231811985883
2784.261914014496,2.785478115081787,3.2291037337938984,0.44362561871211126
2788.2779918533333,2.7830159664154053,3.22735895027341,0.44434298385800464
2791.2791336435876,2.781477212905884,3.2260604583585866,0.4445832454527028
2795.2936727987935,2.779938220977783,3.224349063093303,0.44441084211551996
2799.31050669834,3.435797691345215,3.3262247844425743,-0.10957290690264054
2803.3369707479214,3.450878381729126,3.3321872043248035,-0.11869117740432245
2806.3452839510737,3.4573416709899902,3.335278324766399,-0.12206334622359138
2810.3670946086813,3.0818612575531006,3.27132167018354,0.18946041263043956
2814.383602062463,3.0809381008148193,3.270515022034262,0.1895769212194427
2818.3954896157557,3.0812458992004395,3.2699090695426083,0.18866317034216884
2821.4166416074404,3.0812458992004395,3.2695338234306095,0.18828792423017005
2825.440287752549,3.0812458992004395,3.2691022862753187,0.18785638707487928
2829.463194390216,3.0815534591674805,3.268717276102298,0.18716381693481754
2832.4791748342677,3.0815534591674805,3.2684554236407033,0.18690196447322283
2836.4905269087185,3.0818612575531006,3.2681330427579613,0.18627178520486076
2840.511556098282,3.650006055831909,3.3613501970977175,-0.28865585873419164
2844.5331692716018,3.661393642425537,3.3659764322733228,-0.29541721015221434
2847.5451057147666,3.2920687198638916,3.3082258635727504,0.01615714370885879
2851.562108226627,3.29022216796875,3.30804851794489,0.017826349976139966
2855.5775963073156,3.29052996635437,3.308022569952123,0.017492603597752954
2858.5867367887076,3.290837526321411,3.308051879627356,0.017214353305945007
2862.6027341709832,3.2911453247070312,3.3081239290372073,0.01697860433017606
2866.6211236923828,3.2911453247070312,3.3082159012749317,0.017070576567900453
2870.6471084672276,3.2917609214782715,3.308323249058148,0.016562327579876523
2873.659258947946,3.2920687198638916,3.3084008429324028,0.016332123068511173
2877.6735467245153,3.292684316635132,3.3085039150083118,0.01581959837317992
2881.6996492970084,3.2923765182495117,3.308605104604189,0.016228586354677166
2884.712808756911,3.292684316635132,3.3086720190868597,0.01598770245172787
2888.0577923935207,3.293299913406372,3.3087575923960975,0.015457678989725387
2892.081845055999,3.293299913406372,3.3088423726174296,0.015542459211057569
2896.1070237253853,3.293299913406372,3.3089294393207913,0.01562952591441924
2899.1182306700566,3.293607473373413,3.3089918121435913,0.015384338770178196
2903.142387271634,3.293607473373413,3.3090783651648286,0.015470891791415475
2907.144702033872,3.1985063552856445,3.2917346139359234,0.09322825865027884
2911.158838906267,3.196659803390503,3.291342728877849,0.09468292548734603
2914.1680309722497,3.1960442066192627,3.2911191191079263,0.09507491248866362
2918.1773808716807,3.1948132514953613,3.290862536447349,0.09604928495198761
2922.194371064832,3.193889856338501,3.290653477386968,0.09676362104846703
2925.215581185421,3.1932742595672607,3.2905125015770023,0.09723824200974152
2929.2330568126645,3.1926586627960205,3.2903456365800086,0.09768697378398805
2933.2609232701716,3.097249746322632,3.2742102070269405,0.1769604607043087
2937.2812472136966,3.09478759765625,3.2735142685256395,0.17872667086938954
2940.2914155372946,3.0932488441467285,3.273052063584703,0.17980321943797462
2944.3064447461056,3.372396945953369,3.3230752070845524,-0.049321738868816745
2948.3197674288895,3.378552198410034,3.3245102078937387,-0.054041990516295435
2951.3339662797844,3.3816299438476562,3.325279322492748,-0.05635062135490809
2955.3521633213695,3.2886831760406494,3.308623697214157,0.01994052117350753
2959.3752766823573,3.2892987728118896,3.308711396077978,0.019412623266088502
2963.385430377488,3.29022216796875,3.308804636131871,0.018582468163121035
2966.3925779228875,3.29052996635437,3.3088676521450378,0.018337685790667635
2970.4099153496254,3.1957364082336426,3.291559764767056,0.09582335653341323
2974.423979079692,3.194505453109741,3.2911788002043467,0.09667334709460551
2978.44544635331,3.193582057952881,3.290872186291193,0.09729012833831208
2981.455491489828,3.1926586627960205,3.2906901453011317,0.09803148250511118
2985.4755066957323,3.1920433044433594,3.2904734188553384,0.09843011441197902
2989.4918501567126,3.191427707672119,3.2902868315728395,0.09885912390072038
2992.5028830996334,3.097249746322632,3.2742509606583132,0.1770012143356814
2996.518039345122,3.094172239303589,3.273525238418772,0.1793529991151832
3000.54044707511,3.092325448989868,3.2728887777579425,0.18056332876807435
3004.5615405529325,3.3727047443389893,3.3228984007936706,-0.049806343545318654
3007.576735679343,3.377321243286133,3.324041417511278,-0.053279825774855016
3011.5952083520215,3.381014347076416,3.3251367336346336,-0.05587761344178244
3015.6091338815813,3.1923511028289795,3.291109104416653,0.09875800158767367
3018.622227513387,3.191119909286499,3.2907743647200007,0.09965445543350171
3022.63933242451,3.190504312515259,3.290441716282086,0.09993740376682725
3026.670558039724,3.1901965141296387,3.290173801719879,0.0999772875902405
3030.690903925947,3.1898889541625977,3.289953793697817,0.10006483953521927
3033.699911596269,3.1895811557769775,3.289811204837105,0.10023004906012734
3037.719181905294,3.1892733573913574,3.289648054420456,0.1003746970290984
3041.734822814954,3.1889655590057373,3.2894845256120835,0.10051896660634618
3045.7515435363684,3.188657760620117,3.289346608317245,0.10068884769712794
3048.7676737297143,3.188657760620117,3.289249939117273,0.10059217849715596
3052.778195831209,3.188349962234497,3.2891285356884015,0.1007785734539044
3056.7861367784017,3.0938644409179688,3.273017218339727,0.17915277742175828
3059.8002443938667,3.091710090637207,3.2724507739581523,0.18074068332094528
3063.8139266289427,3.0904788970947266,3.271783205700187,0.18130430860546065
3067.8306427308407,3.088940143585205,3.2711709328885883,0.1822307893033832
3071.8453778304965,3.3757822513580322,3.3212301201621726,-0.054552131195859666
3074.858293225995,3.3788599967956543,3.3225825616807168,-0.056277435114937546
3078.883188565097,3.2865288257598877,3.3064852850047766,0.01995645924488887
3082.899705257908,3.287452220916748,3.3068074047851908,0.019355183868442705
3085.913983410487,3.288067579269409,3.307005975051985,0.018938395782575945
3089.937933673703,3.2886831760406494,3.3072424672943956,0.018559291253746224
3093.9663429242837,3.194197654724121,3.290068757051678,0.09587110232755691
3097.9833385068714,3.1926586627960205,3.2896733007005565,0.09701463790453602
3100.997301762475,3.1920433044433594,3.2894359079145907,0.09739260347123135
3105.013715286107,3.191119909286499,3.289171624343625,0.09805171505712584
3109.033690071251,3.190812110900879,3.2889497506869674,0.09813763978608847
3113.0512619384017,3.1898889541625977,3.288757998242268,0.09886904407967023
3116.068224799422,3.1895811557769775,3.2886286589577742,0.09904750318079669
3120.094335071107,3.1889655590057373,3.2884706417430727,0.09950508273733538
3124.1175304284943,3.1889655590057373,3.288325669273034,0.09936011026729652
3127.1297740694417,3.188657760620117,3.2882237042827454,0.09956594366262816
3131.148018076102,2.5155632495880127,3.2088665543188224,0.6933033047308097
3135.1705347496654,2.5032525062561035,3.202661433058224,0.6994089268021204
3139.1972213059134,2.7845547199249268,3.223085829394842,0.43853110946991514
3142.2134585180347,2.782708168029785,3.2215409783327824,0.43883281030299726
3146.239648476364,2.7802460193634033,3.2195616702007044,0.43931565083730106
3150.25675954684,2.7780916690826416,3.217729478719793,0.4396378096371514
3153.2710877441705,2.776552677154541,3.2164520331182302,0.43989935596368923
3157.295138096889,2.7747061252593994,3.2148939943828356,0.4401878691234362
3161.3103143602793,3.436413288116455,3.3160171426639398,-0.12039614545251531
3165.3237055658765,3.4487240314483643,3.3223014387801264,-0.12642259266823785
3168.3308577307916,3.080630302429199,3.2598538548129383,0.1792235523837391
3172.3610031492926,3.077244758605957,3.259264265232683,0.18201950662672584
3176.370062019244,3.077244758605957,3.2588472833044606,0.18160252469850358
3180.3854430811543,3.077244758605957,3.258499562605704,0.1812548039997468
3183.398473579581,3.077552556991577,3.2582705946432906,0.18071803765171346
3187.4247543883803,3.077244758605957,3.2579642419061496,0.1807194833001926
3191.443031886528,3.077552556991577,3.257679636775624,0.18012707978404707
3194.452136566676,3.0778603553771973,3.2574754138172706,0.1796150584400733
3198.460163744826,3.0778603553771973,3.2571922649151115,0.17933190953791422
3202.4793639911977,3.650006055831909,3.3505400662080795,-0.29946598962382964
3206.500579501223,3.6604702472686768,3.3572006651433077,-0.30326958212536903
3209.5137158635453,3.288067579269409,3.3006570722160857,0.01258949294667655
3213.526970793434,3.287144422531128,3.3005100743650857,0.01336565183395777
3217.53827744265,3.287760019302368,3.3005809667002675,0.012820947397899296
3220.5612664616774,3.287760019302368,3.3006933369676137,0.012933317665245525
3224.5774644079183,3.288067579269409,3.300903630936223,0.012836051666814008
3228.594649775602,3.2883753776550293,3.3011265896593107,0.01275121200428142
3232.606022252913,3.2886831760406494,3.3013572885702303,0.012674112529580839
3235.6202349623572,3.2892987728118896,3.301548792584919,0.012250019773029308
3239.641349612956,3.2896065711975098,3.3017831404021316,0.012176569204621845
3243.659423082502,3.28991436958313,3.3020030906573856,0.012088721074255737
3247.6746047353254,3.29022216796875,3.302220212172582,0.011998044203831881
3250.0668191154227,3.29022216796875,3.3023449105356297,0.01212274256687973
3254.087117651613,3.290837526321411,3.3025469930059295,0.011709466684518333
3258.1101621048265,3.2911453247070312,3.3027396509112883,0.011594326204257044
3261.1293073019724,3.2911453247070312,3.302884655946859,0.011739331239827955
3265.1504981745793,3.1981985569000244,3.28557361850837,0.08737506160834574
3269.183739823361,3.1954286098480225,3.284917777211488,0.08948916736346568
3273.210906424264,3.193889856338501,3.284402637780664,0.0905127814421629
3276.229064584927,3.1926586627960205,3.284080884289942,0.09142222149392154
3280.251378384769,3.1917355060577393,3.2837069665061893,0.09197146044845006
3284.2656111121114,3.190812110900879,3.2833992092623525,0.09258709836147361
3287.2786439202946,3.1901965141296387,3.283183917638186,0.0929874035085474
3291.2978295382027,3.1898889541625977,3.282938016906721,0.09304906274412339
3295.313013885746,3.0935566425323486,3.2666172235651674,0.17306058103281874
3299.3242874284324,3.091402292251587,3.2654703018597737,0.1740680096081868
3302.335450102745,3.0898633003234863,3.264715668449046,0.17485236812555982
3306.349752122823,3.372089147567749,3.314597515444667,-0.05749163212308206
3310.3777698694603,3.377321243286133,3.3168760492222207,-0.06044519406391213
3314.397066355742,3.2862210273742676,3.301073915110975,0.014852887736707565
3317.414170111985,3.2865288257598877,3.3013423973090923,0.014813571549204596
3321.4223316410453,3.287760019302368,3.30168360545691,0.013923586154541923
3325.4415484406827,3.288067579269409,3.301971627206311,0.013904047936901698
3328.448759504424,3.2883753776550293,3.3021712435441217,0.013795865889092429
3332.457090800678,3.1929664611816406,3.2849645988043434,0.09199813762270281
3336.4823383778376,3.1917355060577393,3.284328300198368,0.0925927941406286
3340.499266207532,3.1901965141296387,3.2838294456521844,0.0936329315225457
3343.5165366512947,3.1898889541625977,3.283516550678886,0.09362759651628849
3347.539729698924,3.1895811557769775,3.2831572711535855,0.09357611537660793
3351.5668350912447,3.188657760620117,3.282847400424375,0.09418963980425765
3354.580090406095,3.0935566425323486,3.266673505077108,0.17311686254475944
3358.597189927782,3.0907866954803467,3.2654522273906674,0.17466553191032075
3362.6205850792167,3.088940143585205,3.2644044718403173,0.17546432825511227
3366.6445826924655,3.372089147567749,3.3142758138184663,-0.05781333374928277
3369.6528650988485,3.3760900497436523,3.3160521465614163,-0.06003790318223601
3373.684068386404,3.191427707672119,3.2829802945851956,0.09155258691307644
3377.7001335215728,3.1892733573913574,3.2824648864605916,0.09319152906923422
3381.7265875622043,3.188657760620117,3.282078817008264,0.0934210563881468
3384.7358804876085,3.188042163848877,3.2818308671357217,0.09378870328684474
3388.7577327208573,3.1874265670776367,3.281551759223598,0.09412519214596138
3392.7790952854584,3.1871190071105957,3.2813085938016,0.0941895866910043
3395.797201476572,3.1868112087249756,3.2811429557350897,0.09433174701011415
3399.812296513478,3.1865034103393555,3.2809392850199837,0.0944358746806282
3403.8347204117736,3.1861956119537354,3.2807496918129195,0.09455407985918418
3407.8507016257436,3.1858878135681152,3.280571321867079,0.09468350829896366
3410.8529802017774,3.185580015182495,3.2804372640504726,0.09485724886797753
3414.8863473473984,3.185272216796875,3.2802713568536666,0.09499914005679155
3418.9023073885883,3.0904788970947266,3.2640204658680636,0.17354156877333704
3421.9253976519967,3.088632345199585,3.2631259727967254,0.1744936275971405
3425.937867264246,3.0867855548858643,3.2620997214734118,0.1753141665875475
3429.955791369456,3.368703603744507,3.3119731494924673,-0.056730454252039486
3433.9702492981805,3.374859094619751,3.314438928897194,-0.06042016572255715
3436.9823836105943,3.377321243286133,3.315846636907625,-0.06147460637850788
3441.007382503837,3.284374475479126,3.2998679144277743,0.015493438948648297
3445.027527441135,3.2852978706359863,3.3000968441534573,0.014798973517470948
3448.0457568193297,3.2859132289886475,3.30027698492367,0.014363755935022482
3452.0668510670703,3.286836624145508,3.3005124408920814,0.013675816746573588
3456.088316415892,3.191427707672119,3.283267160780696,0.09183945310857666
3460.0974518928097,3.1898889541625977,3.282557058531115,0.09266810436851713
3463.1194993005874,3.1895811557769775,3.282126692559438,0.09254553678246058
3467.135796181451,3.188657760620117,3.281643295450533,0.0929855348304156
3471.14498247304,3.187734365463257,3.281251128147965,0.09351676268470799
3475.161228539234,3.1874265670776367,3.2809083229392413,0.09348175586160457
3478.1704086714662,3.1868112087249756,3.2806727078956843,0.09386149917070874
3482.1993410821788,3.1861956119537354,3.2803931745302357,0.09419756257650036
3486.212669154399,3.1861956119537354,3.2801397412123974,0.09394412925866202
3489.234917126142,2.5263352394104004,3.2007936182933943,0.6744583788829939
3493.2539260475814,2.507253408432007,3.1933990714824345,0.6861456630504277
3497.2701609499463,2.7811694145202637,3.214001540190951,0.4328321256706875
3501.2864813133483,2.779938220977783,3.2122936833537916,0.4323554623760084
3504.3034318556593,2.7780916690826416,3.211162794271448,0.4330711251888064
3508.327852539541,2.7750139236450195,3.2098606062451234,0.43484668260010384
3512.343063064339,2.7725517749786377,3.2087692649730073,0.4362174899943696
3515.358001037718,2.771013021469116,3.208062898854986,0.43704987738586976
3519.3824167171233,2.7694740295410156,3.2072514966821575,0.43777746714114185
3523.4035918063846,3.436413288116455,3.3069226379732877,-0.1294906501431674
3527.420813745236,3.447492837905884,3.3113549145428562,-0.13613792336302755
3530.4369447085,3.074474811553955,3.249016568460193,0.17454175690623774
3534.46805945534,3.0732438564300537,3.2485711319689505,0.17532727553889682
3538.495319986393,3.0732438564300537,3.248276708272795,0.1750328518427411
3542.519565128684,3.0726282596588135,3.248038285429283,0.1754100257704696
3545.543921524307,3.0729360580444336,3.247880031277065,0.17494397323263122
3549.5596894706423,3.0732438564300537,3.247678758092664,0.1744349016626101
3553.5789147393925,3.0729360580444336,3.247491582987675,0.17455552494324156
3556.5902791325525,3.0732438564300537,3.247360062007485,0.17411620557743124
3560.605371089784,3.0732438564300537,3.247174342708438,0.17393048627838414
3564.622482545218,3.6503138542175293,3.3391258764932075,-0.31118797772432183
3568.6556660650976,3.660778045654297,3.3453226812888697,-0.3154553643654272
3571.674814341922,3.284374475479126,3.2893409993985356,0.00496652391940966
3575.6963716960954,3.284066677093506,3.2892088531031995,0.005142176009693689
3579.712177753435,3.284374475479126,3.289305259655587,0.004930784176460978
3582.7244725940136,3.284682273864746,3.289450629611398,0.00476835574665202
3586.7447788293966,3.2856054306030273,3.2897077735248867,0.004102342921859403
3590.7519560166884,3.2859132289886475,3.289996925837343,0.004083696848695695
3594.7734413834105,3.2862210273742676,3.290307567523529,0.004086540149261353
3597.7884971544363,3.2865288257598877,3.290531827690699,0.0040030019308114895
3601.81930970797,3.287144422531128,3.290838058647658,0.0036936361165302856
3605.8487059950357,3.287452220916748,3.291138422577112,0.0036862016603640413
3609.0697086223836,3.287760019302368,3.291372725413826,0.0036127061114576975
3612.0873232707336,3.287760019302368,3.2915869260083674,0.003826906705999278
3616.1044813062863,3.2883753776550293,3.291870590951407,0.0034952132963779192
3620.114851733687,3.2886831760406494,3.2921377676740073,0.0034545916333579285
3623.127968078109,3.2886831760406494,3.2923252479692344,0.003642071928585011
3627.1460473220495,3.194505453109741,3.2750755411679373,0.0805700880581961
3631.1613186704662,3.1923511028289795,3.2742508660274385,0.08189976319845904
3635.1814027841456,3.190812110900879,3.2736105215317783,0.08279841063089943
3638.202617909209,3.1898889541625977,3.2732206608687267,0.083331706706129
3642.218920179507,3.1889655590057373,3.272789946674313,0.0838243876685758
3646.2319953332526,3.188042163848877,3.272422904650917,0.08438074080204006
3649.238189718614,3.1874265670776367,3.27218191573043,0.08475534865279322
3653.263468092545,3.1871190071105957,3.271893817197075,0.08477481008647914
3657.2755558248455,3.0898633003234863,3.255593587452217,0.1657302871287305
3661.297137816434,3.0877089500427246,3.2543477788163777,0.1666388287736531
3664.312980059979,3.086170196533203,3.2535742731730464,0.16740407663984325
3668.3200956537303,3.371473550796509,3.3030992806440196,-0.0683742701524892
3672.33637636629,3.3763978481292725,3.3055722442150834,-0.07082560391418902
3676.35448794684,3.2837588787078857,3.2900979831882715,0.006339104480385771
3679.3676366278714,3.284374475479126,3.2904305463490964,0.006056070869970398
3683.3850903124157,3.2852978706359863,3.290850510784317,0.005552640148330568
3687.402054713274,3.2859132289886475,3.2912271813193312,0.005313952330683769
3690.419342865179,3.1923511028289795,3.2741970982415065,0.08184599541252702
3694.445398857558,3.1901965141296387,3.2734098438310735,0.0832133297014348
3698.466601663912,3.1889655590057373,3.2728122881935495,0.08384672918781222
3702.489300808339,3.188042163848877,3.272342617681095,0.08430045383221785
3705.4990699288037,3.1874265670776367,3.2720431988080643,0.08461663173042755
3709.5121435427072,3.1868112087249756,3.2716906453682686,0.084879436643293
3713.5424206173984,3.1858878135681152,3.2713821400360894,0.08549432646797417
3716.5535421010345,3.089555501937866,3.2552831392966812,0.16572763735881502
3720.5727384978118,3.0874011516571045,3.254015210694176,0.16661405903707172
3724.5978590382956,3.0852468013763428,3.2529723052061366,0.1677255038297938
3728.6141482199682,3.371781349182129,3.302484423905801,-0.06929692527632803
3731.629251341027,3.374859094619751,3.3043610604470857,-0.07049803417266531
3735.6415508011223,3.188042163848877,3.2716752579824107,0.0836330941335337
3739.6616568575,3.1868112087249756,3.271114102204769,0.08430289347979336
3743.6749949386676,3.185580015182495,3.270691822557712,0.08511180737521684
3746.688971282899,3.185272216796875,3.2704445404116242,0.08517232361474925
3750.715196272554,3.184964418411255,3.2701569100245393,0.08519249161328446
3754.736380215886,3.1843490600585938,3.269910093729711,0.08556103367111723
3757.7515372312964,3.1840412616729736,3.2697375586248567,0.08569629695188308
3761.7687145148275,3.1837334632873535,3.2695407916985264,0.08580732841117289
3765.7969243563193,3.1834256649017334,3.269353879112934,0.08592821421120078
3769.810153108955,3.1831178665161133,3.2691799640897337,0.08606209757362038
3772.8233017899865,3.1831178665161133,3.269055766172327,0.0859378996562139
3776.8336464250942,3.182810068130493,3.268897464157392,0.08608739602689885
3780.861703437614,3.0864779949188232,3.252764911570118,0.1662869166512948
3783.8708573925933,3.0849390029907227,3.251928788783728,0.16698978579300539
3787.893073797649,3.083092451095581,3.251007376231789,0.16791492513620776
3791.913249146758,3.3677802085876465,3.300433619772372,-0.06734658881527444
3795.9195863521427,3.3733201026916504,3.3028143330875874,-0.07050576960406296
3798.938753107029,3.281296730041504,3.2870719657054908,0.005775235663986855
3802.9668008805193,3.2822201251983643,3.287572810810996,0.005352685612631802
3806.988074134487,3.2831432819366455,3.2880248080470245,0.004881526110378953
3811.0072297255438,3.2837588787078857,3.2884304004124782,0.004671521704592507
3814.014368031915,3.284374475479126,3.2887076755802354,0.00433320010110938
3818.0355689134713,3.188349962234497,3.2716591499457626,0.0833091877112655
3822.055760815848,3.1874265670776367,3.270908048565187,0.08348148148755019
3825.07894038989,3.1865034103393555,3.270475639763628,0.08397222942427263
3829.0892442192753,3.185580015182495,3.2699943613955655,0.08441434621307042
3833.1083116545788,3.185272216796875,3.2696165683782294,0.08434435158135445
3837.124632402939,3.1846566200256348,3.269280995324233,0.08462437529859823
3840.138731164331,3.1843490600585938,3.269062594451829,0.08471353439323526
3844.1598642929957,3.1837334632873535,3.2688006703923205,0.08506720710496696
3848.1940721904402,3.1834256649017334,3.26856412373502,0.08513845883328663
3851.214179401696,2.514024257659912,3.189851376705869,0.675827119045957
3855.229680955971,2.4983279705047607,3.1845900403153684,0.6862620698106077
3859.2565792400137,2.77593731880188,3.2068506791691807,0.43091336036730077
3863.284954999107,2.773167371749878,3.206016354393966,0.4328489826440882
3866.298399329132,2.770705223083496,3.2054931035382817,0.43478788045478556
3870.3191821445353,2.767627477645874,3.2049147396950595,0.43728726204918544
3874.341683034755,2.7654731273651123,3.2044519405876666,0.4389788132225543
3878.3675346135688,2.7630109786987305,3.204070147322936,0.44105916862420536
3881.3817219156763,2.76177978515625,3.203833401400696,0.44205361624444617
3885.415010144573,3.4351820945739746,3.302427575592961,-0.13275451898101354
3889.431132253768,3.4459540843963623,3.3050196206596745,-0.14093446373668783
3892.450233950477,3.068627119064331,3.2424709762619415,0.17384385719761042
3896.464752702822,3.068011522293091,3.24224503309501,0.17423351080191907
3900.475674007451,3.06770396232605,3.242092687803405,0.17438872547735507
3904.498857046131,3.068011522293091,3.2419856394014155,0.17397411710832467
3907.513115565768,3.06770396232605,3.2419073753362797,0.1742034130102299
3911.537186706305,3.068319320678711,3.241823234849833,0.1735039141711221
3915.544604878326,3.068011522293091,3.2417389597191333,0.17372743742604246
3918.5517427997356,3.068319320678711,3.2416774692800225,0.1733581486013116
3922.578781209083,3.635233163833618,3.331978389073191,-0.3032547747604273
3926.596960542526,3.650006055831909,3.3359210877034364,-0.31408496812847275
3930.6201870816412,3.2822201251983643,3.280009824373489,-0.0022103008248750555
3933.6353795133355,3.2803733348846436,3.2798546229792045,-0.0005187119054390621
3937.6505157409256,3.2806811332702637,3.279830212056158,-0.0008509212141056821
3941.664716516617,3.280988931655884,3.2799150727949593,-0.0010738588609244815
3945.688951649957,3.281912326812744,3.2800663895118767,-0.0018459373008674618
3948.7102614750866,3.281912326812744,3.2801908138106497,-0.0017215130020944436
3952.7382884607605,3.2825279235839844,3.280382031234601,-0.002145892349383338
3956.7556355114875,3.2831432819366455,3.2805836163546083,-0.0025596655820372405
3959.7736970472843,3.2834510803222656,3.2807385412031578,-0.0027125391191078485
3963.792890749345,3.284066677093506,3.2809462815919384,-0.0031203955015675078
3967.810050709694,3.284374475479126,3.281153296476606,-0.003221179002519836
3971.083916241557,3.284990072250366,3.2813203368549217,-0.0036697353954444623
3974.1041046792952,3.284990072250366,3.2814660229522286,-0.0035240492981376548
3978.107371061732,3.2856054306030273,3.2816709305047826,-0.003934500098244698
3982.120648319281,3.2859132289886475,3.2818726245925696,-0.004040604396077896
3985.1457561560956,3.2859132289886475,3.282010401448879,-0.0039028275397683387
3989.1640571367816,3.190504312515259,3.2649556898676515,0.07445137735239271
3993.1800949398157,3.1889655590057373,3.264295802905595,0.07533024389985776
3997.1981684093616,3.1874265670776367,3.2638024763729687,0.076375909295332
4000.201659608222,3.1868112087249756,3.263506675222514,0.07669546649753833
4004.209610949326,3.1861956119537354,3.263178924603146,0.0769833126494106
4008.234921274906,3.184964418411255,3.262900447940015,0.07793602952876011
4012.2678507214287,3.1843490600585938,3.262674978372392,0.07832591831379832
4015.2803476658128,3.089555501937866,3.2468381202568297,0.1572826183189635
4019.3133229225305,3.0864779949188232,3.2459631600285586,0.15948516510973532
4023.330516374369,3.0837080478668213,3.2452862018648463,0.161578153998025
4026.3378498552693,3.0821690559387207,3.2448629030999365,0.16269384716121582
4030.352228097353,3.3702423572540283,3.293806645722426,-0.07643571153160211
4034.3661209053435,3.374859094619751,3.2955533966289035,-0.07930569799084752
4038.3887072565985,3.281296730041504,3.2798856795277747,-0.0014110505137292506
4041.3975170576714,3.281912326812744,3.2801392494897597,-0.0017730773229844843
4045.4256383584516,3.2828354835510254,3.2804721040846205,-0.002363379466404858
4049.4598139192885,3.2834510803222656,3.280764771733419,-0.0026863085888466642
4052.4782446313666,3.188657760620117,3.2639359342877583,0.07527817366764111
4056.495363016077,3.1871190071105957,3.2633568803851514,0.07623787327455567
4060.515516807448,3.1858878135681152,3.26292992348945,0.07704210992133476
4064.5236367608677,3.184964418411255,3.2625926623945603,0.07762824398330537
4067.544200534242,3.1840412616729736,3.2623862768156893,0.07834501514271563
4071.557152115948,3.1834256649017334,3.2621522807699153,0.07872661586818186
4075.5721178064186,3.088324546813965,3.2462116838522252,0.1578871370382604
4078.590474606249,3.085862398147583,3.2455774071514707,0.1597150090038877
4082.6145973313787,3.0837080478668213,3.2449054563442647,0.16119740847744346
4086.6166749584872,3.0815534591674805,3.244371694755227,0.16281823558774633
4090.6390776840008,3.3699347972869873,3.293259037519624,-0.07667575976736352
4093.655004233705,3.3733201026916504,3.2945495604792074,-0.07877054221244295
4097.677270298552,3.1846566200256348,3.2619131740468372,0.07725655402120246
4101.700490678314,3.1831178665161133,3.261554176599941,0.0784363100838279
4105.713674390671,3.182502269744873,3.2613023480773293,0.07880007833245628
4108.720814236881,3.182194471359253,3.2611585401072283,0.07896406874797535
4112.731130000016,3.181579113006592,3.260991029112695,0.07941191610610332
4116.751310353601,3.1809635162353516,3.2608423048180906,0.079878788582739
4119.757334201849,3.1806557178497314,3.260747174164992,0.0800914563152606
4123.772568594141,3.1803479194641113,3.2606379794973437,0.08029006003323236
4127.779747321273,3.1803479194641113,3.2605330343254737,0.08018511486136237
4131.797185607432,3.180040121078491,3.260435344354338,0.08039522327584692
4134.806242167627,3.179424524307251,3.2603660627115847,0.08094153840433371
4138.816267671201,3.179424524307251,3.2602780164241745,0.0808534921169235
4142.839654738483,3.0821690559387207,3.244531187801199,0.16236213186247817
4145.85409996354,3.080630302429199,3.244041373950277,0.16341107152107792
4149.861872683375,3.0787835121154785,3.2435247557332954,0.16474124361781683
4153.87200328093,3.366549253463745,3.2923150906373695,-0.07423416282637563
4157.8952482981085,3.371473550796509,3.2938382431409265,-0.07763530765558224
4160.917382706763,3.278526782989502,3.2778828019684054,-0.0006439810210965291
4164.9496273101095,3.279142379760742,3.2782012066611723,-0.0009411730995698697
4168.959799483303,3.2803733348846436,3.278498956816646,-0.0018743780679977284
4172.971063401998,3.281296730041504,3.2787696370391215,-0.002527093002382408
4175.996277102712,3.1868112087249756,3.2620028097816585,0.07519160105668288
4180.012349167154,3.184964418411255,3.261496368187846,0.07653194977659128
4184.026862530064,3.1840412616729736,3.261130503711106,0.07708924203813217
4187.044676151864,3.1831178665161133,3.260906161193664,0.07778829467755077
4191.056954439176,3.182502269744873,3.260672601038186,0.07817033129331286
4195.064227096457,3.181886911392212,3.2604748404712556,0.07858792907904366
4199.0823402168435,3.1809635162353516,3.2602998582640828,0.07933634202873119
4202.086453125502,3.1809635162353516,3.2601939763768657,0.07923046014151414
4206.099654930961,3.1803479194641113,3.2600596049207553,0.07971168545664398
4210.121865176662,3.180040121078491,3.259938257445357,0.07989813636686582
4213.135995889704,2.5038678646087646,3.1828367521275784,0.6789688875188138
4217.151263388526,2.4890949726104736,3.1802490872887237,0.69115411467825
4221.172400751745,2.7691662311553955,3.2036895678984965,0.43452333674310095
4225.184639773176,2.7657806873321533,3.203345782661508,0.43756509532935484
4228.204852078411,2.7633185386657715,3.20313736077461,0.4398188221088386
4232.232950666573,2.7605485916137695,3.2029051252207212,0.4423565336069517
4236.252288343533,2.7577788829803467,3.2027200936794507,0.444941210699104
4240.280377307702,2.755932092666626,3.2025745265469645,0.44664243388033853
4243.293501351319,3.415792465209961,3.300411081399004,-0.11538138381095697
4247.299788896912,3.4327199459075928,3.302213597850444,-0.1305063480571489
4251.317909716491,3.065241813659668,3.239807170198332,0.17456535653866423
4254.33505081382,3.062164068222046,3.2396961040828667,0.17753203586082078
4258.362381407523,3.061856269836426,3.23961510409196,0.1777588342555343
4262.380476434807,3.061856269836426,3.239549349351262,0.17769307951483615
4266.394785384157,3.0615484714508057,3.2394949105730033,0.17794643912219765
4269.396951167021,3.062164068222046,3.2394727922215214,0.1773087239994755
4273.418007688718,3.061856269836426,3.2394316187549053,0.17757534891847948
4277.446383062849,3.061856269836426,3.239386889123488,0.17753061928706204
4280.461489648548,3.062164068222046,3.2393636669298767,0.17719959870783075
4284.481551819527,3.635233163833618,3.3286755985049625,-0.30655756532865563
4288.500103408928,3.6481595039367676,3.33107033498165,-0.31708916895511763
4292.510915769982,3.27606463432312,3.274616199990308,-0.0014484343328122762
4295.520120154672,3.27544903755188,3.2744755118292117,-0.0009735257226681782
4299.550394919605,3.2757568359375,3.274418600224179,-0.0013382357133209233
4303.564560279015,3.2766802310943604,3.2744202651211145,-0.0022599659732458477
4307.595866350789,3.2769880294799805,3.2744665358642875,-0.0025214936156929824
4310.606968586443,3.2776033878326416,3.2745219764293303,-0.003081411403311307
4314.626067973396,3.278218984603882,3.274599717778764,-0.0036192668251180393
4318.647395891628,3.278834581375122,3.2746798342714207,-0.0041547471037013395
4321.657540732688,3.279142379760742,3.2747544522641325,-0.004387927496609656
4325.680597119651,3.2797579765319824,3.2748421525124587,-0.004915824019523729
4329.691979605913,3.2803733348846436,3.274943951586303,-0.005429383298340529
4333.095793376161,3.280988931655884,3.2750255397443824,-0.0059633919115014145
4336.1110855124,3.280988931655884,3.2750913431822015,-0.005897588473682269
4340.128106502322,3.281604528427124,3.275186951186025,-0.006417577241098815
4344.153417982779,3.281912326812744,3.275281916672558,-0.0066304101401861715
4347.171573063767,3.281912326812744,3.275352346418879,-0.0065599803938649615
4351.1946359950425,3.1858878135681152,3.258536270898513,0.0726484573303976
4355.215888846148,3.1843490600585938,3.2581474913583026,0.07379843129970887
4359.240036208695,3.1831178665161133,3.2578698846372527,0.07475201812113941
4362.255202463134,3.182194471359253,3.2577024050067442,0.07550793364749131
4366.272599943574,3.181579113006592,3.257513899459764,0.07593478645317209
4370.295639007351,3.1806557178497314,3.257377565294516,0.07672184744478461
4374.312815136006,3.179732322692871,3.2572419549072853,0.0775096322144142
4377.324030549787,3.0840156078338623,3.2417186208656767,0.15770301303181444
4381.342148674649,3.0809381008148193,3.241258328952945,0.16032022813812574
4385.359585036012,3.0790913105010986,3.2409144853664973,0.16182317486539866
4388.380675819116,3.360393762588501,3.289263408379557,-0.07113035420894409
4392.39973132067,3.3677802085876465,3.2903154055760293,-0.07746480301161718
4396.424051530089,3.2772958278656006,3.2743239354449356,-0.002971892420664979
4400.435093327081,3.2776033878326416,3.27450433859779,-0.003099049234851492
4403.451243538327,3.278218984603882,3.274632154142995,-0.003586830460887036
4407.463459847141,3.279142379760742,3.274788602048352,-0.0043537777123900945
4411.479647784429,3.2800657749176025,3.274924423992501,-0.005141350925101484
4414.496763089462,3.1843490600585938,3.2582286242061036,0.07387956414750985
4418.516961151191,3.182810068130493,3.257869015840109,0.07505894770961596
4422.5291597518635,3.181579113006592,3.257609572646455,0.07603045963986332
4426.545411977412,3.1806557178497314,3.2574106819080075,0.07675496405827609
4429.563724891844,3.180040121078491,3.2572949614832583,0.07725484040476704
4433.579765389596,3.179424524307251,3.257152668358472,0.07772814405122119
4437.602016056057,3.083400249481201,3.241546521014508,0.15814627153330685
4441.619155998508,3.080322504043579,3.2410994877480785,0.16077698370449944
4444.629301994445,3.0787835121154785,3.2408491055703363,0.16206559345485783
4448.65245693107,3.361009359359741,3.2892787959546683,-0.07173056340507289
4452.667703257111,3.3674726486206055,3.290274547341544,-0.07719810127906168
4455.68385231348,3.3705501556396484,3.2908989191700924,-0.07965123646955607
4459.711005825756,3.1803479194641113,3.2579122321322673,0.077564312668156
4463.73529985792,3.17911696434021,3.2575435117035387,0.07842654736332877
4467.74842005194,3.1785013675689697,3.2572901632096647,0.07878879564069496
4470.7676075946465,3.1778857707977295,3.257144059617088,0.07925828881935848
4474.781783732923,3.1775779724121094,3.2569877110924654,0.07940973868035606
4478.807097523139,3.176962375640869,3.2568675255062445,0.07990514986537534
4481.823155729034,3.176654815673828,3.256781157376934,0.08012634170310573
4485.830403748899,3.176347017288208,3.2566883363170174,0.08034131902880937
4489.848713968616,3.1757314205169678,3.2566074269121774,0.08087600639520964
4493.868757661531,3.1754236221313477,3.2565356900836497,0.08111206795230208
4496.877909691711,3.1754236221313477,3.2564867362296956,0.08106311409834799
4500.887218400462,3.080014705657959,3.240974940744248,0.16096023508628887
4504.913303264811,3.076936960220337,3.2406097669497593,0.16367280672942242
4508.924479027756,3.0753982067108154,3.2403419211269666,0.1649437144161512
4511.938545067577,3.073859214782715,3.2401703644965556,0.16631114971384076
4515.960916226403,3.363471508026123,3.2885248866516417,-0.07494662137448138
4519.988069738677,3.3677802085876465,3.289470455784684,-0.0783097528029626
4523.010217235959,3.2742180824279785,3.273338205807584,-0.0008798766203943487
4527.020412121769,3.27544903755188,3.2735287509924227,-0.001920286559457196
4531.030623175887,3.27606463432312,3.273697894854884,-0.0023667394682362897
4535.049811873473,3.2772958278656006,3.2738427366075067,-0.003453091258093899
4538.056976357096,3.182194471359253,3.257221488258505,0.07502701689925217
4542.0722869713945,3.1803479194641113,3.256931750453928,0.0765838309898168
4546.085360200342,3.179424524307251,3.256724731893236,0.07730020758598499
4549.0965417376765,3.17880916595459,3.256603236589519,0.07779407063492894
4553.118766226883,3.1778857707977295,3.2564709655147617,0.07858519471703218
4557.125011811878,3.1772701740264893,3.2563637169939943,0.07909354296750504
4561.144333705496,3.176962375640869,3.256279649983165,0.07931727434229607
4564.162246261915,3.176039218902588,3.2562084626305605,0.08016924372797263
4568.183474475606,3.1757314205169678,3.25614446799741,0.08041304748044231
4572.201882860026,2.513408899307251,3.1798067033006694,0.6663978039934184
4576.222874323547,2.490633726119995,3.178551732666318,0.6879180065463228
4579.22621769791,2.4798617362976074,3.1780083036276707,0.6981465673300633
4583.242251266392,2.7623953819274902,3.2020679412659385,0.4396725593384483
4587.2625190058125,2.758394241333008,3.202014739582089,0.44362049824908123
4590.285673172518,2.755932092666626,3.2019730600767558,0.4460409674101298
4594.305993651408,2.752854347229004,3.201915088281596,0.44906074105259197
4598.322976145369,2.750392198562622,3.201858850893845,0.45146665233122274
4602.338354897523,2.7479300498962402,3.201811754516381,0.4538817046201409
4605.35252102685,3.415792465209961,3.2992941791761314,-0.1164982860338295
4609.3767149695095,3.4290266036987305,3.300745671570807,-0.12828093212792346
4613.401008616714,3.056624174118042,3.238425754357838,0.18180158023979587
4616.418884986929,3.0550851821899414,3.2383639948804985,0.18327881269055712
4620.433246290787,3.0547773838043213,3.2383389134813294,0.18356152967700812
4624.459477824755,3.0544698238372803,3.238313045502119,0.1838432216648389
4628.477458903991,3.0544698238372803,3.238297709880584,0.18382788604330358
4631.486805338783,3.0544698238372803,3.238287388619094,0.18381756478181366
4635.507028807847,3.0544698238372803,3.238274007756285,0.18380418391900477
4639.515255010124,3.0544698238372803,3.2382606911561087,0.18379086731882843
4642.528214291019,3.05385422706604,3.2382452035516547,0.18439097648561464
4646.543486024396,3.632463216781616,3.327001261434952,-0.3054619553466642
4650.560579001768,3.6444661617279053,3.3286180095859734,-0.31584815214193185
4654.5719945945575,3.2686781883239746,3.271944215169852,0.003266026845877512
4657.591987857765,3.2686781883239746,3.271825424963205,0.003147236639230222
4661.616132140633,3.2689859867095947,3.2717432830481057,0.0027572963385109617
4665.6333483050885,3.269601345062256,3.2717154904664216,0.002114145404165768
4669.657534933515,3.270216941833496,3.2717127242347246,0.001495782401228496
4672.663684278604,3.2708325386047363,3.271726508980438,0.0008939703757016026
4676.697062203094,3.2714481353759766,3.271738634376337,0.000290499000360267
4680.723281418353,3.272679090499878,3.271776087942837,-0.0009030025570408995
4683.7394897585045,3.272679090499878,3.271791424585365,-0.0008876659145129473
4687.769425758964,3.273294687271118,3.2718164930212827,-0.0014781942498354184
4691.791960910591,3.2739102840423584,3.2718561589459503,-0.0020541250964081215
4695.111934786594,3.2739102840423584,3.271872109396181,-0.002038174646177282
4698.133080233963,3.2745258808135986,3.2719048360159206,-0.002621044797677996
4702.156235555552,3.2751412391662598,3.271940585188979,-0.003200653977280865
4706.16540144428,3.27544903755188,3.2719828151269352,-0.003466222424944654
4709.177639310833,3.182194471359253,3.2553840316202445,0.07318956026099155
4713.191923622763,3.17911696434021,3.255156393329951,0.07603942898974125
4717.204117603921,3.1775779724121094,3.254993824188083,0.07741585177597354
4721.233244419246,3.176347017288208,3.254882276386679,0.07853525909847114
4724.2571738946435,3.1751158237457275,3.2548121895536863,0.0796963658079588
4728.282499233647,3.1745002269744873,3.2547419580024877,0.08024173102800036
4732.296831665534,3.173884868621826,3.2546744906742404,0.08078962205241424
4736.326896242511,3.172961473464966,3.254629530774565,0.08166805730959936
4739.3430518431915,3.0763213634490967,3.239291985344208,0.16297062189511147
4743.350952754584,3.0735514163970947,3.2390625657434793,0.16551114934638456
4747.375454279986,3.071089267730713,3.2388951117503875,0.16780584401967458
4750.392603846426,3.3560850620269775,3.2869503184408506,-0.06913474358612692
4754.416877860688,3.3616249561309814,3.2875975441052576,-0.07402741202572383
4758.428000114242,3.270216941833496,3.2714496360923206,0.0012326942588245515
4762.452195211782,3.2711403369903564,3.2715471186037193,0.0004067816133628277
4765.4695284039635,3.2714481353759766,3.2716120986703054,0.0001639632943288838
4769.490552589053,3.272679090499878,3.271690177954965,-0.0009889125449129565
4773.511880122328,3.17911696434021,3.2551282308494156,0.07601126650920564
4776.519041526276,3.176962375640869,3.2549846647317695,0.07802228909090037
4780.5431099720945,3.1754236221313477,3.2548442544891616,0.07942063235781394
4784.560301884093,3.174192428588867,3.254734318272349,0.08054188968348175
4788.575570152835,3.173884868621826,3.2546600744369183,0.08077520581509212
4791.5937325480545,3.172961473464966,3.254610805136876,0.08164933167191002
4795.620971136407,3.1723458766937256,3.2545617991464484,0.0822159224527228
4799.637077847215,3.074782609939575,3.2391903074846597,0.16440769754508455
4803.657417959047,3.0720126628875732,3.2389769331700347,0.1669642702824614
4806.673461151516,3.0704739093780518,3.2388531144324944,0.1683792050544426
4810.688656277928,3.3560850620269775,3.2869539974841846,-0.06913106454279294
4814.705080965387,3.3613171577453613,3.2875661935018483,-0.07375096424351302
4817.722143530952,3.1748080253601074,3.254799729974107,0.07999170461399974
4821.741184019079,3.1726536750793457,3.254649879053117,0.08199620397377139
4825.753557776384,3.1714224815368652,3.254547498066036,0.08312501652917081
4829.771498819816,3.170499324798584,3.254477826430156,0.08397850163157194
4832.789690856923,3.170191526412964,3.2544363119650157,0.08424478555205184
4836.817994628568,3.1695759296417236,3.2543966850471002,0.08482075540537659
4840.832069137504,3.1692681312561035,3.254353149743393,0.08508501848728933
4843.84840720905,3.1689603328704834,3.2543347179255133,0.08537438505502992
4847.8676933014185,3.168037176132202,3.2543001035975543,0.08626292746535213
4851.8886789905455,3.168037176132202,3.2542808742608687,0.0862436981286665
4855.902867062571,3.167729377746582,3.254252337500718,0.08652295975413615
4858.9080224418985,3.167421579360962,3.2542367748615195,0.08681519550055761
4862.930303135211,3.0707814693450928,3.2389272855450852,0.16814581619999247
4866.956407247545,3.068011522293091,3.2387375876373934,0.17072606534430257
4870.96981038689,3.065857172012329,3.2386035532132413,0.17274638120091224
4873.994916298908,3.3505451679229736,3.2866022238064665,-0.06394294411650714
4878.013243456847,3.3567006587982178,3.287218332617668,-0.06948232618054995
4882.030164742227,3.2659082412719727,3.271074518175746,0.005166276903773248
4885.045471506931,3.266523838043213,3.2711398258349624,0.004615987791749543
4889.06571922845,3.2677547931671143,3.271222291567846,0.0034674984007319054
4893.083859296011,3.2683703899383545,3.2712885967442027,0.0029182068058482002
4897.091926125003,3.2689859867095947,3.2713514956294816,0.0023655089198868495
4900.103077635488,3.172961473464966,3.2548172469296945,0.08185577346472872
4904.12527594744,3.1714224815368652,3.2546446604987627,0.08322217896189743
4908.147466560199,3.170499324798584,3.254520092650502,0.08402076785191781
4911.152620784648,3.170191526412964,3.2544546151824165,0.08426308876945265
4915.168864541088,3.1689603328704834,3.254366248634831,0.08540591576434764
4919.187056578195,3.1683449745178223,3.254311677164325,0.08596670264650275
4923.200382340655,3.167421579360962,3.2542626242667625,0.08684104490580058
4926.216418603856,3.167421579360962,3.254231335113208,0.08680975575224625
4930.238620765403,3.1668059825897217,3.254195408423507,0.0873894258337855
4934.263822532367,2.492788076400757,3.1785330633034956,0.6857449869027388
4938.2721064785865,2.475553035736084,3.177788295562785,0.702235259826701
4941.289168659191,2.7522389888763428,3.2018890594972413,0.44965007062089857
4945.3084401231,2.750699996948242,3.2017865427574796,0.45108654580923746
4949.313604356495,2.747006893157959,3.2016912379268447,0.45468434476888575
4952.327726985387,2.744852304458618,3.2016287022794545,0.45677639782083634
4956.344922746982,2.741774797439575,3.201556493196028,0.4597816957564529
4960.360126727465,2.7393124103546143,3.2014947025763316,0.46218229222171736
4964.387285244214,2.7368502616882324,3.201444280991944,0.46459401930371147
4967.401463307292,3.410560369491577,3.2988298054595604,-0.11173056403201675
4971.416649964588,3.4225635528564453,3.3001517406028973,-0.12241181225354802
4975.423824072205,3.0458521842956543,3.2378580824077035,0.19200589811204916
4978.441981847908,3.045236587524414,3.2378044116648006,0.19256782414038653
4982.46418131474,3.044620990753174,3.2377709504144843,0.19314995966131043
4986.473483094215,3.0443131923675537,3.2377471966056,0.19343400423804624
4990.493692704732,3.0443131923675537,3.237739421216393,0.1934262288488391
4993.517744597287,3.0440056324005127,3.2377309743559497,0.193725341955437
4997.5390802147185,3.0436978340148926,3.2377204721479758,0.19402263813308318
5001.567111434943,3.0436978340148926,3.237710330915804,0.19401249690091138
5005.580363670116,3.6136891841888428,3.32621710225761,-0.28747208193123264
5008.594496307954,3.626307725906372,3.32726221645307,-0.2990455094533022
5012.616715407726,3.6376953125,3.328354539669945,-0.3093407728300548
5016.636893066593,3.2588295936584473,3.2713499842571343,0.012520390598687037
5019.649274138129,3.2588295936584473,3.2711444793102284,0.012314885651781182
5023.664269470496,3.2591371536254883,3.2709737194328623,0.011836565807374022
5027.695577852027,3.2597527503967285,3.270878805330516,0.011126054933787266
5031.713640542702,3.2603683471679688,3.2708137374053075,0.010445390237338703
5034.726791533491,3.260983943939209,3.2707740018140816,0.009790057874872637
5038.747316425945,3.261291742324829,3.2707432774279765,0.009451535103147446
5042.776203026461,3.2622148990631104,3.270730580057665,0.008515680994554575
5045.790341053737,3.2622148990631104,3.2707157389446,0.008500839881489863
5049.805734049395,3.2628304958343506,3.270716175777629,0.00788567994327849
5053.095716822451,3.263446092605591,3.2707151820710125,0.0072690894654217075
5057.1251484661,3.263753890991211,3.270717273928983,0.006963382937771989
5060.137339367578,3.264061689376831,3.2707144334872416,0.006652744110410502
5064.145494737283,3.264369249343872,3.270720754348474,0.0063515050046021315
5068.159810230948,3.264677047729492,3.270734992038379,0.006057944308886842
5072.173858947585,3.1689603328704834,3.254175225200525,0.08521489233004154
5075.18611798692,3.167421579360962,3.2540511829224172,0.08662960356145533
5079.22124324316,3.1658828258514404,3.2539296943464433,0.08804686849500287
5083.241552943179,3.16465163230896,3.2538406005666514,0.0891889682576914
5086.25774934958,3.1637282371520996,3.253782122640083,0.09005388548798354
5090.273964234043,3.1624972820281982,3.2537317711491247,0.09123448912092647
5094.29900123829,3.161881685256958,3.2536870864922207,0.0918054012352627
5098.306174575985,3.0664727687835693,3.238390814012507,0.17191804522893772
5101.331466808461,3.0633950233459473,3.2382742365718777,0.17487921322593047
5105.346549141704,3.0606250762939453,3.2381482177458274,0.17752314145188208
5109.36390774122,3.0584707260131836,3.2380479257409096,0.179577199727726
5112.369982789099,3.34562087059021,3.285932655183588,-0.059688215406621836
5116.380118391128,3.3505451679229736,3.2864639477891497,-0.06408122013382389
5120.391303008139,3.258521795272827,3.2703038408735856,0.011782045600758462
5124.408479136796,3.2591371536254883,3.2703686743694007,0.011231520743912426
5127.420650790292,3.2597527503967285,3.270414050097043,0.010661299700314597
5131.438850911555,3.260676145553589,3.270460239389208,0.009784093835619068
5135.456054757299,3.1652672290802,3.253981333569492,0.08871410448929185
5139.480252934517,3.1640360355377197,3.2538495332911954,0.08981349775347569
5142.496408150238,3.1628050804138184,3.2537786556986394,0.09097357528482108
5146.512785872624,3.161573886871338,3.2537002852659387,0.0921263983946008
5150.534803638512,3.1606507301330566,3.253651170499822,0.09300044036676525
5153.5500245572175,3.1600351333618164,3.2536179711505397,0.09358283778872334
5157.572158580911,3.159419536590576,3.25358158342231,0.0941620468317339
5161.58634588302,3.0609328746795654,3.238298997460347,0.17736612278078168
5165.610553299267,3.0584707260131836,3.2381500559872913,0.17967932997410774
5168.625739571607,3.056624174118042,3.238069438788905,0.18144526467086308
5172.63593214766,3.3443896770477295,3.2860079908282156,-0.058381686219513895
5176.655012286631,3.349006414413452,3.2864988311014525,-0.06250758331199968
5179.676306713377,3.1606507301330566,3.2537886772247266,0.09313794709167
5183.692647864597,3.159111738204956,3.253674189889684,0.0945624516847281
5187.709682328109,3.1578807830810547,3.2536034274393275,0.09572264435827282
5191.731904507557,3.1569573879241943,3.2535476620194883,0.09659027409529397
5194.746084495432,3.156341791152954,3.253524606415032,0.09718281526207795
5198.764273837823,3.156033992767334,3.2534993877046396,0.09746539493730566
5202.783415570336,3.155418634414673,3.253468251002608,0.09804961658793498
5205.809665582366,3.1548030376434326,3.253452210411499,0.0986491727680665
5209.827754450297,3.1544952392578125,3.253433893049888,0.09893865379207556
5213.844231107308,3.1538796424865723,3.253418203748007,0.09953856126143457
5217.862180619851,3.153571844100952,3.2534044977129906,0.09983265361203841
5220.866318165926,3.153264045715332,3.253395263180794,0.10013121746546183
5224.8806640714,3.056316375732422,3.2381453953031523,0.1818290195707304
5228.899717648156,3.05385422706604,3.2380151358142286,0.18416090874818858
5232.919003740527,3.0516998767852783,3.2379231107441204,0.1862232339588421
5235.929200551137,3.3385419845581055,3.285777349955076,-0.05276463460302949
5239.955253848796,3.3443896770477295,3.2862917073480338,-0.05809796969969572
5243.978618203458,3.252366304397583,3.270119621078911,0.01775331668132818
5246.995632264111,3.2532896995544434,3.2701632875928817,0.016873588038438303
5251.010853952735,3.2539050579071045,3.2702184854898406,0.01631342758273613
5255.040190186098,3.254828453063965,3.2702658200715446,0.015437367007579805
5259.071263357299,3.1606507301330566,3.253791982404522,0.09314125227146519
5262.086372252755,3.158803939819336,3.2536932228276085,0.0948892830082726
5266.100675042747,3.1572651863098145,3.253599082384307,0.09633389607449239
5270.123779549663,3.156341791152954,3.253530342254273,0.09718855110131885
5273.124078663296,3.155726194381714,3.253490351366853,0.0977641569851393
5277.14833111982,3.1548030376434326,3.2534472019457983,0.09864416430236567
5281.172328733067,3.1538796424865723,3.253413038523023,0.09953339603645084
5285.195548727871,3.153264045715332,3.253385455820945,0.10012141010561315
5288.205812136496,3.153264045715332,3.2533680693716445,0.10010402365631244
5292.229885971753,3.152340888977051,3.253354208572153,0.1010133195951024
5296.252158195951,2.4749374389648438,3.1779638559060857,0.7030264169412419
5300.266278515085,2.461087703704834,3.177349150569448,0.716261446864614
5303.28539522522,2.741159200668335,3.201462689264852,0.46030348859651715
5307.309763939552,2.738389253616333,3.2013725961428388,0.46298334252650575
5311.3288583220265,2.735311508178711,3.2012872149677793,0.4659757067890684
5314.337982635115,2.732849359512329,3.201223309181285,0.46837394966895607
5318.353266687199,2.729771614074707,3.2011509846830943,0.4713793706083873
5322.373386987084,2.727309465408325,3.2010864139901454,0.4737769485818202
5326.394679873992,3.38655424118042,3.2986314644194126,-0.08792277676100735
5329.412736405312,3.40132737159729,3.299582143985881,-0.10174522761140903
5333.436908405275,3.413022518157959,3.300503075371844,-0.11251944278611514
5337.458139313684,3.033849000930786,3.237803298629047,0.20395429769826068
5340.462395812284,3.032925844192505,3.2376915296236186,0.20476568543111373
5344.483499299054,3.0326180458068848,3.2375845057049517,0.20496645989806694
5348.498771032432,3.0323102474212646,3.237516582673034,0.20520633525176946
5352.520887347983,3.0320024490356445,3.237466798990571,0.20546434995492646
5355.538132384409,3.0316946506500244,3.237431786177626,0.20573713552760164
5359.559346739555,3.0313868522644043,3.23740458990575,0.2060177376413459
5363.5775018205395,3.0313868522644043,3.237383362829617,0.20599651056521262
5367.602665476504,3.606302499771118,3.3258112780953475,-0.2804912216757707
5370.6178413549305,3.617382287979126,3.3267807112219403,-0.2906015767571857
5374.62910411875,3.249288558959961,3.2702229385910417,0.0209343796310808
5378.648299360647,3.247134208679199,3.27009445324775,0.022960244568550614
5381.657320504556,3.247134208679199,3.2700493601213028,0.022915151442103543
5385.6809285386635,3.2474420070648193,3.2700206809681887,0.022578673903369317
5389.700860978247,3.2480576038360596,3.27000089677046,0.02194329293440056
5393.712950250386,3.2486729621887207,3.269989221010261,0.021316258821540313
5396.732381857498,3.248980760574341,3.2699839748293282,0.021003214254987412
5400.757365737313,3.249596357345581,3.269986385690871,0.020390028345290023
5404.789655380936,3.249288558959961,3.2699789221050595,0.020690363145098534
5407.797999765818,3.249904155731201,3.2699729712324213,0.020068815501220083
5411.813955572451,3.2508275508880615,3.2699808085666033,0.019153257678541813
5415.125217730346,3.2508275508880615,3.2699829489162915,0.019155398028229964
5419.15397536939,3.2514429092407227,3.26997995155462,0.018537042313897523
5422.1661474078455,3.2514429092407227,3.2699890171174166,0.018546107876693974
5426.189312738384,3.2517507076263428,3.2699868844997506,0.01823617687340784
5430.207532877545,3.252058506011963,3.2699975435020834,0.01793903749012049
5434.238844338756,3.156033992767334,3.2534950328354566,0.09746104006812262
5437.256001989347,3.1544952392578125,3.253391767345234,0.09889652808742166
5441.282083774021,3.152648687362671,3.2532918641977027,0.10064317683503177
5445.300262722504,3.15080189704895,3.253224971547298,0.10242307449834787
5448.316429487016,3.15018630027771,3.2531764036010613,0.10299010332335135
5452.334619984283,3.1489553451538086,3.2531310597066265,0.10417571455281793
5456.346922909016,3.1483397483825684,3.2530956540552984,0.10475590567273008
5460.374051398915,3.0520076751708984,3.2378511382189417,0.18584346304804322
5463.3922041701435,3.0492377281188965,3.237743861434463,0.18850613331556643
5467.418501147248,3.0461599826812744,3.23763753437237,0.19147755169109537
5471.43359541424,3.3271546363830566,3.285501439600237,-0.041653196782819535
5474.435738099522,3.3333098888397217,3.285849590185739,-0.04746029865398249
5478.453151748266,3.3379266262054443,3.2861899352797908,-0.05173669092565358
5482.470143096299,3.2446720600128174,3.269900753197358,0.025228693184540685
5486.495463045868,3.2459030151367188,3.2699006970726927,0.023997681935973958
5489.504527305254,3.246518611907959,3.2699142302272373,0.023395618319278277
5493.525712018508,3.247134208679199,3.2699196450098826,0.022785436330683417
5497.546968334252,3.1511096954345703,3.253441026523962,0.10233133108939185
5501.583094870482,3.149878740310669,3.2533188721917297,0.10344013188106072
5504.601364284475,3.1483397483825684,3.253243989324286,0.10490424094171757
5508.612638212123,3.147416591644287,3.253179933891155,0.10576334224686779
5512.634747983361,3.1461853981018066,3.2531209406509483,0.10693554254914162
5515.640830730435,3.1458775997161865,3.253089429334883,0.10721182961869635
5519.662013518887,3.0501608848571777,3.237832472168969,0.18767158731179112
5523.68931716542,3.0461599826812744,3.2377020109966077,0.1915420283153333
5527.707401798792,3.0440056324005127,3.2375954161303255,0.19358978372981284
5530.710562702291,3.042158842086792,3.2375254996640175,0.1953666575772255
5534.726752949339,3.3317711353302,3.285386982943247,-0.04638415238695304
5538.746994126547,3.336695432662964,3.2858397307197746,-0.050855701943189224
5541.758103291476,3.1461853981018066,3.2532025671914977,0.10701716908969106
5545.783347788957,3.144646644592285,3.253106935390012,0.10846029079772679
5549.795616837239,3.143723249435425,3.253056129359268,0.10933287992384333
5553.816709930102,3.1431076526641846,3.2530110343659087,0.10990338170172409
5556.824872999,3.1424920558929443,3.2529884362243036,0.11049638033135922
5560.8350651900955,3.141876697540283,3.252964352544047,0.11108765500376361
5564.849282519051,3.141261100769043,3.2529450672222913,0.1116839664532483
5568.866621870587,3.140953302383423,3.252929257072698,0.11197595468927535
5571.886762188372,3.1406455039978027,3.25291912738456,0.11227362338675739
5575.907826794221,3.1400299072265625,3.252907407760979,0.1128775005344167
5579.93014174894,3.1400299072265625,3.252897260270334,0.1128673530437716
5582.944270152223,3.1397221088409424,3.2528904560821985,0.11316834724125613
5586.956337866622,3.042158842086792,3.2376728946325772,0.19551405254578524
5590.9835976277545,3.03969669342041,3.237557039437558,0.19786034601714775
5594.994778780131,3.0378501415252686,3.237465207244064,0.1996150657187954
5597.997986263746,3.3271546363830566,3.2852656870039514,-0.041888949379105256
5602.006157801755,3.3317711353302,3.2857281202602056,-0.04604301506999464
5606.015284424603,3.2391321659088135,3.269558378522145,0.03042621261333167
5609.022461226933,3.2397477626800537,3.269594723189588,0.02984696050953417
5613.0377780005865,3.241286516189575,3.269647086917585,0.028360570728009904
5617.058858774742,3.2419021129608154,3.26967951847565,0.02777740551483454
5621.066031342519,3.1464931964874268,3.2532470526299395,0.10675385614251276
5624.083188993111,3.1452620029449463,3.2531644778510955,0.10790247490614924
5628.101456482308,3.144031047821045,3.2530746773175014,0.10904362949645652
5632.118599889393,3.1424920558929443,3.2530199310917975,0.11052787519885321
5636.135894585611,3.141568899154663,3.2529683033054138,0.11139940415075067
5639.147928038604,3.140953302383423,3.2529410432960564,0.11198774091263353
5643.159128054004,3.1406455039978027,3.2529116242908103,0.11226612029300753
5647.173378489487,3.1397221088409424,3.2528941077698645,0.11317199892892216
5650.192514062644,3.1394145488739014,3.252873461918167,0.11345891304426559
5654.207753844371,3.138798952102661,3.2528629452102473,0.11406399310758619
5658.220912919313,2.4589333534240723,3.1775780889171727,0.7186447354931005
5662.2293955047035,2.4456992149353027,3.1769745188936387,0.731275303958336
5665.239395985903,2.7276172637939453,3.201070919345997,0.4734536555520519
5669.252523494156,2.7245395183563232,3.2009731207671623,0.4764336024108391
5673.270750947552,2.720846176147461,3.200874370740669,0.4800281945932081
5676.284929395585,2.718691825866699,3.2008057409525463,0.4821139150858471
5680.301023017767,2.715614080429077,3.2007216468478754,0.48510756641879826
5684.329396467104,2.712844133377075,3.200644397074776,0.487800263697701
5688.355474787138,3.377321243286133,3.2982369014424657,-0.07908434184366708
5691.376593672295,3.389324188232422,3.299185901904309,-0.09013828632811283
5695.394887338748,3.024923801422119,3.236996644571594,0.21207284314947472
5699.416984021357,3.0203070640563965,3.2369408760065643,0.21663381195016784
5703.443317184666,3.018768310546875,3.2369225846777807,0.2181542741309057
5706.4505140049,3.018460512161255,3.236920300674109,0.2184597885128543
5710.47952302258,3.0178449153900146,3.2369124024381843,0.2190674870481697
5714.50092754778,3.0175373554229736,3.236905088797238,0.21936773337426452
5717.524852788619,3.0175373554229736,3.2369047958089663,0.21936744038599265
5721.545127457316,3.0169217586517334,3.236886170015318,0.21996441136358458
5725.574253887679,3.0169217586517334,3.2368776958892584,0.21995593723752505
5729.595482101372,3.594607353210449,3.3252859805497326,-0.26932137266071665
5732.613909733772,3.605071544647217,3.326233526348517,-0.2788380182986998
5736.626826284147,3.23420786857605,3.269712754928448,0.035504886352398124
5740.634033113333,3.2335922718048096,3.2695992948323265,0.036007023027516905
5743.648182304437,3.2335922718048096,3.269558314782066,0.035966042977256585
5747.673380606765,3.23420786857605,3.2695331150700477,0.03532524649399793
5751.690592536664,3.23451566696167,3.269508801853002,0.034993134891331934
5755.705795747227,3.23482346534729,3.2695038536566132,0.034680388309323185
5758.713919550243,3.2357466220855713,3.2694984281609663,0.03375180607539496
5762.728135724324,3.2360544204711914,3.2694874442984974,0.03343302382730595
5766.745386535143,3.2366700172424316,3.2694847837103955,0.032814766467963885
5769.748446964181,3.2369778156280518,3.269483817778125,0.032506002150073154
5773.759690095055,3.237285614013672,3.2694834810375255,0.03219786702385363
5777.141988020748,3.237593412399292,3.269490123981177,0.03189671158188512
5781.157272842752,3.238208770751953,3.2694849107106725,0.03127613995871936
5784.1734657845145,3.238208770751953,3.2694859595852943,0.031277188833341185
5788.195532825236,3.2388243675231934,3.269493920877058,0.030669553353864565
5792.224818628888,3.1455698013305664,3.2530246591749625,0.10745485784439612
5796.247933529709,3.141876697540283,3.2528939472531757,0.11101724971289251
5799.267050239848,3.1403377056121826,3.2528263228113925,0.11248861719920988
5803.2802924660655,3.138798952102661,3.252757540653961,0.11395858855129992
5807.308481904699,3.1372599601745605,3.252705497369478,0.11544553719491724
5810.329634666304,3.136029005050659,3.2526746347894893,0.11664562973883008
5814.352841572479,3.135105609893799,3.2526415033147256,0.11753589342092674
5818.372038739176,3.1338746547698975,3.2526093851150017,0.11873473034510429
5822.395249494949,3.036926746368408,3.2373944638207908,0.20046771745238257
5825.397521141708,3.0341567993164062,3.2372942609574196,0.20313746164101332
5829.415591531578,3.0313868522644043,3.2371941679267984,0.20580731566239407
5833.42077616784,3.3154592514038086,3.2850228399166577,-0.030436411487150927
5836.4360178743655,3.320075750350952,3.2853598311981926,-0.03471591915275951
5840.458143428948,3.2308223247528076,3.269203289633839,0.0383809648810316
5844.473500238401,3.2311301231384277,3.2692586076016363,0.0381284844632086
5848.489535346719,3.232053518295288,3.2692963072106727,0.03724278891538457
5851.499693276407,3.232361316680908,3.2693236112452673,0.036962294564359066
5855.515866585231,3.2332844734191895,3.2693532830281065,0.03606880960891701
5859.548091940595,3.1369521617889404,3.2529241256940202,0.1159719639050798
5863.574263420863,3.135413408279419,3.2528114661499803,0.11739805787056135
5866.595443514599,3.1338746547698975,3.252745139101762,0.11887048433186465
5870.6076478896675,3.132951259613037,3.2526840186577024,0.1197327590446653
5874.637856056585,3.1320278644561768,3.2526498117310028,0.120621947274826
5877.656008057894,3.1311047077178955,3.252616454394568,0.12151174667667242
5881.675231401846,3.0347723960876465,3.23738503249364,0.20261263640599347
5885.692426008559,3.0313868522644043,3.2372504914580733,0.205863639193669
5889.715745707907,3.0286169052124023,3.237153113210154,0.20853620799775152
5892.730905033076,3.310842752456665,3.284930732877079,-0.025912019579585888
5896.747951815293,3.3182291984558105,3.28537138757369,-0.032857810882120475
5900.763144246986,3.1335668563842773,3.2527702137004635,0.11920335731618614
5903.7773165356675,3.1311047077178955,3.2526950744796292,0.12159036676173374
5907.800506503619,3.129873514175415,3.252630848293421,0.12275733411800616
5911.805745804147,3.1286425590515137,3.25258733690594,0.12394477785442648
5915.8349095755975,3.1280269622802734,3.2525610716980546,0.1245341094177812
5918.849034129288,3.127411365509033,3.2525359519705983,0.1251245864615651
5922.866395038559,3.126487970352173,3.2525091633034986,0.12602119295132574
5926.8814585087775,3.1258726119995117,3.2524982941391167,0.126625682139605
5930.901675818487,3.1255648136138916,3.2524844478307653,0.1269196342168737
5933.905908449592,3.1249492168426514,3.2524696086158937,0.12752039177324237
5937.929004487393,3.1246414184570312,3.2524651780835594,0.12782375962652814
5941.947233865588,3.124333620071411,3.252456190298502,0.12812257022709073
5944.969798659103,3.0289247035980225,3.237264261667657,0.20833955806963456
5948.987559926391,3.0258469581604004,3.237144666351993,0.21129770819159255
5953.008880145436,3.0230770111083984,3.237049861530953,0.21397285042255465
5957.024962218827,3.3065340518951416,3.2848744009564674,-0.02165965093867417
5960.041110890236,3.3120737075805664,3.285223388129337,-0.02685031945122951
5964.062484233703,3.3176136016845703,3.285552564852126,-0.03206103683244432
5968.081520872239,3.2240514755249023,3.2692812988636737,0.04522982333877135
5971.1076661752495,3.2246668338775635,3.2692813162951984,0.04461448241763488
5975.134999463672,3.225590229034424,3.269290906654459,0.043700677620035044
5979.154173532791,3.226513624191284,3.2693022734876713,0.04278864929638715
5983.177303447042,3.1307969093322754,3.252860287416948,0.12206337808467271
5986.182596641916,3.128950357437134,3.2527544571562883,0.12380409971915451
5990.204622876915,3.1277191638946533,3.2526701612997413,0.12495099740508797
5994.222945800298,3.126487970352173,3.25260460962447,0.126116639272297
5998.25099203395,3.1255648136138916,3.2525551247840814,0.12699031117018977
6001.265169327108,3.1249492168426514,3.2525257956723657,0.1275765788297143
6005.279530246003,3.124025821685791,3.2524942222581585,0.12846840057236752
6009.312665260971,3.12341046333313,3.252469083259987,0.12905861992685708
6012.318717981191,3.1227948665618896,3.25244761052671,0.12965274396482052
6016.34889612126,2.460780143737793,3.1771883085020325,0.7164081647642395
6020.361259099692,2.438004970550537,3.176544594950894,0.738539624400357
6024.379346812743,2.709151029586792,3.2005368931298035,0.4913858635430115
6027.390476765487,2.7085354328155518,3.200458718956106,0.49192328614055425
6031.414670323188,2.7048420906066895,3.2003488829034348,0.4955067922967453
6035.4260181630825,2.700841188430786,3.2002404524657484,0.49939926403496226
6038.443027219259,2.6983790397644043,3.200169250617667,0.5017902108532626
6042.465393758569,2.694993495941162,3.2000743235285216,0.5050808275873595
6046.480433361291,2.6925313472747803,3.199983786375574,0.5074524391007937
6050.5036545109715,3.363163709640503,3.2977444663088367,-0.06541924333166627
6053.52484499862,3.3739356994628906,3.298714220970272,-0.07522147849261884
6057.549972468375,3.003687620162964,3.236470197574475,0.23278257741151132
6061.573282928691,3.000917673110962,3.236421009688758,0.23550333657779587
6065.585406077275,2.9999942779541016,3.236403700781734,0.23640942282763255
6068.602565267708,2.9996864795684814,3.2364017931297573,0.23671531356127584
6072.6228237681,2.9987633228302,3.2363833049689497,0.23761998213874946
6076.630933712565,2.99845552444458,3.2363810378734676,0.23792551342888757
6079.654084414636,2.99814772605896,3.2363749214533755,0.2382271953944155
6083.6824709526,2.99783992767334,3.236366086942196,0.23852615926885612
6087.70048398348,2.9975321292877197,3.236356524967536,0.23882439567981617
6091.7116851537585,3.579218864440918,3.3248663468437476,-0.25435251759717037
6094.719958706067,3.5896830558776855,3.3258040369531265,-0.263879018924559
6098.737040904573,3.2166647911071777,3.2692689097152625,0.05260411860808478
6102.752236800904,3.2160494327545166,3.269150090785513,0.053100658030996506
6105.7603813917385,3.2160494327545166,3.26910988892881,0.053060456174293336
6109.772586921686,3.2166647911071777,3.2690855098616884,0.05242071875451071
6113.7868027108025,3.216972589492798,3.2690617577908485,0.05208916829805066
6117.806988453823,3.217588186264038,3.269050952396471,0.05146276613243295
6120.819166266675,3.2182037830352783,3.269051977458565,0.050848194423286586
6124.832348824156,3.2188193798065186,3.2690412319973783,0.05022185219085973
6128.851552150208,3.2191269397735596,3.269038704912072,0.049911765138512365
6132.868898046055,3.2197425365448,3.2690375899256567,0.049295053380856935
6135.883890298744,3.2197425365448,3.2690374339442054,0.049294897399405624
6139.147781207647,3.22005033493042,3.2690377356894293,0.048987400759009425
6143.167963101071,3.22066593170166,3.269044877519092,0.04837894581743196
6146.186971252592,3.2209737300872803,3.269039583702809,0.04806585361552873
6150.205330362179,3.2212815284729004,3.269047326509895,0.04776579803699477
6154.227534063565,3.126487970352173,3.2525729480799974,0.12608497772782457
6158.248729940647,3.124025821685791,3.2524473175230764,0.12842149583728535
6161.260058532563,3.1221792697906494,3.2523732316449694,0.13019396185431997
6165.270916703813,3.120332717895508,3.2523096193803944,0.1319769014848866
6169.298281943883,3.1187937259674072,3.252256860765949,0.133463134798542
6172.312430750027,3.117870569229126,3.2522255641814763,0.13435499495235037
6176.336490341776,3.1163315773010254,3.2521917950685317,0.13586021776750634
6180.351839067079,3.1157162189483643,3.2521710953461858,0.1364548763978215
6184.371036618736,3.0178449153900146,3.2369368993186067,0.21909198392859208
6187.390060168641,3.0147674083709717,3.2368322497994395,0.22206484142846783
6191.417513179508,3.0119974613189697,3.2367270786291615,0.2247296173101918
6195.437544553716,3.2979164123535156,3.2845807184006404,-0.01333569395287526
6199.457950878604,3.3034563064575195,3.285006382678528,-0.01844992377899146
6202.462089579557,3.212048292160034,3.2687809262737986,0.05673263411376439
6206.486162259934,3.2126638889312744,3.2688229930853345,0.05615910415406011
6210.493240127643,3.2135872840881348,3.26886281850556,0.05527553441742539
6213.509484653997,3.214202642440796,3.268888072367637,0.05468542992684089
6217.536839500158,3.120948314666748,3.2524642575691782,0.13151594290243018
6221.565861991426,3.118178367614746,3.2523533161184837,0.13417494850373757
6225.584119471671,3.1163315773010254,3.2522773695947267,0.1359457922937013
6228.602239521332,3.115100622177124,3.252228120787197,0.13712749861007278
6232.628384054423,3.1138694286346436,3.2521886404268114,0.13831921179216788
6236.644418007864,3.112330675125122,3.252147621606199,0.1398169464810768
6239.660569758947,3.111715078353882,3.2521322010337768,0.14041712267989492
6243.690026869631,3.0150749683380127,3.2369009521080416,0.22182598377002893
6247.72200469596,3.0113818645477295,3.2367650973662005,0.22538323281847106
6251.736332123371,3.0089197158813477,3.2366662908185257,0.2277465749371781
6254.741664969087,3.293607473373413,3.2844760654114427,-0.009131407961970428
6258.75756418666,3.3000707626342773,3.2849255212201234,-0.015145241414153965
6262.776947673813,3.1138694286346436,3.2523089559533913,0.13843952731874776
6266.786173231284,3.1114072799682617,3.2522152246545692,0.14080794468630753
6269.801123523371,3.1104838848114014,3.252170101925213,0.1416862171138118
6273.819484172797,3.1092529296875,3.2521262726921387,0.14287334300463872
6277.852504469795,3.1083295345306396,3.252087823621271,0.14375828909063149
6280.879769235403,3.1080217361450195,3.2520743436281148,0.14405260748309523
6284.891875830724,3.1070985794067383,3.2520593170855285,0.14496073767879025
6288.905260876968,3.106482982635498,3.252036283225234,0.1455533005897358
6292.909239434716,3.106175184249878,3.2520221165387637,0.1458469322888858
6295.925415438257,3.1055595874786377,3.2520129188025386,0.14645333132390093
6299.943623258713,3.1052517890930176,3.252002146596789,0.1467503575037714
6303.9639602908655,3.1049442291259766,3.2519926993899197,0.1470484702639432
6306.983105103055,3.0086119174957275,3.23679453450473,0.22818261700900244
6311.007423387676,3.0055341720581055,3.236668488296367,0.23113431623826175
6315.021585282445,3.0030720233917236,3.2365734777192534,0.23350145432752978
6319.0366106416595,3.2883753776550293,3.284439037313026,-0.003936340342003408
6322.049775106035,3.293607473373413,3.28478291335158,-0.008824560021833072
6326.074998430741,3.2043540477752686,3.2686330194330413,0.06427897165777274
6330.109210177784,3.2046618461608887,3.268687767794365,0.0640259216334762
6333.123614212159,3.20589280128479,3.2687182900154435,0.06282548873065341
6337.142523044097,3.2068161964416504,3.268758877888228,0.06194268144657755
6341.16908063887,3.115408420562744,3.252337788114195,0.1369293675514509
6345.1898649941095,3.1107916831970215,3.252222944017888,0.14143126082086654
6348.203160729719,3.10956072807312,3.252170845726898,0.14261011765377773
6352.228543042752,3.1080217361450195,3.2521117101379273,0.1440899739929078
6356.255574137863,3.106482982635498,3.252067100471584,0.14558411783608616
6360.281877274324,3.1055595874786377,3.2520325446617626,0.14647295718312492
6363.293106931612,3.1052517890930176,3.2520115122156277,0.1467597231226101
6367.3150958255255,3.104020833969116,3.2519883482446446,0.14796751427552834
6371.336462624683,3.103405237197876,3.2519694509585597,0.14856421376068374
6374.356644903067,3.1027896404266357,3.251957444166491,0.1491678037398554
6378.380523563791,2.431849479675293,3.176648399268238,0.7447989195929452
6382.393957884867,2.411228895187378,3.17592300830258,0.7646941131152021
6386.416043403647,2.685452699661255,3.1998617583652074,0.5144090587039525
6389.4301410101625,2.682682752609253,3.1997608299467704,0.5170780773375174
6393.448266449256,2.6783738136291504,3.199619760559967,0.5212459469308168
6397.466567814904,2.674372911453247,3.199482294805671,0.5251093833524241
6400.480623460816,2.671295166015625,3.199379074933387,0.528083908917762
6404.499006052943,2.667909622192383,3.1992538604903853,0.5313442382980025
6408.516020113592,2.66483211517334,3.199128588073618,0.5342964729002784
6412.534584406664,3.342543125152588,3.2971958090402573,-0.04534731611233056
6415.551641582791,3.3530073165893555,3.2982097869109857,-0.054797529678369816
6419.568706073152,2.978450298309326,3.235817491822303,0.25736719351297666
6423.581001683652,2.9762959480285645,3.235763787276741,0.2594678392481766
6427.60517445353,2.975064992904663,3.235742874094101,0.26067788118943813
6430.621352381867,2.974449396133423,3.235733269328234,0.2612838731948113
6434.626375720048,2.9735260009765625,3.2357225754473626,0.26219657447080014
6438.651557469112,2.9735260009765625,3.235706625011802,0.26218062403523934
6441.661692686182,2.9732182025909424,3.2357090304176435,0.2624908278267011
6445.676989056973,2.9729104042053223,3.2356918263530754,0.26278142214775313
6449.702104592984,3.5392086505889893,3.3244284916768545,-0.21478015891213476
6453.722368867767,3.5604448318481445,3.325641174350147,-0.2348036574979977
6456.728523602292,3.570293426513672,3.326281657175463,-0.24401176933820867
6460.742646616139,3.193889856338501,3.2692934335830137,0.07540357724451274
6464.7532164526265,3.193582057952881,3.2690564530727952,0.07547439511991438
6467.7611212136135,3.193582057952881,3.268935394787637,0.07535333683475631
6471.77118713795,3.194505453109741,3.2688425710788116,0.07433711796907039
6475.7754890617825,3.194505453109741,3.26877510836789,0.07426965525814877
6479.797584204557,3.1951210498809814,3.268733613304745,0.07361256342376343
6482.814848873925,3.1954286098480225,3.2687070779603835,0.07327846811236105
6486.826041190131,3.196352005004883,3.2686806262341945,0.07232862122931172
6490.854172114899,3.196352005004883,3.2686553160449368,0.07230331104005394
6494.870567160472,3.197275400161743,3.268648122777191,0.07137272261544769
6497.1365784975305,3.197275400161743,3.2686425243014634,0.07136712413972024
6501.154076379619,3.1978909969329834,3.268628779668404,0.07073778273542075
6505.171153958608,3.1978909969329834,3.2686238340464273,0.07073283711344391
6508.187334196703,3.1981985569000244,3.2686214273226453,0.07042287042262085
6512.210511076032,3.1985063552856445,3.2686257493948405,0.07011939410919599
6516.234704633732,3.103097438812256,3.252129893349732,0.14903245453747616
6520.262924869131,3.100019693374634,3.2519968710082137,0.15197717763357987
6523.280056727429,3.098173141479492,3.2519183290956315,0.1537451876161393
6527.286278444927,3.0966343879699707,3.2518500030706754,0.1552156151007047
6531.303599703359,3.09509539604187,3.251787330377407,0.15669193433553685
6534.317970246247,3.0935566425323486,3.2517593515383165,0.1582027090059679
6538.332801200851,3.092017650604248,3.2517225759049557,0.15970492530070768
6542.3449678498755,2.99783992767334,3.2364685664089015,0.23862863873556162
6546.367213511859,2.992607831954956,3.2363148090810476,0.24370697712609157
6549.385481001057,2.989837884902954,3.2362297029293208,0.24639181802636667
6553.402738356191,2.986760139465332,3.236138312617,0.24937817315166777
6557.416755121186,3.27544903755188,3.284072100883048,0.008623063331167913
6561.431056371342,3.280988931655884,3.2845284018293075,0.003539470173423709
6564.446379304348,3.188349962234497,3.2682968828223533,0.07994692058785624
6568.473265654643,3.1892733573913574,3.268343307310328,0.07906994991897065
6572.482670218341,3.1901965141296387,3.2683973679758713,0.07820085384623265
6575.495779633492,3.190504312515259,3.268427400324839,0.07792308780958024
6579.508865566103,3.0963265895843506,3.2519862175607726,0.15565962797642197
6583.524305911796,3.0935566425323486,3.2518677275033703,0.15831108497102164
6587.545241171209,3.091710090637207,3.2517899928416165,0.16007990220440949
6590.558410255103,3.0907866954803467,3.2517456193884975,0.1609589239081508
6594.571698291521,3.089247703552246,3.2516988216998017,0.16245111814755564
6598.594813962268,3.0880167484283447,3.2516622422713524,0.16364549384300764
6601.606075186245,3.0874011516571045,3.2516338354893533,0.16423268383224876
6605.625369747725,2.989530086517334,3.236382179002287,0.2468520924849531
6609.642503145861,2.986760139465332,3.2362361087691216,0.24947596930378957
6613.657981987518,2.98399019241333,3.2361276706557685,0.2521374782424384
6616.663919219852,3.2717559337615967,3.2840321633440928,0.012276229582496079
6620.690088775319,3.278218984603882,3.2844921854014215,0.00627320079753968
6624.712338671859,3.089555501937866,3.2518210315261857,0.16226552958831952
6628.7414169822705,3.0874011516571045,3.251723009215034,0.16432185755792972
6631.76447875867,3.086170196533203,3.251675498169387,0.16550530163618404
6635.777768719884,3.0852468013763428,3.2516291649818525,0.16638236360550973
6639.800963692312,3.0846312046051025,3.251594563733708,0.1669633591286055
6642.820118128492,3.0837080478668213,3.2515736837506806,0.16786563588385928
6646.845226735225,3.083400249481201,3.251550747347168,0.16815049786596692
6650.871468278144,3.082784652709961,3.2515319061852708,0.16874725347530983
6654.888635167766,3.0821690559387207,3.2515221298320593,0.16935307389333865
6657.900785263525,3.0815534591674805,3.251499878627131,0.1699464194596505
6661.924325544737,3.0812458992004395,3.2514935713883997,0.17024767218796022
6665.9551777491115,3.0812458992004395,3.2514826972100543,0.1702367980096149
6668.960306566228,2.98429799079895,3.2362555123255046,0.2519575215265544
6672.984826954652,2.980912446975708,3.236112577283445,0.2552001303077369
6676.993770336715,2.9790658950805664,3.2360128836066875,0.2569469885261211
6681.01496313412,3.2677547931671143,3.283979721845782,0.01622492867866754
6684.027261824293,3.272986888885498,3.2843322103648225,0.011345321479324433
6688.0503028128705,3.181886911392212,3.268153316451307,0.08626640505909489
6692.069486121024,3.182810068130493,3.2682108161243653,0.0854007479938721
6696.088661729979,3.1840412616729736,3.2682675043369587,0.08422624266398504
6699.1047965428415,3.184964418411255,3.268298840169959,0.0833344217587042
6703.126318865688,3.091094493865967,3.2518437691682553,0.16074927530228855
6707.15928218866,3.0880167484283447,3.251729929175897,0.16371318074755248
6710.168389948484,3.086170196533203,3.2516691148604746,0.16549891832727148
6714.186705942592,3.0849390029907227,3.2516067992521647,0.166667796261442
6718.194892878987,3.0837080478668213,3.2515595635757606,0.1678515157089393
6722.220197815131,3.082784652709961,3.2515224935894675,0.1687378408795066
6725.23438396236,3.0818612575531006,3.2514937273331297,0.1696324697800291
6729.2484095814225,3.0812458992004395,3.2514684344448384,0.1702225352443989
6733.269827965171,3.080630302429199,3.2514535270439175,0.17082322461471833
6736.279700254813,3.080014705657959,3.251440181797282,0.1714254761393228
6740.290072991974,2.4016880989074707,3.176017276678386,0.7743291777709151
6744.311265404419,2.3801441192626953,3.17517728798086,0.7950331687181649
6748.3335099115275,2.657137632369995,3.199049708755401,0.541912076385406
6751.349427992117,2.653752326965332,3.1989160119440654,0.5451636849787334
6755.376811325291,2.648212432861328,3.198729541004672,0.5505171081433438
6759.399948168816,2.642364740371704,3.198545560661992,0.556180820290288
6763.415428165349,2.6368248462677,3.198365993265516,0.5615411469978158
6766.42959390972,2.632823944091797,3.1982334560464327,0.5654095119546358
6770.451419195791,3.2883753776550293,3.2966305871605144,0.008255209505485084
6774.481643531012,3.31730580329895,3.297981517107859,-0.01932428619109139
6777.501789238232,3.3296167850494385,3.298693434925121,-0.030923350124317572
6781.519981660303,2.9507510662078857,3.235672954092376,0.28492188788449013
6785.543319452751,2.947981119155884,3.235486429734144,0.28750531057826034
6789.563360065992,2.946134328842163,3.235369438825027,0.28923510998286384
6792.578726114477,2.945211172103882,3.235309512176924,0.29009834007304214
6796.594674991839,2.9436721801757812,3.2352347249225906,0.2915625447468093
6800.603943664787,2.94244122505188,3.235173218865472,0.29273199381359216
6803.620159704132,2.9418256282806396,3.2351424153390007,0.29331678705836106
6807.633463908852,2.940286874771118,3.235094527622378,0.29480765285125976
6811.655679159027,3.5164334774017334,3.3240845897342206,-0.1923488876675128
6815.677713093218,3.538900852203369,3.3253118351347086,-0.2135890170686605
6818.689929786992,3.1745002269744873,3.26843623400546,0.09393600703097249
6822.707996327264,3.170807123184204,3.2682770294750787,0.0974699062908746
6826.724359421184,3.171114921569824,3.2682045854740838,0.09708966390425955
6830.749608923142,3.1717302799224854,3.2681645166500384,0.09643423672755302
6833.763547926289,3.1723458766937256,3.2681518213435705,0.09580594464984493
6837.784749577767,3.173269271850586,3.268129044325276,0.09485977247469002
6841.796968966258,3.174192428588867,3.2681189558555834,0.09392652726671624
6844.815321146573,3.1745002269744873,3.268120611377536,0.09362038440304854
6848.841321319803,3.1754236221313477,3.2681109633412007,0.092687341209853
6852.8646802850335,3.176347017288208,3.2681161388895292,0.09176912160132122
6856.885855374295,3.176962375640869,3.268110414530218,0.09114803888934908
6859.142099112029,3.1772701740264893,3.268111222450923,0.09084104842443352
6863.157195688776,3.1775779724121094,3.268113327319447,0.09053535490733777
6867.181667572287,3.1781935691833496,3.268116076509518,0.08992250732616824
6870.203539438474,3.1785013675689697,3.268118431169696,0.08961706360072608
6874.213744333235,3.17911696434021,3.2681218079978,0.0890048436575901
6878.23107598558,3.0818612575531006,3.251602206491463,0.16974094893836256
6882.255131342773,3.0787835121154785,3.2514625882067008,0.17267907609122224
6885.270280658987,3.076936960220337,3.2513859595810684,0.17444899936073144
6889.289472436253,3.074474811553955,3.2513127849178156,0.17683797336386053
6893.314684597127,3.0723204612731934,3.251246038810571,0.17892557753737748
6896.326833538008,3.071089267730713,3.2512094413002557,0.1801201735695428
6900.3531643915585,3.068934917449951,3.2511692641430816,0.18223434669313043
6904.377235147139,2.972602605819702,3.2358679821695517,0.2632653763498496
6908.400620289619,2.966139554977417,3.235698457763715,0.2695589027862981
6911.413585729871,2.9624462127685547,3.2356082979872287,0.273162085218674
6915.429794070019,3.2394399642944336,3.2836771591947413,0.04423719490030775
6919.450128407455,3.2514429092407227,3.284124780464368,0.03268187122364541
6923.477156037933,3.1640360355377197,3.267883402488509,0.10384736695078933
6926.488349893979,3.1640360355377197,3.2679116393588865,0.10387560382116678
6930.505552584847,3.1652672290802,3.2679494791592427,0.10268225007904253
6934.5197329576795,3.1664981842041016,3.2679819329167517,0.10148374871265009
6937.527886787547,3.167113780975342,3.2679961319341997,0.10088235095885789
6941.540096937007,3.071089267730713,3.2515009150205287,0.18041164728981585
6945.561289734414,3.06770396232605,3.251373302676707,0.18366934035065707
6949.5845817166655,3.065549373626709,3.2512837529423924,0.18573437931568337
6952.59163379208,3.0640106201171875,3.2512321953650916,0.18722157524790406
6956.603836242347,3.061856269836426,3.251177260617369,0.189320990780943
6960.61913415298,3.059701919555664,3.251139996753505,0.19143807719784078
6963.637203387968,2.9646008014678955,3.235854597024993,0.2712537955570973
6967.654393375168,2.957521915435791,3.2356819359632976,0.27816002052750655
6971.682630933753,2.951982021331787,3.235551737931683,0.2835697165998958
6975.698810786894,3.2305145263671875,3.283628219132321,0.05311369276513345
6978.709945359155,3.2391321659088135,3.283976953619818,0.04484478771100431
6982.734110814804,3.246826410293579,3.284322154487449,0.03749574419386992
6986.761322840942,3.0553929805755615,3.2514644721547823,0.19607149157922077
6990.775558262999,3.0523152351379395,3.2513252821755056,0.1990100470375662
6993.781749953648,3.050776481628418,3.251245500000527,0.20046901837210918
6997.800902080068,3.0486221313476562,3.2511655327363695,0.2025434013887133
7001.817210124763,3.0464677810668945,3.2511160705147955,0.20464828944790092
7004.826298251645,3.044928789138794,3.2510828375435814,0.20615404840478746
7008.852448944091,3.0430822372436523,3.251046340489447,0.20796410324579462
7012.864739550113,3.0412356853485107,3.2510107142992952,0.20977502895078448
7016.876854999507,3.03969669342041,3.2509920846129647,0.21129539119255458
7019.8889881570385,3.038465738296509,3.250976153326361,0.21251041502985224
7023.9122732100195,3.036311149597168,3.2509575113819955,0.21464636178482754
7027.928550072983,2.939671277999878,3.2356674196174744,0.29599614161759646
7030.951554490396,2.934131383895874,3.23554548560558,0.30141410170970584
7034.971755246844,2.9276680946350098,3.235413683949404,0.30774558931439433
7038.98892829582,2.922128438949585,3.235318779154608,0.3131903402050229
7043.0091498400825,3.2160494327545166,3.2834332471651715,0.06738381441065489
7046.025315449716,3.2222046852111816,3.2838110953278115,0.06160641011662982
7050.050504128053,3.1304891109466553,3.2676151883498825,0.13712607740322724
7054.078706655316,3.1311047077178955,3.267683239501463,0.1365785317835675
7058.094957725983,3.132643461227417,3.267742111586619,0.1350986503592022
7061.108321984407,3.1335668563842773,3.2677849625891087,0.13421810620483132
7065.136256194805,3.0378501415252686,3.2512978252993188,0.2134476837740502
7069.165670959931,3.0341567993164062,3.2511725374272094,0.2170157381108031
7072.178724170976,3.0313868522644043,3.251114176039608,0.21972732377520376
7076.201817899021,3.0286169052124023,3.2510417994177416,0.22242489420533929
7080.212134047116,3.0261547565460205,3.250990994968033,0.2248362384220126
7084.224205996069,3.0233848094940186,3.2509507705731213,0.22756596107910276
7087.238329009918,3.021846055984497,3.2509257243670238,0.2290796683825267
7091.264628681739,3.0193839073181152,3.250903481492822,0.23151957417470692
7095.282763744827,3.0172295570373535,3.2508799177439966,0.23365036070664313
7098.294874574699,3.015382766723633,3.2508585551606215,0.2354757884369887
7102.308812038012,2.312742233276367,3.175275736881127,0.8625335036047597
7106.322311032304,2.273655414581299,3.1742896260106743,0.9006342114293755
7110.3476791018265,2.5441858768463135,3.198068316646591,0.6538824398002774
7113.352163111568,2.5324904918670654,3.197887446324552,0.6653969544574867
7117.373872524792,2.5152554512023926,3.197636461072804,0.6823810098704115
7121.398731677687,2.4980201721191406,3.1973963566750827,0.6993761845559421
7125.425283883028,2.4798617362976074,3.1971549305911515,0.7172931942935441
7128.435421024896,2.4660122394561768,3.1969692605314974,0.7309570210753207
7132.453757421864,3.1366446018218994,3.295823474598248,0.1591788727763488
7136.471824347095,3.168037176132202,3.2972973612291536,0.12926018509695147
7139.492971719264,2.80302095413208,3.2343170115590105,0.43129605742693045
7143.512175045317,2.7894792556762695,3.234213228659801,0.44473397298353134
7147.531375291689,2.781784772872925,3.234157463269599,0.45237269039667405
7151.5476637034435,2.7750139236450195,3.234117849904823,0.45910392625980334
7154.562814559496,2.770089626312256,3.234092567866025,0.464002941553769
7158.576930644072,2.7630109786987305,3.234061345310253,0.47105036661152244
7162.602255213157,2.756547689437866,3.234031234671229,0.4774835452333628
7165.621278763064,2.7516233921051025,3.2340088935069193,0.4823855014018168
7169.632485707735,2.744236946105957,3.233979166473395,0.48974222036743775
7173.661719926796,3.342850923538208,3.3233865704402774,-0.019464353097930598
7177.695847367681,3.374859094619751,3.3247271315191766,-0.05013196310057433
7180.714030165759,3.0024564266204834,3.267721726465387,0.26526529984490343
7184.734193581123,3.0003020763397217,3.267577121064254,0.26727504472453223
7188.755443737512,3.000609874725342,3.2675201988249025,0.2669103240995607
7192.777658987688,3.001533269882202,3.267489261617631,0.26595599173542883
7195.795946494788,3.001840829849243,3.2674769036783844,0.26563607382914123
7199.825116425588,3.0027642250061035,3.2674685060220794,0.2647042810159759
7203.846184881036,3.0033798217773438,3.267466059801004,0.26408623802366016
7206.853333966271,3.004303216934204,3.2674604636509548,0.26315724671675067
7210.873861938403,3.0052263736724854,3.267469901894149,0.2622435282216635
7214.902754698273,3.0061497688293457,3.2674748818709034,0.2613251130415577
7218.926018578476,3.006765365600586,3.2674746700395483,0.26070930443896234
7221.164666634971,3.007380723953247,3.267478362560991,0.26009763860774404
7225.176029873251,3.0079963207244873,3.2674853555890495,0.2594890348645622
7229.205067377944,3.0086119174957275,3.267492675328228,0.2588807578325003
7232.221230292857,3.0092275142669678,3.267498242698899,0.2582707284319312
7236.224401975228,2.916588544845581,3.25091945496892,0.33433091012333893
7240.242617879833,2.9085865020751953,3.2507732241826144,0.3421867221074191
7244.266110041096,2.9030466079711914,3.2506583998855323,0.3476117919143409
7247.280860539136,2.899661064147949,3.2506009959046684,0.3509399317567192
7251.304174464088,2.8947367668151855,3.250526998881371,0.35579023206618565
7255.334549318525,2.890120267868042,3.2504790603547673,0.3603587924867253
7259.343570847391,2.8861191272735596,3.2504297176263126,0.36431059035275304
7262.354723512756,2.8827335834503174,3.2504023154384014,0.36766873198808403
7266.36203389608,2.7783994674682617,3.2350452305329416,0.45664576306467985
7270.390124015127,2.7667040824890137,3.234858748683208,0.4681546661941942
7273.406244199524,2.758394241333008,3.234753546532266,0.4763593051992583
7277.435504595839,3.0433900356292725,3.283021380274355,0.2396313446450824
7281.448674834611,3.056931972503662,3.2835043920661624,0.2265724195625003
7285.467032404361,2.968909502029419,3.2672204780317795,0.29831097600236056
7288.486171057196,2.969525098800659,3.2672546970973677,0.29772959829670853
7292.515239743615,2.9707560539245605,3.267300112817975,0.2965440588934145
7296.543427642412,2.972295045852661,3.2673455898094357,0.29505054395677455
7299.55258044251,2.9729104042053223,3.267364159894364,0.29445375568904186
7303.573851001761,2.8716540336608887,3.250803220213049,0.37914918655216034
7307.594008257768,2.8661141395568848,3.2506634379218524,0.38454929836496765
7311.618516327485,2.860574245452881,3.250564056434241,0.3899898109813602
7314.640688462184,2.8568809032440186,3.2505060079438195,0.39362510469980094
7318.666535806441,2.851956605911255,3.250443740973822,0.39848713506256717
7322.686989096402,2.8476479053497314,3.2503941905975378,0.4027462852478063
7326.69794466244,2.741159200668335,3.2350196091922845,0.4938604085239495
7329.7180861351,2.7313103675842285,3.234880341574549,0.5035699739903206
7333.732701897271,2.7193074226379395,3.234722104079758,0.5154146814418183
7337.751458285197,3.0079963207244873,3.282991845316931,0.2749955245924438
7340.7686347988065,3.018768310546875,3.2833655386924594,0.2645972281455844
7344.792953853349,2.8356447219848633,3.2505282585696635,0.41488353658480026
7348.823037678308,2.8273348808288574,3.2504253367789904,0.42309045595013295
7352.837544881865,2.8214871883392334,3.250355278443389,0.4288680901041557
7355.854337975689,2.81717848777771,3.250315633782849,0.433137146005139
7359.866619342679,2.811946392059326,3.250273428534408,0.43832703647508175
7363.893043741421,2.8067142963409424,3.2502393243171976,0.44352502797625526
7366.914929466156,2.80302095413208,3.250217594461546,0.4471966403294658
7370.928140510648,2.7977888584136963,3.25019250875983,0.4524036503461337
7374.946361034771,2.7928645610809326,3.250170665481471,0.4573061044005384
7378.960541022644,2.787632465362549,3.250151285849512,0.462518820486963
7381.980694044095,2.7836315631866455,3.250137947060143,0.4665063838734973
7386.006039400999,2.7780916690826416,3.250121447262346,0.47202977817970426
7390.028098742529,2.670987367630005,3.2347620623124347,0.5637746946824298
7394.043450547507,2.6552910804748535,3.2345857198561125,0.579294639381259
7397.054487724984,2.6435959339141846,3.2344774652272847,0.5908815313131002
7401.067780765875,2.9288992881774902,3.282802740249527,0.35390345207203655
7405.084988846179,2.947981119155884,3.2833122851210357,0.3353311659651519
7408.097127008189,2.9584453105926514,3.283579106438664,0.32513379584601276
7412.124197754144,2.8621129989624023,3.26720258164431,0.40508958268190787
7416.148362439876,2.863959550857544,3.2672051113989093,0.4032455605413654
7420.160599921467,2.8654985427856445,3.2672237198861858,0.40172517710054123
7423.173890652602,2.867037296295166,3.2672445670724324,0.40020727077726637
7427.1901255549665,2.7633185386657715,3.2506562076237002,0.48733766895792874
7431.213130742298,2.7547011375427246,3.2504993183683215,0.4957981808255969
7434.224286487338,2.749469041824341,3.2504223867017696,0.5009533448774288
7438.235654730096,2.742082357406616,3.250341942279494,0.5082595848728779
7442.248721029765,2.7346959114074707,3.250262621775348,0.5155667103678772
7446.267982484721,2.7276172637939453,3.2502147781315127,0.5225975143375674
7449.280179930513,2.7220773696899414,3.2501811500614206,0.5281037803714792
7453.302255825304,2.714998722076416,3.250142996579115,0.5351442745026991
7457.32241539107,2.7076120376586914,3.2501108057963766,0.5424987681376852
7460.715811408664,1.9997395277023315,3.174393195219789,1.1746536675174575
