time_s,voltage_exp_V,voltage_sim_V,residual_V
0.0,3.5549049377441406,3.4837894794216266,-0.07111545832251398
3.020056011624547,3.5542893409729004,3.4837824467789007,-0.07050689419399969
7.034072391656082,3.5518271923065186,3.4832180334397247,-0.06860915886679386
10.05221515393714,3.2311301231384277,3.395162748458416,0.1640326253199884
14.068645230829134,3.2132794857025146,3.371391138893586,0.15811165319107134
17.08465570172848,3.249596357345581,3.3743349181126296,0.12473856076704859
21.115781612403225,3.2160494327545166,3.3635954432565076,0.147546010501991
25.134935663620126,3.5342843532562256,3.4395508726748414,-0.0947334805813842
28.16012973139368,3.4342586994171143,3.4221775855716583,-0.01208111384545596
32.17432396277218,3.532437562942505,3.45267000577201,-0.079767557170495
35.18147959232738,3.5816810131073,3.470836061875688,-0.11084495123161187
39.210776174848434,3.491504192352295,3.4517715569670457,-0.03973263538524918
42.22386595705393,3.485964298248291,3.44912833791489,-0.036835960333401196
46.246284080956684,3.485964298248291,3.4489744585639714,-0.03698983968431957
50.27623470988328,3.226513624191284,3.378993768126455,0.15248014393517062
53.300375143157,3.0520076751708984,3.334534711990827,0.2825270368199284
57.31468563234375,2.974757194519043,3.3074851576185518,0.3327279630995088
60.330802737062186,3.185580015182495,3.3362277685983885,0.15064775341589343
64.35698153156045,3.117562770843506,3.323971104305821,0.20640833346231524
68.37406065038886,3.3099193572998047,3.3607848230560453,0.050865465756240624
71.38728324366821,3.415484666824341,3.389206397496891,-0.0262782693274497
75.42048293185144,3.4167158603668213,3.396144384854149,-0.020571475512672244
78.43174723550692,3.360085964202881,3.3834375686501823,0.023351604447301444
82.4478358532142,3.2680625915527344,3.359683976366645,0.09162138481391047
85.46199774798515,3.016306161880493,3.308969963389113,0.29266380150862004
89.477338389137,2.937209129333496,3.287269175396852,0.35006004606335583
93.49438555631423,3.0467755794525146,3.29779777238516,0.25102219293264527
96.5005329766027,3.3262312412261963,3.351256425879564,0.02502518465336756
100.53286111618945,3.412714719772339,3.3762080352509303,-0.036506684521408594
103.55390185454235,3.4434919357299805,3.3872243276872362,-0.05626760804274422
107.56811263918644,3.444415330886841,3.3915908342277703,-0.05282449665907052
111.59751239088655,3.4434919357299805,3.3941704127930805,-0.04932152293689995
114.6094215019184,3.4613425731658936,3.399936369196234,-0.06140620396965968
118.61764924403178,3.5308988094329834,3.4206110941023953,-0.11028771533058812
121.63278662650191,3.45641827583313,3.406266532939913,-0.05015174289321678
125.65210967499661,3.4019429683685303,3.392076898376185,-0.009866069992345405
128.66530031662842,3.4000961780548096,3.390479232228752,-0.009616945826057766
132.69434128595458,3.4004039764404297,3.3898772785650237,-0.010526697875405944
136.71058311759407,3.2240514755249023,3.345307169727964,0.12125569420306181
139.71470603520356,2.822718381881714,3.2762150566271417,0.4534966747454279
143.72988730307043,3.021230459213257,3.291534338825369,0.2703038796121122
146.73303781265713,3.09478759765625,3.3010760163475568,0.20628841869130676
150.74724667250484,3.2357466220855713,3.327027230478814,0.0912806083932427
154.7734339361159,3.292684316635132,3.340742290906896,0.04805797427176417
157.7936092852251,3.1843490600585938,3.3190639072022985,0.13471484714370474
161.80993965757443,3.2185115814208984,3.3243321832275896,0.10582060180669117
164.8140032914016,3.369319200515747,3.3580490858169427,-0.011270114698804345
168.83414360918687,3.357931613922119,3.3579981576614557,6.654373933656643e-05
171.84646000750217,3.2182037830352783,3.3266576166920085,0.10845383365673023
175.86650100570478,3.2529819011688232,3.3310402866137294,0.07805838544490618
179.88469689241174,3.301609516143799,3.341203968687916,0.039594452544116976
182.90098376432798,3.3674726486206055,3.3566431925104108,-0.010829456110194702
186.92305311480231,3.126180410385132,3.3060393681841873,0.17985895779905547
189.9292066944472,3.2572906017303467,3.3293710899339253,0.0720804882035786
193.94549626107982,3.190812110900879,3.3157768130590277,0.12496470215814881
196.9717258702476,3.255751848220825,3.3281763624630445,0.0724245142422193
200.99074595551429,3.147416591644287,3.305352199574119,0.15793560792983197
205.0020884059777,3.050468683242798,3.2859146994016237,0.23544601615882588
208.0132587794833,3.2126638889312744,3.3125670778744016,0.09990318894312722
212.0264459564787,3.1101763248443604,3.293559674443923,0.1833833495995627
215.0425311095496,3.3410043716430664,3.338543108822063,-0.0024612628210034515
219.05885455262614,3.321922540664673,3.3369763629048936,0.015053822240220782
223.07704197022395,3.3585472106933594,3.3468368519189324,-0.011710358774426943
226.09701791024418,3.2311301231384277,3.3187969655607583,0.08766684242233058
230.11143387837,3.23451566696167,3.3174413197255923,0.08292565276392239
233.12365865629545,3.1929664611816406,3.308560968683996,0.11559450750235545
237.1457688124974,3.211740493774414,3.310795941730122,0.09905544795570798
240.16169574715605,3.346544027328491,3.3400831946496714,-0.006460832678819806
244.17090321152136,3.23420786857605,3.3159190817603807,0.08171121318433094
248.18917301047986,3.267139196395874,3.3222639911885192,0.055124794792645204
251.2022385402306,3.1809635162353516,3.303996008893818,0.12303249265846627
255.22453809656508,3.2708325386047363,3.321108467371709,0.05027592876697273
258.2330614876737,3.3056106567382812,3.3290957337926517,0.023485077054370418
262.2578240157054,3.2529819011688232,3.3177307647506673,0.06474886358184406
266.27019623316664,3.249288558959961,3.3166766303909876,0.06738807143102665
269.2951489312545,3.3206913471221924,3.332002016524796,0.011310669402603502
273.3065198687291,3.2009685039520264,3.3062027685625046,0.10523426461047825
276.3288613856603,3.270524740219116,3.31961313665474,0.04908839643562368
280.3427330208724,3.2163572311401367,3.3081034559656084,0.09174622482547168
283.3630638936702,3.0492377281188965,3.2776169449376105,0.22837921681871398
287.37934576111365,3.0870933532714844,3.281716907053757,0.19462355378227247
291.40237597081796,3.170499324798584,3.2956506580873235,0.1251513332887395
294.4145657174158,3.1249492168426514,3.2873781957999597,0.16242897895730835
298.4329009595094,3.1224870681762695,3.2869838948513745,0.164496826675105
301.43887553292734,3.284682273864746,3.3182679891303746,0.03358571526562848
305.4559731298177,3.1400299072265625,3.290022184931696,0.14999227770513368
309.4691814795915,3.270524740219116,3.3144502022173805,0.043925461998264304
312.48334337436245,3.1920433044433594,3.2986453189115066,0.10660201446814721
316.5175293291104,3.100635290145874,3.281922572611288,0.18128728246541392
319.5368623865543,2.9941465854644775,3.2653725474620128,0.27122596199753524
323.5569638234192,3.3496217727661133,3.3308591749222805,-0.01876259784383283
326.5639904914933,3.0113818645477295,3.26766958190425,0.25628771735652034
330.58121551002114,3.074167013168335,3.2764929767172606,0.20232596354892562
334.60346502160246,3.1603429317474365,3.290700659334253,0.13035772758681663
337.6165744367536,3.2569828033447266,3.3092295052936302,0.052246701948903684
341.63484770034484,3.4311811923980713,3.3457963124453656,-0.08538487995270572
344.6420452905004,3.4908885955810547,3.3583444590360454,-0.1325441365450093
348.65612172423425,3.2677547931671143,3.3126746741380924,0.0449198809709781
352.68032298112666,3.1658828258514404,3.292032078446344,0.1261492525949035
355.6947843744856,3.1400299072265625,3.286677745750904,0.1466478385243417
359.7206475020903,3.3502373695373535,3.3284654278921684,-0.021771941645185144
362.7428242563037,3.304687261581421,3.3189307125948346,0.014243451013413733
366.77409568171424,3.1720380783081055,3.291988784537805,0.11995070622969939
369.7883946221118,3.1434154510498047,3.2865729458959922,0.14315749484618756
373.8053959790959,3.2742180824279785,3.3117675152659487,0.03754943283797019
377.8196733617551,3.092017650604248,3.2775801399174314,0.1855624893131833
380.8257872905597,3.1461853981018066,3.286215302687423,0.14002990458561637
384.84292877284315,3.328077793121338,3.322095650520011,-0.005982142601326679
387.849078117928,3.310227155685425,3.3188642739277388,0.008637118242313946
391.87241129086397,3.2529819011688232,3.306805342532463,0.05382344136363981
394.87755358156573,3.2098939418792725,3.2981819293211077,0.08828798744183519
398.90259751508347,3.1868112087249756,3.293407019498621,0.10659581077364555
402.9218555054031,3.1843490600585938,3.292691309999704,0.10834224994111041
405.9409483480413,3.1015586853027344,3.277844494856125,0.17628580955339057
409.95919389453775,3.199737548828125,3.294885441777133,0.09514789294900794
412.9704239367893,3.2222046852111816,3.299123796026123,0.0769191108149414
416.9935442270471,3.3560850620269775,3.327350808317915,-0.028734253709062685
421.0079320931218,3.1895811557769775,3.2929065002927085,0.10332534451573094
424.02994177485743,3.3354644775390625,3.3235106409674793,-0.01195383657158322
428.0631052768331,3.328693389892578,3.3216533884853354,-0.007040001407242702
431.0862378858001,3.3148436546325684,3.3186855057248934,0.0038418510923250437
435.1005853311108,3.22066593170166,3.2989517778845565,0.07828584618289636
438.10667924201334,3.337003231048584,3.3229361578771237,-0.014067073171460276
442.11683062738666,3.318844795227051,3.319448667485426,0.0006038722583752154
446.14494846353045,3.243748664855957,3.3025336025935013,0.05878493773754423
449.16225509349533,3.194197654724121,3.2925191866245704,0.09832153190044934
453.19138383362224,3.173884868621826,3.2884919105216053,0.1146070418997791
456.21182249511185,3.2415943145751953,3.301592010094857,0.0599976955196615
460.2226926001131,3.1686527729034424,3.287472665231035,0.11881989232759249
464.2430200082781,3.1689603328704834,3.287099654065153,0.11813932119466974
467.26429056752386,3.307765007019043,3.31489393157824,0.007128924559197003
471.2893275717688,3.3434665203094482,3.322141103133588,-0.021325417175860117
474.30139644104565,3.389939785003662,3.3319146836722324,-0.058025101331429685
478.32569894232074,3.3708579540252686,3.3278792243168622,-0.04297872970840633
481.3437312211863,3.471191167831421,3.3482910845141127,-0.12290008331730817
485.3649451913734,3.4736533164978027,3.3493389511585194,-0.1243143653392833
489.3802800581252,3.3757822513580322,3.3293725377598626,-0.04640971359816959
492.39227386027414,3.3419275283813477,3.321923794840555,-0.020003733540792545
496.40849759881166,3.3416197299957275,3.321710411299061,-0.019909318696666567
499.41164387384924,3.3416197299957275,3.321634065229534,-0.019985664766193345
503.43684795056834,3.088940143585205,3.272764800229135,0.18382465664392988
507.456048581902,3.2717559337615967,3.3069663176864124,0.03521038392481568
510.4712121416269,3.3791677951812744,3.329383255851799,-0.049784539329475574
514.4894184222394,3.3209991455078125,3.3168924783400917,-0.00410666716772079
517.5046089291391,3.0707814693450928,3.2700545172080173,0.19927304786292455
521.5297556468759,3.3323867321014404,3.3195199917546963,-0.012866740346744177
524.5492961975579,3.3997883796691895,3.3335588116255463,-0.0662295680436431
528.5761063258506,3.3437740802764893,3.3218313709103855,-0.021942709366103763
532.595614154965,3.1606507301330566,3.2846461266405975,0.12399539650754088
535.606468861577,3.006457567214966,3.260639484286576,0.2541819170716102
539.6266557594718,3.3856310844421387,3.3298568361059866,-0.05577424833615208
542.6358308872368,3.3825533390045166,3.3293336574086982,-0.05321968159581836
546.6510190843728,3.1898889541625977,3.289593092747692,0.09970413858509453
550.6671712204188,3.016306161880493,3.2617221319658602,0.24541597008536709
553.6765584609275,3.4120993614196777,3.3351953765420386,-0.07690398487763916
557.6945587881455,3.361009359359741,3.324711120296286,-0.036298239063455195
560.7088839057978,3.3348488807678223,3.3191802311293075,-0.015668649638514776
564.7179319968818,3.3357720375061035,3.3192913481387385,-0.01648068936736502
567.7370895127387,3.3360798358917236,3.319284193528074,-0.0167956423636495
571.7604146015146,3.0061497688293457,3.260326255891923,0.2541764870625771
575.7854666191852,2.9673705101013184,3.2555121709983883,0.28814166089706994
578.8076079571147,3.0079963207244873,3.261718156941906,0.2537218362174185
582.827828731457,3.394864082336426,3.3319592466696606,-0.06290483566676519
585.8410159084524,3.430257797241211,3.339029292646337,-0.09122850459487397
589.857186907524,3.409329414367676,3.334743738804774,-0.07458567556290197
592.8655374517584,3.340080976486206,3.3202021841229565,-0.01987879236324952
596.876528049117,3.3330023288726807,3.318636585976054,-0.014365742896626621
599.9999103044029,3.333925485610962,3.318672560817006,-0.015252924793955902
603.0182237323534,3.3348488807678223,3.318709579733644,-0.016139301034178377
607.0296258515518,3.334233283996582,3.318454222185152,-0.015779061811429962
610.0458003152562,3.261291742324829,3.3027326179197916,0.041440875594962456
614.0626130420242,3.334233283996582,3.3205935060933625,-0.013639777903219574
618.0879934302575,3.098173141479492,3.2744743803115988,0.17630123883210658
621.0999672145044,3.0107662677764893,3.260901909499409,0.2501356417229199
625.1241700112369,3.3406965732574463,3.3206960593586397,-0.020000513898806638
628.1352818708801,3.3434665203094482,3.3209776475467905,-0.022488872762657763
632.1505274270021,3.2923765182495117,3.3101712806256414,0.017794762376129647
635.1716690247777,3.4404141902923584,3.340558902833215,-0.0998552874591434
639.1970902187277,3.362855911254883,3.324479542253425,-0.0383763690014578
643.2190937411106,3.3348488807678223,3.3184667068298888,-0.01638217393793351
646.2302229239394,3.3354644775390625,3.318451948501779,-0.017012529037283564
650.2444456423291,3.114792823791504,3.2750359979118784,0.16024317412037448
653.2526822385116,3.0673961639404297,3.2679067386132226,0.20051057467279287
657.2727728965147,2.937516927719116,3.2505978590525153,0.3130809313333991
661.2931923100223,3.0926332473754883,3.273270974831556,0.18063772745606776
664.309247821202,2.9858367443084717,3.2575984896682026,0.27176174535973097
668.3283306548874,3.29022216796875,3.31046844176028,0.0202462737915301
671.344477401497,3.33115553855896,3.3185906799998537,-0.012564858559106273
675.3456992633583,3.284374475479126,3.308744854927821,0.024370379448694912
678.3707963213019,3.3062262535095215,3.3127353395665486,0.006509086057027158
682.3910251798006,3.2486729621887207,3.300851849475502,0.05217888728678144
686.4042643263456,2.945826768875122,3.2519323096320756,0.3061055407569535
689.4173860602059,2.9301304817199707,3.250412028127985,0.32028154640801443
693.4255903197809,2.8858113288879395,3.2456570382436567,0.35984570935571725
696.4447270478158,3.1723458766937256,3.287509844661046,0.11516396796732042
700.4650475267044,3.378552198410034,3.327613989081109,-0.05093820932892523
704.4811523127173,3.3856310844421387,3.3289131962748666,-0.05671788816727208
707.5085702922588,3.3757822513580322,3.3266641744263965,-0.049118076931635724
711.5344488182491,3.374859094619751,3.3262250046788897,-0.04863408994086127
714.5436439639052,3.4231791496276855,3.3358434576965914,-0.08733569193109414
718.5569216064141,3.3625481128692627,3.323339155122601,-0.03920895774666189
721.5754104473963,3.4111759662628174,3.332928734335213,-0.07824723192760441
725.5942299686976,3.343158721923828,3.318754952631324,-0.024403769292504318
729.6165926584108,3.3351566791534424,3.3169573104968477,-0.01819936865659466
732.6345494851885,3.3354644775390625,3.316931849227893,-0.018532628311169308
736.6447343620493,3.313612699508667,3.3122557882631076,-0.0013569112455593668
739.6531122384222,2.8947367668151855,3.2446801408358965,0.34994337402071096
743.6802172457865,2.7694740295410156,3.2323743813849752,0.4629003518439596
747.7063086544476,3.0532386302948,3.2665416334997586,0.21330300320495876
750.7234143354908,3.152340888977051,3.282729797959896,0.1303889089828454
754.7357041715914,3.2517507076263428,3.301374251326329,0.04962354369998634
757.7489560218055,2.977527141571045,3.2559875155605997,0.2784603739895548
761.7669936901038,3.0341567993164062,3.2639379915970315,0.2297811922806252
764.7691818006278,3.1809635162353516,3.2879154351169513,0.10695191888159972
768.7853196931646,3.2920687198638916,3.3089037889434487,0.01683506907955712
772.7995019907939,3.1834256649017334,3.287652805022044,0.10422714012031076
775.8127984963248,3.2976086139678955,3.3097316061996827,0.012122992231787144
779.832170434689,3.2979164123535156,3.309977777787867,0.012061365434351323
782.8481012189513,3.3560850620269775,3.321796055948721,-0.03428900607825636
786.8702437117572,2.87288498878479,3.2426838215999716,0.36979883281518156
789.8814025364736,3.080630302429199,3.2703617090880925,0.18973140665889332
793.8836868869039,3.044620990753174,3.2651713010545818,0.22055031030140793
797.9068160312345,3.2277445793151855,3.2963321379171653,0.06858755860197974
800.9179467538997,3.176654815673828,3.286591016635816,0.10993620096198775
804.9312771358746,3.1923511028289795,3.2894837806807002,0.09713267785172075
807.9464668728506,3.187734365463257,3.2887470206468543,0.10101265518359748
811.9646161794444,3.1452620029449463,3.2813781928938823,0.13611618994893604
815.988810892024,3.4201014041900635,3.3348224636507418,-0.08527894053932172
818.9948809354282,3.188657760620117,3.288972076945858,0.10031431632574073
823.0241709736365,3.279142379760742,3.306422378138094,0.027279998377351955
826.0484088016929,3.2419021129608154,3.2993534010382115,0.05745128807739608
830.0814110055835,3.3293089866638184,3.3169675423088787,-0.012341444354939668
833.0865486767725,3.2071239948272705,3.2924665352474234,0.08534254042015288
837.1188275415261,3.3505451679229736,3.3216651885169184,-0.028879979406055245
841.1359505457549,3.3237690925598145,3.3160842533889,-0.007684839170914337
844.1531016520348,3.316690444946289,3.3144377245140832,-0.0022527204322058125
848.171388774168,3.2102017402648926,3.292934229368186,0.08273248910329345
851.1934161640493,3.232668876647949,3.296840142546123,0.06417126589817368
855.2098004307445,3.1985063552856445,3.2901349414528207,0.09162858616717617
859.2328302554924,3.2852978706359863,3.3073397321724567,0.022041861536470364
862.2430028136441,3.318844795227051,3.3144492360718996,-0.0043955591551512185
866.2543348701984,3.074474811553955,3.268892976547321,0.19441816499336584
869.277601830072,3.144031047821045,3.2802000512981504,0.13616900347710548
873.2975573672375,3.252674102783203,3.3002554295607496,0.04758132677754645
876.3057739455253,3.2339000701904297,3.2967456065743588,0.06284553638392909
880.3350316471224,3.2332844734191895,3.296693830046946,0.06340935662775671
884.3521088411544,3.0323102474212646,3.262752830702202,0.23044258328093736
887.3622633062005,3.1661903858184814,3.284572266193366,0.1183818803748844
891.3847214659036,3.173577070236206,3.2863256603745428,0.11274859013833671
894.3956804965783,3.2065083980560303,3.292565502803068,0.08605710474703754
898.4198197749647,2.7303872108459473,3.2291187415342844,0.4987315306883371
902.4313843471318,3.2686781883239746,3.3048490851722128,0.036170896848238154
905.4392205853037,3.0864779949188232,3.272076423889367,0.18559842897054368
909.4534756403082,3.2739102840423584,3.305533712307799,0.03162342826544062
912.4735570592638,3.2363622188568115,3.2981901744077886,0.06182795555097709
916.4988338933617,3.010150671005249,3.2606047712246524,0.2504541002194034
919.5188618029388,2.925821542739868,3.250140560139818,0.32431901739994995
923.5340673232567,2.951674222946167,3.254027985829909,0.30235376288374205
927.5603027068173,2.99845552444458,3.2594853903608474,0.2610298659162673
930.5645199395367,2.910433053970337,3.248779272241204,0.3383462182708672
934.5968704067855,3.0575473308563232,3.268545123647198,0.2109977927908746
937.6139091048499,3.153264045715332,3.2837122380170105,0.13044819230167848
941.6409844703194,3.3422353267669678,3.3192606810889513,-0.022974645678016437
945.65135335788,3.477038860321045,3.344324100782986,-0.1327147595380591
948.6649000871694,3.3216147422790527,3.3148310149625506,-0.0067837273165021195
952.6885231347005,3.0252315998077393,3.262599942819617,0.2373683430118776
955.6986760599139,3.20620059967041,3.292544242183869,0.08634364251345872
959.7101262990727,3.2274367809295654,3.296386654147373,0.06894987321780777
962.7260636276442,3.272679090499878,3.3047785110536134,0.03209942055373549
966.7482734883852,3.29052996635437,3.3086020414122457,0.01807207505787556
970.7626478808743,3.132335662841797,3.2794035745430214,0.14706791170122457
973.7747721843334,3.126487970352173,3.278537872042241,0.15204990169006827
977.7938611773789,3.2018918991088867,3.291797333156673,0.0899054340477865
980.8080273067026,3.156341791152954,3.283855334203272,0.12751354305031803
984.8320996021212,3.2569828033447266,3.3023971770510263,0.04541437370629975
987.8412885884281,3.1603429317474365,3.2842665124904276,0.12392358074299104
991.8524893737449,3.240363121032715,3.2989889945100277,0.05862587347731285
995.8697636671022,3.1991219520568848,3.291264877734549,0.09214292567766424
998.8958173497194,3.235438823699951,3.2983244331186774,0.06288560941872623
1002.9171471927548,3.1344900131225586,3.2800042319402563,0.14551421881769766
1005.93019732412,3.115100622177124,3.2766601703144818,0.16155954813735773
1009.9563611051963,3.249288558959961,3.3011553640943765,0.05186680513441555
1013.9787253347495,3.211740493774414,3.2937686514050695,0.08202815763065541
1016.994001687639,3.1027896404266357,3.275027243531232,0.17223760310459646
1021.024062030061,3.2979164123535156,3.3100630740096606,0.012146661656144975
1024.039182089342,3.042158842086792,3.2646405718820892,0.22248172979529723
1028.0722847677025,3.264677047729492,3.303099865498689,0.03842281776919698
1031.0834193399605,3.2277445793151855,3.2961547870324224,0.06841020771723683
1035.0987507420796,3.1923511028289795,3.28948665757565,0.09713555474667057
1039.1120237650757,3.3271546363830566,3.315655422773183,-0.011499213609873493
1042.1310865808664,3.1803479194641113,3.2870392427019093,0.10669132323779795
1046.1573600754236,3.474268913269043,3.3438720947980647,-0.13039681847097828
1049.1694262499877,3.287760019302368,3.3073969839057407,0.019636964603372498
1053.1816902937971,3.23451566696167,3.2971137126551784,0.06259804569350846
1057.2068289273811,3.2329766750335693,3.2968054475732362,0.0638287725396669
1060.2302056007538,3.1628050804138184,3.283774886728999,0.1209698063151805
1064.2520890157284,3.2997629642486572,3.3101288608522896,0.010365896603632407
1067.2722412672665,3.1578807830810547,3.2831388289411345,0.12525804586007983
1071.292472820478,3.380706787109375,3.3258807093948883,-0.054826077714486665
1074.3067186364497,3.3560850620269775,3.320717478344826,-0.03536758368215143
1078.3437586818764,3.3271546363830566,3.31436622536833,-0.01278841101472672
1082.358003342968,3.461958169937134,3.3404436495374634,-0.12151452039967037
1085.3701569033583,3.4228713512420654,3.3330530110483183,-0.08981834019374713
1089.3883547148653,3.3708579540252686,3.3225894837417203,-0.048268470283548304
1092.4076350328396,3.339773178100586,3.316175626773356,-0.023597551327229738
1096.4307025836315,3.3330023288726807,3.314734052456256,-0.01826827641642481
1100.4601654687103,3.3330023288726807,3.314705598203785,-0.018296730668895478
1103.4752385629217,3.16495943069458,3.282369176392165,0.11740974569758489
1107.5062609194501,3.1021742820739746,3.2729861627311623,0.17081188065718766
1110.5194007464124,3.3650102615356445,3.3218995378873233,-0.04311072364832125
1114.5255577906937,3.355161666870117,3.3195541989012645,-0.035607467968852724
1117.5406801597383,3.1332590579986572,3.2774770856128024,0.14421802761414515
1121.5500358335594,3.1892733573913574,3.2880817116727754,0.09880835428141799
1125.5704155962303,3.3908631801605225,3.3270078075029694,-0.06385537265755303
1128.5823882256009,3.3360798358917236,3.3158657321207006,-0.020214103771023062
1132.5966621436237,3.23482346534729,3.295647093485183,0.06082362813789288
1135.6186602765702,3.0119974613189697,3.259695169872667,0.2476977085536971
1139.6558550757654,3.3379266262054443,3.3169672250976054,-0.020959401107838893
1143.6700585461767,3.3742434978485107,3.3236473364998953,-0.05059616134861544
1146.6822929480877,3.328385591506958,3.314412781096234,-0.013972810410724179
1150.6954166067517,3.0344645977020264,3.2630186207798815,0.2285540230778551
1153.721557290246,3.3123815059661865,3.312511875870733,0.00013036990454651232
1157.7277632243968,3.371473550796509,3.3235282188474184,-0.04794533194909034
1160.7440300784074,3.3265390396118164,3.3142909616519254,-0.012248077959891024
1164.765119321677,3.3274624347686768,3.3143461645761962,-0.013116270192480517
1168.7863209731513,3.328077793121338,3.314316371643466,-0.013761421477871849
1171.7976218479744,2.9624462127685547,3.253236156696426,0.29078994392787116
1175.8156649057091,3.0079963207244873,3.2604356416434648,0.2524393209189775
1178.838826001691,2.563267707824707,3.2162046467427094,0.6529369389180024
1182.860160079279,3.3243846893310547,3.3153886098499292,-0.008996079481125463
1185.8752739792108,3.4290266036987305,3.3350507326309398,-0.0939758710677907
1189.8973671971835,3.407790422439575,3.330663510770182,-0.07712691166939312
1193.9125357613775,3.3320789337158203,3.315566276263576,-0.016512657452244284
1196.9217239777645,3.325307846069336,3.314151157331336,-0.011156688738000131
1200.9370499904508,3.3262312412261963,3.3142283624151228,-0.012002878811073536
1203.0325747152347,3.3268468379974365,3.314255343525181,-0.012591494472255604
1207.046066010338,3.3274624347686768,3.3143091632072017,-0.013153271561475055
1211.0637672239209,3.254828453063965,3.299242147848889,0.044413694784924296
1214.087250146149,2.9301304817199707,3.2495359499925995,0.31940546827262883
1218.0993236349423,3.064934015274048,3.268303785847004,0.20336977057295602
1221.1035042964977,3.1107916831970215,3.2756169672803486,0.16482528408332708
1225.1215073184285,3.3305399417877197,3.3169211528720974,-0.013618788915622293
1228.1436548157144,3.34531307220459,3.31910798462508,-0.0262050875795099
1232.1580422968218,3.3213069438934326,3.3144472336930164,-0.0068597102004162025
1236.1800512086375,3.4324121475219727,3.335624150561814,-0.09678799696015883
1239.1983040693704,3.383168935775757,3.3258289624362236,-0.05733997333953322
1243.2196061953036,3.3274624347686768,3.314429686160556,-0.013032748608120759
1246.2367322792124,3.327770233154297,3.3144181481121233,-0.013352085042173556
1250.2477221066583,3.3262312412261963,3.3139486588425284,-0.012282582383667862
1254.2639281370502,3.0606250762939453,3.266721685396562,0.20609660910261685
1257.2841235040578,3.062164068222046,3.267901383887877,0.2057373156658313
1261.3083005084918,2.9639852046966553,3.2551578150188885,0.2911726103222332
1264.3257033783666,3.0058419704437256,3.2609400117254443,0.25509804128171876
1268.346860374524,3.1077141761779785,3.27656445044904,0.16885027427106136
1271.3639364136761,3.3003785610198975,3.3114953322612566,0.011116771241359125
1275.3832987280475,3.2154338359832764,3.2944427801307814,0.07900894414750503
1279.40032626229,3.2982242107391357,3.31002153535042,0.011797324611284132
1282.41340719043,3.240978717803955,3.29877878490011,0.057800067096154706
1286.4318598452046,3.016306161880493,3.261707817280752,0.2454016554002587
1289.4417898787979,2.919973850250244,3.2500177751587858,0.3300439249085416
1293.4659195331915,2.8916590213775635,3.247410525098114,0.3557515037205503
1297.4842243634812,3.1634206771850586,3.2867159761094404,0.12329529892438185
1300.4903298231693,3.374551296234131,3.326222177708207,-0.04832911852592403
1304.5074593717036,3.366241455078125,3.3241741682276715,-0.04206728685045347
1307.5256660372797,3.377321243286133,3.3259697070212577,-0.0513515362648751
1311.537817287921,3.3760900497436523,3.325326843160548,-0.05076320658310429
1314.551988036761,3.3967108726501465,3.329156475810284,-0.06755439683986264
1318.5711420879816,3.349006414413452,3.319364695017069,-0.02964171939638316
1322.593533264706,3.403789520263672,3.3296514690890975,-0.0741380511745744
1325.6045400303701,3.352083921432495,3.3192560241962883,-0.03282789723620683
1329.6237125596563,3.327770233154297,3.314405548217965,-0.013364684936331805
1332.6388306941371,3.328385591506958,3.3143924766967174,-0.01399311481024057
1336.6520937081805,3.3290011882781982,3.3143832324075455,-0.014617955870652732
1340.6562616660667,2.8882734775543213,3.244823252227765,0.35654977467344384
1343.6664153611964,2.7780916690826416,3.2343052410694026,0.45621357198676105
1347.6995896420449,3.0954031944274902,3.274162103708996,0.17875890928150584
1350.7137542315359,3.0757060050964355,3.271161226933533,0.19545522183709751
1354.7289643713702,3.12341046333313,3.2786396056980376,0.1552291423649077
1357.7382442081434,3.120332717895508,3.2780359192680595,0.15770320137255167
1361.763335876658,3.1806557178497314,3.288914252001616,0.10825853415188469
1365.7805116203526,3.172961473464966,3.287588757083434,0.1146272836184683
1368.8030190548852,3.266523838043213,3.304463014637428,0.037939176594214974
1372.820816123418,3.3354644775390625,3.317841587513807,-0.017622890025255522
1375.8360197189395,3.2572906017303467,3.3024022858173603,0.045111684087013604
1379.8662567578285,3.2736024856567383,3.305578150208441,0.03197566455170264
1382.8823588491214,3.2603683471679688,3.302766642762885,0.042398295594916036
1386.91457381058,3.409637212753296,3.331864310053961,-0.07777290269933479
1390.936773662368,3.0726282596588135,3.270703461910511,0.1980752022516974
1393.952926568334,3.144954204559326,3.282438994249632,0.13748478969030575
1397.978162981668,3.114792823791504,3.2775172226013805,0.16272439880987655
1400.987396623288,3.308380603790283,3.31299579154513,0.004615187754846595
1405.0074738076873,3.202815294265747,3.292654185597457,0.08983889133171008
1409.0268164891277,3.179732322692871,3.2885384096125225,0.10880608691965143
1412.0329388870414,3.1397221088409424,3.281632916672772,0.14191080783182963
1416.0510323744893,3.406559467315674,3.333177394930015,-0.07338207238565886
1419.0642495783359,3.1634206771850586,3.285604944808488,0.12218426762342949
1423.0724538379145,3.270216941833496,3.3055683663887105,0.03535142455521445
1426.0827137818997,3.112330675125122,3.2764352678414843,0.16410459271636224
1430.0947283718706,3.182810068130493,3.2885639765275787,0.10575390839708554
1434.1171037652493,3.199429750442505,3.291797185869406,0.09236743542690107
1437.134211371089,3.158496141433716,3.2846003744843943,0.12610423305067853
1441.153362727593,3.1138694286346436,3.2765501158507964,0.1626806872161528
1444.1684442909136,3.2542128562927246,3.3020224894258274,0.047809633133102825
1448.184972532512,3.1683449745178223,3.285856777383768,0.11751180286594565
1452.199826199736,3.2252824306488037,3.2959525169696002,0.07067008632079652
1455.21198399469,3.3182291984558105,3.3143869532377743,-0.003842245218036222
1459.2225907872999,3.2074317932128906,3.2928851962105306,0.08545340299763993
1462.2383006047276,3.170499324798584,3.2862894731335355,0.11579014833495149
1466.2635358631815,3.3123815059661865,3.31314547774442,0.0007639717782335076
1469.2807015979306,3.311150550842285,3.3131532252912823,0.002002674448997155
1473.2919847646044,3.26159930229187,3.3031925088906577,0.041593206598787624
1477.3150854219239,3.226513624191284,3.2964402443128282,0.06992662012154405
1480.3412388090874,3.2600605487823486,3.303000128132846,0.042939579350497414
1484.3614526541605,3.241286516189575,3.299448483427555,0.05816196723797962
1487.3815891223458,3.124025821685791,3.278786305547964,0.154760483862173
1491.40590548217,3.036926746368408,3.265504223574382,0.22857747720597388
1495.4279863814372,3.1985063552856445,3.292249708002857,0.09374335271721268
1498.4541563218663,3.136029005050659,3.2813322852124864,0.14530328016182725
1502.4664846539308,3.4080982208251953,3.334266321041103,-0.07383189978409233
1505.4835753215484,3.2212815284729004,3.2974097932901616,0.0761282648172612
1509.501706535033,3.3234612941741943,3.3172756281409437,-0.0061856660332506586
1512.5188587961893,3.187734365463257,3.290673611178824,0.10293924571556712
1516.5410748162903,3.147108793258667,3.2834878248356674,0.13637903157700038
1520.5632242383654,2.917203903198242,3.25078660921817,0.3335827060199277
1523.5734033408298,2.9061243534088135,3.2499856245976035,0.34386127118879006
1527.5916015372968,3.2480576038360596,3.302356338411582,0.05429873457552237
1530.6017521527538,3.062164068222046,3.270937419541766,0.2087733513197203
1534.6319564700716,3.1394145488739014,3.2835738080054933,0.1441592591315919
1538.6491437625518,3.1434154510498047,3.2839198013765927,0.14050435032678799
1541.660314136061,3.3302323818206787,3.3186306768689198,-0.01160170495175894
1545.6725458432666,3.3828611373901367,3.3280148158595337,-0.05484632153060298
1548.6867908893146,3.15049409866333,3.2835750749652717,0.1330809763019416
1552.7138242941837,3.226205825805664,3.2972635361604583,0.07105771035479425
1555.7289982478178,3.0255393981933594,3.264494677119105,0.23895527892574542
1559.7372232952184,3.217588186264038,3.2958639343538367,0.07827574808979865
1563.7454013775387,3.263753890991211,3.3041662510003134,0.04041236000910242
1566.754695842781,3.132335662841797,3.280546626871893,0.14821096403009593
1570.776819857525,3.106482982635498,3.2765486756836326,0.17006569304813457
1573.7933042137302,3.1197171211242676,3.278794990081697,0.15907786895742948
1577.8061037363768,3.1923511028289795,3.291441763261,0.09909066043202053
1580.8212834644073,3.1086373329162598,3.277310756501559,0.16867342358529935
1584.8385716163102,3.1283347606658936,3.280342091344229,0.1520073306783356
1588.8627686386462,3.15080189704895,3.284024294840351,0.13322239779140066
1591.8779287337275,3.073859214782715,3.2715182838658925,0.19765906908317765
1595.9040490143707,3.1307969093322754,3.280565353415591,0.1497684440833158
1598.910081716691,3.027078151702881,3.264758431359911,0.2376802796570301
1602.927342536459,3.146800994873047,3.283256283649527,0.13645528877648028
1606.9406733033939,3.1055595874786377,3.2765226623370225,0.1709630748583848
1609.9506822537078,3.035695791244507,3.2661965453376265,0.23050075409311965
1613.9609033167726,3.2012763023376465,3.2929561889071346,0.09167988656948811
1616.9830592831677,3.135721206665039,3.28185912807308,0.14613792140804094
1620.9973817061036,3.3059184551239014,3.312601573580489,0.006683118456587422
1624.0164118003195,3.1074063777923584,3.276931758452913,0.16952538066055478
1628.0316123161647,3.1698837280273438,3.287260952020606,0.11737722399326245
1632.0529025083597,3.217588186264038,3.2956508496126147,0.07806266334857659
1635.0599545837722,3.1661903858184814,3.2859662296442145,0.11977584382573303
1639.0722086186288,3.2415943145751953,3.2998961684374724,0.05830185386227704
1642.0875581138498,3.2803733348846436,3.3075048043801916,0.02713146949554801
1646.1085076167728,3.3117661476135254,3.3137721745361,0.0020060269225745664
1650.1237423940256,3.278218984603882,3.306557779522586,0.028338794918703947
1653.137964727459,3.1751158237457275,3.2873307655102533,0.11221494176452573
1657.1640692247493,3.223128080368042,3.296337146760925,0.07320906639288305
1660.1802121217625,3.290837526321411,3.3095185161227016,0.018680989801290515
1664.2008197805335,3.15080189704895,3.28344199761056,0.13264010056161002
1667.2057160820332,3.2194347381591797,3.2958428111878297,0.07640807302865005
1671.2267310280877,3.343158721923828,3.3195329990739153,-0.023625722849912822
1675.2511882831386,3.3468518257141113,3.319664860984971,-0.027186964729140506
1678.26817924621,3.4004039764404297,3.329660143049148,-0.07074383339128154
1682.2823838714976,3.4324121475219727,3.3354895351275067,-0.09692261239446598
1685.292518703609,3.360393762588501,3.3214596914010484,-0.038934071187452624
1689.308915673977,3.3271546363830566,3.3144136066246386,-0.012741029758418065
1693.3199247494013,3.3320789337158203,3.315245051370241,-0.016833882345579365
1696.3311990620095,3.325000286102295,3.313888224280112,-0.011112061822182717
1700.3535274903115,3.325307846069336,3.313877632839136,-0.011430213230199993
1703.3666292062699,3.2714481353759766,3.3032371397857236,0.03178900440974708
1707.3837649141606,2.99845552444458,3.2593367741387365,0.2608812496941564
1710.4007874439194,3.3437740802764893,3.318547147976455,-0.025226932300034477
1714.4170951036576,3.377321243286133,3.3245026052448923,-0.05281863804124054
1718.4323198719612,3.1258726119995117,3.277753297892244,0.15188068589273218
1721.4414734419806,3.0750904083251953,3.2705694454167573,0.195479037091562
1725.4507074685607,3.3874776363372803,3.326851076783149,-0.0606265595541311
1728.4697752888242,3.349313974380493,3.3191471758741313,-0.030166798506361836
1732.4860213550164,3.316382646560669,3.312600697678464,-0.003781948882204844
1736.5120261477678,3.004610776901245,3.2603072760383514,0.25569649913710624
1739.5162345264107,3.2683703899383545,3.304357662255305,0.035987272316950314
1743.5354043609768,3.3825533390045166,3.325849842712979,-0.056703496291537814
1746.5495427732094,3.3243846893310547,3.314437836604779,-0.009946852726275601
1750.5759248263894,3.091094493865967,3.2728271726315326,0.18173267876556576
1753.5820345206375,2.968909502029419,3.256266785737774,0.2873572837083551
1757.607944613319,3.3862464427948,3.3264344134352317,-0.059812029359568086
1761.6314652615947,3.3179214000701904,3.313259809087976,-0.004661590982214303
1764.6584848079146,3.318844795227051,3.3133630799456286,-0.0054817152814221615
1768.6807766650527,3.320075750350952,3.3134602152520247,-0.0066155350989274275
1771.6899644964797,3.0870933532714844,3.2719498599919374,0.18485650672045306
1775.710191430182,2.6229751110076904,3.2216041299682745,0.5986290189605841
1778.7316229025564,2.6632931232452393,3.2251746923472697,0.5618815691020305
1782.7454059970478,3.308072805404663,3.3131047098642834,0.005031904459620318
1786.7675334764317,3.419178009033203,3.333373745131907,-0.08580426390129592
1789.7890138386829,3.439490795135498,3.3368028700684125,-0.10268792506708557
1793.804073459305,3.3505451679229736,3.320132861996398,-0.030412305926575733
1796.825075316734,3.3157670497894287,3.313304820460929,-0.00246222932849971
1800.841509628186,3.316690444946289,3.313388228413056,-0.00330221653323326
1804.0425965330905,3.3176136016845703,3.313438859977838,-0.004174741706732377
1807.0527386794238,3.3185369968414307,3.3134912344798813,-0.005045762361549411
1811.065030825288,3.3157670497894287,3.3127852467103205,-0.002981803079108225
1814.0841151988134,2.925513744354248,3.250324761131954,0.32481101677770585
1818.1073055517263,2.9332079887390137,3.2516855087152523,0.31847751997623863
1821.1225480281719,3.068011522293091,3.2703179712546184,0.2023064489615276
1825.1406546042454,3.208047389984131,3.2944530392582863,0.0864056492741554
1829.1699542664428,3.3354644775390625,3.3177529709816493,-0.01771150655741316
1832.1883314691331,3.1858878135681152,3.2894515460989995,0.10356373253088424
1836.2001982346046,3.424410104751587,3.334250562237412,-0.0901595425141748
1839.2143481956264,3.389324188232422,3.327396333705562,-0.06192785452685978
1843.2317067951444,3.31730580329895,3.3134060397888803,-0.0038997635100699313
1847.2527486883773,3.3179214000701904,3.3134560025284467,-0.0044653975417436875
1850.2669375303194,3.3185369968414307,3.313493941437625,-0.005043055403805674
1854.2752996233467,3.135105609893799,3.280221057791149,0.14511544789734998
1857.2843392453178,2.915972948074341,3.2500178662104595,0.3340449181361187
1861.2974559747017,2.863651990890503,3.244717562723112,0.38106557183260925
1864.3086301978037,2.980912446975708,3.2589603475483697,0.2780479005726617
1868.322889872321,3.038773536682129,3.267405256233424,0.22863171955129502
1872.3389711757918,3.2886831760406494,3.3101915063553102,0.021508330314660817
1875.3531623274976,3.264369249343872,3.3051861863829446,0.04081693703907252
1879.3577729889548,3.339465379714966,3.3194822449038495,-0.019983134811116354
1882.3666197461498,3.258213996887207,3.303763209891136,0.045549213003929
1886.3867030899091,3.1055595874786377,3.27676801003717,0.1712084225585322
1890.4012992191383,2.908278703689575,3.2503853990291516,0.3421066953395764
1893.4201891880584,2.819948434829712,3.2408929328635407,0.42094449803382883
1897.432354682198,3.1304891109466553,3.2827514313293253,0.15226232038267007
1900.4456176962412,3.384092092514038,3.3291360525252007,-0.05495603998883736
1904.4597807458886,3.3360798358917236,3.3196686869681526,-0.016411148923570984
1907.475115612644,3.3591628074645996,3.3237526010716127,-0.035410206392986865
1911.4900543559452,3.3591628074645996,3.3233465574262926,-0.03581625003830702
1915.5083726598132,3.384092092514038,3.3277809032202827,-0.05631118929375534
1918.5119219875778,3.336695432662964,3.318368090290164,-0.01832734237279965
1922.5286257707703,3.4296422004699707,3.3355871994408237,-0.09405500102914699
1925.545844244978,3.3585472106933594,3.322028066197946,-0.03651914449541316
1929.5689957169707,3.316690444946289,3.3137677173666353,-0.0029227275796537278
1933.5912625517376,3.316382646560669,3.3135849869344525,-0.0027976596262164755
1936.6113000853002,3.316690444946289,3.313567168214833,-0.0031232767314559595
1940.637607071356,2.9935312271118164,3.259297566529652,0.2657663394178358
1943.6657114339105,2.796557903289795,3.237672202578864,0.44111429928906887
1947.6901448214558,3.0498530864715576,3.2690969387573996,0.21924385228584198
1950.7001514620097,3.1252570152282715,3.281010241925772,0.15575322669750058
1954.7242279919883,3.1726536750793457,3.289100735594901,0.1164470605155552
1958.7386628231325,3.106482982635498,3.277840640837357,0.17135765820185878
1961.7545239296996,3.021846055984497,3.265364759904782,0.24351870392028507
1965.7748101471807,3.1597273349761963,3.2870953985319424,0.12736806355574615
1968.7879796160341,3.3437740802764893,3.3211036526317637,-0.0226704276447256
1972.8100928519052,3.1901965141296387,3.2921125598022876,0.10191604567264889
1975.823160306456,3.2886831760406494,3.310453255770714,0.021770079730064396
1979.8433541336344,3.1951210498809814,3.292800320964133,0.09767927108315178
1983.8766627653858,3.2449798583984375,3.3018660004821023,0.056886142083664826
1986.8987221069146,3.173269271850586,3.2885039423898275,0.11523467053924152
1990.9101654168007,3.016306161880493,3.2642792463636017,0.2479730844831085
1993.924489379573,2.9996864795684814,3.2619698103821015,0.2622833308136201
1997.9462669306522,3.1197171211242676,3.2800961485503377,0.16037902742607013
2001.9624487085857,3.292992115020752,3.3113668664717344,0.01837475145098244
2004.9720469069762,3.2745258808135986,3.3081515175475804,0.03362563673398178
2008.9959567494334,3.2357466220855713,3.301115706617477,0.06536908453190593
2012.0110856627834,3.161881685256958,3.28772657915743,0.12584489390047215
2016.0265240836816,3.1917355060577393,3.293193101008436,0.10145759495069662
2019.0344981374037,3.2911453247070312,3.311389962245584,0.020244637538552546
2023.0597037539628,3.091402292251587,3.275898581201647,0.1844962889500601
2027.0680546831609,3.100327491760254,3.2759963471322147,0.17566885537196075
2030.0920338183496,3.2366700172424316,3.300878824417027,0.06420880717459543
2034.1101858196598,3.1132538318634033,3.278856297089466,0.1656024652260628
2037.121453587948,3.1074063777923584,3.27808397445607,0.17067759666371174
2041.1494139755996,3.3271546363830566,3.3181555102174762,-0.008999126165580407
2045.1636212956073,3.237285614013672,3.3012705045123507,0.06398489049867884
2048.184003368042,3.2225124835968018,3.298266208765571,0.07575372516876921
2052.210994042398,3.3117661476135254,3.315458708899042,0.00369256128551676
2055.225134379427,3.222820281982422,3.2985662850286954,0.07574600304627355
2059.248372852293,3.208047389984131,3.2955573861118905,0.08750999612775967
2062.2547543280343,3.137875556945801,3.28306466348063,0.1451891065348292
2066.2786526217023,3.1898889541625977,3.2921231855196105,0.10223423135701282
2070.2971614805865,3.293607473373413,3.31181307068547,0.01820559731205673
2073.311478899046,3.2600605487823486,3.3053831034027965,0.045322554620447875
2077.3302229682668,3.208047389984131,3.2956649920808467,0.08761760209671587
2080.340361649971,3.1375677585601807,3.283114700945946,0.14554694238576538
2084.357783382864,3.153264045715332,3.2857393221089057,0.1324752763935737
2088.3719783841625,3.105867385864258,3.2781636389564737,0.17229625309221586
2091.3789369143888,3.153571844100952,3.2863152392686086,0.13274339516765643
2095.3981964445447,3.0289247035980225,3.2666151111288,0.23769040753077775
2098.4152474613184,3.1197171211242676,3.280651421417793,0.1609343002935253
2102.426487512519,2.5623443126678467,3.2178188697000305,0.6554745570321838
2105.432638397444,3.1628050804138184,3.2871347889095364,0.124329708495718
2109.4478754844567,3.1803479194641113,3.290763008817636,0.11041508935352473
2113.471046974344,3.1692681312561035,3.2885682324905394,0.1193001012344359
2116.4901879369354,3.1698837280273438,3.288753916618721,0.11887018859137743
2120.51252752907,2.9507510662078857,3.255938827706766,0.30518776149888005
2123.5275140073645,2.790402412414551,3.237715716692194,0.4473133042776434
2127.536758427854,3.38655424118042,3.32902640444072,-0.05752783673970008
2131.5659518411994,3.044928789138794,3.269563828721796,0.2246350395830019
2134.5790951327945,3.0320024490356445,3.267764355304224,0.2357619062685794
2138.5954074120455,3.287452220916748,3.311621962738064,0.024169741821316038
2141.607530560628,3.2185115814208984,3.2987021329430144,0.08019055152211596
2145.615653208766,3.357623815536499,3.324317930885508,-0.03330588465099105
2148.6317945659466,3.3296167850494385,3.318855551652069,-0.010761233397369452
2152.652098876526,3.1335668563842773,3.2829194238277313,0.14935256744345393
2156.6702154615487,3.006765365600586,3.263574009789677,0.2568086441890909
2159.677364931744,3.2736024856567383,3.3083342557240805,0.03473177006734218
2163.6866659413063,3.298532009124756,3.3130330935139836,0.014501084389227703
2166.7048256418057,3.1338746547698975,3.2829101969854433,0.14903554221554582
2170.7208980912073,3.0526230335235596,3.270053916128248,0.21743088260468824
2173.7400482928315,3.1406455039978027,3.2840941066976677,0.14344860269986492
2177.7594779751453,3.0178449153900146,3.264889635699392,0.2470447203093773
2181.773473952315,3.089247703552246,3.275474099143043,0.186226395590797
2184.7776018744007,3.2856054306030273,3.3103443958102066,0.02473896520717922
2188.792181835328,3.132335662841797,3.282608529818689,0.15027286697689224
2191.8050391019206,3.232361316680908,3.3002768758341743,0.06791555915326608
2195.819151336902,3.0929410457611084,3.2762326786375158,0.18329163287640737
2199.831461960821,3.007380723953247,3.263243735529856,0.25586301157660873
2202.844885503029,3.2071239948272705,3.2953217066160496,0.08819771178877911
2206.8597349356933,3.2656004428863525,3.3066338014144723,0.041033358528119734
2209.877851135756,3.121255874633789,3.281087178703207,0.15983130406941815
2213.8981654552917,3.2009685039520264,3.294908287754062,0.09393978380203549
2216.9092080222,3.016306161880493,3.264813176631617,0.2485070147511239
2220.927417767456,3.2834510803222656,3.3098614843158884,0.026410403993622822
2224.9377597078455,3.0874011516571045,3.275225868890086,0.18782471723298144
2227.9557103752704,3.298839569091797,3.3128060670980664,0.013966498006269479
2231.97195220691,3.2896065711975098,3.311187146137135,0.021580574939625397
2234.98506778141,3.27544903755188,3.3086431622306813,0.03319412467880145
2239.0032694425136,3.1806557178497314,3.291257446741594,0.11060172889186237
2243.030506875988,3.128950357437134,3.2820014234848935,0.15305106604775975
2246.039661600884,3.2797579765319824,3.309126010539591,0.029368034007608568
2250.0648656776066,3.3056106567382812,3.3142629002731363,0.008652243534855053
2253.073011038363,3.255444049835205,3.3048116111091326,0.049367561273927496
2257.0882296473137,3.2012763023376465,3.2948823206839095,0.09360601834626303
2260.101501130466,3.1314125061035156,3.2823661928600405,0.15095368675652487
2264.1075634746776,3.2677547931671143,3.30735966377996,0.039604870612845566
2268.1247642407434,3.1978909969329834,3.2942967306981252,0.09640573376514183
2271.129909226165,3.2689859867095947,3.3074732203544572,0.038487233644862506
2275.1383105850728,3.368703603744507,3.3262123400518457,-0.042491263692661096
2278.1442478173994,3.3936331272125244,3.3306875774671902,-0.06294554974533417
2282.16546024775,3.3887088298797607,3.3298572444181676,-0.05885158546159319
2286.1768277205883,3.337618827819824,3.3197942466398214,-0.017824581180002852
2289.2000088344685,3.3699347972869873,3.325643112869688,-0.04429168441729914
2293.2311466788888,3.3216147422790527,3.3165071503489694,-0.005107591930083366
2296.240796846825,3.301301956176758,3.3125921728520877,0.011290216675329923
2300.25842684288,3.301301956176758,3.312545334558257,0.011243378381499358
2303.273710125046,3.301301956176758,3.3124787973808205,0.011176841204062704
2307.297852483116,2.981220245361328,3.2593695954177306,0.2781493500564025
2311.3190302670955,3.320075750350952,3.3168054242262612,-0.0032703261246909143
2314.340125284758,3.3733201026916504,3.326563448246615,-0.046756654445035295
2318.3662840613542,3.17911696434021,3.2899633565933106,0.11084639225310067
2321.3884057663417,2.9855291843414307,3.260191600682371,0.27466241634094013
2325.4126000939614,3.34562087059021,3.3214831240318086,-0.024137746558401396
2329.4220262153976,3.325000286102295,3.3173774465290404,-0.007622839573254492
2332.4282132865264,3.2976086139678955,3.312151780519856,0.014543166551960418
2336.4503442305468,3.0486221313476562,3.269022953361792,0.22040082201413558
2339.4704433576517,3.128950357437134,3.282143563703939,0.15319320626680533
2343.495585070912,3.363779306411743,3.324867150034337,-0.03891215637740597
2346.507676267851,3.3129971027374268,3.3152237642877784,0.002226661550351672
2350.528053335802,3.0929410457611084,3.275825370469911,0.18288432470880256
2354.5441804494694,2.945826768875122,3.25528217689191,0.3094554080167877
2357.5542186567145,3.375166893005371,3.3265721212071826,-0.048594771798188496
2361.5720076410944,3.3028407096862793,3.3130395087926487,0.01019879910636945
2364.580719662419,3.2942230701446533,3.3115663249526754,0.017343254808022124
2368.589756204714,3.2951464653015137,3.311733635021521,0.01658716972000729
2371.605825574439,3.182810068130493,3.290709234556493,0.10789916642599984
2375.6228542635545,2.919666051864624,3.252153657418133,0.3324876055535091
2379.6515441497068,2.6411337852478027,3.223800941422084,0.5826671561742813
2382.6736704741998,3.2739102840423584,3.3083025773975607,0.03439229335520233
2386.6998527333417,3.395787477493286,3.3307576215848034,-0.06502985590848276
2389.7138194535837,3.409637212753296,3.3333264701838665,-0.07631074256942938
2393.7380530470837,3.3567006587982178,3.323750859646342,-0.03294979915187568
2397.7683432104022,3.292684316635132,3.3116852778111556,0.01900096117602379
2400.789348917424,3.293299913406372,3.3117482348444263,0.018448321438054194
2404.035881788048,3.2945308685302734,3.311807676806326,0.017276808276052602
2407.0430154749047,3.2948386669158936,3.31186364071889,0.017024973802996612
2411.0462198788446,3.2942230701446533,3.311655853023132,0.017432782878478825
2414.0554981757814,2.983067035675049,3.2591797359437846,0.2761127002687358
2418.0786142314864,3.000917673110962,3.2617236562089866,0.2608059830980247
2422.0947817659144,3.045544385910034,3.2687221227542635,0.22317773684422937
2425.1079801067463,3.0412356853485107,3.2682889266208655,0.2270532412723547
2429.122118518979,3.354546070098877,3.3230459656690616,-0.03150010442981532
2432.136267325117,3.252366304397583,3.303742711245883,0.051376406848299805
2436.163781544561,3.351776123046875,3.3229692374221216,-0.02880688562475342
2440.1836674040314,3.365933656692505,3.3252031454692803,-0.040730511223224575
2443.2028291544448,3.298532009124756,3.3124812080230193,0.013949198898263404
2447.2201076823585,3.2942230701446533,3.3116715879635885,0.017448517818935194
2450.242331401645,3.2948386669158936,3.311721143676567,0.01688247676067345
2454.2683704558003,3.0464677810668945,3.268620162305955,0.22215238123906067
2457.290490620948,2.8885812759399414,3.247976520711572,0.35939524477163065
2461.302818953016,2.8328747749328613,3.2414871970567325,0.40861242212387117
2465.3209805783117,2.959984064102173,3.256057903630242,0.2960738395280691
2468.342176455397,2.995685577392578,3.260830051190485,0.26514447379790695
2472.3652751879163,3.1895811557769775,3.291553986033869,0.10197283025689163
2475.3785555251416,3.292992115020752,3.310668358386197,0.017676243365444932
2479.4030732188476,3.2945308685302734,3.311599757068132,0.017068888537858484
2483.4088214360054,3.237285614013672,3.3009319917472615,0.06364637773358961
2486.415973215964,3.1486475467681885,3.284905748343124,0.13625820157493562
2490.433231341016,2.8716540336608887,3.245772803062047,0.3741187694011585
2493.4435925293837,2.8384146690368652,3.2415288174990873,0.40311414846222204
2497.4695334188327,2.9562909603118896,3.255019442027626,0.2987284817157363
2500.48667490112,3.2339000701904297,3.299181241686129,0.06528117149569912
2504.5078773225177,3.316690444946289,3.314715303175114,-0.001975141771175082
2508.5230624399774,3.3406965732574463,3.319574206354175,-0.021122366903271406
2511.5352371731533,3.3450052738189697,3.3205771738357495,-0.024428099983220264
2515.555399433637,3.3422353267669678,3.3202786471875037,-0.021956679579464122
2518.560565591837,3.357931613922119,3.3231958339608205,-0.03473577996129862
2522.574784460634,3.4259488582611084,3.3357116247007355,-0.09023723356037294
2525.5929557099225,3.3505451679229736,3.3219671337385455,-0.02857803418442817
2529.6201284701783,3.296377420425415,3.3117005970307374,0.015323176605322342
2533.6333033284645,3.2948386669158936,3.3113633104915676,0.01652464357567407
2536.6434604882343,3.2951464653015137,3.3113554034548045,0.01620893815329083
2540.668683812939,3.1221792697906494,3.279871876671547,0.15769260688089748
2543.676834563128,2.732541561126709,3.231591564439295,0.4990500033125862
2547.689075894319,2.9390556812286377,3.253493685586302,0.31443800435766445
2551.704272945528,3.106482982635498,3.277236519329352,0.17075353669385374
2554.712548807598,3.155418634414673,3.2854493157994895,0.13003068138481666
2558.7305976397256,3.2123560905456543,3.295742749864778,0.0833866593191237
2561.7377486497644,3.1070985794067383,3.2778722673496175,0.17077368794287917
2565.7599384925998,3.1427998542785645,3.2838874342848,0.14108758000623567
2568.76908513335,3.293607473373413,3.3113101077669,0.01770263439348696
2572.7882926939565,3.281912326812744,3.3092210221996594,0.02730869538691527
2576.8034997541145,3.2711403369903564,3.307480389071544,0.0363400520811874
2579.8206346920924,3.1778857707977295,3.2901946697227853,0.1123088989250558
2583.8481931818933,3.2268214225769043,3.2988514413691865,0.07203001879228221
2586.862219570874,3.2920687198638916,3.310942511196668,0.018873791332776335
2590.8811772926856,3.0550851821899414,3.2699280858341155,0.21484290364417413
2594.90453202336,2.9827592372894287,3.259031284292348,0.2762720470029194
2597.924633075261,3.1227948665618896,3.2798106792798043,0.15701581271791465
2601.9507818429047,3.152340888977051,3.284758426961927,0.13241753798487643
2604.966893558194,3.080630302429199,3.272748439200196,0.19211813677099698
2608.9930966051434,2.986144542694092,3.258249910721264,0.2721053680271721
2612.0054153132223,3.1464931964874268,3.2824825477063264,0.13598935121889966
2616.019462105065,3.0467755794525146,3.2664747512300534,0.21969917177753873
2620.024814198765,3.2751412391662598,3.305388293474616,0.03024705430835617
2623.028877447632,3.2572906017303467,3.3027408732307846,0.0454502715004379
2627.0430324131303,3.130181312561035,3.2803155797888577,0.15013426722782253
2630.0641509133275,3.203430652618408,3.292970211516592,0.08953955889818399
2634.075427920652,3.1717302799224854,3.286992598720576,0.11526231879809057
2638.0985636092955,3.092017650604248,3.2737387111425384,0.1817210605382904
2641.105701145745,3.149878740310669,3.2828399580105154,0.13296121769984648
2645.139915972468,3.0815534591674805,3.271165676347321,0.18961221717984067
2648.149055683938,3.1726536750793457,3.286086203384469,0.11343252830512318
2652.1713918114365,3.205585241317749,3.2924853098219438,0.08690006850419474
2655.1826514955756,3.120640516281128,3.277469471003675,0.1568289547225472
2659.1986053774126,3.2095861434936523,3.2929817580347653,0.083395614541113
2663.225937895917,3.1227948665618896,3.2776849094515654,0.15489004288967578
2666.2422925207247,3.1929664611816406,3.289718232209134,0.09675177102749322
2670.254158901236,3.1901965141296387,3.289593247179755,0.0993967330501162
2673.2744728358157,3.260983943939209,3.302845206193502,0.041861262254292875
2677.294668587787,3.1421844959259033,3.281282969641848,0.13909847371594486
2681.3136713498716,3.1231026649475098,3.277742569177262,0.15463990422975238
2684.3248540420864,3.1578807830810547,3.28342476882879,0.1255439857477354
2688.339189553648,3.0763213634490967,3.270055674576028,0.1937343111269314
2691.36421924366,3.030771493911743,3.262713293817671,0.23194179990592767
2695.3873741802854,3.1138694286346436,3.275260513790903,0.16139108515625944
2698.4096629577543,3.0695505142211914,3.2679867050344478,0.19843619081325636
2702.43176195012,3.068011522293091,3.2679060220710503,0.19989449977795948
2706.4529585971213,3.149570941925049,3.2808710134629315,0.1313000715378827
2709.4682145471525,3.085862398147583,3.27034527090283,0.18448287275524677
2713.4883129043374,3.2157416343688965,3.29228027807061,0.07653864370171348
2716.494477262848,3.1369521617889404,3.2786412106818528,0.14168904889291234
2720.5098644841164,3.0470831394195557,3.2641379267795028,0.2170547873599471
2723.524254274984,2.9421334266662598,3.2490893027945846,0.30695587612832487
2727.5420367150546,3.296685218811035,3.3074246169315167,0.010739398120481525
2731.5683537100595,2.863344192504883,3.2393058516854163,0.3759616591805335
2734.5737358306105,3.0230770111083984,3.258874969215727,0.2357979581073284
2738.6076573180944,3.1086373329162598,3.2717110651647863,0.1630737322485265
2741.616651129869,3.204969644546509,3.288436134396444,0.08346648984993532
2745.634254178749,3.377936840057373,3.321102212824198,-0.056834627233175006
2749.6540788296334,3.3182291984558105,3.3112096924825662,-0.0070195059732443
2752.6702683067706,3.2154338359832764,3.2926253149272413,0.07719147894396494
2756.6924142642056,3.114485025405884,3.2751148867932836,0.16062986138739976
2759.697732866418,3.088324546813965,3.27046091689963,0.18213637008566508
2763.720818895272,3.2982242107391357,3.307336750424264,0.009112539685128151
2766.736143368118,3.252674102783203,3.2992263898343577,0.04655228705115455
2770.7601756277327,3.120948314666748,3.2758863657985597,0.1549380511318117
2774.7885075014347,3.129873514175415,3.2771507491815757,0.14727723500616063
2777.7955283951123,3.223128080368042,3.2936170591880845,0.07048897882004246
2781.813730441172,3.042158842086792,3.2630849079174435,0.22092606583065155
2784.8318747432895,3.0960187911987305,3.2707674933176643,0.17474870211893379
2788.859234208965,3.2772958278656006,3.3026461526881032,0.025350324822502657
2792.8793279466336,3.2222046852111816,3.2931571049568342,0.07095241974565258
2795.890430567244,3.202199697494507,3.289716870655586,0.08751717316107932
2799.9145937131398,3.159419536590576,3.282251195631244,0.12283165904066795
2802.923943612568,3.1366446018218994,3.278137146049305,0.14149254422740576
2806.946988065778,3.1347978115081787,3.2774265519222396,0.14262874041406093
2809.9571394511513,3.0523152351379395,3.263783147433455,0.21146791229551543
2813.9762842633463,3.15018630027771,3.278954927983315,0.12876862770560482
2817.992510311633,3.006765365600586,3.2558467699921305,0.24908140439154458
2821.005684015043,3.3062262535095215,3.306446954566124,0.00022070105660265682
2825.012959751999,3.1400299072265625,3.276862936057761,0.13683302883119852
2828.0282395695285,2.9975321292877197,3.254435765740867,0.2569036364531474
2832.0462414365866,3.2243592739105225,3.290289692080642,0.06593041817011969
2836.0645901522585,3.2483651638031006,3.2954140599378356,0.04704889613473506
2839.0856920991937,3.1714224815368652,3.2819727583116265,0.11055027677476126
2843.099970251773,3.1218714714050293,3.2727171220093894,0.15084565060436006
2846.1185203013374,3.269293785095215,3.2994971211250537,0.030203336029838823
2850.1271272286795,3.194505453109741,3.285455168112373,0.09094971500263194
2853.1372924726056,3.144646644592285,3.2767372624089086,0.13209061781662346
2857.15698662218,3.1249492168426514,3.273043918689849,0.14809470184719764
2861.172841184434,3.1227948665618896,3.272191172950426,0.14939630638853618
2864.189196194202,3.1200249195098877,3.2715055614453608,0.15148064193547306
2868.2141350337406,3.120332717895508,3.2710302096831554,0.15069749178764758
2871.2213561064345,3.258213996887207,3.2959435748334203,0.03772957794621323
2875.241578420617,3.2942230701446533,3.303096053312971,0.008872983168317639
2879.2446865846505,3.3850154876708984,3.320845566847583,-0.06416992082331552
2882.2490004422325,3.3209991455078125,3.3098834653971516,-0.011115680110660886
2886.2649377708076,3.360393762588501,3.3174774228303745,-0.042916339758126476
2889.2801171138744,3.4231791496276855,3.329316076296407,-0.09386307333127863
2893.296310825557,3.325615644454956,3.3123674243432046,-0.013248220111751419
2896.3154975983416,3.2923765182495117,3.306139360459972,0.013762842210460313
2900.324639234612,3.2923765182495117,3.3061413732097984,0.013764854960286677
2904.3369687215563,3.2920687198638916,3.3061432426792488,0.014074522815357149
2907.3522273663148,3.0406200885772705,3.262773931327152,0.22215384274988148
2911.3702030561035,3.2225124835968018,3.292959383887358,0.07044690029055634
2914.3853412084936,3.3296167850494385,3.312665381552908,-0.01695140349653057
2918.4096209971503,3.2717559337615967,3.302019674911042,0.030263741149445522
2921.4208379507727,3.0224616527557373,3.2599454618646027,0.23748380910886535
2925.43788704275,3.2831432819366455,3.3038403976649873,0.020697115728341764
2929.4541173256002,3.340388774871826,3.314659887870853,-0.02572888700097309
2932.466342873442,3.2945308685302734,3.306488237283463,0.011957368753189535
2936.4964524906973,3.111715078353882,3.27362332270606,0.161908244352178
2939.51159680244,2.9590609073638916,3.2508819700507026,0.29182106268681096
2943.5188132556104,3.3360798358917236,3.3126072260595527,-0.02347260983217092
2947.539983725361,3.304995059967041,3.3074027657016485,0.002407705734607468
2950.5441451389306,3.140953302383423,3.2777506925028694,0.13679739011944658
2954.5783753640317,2.968909502029419,3.251341659197988,0.28243215716856884
2957.605496924665,3.363163709640503,3.3171260574183057,-0.046037652222197245
2961.6219577983284,3.3117661476135254,3.3086166539487434,-0.0031494936647820104
2964.644964910458,3.2862210273742676,3.304139074763655,0.017918047389387404
2968.6750487354184,3.287144422531128,3.304571078607882,0.0174266560767542
2972.6912609251594,3.1745002269744873,3.283819044992818,0.10931881801833088
2975.6963908971593,2.9584453105926514,3.2507161019570967,0.29227079136444534
2979.716602432476,2.9205894470214844,3.244382253020191,0.3237928059987065
2982.7397639134106,2.9612152576446533,3.2488146411865464,0.28759938354189307
2986.75998160808,3.346544027328491,3.3123180139616593,-0.03422601336683195
2990.7823269746077,3.4022505283355713,3.323735906587362,-0.07851462174820911
2993.802274427624,3.361009359359741,3.3174455815882475,-0.04356377777149367
2997.81147149808,3.284990072250366,3.3039018558460556,0.018911783595689347
3000.8316622455786,3.2856054306030273,3.3041434329061077,0.018538002303080336
3004.0388182600873,3.2865288257598877,3.3043825828517166,0.017853757091828903
3007.0477630046917,3.286836624145508,3.3045815548988386,0.017744930753330834
3011.0529018307534,3.287452220916748,3.304781794195894,0.017329573279146082
3015.076157241845,3.212048292160034,3.2907048291071073,0.07865653694707309
3018.0922608729743,3.2859132289886475,3.3064676254398067,0.020554396451159196
3022.113381682928,3.051392078399658,3.2649410875397065,0.21354900914004826
3025.1264891732826,2.9639852046966553,3.25129000277136,0.28730479807470477
3029.148761012526,3.293299913406372,3.3047907484598085,0.011490835053436399
3033.1588384856477,3.2452876567840576,3.2959833083896557,0.05069565160559808
3036.1789603253674,3.2446720600128174,3.2961304828091142,0.051458422796296865
3040.1973317536685,3.3850154876708984,3.3222041591894995,-0.06281132848139892
3043.212315922203,3.3151514530181885,3.309872116360848,-0.005279336657340483
3047.22772316137,3.287144422531128,3.304917774338352,0.01777335180722428
3050.2508349825184,3.288067579269409,3.3050645859473926,0.01699700667798343
3054.277002613184,3.0670883655548096,3.265856753075521,0.19876838752071135
3058.287500847182,2.881810426712036,3.2398078241589596,0.3579973974469235
3061.307395945685,2.8910434246063232,3.2391077906456704,0.3480643660393472
3065.3294779998287,3.0461599826812744,3.258680183605977,0.2125202009247027
3068.3456120427727,2.9387478828430176,3.243099087747189,0.30435120490417145
3072.3623901231695,3.243133068084717,3.291277123300963,0.048144055216245984
3076.378028723073,3.2856054306030273,3.3000663748268173,0.014460944223789962
3079.3821331626204,3.237593412399292,3.291989247866505,0.05439583546721316
3083.406937266289,3.2298989295959473,3.2907568928236373,0.06085796322768999
3086.4186785349266,3.2015841007232666,3.2856820932639064,0.08409799254063977
3090.45392851808,2.899353265762329,3.23933981423506,0.3399865484727309
3093.4770334099558,2.8836569786071777,3.2357408566079657,0.352083878000788
3097.4931624484234,2.839953660964966,3.228301209607497,0.38834754864253096
3101.5153064810656,3.226513624191284,3.2844634307947054,0.057949806603421194
3104.527724508731,3.3317711353302,3.3047079921799396,-0.027063143150260593
3108.5408054368636,3.3391575813293457,3.3079955800862817,-0.031162001243064008
3111.550951047844,3.328693389892578,3.307194764372851,-0.02149862551972692
3115.5791189287374,3.328385591506958,3.3080180222696485,-0.020367569237309535
3118.5971073222063,3.3767056465148926,3.3174859759279,-0.059219670586992734
3122.6154314004634,3.3157670497894287,3.30721433281753,-0.008552716971898633
3126.6359990234378,3.3440818786621094,3.3125765329105405,-0.031505345751568825
3129.648841661565,3.296685218811035,3.3040363883848087,0.007351169573773575
3133.6719638766263,3.2886831760406494,3.302651098570503,0.01396792252985346
3136.675189453341,3.2889909744262695,3.3027542307679303,0.013763256341660757
3140.6962644531013,3.267139196395874,3.2987029235570615,0.031563727161187494
3144.7183992467144,2.726386070251465,3.2222882702559,0.4959022000044353
3147.7245516714793,2.723616123199463,3.218775078091473,0.4951589548920099
3151.745968900348,3.007072925567627,3.2482818546534205,0.2412089290857935
3154.7668768276235,3.105867385864258,3.2630097935101143,0.15714240764585652
3158.7871022214895,3.204969644546509,3.280630206882412,0.07566056233590324
3161.806365986202,2.930745840072632,3.238273209544402,0.30752736947176995
3165.8284491952254,2.9879913330078125,3.243940259781327,0.25594892677351444
3169.8527070411837,3.287144422531128,3.2937218208295915,0.006577398298463599
3172.856015769179,3.2455954551696777,3.2871773344087214,0.04158187923904366
3176.8762530967942,3.1369521617889404,3.2683486331137166,0.13139647132477617
3179.890287954884,3.2511351108551025,3.288655974255548,0.03752086340044558
3183.910678496428,3.2517507076263428,3.2897831252619474,0.03803241763560461
3187.926672029109,3.2862210273742676,3.2968297468389567,0.01060871946468911
3190.942988542909,2.826411724090576,3.227043380327049,0.4006316562364729
3194.9682095578573,3.1809635162353516,3.274789016707612,0.09382550047226035
3197.983413923299,2.9987633228302,3.245988183836979,0.24722486100677887
3202.0135628064345,3.181886911392212,3.2742756191705142,0.09238870777830233
3205.0279930180695,3.1304891109466553,3.2655042564478265,0.13501514550117122
3209.048030551632,3.1461853981018066,3.2680677295601086,0.12188233145830196
3213.0598926975836,3.140953302383423,3.267201099137087,0.12624779675366415
3216.0750785849705,3.100019693374634,3.2602658227359527,0.16024612936131888
3220.1101857481044,3.2689859867095947,3.289981711750923,0.020995725041328406
3223.126436433813,3.249596357345581,3.2877228146992636,0.038126457353682586
3227.152745729629,3.1255648136138916,3.265545647370727,0.13998083375683557
3231.1737252593957,3.161881685256958,3.271265426944179,0.1093837416872212
3234.1868670111544,3.2837588787078857,3.2938839347759377,0.010125056068051919
3238.2220546308563,3.1246414184570312,3.2657777556190437,0.14113633716201246
3241.234289032771,3.305302858352661,3.298601738060831,-0.0067011202918303425
3245.2574023937595,3.278526782989502,3.294773900013422,0.016247117023920232
3248.2715769921997,3.2714481353759766,3.2938965666765476,0.02244843130057106
3252.2867621096593,3.16465163230896,3.27452408839726,0.10987245608830021
3256.3029654453385,3.114792823791504,3.264950008390006,0.1501571845985019
3259.3141431330732,3.152340888977051,3.2704515063321304,0.11811061735507966
3263.336428060942,3.2394399642944336,3.2861184196502613,0.04667845535582771
3266.352482802202,3.273294687271118,3.2930744099261213,0.019779722655003162
3270.37477735406,3.0286169052124023,3.2508603513190124,0.22224344610661007
3274.3879106367094,3.2560596466064453,3.2884102946560763,0.03235064804963095
3277.401276434968,3.2068161964416504,3.2796871677762023,0.07287097133455189
3281.419416502533,3.20589280128479,3.2797403795976074,0.07384757831281741
3284.439516014594,3.188042163848877,3.276536732476976,0.08849456862809912
3288.4556196457306,2.986760139465332,3.2436779003738634,0.25691776090853136
3291.4757788265306,3.120640516281128,3.2629533538660898,0.14231283758496183
3295.508998917576,3.1283347606658936,3.2641770695900028,0.1358423089241092
3299.5241466939515,3.0640106201171875,3.2531992446419578,0.18918862452477025
3302.5394519188158,2.6848371028900146,3.206675089032422,0.5218379861424074
3306.560570419013,3.223435878753662,3.27632727413513,0.05289139538146781
3309.5806406741467,3.0412356853485107,3.2464285262144017,0.20519284086589096
3313.5908432591496,3.228360176086426,3.2776155595795653,0.049255383493139515
3316.6060014294344,3.190504312515259,3.2716520308911914,0.0811477183759326
3320.6242766178257,2.9646008014678955,3.235933317060209,0.2713325155923134
3324.6335256578313,2.9356701374053955,3.230874479916488,0.2952043425110924
3327.654620290534,2.9067397117614746,3.2263869327593473,0.3196472209978727
3331.6817445458764,2.9532132148742676,3.2301906477030737,0.27697743282880616
3334.688995260458,2.8648829460144043,3.2188992240381253,0.35401627802372104
3338.7042331173834,3.01230525970459,3.2368924431541277,0.22458718344953787
3342.7163335533514,3.1988141536712646,3.267104961399154,0.0682908077278892
3345.7286233894556,3.2973008155822754,3.2856483753173142,-0.01165244026496115
3349.7607929256774,3.4321043491363525,3.311071215586453,-0.12103313354989975
3352.7762267270555,3.2766802310943604,3.285433332339494,0.008753101245133621
3356.809998080291,2.9793736934661865,3.2363486842837466,0.25697499081756003
3359.8181592243855,3.1609582901000977,3.2635776967029857,0.10261940660288804
3363.83122552406,3.182194471359253,3.2672859842423136,0.08509151288306072
3367.845556031145,3.247134208679199,3.2790880129224522,0.031953804243253
3370.8647023831727,3.2452876567840576,3.2796118019976364,0.03432414521357874
3374.8919001658105,3.0870933532714844,3.2525338158169834,0.16544046254549905
3377.9090366436176,3.0812458992004395,3.2509806037125157,0.16973470451207628
3381.926255887749,3.156649589538574,3.2628653513332795,0.10621576179470527
3385.9374909344733,3.0901710987091064,3.2517741986183903,0.1616030999092839
3388.9597050297707,3.211740493774414,3.2722531631317855,0.06051266935737143
3392.980896287336,3.2539050579071045,3.280575887672867,0.026670829765762516
3396.0009653875895,3.1954286098480225,3.270480433106955,0.07505182325893234
3400.0211576749243,3.1538796424865723,3.2632520203186335,0.10937237783206122
3403.0382910730586,3.190504312515259,3.269700595658372,0.079196283143113
3407.0619626255066,3.089555501937866,3.25230463109498,0.1627491291571137
3411.077777921877,3.0464677810668945,3.244689471912432,0.19822169084553742
3414.0998595910605,3.144338846206665,3.259824500373653,0.11548565416698775
3418.1183953971195,3.0027642250061035,3.236993921367292,0.2342296963611883
3421.1282792355487,3.2976086139678955,3.286970826854997,-0.010637787112898422
3425.1454107088903,3.135105609893799,3.257841809451495,0.12273619955769632
3429.162618789189,3.281604528427124,3.2850139105180745,0.00340938209095043
3432.1762713823737,3.2191269397735596,3.2735935585341753,0.05446661876061576
3436.1950662662603,3.2600605487823486,3.281596861101839,0.02153631231949049
3439.207200193716,3.147724151611328,3.2615640061878883,0.1138398545765602
3443.2191424112716,3.2828354835510254,3.2858130911001977,0.002977607549172312
3446.2336653981765,3.1347978115081787,3.259480888436463,0.12468307692828429
3450.2516541766054,3.4296422004699707,3.3126559384608227,-0.11698626200914797
3454.2738651922264,3.1397221088409424,3.2615104161767774,0.12178830733583501
3457.2782029173068,3.1895811557769775,3.2697523245118725,0.08017116873489494
3461.303342705771,3.187734365463257,3.2692025547637664,0.08146818930050959
3464.317612774197,3.1172549724578857,3.2566787779445603,0.13942380548667455
3468.3407719453753,3.255444049835205,3.280821378625548,0.025377328790342712
3472.3568605630826,3.2539050579071045,3.2813764030919206,0.027471345184816087
3475.3822355618795,3.3357720375061035,3.296723761825918,-0.03904827568018554
3479.3961699455103,3.3354644775390625,3.2975875778702175,-0.037876899668845
3482.411341204428,3.2825279235839844,3.287906804222525,0.00537888063854064
3486.4230393575854,3.4170236587524414,3.312860800280136,-0.10416285847230533
3489.432986714357,3.377936840057373,3.3071231803735954,-0.07081365968377762
3493.453825733861,3.3262312412261963,3.2983091547701964,-0.027922086455999917
3497.472437376964,3.2883753776550293,3.2913338660841305,0.0029584884291011804
3500.486390238657,3.2883753776550293,3.2912898190448194,0.0029144413897901345
3504.5106303764733,3.2883753776550293,3.2912978753662365,0.002922497711207228
3507.521566694526,3.120332717895508,3.260951551511295,0.14061883361578698
3511.5449110312875,3.0578551292419434,3.2501404785513204,0.19228534930937702
3514.5590136422798,3.320075750350952,3.2948346671432867,-0.025241083207665493
3518.588050762013,3.310534954071045,3.293750827018923,-0.016784127052122066
3522.614264587839,3.0178449153900146,3.243963632684208,0.22611871729419342
3525.633628442054,3.144338846206665,3.2627365727252733,0.11839772651860825
3529.6616388744587,3.34592866897583,3.2988211051579417,-0.04710756381788839
3532.6769452541994,3.2914531230926514,3.289566070381277,-0.0018870527113743485
3536.6960492606668,3.1898889541625977,3.2711714749197505,0.08128252075715281
3540.719668843569,2.954136371612549,3.2342325469215085,0.2800961753089597
3543.734397398908,3.293299913406372,3.2881154901155245,-0.005184423290847562
3547.753636911166,3.3293089866638184,3.295524033920316,-0.03378495274350257
3550.7666932018838,3.2837588787078857,3.287843871058553,0.0040849923506671715
3554.788889589043,2.989837884902954,3.23911642037508,0.24927853547212608
3557.8081229419404,3.2683703899383545,3.284326126437298,0.01595573649894355
3561.826363099004,3.3268468379974365,3.2954394227740353,-0.03140741522340118
3565.8505377936854,3.281912326812744,3.2879450498445175,0.006032723031773379
3568.8614413901705,3.2828354835510254,3.288342198462279,0.005506714911253763
3572.875925496148,3.2834510803222656,3.2887355973571024,0.005284517034836789
3575.8811390043847,2.9178194999694824,3.2304838956805213,0.3126643957110389
3579.9041364925215,2.963677406311035,3.234273632650403,0.270596226339368
3583.926360981728,2.9556753635406494,3.2322755266512804,0.27660016311063096
3586.93150096267,3.2803733348846436,3.2838786063219465,0.003505271437302948
3590.9536707876105,3.377321243286133,3.302403640459958,-0.07491760282617488
3593.9738349728905,3.363163709640503,3.300986178484054,-0.06217753115644875
3597.999340473005,3.287760019302368,3.2881649506460398,0.00040493134367158845
3601.004317616025,3.2806811332702637,3.287185964229522,0.006504830959258356
3605.030391316548,3.2822201251983643,3.2876301481450527,0.005410022946688464
3608.0700642647826,3.2825279235839844,3.2879193432498175,0.005391419665833119
3611.0871749502985,3.2831432819366455,3.2881574240762275,0.005014142139581956
3615.104373791568,3.2092783451080322,3.2742365486868694,0.06495820357883719
3618.116569697526,2.8855035305023193,3.2257034632037636,0.3401999327014442
3622.129749560285,3.0203070640563965,3.240865686907073,0.2205586228506764
3626.141955475192,2.9590609073638916,3.2308701617992384,0.27180925443534676
3629.1592166799237,3.2862210273742676,3.284063237012711,-0.0021577903615566107
3633.1753033728346,3.2911453247070312,3.2856136214603855,-0.005531703246645758
3636.185460147637,3.2769880294799805,3.284038890378386,0.007050860898405453
3640.204743930248,3.3874776363372803,3.304821557872473,-0.08265607846480716
3643.2127818872686,3.3391575813293457,3.296942028361812,-0.042215552967533654
3647.219036326336,3.2828354835510254,3.287204576054539,0.004369092503513805
3651.2372152748176,3.2837588787078857,3.2874943711432847,0.003735492435398946
3654.2424461062365,3.281604528427124,3.2872616756453144,0.005657147218190328
3658.267571651195,3.015690565109253,3.242189325134913,0.22649876002566005
3661.2787039137,3.0175373554229736,3.241527748793363,0.22399039337038928
3665.2989181437297,2.919358491897583,3.2270940402733714,0.3077355483757884
3669.312106090645,2.933515787124634,3.2270497727195444,0.2935339855949106
3672.3252436078474,3.0637028217315674,3.2447024525197525,0.18099963078818515
3676.334549236919,3.278834581375122,3.2815773567270314,0.0027427753519093656
3679.3406727897127,3.170807123184204,3.262579068276722,0.09177194509251807
3683.3519093762734,3.2539050579071045,3.27742990755677,0.02352484964966539
3686.368023016352,3.196967601776123,3.2674625680752825,0.07049496629915941
3690.39320630526,2.972295045852661,3.2317585393991983,0.2594634935465372
3694.410359721296,2.8778092861175537,3.2189967525045895,0.3411874663870358
3697.4285763958214,2.847032308578491,3.214670653144442,0.3676383445659508
3701.4467711276484,3.1191015243530273,3.251523770426205,0.13242224607317787
3704.4518475902587,3.3305399417877197,3.288860824078592,-0.04167911770912758
3708.481087198754,3.322230339050293,3.288416106023335,-0.033814233026958185
3711.492628288379,3.3330023288726807,3.2910235385757183,-0.04197879029696239
3715.5115201820918,3.3317711353302,3.291584375986769,-0.04018675934343108
3719.537208922986,3.371473550796509,3.2995043570407896,-0.0719691937557192
3722.5468236746383,3.304995059967041,3.288017751795662,-0.01697730817137888
3726.5641526322615,3.3594706058502197,3.2982159469786287,-0.06125465887159098
3729.586239690885,3.308072805404663,3.2891981902755836,-0.01887461512907951
3733.610341243235,3.2837588787078857,3.284998683081894,0.0012398043740082798
3737.631602178488,3.284374475479126,3.2851212877520366,0.0007468122729106241
3740.6536438118783,3.284682273864746,3.2852400325935696,0.0005577587288234653
3744.664946996454,2.8442623615264893,3.2178003879642603,0.373538026437771
3747.67003500785,2.7340803146362305,3.2045517393399603,0.4704714247037298
3751.6983349298935,3.051392078399658,3.2409362684886753,0.18954419008901713
3754.7126392597274,3.0313868522644043,3.237758053824429,0.20637120156002453
3758.7305695242903,3.0790913105010986,3.2444954264941313,0.16540411599303262
3762.7538580419096,2.925205945968628,3.222397261438684,0.29719131547005606
3765.768049578568,3.1363368034362793,3.2530306783395684,0.11669387490328909
3769.7902101644795,3.128950357437134,3.252050937558115,0.12310058012098102
3772.807337788221,3.2222046852111816,3.26802292099483,0.0458182357836483
3776.8248145703437,3.2914531230926514,3.2811564349739832,-0.01029668811866813
3780.8328225005134,3.2452876567840576,3.2735085800216437,0.02822092323758607
3783.848858763715,3.2295913696289062,3.270951717445045,0.04136034781613862
3787.874415078488,3.304379463195801,3.2848998910323024,-0.019479572163498382
3790.888176230288,3.3656258583068848,3.2966222762539976,-0.06900358205288715
3794.9073514542906,3.0289247035980225,3.239540811472266,0.21061610787424367
3797.9255411816375,3.100943088531494,3.2497152546310146,0.1487721660995205
3801.940927248026,3.0701661109924316,3.2443236667997306,0.17415755580729897
3805.9740199174303,3.124333620071411,3.252163666196007,0.12783004612459603
3808.986183871737,3.158803939819336,3.2578009000290864,0.09899696020975046
3813.0044856223467,3.135105609893799,3.2539212275927802,0.11881561769898141
3816.0245678112224,3.0957109928131104,3.2472441608482656,0.15153316803515526
3820.0486362570446,3.0880167484283447,3.2457300134766673,0.15771326504832262
3824.0629436665513,3.136029005050659,3.252992871785166,0.11696386673450698
3827.078086053498,3.1898889541625977,3.2622755909684384,0.07238663680584079
3831.0932800250266,3.065857172012329,3.2415617033941384,0.1757045313818093
3834.109687389304,3.2098939418792725,3.265401222565825,0.05550728068655264
3838.1346393174717,3.1551108360290527,3.25617707263602,0.10106623660696723
3841.16168581097,3.114485025405884,3.249319773591713,0.1348347481858294
3845.1819758780475,3.0695505142211914,3.2413382649520095,0.1717877507308181
3849.2042080664505,3.2649848461151123,3.275010088492816,0.010025242377703858
3852.2293659480165,3.124333620071411,3.2504017466857014,0.12606812661429023
3856.2514456924036,3.1809635162353516,3.2597400146548043,0.07877649841945278
3859.2615936131406,3.2745258808135986,3.277065943978859,0.0025400631652603423
3863.291976936689,3.1634206771850586,3.2573893169885446,0.09396863980348602
3867.3149944427278,3.267139196395874,3.2762777254458504,0.009138529049976363
3870.3251369740283,3.2686781883239746,3.2768625470951642,0.008184358771189615
3874.337444133318,3.092017650604248,3.2460212076261685,0.15400355702192048
3877.3556230817994,3.217588186264038,3.2669981735409768,0.04940998727693868
3881.3666976003624,3.182502269744873,3.260839840929181,0.07833757118430817
3884.3848680797346,3.2163572311401367,3.266969508452803,0.050612277312666265
3888.4002044863264,3.197275400161743,3.263765932013105,0.066490531851362
3892.419249978928,3.114792823791504,3.249807092814958,0.13501426902345415
3895.439397610946,2.9932234287261963,3.231023241930003,0.23779981320380683
3899.4567231039364,3.1548030376434326,3.255787379915999,0.10098434227256625
3902.468852026912,3.092017650604248,3.2454242532026214,0.15340660259837335
3906.4819498932775,3.3653180599212646,3.2951097707923998,-0.0702082891288649
3909.4960990843792,3.1778857707977295,3.261382444561006,0.08349667376327652
3913.5233561507957,3.2800657749176025,3.280025770778216,-4.0004139386429216e-05
3917.541508537066,3.1843490600585938,3.262597966076856,0.07824890601826207
3920.5546479790646,3.103713035583496,3.2486086332239066,0.1448955976404105
3924.578046210172,2.87319278717041,3.2161930735905866,0.34300028642017644
3927.58905567056,2.8621129989624023,3.2143784169152267,0.3522654179528244
3931.6023367777016,3.204969644546509,3.2638140754191456,0.0588444308726368
3935.6174310446877,2.8568809032440186,3.2131516013164862,0.3562706980724677
3938.629564202227,3.0960187911987305,3.245460681920786,0.1494418907220556
3942.642745989786,3.100327491760254,3.2458662607856112,0.14553876902535734
3945.649098978516,3.287760019302368,3.278504787170549,-0.009255232131819113
3949.673161649942,3.339773178100586,3.287949214990152,-0.0518239631104338
3952.687484072878,3.106790781021118,3.2467713777824674,0.13998059676134922
3956.7125668873196,3.1831178665161133,3.2594474656452093,0.07632959912909598
3960.729863893299,3.153571844100952,3.254922262822131,0.10135041872117867
3963.7430614642,3.1745002269744873,3.258308204898161,0.08380797792367378
3967.76614980281,3.22035813331604,3.2661257918792233,0.04576765856318321
3970.776400892726,3.088940143585205,3.243859373456967,0.1549192298717621
3974.787603602843,3.0633950233459473,3.2396428677380533,0.17624784439210606
3978.8089022641434,3.074167013168335,3.2411121968697576,0.16694518370142264
3981.8248499866277,3.1492631435394287,3.253265112170536,0.10400196863110711
3985.8431082367933,3.104020833969116,3.2459457794407807,0.14192494547166445
3988.85806237848,3.0849390029907227,3.2426519974334154,0.1577129944426927
3992.8713812116694,3.1077141761779785,3.2459780307746917,0.1382638545967132
3995.879365274337,3.030771493911743,3.233915830640246,0.20314433672850285
3999.900607731539,3.0874011516571045,3.242311017300552,0.15490986564344755
4003.9207857753645,3.1831178665161133,3.258420617443887,0.0753027509277735
4006.939982942058,3.103713035583496,3.245121034244126,0.1414079986606298
4010.955314344177,3.062471866607666,3.2384959740428085,0.17602410743514252
4013.9623086756474,2.992607831954956,3.2283679774305325,0.23576014547557644
4017.9846367189966,3.158496141433716,3.2537225375505,0.09522639611678407
4021.9997117380008,3.0498530864715576,3.2365718195427293,0.1867187330711717
4025.0168616894007,3.263446092605591,3.27207854713791,0.008632454532319311
4029.030105840422,3.2708325386047363,3.2739687777723616,0.0031362391676252876
4032.0362201541793,3.127103567123413,3.248974216095329,0.12187064897191613
4036.042419159061,3.1366446018218994,3.250119902472008,0.11347530065010858
4039.05153384816,3.2357466220855713,3.2672849708661627,0.03153834878059136
4043.0717796448807,3.2357466220855713,3.2676610033335836,0.03191438124801227
4047.09401144832,3.1286425590515137,3.2486265499908775,0.11998399093936385
4050.1041158686203,3.2689859867095947,3.2738025899310115,0.004816603221416749
4054.11628713716,3.2360544204711914,3.2672952227068643,0.031240802235672938
4057.132483928519,3.132335662841797,3.249211641393741,0.1168759785519442
4061.1486799499617,3.1803479194641113,3.2575667261578527,0.07721880669374137
4065.1658888001803,3.1107916831970215,3.2455024966450434,0.13471081344802194
4068.1779907759883,3.1080217361450195,3.2449904253121575,0.136968689167138
4072.2012696696183,3.1055595874786377,3.2444851771325247,0.13892558965388702
4075.2094604556078,3.3009941577911377,3.2786056335791733,-0.022388524211964356
4079.22557140097,3.304687261581421,3.2791765761178295,-0.025510685463591365
4082.2347665466295,3.357931613922119,3.2888407069023526,-0.0690909070197665
4086.253890570999,3.3902475833892822,3.2948587023738116,-0.0953888810154706
4090.2691253482517,3.3711657524108887,3.291938868594837,-0.0792268838160517
4093.281271979373,3.284990072250366,3.276109140106379,-0.00888093214398733
4097.293598386641,3.2889909744262695,3.276923921736879,-0.012067052689390678
4100.302790452621,3.2825279235839844,3.2757105455047024,-0.006817378079281955
4104.3169046123985,3.2825279235839844,3.275757468611083,-0.006770454972901518
4107.324141083474,3.228360176086426,3.2658118409508288,0.03745166486440299
4111.348431651,2.9559831619262695,3.2234866075251314,0.26750344559886186
4115.3643770637245,3.313920497894287,3.281028190422762,-0.03289230747152505
4118.385499798482,3.334541082382202,3.2848049390951424,-0.049736143287059775
4122.409866203056,3.082784652709961,3.2410481625370604,0.15826350982709947
4125.418892736394,3.0323102474212646,3.233693206341389,0.20138295892012437
4129.452115137192,3.34562087059021,3.286477625271795,-0.05914324531841508
4133.482285578073,3.2856054306030273,3.2758518017861262,-0.009753628816901116
4136.484509874797,3.2739102840423584,3.2737880175628304,-0.00012226647952795489
4140.517636035693,2.9615230560302734,3.2239781982281945,0.2624551421979211
4143.531970007414,3.225898027420044,3.265347895909281,0.03944986848923726
4147.553106215757,3.340388774871826,3.285709271562505,-0.05467950330932103
4150.570137984552,3.2825279235839844,3.2753809445079973,-0.007146979075987048
4154.59353467582,3.0486221313476562,3.23605345916046,0.1874313278128037
4158.619536773858,3.26159930229187,3.272490104398012,0.010890802106141795
4161.633686349913,3.3440818786621094,3.2869180216100204,-0.05716385705208893
4165.657849495805,3.27606463432312,3.2747779367219474,-0.001286697601172726
4168.6713119189335,3.2769880294799805,3.2749274523056595,-0.0020605771743209544
4172.689316095748,3.2779111862182617,3.2751143697649674,-0.0027968164532943263
4176.714459733805,2.9116640090942383,3.2179436870400417,0.30627967794580346
4179.72472391235,2.5792717933654785,3.185119920505702,0.6058481271402236
4183.744803021553,2.5115621089935303,3.1791411301594463,0.667579021165916
4186.745935187817,3.266831636428833,3.27143243051243,0.004600794083597037
4190.766118236119,3.377936840057373,3.290881630077777,-0.08705520997959626
4193.7772905344245,3.397941827774048,3.2944924315842545,-0.10344939618979332
4197.786482215448,3.3089962005615234,3.27933208629017,-0.029664114271353625
4201.801655784122,3.2745258808135986,3.2732492614299615,-0.001276619383637101
4204.813894420593,3.2751412391662598,3.2734454379525117,-0.001695801213748016
4208.076569500994,3.2763724327087402,3.2736394122349797,-0.0027330204737605612
4211.0967182878885,3.2769880294799805,3.2738082841566376,-0.003179745323342864
4215.117004505373,3.2742180824279785,3.27329218839572,-0.0009258940322585119
4219.133108906426,2.879040479660034,3.2133896951113807,0.33434921545134655
4222.144266191302,2.8910434246063232,3.2141236335241192,0.323080208917796
4226.161196330751,3.059394121170044,3.2367663700055482,0.1773722488355043
4229.165394315492,3.1664981842041016,3.254677274834938,0.0881790906308364
4233.193842446992,3.2945308685302734,3.276716023111681,-0.017814845418592462
4236.218959907801,3.144954204559326,3.2502591317724,0.10530492721307372
4240.240165408872,3.383476734161377,3.2924861186035894,-0.09099061555778754
4244.256363355114,3.3326945304870605,3.2835962003676773,-0.04909833011938325
4247.2595569801815,3.2763724327087402,3.2735212617505964,-0.0028511709581438005
4251.274929572981,3.2772958278656006,3.2736746935885495,-0.00362113427705113
4254.28097420905,3.2779111862182617,3.273785835335646,-0.004125350882615564
4258.29030178082,3.0938644409179688,3.242352859518855,0.14848841860088635
4262.317586564328,3.010458469390869,3.2304386575036466,0.21998018811277742
4265.328663777607,2.8214871883392334,3.2072260541523336,0.38573886581310024
4269.355814980125,2.953828811645508,3.222580721994032,0.2687519103485241
4272.366315523883,2.9972243309020996,3.228607698512227,0.23138336761012734
4276.3769688966095,3.2483651638031006,3.2692977881635494,0.020932624360448848
4279.38212158122,3.2240514755249023,3.264688778587538,0.04063730306263569
4283.4064621934995,3.299147367477417,3.278266029971467,-0.020881337505950004
4287.426517435204,3.1889655590057373,3.2584822373565077,0.06951667835077036
4290.449909891922,3.0646262168884277,3.237990202228786,0.17336398534035835
4294.480861415883,2.866729497909546,3.2121534426057754,0.3454239446962295
4297.502172780849,2.7774760723114014,3.2026101589591423,0.4251340866477409
4301.525398935009,3.0898633003234863,3.243013416673422,0.15315011634993558
4304.548387954033,3.3446974754333496,3.2869353930341303,-0.05776208239921932
4308.572660813417,3.296685218811035,3.278137913609214,-0.01854730520182102
4312.598783018853,3.325000286102295,3.2829551091116294,-0.04204517699066557
4315.617239908184,3.319460391998291,3.281902251195138,-0.037558140803152895
4319.63412731712,3.3450052738189697,3.2862760337020873,-0.05872924011688241
4322.6502794531625,3.2973008155822754,3.277576852546085,-0.019723963036190284
4326.672785347859,3.3908631801605225,3.2939668145249037,-0.09689636563561876
4330.688670321924,3.3000707626342773,3.277977508289741,-0.02209325434453646
4333.705825277793,3.2772958278656006,3.273747954276536,-0.0035478735890643875
4337.7175114972015,3.2769880294799805,3.2736032793033507,-0.0033847501766297583
4340.728534046219,3.2772958278656006,3.2736198945940047,-0.003675933271595877
4344.741403246557,2.9529054164886475,3.221742606901025,0.2688371904123774
4347.753720799752,2.7550089359283447,3.200029625367663,0.4450206894393185
4351.772434842118,3.0092275142669678,3.2301230662712515,0.22089555200428368
4355.796900566274,3.0224616527557373,3.2318722407537273,0.20941058799798995
4358.806129203422,3.132951259613037,3.249015905459708,0.11606464584667098
4362.832597872519,3.0670883655548096,3.2383324088787377,0.17124404332392817
4365.83866329641,2.9818358421325684,3.226291260005306,0.2444554178727376
4369.863692601462,3.120332717895508,3.2470925502676717,0.12675983237216393
4373.892827500938,3.2132794857025146,3.262591218758411,0.04931173305589631
4376.90496258327,3.1511096954345703,3.251799181215805,0.10068948578123482
4380.922249195337,3.2040462493896484,3.260695654593465,0.05664940520381645
4383.939827991762,3.156341791152954,3.2524990383335672,0.09615724718061314
4387.958529715419,3.2071239948272705,3.261115663268514,0.05399166844124359
4390.966877564937,3.1347978115081787,3.2485116192061216,0.11371380769794293
4394.99367922411,2.977834939956665,3.2252433679772756,0.24740842802061058
4399.0132521114065,3.091094493865967,3.2419501817641674,0.15085568789820059
4402.0244502020105,3.0809381008148193,3.2405287848641606,0.1595906840493413
4406.039761586224,3.255136251449585,3.2701906020186584,0.01505435056907345
4409.052196937064,3.2366700172424316,3.2671619113615833,0.030491894119151652
4413.059765243339,3.1978909969329834,3.2605458584799916,0.06265486154700817
4417.086150761163,3.0837080478668213,3.241373055051241,0.1576650071844199
4420.103359996341,3.0793991088867188,3.2404541882023397,0.1610550793156209
4424.11732017227,3.126180410385132,3.247780340691758,0.12159993030662619
4427.136532352393,3.17880916595459,3.2569145033408526,0.0781053373862628
4431.151899555753,3.0578551292419434,3.23644793847355,0.1785928092316067
4434.158968569394,3.199429750442505,3.260155702582327,0.06072595213982224
4438.176098117932,3.0753982067108154,3.2392167430363203,0.16381853632550492
4442.200413707833,3.103713035583496,3.243996890048404,0.14028385446490788
4445.225406441721,3.29052996635437,3.276458923107229,-0.014071043247140924
4449.245595264416,3.200045347213745,3.260565729653684,0.060520382439938736
4452.248770411425,3.185272216796875,3.2577277675567378,0.07245555075986276
4456.263955143924,3.2751412391662598,3.2739682842804925,-0.0011729548857672967
4460.281143591288,3.264677047729492,3.272220216631089,0.007543168901596786
4463.2972988070105,3.170499324798584,3.2554182849804025,0.08491896018181855
4467.308524999662,3.1160237789154053,3.246083885861471,0.13006010694606562
4470.321604387962,3.152956247329712,3.2520571404606677,0.09910089313095582
4474.333855728102,3.2572906017303467,3.2706604926685245,0.013369890938177864
4477.352144775032,3.2237436771392822,3.2646182125896894,0.0408745354504072
4481.369200796289,3.1714224815368652,3.2554144808240837,0.08399199928721846
4485.386406951791,3.205585241317749,3.261434891258096,0.055849649940347135
4488.3955508978215,3.1163315773010254,3.2461096360082036,0.12977805870717818
4492.421762028927,3.068627119064331,3.238755247747498,0.17012812868316685
4495.439902866408,3.1163315773010254,3.2465091454156134,0.13017756811458803
4499.4562409379505,2.9913766384124756,3.2275323476817195,0.2361557092692439
4502.471284390274,3.0821690559387207,3.241020020227692,0.1588509642889715
4506.487425362488,2.5207953453063965,3.1798550883258914,0.6590597430194949
4510.511780988189,3.1661903858184814,3.2544363177511637,0.08824593193268226
4513.521775310037,3.1427998542785645,3.25084804372649,0.10804818944792549
4517.542113882024,3.1320278644561768,3.24869688053452,0.11666901607834346
4520.560157324719,3.132335662841797,3.248848450769893,0.11651278792809627
4524.57335913018,2.9122796058654785,3.217281006605739,0.3050014007402604
4528.578556855075,2.848878860473633,3.210337510315144,0.3614586498415111
4531.590722349214,3.349313974380493,3.287671229415933,-0.06164274496456024
4535.614977115496,3.0058419704437256,3.2306446298529954,0.2248026594092698
4538.624186119701,2.9932234287261963,3.228986506794166,0.2357630780679698
4542.641345310134,3.249288558959961,3.2709177553072912,0.021629196347330293
4545.659426093909,3.180040121078491,3.2585060776612433,0.07846595658275213
4549.682607207789,3.3209991455078125,3.282696676533943,-0.03830246897386935
4553.690806077939,3.094480037689209,3.242723891229822,0.1482438535406132
4556.702983505824,3.0966343879699707,3.2429574907849688,0.14632310281499805
4560.725143321819,2.968909502029419,3.2244814281600127,0.25557192613059376
4563.74231791063,3.2369778156280518,3.26736009668773,0.030382281059678107
4567.761505068378,3.2625226974487305,3.271749864694798,0.009227167246067314
4571.78274213614,3.0757060050964355,3.239896563185048,0.16419055808861227
4574.78886568893,3.015998363494873,3.2308720863885894,0.2148737228937163
4578.8061777083385,3.063087224960327,3.238042022261248,0.1749547973009209
4581.818490642014,2.980604648590088,3.226007526079199,0.24540287748911105
4585.848412783933,3.0520076751708984,3.2364019514037725,0.18439427623287408
4588.873705401369,3.249596357345581,3.269674407932031,0.020078050586449958
4592.891770786759,3.0954031944274902,3.2431488096913683,0.14774561526387808
4596.921967789851,3.0169217586517334,3.231091100778028,0.21416934212629446
4599.9311290590595,3.0560085773468018,3.2368027629145937,0.18079418556779192
4603.9462791451915,2.969525098800659,3.22450035050142,0.25497525170076063
4606.957586949287,3.170191526412964,3.255433566926967,0.0852420405140033
4610.992669859967,3.229283571243286,3.2660836557938846,0.036800084550598466
4615.021839405814,2.978142499923706,3.22609753377416,0.24795503385045414
4618.045049776625,3.16434383392334,3.2548060383434767,0.09046220442013686
4622.072359582515,3.0787835121154785,3.2409371053877414,0.16215359327226286
4625.0993652702855,3.2486729621887207,3.269642570036644,0.020969607847923122
4629.121622481067,3.2542128562927246,3.2711765059979685,0.01696364970524389
4632.136728681799,3.1138694286346436,3.246242409945201,0.1323729813105574
4636.156070593312,3.123718023300171,3.247450262172954,0.12373223887278328
4640.1761269899,3.1080217361450195,3.2447959845414536,0.13677424839643404
4643.186277605357,3.22066593170166,3.264424365342453,0.043758433640793015
4647.193554497193,3.2237436771392822,3.264994828717895,0.0412511515786127
4650.207643249636,3.114485025405884,3.245893332680765,0.13140830727488106
4654.22583259203,3.2714481353759766,3.2729978003562037,0.0015496649802271278
4658.243055685754,3.117562770843506,3.2460495791814283,0.12848680833792248
4661.256223999728,3.1658828258514404,3.2544627636768784,0.08857993782543794
4665.276382795579,3.23420786857605,3.266732346172307,0.032524477596257206
4668.284505443709,3.232668876647949,3.2666906155701354,0.034021738922186184
4672.303743031171,3.161881685256958,3.2542018168584024,0.09232013160144437
4675.320922624462,3.2332844734191895,3.266706345361504,0.033421871942314496
4679.338259666238,3.3348488807678223,3.2843904218121684,-0.05045845895565382
4683.359282311489,3.3440818786621094,3.2856408952818206,-0.0584409833802888
4686.377436622552,3.3554694652557373,3.2875969065129205,-0.06787255874281684
4690.404920815152,3.304379463195801,3.2780212422472346,-0.026358220948566213
4693.416800669249,3.337003231048584,3.2835497627769947,-0.053453468271589255
4697.435990521713,3.2886831760406494,3.2748952826423174,-0.013787893398331974
4700.4421360172055,3.2683703899383545,3.2711846931525206,0.0028143032141660917
4704.461414410383,3.2686781883239746,3.2711455030300254,0.0024673147060507716
4708.476538319264,3.214202642440796,3.261289682522344,0.04708704008154818
4711.49168994524,2.946134328842163,3.220335000892795,0.27420067205063203
4715.521867700347,3.287452220916748,3.2752593725681862,-0.012192848348561824
4718.538048708364,3.3406965732574463,3.2844579551603568,-0.05623861809708952
4722.558240225779,3.1455698013305664,3.2497724437418256,0.1042026424112592
4726.573549300239,3.0166139602661133,3.2304571039229204,0.21384314365680712
4729.597557692356,3.3123815059661865,3.2798390650038924,-0.032542440962294084
4733.609834054874,3.2923765182495117,3.275855845135075,-0.0165206731144365
4736.635184416256,3.2649848461151123,3.270865051668434,0.0058802055533218045
4740.6592902031625,3.0141518115997314,3.2297360207022203,0.21558420910248888
4743.683361728661,3.094480037689209,3.2424179978946226,0.1479379602054136
4747.713426305636,3.33115553855896,3.283012422000629,-0.048143116558331034
4751.73669865495,3.267446994781494,3.2714296222696237,0.003982627488129609
4754.754848731463,3.059086322784424,3.236344767356921,0.17725844457249718
4758.771090563099,2.9095096588134766,3.2165553142253094,0.3070456554118328
4761.786198688635,3.3419275283813477,3.2848748498838907,-0.05705267849745699
4765.795444264,3.269293785095215,3.271841928388185,0.002548143292970373
4769.807587815449,3.2619071006774902,3.270440937635944,0.008533836958453556
4772.822721733279,3.2625226974487305,3.2705234252193534,0.008000727770622884
4776.849970330582,3.0283091068267822,3.2316964136870223,0.2033873068602401
4779.867173406412,2.8833491802215576,3.21338579403767,0.3300366138161124
4783.88132683207,2.600815773010254,3.1861514777383118,0.5853357047280578
4786.897447016465,3.2369778156280518,3.268369244909467,0.03139142928141503
4790.919723090261,3.361009359359741,3.289269859460184,-0.0717394998995573
4794.932856372907,3.3828611373901367,3.292502203472666,-0.09035893391747063
4797.944015967547,3.322537899017334,3.2820470370658255,-0.04049086195150853
4801.962454378816,3.258521795272827,3.270517329783864,0.011995534511036965
4804.971634126094,3.2591371536254883,3.2705608831695923,0.011423729544103978
4808.073864958278,3.2603683471679688,3.2706009603425885,0.010232613174619765
4812.090936377914,3.261291742324829,3.270642722752354,0.009350980427524913
4815.116065387509,3.2600605487823486,3.27032223942562,0.010261690643271315
4819.14033131762,2.8658063411712646,3.2108252412600313,0.3450189000887667
4822.152640016746,2.963677406311035,3.2228599744827537,0.2591825681717186
4826.167763925627,3.0083041191101074,3.2299074351834394,0.22160331607333195
4829.177801362948,3.003687620162964,3.2296685668241283,0.22598094666116442
4833.199028806721,3.319152593612671,3.2819837278228663,-0.037168865789804606
4837.210190326154,3.1277191638946533,3.2479947979118853,0.12027563401723196
4840.225489776625,3.316998243331909,3.281364078155405,-0.035634165176503974
4844.243646012488,3.3317711353302,3.2833386077643008,-0.04843252756589944
4847.258662902594,3.264677047729492,3.271228646923939,0.006551599194446922
4851.283026227487,3.2603683471679688,3.2704371435741306,0.010068796406161873
4854.301137038117,3.260983943939209,3.270481832584849,0.00949788864563983
4858.323244499599,3.0113818645477295,3.2294014282444143,0.21801956369668485
4862.352424824312,2.855342149734497,3.2102058442144648,0.3548636944799677
4865.376647253986,2.793480157852173,3.2038083033465794,0.41032814549440655
4869.388767322893,2.919973850250244,3.218711739087648,0.2987378888374037
4872.399116577511,2.9556753635406494,3.223678954080777,0.2680035905401277
4876.410233441635,3.15080189704895,3.2533690387789163,0.10256714172996606
4880.429347842008,3.2068161964416504,3.2625642813216302,0.05574808487997984
4883.430501950974,3.2572906017303467,3.271602103748955,0.014311502018608202
4887.448827954035,3.200045347213745,3.2612240129558234,0.06117866574207831
4890.454853727078,3.1104838848114014,3.245907796841512,0.13542391203011084
4894.474012782775,2.8307204246520996,3.2083909040453484,0.3776704793932488
4897.4861990647405,2.796557903289795,3.205002637151088,0.4084447338612929
4901.509459095345,2.913510799407959,3.2191316152005673,0.30562081579260836
4905.53174594801,3.3268468379974365,3.285109290939922,-0.04173754705751431
4908.539821631071,3.2779111862182617,3.276026499470122,-0.0018846867481396856
4912.555083740459,3.302532911300659,3.279940638360183,-0.022592272940476388
4915.575107030516,3.307457208633423,3.280496833041721,-0.026960375591702057
4919.586325908938,3.3056106567382812,3.279813464845012,-0.025797191893269122
4923.5995161656065,3.2800657749176025,3.2748749501168044,-0.005190824800798133
4926.618681380656,3.3902475833892822,3.293921451557043,-0.09632613183223926
4930.637031251215,3.302225112915039,3.2783394347642334,-0.023885678150805667
4933.645292484816,3.260676145553589,3.270841504188084,0.010165358634495192
4937.66225149624,3.2591371536254883,3.27050810930724,0.011370955681751838
4940.669372094468,3.2591371536254883,3.270486152470432,0.011348998844943559
4944.682699396766,3.0852468013763428,3.240544260251931,0.1552974588755882
4948.697859876807,2.735003709793091,3.198207920981768,0.4632042111886774
4951.719890731329,2.8971989154815674,3.216425857506219,0.3192269420246516
4955.737378292317,3.065549373626709,3.2398941529996144,0.17434477937290538
4958.755410571182,3.1138694286346436,3.2477818323614436,0.13391240372680002
4962.76943349553,3.1717302799224854,3.2574618383286023,0.0857315584061169
4966.7862477621275,2.9615230560302734,3.225071436231278,0.2635483802010046
4969.794978261518,3.1012508869171143,3.2460331273495324,0.14478224043241816
4973.822133313632,3.2862210273742676,3.2778430575659794,-0.0083779698082882
4976.8421689224015,3.2419021129608154,3.2698051303471884,0.02790301738637302
4980.862468613472,3.2311301231384277,3.2679021939715622,0.036772070833134496
4983.88155837643,3.1375677585601807,3.2513533606222147,0.11378560206203403
4987.9007174321305,3.1868112087249756,3.2596763506596775,0.07286514193470195
4991.917017392665,3.114792823791504,3.2471105508481566,0.13231772705665268
4994.945068245834,3.013228416442871,3.231753810715943,0.21852539427307205
4998.953257876947,2.939363479614258,3.2217887610761364,0.2824252814618786
5001.964676934371,3.079706907272339,3.2422992846770082,0.16259237740466936
5005.988708039109,3.1098685264587402,3.2471624485049713,0.13729392204623103
5009.9970250918595,3.2166647911071777,3.2655256248613025,0.048860833754124755
5013.008273227209,2.9418256282806396,3.2223863520900604,0.28056072380942076
5017.034358861481,3.103097438812256,3.246010731213674,0.14291329240141826
5020.051426046557,3.0030720233917236,3.2307804544693175,0.22770843107759386
5024.06890051892,3.2335922718048096,3.2681963511262717,0.034604079321462144
5027.085899951104,3.2151260375976562,3.2651865291500948,0.050060491552438524
5031.097867576002,3.0870933532714844,3.243489474036166,0.1563961207646818
5035.116227840474,3.1772701740264893,3.25887771973851,0.08160754571202089
5038.134230092484,3.1286425590515137,3.2499188421450684,0.12127628309355476
5042.152626928117,3.0486221313476562,3.237328752109465,0.18870662076180889
5045.167556432385,3.106482982635498,3.246318982160065,0.13983599952456682
5049.17403145332,3.0375423431396484,3.2352806321174374,0.197738288977789
5052.185160636145,3.129257917404175,3.2498547367571176,0.12059681935294275
5056.197096309388,3.1624972820281982,3.25586199024685,0.09336470821865195
5060.217402544778,3.16434383392334,3.256210386918097,0.0918665529947571
5063.2384475176805,3.1668059825897217,3.2565104725599117,0.08970448997018998
5067.249661391626,3.0793991088867188,3.241751956418642,0.16235284753192314
5070.2618465187115,3.149570941925049,3.253417267469825,0.10384632554477635
5074.277128261041,3.1458775997161865,3.2531880409371348,0.10731044122094824
5078.285183926204,3.202199697494507,3.262761544897687,0.06056184740318038
5081.299378542542,3.097865343093872,3.2448920345693355,0.14702669147546343
5085.311728047385,3.0790913105010986,3.2417744784538454,0.16268316795274673
5088.322714410195,3.1135616302490234,3.247427632620263,0.13386600237123947
5092.343930305175,3.031079053878784,3.2348161144716814,0.2037370605928972
5095.356090794841,2.9849135875701904,3.228167369406727,0.24325378183653656
5099.374397549924,3.068627119064331,3.2408687017592905,0.17224158269495948
5103.392480643459,3.059701919555664,3.2397423920451733,0.18004047248950927
5106.4127626263835,3.0203070640563965,3.234464952321911,0.21415788826551463
5110.438801295579,3.103097438812256,3.2471794280619637,0.14408198924970783
5113.44098132195,3.038465738296509,3.2370309123055465,0.19856517400903773
5117.474429309092,3.1698837280273438,3.2581541810303536,0.08827045300300984
5121.503384047464,3.1101763248443604,3.248094770618799,0.13791844577443868
5124.515538377782,2.9993786811828613,3.231173652331103,0.23179497114824166
5128.535746448459,2.726386070251465,3.1990310665427697,0.47264499629130485
5131.546019481073,3.249288558959961,3.2735915208846844,0.024302961924723476
5135.5660889662795,2.8122541904449463,3.2078985982537374,0.39564440780879107
5138.577263574345,2.9729104042053223,3.2282594747912174,0.2553490705858952
5142.594403516796,3.059086322784424,3.2410876091900294,0.18200128640560553
5146.6176377551055,3.158803939819336,3.2572007820338835,0.09839684221454759
5149.632790920918,3.3320789337158203,3.2870024381343437,-0.04507649558147664
5153.654188516844,3.273294687271118,3.2760680993918276,0.002773412120709473
5156.666177314521,3.1692681312561035,3.257843229284357,0.08857509802825358
5160.6743149760805,3.0664727687835693,3.241209201136865,0.1747364323532956
5164.697547674554,3.2151260375976562,3.2666850034273835,0.0515589658297273
5167.7106905811925,3.2511351108551025,3.272944308815079,0.0218091979599766
5171.726891222148,3.074474811553955,3.2422515952789093,0.1677767837249542
5174.736051721444,3.0723204612731934,3.241931905540964,0.16961144426777075
5178.761243479457,3.080630302429199,3.243663137634944,0.16303283520574485
5181.774396010085,3.1751158237457275,3.259603470190469,0.0844876464447415
5185.7916887815045,2.992300033569336,3.230368527396267,0.23806849382693107
5189.80779895695,3.2277445793151855,3.2690443759319994,0.04129979661681382
5192.8289636523,3.229283571243286,3.269281768275924,0.03999819703263796
5196.84150332721,3.173884868621826,3.2594426978088373,0.08555782918701116
5199.8643025611345,3.153264045715332,3.2559475968882055,0.10268355117287342
5203.8774608661515,3.1101763248443604,3.2487910156827637,0.1386146908384034
5207.886915859566,3.147416591644287,3.2552016526119445,0.10778506096765739
5210.899907092109,3.0843234062194824,3.2447362829563335,0.16041287673685112
5214.91201484231,3.0606250762939453,3.241009294597025,0.1803842183030797
5217.913167411436,3.0994043350219727,3.247240287955175,0.14783595293320229
5221.934728615201,2.954444169998169,3.2253457507591814,0.27090158076101245
5224.945685721072,3.2569828033447266,3.2743961466055946,0.017413343260868075
5228.964723514488,3.089555501937866,3.2451376135187724,0.15558211158090618
5232.9805942450475,3.240670919418335,3.2713794545963646,0.030708535178029628
5235.990616668943,3.1751158237457275,3.259607516138227,0.08449169239249965
5239.991898199543,3.216972589492798,3.2669381837044393,0.049965594211641484
5243.0119707644335,3.1018664836883545,3.247232340703885,0.1453658570155305
5247.0319544036465,3.2397477626800537,3.2708071302990644,0.031059367619010736
5250.04197297795,3.088632345199585,3.2449282011538916,0.15629585595430662
5254.072011377673,3.389939785003662,3.296209949401232,-0.09372983560243009
5258.0820950101515,3.0932488441467285,3.2454162599275005,0.15216741578077198
5261.102068640419,3.0750904083251953,3.2422149028647382,0.16712449453954292
5265.112275075018,3.0720126628875732,3.2418004271352845,0.16978776424771125
5268.132130522674,3.068934917449951,3.24142866605008,0.17249374860012878
5272.152251207521,3.0701661109924316,3.241342120027127,0.1711760090346952
5276.182301156034,3.2105095386505127,3.265443632461424,0.0549340938109113
5279.202205108606,3.2452876567840576,3.2711772612326913,0.02588960444863364
5283.232253517279,3.3379266262054443,3.287106490052209,-0.05082013615323522
5286.2522356166555,3.2736024856567383,3.2757147384350302,0.0021122527782919676
5290.272275075018,3.3145360946655273,3.2823068653289718,-0.03222922933655559
5293.292470826986,3.377936840057373,3.2930367080269596,-0.08490013203041347
5297.302349275982,3.2800657749176025,3.276023710190966,-0.004042064726636596
5301.322346003832,3.246826410293579,3.269915454158478,0.02308904386489896
5304.3323896005095,3.246210813522339,3.2698815948204816,0.023670781298142707
5308.342442436213,3.246210813522339,3.2697969163852414,0.023586102862902525
5311.342493250886,2.9913766384124756,3.228392677672279,0.23701603925980352
5315.382502874876,3.174192428588867,3.2584284027753903,0.08423597418652307
5319.402543873079,3.3182291984558105,3.2832572126733326,-0.034971985782477955
5322.412550128673,3.2249746322631836,3.266515396444267,0.04154076418108321
5326.4325868923115,2.924898147583008,3.220244014229792,0.2953458666467843
5329.43261306957,3.23451566696167,3.2692221643228256,0.03470649736115572
5333.4326450212175,3.292992115020752,3.278985548079252,-0.014006566941500154
5336.4526852495,3.247134208679199,3.2707304514429234,0.023596242763724184
5340.482714795155,3.062164068222046,3.239317220440118,0.17715315221807204
5344.512733176973,3.0695505142211914,3.241484733475394,0.1719342192542026
5347.53275993167,3.2883753776550293,3.278681300587805,-0.00969407706722425
5351.532793808114,3.2572906017303467,3.2726792547309396,0.015388653000592889
5354.552867912844,3.091710090637207,3.244046502977608,0.15233641234040096
5358.592897554736,2.915972948074341,3.219519757429123,0.3035468093547822
5362.602876478191,3.318844795227051,3.283971275828934,-0.03487351939811667
5365.602902270493,3.264061689376831,3.2740817017116566,0.010020012334825523
5369.623042973231,3.238208770751953,3.2693869212089224,0.031178150456969256
5372.642935377018,3.2388243675231934,3.2694451120961645,0.030620744572971148
5376.64299312096,3.1252570152282715,3.249539809895893,0.12428279466762149
5379.653019009496,2.9055087566375732,3.2182234236740292,0.312714667036456
5383.653049036355,2.8654985427856445,3.214145967737124,0.3486474249514795
5387.663089168389,3.2123560905456543,3.268124856885123,0.05576876633946881
5390.673178575264,3.2951464653015137,3.281826944498611,-0.013319520802902662
5394.703231988413,3.3526995182037354,3.290734009613999,-0.06196550858973637
5397.723165967836,3.3120737075805664,3.2834336557682446,-0.028640051812321765
5401.724417856545,3.235438823699951,3.269605551763424,0.034166728063472984
5405.7244759854475,3.2363622188568115,3.2696090696955546,0.033246850838743125
5408.074495137189,3.2369778156280518,3.2696157339781315,0.032637918350079786
5412.097197844669,3.238208770751953,3.2696283516792786,0.03141958092732544
5415.107037797705,3.237285614013672,3.269386293125466,0.03210067911179415
5419.12954908183,2.9233593940734863,3.2193004720802687,0.2959410780067824
5422.129568329816,3.235131025314331,3.2708857419031396,0.03575471658880858
5426.129599896503,2.9969165325164795,3.2314007713007245,0.23448423878424496
5430.1496324255895,2.9787580966949463,3.2291633531001165,0.2504052564051702
5433.149659757724,3.240978717803955,3.2718469101438847,0.030868192339929656
5437.169694596574,3.1932742595672607,3.262711419488223,0.06943715992096244
5440.179709706241,3.1926586627960205,3.2626633468070203,0.0700046840109998
5444.189745988682,3.3348488807678223,3.2870834398057474,-0.04776544096207491
5447.1997730320945,3.2652926445007324,3.274582360704069,0.009289716203336518
5451.229804502545,3.2369778156280518,3.269536817262754,0.032559001634702156
5455.229827600124,3.237593412399292,3.269551656995957,0.031958244596665075
5458.239858878096,3.015690565109253,3.23229587354484,0.21660530843558723
5462.260014209303,2.826411724090576,3.2087653268165677,0.3823536027259915
5465.269917680678,2.834105968475342,3.210094860965511,0.3759888924901693
5469.289939430899,2.989222288131714,3.230960623377663,0.241738335245949
5473.2900198874595,2.9304380416870117,3.2231425798850273,0.29270453819801556
5476.310011995785,3.1871190071105957,3.2638076011399137,0.07668859402931805
5480.330146924134,3.2311301231384277,3.27082005916729,0.03968993602886206
5483.350166364595,3.182810068130493,3.262215668301812,0.07940560017131881
5487.380097360579,3.176039218902588,3.260504798412237,0.08446557950964895
5490.40012219048,3.1464931964874268,3.255421949962968,0.1089287534755412
5494.420155104526,2.840261220932007,3.211554219330017,0.37129299839801
5498.4402946523915,2.7697818279266357,3.2043653434190733,0.43458351549243757
5501.460210538717,2.776860475540161,3.2055282925110866,0.4286678169709255
5505.481598895611,3.167729377746582,3.261053875157319,0.093324497410737
5508.501623340548,3.27544903755188,3.279130618747889,0.0036815811960089206
5512.521646245645,3.2837588787078857,3.280111993120377,-0.003646885587508919
5516.551597259528,3.2837588787078857,3.2796635413829978,-0.004095337324887982
5519.561573873234,3.2742180824279785,3.2776663358121096,0.003448253384131128
5523.58170033247,3.298839569091797,3.281500655977167,-0.01733891311462976
5526.601645475723,3.2625226974487305,3.2750256720171738,0.012502974568443292
5530.611710245179,3.2920687198638916,3.2796134219162236,-0.012455297947667976
5533.6316854152865,3.2443642616271973,3.2710445332937814,0.026680271666584154
5537.641772897361,3.2360544204711914,3.269542701089541,0.03348828061834963
5541.661785023589,3.2363622188568115,3.269530575212883,0.03316835635607163
5544.661964414776,3.214510440826416,3.265563592345136,0.05105315151871981
5548.67183708938,2.6663708686828613,3.193231143994071,0.5268602753112095
5551.6718563373615,2.6608309745788574,3.19333597158295,0.5325049970040925
5555.681881840937,2.946134328842163,3.2252124466183067,0.27907811777614366
5559.701925918813,3.088632345199585,3.2468267046206347,0.15819435942104976
5562.701950556235,3.1455698013305664,3.2564904937432004,0.11092069241263403
5566.711990688273,3.0400044918060303,3.239391423692739,0.19938693188670875
5569.712000697222,2.9261293411254883,3.2229908419988234,0.29686150087333507
5573.712038038306,3.2274367809295654,3.271215584140178,0.04377880321061278
5576.7120622907605,3.1861956119537354,3.263519834122892,0.0773242221691568
5580.7321021340795,3.076936960220337,3.2446588662183276,0.16772190599799064
5584.752132738373,3.112022876739502,3.2502940301539125,0.13827115341441054
5587.772179510965,3.1926586627960205,3.2641997293434373,0.07154106654741677
5591.802180954564,3.2277445793151855,3.270195150252012,0.04245057093682636
5594.822200395029,2.764241933822632,3.2031468801261607,0.43890494630352883
5598.842241008264,3.1194093227386475,3.251887547020326,0.13247822428167844
5602.862273922317,3.05385422706604,3.241649593240191,0.18779536617415094
5605.882301061971,3.1197171211242676,3.2525511485433256,0.13283402741905803
5609.902330896341,3.0116896629333496,3.2350606887510445,0.22337102581769486
5612.932363906628,3.0843234062194824,3.246290616388073,0.16196721016859073
5616.952394125961,3.0778603553771973,3.245501741351374,0.16764138597417677
5619.9724070221055,3.036311149597168,3.238973831716169,0.20266268211900096
5623.992491135788,3.313304901123047,3.28637386046931,-0.02693104065373708
5628.022503743214,3.1892733573913574,3.2647591010387824,0.075485743647425
5631.033899703067,3.170807123184204,3.2615370877799275,0.09072996459572336
5635.053893351225,3.1347978115081787,3.255274705266408,0.12047689375822923
5638.073803078198,3.080322504043579,3.246041659629862,0.1657191555862827
5642.083847444792,3.098173141479492,3.2489524495050732,0.15077930802558104
5645.113863516857,3.240670919418335,3.2746153209113675,0.03394440149303257
5649.1341824559095,3.2135872840881348,3.269763842496644,0.056176558408509436
5653.154059846263,3.103713035583496,3.2496723642001255,0.1459593286166294
5656.174077746888,3.100327491760254,3.2494189421521975,0.1490914503919436
5660.183937332866,3.051392078399658,3.2409379339862534,0.1895458555865952
5663.193995558009,3.088940143585205,3.2468874762532387,0.15794733266803362
5667.224008550398,3.1754236221313477,3.2621022070345185,0.08667858490317082
5671.234030589334,3.123718023300171,3.2529144269312833,0.1291964036311124
5674.23408794832,2.9639852046966553,3.227689712450667,0.2637045077540119
5678.244115761652,3.191119909286499,3.264938927770226,0.07381901848372685
5681.244137319394,3.1424920558929443,3.2560773062853623,0.11358525039241796
5685.26418332207,3.141261100769043,3.25602633719953,0.11476523643048697
5688.274204206129,3.12341046333313,3.252937216583684,0.12952675325055418
5692.2942105579605,2.9208972454071045,3.2220216609532715,0.301124415546167
5696.294282160452,2.9584453105926514,3.227452458816108,0.26900714822345684
5699.2943141120995,3.0609328746795654,3.24340623043428,0.18247335575471446
5703.304321137613,2.9963011741638184,3.2333702105126902,0.2370690363488719
5706.304351549425,2.615280866622925,3.1897145585368083,0.5744336919138835
5710.314382827393,3.155726194381714,3.2598830768793334,0.10415688249761956
5714.324590801836,3.0107662677764893,3.236126146573768,0.2253598787972786
5717.3544436510165,3.1606507301330566,3.2606096926790853,0.09995896254602865
5721.364422189516,3.0633950233459473,3.243999406690252,0.18060438334430495
5724.374568185456,2.895352363586426,3.219619655414406,0.3242672918279803
5728.394765862224,2.864267349243164,3.216383288913547,0.3521159396703828
5731.414583583839,2.8334903717041016,3.213164628311745,0.37967425660764365
5735.434577232008,2.8824257850646973,3.2181808102428926,0.33575502517819533
5739.444626218119,2.9439799785614014,3.2273182338519244,0.28333825529052303
5742.454793386834,2.939979076385498,3.2266698398419695,0.2866907634564715
5746.474666157683,3.127103567123413,3.255989264276182,0.12888569715276876
5749.484698205568,3.2274367809295654,3.273126174195137,0.04568939326557153
5753.495028212208,3.3643949031829834,3.2957550680424403,-0.06863983514054306
5757.5149533375625,3.140953302383423,3.2571407457866983,0.11618744340327547
5760.534783377891,2.9092018604278564,3.2214826959918286,0.3122808355639721
5764.534819179131,3.0110740661621094,3.2362921186790787,0.22521805251696936
5767.534843431589,3.1114072799682617,3.2523671800707614,0.1409599001024997
5771.534878847873,3.1775779724121094,3.2634516058409453,0.08587363342883592
5774.534898480819,3.1751158237457275,3.2634281446294757,0.08831232088374819
5778.536179241499,3.0150749683380127,3.2370529339285072,0.22197796559049454
5782.546318693119,3.1452620029449463,3.2588571660224117,0.11359516307746542
5785.566217256259,3.0840156078338623,3.2484579735581196,0.1644423657242573
5789.586265183731,3.0166139602661133,3.2378088630603497,0.22119490279423637
5792.606432448691,3.1391067504882812,3.2579258926237475,0.1188191421354663
5796.626390680569,3.181886911392212,3.265327794117507,0.08344088272529504
5800.6564668063365,3.12341046333313,3.2551604163129415,0.13174995297981162
5803.676386157298,3.080322504043579,3.2480119121554973,0.16768940811191824
5807.696415991668,3.056931972503662,3.2442252295768617,0.18729325707319955
5810.7164354321285,3.015382766723633,3.2375864535058367,0.22220368678220392
5814.736471810818,2.971679449081421,3.231032897259211,0.25935344817778994
5817.746515792449,3.129873514175415,3.2567221137242734,0.1268485995488584
5821.756513963894,3.092017650604248,3.250089540521789,0.15807188991754106
5825.766530613397,3.226205825805664,3.2739397751659203,0.04773394936025621
5828.776580369424,3.179424524307251,3.265095093501242,0.08567056919399096
5832.776620020271,2.916588544845581,3.2233461266506427,0.30675758180506163
5835.777927343162,3.2366700172424316,3.275094387988754,0.038424370746322545
5839.807874892413,3.1083295345306396,3.25251313447423,0.1441835999435903
5842.807948419701,3.05416202545166,3.2433439971428952,0.18918197169123507
5846.8179766179965,3.1320278644561768,3.2563331981431585,0.12430533368698171
5850.828021754514,3.059086322784424,3.2440159381345235,0.18492961535009966
5853.848031955942,3.2043540477752686,3.2689400808652445,0.0645860330899759
5857.858071703024,3.1692681312561035,3.262298677187641,0.09303054593153748
5860.858094415642,3.0637028217315674,3.2444330374523727,0.18073021572080528
5864.868124153774,3.112638473510742,3.2528113997318324,0.14017292622109023
5868.878154276867,3.0409278869628906,3.2409800346469892,0.20005214768409862
5871.878186613474,3.038465738296509,3.240613147425929,0.2021474091294202
5875.908204995292,3.035695791244507,3.2402656059258144,0.20456981468130753
5878.928237909342,3.23451566696167,3.2740222892911026,0.039506622329432695
5882.948266588832,3.238208770751953,3.27421349181423,0.0360047210622767
5885.968303352478,3.293299913406372,3.2834622047305997,-0.009837708675772383
5889.988340501084,3.325923442840576,3.2888530419207025,-0.03707040091987368
5894.00833337933,3.308072805404663,3.285414281179032,-0.022658524225631194
5897.018366197139,3.2197425365448,3.2695736209062414,0.04983108436144157
5901.058529420021,3.2243592739105225,3.2703199159634844,0.04596064205296191
5904.078433757553,3.217588186264038,3.2690677628553164,0.05147957659127833
5908.0886582852545,3.217895984649658,3.2690441766861795,0.05114819203652132
5912.0984882293415,3.0470831394195557,3.2400693805212595,0.19298624110170381
5915.098524800505,2.884888172149658,3.217982568965776,0.33309439681611774
5919.098558676949,3.2480576038360596,3.2752867757896063,0.027229171953546683
5922.108620751693,3.2689859867095947,3.278675789091277,0.009689802381682266
5926.138633359118,2.9445955753326416,3.225420449431742,0.2808248740991006
5929.148642309432,3.0673961639404297,3.2450389246611318,0.17764276072070206
5933.158669352844,3.272679090499878,3.2798842948261813,0.007205204326303338
5937.168768383708,3.217280387878418,3.2698768663001205,0.052596478421702564
5940.18872507575,3.1166393756866455,3.252018495250921,0.13537911956427529
5944.218750001888,2.878117084503174,3.2174204351236604,0.33930335062048655
5947.22877781522,3.217280387878418,3.270941626978419,0.05366123910000109
5951.238817562302,3.255444049835205,3.2769449593247515,0.021500909489546416
5955.2488503801105,3.062779426574707,3.243205314823096,0.18042588824838912
5958.25887049425,2.9128952026367188,3.221880498968115,0.30898529633139615
5962.268899847422,3.281912326812744,3.282815643641017,0.0009033168282730486
5965.288931221628,3.252366304397583,3.2768538704485266,0.0244875660509436
5969.298964039441,3.2071239948272705,3.268668486250234,0.0615444914229637
5972.308981073904,3.208355188369751,3.268709053673449,0.06035386530369813
5976.309024574344,3.208970546722412,3.268697678317724,0.059727131595312066
5980.339060664308,2.875962734222412,3.217536607940691,0.34157387371827896
5983.359072020616,2.881502628326416,3.2194221692089884,0.33791954088257237
5987.369099833948,2.870115041732788,3.219256797175471,0.349141755442683
5990.379267387627,3.199429750442505,3.2701266920788306,0.07069694163632567
5994.40918375515,3.3000707626342773,3.2865130025651097,-0.013557760069167646
5998.429145836624,3.280988931655884,3.282490710130716,0.0015017784748323493
6001.429339856273,3.211740493774414,3.2700386396495236,0.05829814587510951
6005.439251026841,3.205277442932129,3.2687418277851754,0.06346438485304651
6008.439276434179,3.20620059967041,3.268774232165841,0.06257363249543069
6012.0955610142955,3.2074317932128906,3.268796250753587,0.06136445754069619
6015.09558295699,3.208355188369751,3.268822144721317,0.06046695635156585
6019.129369323648,3.1332590579986572,3.2552821671721235,0.12202310917346626
6023.149392613705,3.2040462493896484,3.270472283469674,0.06642603408002534
6026.149423410476,2.9381322860717773,3.227103783017866,0.2889714969460888
6030.169459404202,2.875962734222412,3.2186071248106156,0.3426443905882035
6033.179492991931,3.204969644546509,3.2711313926569865,0.0661617481104777
6037.199507812875,3.211740493774414,3.271254443442221,0.05951394966780699
6040.199538224682,3.197275400161743,3.2688965048773095,0.07162110471556637
6044.2096784462265,3.3099193572998047,3.287930525044932,-0.02198883225487247
6048.229604341501,3.2335922718048096,3.2739756842968255,0.040383412492015935
6051.249656118569,3.205277442932129,3.2688810590232755,0.06360361609114662
6055.271014448612,3.20620059967041,3.26888265879328,0.06268205912286984
6058.290929949977,3.2043540477752686,3.2684635507639905,0.06410950298872198
6062.3209556460315,2.9347469806671143,3.225473834228622,0.29072685356150796
6066.341002418627,2.8008666038513184,3.20956257701829,0.4086959731669717
6069.361132342499,2.832566976547241,3.2140596384474955,0.3814926619002543
6073.371159000952,2.8458011150360107,3.215841178759198,0.3700400637231871
6076.401075368474,2.9762959480285645,3.233946170468621,0.25765022244005653
6080.4212141464195,3.194197654724121,3.269798872814689,0.07560121809056808
6083.441130802661,3.086170196533203,3.250565911035806,0.1643957145026027
6087.471224636571,3.170191526412964,3.2647184650170615,0.09452693860409767
6091.491200961555,3.111715078353882,3.254574413998874,0.1428593356449923
6094.511327420794,2.884888172149658,3.2202547334186455,0.33536656126898734
6098.531382662499,2.7864015102386475,3.209290798943104,0.4228892887044564
6101.551378235465,2.7537777423858643,3.2061752614810013,0.45239751909513704
6105.571445795875,3.027693748474121,3.2432348464105627,0.2155410979364416
6109.59145137779,3.2385165691375732,3.278413778720893,0.03989720958331988
6112.621475918968,3.2360544204711914,3.277548115343653,0.041493694872461795
6116.6414749565665,3.2385165691375732,3.277354656542175,0.03883808740460193
6119.661431263652,3.2474420070648193,3.2785886145226057,0.031146607457786413
6123.691458114587,3.2883753776550293,3.285222103701768,-0.0031532739532611487
6126.701496321828,3.2215893268585205,3.2732855695581047,0.05169624269958417
6130.72154463426,3.2779111862182617,3.282554111253833,0.004642925035571288
6134.751527984758,3.2098939418792725,3.270350118955104,0.06045617707583162
6137.761558492806,3.2015841007232666,3.268840067800379,0.06725596707711246
6141.791656176312,3.2018918991088867,3.2688177844595288,0.06692588535064203
6144.811729511122,3.202507495880127,3.2688078623414176,0.06630036646129067
6148.821842400532,2.7553164958953857,3.2043609118439953,0.44904441594860955
6152.861712284179,2.6223597526550293,3.1925228269411483,0.570163074286119
6155.871732783282,2.9581375122070312,3.2315732389245984,0.2734357267175671
6159.901850484683,3.007072925567627,3.239220520835886,0.232147595268259
6162.921770220604,2.9858367443084717,3.235803095453998,0.24996635114552612
6166.94180736921,2.8297970294952393,3.2144753724551682,0.384678342959929
6169.961824114955,3.042466640472412,3.24510065247172,0.20263401199930797
6173.98186780787,3.0347723960876465,3.243941060090629,0.2091686640029824
6177.991850965882,3.147724151611328,3.262533557024727,0.11480940541339901
6181.001899951996,3.200045347213745,3.271716485957329,0.071671138743584
6185.011941238918,3.1541874408721924,3.263511150813012,0.10932370994081975
6188.011971265765,3.1375677585601807,3.260706448392428,0.1231386898322473
6192.012007836933,3.2135872840881348,3.273922180664746,0.060334896576611285
6196.022029490909,2.7248473167419434,3.20232378121999,0.4774764644780465
6199.02205605312,2.9332079887390137,3.2280635836540497,0.294855594915036
6203.022089159647,2.896275520324707,3.2231540747482734,0.3268785544235664
6206.032108503874,2.9735260009765625,3.2343422155501496,0.26081621457358706
6210.042145941199,3.0286169052124023,3.24263078674762,0.21401388153521772
6213.052171059808,3.063087224960327,3.248337167510053,0.18524994254972604
6217.0622096520165,3.03908109664917,3.2446636341990476,0.20558253754987765
6221.072237080392,2.9963011741638184,3.238013634935964,0.24171246077214548
6224.0824150279805,2.9907612800598145,3.2372099324817287,0.24644865242191427
6228.102442552594,3.0400044918060303,3.2446203821408233,0.204615890334793
6231.122414643018,3.0935566425323486,3.253752595714323,0.16019595318197455
6235.132337747331,3.092017650604248,3.2540104908765057,0.1619928402722577
6238.142450636744,3.042158842086792,3.2448732041346755,0.2027143620478835
6242.172379707932,3.0581629276275635,3.2478531981566476,0.18969027052908416
6246.182446402188,3.2018918991088867,3.2736368163122505,0.07174491720336373
6249.182486437989,2.9735260009765625,3.233885244546558,0.2603592435699955
6253.212523297872,3.1686527729034424,3.267117434849708,0.09846466194626569
6256.232520795635,3.027385950088501,3.2425533731684073,0.21516742307990633
6260.2425486089705,3.0846312046051025,3.2518438398516256,0.16721263524652308
6264.242577095982,3.0498530864715576,3.245950095287002,0.19609700881544434
6267.252616843067,3.0664727687835693,3.2488509929189,0.18237822413533067
6271.262646196232,3.1698837280273438,3.267388600445524,0.09750487241818018
6274.264074011498,3.1720380783081055,3.267640134946605,0.09560205663849963
6278.28394370266,2.9944543838500977,3.2373180437119853,0.24286365986188763
6281.283970264874,3.120640516281128,3.258265711641942,0.13762519536081408
6285.294007317236,3.0843234062194824,3.2521406766972754,0.16781727047779293
6289.294037729051,3.0840156078338623,3.2520773369064297,0.16806172907256745
6292.30405437855,3.0990965366363525,3.2548925713223626,0.1557960346860101
6296.325343800825,3.0144596099853516,3.2413319190781316,0.22687230909278
6299.345359391689,2.8922746181488037,3.2232370307158247,0.33096241256702097
6303.365410783797,3.05354642868042,3.2482322119610894,0.19468578328066943
6307.375415499551,2.5740396976470947,3.1887578682611304,0.6147181706140357
6310.375458999992,3.26159930229187,3.286066116539688,0.024466814247817936
6314.385484503568,2.9325926303863525,3.229521806041365,0.2969291756550123
6317.395506157543,3.17911696434021,3.27065151336126,0.09153454902105018
6321.405537820476,3.083400249481201,3.253433568619063,0.17003331913786202
6324.415569483404,3.0021486282348633,3.239937266759917,0.23778863852505383
6328.425599991457,2.767935276031494,3.208811986433367,0.4408767104018727
6332.445658697798,2.790710210800171,3.21219816372993,0.42148795292975905
6335.465650036211,3.1027896404266357,3.2572446162623363,0.15445497583570056
6339.468185765272,2.749776840209961,3.207138837534529,0.45736199732456795
6342.468280465342,2.989837884902954,3.2395724790999125,0.24973459419695843
6346.478242065619,2.995377779006958,3.2399736543295004,0.24459587532254234
6350.4882683391115,3.1874265670776367,3.272377728201568,0.0849511611239313
6353.489545635151,3.240363121032715,3.280905036991366,0.04054191595865131
6357.489577586803,3.1695759296417236,3.268209149681911,0.09863322004018737
6360.499610019659,3.0818612575531006,3.2529112968266007,0.17105003927350015
6364.519636774345,3.0498530864715576,3.248366368716189,0.19851328224463138
6367.539770932777,3.071704864501953,3.251716084883104,0.18001122038115103
6371.559690668699,3.118485927581787,3.2593456303879336,0.14085970280614646
6375.589729838339,3.1363368034362793,3.2627704876003167,0.12643368416403744
6378.6098516780585,2.9587531089782715,3.2336398654138714,0.2748867564355999
6382.629782192849,2.968909502029419,3.2353065722317575,0.2663970702023386
6385.649809717466,3.0433900356292725,3.247428049003005,0.2040380133737325
6389.66855147692,2.99783992767334,3.2401536042301777,0.2423136765568379
6393.668598441993,3.0994043350219727,3.257019826429881,0.15761549140790843
6396.678645888263,3.0021486282348633,3.2405339139305234,0.2383852856956601
6400.688672931679,3.082476854324341,3.2539331277215156,0.17145627339717473
6403.698704594608,2.9815280437469482,3.2373097817231473,0.2557817379761991
6407.718733659061,3.0760135650634766,3.2532546215383835,0.17724105647490696
6410.738759643838,2.9969165325164795,3.2399141265966067,0.24299759408012722
6414.748791306771,2.9556753635406494,3.2333924822947018,0.27771711875405236
6418.758821814816,3.089247703552246,3.25579398599162,0.16654628243937397
6421.768850398068,3.051084280014038,3.249056698202505,0.197972418188467
6425.788875612925,2.9409022331237793,3.2318483172599004,0.2909460841361211
6428.798934607985,3.1569573879241943,3.267172464880291,0.11021507695609678
6432.828965693476,3.1640360355377197,3.268689886787267,0.10465385124954718
6435.838955395808,3.0193839073181152,3.2436948854229133,0.22431097810479805
6439.838989657219,3.030155897140503,3.244899074196562,0.21474317705605905
6443.849038643326,3.0150749683380127,3.242233310682413,0.22715834234440013
6446.869048459797,3.128950357437134,3.261897346815121,0.1329469893779871
6450.889067900258,3.132335662841797,3.2624627923285257,0.13012712948672878
6453.8891017767055,3.0209226608276367,3.2433163217450725,0.22239366091743573
6457.889133728357,3.1812713146209717,3.2704644009720267,0.08919308635105505
6461.919164428888,3.024000406265259,3.2434588994334517,0.21945849316819288
6464.929196861733,3.0729360580444336,3.251890703265511,0.1789546452210775
6468.959309943624,3.1421844959259033,3.264177151672425,0.12199265574652163
6471.979254316961,3.1406455039978027,3.264131235516471,0.12348573151866837
6475.99937384692,3.068319320678711,3.251614471853301,0.18329515117458994
6479.0193139857,3.1406455039978027,3.2641385085472265,0.1234930045494238
6483.0393592184555,3.2449798583984375,3.281801677291596,0.03682181889315839
6487.059536492365,3.2560596466064453,3.282995910891173,0.026936264284727507
6490.089392421221,3.2683703899383545,3.2848875550607994,0.016517165122444943
6494.110675299184,3.217588186264038,3.2752682889803584,0.05768010271632029
6497.130697049401,3.185580015182495,3.2687830460158604,0.08320303083336533
6501.150843526539,3.1895811557769775,3.2695363647010556,0.07995520892407804
6505.170794444188,3.182810068130493,3.268284845272818,0.08547477714232476
6508.190800411059,3.182502269744873,3.268268827657578,0.08576655791270493
6512.220821487601,3.0141518115997314,3.2391986446940617,0.22504683309433027
6515.2408182154395,2.8501100540161133,3.2170389432937774,0.3669288892776641
6519.26099009992,3.2095861434936523,3.274483892440739,0.06489774894708678
6522.280902136641,3.231745719909668,3.277895749937796,0.0461500300281279
6526.30104014467,2.978450298309326,3.234574869175046,0.2561245708657198
6530.330969215858,3.0286169052124023,3.2441808478572005,0.21556394264479817
6533.350993275832,3.2394399642944336,3.280247372473491,0.04080740817905726
6537.371029269561,3.1806557178497314,3.2692493849862165,0.08859366713648509
6540.401046496507,3.1692681312561035,3.2670467824855844,0.09777865122948093
6544.41133030799,2.852572202682495,3.2179691668898394,0.36539696420734424
6548.431107993805,3.1785013675689697,3.2702290958729705,0.09172772830400078
6551.461146778485,3.2339000701904297,3.2792835284802537,0.04538345828982404
6555.481180077488,3.1726536750793457,3.268010078975499,0.09535640389615319
6558.511193069884,2.9390556812286377,3.2299672147237484,0.2909115334951107
6562.531382662499,3.1492631435394287,3.2663510271220044,0.11708788358257571
6565.532503664934,3.2357466220855713,3.2803670873044206,0.044620465218849326
6569.542510305488,3.1686527729034424,3.2679640804359993,0.0993113075325569
6573.563790873686,3.170191526412964,3.2680069004223973,0.09781537400943341
6576.573832545568,3.1717302799224854,3.268040773544578,0.09631049362209243
6580.583868828009,2.8005588054656982,3.2118517437419083,0.41129293827621005
6583.583891925584,2.460780143737793,3.180084691774657,0.719304548036864
6587.603920605081,2.3838374614715576,3.1748637340451484,0.7910262725735908
6591.613957657446,3.152340888977051,3.268000583066401,0.1156596940893504
6594.62405514847,3.2625226974487305,3.2860544215689393,0.023531724120208874
6598.634082191886,3.2449798583984375,3.282191618574328,0.03721176017589034
6601.654031569698,3.1988141536712646,3.2737382056327724,0.07492405196150775
6605.654059671746,3.1637282371520996,3.2675060416371746,0.10377780448507501
6608.654106636826,3.16495943069458,3.2675931594466965,0.1026337287521164
6612.096844037933,3.1661903858184814,3.267683266387661,0.10149288056917971
6616.096956061185,3.167729377746582,3.267773365490023,0.10004398774344114
6619.116938545521,3.1664981842041016,3.267471900251129,0.10097371604702765
6623.156936620722,2.76208758354187,3.208001035570044,0.445913452028174
6626.156967417493,2.7716283798217773,3.2092158610398878,0.4375874812181104
6630.1670021600985,2.936901330947876,3.232062378199764,0.29516104725188796
6633.17704229214,3.0415432453155518,3.2499540298030567,0.20841078448750494
6637.197048643979,3.1745002269744873,3.271789949914945,0.09728972294045768
6641.217078863305,3.149878740310669,3.267700773373805,0.1178220330631361
6644.228349326317,3.2656004428863525,3.2874218806782287,0.021821437791876175
6648.228379353164,3.217588186264038,3.2780827851455516,0.06049459888151354
6651.248411882254,3.1612660884857178,3.267868398444281,0.10660230995856335
6655.258560572915,3.162189483642578,3.267893143491418,0.10570365984883967
6659.268473668271,3.1609582901000977,3.2674936743840797,0.10653538428398202
6662.268498305693,2.975064992904663,3.23683334166936,0.2617683487646971
6666.278533048298,2.883964776992798,3.2253389006838615,0.3413741236910637
6669.288718695079,2.6879148483276367,3.2025401730863035,0.5146253247586667
6673.318588482485,2.8153319358825684,3.2181465471617408,0.4028146112791724
6676.318778652541,2.855342149734497,3.2242436159793426,0.36890146624484554
6680.338600608713,3.1086373329162598,3.2649057852133456,0.15626845229708586
6684.348663838329,3.0255393981933594,3.2494465080588926,0.2239071098655332
6687.358700890694,3.1634206771850586,3.2734399790026307,0.11001930181757213
6691.378731110024,3.0523152351379395,3.253600947712534,0.20128571257459438
6694.378759981999,2.925821542739868,3.233229389519157,0.3074078467792889
6698.37883543409,2.7168452739715576,3.2076842295542853,0.4908389555827277
6702.388828216088,2.6762194633483887,3.2047877754259515,0.5285683120775628
6705.388884805157,2.9242827892303467,3.2388069823531787,0.314524193122832
6709.398873737569,3.1640360355377197,3.278521936909458,0.11448590137173831
6712.418903956899,3.141568899154663,3.273659183570545,0.13209028441588178
6716.428926765759,3.173884868621826,3.2782801641393933,0.1043952955175671
6719.428958717406,3.170191526412964,3.277072317640629,0.10688079122766503
6723.438982681142,3.1975831985473633,3.2812147511101797,0.0836315525628164
6727.469026085339,3.15080189704895,3.2723425429704145,0.1215406459214643
6730.479040040129,3.2474420070648193,3.2884888248596242,0.0410468177948049
6734.479071221856,3.1581883430480957,3.272352760429424,0.11416441738132832
6737.499215389238,3.1344900131225586,3.268105020255719,0.13361500713316055
6741.519135510112,3.1341824531555176,3.267936981542845,0.13375452838732738
6745.539163804646,3.1347978115081787,3.267917091143983,0.1331192796358045
6748.550612119005,2.806098699569702,3.216693344659186,0.41059464508948373
6752.570450243482,2.559882164001465,3.1926513202398192,0.6327691562383544
6755.580479981611,2.838106870651245,3.225695918647669,0.3875890479964239
6759.6104902792795,2.8482632637023926,3.227523363879076,0.3792601001766833
6762.62054734955,2.9587531089782715,3.244698853531495,0.2859457445532234
6766.620581610954,2.8910434246063232,3.234012207935122,0.34296878332879865
6770.640776977969,2.9449033737182617,3.244140239295822,0.29923686557756035
6773.670644070658,2.9353625774383545,3.2430796001089197,0.3077170226705652
6777.690677754621,3.0313868522644043,3.2585365068979217,0.22714965463351744
6780.710696425162,2.9698328971862793,3.2476544072575426,0.2778215100712633
6784.730738578241,3.021538257598877,3.2565197686528524,0.23498151105397547
6788.7407290504925,3.036618947982788,3.2595074816085807,0.22288853362579264
6791.750788815476,3.0230770111083984,3.2569754412686356,0.23389843016023715
6795.7508238468,3.1754236221313477,3.283611966957475,0.10818834482612738
6798.7708444421405,2.785170316696167,3.221435710854597,0.43626539415843
6802.770875238912,2.893197774887085,3.2381219102019765,0.3449241353148915
6805.770900646246,2.8796560764312744,3.2366408337626753,0.3569847573314009
6809.770968014182,3.0529308319091797,3.2663276524634037,0.21339682055422404
6813.782214609699,2.9445955753326416,3.247675415058721,0.3030798397260792
6816.792230489278,2.989837884902954,3.2563477590649255,0.26650987416197136
6820.802282170109,2.8738083839416504,3.2374572740775074,0.363648890135857
6823.822442120836,2.9384400844573975,3.2487697704602225,0.31032968600282507
6827.842346073408,2.8947367668151855,3.2409364505588845,0.3461996837436989
6830.862457134259,2.8356447219848633,3.232082970079202,0.3964382480943387
6834.882630943528,3.0575473308563232,3.269477646942376,0.21193031608605262
6838.912419889417,2.9796814918518066,3.256362611605358,0.2766811197535515
6841.932440869714,2.9270527362823486,3.2472880387542835,0.3202353024719349
6845.952472243924,2.840876817703247,3.234566448947004,0.393689631243757
6848.972528255552,2.898737668991089,3.243584222613533,0.3448465536224443
6853.002502367017,2.826103925704956,3.2324252173564303,0.40632129165147424
6857.023805647834,2.954751968383789,3.253239380820985,0.2984874124371961
6860.043833172451,2.9507510662078857,3.2531696288203102,0.3024185626124245
6864.055072453724,2.951366424560547,3.2535177459029883,0.3021513213424414
6867.0750922791485,2.9525976181030273,3.2538194445453454,0.3012218264423181
6871.085145499819,2.8602664470672607,3.2389236161974626,0.37865716913020186
6874.085206323438,2.931053638458252,3.2506692568449878,0.3196156183867358
6878.095227592457,2.9242827892303467,3.250436733570284,0.3261539443399375
6882.105263874902,2.980297088623047,3.260088049092153,0.27979096046910623
6885.105279273288,2.87226939201355,3.2420816812722624,0.36981228925871257
6889.125320656451,2.953828811645508,3.25692910173034,0.3031002900848323
6892.136591119459,2.8827335834503174,3.244752735308231,0.36201915185791345
6896.14663163646,2.807945489883423,3.234388428793764,0.42644293891034124
6900.156651750596,2.7140753269195557,3.22168959883537,0.5076142719158145
6903.156675618098,2.7193074226379395,3.2230262517219557,0.5037188290840162
6907.1568700227035,2.8017899990081787,3.236367342476856,0.4345773434686775
6910.166740002594,2.228105306625366,3.1754340198870388,0.9473287132616726
6914.176810546451,2.8713462352752686,3.250157252154303,0.3788110168790344
6917.188179559118,2.8427233695983887,3.2465803700004496,0.40385700040206096
6921.218077833539,2.835336923599243,3.244434039592731,0.40909711599348775
6925.228276568945,2.7894792556762695,3.237919024913416,0.44843976923714646
6928.248126627168,2.598353624343872,3.212807957510722,0.6144543331668499
6932.278165796812,2.5084846019744873,3.205704549185473,0.6972199472109857
6935.298192936469,3.015690565109253,3.2837305403552643,0.2680399752460114
6939.328333735448,2.656830072402954,3.2262145898919794,0.5693845174890253
6943.35825664728,2.721461772918701,3.238139640557052,0.516677867638351
6946.368394559075,2.88735032081604,3.2669441263274823,0.3795938055114423
6950.398332484332,2.915972948074341,3.2713985946610316,0.35542564658669074
6953.408340664726,2.9707560539245605,3.2789883099960075,0.308232256071447
6957.438375214853,2.747006893157959,3.238619372178337,0.49161247902037797
6960.458383106521,2.744852304458618,3.2388176568989824,0.4939653524403642
6964.479681382865,2.601431131362915,3.220174862217465,0.61874373085455
6968.499809381941,2.7928645610809326,3.2497826658793434,0.4569181047984108
6971.519739511768,2.8968911170959473,3.267571223041431,0.3706801059454836
6975.539766651425,2.7023799419403076,3.2355346615412492,0.5331547196009416
6978.559790326442,2.6352860927581787,3.226439666481306,0.5911535737231275
6982.579821700652,2.671602964401245,3.233623728215841,0.562020763814596
6986.609852401187,2.735619306564331,3.245562733168791,0.50994342660446
6989.619829399842,2.642364740371704,3.232177784702833,0.5898130443311289
6993.639885796427,2.656522274017334,3.2349905363733833,0.5784682623560493
6996.649882812992,2.679912805557251,3.2386027993761477,0.5586899938188967
7000.670195977647,2.5931215286254883,3.2264683425177454,0.6333468138922571
7003.690096465583,2.626976251602173,3.2322049419086403,0.6052286903064674
7007.710232163852,2.52510404586792,3.2197558108794584,0.6946517650115385
7011.740039587799,2.6414413452148438,3.237399944288165,0.5959585990733212
7014.750262960624,2.778707265853882,3.26158623808628,0.48287897223239806
7018.780112345172,2.501405715942383,3.2212915604286203,0.7198858444862375
7021.80029808819,2.6900691986083984,3.250254075994804,0.5601848773864058
7025.830122065399,2.5875816345214844,3.236272672426927,0.6486910379054427
7028.840314641453,2.76208758354187,3.2650985310469296,0.5030109475050595
7032.8604106888815,2.551264524459839,3.231596795728948,0.6803322712691093
7036.890319742168,2.6082022190093994,3.2413707004841985,0.6331684814747991
7039.9202826898,2.758394241333008,3.265832669579424,0.5074384282464162
7043.93029741451,2.72053861618042,3.2602273385946052,0.5396887224141853
7046.932836608212,2.629746198654175,3.246784549597858,0.617038350943683
7050.934116983932,2.571885347366333,3.2379307590330333,0.6660454116667003
7054.94414941678,2.586966037750244,3.2412137945647244,0.6542477568144802
7057.945547205189,2.648212432861328,3.2496428485239868,0.6014304156626586
7061.965449232961,2.700225591659546,3.2594625646986826,0.5592369730391367
7064.975481665813,2.5583434104919434,3.2383433381576463,0.6799999276657029
7068.975514387381,2.5438780784606934,3.237915992714811,0.6940379142541175
7071.975535175199,2.531259536743164,3.237539459593675,0.706279922850511
7075.975589454505,2.5207953453063965,3.2374383601774217,0.7166430148710252
7079.9956011957765,2.665447473526001,3.261906169670971,0.5964586961449698
7082.995623523435,2.7103819847106934,3.267810218646285,0.5574282339355916
7087.015818120522,2.8221027851104736,3.2840607272482387,0.4619579421377651
7090.035688581611,2.758702039718628,3.2725937261555424,0.5138916864369145
7094.055718800944,2.81717848777771,3.2793386963707314,0.4621602085930214
7098.075764033696,2.828873872756958,3.2792290467577376,0.4503551740007796
7101.097121208866,2.793787956237793,3.2729842554475352,0.47919629920974227
7105.127159993546,2.759009838104248,3.2668704332139464,0.5078605951096984
7108.137076553547,2.759317636489868,3.266845866334533,0.5075282298446648
7112.16711495327,2.7042267322540283,3.2569577470011053,0.552731014747077
7115.177130062937,2.4035346508026123,3.215798644814217,0.8122639940116048
7119.197134489972,2.7303872108459473,3.2710751260947437,0.5406879152487964
7123.207180396406,2.782400369644165,3.2766630732589332,0.4942627036147682
7126.20721966229,2.601123571395874,3.2454206935596317,0.6442971221637577
7130.217245550823,2.4210777282714844,3.225961836660826,0.8048841083893414
7133.218550179001,2.729463815689087,3.275727264100148,0.5462634484110609
7137.248557781953,2.7260782718658447,3.2717035800872223,0.5456253082213776
7141.258598683915,2.6934547424316406,3.265639647799403,0.5721849053677626
7144.268623417571,2.417076587677002,3.2253407904172633,0.8082642027402613
7148.299894458018,2.5761940479278564,3.2579136653326897,0.6817196174048332
7151.309917266881,2.721153974533081,3.279131414782288,0.557977440249207
7155.319995124963,2.6663708686828613,3.2674015070513325,0.6010306383684711
7158.339970680026,2.429387331008911,3.232022028567858,0.8026346975589469
7162.35125654142,2.183170795440674,3.2120305620534975,1.0288597666128236
7166.361297058422,2.6719107627868652,3.2783789867007513,0.6064682239138861
7169.371318712401,2.6171276569366455,3.26763272425646,0.6505050673198145
7173.37134104006,2.6115877628326416,3.26623942643268,0.6546516636000383
7176.381377707461,2.6143577098846436,3.266339845325152,0.6519821354405084
7180.401477989446,2.340749502182007,3.227230119153884,0.8864806169718773
7184.041438723565,1.9994317293167114,3.208676652160193,1.2092449228434816
