time_s,voltage_exp_V,voltage_sim_V,residual_V
0.0,3.5539913177490234,3.483809970729677,-0.07018134701934642
3.0091493354630074,3.5536835193634033,3.483814910037508,-0.06986860932589511
7.028423494086383,3.5521445274353027,3.4838046391272783,-0.0683398883080244
11.05558124091749,3.5515291690826416,3.483818139656295,-0.06771102942634677
14.068704129655089,3.5512213706970215,3.4838207415739846,-0.0674006291230369
18.075055193587104,3.463813066482544,3.453041252126342,-0.010771814356202114
22.09513122311273,3.4487318992614746,3.4430762473327556,-0.005655651928718974
25.10626541041438,3.4394986629486084,3.4381004646289757,-0.0013981983196327263
29.10962418316376,3.4287266731262207,3.432599380008284,0.003872706882063426
33.12765145755384,3.4191854000091553,3.4278583230479773,0.008672923038822056
36.1397926992413,3.412722110748291,3.4246357978690956,0.01191368712080454
40.14897937578735,3.4050278663635254,3.420661764632521,0.015633898268995416
44.183193047629175,3.3219285011291504,3.3914462857567256,0.06951778462757519
47.20139855832622,3.3080785274505615,3.3833190604423953,0.07524053299183375
51.2095604723454,3.295151948928833,3.3756643909851425,0.08051244205630947
55.22275534853361,3.283764123916626,3.3693449023594217,0.08558077844279577
58.234908908928446,3.51859712600708,3.4378837024296516,-0.0807134235774285
62.253198340823474,3.5306003093719482,3.454831434264144,-0.07576887510780406
66.28131001761176,3.458888530731201,3.436964477609121,-0.021924053122080345
70.29559355962556,3.4595041275024414,3.4363696200803577,-0.023134507422083672
73.30072237674085,3.4598119258880615,3.436866423201648,-0.022945502686413377
77.31386220370132,3.460735321044922,3.4375775126262678,-0.023157808418654113
81.33031768793262,3.38132905960083,3.410536937522463,0.029207877921632708
84.33931727410072,3.375173568725586,3.404995149075731,0.029821580350144927
88.36741778705982,3.3684024810791016,3.4003010287701496,0.03189854769104805
92.39991222920526,3.3625547885894775,3.3965466291052127,0.03399184051573512
95.41877178630875,3.3588614463806152,3.394061125200923,0.035199678820307945
99.43197397672884,3.3539371490478516,3.3910628758528616,0.03712572680501003
103.45346165320916,3.349320411682129,3.388280671848057,0.03896026016592824
106.47432838981058,3.265913248062134,3.3636906157047424,0.09777736764260858
110.49760073912239,3.2560644149780273,3.3556949503914426,0.09963053541341527
114.51073017217277,3.2480621337890625,3.350229226719657,0.10216709293059445
117.53286458082766,3.4776628017425537,3.416030642356441,-0.06163215938611266
121.56212536210296,3.48720383644104,3.4293185673035103,-0.05788526913752978
125.5832750440295,3.337625026702881,3.3850848830312454,0.04745985632836458
128.59441616060576,3.3333160877227783,3.3799659669896114,0.04664987926683306
132.61295427642017,3.329007148742676,3.3763300605200595,0.04732291177738368
136.62882885657382,3.3250062465667725,3.373597506726334,0.0485912601595615
140.65827518838978,3.3222360610961914,3.3712306078669254,0.048994546770734004
143.67243746812073,3.3200817108154297,3.3696144023862047,0.049532691570775
147.6883736418149,3.3173117637634277,3.3675744689643823,0.05026270520095455
151.71697537220825,3.3142340183258057,3.3656591684351644,0.051425150109358775
154.7258617802454,3.312079668045044,3.3642839286339554,0.05220426058891148
158.7429308901228,3.309925079345703,3.362514896331927,0.05258981698622378
162.7581406449999,3.3074629306793213,3.360804807617352,0.05334187693803072
165.77836372910406,3.3059239387512207,3.3595721463327997,0.053648207581578955
169.80949233449155,3.2255945205688477,3.33634116164659,0.11074664107774224
173.8316629293504,3.2194390296936035,3.331254095012583,0.11181506531897956
176.8428302231805,3.215745687484741,3.328493952037722,0.1127482645529807
180.85902970925872,3.441037654876709,3.3922206581460657,-0.048816996730643325
184.87631670628525,3.4490396976470947,3.401051853017292,-0.047987844629802545
187.8854440990499,3.4536564350128174,3.4053656662721448,-0.04829076874067262
191.9015931554186,3.3788669109344482,3.385545646142721,0.00667873520827289
195.92679492238221,3.3797903060913086,3.3845430434453743,0.0047527373540656725
199.94398991405797,3.3804056644439697,3.3845306676418785,0.004125003197908761
202.965134591509,3.38102126121521,3.3846360416084966,0.003614780393286665
206.98730557132876,3.3022308349609375,3.3605634461947744,0.05833261123383693
211.01251272772788,3.2991530895233154,3.356537183085286,0.057384093561970495
214.02467360235642,3.297614097595215,3.354554783098279,0.05694068550306408
218.04785086664106,3.294844150543213,3.3523413191514075,0.05749716860819465
222.0712390888002,3.292689800262451,3.3504460956639672,0.057756295401516056
225.0833583877893,3.2914586067199707,3.3491529167101985,0.05769430999022784
229.1004421261323,3.28961181640625,3.347553353678382,0.05794153727213214
233.10663343181932,3.2877652645111084,3.346061119377377,0.05829585486626865
236.1189017101833,3.286534070968628,3.3450038934725823,0.05846982250395438
240.1369936577903,2.7590065002441406,3.2435183802371865,0.4845118799930459
244.16425418884228,2.7300755977630615,3.2321249803245804,0.5020493825615189
247.18188649465446,2.7177646160125732,3.2280093771202916,0.5102447611077183
251.20453020489458,2.9390554428100586,3.2524726661854477,0.31341722337538913
255.23076058398328,2.934438705444336,3.251658945796997,0.31722024035266116
258.2520095854952,2.931668758392334,3.250734225153442,0.31906546676110814
262.2790907253602,2.9279754161834717,3.2495585102856173,0.3215830941021456
266.30825834640564,2.9248976707458496,3.2485049828308465,0.32360731208499693
270.3335101581224,2.9224355220794678,3.2476016206760514,0.32516609859658363
273.35163713705515,3.455810785293579,3.3578710827139244,-0.09793970257965467
277.36584445706285,3.4678139686584473,3.3637682855565405,-0.10404568310190676
281.3830406036168,3.1705026626586914,3.291882808394852,0.12138014573616074
284.4012164724227,3.16896390914917,3.2906293129253985,0.12166540377622859
288.4223915616849,3.1683483123779297,3.2898556314267537,0.12150731904882406
292.4435893635655,3.1680405139923096,3.2892863926835187,0.12124587869120917
295.46184953853026,3.1677327156066895,3.2889085385841286,0.12117582297743912
299.4839442963421,3.1674249172210693,3.2884391404403464,0.12101422321927702
303.50321037081267,3.1674249172210693,3.287996761201604,0.12057184398053478
306.52364672255044,3.167117118835449,3.28767814284793,0.12056102401248081
310.5374952601842,3.167117118835449,3.287270921310363,0.1201538024749138
314.56080610545996,3.6290886402130127,3.3902734665307914,-0.23881517368222127
317.5859224113874,3.6377062797546387,3.395542106122389,-0.24216417363224974
321.6100589950629,3.341010570526123,3.3313695688469256,-0.009641001679197458
325.63625434282585,3.340394973754883,3.3301638234098423,-0.010231150345040518
328.6544779466258,3.340394973754883,3.3299291299350586,-0.010465843819824183
332.6907746350098,3.340394973754883,3.32980185629126,-0.010593117463622903
336.7138471902754,3.341010570526123,3.329756774426863,-0.01125379609926025
340.7350168901039,3.341318368911743,3.3297443666986943,-0.011574002213048828
343.7411639254333,3.3419337272644043,3.329744872293267,-0.012188854971137086
347.75747620468246,3.3422415256500244,3.3297513706990935,-0.012490154950930865
351.7635635712704,3.3422415256500244,3.329760750465036,-0.012480775184988246
354.7807223767404,3.3425493240356445,3.3297683093926667,-0.012781014642977873
358.78907908033216,3.3428571224212646,3.3297700495889746,-0.013087072832290048
362.01609334255045,3.343472719192505,3.3297931556575975,-0.013679563534907402
365.0379267127764,3.343472719192505,3.3297919110461494,-0.013680808146355528
369.0613126251792,3.343780517578125,3.3297994019842942,-0.01398111559383075
373.0784783599229,3.344088315963745,3.329805938700896,-0.014282377262849089
376.0945454198891,3.3443961143493652,3.32981021867393,-0.014585895675435445
380.11576015999435,3.266836643218994,3.309484707820941,0.0426480646019467
384.14594753909296,3.2652976512908936,3.3085543449030124,0.04325669361211881
387.1670895218267,3.263758659362793,3.308097218302911,0.044338558940117956
391.1873364734274,3.263143301010132,3.3075869273909873,0.04444362638085542
395.19951274644063,3.2616043090820312,3.307152789479303,0.045548480397271884
399.21269068440506,3.26037335395813,3.306760894072875,0.04638754011474511
402.23994467114335,3.26037335395813,3.306502636060406,0.04612928210227629
406.2610851140389,3.1831214427948,3.2881803096862496,0.10505886689144983
410.2783247610314,3.180351495742798,3.287259911774373,0.10690841603157519
413.28854543913803,3.1785049438476562,3.2867733767337546,0.10826843288609833
417.315645442025,3.4022579193115234,3.343194206137751,-0.05906371317377257
421.3389639864927,3.409029006958008,3.345072261308152,-0.06395674564985576
424.3534661855738,3.41210675239563,3.3460008136716866,-0.06610593872394332
428.3751944618216,3.337625026702881,3.3268449557570428,-0.010780070945838105
432.4094866654268,3.337932825088501,3.3266517431239593,-0.011281081964541695
435.4297547898068,3.3388559818267822,3.3266427743658404,-0.012213207460941788
439.4576990091564,3.3394715785980225,3.326665507403347,-0.012806071194675361
443.4800401411303,3.2628355026245117,3.3066100307037973,0.04377452807928561
446.49405305652635,3.2616043090820312,3.3060153484905284,0.04441103940849711
450.5122693460926,3.26037335395813,3.305503800973386,0.04513044701525626
454.53945404009755,3.2594499588012695,3.3051092469683567,0.0456592881670872
457.5526084955245,3.2588343620300293,3.3048497521514673,0.04601539012143796
461.5718060471818,3.257910966873169,3.304532606297756,0.04662163942458708
465.60200728482596,3.1815826892852783,3.286387361243513,0.10480467195823451
469.61622884834014,3.1785049438476562,3.2856316380566337,0.10712669420897747
472.6407184399941,3.1766581535339355,3.285229197522792,0.10857104398885653
476.66155707454163,3.174811601638794,3.2847802557517616,0.10996865411296763
480.68584571727024,3.406566619873047,3.3407904691104973,-0.06577615076254961
483.6955251421414,3.409336805343628,3.3420730584617697,-0.06726374688185821
487.72207580764007,3.258526563644409,3.3036975443779664,0.04517098073355719
491.7554071520153,3.2569878101348877,3.3031215034498946,0.04613369331500694
494.7634304805688,3.2566800117492676,3.302895408074961,0.04621539632569327
498.7906744583561,3.2557566165924072,3.30264571017627,0.04688909358386262
502.81601789046454,3.255448818206787,3.3024321826267515,0.046983364419964424
505.83904733025156,3.254833221435547,3.3022785792900535,0.04744535785450665
509.85621729955164,3.2542176246643066,3.3021040893075533,0.04788646464324664
513.8774278050996,3.2542176246643066,3.301926128077807,0.0477085034135003
516.8845664964292,3.2539100646972656,3.3018041310844195,0.04789406638715388
520.9037621232874,3.2532944679260254,3.3016475823201854,0.04835311439416001
524.9131320406177,3.2532944679260254,3.3015050760267566,0.04821060810073119
528.9321671393118,3.2529866695404053,3.3013606405379994,0.04837397099759411
531.9423477816172,3.175427198410034,3.2837547734350094,0.10832757502497525
535.9645191463951,3.1732726097106934,3.2832410069084994,0.10996839719780604
539.9857146385184,3.171733856201172,3.2829118960335206,0.11117803983234875
543.0060281881342,3.401026725769043,3.338204564204046,-0.06282216156499709
547.0250444238063,3.4056434631347656,3.339540063983277,-0.06610339915148877
551.0472708378111,3.332700490951538,3.32084458997606,-0.011855900975477951
554.0668853007446,3.332700490951538,3.3208372947352602,-0.01186319621627785
558.0806141159355,3.3336238861083984,3.3209024626565142,-0.012721423451884206
562.0968332349557,3.334547281265259,3.3209602390725834,-0.01358704219267537
565.1162382798511,3.2600655555725098,3.301565277456853,0.041499721884343366
569.1421730099455,3.257910966873169,3.301126754985195,0.043215788112025866
573.1565462475528,3.2563722133636475,3.300862641110687,0.04449042774703971
576.1756641125667,3.2557566165924072,3.300701514223843,0.04494489763143594
580.1967237139406,3.255141019821167,3.300516322573052,0.04537530275188484
584.2113922155822,3.2542176246643066,3.300361673277075,0.04614404861276844
587.2240670113124,3.2542176246643066,3.3002440687276393,0.04602644406333267
591.2542871119795,3.2536022663116455,3.3001074740871235,0.04650520777547795
595.2723963827702,3.2529866695404053,3.299981586175224,0.04699491663481892
599.2806795590723,3.252371072769165,3.2998641816808285,0.04749310891166347
602.2858268542495,2.7177646160125732,3.2173726087683043,0.4996079927557311
606.3110871350773,2.702991485595703,3.21653054058563,0.513539054989927
610.3272870061164,2.9221277236938477,3.241934391014634,0.31980666732078644
613.3474119255152,2.920588970184326,3.2419368827837425,0.3213479125994163
617.361864079845,2.9181265830993652,3.2418863563496654,0.32375977325030014
621.3848161427477,2.9156644344329834,3.2418470797715813,0.32618264533859787
624.3940547888442,2.914433240890503,3.241832851154271,0.3273996102637682
628.4131033611256,2.912278890609741,3.241818036218066,0.329539145608325
632.4373346448701,2.9104323387145996,3.241819451657711,0.3313871129431112
635.4424796302892,3.4478087425231934,3.3475597874683043,-0.10024895505488907
639.4768515205369,3.458272933959961,3.3495212799533887,-0.10875165400657227
643.4959231903958,3.158191680908203,3.2802877132347854,0.12209603232658228
646.5030364743907,3.157576084136963,3.2801495809778247,0.12257349684086183
650.5323399861845,3.157576084136963,3.2800727822720512,0.12249669813508834
654.5494244944466,3.157576084136963,3.280017991762476,0.12244190762551321
657.5667053321185,3.157576084136963,3.279993866547197,0.12241778241023393
661.5787961440947,3.157576084136963,3.279957715439256,0.12238163130229296
665.5959576442829,3.157883882522583,3.2799304111274665,0.12204652860488352
669.620345606595,3.157883882522583,3.279893011758386,0.1220091292358032
672.6275004662293,3.157883882522583,3.279870787159656,0.12198690463707296
676.6465555828236,3.6226253509521484,3.3773039541916727,-0.2453213967604757
680.6727597846584,3.6318585872650146,3.37944315963881,-0.2524154276262047
683.6758929710659,3.3302383422851562,3.316768275323424,-0.01347006696173203
687.6932804425542,3.3302383422851562,3.3165022311836454,-0.01373611110151085
691.7164615564343,3.3302383422851562,3.3163984424765456,-0.013839899808610667
694.7254418946222,3.3305461406707764,3.3163515028171657,-0.014194637853610637
698.7476444411295,3.3311617374420166,3.316325444920996,-0.014836292521020589
702.7768571024517,3.3314695358276367,3.316304193731487,-0.015165342096149725
705.7810081221132,3.3317770957946777,3.31629314654858,-0.015483949246097861
709.7923028375799,3.332084894180298,3.316274943410776,-0.01580995076952174
713.8114326363429,3.332700490951538,3.316274801815811,-0.016425689135727062
716.8325615304502,3.332700490951538,3.316270683654337,-0.016429807297201116
720.8417732293738,3.333008289337158,3.316274116332126,-0.016734173005032105
724.0308486583826,3.3333160877227783,3.316271842305164,-0.017044245417614512
728.0514901936012,3.3333160877227783,3.3162622152233014,-0.017053872499476874
731.070155731054,3.3339316844940186,3.3162610063545914,-0.01767067813942713
735.0804106705673,3.3339316844940186,3.316259829986745,-0.017671854507273377
739.0977792790345,3.2588343620300293,3.2973816105544325,0.038547248524403166
742.1107420245662,3.2569878101348877,3.2972408057560774,0.04025299562118967
746.1159520681631,3.255448818206787,3.297127658150372,0.04167883994358501
750.1382650980831,3.2542176246643066,3.2970306785433943,0.042813053879087626
753.1503886316286,3.2532944679260254,3.2969761431836426,0.043681675257617236
757.1715152159777,3.252678871154785,3.296915313700339,0.0442364425455537
761.1830031811769,3.252063274383545,3.2968648876548254,0.044801613271280516
764.196847099297,3.251755475997925,3.2968321563112566,0.045076680313331785
768.2110490298692,3.1741960048675537,3.2798279099196925,0.10563190505213882
772.2266518285251,3.1714260578155518,3.2797018207327593,0.10827576291720753
775.2384204292939,3.1701948642730713,3.2796547535841283,0.10945988931105699
779.2626051329225,3.3967177867889404,3.3334922662557664,-0.06322552053317398
783.2858636236888,3.4019501209259033,3.3341095083706014,-0.06784061255530194
786.2969735585339,3.329314947128296,3.315673303074643,-0.013641644053652868
790.3191541623437,3.329314947128296,3.3157018414681723,-0.013613105660123637
794.3353467191482,3.3302383422851562,3.315734730345999,-0.014503611939157057
798.3495659729042,3.3308539390563965,3.3157763162488267,-0.015077622807569746
801.3617164536226,3.3314695358276367,3.315797372605149,-0.015672163222487878
805.3772272469287,3.2545254230499268,3.297012025885827,0.04248660283590011
809.3931626507028,3.2532944679260254,3.296874964599513,0.04358049667348762
812.4082630770454,3.252678871154785,3.2968129661938703,0.044134095039085164
816.431562758492,3.251755475997925,3.2967345469424565,0.044979070944531685
820.44762866358,3.2508320808410645,3.2966788700974163,0.04584678925635188
823.4638601013075,3.2505245208740234,3.296644294621395,0.04611977374737153
827.475077824849,3.1735804080963135,3.2796596254123918,0.10607921731607828
831.5012142737887,3.1708104610443115,3.2795523983297263,0.10874193728541481
834.5163770635918,3.16957950592041,3.27950009036729,0.10992058444688002
838.5317230941764,3.3945634365081787,3.333279936498481,-0.06128350000969762
842.5477266358048,3.400718927383423,3.3338735296008686,-0.06684539778255427
845.5709139090404,3.4031810760498047,3.3341763757404506,-0.06900470030935413
849.5941315940845,3.2511398792266846,3.296883410610767,0.04574353138408238
853.610316451698,3.2502167224884033,3.296726667201941,0.04650994471353753
856.6144655465623,3.249601125717163,3.296656640836205,0.047055515119041935
860.6397381460984,3.248985528945923,3.2965875008727172,0.047601971926794384
864.6569200491458,3.2486777305603027,3.2965356086481714,0.04785787808786868
868.6740815493331,3.2480621337890625,3.296494632590311,0.048432498801248336
871.6992925553295,3.2480621337890625,3.2964759703132476,0.04841383652418507
875.7164609847905,3.2477543354034424,3.2964470698140564,0.04869273441061406
879.7455935745102,3.2474467754364014,3.2964156085899265,0.04896883315352518
882.7509448982892,3.2474467754364014,3.2964066100629146,0.04895983462651321
886.7629729618466,3.2471389770507812,3.2963877123397234,0.049248735288942136
890.7851551054946,3.1705026626586914,3.279497145769999,0.10899448311130744
893.8043180107843,3.16896390914917,3.2794302996396407,0.1104663904904708
897.8195223762268,3.167117118835449,3.279374450207311,0.112257331371862
901.8427273576044,3.1652705669403076,3.2793370907134554,0.11406652377314774
904.851872843471,3.3961024284362793,3.3327352216730723,-0.06336720676320695
908.8793793637251,3.4004111289978027,3.3333456987314163,-0.06706543026638645
912.8883292901019,3.326545000076294,3.3151009937532496,-0.01144400632304432
915.903435490839,3.3274683952331543,3.3151325494898463,-0.012335845743308038
919.9197720225447,3.3280839920043945,3.315179074330884,-0.012904917673510319
923.9419522413946,3.329007148742676,3.315225534661428,-0.013781614081247895
927.9581886835977,3.2529866695404053,3.2965887673265124,0.04360209778610713
930.9782924302172,3.251755475997925,3.29650296895391,0.04474749295598501
934.9923911916103,3.2508320808410645,3.296426539815184,0.04559445897411951
939.0107141149938,3.249908924102783,3.29637854827998,0.04646962417719669
942.0198780789224,3.249293327331543,3.2963462800115426,0.04705295267999965
946.0339360345943,3.2486777305603027,3.2963044868923124,0.047626756332009634
950.0523043832136,3.2483699321746826,3.29628363480676,0.04791370263207728
953.0634786063174,3.2480621337890625,3.2962593737606904,0.04819723997162795
957.0845178048312,3.2474467754364014,3.2962398172628586,0.04879304182645727
961.1088530276747,3.2471389770507812,3.29622346418505,0.049084487134268606
964.1268190934834,2.708839178085327,3.2161656410839403,0.5073264629986132
968.1610369998807,2.694681406021118,3.2162020446772197,0.5215206386561015
972.1782400757083,2.9153566360473633,3.2414945473760923,0.32613791132872905
975.1873740127867,2.913817882537842,3.241555228283226,0.32773734574538427
979.2106621454432,2.9110476970672607,3.2416137162636476,0.33056601919638684
983.2297934840444,2.908277750015259,3.241672912133142,0.333395162117883
986.2429510191478,2.9067389965057373,3.241716165762277,0.33497716925653975
990.2611411314592,2.9045844078063965,3.2417756448747768,0.3371912370683803
994.2664208527494,3.429957628250122,3.3459740000319718,-0.08398362821815031
998.2855425673588,3.446577548980713,3.347496700834954,-0.0990808481457588
1001.2976934330372,3.4533486366271973,3.348317759390751,-0.10503087723644633
1005.3048690804908,3.1511127948760986,3.2796682415211746,0.128555446645076
1009.3233051820052,3.1511127948760986,3.27956795302885,0.12845515815275155
1012.3443563142673,3.1511127948760986,3.279525621254951,0.12841282637885243
1016.3576555145137,3.1508049964904785,3.2794827895433363,0.12867779305285776
1020.3867515330685,3.1511127948760986,3.2794643322265986,0.12835153735049998
1023.3957980843115,3.1511127948760986,3.279445214169722,0.12833241929362327
1027.422215168821,3.1511127948760986,3.2794384060134005,0.1283256111373019
1031.4413091663373,3.1511127948760986,3.279423790708457,0.12831099583235828
1034.4585261007105,3.604466438293457,3.374900970001633,-0.229565468291824
1038.4846467663065,3.6195476055145264,3.376632380194589,-0.24291522531993737
1042.5047816946562,3.326852798461914,3.3151215989688305,-0.011731199493083544
1045.5199290860728,3.3250062465667725,3.3149882973479032,-0.010017949218869227
1049.5401013555056,3.3250062465667725,3.3149014183297103,-0.010104828237062158
1053.5524050501563,3.3253138065338135,3.314851791002684,-0.010462015531129687
1057.5725003276639,3.3259294033050537,3.3148196781761667,-0.011109725128886971
1060.5826101373978,3.326545000076294,3.3148024938674987,-0.011742506208795245
1064.6119667736202,3.327160596847534,3.314785337430611,-0.012375259416923079
1068.637115416157,3.3274683952331543,3.3147728845246633,-0.012695510708490954
1071.6473249304336,3.3277761936187744,3.314765883058514,-0.013010310560260585
1075.6695883005632,3.3280839920043945,3.3147587234186067,-0.013325268585787864
1079.6877114298995,3.3283917903900146,3.3147535046117396,-0.013638285778275083
1082.0198384280811,3.3286993503570557,3.31474385519413,-0.01395549516292549
1086.053105361595,3.329314947128296,3.314740619088644,-0.014574328039651974
1090.0721878103222,3.329622745513916,3.3147382886456453,-0.014884456868270668
1093.0873544497208,3.329930543899536,3.31474430938416,-0.01518623451537593
1097.1146242198038,3.3305461406707764,3.3147430732463743,-0.015803067424402073
1101.1307467139577,3.2539100646972656,3.296321263006131,0.042411198308865306
1104.1450506588308,3.2529866695404053,3.2962476240230627,0.04326095448265743
1108.154107603984,3.2511398792266846,3.296165978935149,0.045026099708464606
1112.1703132494176,3.249908924102783,3.296112751312918,0.04620382721013483
1115.1904570318375,3.249293327331543,3.296082258255393,0.046788930923849836
1119.2077421040658,3.2486777305603027,3.2960507754279194,0.04737304486761662
1123.2308951158939,3.2477543354034424,3.2960270684067243,0.04827273300328194
1127.2491745388397,3.171733856201172,3.279375058499773,0.10764120229860108
1130.2604099705231,3.16927170753479,3.2793257560368154,0.11005404850202538
1134.292465173734,3.166809320449829,3.279284471552079,0.1124751511022497
1138.313572510102,3.1649627685546875,3.279259428655526,0.11429666010083839
1141.3238967423486,3.3942556381225586,3.331860563111163,-0.06239507501139574
1145.3389613674453,3.3988723754882812,3.3324043170373,-0.06646805845098136
1149.3494122514094,3.3256216049194336,3.3144310109555404,-0.011190593963893214
1152.3604721415031,3.3259294033050537,3.3144637955428218,-0.011465607762231933
1156.3825156996854,3.326545000076294,3.3144992333276937,-0.01204576674860025
1160.4056945038083,3.327160596847534,3.3145342964603337,-0.012626300387200473
1163.4209639274268,3.252678871154785,3.2962416535213004,0.04356278236651523
1167.4350334318879,3.2505245208740234,3.2961572440766416,0.04563272320261813
1171.4583727641757,3.249293327331543,3.296098362168342,0.04680503483679921
1174.4675043914958,3.2486777305603027,3.2960590983434495,0.04738136778314672
1178.4846974583734,3.2477543354034424,3.2960260456961494,0.04827171029270705
1182.4998229070916,3.2471389770507812,3.296008347735078,0.048869370684296864
1185.526984888479,3.246523380279541,3.295994013301705,0.04947063302216392
1189.548289709136,3.16865611076355,3.279375437595651,0.1107193268321014
1193.5594724013508,3.165886163711548,3.279309323431498,0.1134231597199502
1197.576585396626,3.1643471717834473,3.279273806113963,0.11492663433051575
1200.5977381582297,3.392409086227417,3.331837748264639,-0.06057133796277814
1204.6170554323307,3.3973333835601807,3.3323569322113857,-0.06497645134879493
1208.646276562764,3.2483699321746826,3.2961518102288165,0.04778187805413392
1211.670401597651,3.246831178665161,3.29609080158486,0.049259622919698653
1215.6915116287364,3.245907783508301,3.296035691161017,0.05012790765271635
1219.7048169883374,3.2452921867370605,3.2960044250420384,0.05071223830497784
1222.7156474424937,3.2446765899658203,3.2959872914983603,0.051310701532540026
1226.7520638533224,3.2443687915802,3.2959766439239853,0.051607852343785066
1230.7752415025661,3.2443687915802,3.295963681646428,0.05159489006622797
1233.7895362084091,3.244061231613159,3.2959561063116576,0.051894874698498406
1237.807542310019,3.243753433227539,3.295948140915387,0.05219470768784795
1241.8209027188468,3.243445634841919,3.295942052864751,0.052496418022832
1244.8250425746792,3.2428300380706787,3.2959384324635788,0.05310839439290005
1248.8441465811466,3.2428300380706787,3.29592770736187,0.053097669291191085
1252.8507112976722,3.165886163711548,3.2793954372278624,0.11350927351631457
1256.870713799909,3.163423776626587,3.279339649852562,0.1159158732259753
1259.8797742096986,3.1621928215026855,3.2793136616652165,0.11712084016253099
1263.9120565390895,3.3884079456329346,3.3317430297680755,-0.05666491586485911
1267.9352107057957,3.3945634365081787,3.3322401102059125,-0.062323326302266224
1270.9622756773579,3.3970255851745605,3.3325074737360065,-0.06451811143855402
1274.9954280155052,3.3228516578674316,3.3144718136742495,-0.008379844193182162
1279.0176213229824,3.323775053024292,3.314461825274617,-0.009313227749674802
1282.0399466716117,3.3250062465667725,3.3144819496155575,-0.010524296951214929
1286.0509888535635,3.3256216049194336,3.3144835568526956,-0.011138048066738016
1290.0653085817812,3.2486777305603027,3.296217258800414,0.047539528240111206
1293.0805749257233,3.2477543354034424,3.296141921220055,0.04838758581661251
1297.1005323876852,3.246831178665161,3.296072052705397,0.049240874040235916
1301.1209036812452,3.245907783508301,3.2960228051779987,0.050115021669697946
1304.136893364328,3.2452921867370605,3.295994858192203,0.0507026714551424
1308.1630790881,3.2449843883514404,3.295966141396541,0.050981753045100664
1312.1755313771655,3.2443687915802,3.295951712899017,0.05158292131881659
1315.192545437816,3.243753433227539,3.2959257543881133,0.05217232116057424
1319.210797528628,3.243445634841919,3.295919829149292,0.05247419430737299
1323.2169845997587,2.717456817626953,3.216799937644478,0.4993431200175249
1327.2320430655018,2.6956048011779785,3.216804520356144,0.5211997191781657
1330.253209685653,2.6866793632507324,3.216798905875586,0.5301195426248535
1334.2592828087345,2.908893346786499,3.241806504217406,0.332913157430907
1338.2705655904529,2.905815601348877,3.241864740469701,0.33604913912082424
1341.284900332097,2.9036612510681152,3.2418928778948404,0.33823162682672514
1345.311585348505,2.9011991024017334,3.2419178970117732,0.34071879461003984
1349.3263377713456,2.8990445137023926,3.2419340882744834,0.3428895745720908
1352.3492617321945,2.897197961807251,3.2419274304140995,0.3447294686068485
1356.3776883059581,3.429957628250122,3.344565386831834,-0.08539224141828816
1360.391839806819,3.4422686100006104,3.346155482397413,-0.09611312760319723
1363.4050589354629,3.1471118927001953,3.2794946945293932,0.13238280182919793
1367.4230184569578,3.1443417072296143,3.2794455335393904,0.13510382630977613
1371.4432261426773,3.144033908843994,3.279434721300885,0.13540081245689084
1374.4614524411936,3.143726348876953,3.2794328656911267,0.13570651681417356
1378.4757667799777,3.143726348876953,3.2794266309002413,0.1357002820232882
1382.497253301579,3.144033908843994,3.279432588974217,0.13539868013022271
1386.5169874869562,3.143726348876953,3.2794265012002644,0.13570015232331123
1389.5422631661695,3.143726348876953,3.279437819277774,0.13571147040082066
1393.558587764127,3.144033908843994,3.2794310017445083,0.13539709290051416
1397.5687730259478,3.6060054302215576,3.373409552111311,-0.23259587811024662
1400.5877453762223,3.615238666534424,3.374685753831998,-0.24055291270242574
1404.6068486127715,3.318542957305908,3.3144537985663662,-0.004089158739541965
1408.63423541058,3.318235158920288,3.3143333024686674,-0.0039018564516206666
1411.645515112621,3.318542957305908,3.314292657472973,-0.004250299832935234
1415.6616233632685,3.318850517272949,3.314254338847185,-0.004596178425764208
1419.6876131425906,3.3200817108154297,3.3142432823681856,-0.005838428447244137
1422.71294502591,3.32069730758667,3.3142344606731866,-0.006462846913483311
1426.7320790592285,3.32131290435791,3.314226466955825,-0.007086437402085366
1430.7542038438905,3.3216207027435303,3.314214169762532,-0.00740653298099847
1433.777661743743,3.3222360610961914,3.31421870510798,-0.008017355988211516
1437.7906495116522,3.3228516578674316,3.3142165653219764,-0.008635092545455247
1441.8158027737027,3.323467254638672,3.3142083181578172,-0.00925893648085463
1444.029522952268,3.324082851409912,3.3142222825373278,-0.009860568872584352
1448.0506841829838,3.3243906497955322,3.314215130321875,-0.010175519473657246
1452.0718731307925,3.3250062465667725,3.314215462876233,-0.010790783690539651
1456.0830623673219,3.3250062465667725,3.314208926288621,-0.010797320278151279
1459.094379025487,3.3253138065338135,3.314216635475299,-0.011097171058514377
1463.109417858289,3.2483699321746826,3.2962201877380526,0.04785025556336997
1467.1326332335766,3.246831178665161,3.2961178435372718,0.04928666487211064
1470.1388703494595,3.245907783508301,3.2960636905241185,0.050155907015817736
1474.1689749622383,3.2446765899658203,3.296008942860037,0.05133235289421689
1478.1941751893646,3.243753433227539,3.2959753187577254,0.05222188553018636
1481.207417415586,3.243137836456299,3.2959452018027697,0.0528073653464709
1485.224528101102,3.2422144412994385,3.295920696288636,0.053706254989197344
1489.2398202373406,3.1652705669403076,3.2795668483285945,0.11429628138828685
1492.2469585437102,3.163116216659546,3.2795146316152666,0.11639841495572067
1496.2680755040692,3.160653829574585,3.279467222095562,0.11881339252097689
1500.2835720538678,3.384099006652832,3.331151357648099,-0.052947649004733144
1503.3025532582142,3.389946699142456,3.331534113125375,-0.058412586017081214
1507.3217011500792,3.3945634365081787,3.3318977742834255,-0.06266566222475323
1511.3409772334999,3.32069730758667,3.3141506681860213,-0.006546639400648591
1514.3539957981775,3.32100510597229,3.314139182117848,-0.00686592385444218
1518.375174737037,3.3219285011291504,3.3141443344884847,-0.007784166640665724
1522.3845242515063,3.3225438594818115,3.3141521537349314,-0.008391705746880085
1526.3985922161282,3.246523380279541,3.2961758918636095,0.04965251158406847
1529.4107446216458,3.2452921867370605,3.2961048887687823,0.050812702031721724
1533.429968350556,3.243753433227539,3.296024998743513,0.052271565515973784
1537.4471044434085,3.243137836456299,3.2959729522298415,0.05283511577354272
1540.4663339467152,3.2422144412994385,3.2959431628081424,0.05372872150870389
1544.475669602638,3.2419066429138184,3.2959124349597495,0.054005792045931145
1548.5046863195093,3.1655783653259277,3.2795571986460326,0.11397883332010483
1551.5220052681852,3.162808418273926,3.2794975333184775,0.1166891150445517
1555.5441577699412,3.160038471221924,3.2794428596950165,0.11940438847309265
1559.5522376875597,3.158191680908203,3.27940551397155,0.12121383306334677
1562.572386089496,3.3884079456329346,3.3309611844942775,-0.0574467611386571
1566.588866981063,3.3930246829986572,3.3314799833747735,-0.06154469962388376
1570.6037899410176,3.2422144412994385,3.296033518304365,0.05381907700492672
1573.621905371162,3.2415988445281982,3.295974824132103,0.054375979603904945
1577.643257926812,3.240367889404297,3.2959273301367915,0.055559440732494636
1581.6643417806426,3.2394444942474365,3.2958896660936183,0.05644517184618181
1585.6855734589699,3.2394444942474365,3.2958744243429767,0.056429930095540204
1588.6958106903412,3.238521099090576,3.29586187162445,0.05734077253387371
1592.697890627208,3.2388288974761963,3.29585543991835,0.05702654244215388
1596.7272888390698,3.238213300704956,3.295838570741004,0.057625270036048004
1599.7353344952817,3.237290143966675,3.29583246732314,0.05854232335646525
1603.7554975256844,3.2369823455810547,3.295832527697959,0.05885018211690429
1607.7696513363035,3.2369823455810547,3.2958205370108753,0.05883819142982061
1610.7847629264752,3.2366745471954346,3.2958239078114238,0.05914936061598919
1614.8059949897624,3.1591150760650635,3.279552328915935,0.1204372528508717
1618.820370152168,3.1566529273986816,3.2794815365909744,0.12282860919229277
1621.8222322018855,3.154806137084961,3.2794390425829274,0.12463290549796646
1625.8375466657808,3.383483409881592,3.330924961747596,-0.052558448133996016
1629.8657584320717,3.3887157440185547,3.331424879642803,-0.05729086437575148
1632.8830107827316,3.3160805702209473,3.313841621829546,-0.002238948391401152
1636.902096311137,3.3166961669921875,3.3138868600701663,-0.002809306922021193
1640.9143014561223,3.317927360534668,3.3139290260115315,-0.003998334523136471
1643.9254237096757,3.318235158920288,3.313962603713415,-0.0042725552068731965
1647.944631270283,3.3194661140441895,3.3139843694441558,-0.0054817446000337
1651.9559691012273,3.2425222396850586,3.296116193124505,0.053593953439446285
1655.970156788294,3.240983486175537,3.2960223884169597,0.055038902241422605
1658.978495398782,3.240367889404297,3.2959731230133302,0.055605233609033355
1662.9993990915073,3.2394444942474365,3.295930415653399,0.056485921405962536
1667.0065889824673,3.238521099090576,3.2958940495429756,0.05737295045239943
1670.018836857971,3.238213300704956,3.2958594007037725,0.057646099998816425
1674.0392243198366,3.237905502319336,3.2958436979975065,0.0579381956781706
1678.05215511372,3.237290143966675,3.295826643135751,0.058536499169075995
1681.0653045646714,3.2366745471954346,3.2958097879743384,0.059135240778903864
1685.0918382919463,2.702683687210083,3.2174727780248347,0.5147890908147517
1689.1037320045925,2.685448169708252,3.2172736032136457,0.5318254335053938
1692.1188532187552,2.9018144607543945,3.2420544987342255,0.34024003797983093
1696.1371076193254,2.900275707244873,3.2419940952839097,0.34171838803903665
1700.1662667712599,2.897197961807251,3.2419069992915213,0.3447090374842703
1703.182654887556,2.894428014755249,3.241828956673912,0.347400941918663
1707.2018616782434,2.891965627670288,3.241703669049464,0.34973804137917597
1711.2048023848374,2.8898112773895264,3.24156483640553,0.3517535590160037
1714.2179591500217,2.8879647254943848,3.2414379850961534,0.3534732596017687
1718.2402617860325,3.424109935760498,3.3431484919197985,-0.08096144384069959
1722.2533577275954,3.435497522354126,3.3449694774163174,-0.09052804493780853
1726.262833893782,3.135416269302368,3.2793099510645893,0.14389368176222117
1729.2819467543213,3.134492874145508,3.2792508468037633,0.14475797265825552
1733.2998812534406,3.134185314178467,3.2792039428086186,0.1450186286301518
1737.3243123312313,3.134185314178467,3.2791741482208336,0.14498883404236684
1740.3384407345147,3.1338775157928467,3.279156627985084,0.14527911219223721
1744.3624799234058,3.1335697174072266,3.2791303233574025,0.14556060595017595
1748.393698609345,3.1338775157928467,3.2791114293365045,0.14523391354365778
1751.4058845063491,3.1335697174072266,3.279103656733212,0.14553393932598535
1755.4249904376156,3.1332619190216064,3.279085792492198,0.14582387347059145
1759.4432290548402,3.598310947418213,3.372011104743115,-0.22629984267509773
1762.4543694014965,3.6063132286071777,3.3733632617445544,-0.23294996686262337
1766.4716259867118,3.3077707290649414,3.3139318054900007,0.006161076425059253
1770.493772329114,3.3074629306793213,3.313819413342883,0.006356482663561813
1773.5159028881717,3.3080785274505615,3.313780932055029,0.005702404604467581
1777.5372154080214,3.3083863258361816,3.3137539160397598,0.005367590203578132
1781.547332147028,3.3086941242218018,3.3137408064746463,0.005046682252844548
1785.5665304686045,3.309001922607422,3.313734688724545,0.004732766117123255
1788.5738697239003,3.309925079345703,3.3137327824458644,0.0038077031001613193
1792.5939218859294,3.3105406761169434,3.313732527366281,0.0031918512493378515
1796.6161994995646,3.3111562728881836,3.313741033072313,0.002584760184129564
1799.6303648589728,3.3114640712738037,3.3137359629964203,0.002271891722616548
1803.6474274245356,3.312079668045044,3.313739095422106,0.0016594273770622614
1807.0540982075545,3.312387228012085,3.3137491641394146,0.0013619361273295993
1810.0701664224007,3.312695026397705,3.3137520918672854,0.0010570654695802872
1814.0773951942838,3.313002824783325,3.3137490688354267,0.0007462440521015523
1818.1086566107424,3.3133106231689453,3.3137530928262784,0.00044246965733307775
1821.1217529372643,3.2394444942474365,3.2960853286211473,0.05664083437371081
1825.1339476883404,3.2363667488098145,3.2959586840196886,0.05959193520987416
1829.1441618221334,3.234520196914673,3.2958756804357536,0.06135548352108078
1832.1633012448865,3.2339046001434326,3.295834738057195,0.06193013791376245
1836.1846149196144,3.232673406600952,3.2957850371079167,0.06311163050696456
1840.2028054168868,3.231750011444092,3.295740195530066,0.06399018408597401
1843.221907113596,3.2308268547058105,3.295717179134778,0.06489032442896736
1847.251477017452,3.2302112579345703,3.2956921601833935,0.06548090224882319
1851.2702395647293,3.152651786804199,3.2795677338722418,0.12691594706804254
1855.2917430245552,3.1498818397521973,3.2794639813750917,0.1295821416228944
1858.2937675272342,3.1480350494384766,3.279405372849876,0.13137032341139943
1862.3028059943263,3.374865770339966,3.330292228275016,-0.04457354206495001
1866.3241812625947,3.3800981044769287,3.330813234800954,-0.049284869675974896
1869.3394260487976,3.3077707290649414,3.3134659239738937,0.005695194908952317
1873.3563584980066,3.3083863258361816,3.3135211402900024,0.005134814453820802
1877.373691690189,3.3086941242218018,3.3135592484612086,0.004865124239406882
1880.3889022149842,3.309617280960083,3.3135878019730196,0.003970521012936601
1884.4050216294609,3.3105406761169434,3.3136192304494685,0.0030785543325251297
1888.4242492079684,3.2335968017578125,3.295989611617266,0.06239280985945328
1891.438454988138,3.232365608215332,3.295907048443838,0.06354144022850594
1895.4614678746611,3.2314422130584717,3.295828117954737,0.06438590489626517
1899.4759723835004,3.22990345954895,3.2957641634861377,0.06586070393718746
1902.4980194063191,3.22959566116333,3.2957371730016205,0.06614151183829042
1906.5240130352377,3.22898006439209,3.295701423611474,0.06672135921938427
1910.5402698803,3.1511127948760986,3.2795621769293444,0.12844938205324574
1914.5734318424393,3.1483428478240967,3.279453004218552,0.13111015639445522
1917.5955677909315,3.146496295928955,3.279390953386162,0.13289465745720674
1921.6137740715485,3.3714802265167236,3.3302651616559675,-0.0412150648607561
1925.6339655889633,3.3773279190063477,3.3307819475438047,-0.04654597146254291
1928.6431172341845,3.38102126121521,3.331049491062534,-0.049971770152676065
1932.6593063263535,3.2286722660064697,3.2959899545193325,0.0673176885128628
1936.6725635659996,3.2271335124969482,3.295860039734712,0.06872652723776396
1939.688680670719,3.226517915725708,3.2957981694822154,0.06928025375650737
1943.7099739425867,3.2259023189544678,3.295737088490026,0.06983476953555812
1947.7350863989177,3.2252867221832275,3.2956984005152403,0.07041167833201278
1950.7484214004098,3.2249789237976074,3.2956650592220216,0.07068613542441415
1954.7674880657933,3.2243635654449463,3.295642817066884,0.0712792516219376
1958.7906302987521,3.223747968673706,3.295613271534628,0.07186530286092196
1961.8018946024076,3.223747968673706,3.295605653330808,0.07185768465710174
1965.8199788508227,3.223440170288086,3.2955896692788516,0.07214949899076561
1969.837376331261,3.2228245735168457,3.29557630506652,0.0727517315496744
1972.8564587799892,3.2222089767456055,3.295560977761631,0.07335200101602535
1976.877498363463,3.144033908843994,3.279481081808595,0.13544717296460096
1980.8999603727598,3.1418795585632324,3.27938062667161,0.13750106810837748
1984.90503298577,3.140340805053711,3.27930163195624,0.1389608269025291
1987.9180935110471,3.3714802265167236,3.3299817473067477,-0.04149847920997596
1991.944418975164,3.375789165496826,3.3305508376420567,-0.045238327854769445
1995.9605022034357,3.3019230365753174,3.3133286967307045,0.011405660155387132
1998.9726476796786,3.3028461933135986,3.313368809057148,0.010522615743549402
2002.9938936015133,3.3031539916992188,3.3134121311308826,0.01025813943166387
2007.0222181609743,3.3046929836273193,3.3134609632423127,0.008767979614993315
2010.033364666985,3.2286722660064697,3.2959101280007053,0.06723786199423554
2014.0537232568777,3.226825714111328,3.2957937858207327,0.06896807170940455
2018.0646980708934,3.2259023189544678,3.295725571406471,0.06982325245200327
2021.0878199009921,3.2249789237976074,3.2956826853143983,0.07070376151679092
2025.1023536667635,3.224055767059326,3.295631067433626,0.07157530037429982
2029.119205274451,3.223440170288086,3.2955959996535205,0.07215582936543452
2032.138240758105,3.2228245735168457,3.2955811896596616,0.07275661614281592
2036.1516342734603,3.2219011783599854,3.295550995626702,0.0736498172667166
2040.173784465458,3.221285820007324,3.2955316046277625,0.0742457846204383
2043.1827944455372,3.220978021621704,3.295519269551055,0.0745412479293508
2047.20222297297,2.68237042427063,3.217701106259061,0.5353306819884311
2051.2222300947233,2.6691360473632812,3.217077788740092,0.5479417413768108
2055.2475985492065,2.8898112773895264,3.241306773438474,0.3514954960489476
2058.253802173601,2.888272285461426,3.2410947066800717,0.35282242121864593
2062.273780423382,2.8851945400238037,3.240744453487956,0.3555499134641522
2066.295209201039,2.883040189743042,3.240342032031847,0.357301842288805
2069.3052666562635,2.8815014362335205,3.2400141368107453,0.35851270057722484
2073.3305658180143,2.8793468475341797,3.2395250166792646,0.36017816914508494
2077.3538724287337,3.406566619873047,3.3406918506631844,-0.06587476920986246
2080.366906391797,3.418262243270874,3.3426571211441707,-0.07560512212670334
2084.389916198643,3.42718768119812,3.344350811461057,-0.08283686973706317
2088.4182007223044,3.1246440410614014,3.2789418767233616,0.1542978356619602
2091.4185756729803,3.12372088432312,3.2787628377026534,0.1550419533795333
2095.438766035517,3.12372088432312,3.2785934245277897,0.15487254020466956
2099.471709725546,3.12372088432312,3.2784715214851774,0.15475063716205728
2102.484137377197,3.1234130859375,3.2783867004766476,0.1549736145391476
2106.5163484890563,3.12372088432312,3.278300424454258,0.15457954013113806
2110.5261426318957,3.1234130859375,3.2782138045312292,0.15480071859372924
2114.5478689833453,3.1234130859375,3.2781396758088297,0.1547265898713297
2117.5629763389607,3.5773823261260986,3.3701700193901245,-0.20721230673597413
2121.5877361722733,3.5909242630004883,3.372258972161328,-0.21866529083916042
2125.616304796138,3.297614097595215,3.313352290095257,0.015738192500041936
2128.63817319769,3.2957675457000732,3.313234118631018,0.017466572930944668
2132.657311850524,3.2957675457000732,3.3131498201511365,0.017382274451063218
2136.678684039116,3.2960751056671143,3.313119788323446,0.017044682656331744
2139.6929179213366,3.2966907024383545,3.3131060250943962,0.01641532265604173
2143.7219781386466,3.2966907024383545,3.3130977995723105,0.01640709713395605
2147.7461686166707,3.2973062992095947,3.313096725483346,0.01579042627375138
2150.7643129187863,3.297614097595215,3.313099003526459,0.015484905931244075
2154.7844066564558,3.297921895980835,3.3130976440296247,0.015175748048789739
2158.810814116974,3.298229694366455,3.313112044900541,0.01488235053408582
2161.8247727530616,3.298537492752075,3.3131185180658336,0.014581025313758378
2165.0389177096094,3.298537492752075,3.31312585908831,0.014588366336234948
2169.064500512507,3.2988452911376953,3.3131354029939484,0.014290111856253063
2172.079925844775,3.2994606494903564,3.3131426746943538,0.013682025203997306
2176.097867273167,3.2997684478759766,3.313152351980788,0.013383904104811606
2180.122178243555,3.2997684478759766,3.313168874904471,0.013400427028494644
2184.148252329035,3.223132371902466,3.295690419428783,0.072558047526317
2187.1524021938176,3.2215936183929443,3.295574777170205,0.07398115877726053
2191.170970336484,3.2200546264648438,3.295465617946026,0.07541099148118224
2195.1837594652243,3.2188234329223633,3.295383290903764,0.07655985798140064
2198.204967661015,3.218208074569702,3.29533352363727,0.07712544906756769
2202.2123392529184,3.217592477798462,3.295285728499609,0.07769325070114697
2206.2303688370666,3.2166690826416016,3.2952349104863474,0.07856582784474586
2209.237505218639,3.2160534858703613,3.2952134258294548,0.07915993995909343
2213.2548749819844,3.13787841796875,3.279215528714665,0.14133711074591515
2217.2659021505106,3.135416269302368,3.279050698174774,0.14363442887240563
2220.2950566829286,3.1338775157928467,3.278948280655864,0.1450707648630174
2224.3123579234607,3.3631703853607178,3.329275354347436,-0.03389503101328195
2228.3374288041523,3.367479085922241,3.3298806330726993,-0.037598452849541886
2231.350606357156,3.2939207553863525,3.3127875527188775,0.018866797332524943
2235.3729782859,3.2939207553863525,3.3128507973237604,0.018930041937407882
2239.3980110555885,3.294844150543213,3.312908829286324,0.018064678743110907
2243.4156783927265,3.2957675457000732,3.3129640858286717,0.017196540128598503
2246.427500887843,3.220362424850464,3.2955670913696204,0.07520466651915658
2250.4425805263654,3.218515634536743,3.2954403352449004,0.07692470070815727
2254.462922947954,3.217284679412842,3.2953457393759513,0.07806105996310952
2257.473964744946,3.2163612842559814,3.295283791274156,0.07892250701817449
2261.490115341152,3.215437889099121,3.295223759195827,0.07978587009670601
2265.510300314253,3.21482253074646,3.295182014390403,0.08035948364394319
2268.5286413307385,3.21451473236084,3.2951515730651035,0.08063684070426369
2272.5527998571133,3.1366474628448486,3.279160342607419,0.14251287976257032
2276.5820148281928,3.134185314178467,3.2789871461929296,0.14480183201446284
2279.59402248889,3.1329541206359863,3.278880068914768,0.1459259482787818
2283.6132381336492,3.360708236694336,3.3291680870384677,-0.031540149655868266
2287.6305686311134,3.3656325340270996,3.329782084404863,-0.03585044962223671
2290.647583076723,3.2169768810272217,3.2953492943268126,0.07837241329959088
2294.6627570303544,3.21482253074646,3.29522880497755,0.08040627423109026
2298.681043767533,3.2138991355895996,3.2951574870914175,0.08125835150181793
2301.7021468693456,3.2135913372039795,3.2951132687674614,0.08152193156348186
2305.7183987099334,3.212667942047119,3.2950593053594592,0.0823913633123401
2309.735592931689,3.212360143661499,3.295020806218405,0.08266066255690596
2313.7556955234304,3.211744785308838,3.2949950493056495,0.08325026399681157
2316.765875780776,3.211744785308838,3.2949673692501658,0.08322258394132787
2320.7930785678836,3.2111291885375977,3.294941981150762,0.08381279261316443
2324.8062526562508,3.2111291885375977,3.2949258435047524,0.08379665496715472
2327.822594962352,3.2108213901519775,3.2949166990941423,0.08409530894216477
2331.8446396754134,3.2108213901519775,3.294890619098849,0.08406922894687163
2335.8589170580717,3.1332619190216064,3.278950060937948,0.1456881419163416
2338.871114888824,3.1314151287078857,3.278808411275164,0.14739328256727813
2342.8972355544192,3.1301841735839844,3.2786442531011097,0.14846007951712537
2346.9196105628407,3.3570148944854736,3.3288283732551553,-0.028186521230318284
2349.9387091798735,3.361323595046997,3.329351440622303,-0.03197215442469403
2353.952895712061,3.3650169372558594,3.3298437619752574,-0.03517317528060193
2357.969084419271,3.2905352115631104,3.312756165369321,0.022220953806210808
2360.9840897605845,3.2908430099487305,3.3127673773481723,0.021924367399441813
2365.013284328804,3.292074203491211,3.3127923683953515,0.02071816490414058
2369.041472997519,3.292689800262451,3.3128186146430534,0.02012881438060221
2372.0557388313873,3.2163612842559814,3.2954537835470337,0.07909249929105222
2376.068834387991,3.21451473236084,3.295292799024249,0.08077806666340903
2380.090204651786,3.2135913372039795,3.2951812102191633,0.08158987301518383
2384.1142399910786,3.2129757404327393,3.2950955696111874,0.08211982917844818
2387.1303505514834,3.212360143661499,3.2950498883740393,0.08268974471254031
2391.145554916927,3.211744785308838,3.294991821529658,0.08324703622082019
2395.166793909487,3.2111291885375977,3.294937062923572,0.08380787438597448
2398.1849389815216,3.2108213901519775,3.29490580812141,0.08408441796943267
2402.2121051974655,3.2105135917663574,3.2948756918066993,0.08436210004034184
2406.2363618885456,2.68298602104187,3.2172461797146252,0.5342601586727551
2409.257643226664,2.668520450592041,3.2161933019263724,0.5476728513343314
2413.2766883343093,2.657440662384033,3.214363821766818,0.5569231593827846
2417.2908987339943,2.8808858394622803,3.237545839270041,0.35665999980776064
2420.3020795014118,2.8793468475341797,3.2370071885799208,0.35766034104574107
2424.3192814223585,2.876884698867798,3.236165344357925,0.35928064549012717
2428.336406736341,2.8750381469726562,3.235221105043074,0.36018295807041767
2431.3456295990945,2.873806953430176,3.2344490581310557,0.3606421047008799
2435.361774805864,2.872267961502075,3.2333618480603183,0.36109388655824315
2439.3789959747955,3.4056434631347656,3.3345386374545596,-0.07110482568020604
2443.4112040069776,3.4170310497283936,3.3388097296362975,-0.07822132009209604
2446.4243461436963,3.120643138885498,3.2752074261876625,0.15456428730216443
2450.4526730129155,3.117873191833496,3.2749761728725257,0.15710298103902964
2454.473750322434,3.117565393447876,3.2748267906581097,0.1572613972102337
2457.486910937215,3.117565393447876,3.274725995703783,0.1571606022559071
2461.4942455729943,3.117565393447876,3.274611199022556,0.15704580557467995
2465.5163430255234,3.117565393447876,3.274506884429538,0.1569414909816622
2468.524518798088,3.117565393447876,3.274419104028443,0.15685371058056718
2472.53579965501,3.117565393447876,3.274307641245365,0.15674224779748913
2476.551872874332,3.117873191833496,3.2741927145103906,0.15631952267689453
2479.5620277243406,3.5770745277404785,3.3658751800841697,-0.21119934765630877
2483.583461121514,3.5884621143341064,3.3692171707644882,-0.2192449435696182
2487.596369972698,3.2905352115631104,3.311399976139922,0.020864764576811634
2490.6085497103477,3.28991961479187,3.311300901704569,0.021381286912698805
2494.6179234772735,3.2902274131774902,3.3112582241505537,0.021030810973063474
2498.6452810181527,3.2902274131774902,3.311266459529781,0.021039046352290924
2501.6642148724623,3.2905352115631104,3.3112893608845546,0.02075414932144426
2505.6944365129702,3.2908430099487305,3.3113305455680644,0.02048753561933392
2509.709499598228,3.2911508083343506,3.3113773636257733,0.0202265552914227
2513.7247490039463,3.291766405105591,3.3114263192628455,0.019659914157254654
2516.731173980127,3.292074203491211,3.3114699636288947,0.019395760137683737
2520.7520757480543,3.292074203491211,3.311511580705683,0.01943737721447203
2524.7717375610227,3.292689800262451,3.311558332321701,0.018868532059249876
2527.049643889367,3.292689800262451,3.311583973585771,0.018894173323319663
2531.064958353262,3.292997360229492,3.3116275788294613,0.01863021859996916
2535.0830606947793,3.2933051586151123,3.3116690981910866,0.018363939575974264
2538.0972183549957,3.2936129570007324,3.3117056933393654,0.018092736338632953
2542.1046507705223,3.2936129570007324,3.3117366952992002,0.018123738298467806
2546.1167415824966,3.2163612842559814,3.2944803706806076,0.07811908642462617
2549.132897568138,3.21482253074646,3.2942966804741056,0.07947414972764566
2553.1489280569413,3.2135913372039795,3.294125562154743,0.08053422495076346
2557.1691711589447,3.212667942047119,3.2939922390195235,0.0813242969724044
2560.1795173338896,3.211744785308838,3.293905256147881,0.08216047083904332
2564.2106867449984,3.2111291885375977,3.293799401473928,0.08267021293633015
2568.2248209226773,3.2102057933807373,3.2937154212287565,0.08350962784801919
2571.231855289948,3.134492874145508,3.277842017373481,0.1433491432279732
2575.2552746938372,3.1314151287078857,3.277482318969536,0.14606719026165038
2579.282306173911,3.129260778427124,3.2771664027970155,0.14790562436989152
2583.2976437353846,3.3536293506622314,3.326983233936213,-0.026646116726018576
2586.3108247530245,3.3591692447662354,3.3276913918288797,-0.03147785293735561
2590.3238783490297,3.3628625869750977,3.3283588954068875,-0.034503691568210204
2594.347240393935,3.2883808612823486,3.3115283846219654,0.023147523339616782
2597.3631900412147,3.2886886596679688,3.3115536060100075,0.022864946342038728
2601.388521154615,3.28961181640625,3.3115983752390328,0.021986558832782777
2605.4079296641466,3.2902274131774902,3.3116444690024096,0.021417055824919373
2608.4219333405117,3.2142069339752197,3.294425501674969,0.08021856769974933
2612.4382248319416,3.212667942047119,3.2942005887275316,0.08153264668041249
2616.47223601502,3.2114369869232178,3.294030428710646,0.08259344178742811
2619.476496748174,3.2108213901519775,3.2939273372927684,0.08310594714079089
2623.5037961601492,3.209897994995117,3.2938176348331765,0.08391963983805928
2627.5267963430033,3.209282398223877,3.2937140058620358,0.08443160763815882
2630.5459642527703,3.208974599838257,3.293650361547738,0.0846757617094811
2634.56113859136,3.1307997703552246,3.277722782466202,0.14692301211097725
2638.5893672958755,3.128645181655884,3.2773685350034363,0.1487233533475525
2642.6097201113735,3.1271064281463623,3.277050507042846,0.14994407889648365
2645.6248363210607,3.3576302528381348,3.326753504116611,-0.030876748721523573
2649.6489213201476,3.3619391918182373,3.3277066957210284,-0.03423249609720891
2653.6602864832257,3.2105135917663574,3.2938515674548765,0.08333797568851908
2656.664312775968,3.209590196609497,3.293711551340123,0.08412135473062587
2660.6835118674644,3.208667039871216,3.293567858231156,0.08490081835994001
2664.7004808878373,3.2083592414855957,3.2934576412756877,0.08509839979009204
2667.7202416354294,3.2074358463287354,3.293382311208685,0.0859464648799495
2671.7419745311927,3.2074358463287354,3.2933093626157257,0.08587351628699036
2675.7612690926735,3.2071280479431152,3.2932338015468403,0.08610575360372508
2678.7745925453783,3.206820249557495,3.293186856125675,0.08636660656818007
2682.7995386991497,3.206204652786255,3.2931290165966085,0.08692436381035362
2686.835658691064,3.206204652786255,3.2930753062405316,0.08687065345427669
2689.857795794437,3.206204652786255,3.2930372522290026,0.08683259944274768
2693.8903749277015,3.2058968544006348,3.2929951683319727,0.08709831393133793
2697.9111873849943,3.1283373832702637,3.277108259286684,0.14877087601642014
2700.919334285588,3.1271064281463623,3.276810244899747,0.14970381675338462
2704.9418902250327,3.1255674362182617,3.276447090166352,0.1508796539480901
2708.9617037120934,3.354860305786133,3.326194547692386,-0.028665758093746607
2712.976051542365,3.3594770431518555,3.3272117859600625,-0.03226525719179296
2715.9942054684725,3.285918712615967,3.3105596635087817,0.024640950892814928
2720.0143346224277,3.286534070968628,3.310704502366278,0.02417043139764985
2724.0358172944325,3.2874574661254883,3.3108321972642814,0.02337473113879307
2727.050766431642,3.2883808612823486,3.3109151899237816,0.02253432864143301
2731.0638592935284,3.2886886596679688,3.3110110290166315,0.02232236934866272
2735.087385716194,3.2111291885375977,3.293847141877603,0.08271795334000531
2738.107188809344,3.2102057933807373,3.29367222120388,0.08346642782314273
2742.127348375111,3.209590196609497,3.293483137613623,0.08389294100412581
2746.1457355867506,3.208667039871216,3.2933264933050364,0.08465945343382053
2749.1577867478854,3.2083592414855957,3.2932317870440113,0.08487254555841561
2753.1739288749795,3.2077436447143555,3.293129071757011,0.0853854270426555
2757.1853598661555,3.2074358463287354,3.293028325807172,0.08559247947843662
2760.197482244819,3.206820249557495,3.2929648235160096,0.08614457395851449
2764.2196231977878,3.206512451171875,3.2928940054223217,0.08638155425044669
2768.2359131493777,2.671905994415283,3.214928846212336,0.543022851797053
2772.25699815809,2.6577484607696533,3.2113991296663844,0.5536506688967311
2775.267165711767,2.8765769004821777,3.2338554837589566,0.35727858327677886
2779.2943650342377,2.8756535053253174,3.2322188900177853,0.3565653846924679
2783.3154535075846,2.8728835582733154,3.230504829792449,0.35762127151913337
2786.33161526762,2.871652603149414,3.229196883524152,0.35754428037473795
2790.3557995862902,2.8694980144500732,3.2274481959752723,0.3579501815251991
2794.3770281849393,2.8679592609405518,3.225720939270959,0.3577616783304074
2797.390320840872,2.866420269012451,3.224449073558459,0.3580288045460076
2801.4083307920782,3.4047200679779053,3.3255801012852646,-0.07913996669264067
2805.422653984935,3.414876699447632,3.33158452391641,-0.0832921755312217
2808.430691172034,3.114795446395874,3.2690364003404504,0.15424095394457638
2812.448095196787,3.1135642528533936,3.2685915514801644,0.1550272986267709
2816.480290140341,3.1132564544677734,3.2682532943416827,0.15499683987390922
2819.4952820080707,3.1132564544677734,3.2680547929310397,0.1547983384632663
2823.5077015755687,3.1135642528533936,3.267809349295434,0.15424509644204054
2827.519783918432,3.1135642528533936,3.267578460750897,0.1540142078975033
2830.5483563918942,3.1135642528533936,3.2674078981875088,0.1538436453341152
2834.570035008349,3.1138720512390137,3.267181981791613,0.15330993055259912
2838.5856185590237,3.1138720512390137,3.2669545164251677,0.15308246518615398
2842.6085259666097,3.5795366764068604,3.3595733610431626,-0.21996331536369773
2845.621769347711,3.587231159210205,3.3635565135579544,-0.2236746456522507
2849.6430660842143,3.287149667739868,3.307162803102916,0.02001313536304794
2853.6701006439653,3.286841869354248,3.3071089453121223,0.020267075957874248
2856.688220308666,3.287149667739868,3.3071521206472965,0.020002452907428303
2860.7006883810773,3.2874574661254883,3.307255064107686,0.0197975979821976
2864.731489385823,3.2874574661254883,3.307393285442055,0.01993581931656685
2867.7367779611823,3.2880730628967285,3.3075030383724027,0.019429975475674155
2871.754695522077,3.2883808612823486,3.307651271276156,0.01927040999380747
2875.7800797599057,3.2886886596679688,3.3078037331445405,0.01911507347657171
2878.791324430621,3.2886886596679688,3.3079024582007817,0.01921379853281291
2882.8133010058273,3.288996458053589,3.308037421144909,0.019040963091319973
2886.829742631512,3.289304256439209,3.3081652162976374,0.018860959858428394
2889.069230265475,3.28991961479187,3.3082333376774695,0.018313722885599404
2893.0953817278405,3.28991961479187,3.30835053167519,0.01843091688331988
2897.111591607829,3.2905352115631104,3.308460781441804,0.017925569878693537
2900.1217376037685,3.2905352115631104,3.308539208051688,0.018003996488577645
2904.1399331055154,3.2160534858703613,3.2913900277446873,0.07533654187432592
2908.157134641504,3.2129757404327393,3.290992503266401,0.07801676283366188
2912.173342981655,3.211744785308838,3.290681855685709,0.07893707037687125
2915.187496407314,3.2105135917663574,3.2904947719089424,0.07998118014258493
2919.197749037069,3.209897994995117,3.290275030866748,0.08037703587163092
2923.221945674447,3.208667039871216,3.2900808829692676,0.08141384309805177
2926.2310642131397,3.2080514430999756,3.289956755562149,0.08190531246217336
2930.2503549250278,3.2074358463287354,3.2898205899685005,0.08238474363976511
2934.266441617935,3.129568576812744,3.2737982102311562,0.1442296334184121
2937.2795914538447,3.1280295848846436,3.273247966258109,0.14521838137346554
2941.3118718584383,3.125875234603882,3.272574078004441,0.14669884340055894
2945.3279758745302,3.3536293506622314,3.3221286497620532,-0.0315007009001782
2948.3422240002583,3.3573226928710938,3.3233425637060203,-0.033980129165073425
2952.360305553955,3.2856109142303467,3.307288267557353,0.021677353327006266
2956.37554841536,3.285918712615967,3.307550239663096,0.02163152704712923
2959.402987182719,3.286534070968628,3.3077238904564408,0.021189819487812844
2963.412857162605,3.2874574661254883,3.3079317919413893,0.02047432581590103
2967.4271068281696,3.2877652645111084,3.3080987097903716,0.020333445279263174
2971.45429768153,3.2102057933807373,3.29103366038957,0.08082786700883249
2974.4715088415087,3.209590196609497,3.2907418537184325,0.08115165710893546
2978.488918255698,3.208974599838257,3.290423813502002,0.08144921366374502
2982.5038473750064,3.2074358463287354,3.290160345311107,0.08272449898237166
2985.5219959116785,3.2071280479431152,3.2900021740550183,0.08287412611190303
2989.539375299015,3.206512451171875,3.2898040973689073,0.08329164619703233
2993.556413227162,3.128952980041504,3.2737535211413427,0.14480054109983875
2996.5805513506766,3.1274142265319824,3.273176745115351,0.14576251858336864
3000.5968967364543,3.1255674362182617,3.2724876654173505,0.14692022919908876
3004.6229157727075,3.3514747619628906,3.3220165125540997,-0.029458249408790937
3007.6360983301875,3.3563992977142334,3.323225015837653,-0.03317428187658056
3011.6644544563387,3.3600926399230957,3.3243912727804936,-0.03570136714260208
3015.6774553128735,3.2074358463287354,3.2907795257392944,0.08334367941055909
3018.6916476194565,3.206820249557495,3.290437343977785,0.08361709442029008
3022.7128119298486,3.206204652786255,3.2900785355586804,0.08387388277242547
3026.739067716272,3.2055890560150146,3.2897965403634255,0.08420748434841085
3029.7502088328483,3.2049736976623535,3.289613739163428,0.0846400415010744
3033.7684128037063,3.2046658992767334,3.289410088290683,0.08474418901394953
3037.7816565697667,3.2046658992767334,3.2892466854488864,0.08458078617215303
3041.7967793237676,3.204050302505493,3.2890771826133944,0.08502688010790127
3044.8150887735646,3.203742504119873,3.2889688935050687,0.08522638938519567
3048.8321994590815,3.203434705734253,3.288834798910197,0.08540009317594421
3052.849382517008,3.203434705734253,3.288709659321704,0.08527495358745085
3055.870534508693,3.203434705734253,3.288620206044921,0.08518550031066807
3059.889711657488,3.1252596378326416,3.272617249587884,0.14735761175524242
3063.9079229425806,3.12372088432312,3.2718284351401654,0.1481075508170453
3066.926066474778,3.1224896907806396,3.271307484312385,0.1488177935317454
3070.9442646712423,3.3533215522766113,3.320836949834855,-0.032484602441756216
3074.966444505131,3.3576302528381348,3.3225465608892177,-0.03508369194891703
3077.9706109231793,3.283456325531006,3.306337653697269,0.022881328166262982
3081.9878567295254,3.284379720687866,3.306616865431879,0.022237144744012838
3086.001026198376,3.2849953174591064,3.3068614790542936,0.021866161595187172
3089.0161639658036,3.285918712615967,3.3070231201174143,0.021104407501447486
3093.0313779552353,3.209897994995117,3.29000548011778,0.08010748512266286
3097.0515925702293,3.2083592414855957,3.2895780324937727,0.08121879100817697
3101.0727641948542,3.2074358463287354,3.2892487321794315,0.08181288585069613
3104.0920187205365,3.206820249557495,3.289048982768491,0.08222873321099566
3108.1101360754783,3.206204652786255,3.2888061491110645,0.08260149632480962
3112.129292051496,3.2055890560150146,3.288608256721651,0.08301920070663638
3115.152524749965,3.2049736976623535,3.288464092423295,0.08349039476094156
3119.1586860288016,3.2046658992767334,3.2882970591227236,0.08363115984599023
3123.1638340939,3.2043581008911133,3.288144042597829,0.08378594170671594
3126.1780856842624,3.204050302505493,3.2880425645507216,0.08399226204522847
3130.2002227876346,2.6639039516448975,3.208923784642711,0.5450198329978138
3134.2284487974302,2.650977373123169,3.202571428105924,0.5515940549827549
3137.2366026272975,2.8731913566589355,3.2239121900141825,0.35072083335524695
3141.249770556312,2.8707292079925537,3.221753866727828,0.3510246587352741
3145.262021896453,2.8679592609405518,3.219716906649614,0.3517576457090623
3148.2812687229407,2.866420269012451,3.2182957871668387,0.35187551815438756
3152.291287297244,2.8639581203460693,3.2165595535696063,0.352601433223537
3156.3185285803147,2.8621115684509277,3.215001314601004,0.3528897461500762
3159.3324329370944,2.8608803749084473,3.213940597612744,0.35306022270429693
3163.3499143387335,3.4031810760498047,3.3141266591625955,-0.08905441688720916
3167.3692212189235,3.413029909133911,3.320302161989402,-0.09272774714450893
3171.384265056202,3.109563112258911,3.258982706143244,0.1494195938843328
3174.402425141663,3.109255313873291,3.2584891273616523,0.1492338134883613
3178.4248936952736,3.109255313873291,3.2580069762043258,0.14875166233103476
3182.4418261444816,3.109255313873291,3.2576171028466905,0.14836178897339947
3185.4570328196814,3.109255313873291,3.257366094605886,0.14811078073259498
3189.475572860296,3.109255313873291,3.257059208284485,0.14780389441119413
3193.500395057067,3.109563112258911,3.256770017885647,0.147206905626736
3196.520541534207,3.1098709106445312,3.2565654574502942,0.146694546805763
3200.539728691954,3.564763307571411,3.349105363529965,-0.21565794404144611
3204.569934549114,3.5792288780212402,3.355861164941686,-0.22336771307955416
3207.5811253254815,3.5863077640533447,3.359629323608123,-0.22667844044522178
3211.609407154424,3.283456325531006,3.303057504046024,0.01960117851501808
3215.640448758936,3.283764123916626,3.3024828644155897,0.018718740498963715
3218.6567810560864,3.283764123916626,3.302263258858148,0.01849913494152222
3222.684810736472,3.284379720687866,3.302134196706212,0.017754476018345677
3226.696137018631,3.2849953174591064,3.302122361431133,0.017127043972026357
3229.7173036387812,3.2856109142303467,3.3021617279526705,0.01655081372232381
3233.734392766559,3.285918712615967,3.3022602638303566,0.01634155121438985
3237.7546566563824,3.286226511001587,3.3023739799759775,0.016147468974390566
3241.7707957038,3.286841869354248,3.3025101451375614,0.015668275783313312
3244.7789572328593,3.287149667739868,3.3026183303242527,0.015468662584384507
3248.067158027802,3.287149667739868,3.3027395487553237,0.015589881015455553
3252.087036263557,3.2877652645111084,3.3028891471232376,0.015123882612129158
3255.096175975029,3.2877652645111084,3.3030007893596194,0.015235524848510984
3259.125372083088,3.2880730628967285,3.303148393730681,0.015075330833952627
3263.1345710783444,3.2886886596679688,3.3032990306232306,0.014610370955261853
3266.146720404181,3.212360143661499,3.2861968508259336,0.07383670716443458
3270.1609365782615,3.2102057933807373,3.285506630719909,0.0753008373391717
3274.191140125664,3.208974599838257,3.2849587913718885,0.07598419153363167
3277.2072849474753,3.2083592414855957,3.2846222392522657,0.07626299776667
3281.2145271929458,3.2071280479431152,3.2842304870696264,0.07710243912651116
3285.2328331781055,3.206204652786255,3.283886878758784,0.07768222597252894
3288.2548567183867,3.2055890560150146,3.2836676789461334,0.07807862293111878
3292.2801389419137,3.2049736976623535,3.2833895783918985,0.07841588072954497
3296.3032338248377,3.126490831375122,3.26718326951058,0.14069243813545773
3300.312416651789,3.1240286827087402,3.26601606004425,0.1419873773355098
3303.322695073839,3.1227974891662598,3.2652527725264653,0.14245528336020552
3307.338789080979,3.352705955505371,3.3146575994162344,-0.0380483560891367
3311.346990260882,3.3570148944854736,3.3168960829355267,-0.0401188115499469
3314.357267143094,3.283456325531006,3.301018268477471,0.01756194294646507
3318.3823461079373,3.284379720687866,3.301408008489881,0.01702828780201493
3322.39454393869,3.2846875190734863,3.301739662758922,0.017052143685435617
3325.4067048133184,3.2853031158447266,3.30196616008284,0.01666304423811349
3329.4230055437783,3.2102057933807373,3.284964161651063,0.07475836827032589
3333.448215779854,3.2083592414855957,3.284346316638729,0.07598707515313308
3336.4674098668747,3.2071280479431152,3.2839697876920537,0.07684173974893849
3340.48242598706,3.206204652786255,3.2835509175639968,0.07734626477774187
3344.503802025247,3.2055890560150146,3.283198954211552,0.07760989819653741
3347.5210316632892,3.2049736976623535,3.2829739151095634,0.07800021744720986
3351.536003128156,3.204050302505493,3.2826913767108357,0.0786410742053425
3355.5593590137087,3.126183032989502,3.2664709661413394,0.1402879331518374
3358.5693179192676,3.1246440410614014,3.2655631891091654,0.14091914804776406
3362.58956410095,3.1224896907806396,3.264505607255846,0.14201591647520617
3366.603802987647,3.3511669635772705,3.3139000341509237,-0.037266929426346795
3370.6339572602174,3.3560914993286133,3.3162002824478822,-0.03989121688073105
3373.6461058161385,3.206820249557495,3.283238599929572,0.076418350372077
3377.6735157115236,3.2049736976623535,3.2826760898531626,0.0777023921908091
3381.699501256291,3.204050302505493,3.282249874509116,0.07819957200362282
3384.719620401296,3.203434705734253,3.2819820000725306,0.07854729433827767
3388.752861665118,3.203126907348633,3.281682993995116,0.07855608664648317
3392.7640505166873,3.2025113105773926,3.2814326983630564,0.07892138778566382
3395.7782054821855,3.2022037506103516,3.2812524582119265,0.0790487076015749
3399.788510081491,3.2022037506103516,3.28104605011828,0.07884229950792854
3403.817635741936,3.2015881538391113,3.280842181606756,0.07925402776764479
3406.832778513839,3.2015881538391113,3.280702323003751,0.07911416916463976
3410.8519779902945,3.201280355453491,3.280524557168579,0.07924420171508784
3414.8651593928935,3.200972557067871,3.280354882029815,0.07938232496194386
3417.8694197410896,3.1246440410614014,3.264385443190771,0.1397414021293697
3421.8905374713686,3.1218740940093994,3.263193962816686,0.14131986880728675
3425.9197732302673,3.120027542114258,3.262173542645187,0.1421460005309294
3428.9357455901663,3.1191041469573975,3.2615010099622017,0.14239686300480425
3432.9441446393157,3.352090358734131,3.3109717538498713,-0.04111860488425956
3436.966411474081,3.3563992977142334,3.313539095854277,-0.042860201859956426
3440.9896668851707,3.281301975250244,3.298164178907463,0.0168622036572188
3443.997776059721,3.2819175720214844,3.298513870444973,0.01659629842348842
3448.0251043436656,3.2828409671783447,3.2989313457240854,0.01609037854574069
3452.049022270274,3.284071922302246,3.299312756916656,0.015240834614409948
3455.0601495283026,3.2071280479431152,3.28241039925776,0.07528235131464456
3459.0898595574636,3.2058968544006348,3.2817244328363318,0.07582757843569699
3463.110584243963,3.2049736976623535,3.2812031996029427,0.0762295019405892
3466.130723021908,3.2043581008911133,3.280870046713214,0.07651194582210064
3470.156890652577,3.203742504119873,3.2805044318014565,0.07676192768158341
3474.179087809651,3.203126907348633,3.280186634697822,0.07705972734918909
3477.2032713584013,3.2025113105773926,3.27996066240871,0.07744935183131751
3481.221655105406,3.2022037506103516,3.279709221744965,0.07750547113461348
3485.245786299647,3.2018959522247314,3.279480825586784,0.07758487336205278
3488.2605471915977,3.2015881538391113,3.2793102677864727,0.0777221139473614
3492.2951454381073,2.6562094688415527,3.1992231203162023,0.5430136514746495
3496.3172328816872,2.6438984870910645,3.1921811739686525,0.5482826868775881
3500.340447487055,2.8679592609405518,3.213083026471561,0.3451237655310093
3503.346582973596,2.865804672241211,3.21194725680962,0.3461425845684092
3507.355902461213,2.862726926803589,3.2106078235172064,0.34788089671361755
3511.3739959486593,2.860264778137207,3.2094642599767775,0.3491994818395705
3514.393139221009,2.8584182262420654,3.2087194964246297,0.3503012701825643
3518.42567947335,2.856879234313965,3.2078749764684042,0.3509957421544394
3522.444536720697,3.3917934894561768,3.3068025313807183,-0.08499095807545842
3525.4566768075038,3.401334524154663,3.3101898533765306,-0.09114467077813249
3529.474026552951,3.1077165603637695,3.2490700364993774,0.1413534761356079
3533.5050616131484,3.1049466133117676,3.248707766484831,0.1437611531730636
3536.5242322176327,3.1046388149261475,3.2485115827768323,0.1438727678506848
3540.5414456873677,3.1046388149261475,3.248293237021148,0.14365442209500046
3544.5596404191965,3.1046388149261475,3.248099152562993,0.14346033763684574
3547.572799494137,3.1046388149261475,3.24796110619624,0.14332229127009244
3551.598967124808,3.1046388149261475,3.247775337161845,0.1431365222356975
3555.6161840591813,3.1052541732788086,3.2476033477694517,0.1423491744906431
3558.6273629018015,3.1049466133117676,3.2474651187546564,0.1425185054428888
3562.64165183325,3.5659945011138916,3.338674909171224,-0.22731959194266782
3566.6647132246853,3.5779976844787598,3.3448575500552313,-0.23314013442352843
3570.6788508670015,3.280686378479004,3.289909428039251,0.009223049560246999
3573.706097154547,3.2800707817077637,3.2897266016661164,0.00965581995835274
3577.7203468201114,3.280378580093384,3.289728627778999,0.009350047685615426
3581.730502440041,3.280686378479004,3.2898739868391846,0.009187608360180732
3584.7446770384813,3.280994176864624,3.2900362506023395,0.009042073737715484
3588.773855053436,3.2819175720214844,3.290290365882127,0.008372793860642602
3592.774071785707,3.2825331687927246,3.2905645920857847,0.008031423293060058
3595.796196955329,3.2828409671783447,3.290785157786063,0.007944190607718227
3599.8254334841477,3.283764123916626,3.2910656195466865,0.0073014956300605505
3603.844727660671,3.283456325531006,3.2913492621755074,0.007892936644501525
3606.872719999974,3.284071922302246,3.291559314337908,0.007487392035661955
3610.082036584665,3.284379720687866,3.2917707351890346,0.007391014501168414
3614.112244751581,3.2849953174591064,3.2920510917345753,0.007055774275468885
3617.1253291443572,3.2853031158447266,3.2922385357176367,0.006935419872910131
3621.1486018786272,3.2856109142303467,3.292490012224397,0.006879097994050287
3625.170734747444,3.285918712615967,3.292732686092429,0.006813973476462287
3629.1819339929225,3.208667039871216,3.275627905774361,0.0669608659031451
3632.1930939725207,3.2074358463287354,3.2749831588452505,0.06754731251651513
3636.2152749612887,3.206204652786255,3.274292929935757,0.06808827714950194
3640.227506283529,3.2046658992767334,3.273739122258486,0.06907322298175256
3643.2436056801034,3.2043581008911133,3.273400194876138,0.0690420939850247
3647.263831073966,3.203126907348633,3.2729975437526546,0.0698706364040218
3651.271154160957,3.2028191089630127,3.2726640001316056,0.06984489116859294
3654.284151937816,3.126183032989502,3.2566258527956427,0.1304428198061407
3658.307395415157,3.12310528755188,3.255304231446303,0.13219894389442333
3662.318554239875,3.120950937271118,3.254227712241626,0.13327677497050772
3665.3367724542386,3.1197197437286377,3.2535498851082796,0.1338301413796419
3669.352955772014,3.3514747619628906,3.302650764019271,-0.0488239979436198
3673.3751375307,3.355475902557373,3.305177377187934,-0.05029852536943924
3676.3902645192593,3.280994176864624,3.2896388988318144,0.00864472196719035
3680.408532393416,3.2816097736358643,3.2901629905152787,0.00855321687941446
3684.420753321747,3.2825331687927246,3.2906185459185857,0.008085377125861104
3687.432881859766,3.2831485271453857,3.290931499372479,0.007782972227093232
3691.458311907789,3.2074358463287354,3.274061603896767,0.06662575756803157
3695.4762333182807,3.2055890560150146,3.2733241428063553,0.06773508679134066
3699.492445123069,3.2046658992767334,3.272767857758458,0.06810195848172462
3702.5047757648917,3.203742504119873,3.2724164792674673,0.06867397514759421
3706.5248009797488,3.2028191089630127,3.2720326934896544,0.06921358452664172
3710.536994575943,3.2022037506103516,3.2717023754566017,0.06949862484625013
3713.552551949364,3.201280355453491,3.2714696662361726,0.07018931078268142
3717.5683680156544,3.12310528755188,3.255298508373671,0.13219322082179108
3721.5875713417063,3.120643138885498,3.254064055537091,0.13342091665159295
3724.5992579460744,3.1191041469573975,3.2532965784079586,0.13419243145056114
3728.6148930813397,3.349936008453369,3.3023129231435737,-0.04762308530979542
3732.638271679507,3.3542449474334717,3.3047563132486326,-0.049488634184839064
3735.652302303046,3.203742504119873,3.2721386673064075,0.06839616318653441
3739.668444815101,3.2018959522247314,3.2715109455061153,0.06961499328138387
3743.6948137796553,3.201280355453491,3.2710494306583886,0.06976907520489739
3746.7081010461516,3.200664758682251,3.2707721451995413,0.07010738651729032
3750.734998560276,3.2000491619110107,3.2704599216163546,0.07041075970534383
3754.7613883126505,3.2000491619110107,3.270194467678167,0.07014530576715616
3757.7784824449045,3.1994335651397705,3.27001069491123,0.07057712977145947
3761.8055612750104,3.1991257667541504,3.269801756454629,0.0706759897004785
3765.819703921803,3.1988182067871094,3.2696124553352153,0.0707942485481059
3769.8449796010136,3.1988182067871094,3.269430505718631,0.07061229893152143
3772.853117262577,3.198202610015869,3.269295250395067,0.07109264037919782
3776.8655295158424,3.1985104084014893,3.269137388829641,0.07062698042815185
3780.8934891335775,3.120027542114258,3.25311130042048,0.13308375830622232
3783.9096936241313,3.118180751800537,3.2522624176839203,0.13408166588338322
3787.9218775963363,3.1169497966766357,3.251348860901774,0.13439906422513825
3791.9500635703334,3.346242666244507,3.3003040119531946,-0.045938654291312275
3794.9602888679565,3.3502438068389893,3.302134556438687,-0.04810925040030245
3798.967407156424,3.278224229812622,3.2869743056934446,0.00875007588082255
3802.975605641608,3.2788398265838623,3.287506902164745,0.008667075580882866
3805.98175075214,3.2797632217407227,3.2878564925706777,0.008093270829955035
3809.9911125853178,3.280994176864624,3.2882920401131455,0.007297863248521441
3814.0131626878137,3.281301975250244,3.288670221889485,0.007368246639241072
3817.020307538498,3.2043581008911133,3.271859853721098,0.06750175282998461
3821.044590791791,3.203126907348633,3.2710912957232035,0.06796438837457064
3825.0556768591396,3.2018959522247314,3.2705164192698586,0.06862046704512714
3829.0809760208904,3.201280355453491,3.2700585014049235,0.06877814595143228
3832.1020656491164,3.200972557067871,3.26977641627031,0.06880385920243892
3836.1292622768688,3.2000491619110107,3.269437388326354,0.06938822641534337
3840.143491924535,3.1997413635253906,3.2691560781106115,0.06941471458522086
3843.160653039762,3.1994335651397705,3.2689618145749177,0.06952824943514724
3847.184926284106,3.1991257667541504,3.2687190404623365,0.06959327370818613
3851.195190462651,2.662364959716797,3.1895320090488353,0.5271670493320384
3854.209264201667,2.6491305828094482,3.1855972330095845,0.5364666502001363
3858.2273800167713,2.863650321960449,3.2076333788181643,0.34398305685771513
3862.251744111587,2.8624191284179688,3.2067075883452514,0.34428845992728263
3865.271728520722,2.859956979751587,3.2061403134885538,0.34618333373696686
3869.2920320613885,2.856879234313965,3.2055134626519353,0.3486342283379704
3873.309100786306,2.854109287261963,3.205012045573964,0.35090275831200124
3876.32108958398,2.8522627353668213,3.2047076167375748,0.35244488137075347
3880.344854681616,2.8501081466674805,3.2043647882237076,0.35425664155622716
3884.368666359367,3.389946699142456,3.3022225543168267,-0.0877241448256294
3887.3808172250447,3.398564577102661,3.3042032640740535,-0.09436131302860762
3891.394040973202,3.100945472717285,3.242639742838759,0.14169427012147384
3895.414406107411,3.0997142791748047,3.242463730063004,0.14274945088819946
3899.4406226279534,3.0990986824035645,3.2423404209736786,0.14324173857011413
3902.455694952241,3.0994064807891846,3.2422692803793556,0.142862799590171
3906.4658005274196,3.0994064807891846,3.2421846900065434,0.14277820921735884
3910.4811042124456,3.0994064807891846,3.2421108074748366,0.14270432668565203
3913.490145759213,3.0994064807891846,3.2420470405870594,0.14264055979787482
3917.5043507694645,3.0994064807891846,3.2419642823051955,0.14255780151601094
3921.515611608482,3.0994064807891846,3.24189862516661,0.1424921443774254
3924.5317306379984,3.56414794921875,3.3309792850120847,-0.23316866420666527
3928.5488836690765,3.576151132583618,3.334886535238218,-0.24126459734539996
3932.5751648628357,3.2757620811462402,3.279497504496595,0.003735423350354594
3935.593365369057,3.27545428276062,3.2793916652308797,0.003937382470259543
3939.6114519272287,3.2760698795318604,3.2794195167465943,0.0033496372147339137
3943.623838773159,3.2763776779174805,3.27952950595141,0.003151828033929327
3946.633238332379,3.2769930362701416,3.27965107298441,0.0026580367142683414
3950.6559940658735,3.277916431427002,3.2798386787753406,0.0019222473483386793
3954.676397696043,3.278224229812622,3.280035256100811,0.001811026288188966
3958.6963432242555,3.2791476249694824,3.28025271416677,0.0011050891972876897
3961.7205521803407,3.2791476249694824,3.2804134733776165,0.0012658484081340404
3965.7309557142707,3.2797632217407227,3.280619854916087,0.0008566331753643297
3969.7519437131523,3.280378580093384,3.2808380694190653,0.0004594893256815169
3972.085371216075,3.280994176864624,3.2809594294520936,-3.474741253040037e-05
3976.101596109491,3.280994176864624,3.281165548525247,0.0001713716606230875
3980.123804430392,3.2816097736358643,3.281367688552023,-0.00024208508384138128
3983.12893132271,3.2822253704071045,3.281515595537368,-0.0007097748697364459
3987.1325919038063,3.2077436447143555,3.2646205447319914,0.0568769000176359
3991.15533724339,3.2043581008911133,3.2639946177673265,0.059636516876213186
3994.173438045067,3.203126907348633,3.2636276669168565,0.06050075956822365
3998.178835564002,3.2022037506103516,3.2632500883607003,0.061046337750348734
4002.1969790961994,3.201280355453491,3.2629353886183408,0.06165503316484955
4005.2091545992935,3.200356960296631,3.2627469452010915,0.06238998490446068
4009.215593818981,3.1997413635253906,3.2625170644246966,0.06277570089930595
4013.2375369026995,3.1988182067871094,3.262323509219044,0.06350530243193475
4016.255701992637,3.1215662956237793,3.246652182190796,0.12508588656701658
4020.286021412887,3.1187963485717773,3.2458242918051243,0.12702794323334698
4024.3119969487016,3.1169497966766357,3.245187055270347,0.12823725859371127
4028.322373920417,3.3450114727020264,3.2936352028328253,-0.051376269869201074
4031.3293613226124,3.349320411682129,3.2949390151429436,-0.05438139653918528
4035.344527962012,3.277916431427002,3.2794899230579544,0.0015734916309524394
4039.359953294281,3.277916431427002,3.279863053603843,0.0019466221768409397
4042.381072949358,3.278532028198242,3.2801134818061337,0.0015814536078915253
4046.3882920972483,3.2791476249694824,3.280431017803699,0.0012833928342166345
4050.411855860999,3.2800707817077637,3.280706889484221,0.0006361077764571732
4053.427376663254,3.203126907348633,3.2640338183092146,0.06090691096058176
4057.440644296812,3.2018959522247314,3.2634540046719187,0.06155805244718726
4061.447944671185,3.200664758682251,3.2630218460679585,0.062357087385707555
4064.4701818640588,3.2000491619110107,3.2627553161683354,0.06270615425732462
4068.4861496044414,3.1994335651397705,3.262474839290743,0.06304127415097227
4072.500610997804,3.1985104084014893,3.2622309167893366,0.06372050838784737
4075.5075036999315,3.1218740940093994,3.2465370073212685,0.12466291331186907
4079.533741393254,3.1187963485717773,3.2456973860542213,0.12690103748244397
4083.5619419957147,3.1166419982910156,3.245047679430781,0.12840568113976536
4086.5770905420104,3.115103006362915,3.244642651397602,0.12953964503468685
4090.591304406331,3.3477816581726074,3.2930599661137787,-0.05472169205882871
4094.6254953655553,3.352398157119751,3.2947363268727465,-0.05766183024700444
4098.647694062467,3.1991257667541504,3.2623250698257675,0.06319930307161714
4101.658841338396,3.198202610015869,3.261998819706491,0.06379620969062172
4105.677208532137,3.197587013244629,3.2616849338353076,0.06409792059067865
4109.691243390233,3.197279214859009,3.2614437812111765,0.06416456635216772
4112.709489706649,3.1966636180877686,3.26128889047093,0.06462527238316129
4116.73863307524,3.1963558197021484,3.261119527384273,0.06476370768212458
4120.755810743731,3.195740222930908,3.2609744726279537,0.0652342496970455
4123.771166783266,3.195432662963867,3.260883223079534,0.06545056011566697
4127.785161990518,3.195124864578247,3.2607651185031794,0.06564025392493233
4131.813562387026,3.195124864578247,3.2606566653229825,0.06553180074473541
4134.828745964649,3.194817066192627,3.260580653681746,0.06576358748911915
4138.844701386324,3.194509267807007,3.2604850337052795,0.0659757658982727
4142.862011865887,3.1160264015197754,3.2448440112212995,0.12881760970152412
4145.879063267623,3.1138720512390137,3.2443487416424017,0.13047669040338805
4149.901266584049,3.111717462539673,3.243825281725589,0.13210781918591596
4153.916618389028,3.344088315963745,3.2921432877599415,-0.051945028203803645
4157.9466121334335,3.3483970165252686,3.2936633510006446,-0.054733665524624
4160.964998575157,3.27483868598938,3.2778864302089397,0.003047744219559778
4164.993271934987,3.2757620811462402,3.278207290788006,0.0024452096417659774
4169.020174453586,3.2766852378845215,3.27850302569795,0.001817787813428673
4172.036447081993,3.2773008346557617,3.2787065210001956,0.0014056863444338319
4176.05756712203,3.2015881538391113,3.262074181774376,0.06048602793526481
4180.0838868117535,3.2000491619110107,3.261592343164325,0.06154318125331404
4183.1092937622,3.1994335651397705,3.2613111492201936,0.0618775840804231
4187.136138536853,3.197894811630249,3.2610123885163507,0.06311757688610165
4191.156407816112,3.197279214859009,3.260784837064362,0.06350562220535316
4194.167737177946,3.1969714164733887,3.2606430456563995,0.06367162918301084
4198.183777290738,3.1963558197021484,3.2604651687336283,0.06410934903147991
4202.196155667556,3.195740222930908,3.2603158792197107,0.06457565628880246
4205.210411492477,3.195432662963867,3.2602149013535042,0.06478223838963704
4209.233273859785,3.195124864578247,3.2600920650222984,0.06496720044405135
4213.257512457763,2.6528239250183105,3.182903431864297,0.5300795068459863
4216.2788565443025,2.6405129432678223,3.180979382482235,0.5404664392144127
4220.291913989904,2.8590338230133057,3.204280918724426,0.34524709571112044
4224.323151538863,2.8556482791900635,3.2039059913884813,0.34825771219841783
4228.3402853219595,2.8522627353668213,3.2036016335794906,0.3513388982126693
4231.353347387074,2.8501081466674805,3.203422651485951,0.3533145048184707
4235.368658386335,2.8473381996154785,3.203224107830823,0.3558859082153445
4239.38584259914,2.8448760509490967,3.203065491044941,0.3581894400958445
4242.404883857187,2.843337059020996,3.2029667373296093,0.35962967830861325
4246.428110011344,3.387176752090454,3.3002204350456186,-0.08695631704483553
4250.457279172228,3.397948980331421,3.3019431765385434,-0.09600580379287749
4253.46847687787,3.094482183456421,3.2399616362253836,0.14547945276896268
4257.500612537642,3.0932509899139404,3.2398286127405873,0.14657762282664688
4261.52382637309,3.0932509899139404,3.239752590962281,0.14650160104834065
4264.526982272117,3.0932509899139404,3.239719806288856,0.1464688163749157
4268.551171210303,3.0932509899139404,3.239677140666813,0.14642615075287235
4272.5713380903,3.0929431915283203,3.2396338369784416,0.14669064545012134
4275.5855638883695,3.0932509899139404,3.2396071627599445,0.1463561728460041
4279.6107402479975,3.0932509899139404,3.239578363991914,0.14632737407797336
4283.619945402606,3.549682378768921,3.328112786154667,-0.2215695926142538
4286.6363523819255,3.561993360519409,3.3298805279868295,-0.23211283253257964
4290.654279181852,3.572765588760376,3.3321165967796844,-0.24064899198069156
4294.67367113812,3.269298791885376,3.2757386754114917,0.006439883526115686
4298.692791312893,3.269914388656616,3.275352988744197,0.005438600087580792
4301.715836536025,3.2705297470092773,3.275195787452888,0.00466604044361052
4305.729226586744,3.2708375453948975,3.2750728299644685,0.004235284569571007
4309.753245757733,3.2714531421661377,3.2750387553120373,0.0035856131458995577
4312.76541625635,3.272068738937378,3.275037942151429,0.0029692032140511415
4316.781932949165,3.272684335708618,3.275062438913987,0.002378103205368909
4320.795898129565,3.2736074924468994,3.275107280427715,0.0014997879808156256
4323.8239913282905,3.2739152908325195,3.2751503162836615,0.0012350254511419578
4327.840413321035,3.2745308876037598,3.2752093840675407,0.000678496463780931
4331.09229740969,3.27483868598938,3.2752742505562242,0.00043556456684434863
4334.110053280945,3.27545428276062,3.2753313783420683,-0.00012290441855178358
4338.13416984672,3.2757620811462402,3.2754104608150314,-0.00035162033120883507
4342.147753917092,3.2763776779174805,3.275498146770385,-0.0008795311470954914
4345.160477217736,3.2766852378845215,3.275553335938052,-0.0011319019464695046
4349.178722379274,3.200664758682251,3.2588652823498525,0.058200523667601534
4353.199898623416,3.1988182067871094,3.2584688020367607,0.05965059524965133
4357.209133804876,3.197279214859009,3.2581684785463123,0.06088926368730352
4360.224328931286,3.1966636180877686,3.2579997744297398,0.061336156341971204
4364.244516984067,3.195432662963867,3.2578025897346947,0.06236992677082753
4368.261670785059,3.194817066192627,3.257653469138354,0.0628364029457269
4371.263822324418,3.1942014694213867,3.257548300934766,0.06334683151337916
4375.28416128137,3.1932780742645264,3.257433119428276,0.06415504516374959
4379.302223202127,3.114795446395874,3.241954410653725,0.127158964257851
4382.313341221125,3.112640857696533,3.241606345969334,0.12896548827280085
4386.3278518893185,3.1104865074157715,3.241263426010357,0.13077691859458573
4390.343777284141,3.340702772140503,3.289243704278213,-0.05145906786228993
4393.360929545299,3.3447036743164062,3.2900332960336653,-0.054670378282740906
4397.383219092682,3.271760940551758,3.2742564844035407,0.0024955438517828554
4401.392343020809,3.2729921340942383,3.2744557356228285,0.0014636015285902637
4404.4094825782995,3.2736074924468994,3.274594007263633,0.000986514816733397
4408.421010579299,3.2745308876037598,3.2747675164419916,0.00023662883823183378
4412.434949967406,3.1994335651397705,3.2582434210173945,0.058809855877623995
4415.446075300637,3.197587013244629,3.2579818634030113,0.06039485015838242
4419.462710176054,3.1963558197021484,3.2577325148783127,0.061376695176164286
4423.484435372624,3.195124864578247,3.2575383287580895,0.06241346417984239
4427.505910345437,3.1942014694213867,3.2573846049517874,0.06318313553040067
4430.515032733725,3.1938936710357666,3.257281968815775,0.06338829778000843
4434.53497749202,3.1929702758789062,3.257171189283233,0.06420091340432688
4438.553688454707,3.114487648010254,3.2417126447328775,0.12722499672262355
4441.577345763646,3.112640857696533,3.241385118788476,0.12874426109194292
4445.59453036141,3.1104865074157715,3.2410484484621493,0.13056194104637786
4449.614837751675,3.3391637802124023,3.2890072782413915,-0.05015650197101085
4452.6398936189435,3.3431649208068848,3.28976378538327,-0.053401135423614576
4456.649084530045,3.195432662963867,3.2573781472786028,0.061945484314735566
4460.664200354771,3.1935858726501465,3.2571567926754064,0.06357092002525988
4463.67459387975,3.192662477493286,3.2570347675255613,0.06437229003227518
4467.685652230006,3.191739320755005,3.256901420236531,0.06516209948152607
4471.710831669312,3.1911237239837646,3.2568063970978782,0.06568267311411358
4474.723978810505,3.1905081272125244,3.2567296620832415,0.06622153487071714
4478.755200576123,3.1902003288269043,3.2566609041805537,0.06646057535364935
4482.774364636292,3.189892530441284,3.2565955606014865,0.06670303016020229
4486.794588875275,3.189584732055664,3.256537082150748,0.06695235009508416
4489.818790132169,3.189276933670044,3.256502875149092,0.06722594147904815
4493.833919815443,3.188661575317383,3.256453027615661,0.0677914522982781
4497.851243768593,3.188661575317383,3.2564002790829107,0.06773870376552793
4500.87040051453,3.111409902572632,3.241092344389597,0.1296824418169651
4504.8954998822355,3.108947515487671,3.2407434529003307,0.13179593741265982
4508.916842043975,3.106793165206909,3.240483956156051,0.13369079094914182
4511.927171280695,3.1055619716644287,3.240327469399002,0.13476549773457336
4515.94201185929,3.3391637802124023,3.288198172591783,-0.0509656076206193
4519.961243672355,3.344088315963745,3.2891134493335983,-0.054974866630146835
4522.970577788439,3.2686831951141357,3.273148868836102,0.004465673721966379
4526.988610837223,3.269298791885376,3.273335904859609,0.004037112974232926
4531.003800574199,3.2711453437805176,3.2735018072062436,0.002356463425726041
4534.016095414776,3.2714531421661377,3.273607882018932,0.0021547398527941297
4538.041198632076,3.195124864578247,3.2571513303476634,0.062026465769416284
4542.060467786225,3.1935858726501465,3.2568875051390167,0.06330163248887022
4545.075773781009,3.192662477493286,3.2567344685393858,0.06407199104609962
4549.093698656137,3.192047119140625,3.2565932263189845,0.06454610717835951
4553.113118329498,3.1905081272125244,3.256466360284292,0.0659582330717674
4557.138102209314,3.1902003288269043,3.2563678902111417,0.0661675613842374
4560.152220603648,3.189892530441284,3.2563048082532093,0.06641227781192516
4564.1764426483605,3.189276933670044,3.2562314413221136,0.06695450765206967
4568.190666906592,3.188969373703003,3.2561676169543263,0.0671982432513234
4571.2108083792555,3.1883537769317627,3.256118126677737,0.06776434974597434
4575.22613323706,2.6408207416534424,3.1801929853205744,0.539372243667132
4579.237214684894,2.6260476112365723,3.1789995388412438,0.5529519276046715
4582.256351797891,2.8504159450531006,3.2029620621600494,0.35254611710694883
4586.27764199008,2.8470304012298584,3.202799786401311,0.3557693851714525
4590.306808841206,2.843337059020996,3.202659871853868,0.3593228128328718
4593.313906341857,2.8411827087402344,3.2025687818943247,0.3613860731540903
4597.3471664687,2.8381049633026123,3.2024709009454058,0.36436593764279346
4601.370371065119,2.8356428146362305,3.2023946170648565,0.36675180242862604
4604.388557712793,3.36624813079834,3.299194697655605,-0.06705343314273504
4608.400846778977,3.383175849914551,3.3006519119018973,-0.08252393801265345
4612.418836712284,3.088942050933838,3.238856132019293,0.14991408108545512
4615.439180288751,3.086479902267456,3.23879675039219,0.1523168481247339
4619.4562101327465,3.0852489471435547,3.2387408748271436,0.15349192768358888
4623.481508524577,3.0849411487579346,3.2387090431848344,0.15376789442689986
4627.5006202302375,3.0849411487579346,3.238684713985795,0.15374356522786048
4630.512763011762,3.0849411487579346,3.2386687694406,0.1537276206826652
4634.533030366223,3.0846333503723145,3.238654595563813,0.1540212451914984
4638.552214829253,3.0843255519866943,3.2386303857308887,0.15430483374419435
4641.571363491037,3.0843255519866943,3.2386167713573126,0.1542912193706183
4645.5898377035555,3.5462968349456787,3.3266753365038984,-0.21962149844178036
4649.602724996999,3.5595312118530273,3.3283367823997168,-0.2311944294533106
4652.612839041289,3.263451099395752,3.272020436324248,0.008569336928496263
4656.641261765455,3.261296510696411,3.2718763625497695,0.010579851853358413
4660.660257598267,3.2616043090820312,3.2718196611190082,0.010215352036976988
4663.676414738788,3.2622199058532715,3.271815888873152,0.009595983019880627
4667.694636417789,3.2628355026245117,3.2718211255265235,0.00898562290201177
4671.71782831054,3.263758659362793,3.2718391930284154,0.008080533665622447
4674.736969658092,3.264066457748413,3.2718580556659616,0.007791597917548465
4678.759162965567,3.264374256134033,3.2718877422015185,0.007513486067485253
4682.776374895466,3.2649898529052734,3.2719209262454205,0.006931073340147087
4686.793598374154,3.265913248062134,3.27195633756258,0.006043089500446186
4689.799847423785,3.266221046447754,3.27198376643079,0.005762719983036124
4693.106753934684,3.266528844833374,3.272007969523057,0.005479124689682813
4697.120061219082,3.267144203186035,3.272052160080574,0.004907956894538934
4700.135250186142,3.2677597999572754,3.2720806758740455,0.004320875916770106
4704.156349823317,3.2680675983428955,3.2721187084181285,0.004051110075232955
4708.1766302664055,3.2683753967285156,3.2721565670107093,0.003781170282193713
4711.184128510025,3.191739320755005,3.2557154833605817,0.06397616260557681
4715.201960609884,3.189584732055664,3.255476300766409,0.06589156871074486
4719.23217224144,3.1883537769317627,3.255310710032984,0.06695693310122142
4722.253500544633,3.1874303817749023,3.255221009416955,0.06779062764205257
4726.2635268181275,3.186199188232422,3.255119043972053,0.06891985573963133
4730.274861954358,3.1852760314941406,3.255038125206882,0.06976209371274145
4733.292938888539,3.1843526363372803,3.2549750371318344,0.07062240079455417
4737.314070092401,3.1077165603637695,3.239699709906464,0.13198314954269463
4741.332737554652,3.1043310165405273,3.2394639182349003,0.13513290169437298
4744.3565715600635,3.1021764278411865,3.2393265964309546,0.13715016858976803
4748.387487282775,3.0997142791748047,3.239181231577839,0.1394669524030343
4752.412831484802,3.333008289337158,3.2868423097930637,-0.046165979544094515
4756.446953921211,3.3373172283172607,3.2875009590528554,-0.0498162692644053
4759.456065915592,3.2625277042388916,3.271470987406323,0.008943283167431204
4763.472375115163,3.263758659362793,3.2715769828632926,0.007818323500499602
4767.495475772483,3.264374256134033,3.2716749889163648,0.007300732782331565
4770.505727632319,3.2649898529052734,3.2717402713225927,0.0067504184173192705
4774.533808897295,3.188661575317383,3.2553595424774655,0.0666979671600827
4778.546662314293,3.186814785003662,3.2551779252302664,0.06836314022660428
4781.559256268503,3.186199188232422,3.255072133840314,0.06887294560789226
4785.578359890011,3.1849682331085205,3.254975144603701,0.07000691149518046
4789.604617216273,3.18404483795166,3.254889062329699,0.07084422437803894
4792.621101572477,3.18342924118042,3.2548461993646547,0.07141695818423477
4796.634915463745,3.1825060844421387,3.254785242626493,0.07227915818435449
4800.661147767631,3.103099822998047,3.239528517665496,0.13642869466744934
4803.681390484677,3.1015610694885254,3.239365521736061,0.13780445224753546
4807.703502950633,3.0987908840179443,3.239190301306633,0.14039941728868888
4811.7238184250455,3.3305461406707764,3.286839584940209,-0.04370655573056759
4815.7428627627705,3.33547043800354,3.287466126499548,-0.04800431150399209
4818.751022751992,3.18404483795166,3.2550280244669834,0.0709831865153232
4822.766437305392,3.1821982860565186,3.254875896831698,0.07267761077517942
4826.78242159904,3.1815826892852783,3.2547839726731165,0.07320128338783816
4829.800552812527,3.180659294128418,3.254722862067127,0.07406356793870916
4833.817892549023,3.1800436973571777,3.2546646590053565,0.07462096164817877
4837.842973823623,3.1797358989715576,3.2546242733934263,0.07488837442186869
4840.850121753985,3.1794283390045166,3.254588663264304,0.07516032425978736
4844.872577218968,3.1785049438476562,3.2545546191513357,0.07604967530367945
4848.896517088275,3.177889347076416,3.2545189689288345,0.0766296218524185
4851.912837066717,3.177889347076416,3.254511585093505,0.07662223801708912
4855.931860231663,3.177889347076416,3.254487830559838,0.07659848348342191
4859.9591119086435,3.177273750305176,3.2544599811120345,0.07718623080685871
4862.972289076688,3.0990986824035645,3.239288133716917,0.14018945131335236
4866.990432993844,3.0969443321228027,3.2390981365679608,0.14215380444515802
4871.018802978542,3.094789981842041,3.238956159490508,0.14416617764846684
4874.033926887423,3.3228516578674316,3.2864985282475176,-0.03635312961991399
4878.061022270793,3.329314947128296,3.287121052750564,-0.04219389437773202
4882.08232593657,3.2572953701019287,3.2711584704434564,0.013863100341527712
4886.099375413507,3.257910966873169,3.271238987484109,0.013328020610940072
4889.108531293285,3.2588343620300293,3.271300425360057,0.012466063330027755
4893.118899025969,3.2594499588012695,3.271373606199231,0.011923647397961368
4897.139934374887,3.1855838298797607,3.2550069464322227,0.06942311655246192
4900.150079985866,3.18342924118042,3.2548814769246963,0.0714522357442764
4904.174479112007,3.181274890899658,3.2547410127095984,0.07346612180994017
4908.196519590512,3.180351495742798,3.254652574221665,0.07430107847886713
4911.206672130766,3.1794283390045166,3.254590365380527,0.07516202637601044
4915.223967981861,3.1788127422332764,3.254529168928499,0.0757164266952226
4919.239173502183,3.178197145462036,3.2544795970515206,0.07628245158948443
4922.255198216591,3.177581548690796,3.2544480156371467,0.0768664669463508
4926.28179122765,3.1769659519195557,3.2544055111023127,0.07743955918275702
4930.3085882673095,3.1766581535339355,3.2543805021980665,0.07772234866413097
4933.331735119784,2.645745038986206,3.1791747460251587,0.5334297070389526
4937.3432677403,2.6235852241516113,3.1783741103683605,0.5547888862167492
4941.363172077832,2.8381049633026123,3.2023412793583477,0.36423631605573537
4944.3782905972785,2.837489366531372,3.202265881254855,0.36477651472348294
4948.410651843391,2.83441162109375,3.2021698629972803,0.36775824190353035
4952.4306901468735,2.831026077270508,3.2020873845823896,0.3710613073118818
4956.456074769663,2.828256130218506,3.2020209061433667,0.3737647759248608
4959.466027130909,2.8264095783233643,3.2019713535959484,0.37556177527258416
4963.485243160627,2.8242549896240234,3.2019170008396456,0.37766201121562215
4967.498578162118,3.36624813079834,3.298722435817889,-0.0675256949804508
4970.506843245317,3.375481367111206,3.299709679352417,-0.07577168775878906
4974.519826008751,3.0769388675689697,3.238100000120766,0.1611611325517961
4978.537168824923,3.074784517288208,3.238057809428584,0.16327329214037611
4981.547125420724,3.074476718902588,3.2380391478588773,0.16356242895628936
4985.56131618747,3.0738611221313477,3.2380299205622336,0.16416879843088594
4989.589713504298,3.0735533237457275,3.2380235538116287,0.1644702300659011
4992.599806375811,3.0735533237457275,3.2380190279630297,0.1644657042173021
4996.622912037603,3.0735533237457275,3.238018134105946,0.16446481036021865
5000.64517964229,3.0732455253601074,3.238005559183134,0.1647600338230264
5003.64842215723,3.0729377269744873,3.237994330688853,0.16505660371436548
5007.664433783011,3.5395257472991943,3.3257731391049057,-0.21375260819428865
5011.68266739576,3.5521445274353027,3.3271199960045212,-0.2250245314307815
5015.713946905322,3.2514476776123047,3.2708917039950087,0.01944402638270404
5018.7320388529315,3.2508320808410645,3.2707759289108527,0.019943848069788217
5022.751144399235,3.2511398792266846,3.2706858725079084,0.01954599328122386
5026.779451250555,3.2514476776123047,3.270642447085552,0.019194769473247497
5029.794433109331,3.252371072769165,3.2706241078489615,0.018253035079796476
5033.803866545,3.2529866695404053,3.270610528343152,0.01762385880274664
5037.823939879809,3.2532944679260254,3.270605047860361,0.017310579934335824
5040.831296458289,3.2536022663116455,3.2705982670231384,0.016996000711492876
5044.8574556198455,3.2542176246643066,3.2706142725976015,0.016396647933294872
5048.877478524944,3.2545254230499268,3.2706139617470997,0.01608853869717297
5051.894211565066,3.255141019821167,3.270619966895563,0.015478947074396121
5055.117430970173,3.255448818206787,3.2706273697582136,0.015178551551426445
5059.145655825092,3.2557566165924072,3.270637682251853,0.014881065659445802
5062.1518028604205,3.2560644149780273,3.2706459587528744,0.014581543774847106
5066.172088307983,3.2566800117492676,3.2706575581334736,0.013977546384206008
5070.198239770349,3.1815826892852783,3.2542848009621173,0.07270211167683893
5073.206449034402,3.1791205406188965,3.2541664979918106,0.07504595737291408
5077.220508144954,3.177273750305176,3.2540514136244783,0.07677766331930247
5081.23775279642,3.175427198410034,3.2539668520303833,0.07853965362034909
5085.270050139237,3.1741960048675537,3.2538961545920797,0.07970014972452599
5088.282323037118,3.1735804080963135,3.2538576249094486,0.08027721681313515
5092.296317859409,3.172349452972412,3.2538157100603815,0.0814662570879694
5096.321663986233,3.1711182594299316,3.253781953254145,0.08266369382421335
5099.3349755051895,3.0938665866851807,3.238649538753874,0.1447829520686934
5103.34385844859,3.0907888412475586,3.2384954988073806,0.14770665755982204
5107.360066018822,3.0880188941955566,3.238375662987816,0.15035676879225957
5110.370632775632,3.3136184215545654,3.2858045269368814,-0.02781389461768402
5114.384405861179,3.32069730758667,3.2863168339160094,-0.03438047367066055
5118.400723529865,3.249601125717163,3.2703164761759655,0.02071535045880246
5121.4138541177945,3.249601125717163,3.2703526503881513,0.020751524670988175
5125.436925518181,3.2508320808410645,3.270413735590063,0.019581654748998645
5129.453322103589,3.251755475997925,3.2704609772547073,0.018705501256782497
5132.469595501914,3.252371072769165,3.2704980465337283,0.018126973764563292
5136.482470861614,3.175119400024414,3.254168136447034,0.07904873642262
5140.504857033862,3.1729650497436523,3.2540319418835337,0.08106689213988139
5143.522866985071,3.172041654586792,3.2539521244722818,0.08191046988548978
5147.533076884307,3.1708104610443115,3.253877028067892,0.08306656702358062
5151.546552011103,3.169887065887451,3.253819910355534,0.08393284446808291
5155.567468792455,3.16957950592041,3.253775218362804,0.08419571244239377
5158.57869075055,3.092020034790039,3.238635306791898,0.14661527200185898
5162.597938731922,3.088942050933838,3.2384754790236574,0.1495334280898195
5166.621015521743,3.086172103881836,3.238357064038327,0.15218496015649086
5169.637165348029,3.0843255519866943,3.238276744565539,0.1539511925788446
5173.66365095535,3.317927360534668,3.285753372834465,-0.03217398770020319
5177.681570441047,3.3225438594818115,3.2862533269211758,-0.036290532560635747
5180.692738889753,3.16957950592041,3.2539061818713075,0.08432667595089738
5184.706931966257,3.1683483123779297,3.2538065762256165,0.08545826384768684
5188.713131741055,3.1674249172210693,3.253742395014157,0.08631747779308752
5191.731282587483,3.166501760482788,3.253707545673608,0.0872057851908199
5195.741649550251,3.165886163711548,3.2536653372615367,0.08777917354998888
5199.759646027869,3.1652705669403076,3.2536371089350977,0.0883665419947901
5202.779887974995,3.1649627685546875,3.25361952843562,0.08865675988093269
5206.785321295174,3.1646549701690674,3.2535998222045164,0.088944852035449
5210.810240886733,3.1643471717834473,3.2535893034062173,0.08924213162277006
5214.826563944851,3.163731575012207,3.253575017671334,0.0898434426591268
5217.8438340036555,3.163423776626587,3.2535654638456473,0.09014168721906035
5221.860772612219,3.163116216659546,3.253547763922956,0.0904315472634103
5225.884088461966,3.083709955215454,3.238419319753298,0.1547093645378439
5228.89532620341,3.0824787616729736,3.238325604173637,0.15584684250066339
5232.914330890293,3.080324411392212,3.238216089069102,0.15789167767688994
5236.940642880823,3.313002824783325,3.285666414510284,-0.027336410273041345
5239.953825438302,3.3170039653778076,3.2860492567591173,-0.03095470861869032
5243.972859382116,3.244061231613159,3.2700754313836624,0.026014199770503232
5247.998197039831,3.2446765899658203,3.270140712476305,0.0254641225104848
5251.002518211646,3.2455999851226807,3.2701851744918162,0.024585189369135563
5255.029587417765,3.246215581893921,3.270236092487065,0.024020510593143918
5259.038659761303,3.1705026626586914,3.2539434661553077,0.08344080349661631
5262.052880939857,3.16896390914917,3.253840883369521,0.08487697422035101
5266.070992135445,3.1674249172210693,3.2537490472506407,0.0863241300295714
5270.083944872027,3.166501760482788,3.253688508092126,0.08718674760933798
5273.09951764383,3.1655783653259277,3.253649473573673,0.08807110824774522
5277.110552896511,3.1646549701690674,3.2536015535395224,0.08894658337045502
5281.138735020912,3.164039373397827,3.2535683294034716,0.08952895600564448
5285.149142789394,3.163731575012207,3.253547823909628,0.08981624889742079
5288.165170583481,3.163116216659546,3.2535247926217545,0.09040857596220864
5292.1904362537425,3.1625006198883057,3.253505528848666,0.09100490896036018
5296.223623238258,2.6180453300476074,3.1784613015305583,0.5604159714829509
5299.235722134386,2.6066577434539795,3.1779794750414485,0.571321731587469
5303.24305253561,2.825486183166504,3.2019575689395414,0.3764713857730375
5307.264005888126,2.822716236114502,3.2018513388256693,0.37913510271116735
5310.278535804302,2.82025408744812,3.2017742285369084,0.3815201410887883
5314.308364785986,2.817483901977539,3.2016903190116563,0.3842064170341173
5318.336670867391,2.814713954925537,3.201613754586124,0.38689979966058674
5321.345912593162,2.8125596046447754,3.201558746287097,0.3889991416423215
5325.37291943582,2.8107128143310547,3.2014999028704105,0.39078708853935584
5329.400344729591,3.3573226928710938,3.298287458887968,-0.059035233983125934
5332.411165944717,3.3659403324127197,3.299235656458203,-0.0667046759545169
5336.416615818163,3.063704490661621,3.237654819390268,0.17395032872864702
5340.437681193931,3.0621657371520996,3.2376076019546107,0.17544186480251112
5344.460862692771,3.0615501403808594,3.2375919507547755,0.17604181037391609
5347.4790516502035,3.0612423419952393,3.2375859608119955,0.1763436188167562
5351.488871970299,3.060934543609619,3.2375800202877403,0.17664547667812114
5355.511479879293,3.060626745223999,3.2375743917771524,0.17694764655315343
5358.531590170227,3.060626745223999,3.2375698938335695,0.1769431486095705
5362.5540113738025,3.060318946838379,3.2375633910353043,0.17724444419692542
5366.581002433115,3.5170581340789795,3.325232494246759,-0.19182563983222067
5369.60315493487,3.5312159061431885,3.326211349613849,-0.2050045565293397
5373.6234550109,3.5432190895080566,3.327171621603752,-0.21604746790430474
5377.647622391347,3.2394444942474365,3.2706593751835857,0.031214880936149214
5380.67284648597,3.2394444942474365,3.270471847953116,0.031027353705679328
5384.697883105255,3.2394444942474365,3.2703082595477087,0.030863765300272128
5388.715108123781,3.2397522926330566,3.2702088975132533,0.030456604880196636
5391.734344941318,3.240675687789917,3.270156209656113,0.029480521866195986
5395.747645296447,3.241291046142578,3.2701048562365593,0.028813810093981207
5399.767868380546,3.2415988445281982,3.2700686761658737,0.02846983163767547
5402.7820568375355,3.2419066429138184,3.270048733680479,0.028142090766660743
5406.804059589995,3.2425222396850586,3.270029322364122,0.027507082679063544
5410.8213512065395,3.243137836456299,3.2700096173885735,0.026871780932274714
5414.11237067587,3.243445634841919,3.2700087114811094,0.02656307663919044
5417.139384779799,3.243753433227539,3.270004131620131,0.026250698392591865
5421.165573968208,3.244061231613159,3.2700004329549746,0.025939201341815377
5425.193895832954,3.2443687915802,3.2699923961952506,0.02562360461505042
5428.212851245007,3.2446765899658203,3.269998719828108,0.025322129862287657
5432.228224607723,3.1683483123779297,3.2536686018710075,0.0853202894930778
5436.248262526247,3.1655783653259277,3.2535284525161936,0.08795008719026587
5439.273440425715,3.1646549701690674,3.253461601339292,0.08880663117022447
5443.2957750133755,3.163116216659546,3.2533872676966267,0.09027105103708077
5447.318881060131,3.1618850231170654,3.2533310930132915,0.09144606989622606
5450.336993025634,3.160653829574585,3.2532915059219465,0.09263767634736153
5454.3543277576555,3.160038471221924,3.2532616631610924,0.09322319193916861
5458.368377244215,3.1588072776794434,3.2532331769494096,0.09442589926996625
5461.386549648385,3.080324411392212,3.2381358788741865,0.1578114674819746
5465.40285769308,3.07724666595459,3.2379967729450536,0.16075010699046377
5469.420939246775,3.074476718902588,3.237892108297344,0.16341538939475608
5472.44211241124,3.304385185241699,3.285239868287702,-0.019145316953997238
5476.45742264058,3.3102328777313232,3.285710042368175,-0.024522835363148143
5480.473492780222,3.237290143966675,3.2697040692167616,0.032413925250086795
5484.486724612534,3.237905502319336,3.2697486440838635,0.031843141764527516
5487.497194359521,3.2388288974761963,3.2697805861559983,0.030951688679802025
5491.51305084657,3.2394444942474365,3.2698170512125913,0.03037255696515473
5495.526090584026,3.164039373397827,3.253542393860957,0.08950302046312997
5498.531691361646,3.1618850231170654,3.2534453230692533,0.09156029995218784
5502.5418154148865,3.160346031188965,3.253358782367816,0.093012751178851
5506.5672958926225,3.1591150760650635,3.2533019478845215,0.09418687181945806
5509.590771115658,3.1584994792938232,3.2532652829164936,0.0947658036226704
5513.620157393772,3.1572682857513428,3.2532200842126935,0.09595179846135071
5517.631313523772,3.1560373306274414,3.2531895671720656,0.09715223654462424
5520.639717577398,3.0784778594970703,3.2380986088272428,0.15962074933017245
5524.654658245494,3.0754001140594482,3.237953442722813,0.16255332866336492
5528.67714142757,3.072322368621826,3.237853775103267,0.16553140648144105
5531.694276365544,3.3000762462615967,3.2851978238286264,-0.014878422432970329
5535.712462243302,3.306847333908081,3.285659721665288,-0.021187612242793197
5539.718683960798,3.1588072776794434,3.253373360181047,0.0945660825016037
5543.738704941099,3.1566529273986816,3.253276467715602,0.09662354031692022
5546.748808591479,3.155421733856201,3.2532299181734867,0.09780818431728555
5550.769179500079,3.154498338699341,3.253184599708053,0.09868626100871225
5554.794417838206,3.1535751819610596,3.253151156182448,0.09957597422138864
5557.818560196278,3.1529595851898193,3.253137328540132,0.10017774335031282
5561.832771750842,3.152651786804199,3.253115758294598,0.10046397149039876
5565.864970543993,3.1514205932617188,3.2530920120192404,0.10167141875752161
5568.889088264648,3.1511127948760986,3.2530870248827153,0.10197423000661665
5572.910068179379,3.1511127948760986,3.2530743290103894,0.10196153413429077
5576.931428819184,3.1508049964904785,3.253057292865737,0.10225229637525857
5579.952748653264,3.1504971981048584,3.2530500265772377,0.10255282847237934
5583.969763098874,3.0735533237457275,3.2379565246948023,0.1644032009490748
5587.989220883239,3.0701677799224854,3.2378350947917953,0.16766731486930997
5591.013993420218,3.068629026412964,3.237767445802386,0.1691384193894221
5595.034173003887,3.066474437713623,3.237696912182922,0.17122247446929917
5599.048430753603,3.3019230365753174,3.2850741303590008,-0.016848906216316628
5602.058851225758,3.3056163787841797,3.285434170244368,-0.020182208539811786
5606.091821862963,3.231750011444092,3.2694825369612017,0.03773252551710993
5610.111788563954,3.232673406600952,3.269545346096685,0.036871939495732864
5614.140199354375,3.2335968017578125,3.2696003161444436,0.036003514386631075
5617.161310540339,3.2342123985290527,3.2696344334503573,0.03542203492130458
5621.177661700507,3.1572682857513428,3.253374880200682,0.09610659444933933
5625.189733264502,3.155421733856201,3.253267163099711,0.09784542924351003
5628.200835885116,3.154806137084961,3.253216107942462,0.09840997085750125
5632.222099900051,3.1532673835754395,3.2531519181976387,0.09988453462219926
5636.237383567179,3.152343988418579,3.2531083486712693,0.1007643602526902
5639.261589058626,3.1508049964904785,3.253082251590272,0.10227725509979368
5643.284905293334,3.1508049964904785,3.2530603209484648,0.10225532445798624
5647.314842833635,3.1501896381378174,3.2530378963036624,0.10284825816584497
5650.327176555138,3.1498818397521973,3.2530239511347947,0.10314211138259743
5654.350181357511,3.149266242980957,3.2530082302479677,0.10374198726701067
5658.362522778203,2.599271059036255,3.1780618234684774,0.5787907644322225
5661.380732138494,2.587883234024048,3.177587197724853,0.589703963700805
5665.409696115899,2.8097896575927734,3.2015396263109874,0.391749968718214
5669.426264778258,2.806096315383911,3.2014287316969736,0.3953324163130625
5673.437166834907,2.802710771560669,3.2013184063429856,0.39860763478231664
5676.460287510126,2.800248622894287,3.2012487036479436,0.40100008075365645
5680.4837627331635,2.797786235809326,3.201159565671561,0.4033733298622346
5684.509681294954,2.795016288757324,3.201078385568838,0.40606209681151384
5687.524993834051,3.326852798461914,3.297764944896488,-0.02908785356542598
5691.550997086959,3.3450114727020264,3.299019011619649,-0.0459924610823772
5695.566228399577,3.0510857105255127,3.2373365119406223,0.18625080141510963
5698.587386935575,3.0477001667022705,3.237285635469554,0.18958546876728333
5702.605768372823,3.046161413192749,3.2372436237167728,0.19108221052402374
5706.62375330165,3.045545816421509,3.2372227804249816,0.19167696400347278
5709.64410534723,3.0449302196502686,3.2372112247316727,0.1922810050814041
5713.667139406534,3.0446224212646484,3.237203640470238,0.19258121920558935
5717.697356042563,3.0443146228790283,3.2371918043785186,0.1928771814994903
5720.7097721454265,3.044006824493408,3.2371722743994336,0.19316544990602535
5724.7267034397555,3.043391466140747,3.2371612082324894,0.19376974209174236
5728.751018644698,3.5081326961517334,3.324846068988675,-0.1832866271630582
5731.755048017119,3.5201358795166016,3.3257864024497747,-0.19434947706682681
5735.779263517519,3.226825714111328,3.2697236572963604,0.04289794318503226
5739.79056323746,3.2246713638305664,3.2696028938018866,0.04493152997132022
5743.824680284435,3.2246713638305664,3.2695511308794423,0.04487976704887586
5746.846749634911,3.2252867221832275,3.269529237116107,0.04424251493287956
5750.869974634186,3.2252867221832275,3.26951072391864,0.04422400173541252
5754.879163620495,3.226210117340088,3.2694992004408503,0.043289083100762404
5757.892364656034,3.226825714111328,3.2694999631210724,0.04267424900974426
5761.895662220202,3.2271335124969482,3.269482118661979,0.04234860616503067
5765.923757728686,3.2274413108825684,3.269485651924107,0.04204434104153876
5768.938920518489,3.2280569076538086,3.269484566148729,0.04142765849492047
5772.960209170842,3.2283644676208496,3.2694840887379346,0.041119621117085
5776.130028986505,3.2286722660064697,3.2694843286149933,0.04081206260852355
5779.150181238039,3.22898006439209,3.269484931075436,0.0405048666833463
5783.169351457558,3.22928786277771,3.2694861516863467,0.04019828890863675
5787.187624336193,3.22959566116333,3.269494192563597,0.03989853140026689
5790.200762238355,3.22959566116333,3.2694891396413253,0.03989347847799518
5794.222990962118,3.152651786804199,3.253181311871705,0.10052952506750579
5798.237131684109,3.1501896381378174,3.253062726863723,0.1028730887259055
5801.258314087605,3.148958444595337,3.2529949194310914,0.10403647483575451
5805.276540386123,3.146804094314575,3.252919743721578,0.1061156494070028
5809.308796153298,3.1455729007720947,3.2528736826703106,0.1073007818982159
5813.337897176329,3.1446495056152344,3.252833637074678,0.10818413145944383
5816.355191102626,3.143418550491333,3.25280949475117,0.10939094425983686
5820.364518289438,3.066782236099243,3.2377001120984072,0.17091787599916408
5824.382443164566,3.0624735355377197,3.2375616799738696,0.17508814443614984
5827.39659235567,3.060318946838379,3.237487321432238,0.17716837459385903
5831.42582849953,3.057548999786377,3.237414541844629,0.179865542058252
5835.450996775009,3.291766405105591,3.2847738642608397,-0.006992540844751094
5838.464144301161,3.295459747314453,3.2851225290685475,-0.01033721824590561
5842.496331545524,3.2215936183929443,3.269157691098288,0.04756407270534346
5846.518546795698,3.2225167751312256,3.2692215424317617,0.046704767300536076
5849.5326975266435,3.223440170288086,3.2692600302791224,0.04581985999103644
5853.552896743251,3.224055767059326,3.269302524674185,0.04524675761485897
5857.567097903902,3.1474194526672363,3.253051352818239,0.10563190015100288
5860.581255564117,3.1455729007720947,3.2529674445998285,0.10739454382773372
5864.601593751151,3.144033908843994,3.2529004978707774,0.10886658902678326
5868.622663746435,3.1424951553344727,3.2528370921216267,0.1103419367871541
5872.648895280401,3.141263961791992,3.252793995706887,0.11153003391489502
5875.665997881766,3.140648603439331,3.2527683298138745,0.11211972637454348
5879.686346847671,3.1394174098968506,3.252740667842939,0.11332325794608833
5883.700458697689,3.0597035884857178,3.237631152733626,0.17792756424790834
5886.708608677958,3.057241201400757,3.237529544847918,0.18028834344716138
5890.724863983183,3.054779052734375,3.237428233915199,0.18264918118082418
5894.741957730479,3.2880730628967285,3.284799743693756,-0.00327331920297258
5897.763129355102,3.292074203491211,3.2851358985272316,-0.0069383049639792915
5901.775701366614,3.140956163406372,3.2528995387080992,0.11194337530172715
5905.802591181542,3.1394174098968506,3.252806405452726,0.11338899555587556
5908.816676854311,3.1384940147399902,3.2527652184285394,0.11427120368854915
5912.825201015339,3.137263059616089,3.2527254473444946,0.11546238772840578
5916.840056992318,3.1363396644592285,3.2526961030281427,0.1163564385689142
5919.849205172903,3.1360318660736084,3.252684738658448,0.1166528725848397
5923.866467917473,3.135108470916748,3.25266569114135,0.1175572202246018
5927.8816360967085,3.134492874145508,3.2526440608271403,0.11815118668163249
5930.896871643883,3.134492874145508,3.252640367413859,0.11814749326835106
5934.901072323335,3.1335697174072266,3.252622958627619,0.11905324122039262
5938.91714053818,3.1335697174072266,3.252613221528798,0.11904350412157161
5942.929378404735,3.1332619190216064,3.252610879201768,0.11934896018016161
5945.946544909397,3.055086851119995,3.237536789459022,0.182449938339027
5949.9587546738985,3.052316904067993,3.2374114641267875,0.18509456005879432
5953.964911333218,3.0498547554016113,3.237327443727552,0.18747268832594077
5956.979056674727,3.2788398265838623,3.2846406987414776,0.005800872157615267
5960.989219223931,3.286226511001587,3.2850932068338934,-0.0011333041676935274
5965.004462855255,3.21451473236084,3.269104003832119,0.05458927147127923
5968.018612431315,3.21482253074646,3.2691373759987483,0.05431484525228836
5972.028900477357,3.2160534858703613,3.2691796791017187,0.053126193231357366
5976.043036579835,3.2169768810272217,3.2692148631950038,0.05223798216778208
5979.049186694838,3.217592477798462,3.2692365026524883,0.051644024854026416
5983.0705473346425,3.1394174098968506,3.252976825249587,0.11355941535273661
5987.090681493073,3.13787841796875,3.2528583360368293,0.11497991806807928
5990.108751882941,3.1366474628448486,3.252804289971758,0.11615682712690933
5994.132290624315,3.1357240676879883,3.252743183929428,0.11701911624143957
5998.147160459843,3.134492874145508,3.2526973121547758,0.11820443800926794
6001.168269336049,3.1338775157928467,3.2526698992251624,0.11879238343231568
6005.191557468705,3.1332619190216064,3.252646556962524,0.11938463794091758
6009.21471163541,3.132338523864746,3.2526046145787753,0.12026609071402916
6013.243871172304,3.131722927093506,3.252597825985637,0.1208748988921311
6016.259016638927,2.602041006088257,3.1777519767950935,0.5757109707068366
6020.2763633046925,2.5761878490448,3.17707873025726,0.60089088121246
6024.299433935161,2.7891685962677,3.201007585712489,0.4118389894447887
6027.320570913418,2.78886079788208,3.2009192820211774,0.4120584841390973
6031.346945267411,2.7848596572875977,3.200799021750991,0.4159393644633935
6035.369975092157,2.7811665534973145,3.2006857899119567,0.4195192364146423
6038.37413265613,2.7790119647979736,3.2006100707085645,0.4215981059105909
6042.4027182182235,2.7753186225891113,3.2005055871637715,0.4251869645746602
6046.427680925257,2.7725486755371094,3.2004100094932424,0.427861333956133
6049.431681040747,3.312695026397705,3.2972585801274255,-0.015436446270279625
6053.458043076027,3.3283917903900146,3.2985534666524456,-0.029838323737569006
6057.485078790656,3.0298492908477783,3.2368109090552526,0.20696161820747427
6060.5002154032045,3.0273871421813965,3.236754820024788,0.2093676778433915
6064.5194845573515,3.025540351867676,3.2367184950557717,0.2111781431880959
6068.539637578802,3.0246169567108154,3.2366975988577162,0.2120806421469008
6072.563840760495,3.0240015983581543,3.2366766426665636,0.21267504430840933
6075.583011364979,3.023693799972534,3.2366720331310934,0.21297823315855924
6079.606183624786,3.023078203201294,3.23665927741029,0.21358107420899586
6083.623522591364,3.023078203201294,3.2366468591053508,0.21356865590405683
6086.629554138804,3.022770404815674,3.236637614915885,0.21386721010021104
6090.6517101051995,3.492743968963623,3.3244280597303746,-0.16831590923324846
6094.675948703174,3.507517099380493,3.3256205713021387,-0.18189652807835444
6097.692123166878,3.206820249557495,3.269360063900736,0.06253981434324096
6101.71235549001,3.2055890560150146,3.2692162383086156,0.06362718229360098
6105.722656239721,3.2058968544006348,3.2691487187690482,0.06325186436841346
6108.738679414291,3.206204652786255,3.2691186534962267,0.06291400070997177
6112.757970896097,3.2071280479431152,3.2690922234143045,0.061964175471189264
6116.779038966582,3.2074358463287354,3.269075035363493,0.061639189034757624
6119.798166840548,3.2074358463287354,3.2690660544888352,0.0616302081600999
6123.817571500482,3.2080514430999756,3.269051198878495,0.06099975577851957
6127.829592634767,3.208667039871216,3.2690521925415545,0.060385152670338726
6130.843741055953,3.209282398223877,3.269049588170038,0.059767189946160926
6134.860321267102,3.209590196609497,3.269047468384519,0.059457271775022136
6138.139796433608,3.209897994995117,3.2690466423055566,0.05914864731043945
6142.16681867465,3.2102057933807373,3.269039961078693,0.058834167697955575
6145.190975661186,3.2105135917663574,3.269040201318139,0.05852660955178157
6149.212169998431,3.2111291885375977,3.2690409555143347,0.057911766976737056
6153.235366125738,3.1360318660736084,3.252738741975164,0.11670687590155548
6156.24171641975,3.132646322250366,3.25263981344236,0.11999349119199376
6160.259730605512,3.1304919719696045,3.252550087805562,0.12205811583595771
6164.280923017959,3.128645181655884,3.252473751974758,0.1238285703188744
6167.297267633814,3.1274142265319824,3.2524327390671104,0.12501851253512797
6171.313325839714,3.125875234603882,3.252389178322658,0.1265139437187761
6175.335480266267,3.1246440410614014,3.2523489558667427,0.1277049148053413
6178.340974410066,3.1240286827087402,3.252340496095495,0.1283118133867549
6182.356067137218,3.0452380180358887,3.2372223798676347,0.19198436183174605
6186.373457688387,3.0412368774414062,3.2370813043616273,0.19584442692022108
6189.388512689491,3.0387747287750244,3.237015778712797,0.19824104993777247
6193.415389415795,3.264066457748413,3.2844141407275806,0.02034768297916756
6197.4298561985925,3.2732999324798584,3.284838493898636,0.011538561418777515
6201.459868421058,3.2022037506103516,3.2688214547457144,0.06661770413536283
6204.469044318739,3.2025113105773926,3.2688404070420214,0.06632909646462881
6208.479300798086,3.2028191089630127,3.268881067337051,0.06606195837403828
6212.505510004399,3.203742504119873,3.268910384022222,0.06516787990234896
6215.522595667539,3.2046658992767334,3.2689286184676942,0.06426271919096083
6219.547927935819,3.1271064281463623,3.252659080721548,0.12555265257518577
6223.566896821454,3.1243364810943604,3.252537125168295,0.12820064407393472
6226.581045242643,3.1234130859375,3.252474820583946,0.129061734646446
6230.608257268779,3.1218740940093994,3.252411222051066,0.1305371280416665
6234.637408721519,3.120950937271118,3.252369402769774,0.13141846549865566
6237.653610517356,3.120027542114258,3.2523408481438643,0.13231330602960645
6241.679776993147,3.0421602725982666,3.2372125161165526,0.19505224351828598
6245.686967269068,3.037851333618164,3.2370772490650728,0.1992259154469087
6248.699145466879,3.0353891849517822,3.236991779913215,0.20160259496143285
6252.719484423831,3.0326192378997803,3.236901178973124,0.20428194107334363
6256.742533111599,3.2686831951141357,3.2843088034169075,0.01562560830277171
6259.758704110667,3.2729921340942383,3.2846565656084605,0.011664431514222251
6263.778890238647,3.120027542114258,3.252425452816769,0.13239791070251128
6267.8011378254305,3.117873191833496,3.2523440301349913,0.1344708383014952
6271.821328572927,3.1163341999053955,3.2522892432157238,0.13595504331032826
6274.846441799176,3.1157186031341553,3.252269045366339,0.13655044223218393
6278.8596447595155,3.114795446395874,3.252235861099291,0.13744041470341717
6282.879871693214,3.1138720512390137,3.252214681795927,0.13834263055691354
6285.886202354286,3.1132564544677734,3.2522016058547085,0.13894515138693508
6289.913248077866,3.112640857696533,3.252186803282256,0.13954594558572264
6293.935403659303,3.111717462539673,3.25218054554352,0.14046308300384736
6296.943696074635,3.111409902572632,3.2521662956220885,0.14075639304945664
6300.971787348562,3.1111021041870117,3.252162770742557,0.1410606665555454
6304.989952438498,3.1107943058013916,3.2521480319055174,0.14135372610412578
6308.002102534254,3.03169584274292,3.237068001558086,0.20537215881516602
6312.019473067523,3.028618097305298,3.2369362884026174,0.20831819109731953
6316.034542697094,3.026155948638916,3.2368408188161615,0.21068487017724546
6319.052864080639,3.2591421604156494,3.2842073770879967,0.02506521667234729
6323.076167611678,3.2656054496765137,3.284657056477835,0.01905160680132134
6327.09605231627,3.192354917526245,3.268664226182201,0.07630930865595609
6330.116175695835,3.1929702758789062,3.268691692106072,0.07572141622716577
6334.128390849766,3.1942014694213867,3.2687409056838783,0.0745394362624916
6338.147593790858,3.195124864578247,3.2687765352565368,0.0736516706782897
6342.170960070323,3.1184885501861572,3.2525161821531983,0.13402763196704104
6345.19704531963,3.1163341999053955,3.2524219691129437,0.13608776920754817
6349.211159864371,3.114487648010254,3.2523386416229374,0.1378509936126835
6353.22743056798,3.1132564544677734,3.2522780097064485,0.1390215552386751
6356.238544737378,3.112640857696533,3.2522488392839772,0.13960798158744403
6360.264800908764,3.1111021041870117,3.252204888701925,0.1411027845149131
6364.284220582127,3.1104865074157715,3.2521813680164775,0.14169486060070602
6367.299170104294,3.1098709106445312,3.2521692428808655,0.14229833223633426
6371.320314396786,3.108947515487671,3.2521365889761906,0.14318907348851972
6375.342551974623,3.1080243587493896,3.252119739837595,0.14409538108820552
6378.360861039457,2.5663390159606934,3.177239240109987,0.6109002241492938
6382.373112764559,2.54541015625,3.176487908659276,0.6310777524092761
6386.390237308622,2.7639310359954834,3.200364994680103,0.43643395868461976
6389.410211708806,2.7617766857147217,3.2002498952084686,0.4384732094937469
6393.419347570683,2.7580833435058594,3.2001023387464285,0.4420189952405691
6397.443576544671,2.754390001296997,3.199956658827441,0.4455666575304438
6401.467884050418,2.751004457473755,3.1998179829463274,0.44881352547257247
6404.488977143283,2.748542308807373,3.199717751281414,0.45117544247404107
6408.508138508732,2.745772361755371,3.199584390300126,0.4538120285447551
6412.531334636038,3.300384044647217,3.2969066043570647,-0.0034774402901520673
6415.534865100783,3.3108484745025635,3.2979084358074537,-0.012940038695109735
6419.550627272727,3.0070738792419434,3.2361111691533724,0.22903728991142902
6423.58297466029,3.0039961338043213,3.236050352807627,0.23205421900330592
6426.594315570916,3.003072738647461,3.236032792395707,0.23296005374824613
6430.616229782663,3.0021493434906006,3.2360181172656377,0.23386877377503712
6434.631849519541,3.0018415451049805,3.236006679912187,0.2341651348072067
6437.638212902182,3.0015339851379395,3.235998367970512,0.23446438283257276
6441.650758351479,3.0012261867523193,3.2359867876710355,0.2347606009187162
6445.6761883995005,3.000918388366699,3.2359688014610613,0.23505041309436203
6448.699336791813,3.000610589981079,3.2359644598483865,0.23535386986730744
6452.718580153667,3.478893995285034,3.3239794827266715,-0.15491451255836264
6456.730803776714,3.4939749240875244,3.3251904764358784,-0.16878444765164602
6459.746989019286,3.188969373703003,3.2688579907969895,0.07988861709398654
6463.758088175262,3.1883537769317627,3.268722691388222,0.08036891445645944
6467.784106056637,3.1883537769317627,3.2686572999641728,0.08030352303241006
6471.802282310402,3.189276933670044,3.2686284438254494,0.07935151015540542
6474.818610757957,3.189276933670044,3.2686053050476627,0.07932837137761872
6478.831843360187,3.1902003288269043,3.2685906854985927,0.07839035667168837
6482.865793334682,3.1902003288269043,3.2685815818117723,0.07838125298486798
6485.888981377839,3.1905081272125244,3.2685773224096417,0.0780691951971173
6489.913169546102,3.1914315223693848,3.268573963964455,0.07714244159507011
6493.928588719018,3.192047119140625,3.268579035097766,0.07653191595714093
6496.951741345887,3.192047119140625,3.2685725046247764,0.07652538548415144
6500.160238425875,3.192354917526245,3.2685730037019933,0.07621808617574821
6504.187533988255,3.192662477493286,3.2685743126222038,0.07591183512891764
6507.200581809862,3.1932780742645264,3.2685756710601117,0.07529759679558534
6511.215766157407,3.1932780742645264,3.268571350399264,0.07529327613473757
6515.232120012295,3.1163341999053955,3.252249075148899,0.13591487524350354
6518.241126142775,3.1135642528533936,3.2521455118103413,0.13858125895694773
6522.260288278147,3.111409902572632,3.252051006418732,0.14064110384610018
6526.283520976618,3.109255313873291,3.251977021471908,0.1427217075986169
6530.298722647343,3.106793165206909,3.2519147386134084,0.14512157340649923
6533.310888141486,3.106177568435669,3.2518873258106193,0.1457097573749504
6537.317184926111,3.1043310165405273,3.2518510326791943,0.14752001613866694
6541.325271388043,3.103099822998047,3.2518158300885918,0.1487160070905449
6544.339422888905,3.023386001586914,3.236692987442259,0.21330698585534513
6548.365630170414,3.0193848609924316,3.2365460711813894,0.21716121018895773
6552.392817559139,3.0159993171691895,3.2364337504346747,0.22043443326548529
6555.404991137435,3.2471389770507812,3.2838801996625895,0.03674122261180823
6559.431216897008,3.255141019821167,3.284338485359066,0.029197465537898815
6563.446342730687,3.1828136444091797,3.2683211685718385,0.08550752416265883
6566.463617024045,3.18342924118042,3.2683474286677847,0.0849181874873648
6570.484897592245,3.1849682331085205,3.2683892126757077,0.08342097956718719
6574.509948070079,3.1852760314941406,3.2684177427894987,0.08314171129535808
6577.526209534655,3.186199188232422,3.268445826050833,0.08224663781841102
6581.553249483841,3.1071009635925293,3.252154405710198,0.14505344211766857
6585.568613607527,3.1049466133117676,3.2520293488213046,0.147082735509537
6588.584776137483,3.103407621383667,3.2519711387906574,0.14856351740699036
6592.614835709985,3.1021764278411865,3.2518989559166505,0.14972252807546393
6596.624309566414,3.100945472717285,3.2518490415481835,0.1509035688308984
6600.641250099774,3.0997142791748047,3.2518162456956983,0.15210196652089358
6603.648385326469,3.0212314128875732,3.2366853771888175,0.2154539643012443
6607.670726458442,3.01692271232605,3.236527274666196,0.21960456234014636
6611.689829310031,3.0135371685028076,3.236410577486301,0.22287340898349317
6614.697936174827,3.2422144412994385,3.283859460072133,0.04164501877269444
6618.7142657772565,3.251755475997925,3.284313145721775,0.032557669723850324
6622.730336686818,3.1040232181549072,3.251979341886259,0.14795612373135159
6625.744491267358,3.100637674331665,3.251899111587552,0.15126143725588692
6629.772823526013,3.0990986824035645,3.251835505811936,0.1527368234083717
6633.793887746902,3.097559928894043,3.2517874637594533,0.1542275348654103
6636.813001377361,3.0966365337371826,3.2517596612037205,0.1551231274665379
6640.8374047380585,3.0960209369659424,3.251729953771993,0.15570901680605065
6644.851449605103,3.095097780227661,3.251700017945953,0.15660223771829207
6647.865611499874,3.094789981842041,3.2516911989830364,0.15690121714099536
6651.879965874459,3.0938665866851807,3.2516679740562,0.15780138737101934
6655.902118376214,3.0932509899139404,3.2516533783669255,0.15840238845298504
6658.915278221077,3.0929431915283203,3.251649921851818,0.1587067303234977
6662.923340430552,3.092020034790039,3.251632272235295,0.159612237445256
6666.931543920211,3.014460563659668,3.236495649942799,0.22203508628313084
6670.957972168551,3.0104594230651855,3.2363615469815956,0.22590212391641007
6673.9710222999165,3.0079972743988037,3.2362814639266695,0.22828418952786578
6677.997149124867,3.0052270889282227,3.236189098282816,0.23096200935459343
6682.018373103998,3.2443687915802,3.2837239855851417,0.039355194004941474
6685.04251584703,3.249293327331543,3.284089121692255,0.03479579436071223
6689.069707855271,3.175119400024414,3.2680965042720476,0.0929771042476335
6693.08092403897,3.1766581535339355,3.2681671424308494,0.09150898889691383
6696.0960079120505,3.177889347076416,3.2682165599118957,0.09032721283547973
6700.124192346208,3.1788127422332764,3.2682577529454067,0.08944501071213029
6704.143389127945,3.100945472717285,3.251970400998295,0.15102492828100988
6707.147717998954,3.0990986824035645,3.2518822511034653,0.15278356869990084
6711.164746688071,3.0969443321228027,3.251797891919389,0.1548535597965861
6715.190919323217,3.095405340194702,3.251736178241286,0.15633083804658376
6718.20904476231,3.094174385070801,3.2517061982482813,0.15753181317748055
6722.224455466114,3.0929431915283203,3.2516612723623237,0.1587180808340034
6726.235486869195,3.091712236404419,3.251636650249977,0.159924413845558
6730.256703149138,3.0907888412475586,3.251605439658856,0.16081659841129747
6733.280050565578,3.0904810428619385,3.2515957098118573,0.16111466694991883
6737.299023685771,3.089557647705078,3.2515714225885644,0.16201377488348623
6741.309231275251,2.528482675552368,3.1764682185643527,0.6479855430119845
6744.315525750117,2.5097081661224365,3.1758134098221866,0.6661052436997501
6748.330607698399,2.7269978523254395,3.1996005554994156,0.4726027031739761
6752.35507650223,2.7186880111694336,3.199384319622796,0.4806963084533624
6755.362139356515,2.7122247219085693,3.1992300234201947,0.48700530151162535
6759.3741666501555,2.702991485595703,3.1990267804172277,0.49603529482152453
6763.39135894711,2.693450450897217,3.1988313966069306,0.5053809457097138
6766.405660967186,2.6863715648651123,3.1986890253306743,0.512317460465562
6770.435712070579,3.21513032913208,3.296354876113204,0.08122454698112413
6774.446930948994,3.244061231613159,3.297681350123412,0.05362011851025272
6777.470331489867,3.2572953701019287,3.298390101268393,0.04109473116646445
6781.493306650347,2.946442127227783,3.2359500945590076,0.2895079673312244
6785.509468795341,2.9421331882476807,3.235759368498104,0.2936261802504232
6788.52671036713,2.939671039581299,3.235665028222528,0.29599398864122906
6792.549817183804,2.9365932941436768,3.2355711409093613,0.2989778467656845
6796.558355203379,2.9335155487060547,3.235499431108516,0.3019838824024612
6800.580236308597,2.9304375648498535,3.23544116021578,0.30500359536592647
6803.6033943249,2.9279754161834717,3.235403627604554,0.30742821142108223
6807.609837779142,2.9242820739746094,3.2353597076132887,0.31107763363867935
6811.628947175044,3.394871234893799,3.323627362216348,-0.07124387267745069
6814.639110109209,3.4142611026763916,3.324594001791946,-0.08966710088444563
6818.663258241671,3.126183032989502,3.2683312299264786,0.14214819693697667
6822.687325917575,3.1221818923950195,3.268202340957707,0.14602044856268748
6825.698580982198,3.1224896907806396,3.268157945376539,0.14566825459589916
6829.714944846039,3.1227974891662598,3.268130908016156,0.14533341884989603
6833.740984285154,3.1240286827087402,3.2681125968223355,0.14408391411359522
6836.76103837198,3.1240286827087402,3.2680978531237823,0.14406917041504208
6840.787229485186,3.1252596378326416,3.26809145714274,0.14283181931009858
6844.81840313085,3.126183032989502,3.2680886295894824,0.14190559659998048
6847.83662634969,3.126183032989502,3.26808811560723,0.14190508261772816
6851.849775800643,3.126798629760742,3.268088951677333,0.14129032191659086
6855.868999144595,3.1274142265319824,3.268084516900337,0.14067029036835477
6858.147615984655,3.1277220249176025,3.2680860299233103,0.14036400500570778
6862.175062429318,3.128645181655884,3.268102170226134,0.13945698857025013
6866.206182565595,3.128645181655884,3.268092938394673,0.13944775673878906
6870.218406188638,3.129568576812744,3.268109736713417,0.13854115990067273
6873.233266015217,3.1298763751983643,3.2681128227301888,0.1382364475318245
6877.244591527455,3.0510857105255127,3.251746207805258,0.20066049727974544
6881.262997987076,3.0467770099639893,3.25160549675455,0.20482848679056076
6884.279912728143,3.044006824493408,3.251528169783399,0.20752134528999067
6888.295346529523,3.040929079055786,3.251448399777191,0.21051932072140467
6892.30256952701,3.037851333618164,3.2513873533614053,0.2135360197432412
6895.3096627931045,3.0360047817230225,3.251350477698835,0.21534569597581266
6899.329694552274,3.0329270362854004,3.2513161732878464,0.218389137002446
6903.349080349186,2.954136371612549,3.2361236739170787,0.28198730230452984
6906.358900669282,2.9476730823516846,3.2359948742379525,0.28832179188626794
6910.373255813787,2.9409019947052,3.2358611881513353,0.2949591934461351
6914.393570903243,2.934130907058716,3.235760968172503,0.3016300611137872
6917.416603807667,3.1705026626586914,3.2833303773702,0.11282771471150843
6921.433795334702,3.1791205406188965,3.2838210670500216,0.10470052643112515
6925.456906770893,3.1055619716644287,3.267781445293666,0.1622194736292375
6929.470257170766,3.106177568435669,3.2678356085960427,0.16165804016037377
6932.497354478939,3.106793165206909,3.2678733653882444,0.16108020018133518
6936.516547796038,3.1080243587493896,3.267915648444081,0.15989128969469135
6940.543701308316,3.0298492908477783,3.2515897418183504,0.22174045097057205
6943.561335923885,3.0267715454101562,3.251494167843818,0.2247226224336618
6947.586344826075,3.022770404815674,3.251395833667095,0.22862542885142112
6951.607467560829,3.020000457763672,3.2513403778697043,0.23133992010603244
6954.625535640938,3.01753830909729,3.2512941553948487,0.23375584629755863
6958.656853646462,3.014768123626709,3.2512506999709463,0.2364825763442373
6962.680985225665,3.012305974960327,3.2512159164777303,0.2389099415174032
6965.700270548115,2.9295144081115723,3.2360551346061053,0.306540726494533
6969.72535952191,2.9218199253082275,3.2358842814673663,0.31406435615913875
6973.743163519715,2.914741039276123,3.2357558919909923,0.3210148527148693
6976.766695716775,3.148958444595337,3.2833425813750803,0.13438413677974337
6980.785880179805,3.1584994792938232,3.2838193300596124,0.1253198507657891
6984.801026801302,3.006458282470703,3.2514088379981256,0.2449505555274225
6987.813228096693,3.002764940261841,3.251330750500798,0.24856581023895696
6991.8393075716085,2.9996871948242188,3.251256608629127,0.25156941380490805
6995.869654708951,2.9963016510009766,3.251192405558614,0.2548907545576373
6999.890712770486,2.9935317039489746,3.251165675499946,0.25763397155097145
7002.906016840474,2.991992712020874,3.2511357305600552,0.2591430185391812
7006.9290628335275,2.988914966583252,3.2511091980069255,0.2621942314236736
7010.94934674125,2.9867606163024902,3.2510995504671376,0.2643389341646474
7013.972624479999,2.9846062660217285,3.2510728748585187,0.2664666088367902
7017.984597879287,2.9821438789367676,3.2510621972343414,0.26891831829757384
7022.00586535886,2.9793739318847656,3.251041109831876,0.27166717794711026
7025.019141076571,2.977219581604004,3.251037111500543,0.2738175298965393
7029.039198243074,2.894735813140869,3.2358557836146824,0.34111997047381326
7033.056549528359,2.886117935180664,3.2356984801684208,0.3495805449877567
7036.075618503499,2.88057804107666,3.2356062703573647,0.35502822928070454
7040.092693772731,3.1101787090301514,3.283277701608284,0.17309899257813255
7044.11021482521,3.1221818923950195,3.2837446803304218,0.16156278793540224
7047.12630921731,3.1280295848846436,3.2839912150846358,0.1559616301999922
7051.154261135853,3.051701307296753,3.2678322817069008,0.21613097441014784
7055.168619360034,3.0526247024536133,3.2678374570752733,0.21521275462166
7059.19167844171,3.0541634559631348,3.2678582055365224,0.21369474957338763
7062.208991231035,3.055086851119995,3.267876105922586,0.21278925480259092
7066.236015396877,2.9738340377807617,3.251512638042752,0.2776786002619902
7070.247202708606,2.969525098800659,3.2513696617520584,0.28184456295139926
7073.260395659994,2.9667551517486572,3.2512945067115426,0.2845393549628854
7077.275643140914,2.963369607925415,3.2512168629101987,0.2878472549847837
7081.292778848809,2.960291862487793,3.2511633952100274,0.2908715327222344
7084.311944833777,2.957829713821411,3.251120937655643,0.293291223834232
7088.339179957493,2.9538285732269287,3.251087092957901,0.2972585197309723
7092.356306811314,2.951366424560547,3.2510545529489843,0.2996881283884374
7095.363484383566,2.948596477508545,3.25102767996765,0.30243120245910493
7099.373054479898,2.404448986053467,3.175762440070104,0.7713134540166373
7103.386001827046,2.345048189163208,3.174764147174203,0.8297159580109952
7106.400231474714,2.3093461990356445,3.174101371719964,0.8647551726843195
7110.416435195351,2.5207881927490234,3.1978977881209936,0.6771095953719701
7114.450549162646,2.4986283779144287,3.197726822789245,0.6990984448748163
7117.473704099273,2.4804694652557373,3.1975763091317515,0.7171068438760142
7121.492893951734,2.4546163082122803,3.1973628215521974,0.7427465133399171
7125.50212990312,2.4266088008880615,3.1971401202395517,0.7705313193514902
7129.52116500181,2.3955235481262207,3.196909673558111,0.8013861254318901
7132.537597773422,2.9584453105926514,3.2949524135911075,0.3365071029984561
7136.55787667667,2.9935317039489746,3.2965805720359915,0.3030488680870169
7140.573754721465,2.6876025199890137,3.234314300119078,0.5467117801300643
7143.581131702802,2.6752915382385254,3.234248178030935,0.5589566397924095
7147.601272020587,2.662364959716797,3.2341953624555546,0.5718304027387577
7151.624256420098,2.6494383811950684,3.2341547756521134,0.584716394457045
7154.642593202028,2.639897346496582,3.234132949691773,0.594235603195191
7158.6747642780865,2.6263551712036133,3.234105763360831,0.6077505921572177
7162.698890082891,2.6121976375579834,3.234084789865933,0.6218871523079494
7165.7149898644275,2.6008098125457764,3.2340591048874723,0.6332492923416959
7169.734401068679,2.584805488586426,3.2340316947621393,0.6492262061757135
7173.76143177883,3.1055619716644287,3.322809886808827,0.21724791514439845
7176.783488810601,3.141263961791992,3.323894508723919,0.18263054693192693
7180.810848276278,2.8448760509490967,3.2674967609241348,0.4226207099750381
7184.840947884581,2.8417983055114746,3.267381001509362,0.42558269599788723
7187.860092311808,2.8417983055114746,3.267346851820078,0.4255485463086033
7191.8713073406325,2.842413902282715,3.2673265895046186,0.4249126872219038
7195.889509001734,2.843337059020996,3.2673207208201003,0.4239836617991042
7199.902743913721,2.8448760509490967,3.267322101408033,0.42244605045893646
7202.914156426834,2.845491647720337,3.267325860241786,0.4218342125214489
7206.943051881422,2.846414804458618,3.267333057347588,0.42091825288896967
7210.964251223142,2.8479537963867188,3.2673417623090373,0.41938796592231853
7213.98142427212,2.848569393157959,3.267348882331392,0.4187794891734331
7217.989601199564,2.849184989929199,3.2673652721564954,0.4181802822272962
7221.1727048846515,2.8501081466674805,3.2673668236036217,0.41725867693614127
7224.190823779432,2.851031541824341,3.2673744163327663,0.41634287450842544
7228.2111977677105,2.851647138595581,3.267384458360731,0.41573731976514994
7232.235228487489,2.8528780937194824,3.2673943290605845,0.41451623534110205
7235.253383183515,2.8534936904907227,3.267401570533891,0.41390788004316814
7239.261801865605,2.765777587890625,3.2509739347572792,0.48519634686665425
7243.2799199904675,2.756852149963379,3.2508190418876386,0.4939668919242597
7246.294037999838,2.751004457473755,3.250739430777828,0.499734973304073
7250.325314814685,2.74269437789917,3.250649821171841,0.507955443272671
7254.357410438657,2.734384536743164,3.2505742815486203,0.5161897448054562
7258.373688841459,2.7266900539398193,3.250519525120478,0.5238294711806586
7261.379650711211,2.720534563064575,3.250491836916619,0.5299572738520437
7265.393914620279,2.6275863647460938,3.235228072752169,0.6076417080060752
7269.419164892157,2.605734348297119,3.2350322316195164,0.6292978833223972
7272.431433170523,2.5894222259521484,3.234915748569631,0.6454935226174827
7276.43743815575,2.8131752014160156,3.282760600318727,0.4695853989027112
7280.456731562355,2.8393361568450928,3.283249668179682,0.4439135113345891
7283.465769259525,2.851647138595581,3.283507748356914,0.4318606097613329
7287.487995673531,2.7734720706939697,3.26730796337135,0.49383589267738026
7291.500191194527,2.775010824203491,3.2673124022565183,0.4923015780530271
7294.517299570285,2.7759342193603516,3.2673169820563266,0.49138276269597503
7298.526542065978,2.7777810096740723,3.2673398273180254,0.48955881764395315
7302.5498883275395,2.6891415119171143,3.250922161212699,0.5617806492955846
7305.570063676647,2.6805238723754883,3.2508100555096986,0.5702861831342103
7309.587089286088,2.6697516441345215,3.250687840551822,0.5809361964173005
7313.598281602295,2.6586716175079346,3.2506073494763714,0.5919357319684369
7316.614511115222,2.6503617763519287,3.250555353388785,0.6001935770368565
7320.636638594602,2.6386663913726807,3.2504986012877697,0.611832209915089
7324.660846010851,2.542024612426758,3.2352216884919573,0.6931970760651995
7328.678034843173,2.508169412612915,3.235025598621605,0.72685618600869
7331.698157837773,2.4817006587982178,3.234905344915238,0.7532046861170203
7335.712279696743,2.441997528076172,3.2347661019037233,0.7927685738275514
7339.724596864979,2.7325379848480225,3.2826361777301214,0.5500981928820989
7342.735905438993,2.7519278526306152,3.2830317603496315,0.5311039077190163
7346.760011995819,2.5755722522735596,3.2505404537775258,0.6749682015039662
7350.775118966474,2.5552589893341064,3.250438542589828,0.6951795532557217
7353.783317066698,2.5404858589172363,3.25039441239776,0.7099085534805236
7357.801516803003,2.519556999206543,3.250337660259007,0.7307806610524641
7361.822700746334,2.496474027633667,3.2502987700592296,0.7538247424255626
7364.842053436723,2.4773917198181152,3.2502808395475213,0.7728891197294061
7368.851029155394,2.448460817337036,3.2502534848085385,0.8017926674715024
7372.880249900867,2.4099888801574707,3.250229909185448,0.8402410290279771
7375.896580273218,2.3690547943115234,3.2502079583851886,0.8811531640736652
7379.922580446451,2.285032033920288,3.2501950731639253,0.9651630392436372
7383.927798189241,2.148071765899658,3.250171604045204,1.1020998381455458
7387.429972633699,1.9991083145141602,3.250163763479441,1.251055448965281
